{
    "empresa_nit": "987654321",
    "empresa_ciudad": "BARRANQUILLA",
    "empresa_sede": "terminal",
    "empresa_nombre": "FrutiBarato",
    "fecha_hora": "2022-01-05 17:09:38",
    "factura_num": "01217",
    "ciente_numero": 33061773,
    "pago_tipo": "EFECTIVO",
    "productos": [
        {
            "codigo": "NIOrNcLD8L",
            "total": 15,
            "valor_unitario": 395013,
            "descuento": 0.42,
            "IVA": 5
        },
        {
            "codigo": "wbq1tve17J",
            "total": 7,
            "valor_unitario": 907642,
            "descuento": 0.1,
            "IVA": 0
        },
        {
            "codigo": "ZJ6d5StrE6",
            "total": 16,
            "valor_unitario": 928373,
            "descuento": 0.41,
            "IVA": 0
        },
        {
            "codigo": "C3QJNW5lUo",
            "total": 15,
            "valor_unitario": 819945,
            "descuento": 0.38,
            "IVA": 0
        },
        {
            "codigo": "6bWHOyzY7T",
            "total": 2,
            "valor_unitario": 303522,
            "descuento": 0.18,
            "IVA": 5
        },
        {
            "codigo": "jediBFLEXF",
            "total": 2,
            "valor_unitario": 653734,
            "descuento": 0.22,
            "IVA": 19
        },
        {
            "codigo": "VlmNzDYQ9m",
            "total": 15,
            "valor_unitario": 213388,
            "descuento": 0.46,
            "IVA": 19
        },
        {
            "codigo": "KRq1t5YfdH",
            "total": 12,
            "valor_unitario": 571278,
            "descuento": 0.15,
            "IVA": 5
        },
        {
            "codigo": "S13emUzTba",
            "total": 14,
            "valor_unitario": 712128,
            "descuento": 0.03,
            "IVA": 19
        },
        {
            "codigo": "fHHLxes8oG",
            "total": 15,
            "valor_unitario": 524727,
            "descuento": 0.39,
            "IVA": 5
        },
        {
            "codigo": "1xTPZBgmZg",
            "total": 19,
            "valor_unitario": 715453,
            "descuento": 0.22,
            "IVA": 19
        }
    ]
}