{
    "empresa_nit": "987654321",
    "empresa_ciudad": "CALI",
    "empresa_sede": "autopista",
    "empresa_nombre": "FrutiBarato",
    "fecha_hora": "2024-08-24 21:26:58",
    "factura_num": "01055",
    "ciente_numero": 349064125,
    "pago_tipo": "TAR.CREDITO",
    "productos": [
        {
            "codigo": "PLRR0Jsc9q",
            "total": 19,
            "valor_unitario": 769536,
            "descuento": 0.13,
            "IVA": 0
        },
        {
            "codigo": "gSceRUupdp",
            "total": 19,
            "valor_unitario": 116818,
            "descuento": 0.1,
            "IVA": 0
        },
        {
            "codigo": "O7hIP2rntc",
            "total": 18,
            "valor_unitario": 902050,
            "descuento": 0.27,
            "IVA": 19
        },
        {
            "codigo": "4WFfjxkPR1",
            "total": 12,
            "valor_unitario": 288133,
            "descuento": 0.29,
            "IVA": 0
        },
        {
            "codigo": "JfOf7oNZEQ",
            "total": 14,
            "valor_unitario": 224049,
            "descuento": 0.23,
            "IVA": 5
        },
        {
            "codigo": "3Kz91Bo54r",
            "total": 11,
            "valor_unitario": 338458,
            "descuento": 0.36,
            "IVA": 19
        },
        {
            "codigo": "kKTU9SX9KY",
            "total": 19,
            "valor_unitario": 675951,
            "descuento": 0.39,
            "IVA": 5
        },
        {
            "codigo": "nJa261FP9I",
            "total": 20,
            "valor_unitario": 374712,
            "descuento": 0.06,
            "IVA": 19
        },
        {
            "codigo": "kmZPG9nauH",
            "total": 16,
            "valor_unitario": 147622,
            "descuento": 0.11,
            "IVA": 0
        },
        {
            "codigo": "H2640kJift",
            "total": 3,
            "valor_unitario": 712943,
            "descuento": 0.22,
            "IVA": 5
        },
        {
            "codigo": "uhujM5Qfu6",
            "total": 18,
            "valor_unitario": 194865,
            "descuento": 0.38,
            "IVA": 19
        },
        {
            "codigo": "9VNwsAFGnX",
            "total": 4,
            "valor_unitario": 315492,
            "descuento": 0.16,
            "IVA": 0
        },
        {
            "codigo": "zQuf6Er7Dz",
            "total": 8,
            "valor_unitario": 163018,
            "descuento": 0.5,
            "IVA": 5
        },
        {
            "codigo": "hx7tCIIZHs",
            "total": 19,
            "valor_unitario": 762583,
            "descuento": 0.18,
            "IVA": 19
        },
        {
            "codigo": "zKK2RJp50q",
            "total": 6,
            "valor_unitario": 27708,
            "descuento": 0.14,
            "IVA": 0
        },
        {
            "codigo": "G6BvNLi6QX",
            "total": 7,
            "valor_unitario": 376821,
            "descuento": 0.24,
            "IVA": 5
        },
        {
            "codigo": "wDpi35vI1E",
            "total": 9,
            "valor_unitario": 285520,
            "descuento": 0.2,
            "IVA": 0
        },
        {
            "codigo": "MFdIIVltQh",
            "total": 7,
            "valor_unitario": 836842,
            "descuento": 0.31,
            "IVA": 19
        },
        {
            "codigo": "5PZZyL54dC",
            "total": 11,
            "valor_unitario": 58275,
            "descuento": 0.32,
            "IVA": 19
        },
        {
            "codigo": "6Cn3LxyOgZ",
            "total": 6,
            "valor_unitario": 578917,
            "descuento": 0.09,
            "IVA": 5
        }
    ]
}