{
    "empresa_nit": "987654321",
    "empresa_ciudad": "BARRANQUILLA",
    "empresa_sede": "alcaldia",
    "empresa_nombre": "FrutiBarato",
    "fecha_hora": "2021-06-09 06:40:32",
    "factura_num": "01029",
    "ciente_numero": 211281540,
    "pago_tipo": "TRANFERENCIA",
    "productos": [
        {
            "codigo": "qTY4QDxdN0",
            "total": 1,
            "valor_unitario": 660114,
            "descuento": 0.4,
            "IVA": 5
        },
        {
            "codigo": "ETtLRktnAd",
            "total": 5,
            "valor_unitario": 172689,
            "descuento": 0.44,
            "IVA": 5
        },
        {
            "codigo": "ZN67MaNxK9",
            "total": 16,
            "valor_unitario": 56958,
            "descuento": 0.34,
            "IVA": 0
        },
        {
            "codigo": "8gHjZSA8iK",
            "total": 19,
            "valor_unitario": 248135,
            "descuento": 0.04,
            "IVA": 19
        },
        {
            "codigo": "w2GiHXUVQX",
            "total": 4,
            "valor_unitario": 280690,
            "descuento": 0.03,
            "IVA": 19
        },
        {
            "codigo": "btipo0DUAZ",
            "total": 6,
            "valor_unitario": 812726,
            "descuento": 0.07,
            "IVA": 5
        },
        {
            "codigo": "Z2H3cksMo1",
            "total": 11,
            "valor_unitario": 225912,
            "descuento": 0.4,
            "IVA": 0
        },
        {
            "codigo": "HeuhZGFPk8",
            "total": 2,
            "valor_unitario": 869323,
            "descuento": 0.04,
            "IVA": 0
        },
        {
            "codigo": "StFlV4zxjQ",
            "total": 1,
            "valor_unitario": 790428,
            "descuento": 0.09,
            "IVA": 19
        },
        {
            "codigo": "wOW8s5v7H0",
            "total": 9,
            "valor_unitario": 137708,
            "descuento": 0.44,
            "IVA": 19
        },
        {
            "codigo": "eVu0uVMP63",
            "total": 13,
            "valor_unitario": 656196,
            "descuento": 0.44,
            "IVA": 0
        },
        {
            "codigo": "IuQTQECAWO",
            "total": 17,
            "valor_unitario": 850730,
            "descuento": 0.29,
            "IVA": 5
        },
        {
            "codigo": "IeABR5z3bg",
            "total": 14,
            "valor_unitario": 325157,
            "descuento": 0.16,
            "IVA": 5
        },
        {
            "codigo": "I7ygLZwFOK",
            "total": 3,
            "valor_unitario": 822135,
            "descuento": 0.46,
            "IVA": 5
        }
    ]
}