{
    "empresa_nit": "987654321",
    "empresa_ciudad": "BOGOTA",
    "empresa_sede": "aeropuerto",
    "empresa_nombre": "FrutiBarato",
    "fecha_hora": "2023-12-27 15:39:35",
    "factura_num": "01220",
    "ciente_numero": 47285071,
    "pago_tipo": "TRANFERENCIA",
    "productos": [
        {
            "codigo": "CWLAB6WpfW",
            "total": 19,
            "valor_unitario": 606663,
            "descuento": 0.27,
            "IVA": 5
        },
        {
            "codigo": "f7PxKU3XVs",
            "total": 16,
            "valor_unitario": 688797,
            "descuento": 0.4,
            "IVA": 19
        },
        {
            "codigo": "wHJ7fOp8uV",
            "total": 9,
            "valor_unitario": 704850,
            "descuento": 0.09,
            "IVA": 5
        },
        {
            "codigo": "wssK12uJhU",
            "total": 1,
            "valor_unitario": 758934,
            "descuento": 0.21,
            "IVA": 0
        },
        {
            "codigo": "I8cIfOWAsV",
            "total": 2,
            "valor_unitario": 312585,
            "descuento": 0.37,
            "IVA": 19
        },
        {
            "codigo": "sz8UFj5Vut",
            "total": 12,
            "valor_unitario": 963821,
            "descuento": 0.07,
            "IVA": 5
        },
        {
            "codigo": "4oKFTn1fQ6",
            "total": 15,
            "valor_unitario": 667997,
            "descuento": 0.42,
            "IVA": 5
        },
        {
            "codigo": "GtQN0Bemmw",
            "total": 14,
            "valor_unitario": 527511,
            "descuento": 0.01,
            "IVA": 0
        },
        {
            "codigo": "kyvxPBN5Uv",
            "total": 7,
            "valor_unitario": 703827,
            "descuento": 0.31,
            "IVA": 0
        },
        {
            "codigo": "OAd4dESIAb",
            "total": 9,
            "valor_unitario": 256453,
            "descuento": 0.5,
            "IVA": 0
        },
        {
            "codigo": "NauehGnFIK",
            "total": 3,
            "valor_unitario": 43469,
            "descuento": 0.08,
            "IVA": 5
        },
        {
            "codigo": "cWwYStPsqP",
            "total": 11,
            "valor_unitario": 629994,
            "descuento": 0.32,
            "IVA": 0
        },
        {
            "codigo": "vKbWWDjncR",
            "total": 14,
            "valor_unitario": 499356,
            "descuento": 0.18,
            "IVA": 19
        },
        {
            "codigo": "qGXuIofLnY",
            "total": 3,
            "valor_unitario": 903642,
            "descuento": 0.4,
            "IVA": 0
        }
    ]
}