{
    "empresa_nit": "987654321",
    "empresa_ciudad": "BARRANQUILLA",
    "empresa_sede": "plaza",
    "empresa_nombre": "FrutiBarato",
    "fecha_hora": "2020-06-06 15:51:40",
    "factura_num": "01412",
    "ciente_numero": 817501026,
    "pago_tipo": "TAR.CREDITO",
    "productos": [
        {
            "codigo": "5VmJMC2Hc9",
            "total": 11,
            "valor_unitario": 154621,
            "descuento": 0.23,
            "IVA": 19
        },
        {
            "codigo": "C86q2wGadZ",
            "total": 20,
            "valor_unitario": 159356,
            "descuento": 0.11,
            "IVA": 19
        },
        {
            "codigo": "2oqngcquPv",
            "total": 16,
            "valor_unitario": 810165,
            "descuento": 0.15,
            "IVA": 5
        },
        {
            "codigo": "9q4efAOTyt",
            "total": 1,
            "valor_unitario": 929132,
            "descuento": 0.18,
            "IVA": 0
        },
        {
            "codigo": "WVadzVG4H1",
            "total": 18,
            "valor_unitario": 968278,
            "descuento": 0.02,
            "IVA": 0
        }
    ]
}