{
    "empresa_nit": "987654321",
    "empresa_ciudad": "MEDELLIN",
    "empresa_sede": "centro",
    "empresa_nombre": "FrutiBarato",
    "fecha_hora": "2022-05-30 00:21:23",
    "factura_num": "01136",
    "ciente_numero": 612502027,
    "pago_tipo": "TRANFERENCIA",
    "productos": [
        {
            "codigo": "CHzUmL87DG",
            "total": 4,
            "valor_unitario": 836011,
            "descuento": 0.26,
            "IVA": 19
        },
        {
            "codigo": "4MewWwXF5G",
            "total": 20,
            "valor_unitario": 636833,
            "descuento": 0.45,
            "IVA": 5
        },
        {
            "codigo": "hiACi2DQfW",
            "total": 10,
            "valor_unitario": 66825,
            "descuento": 0.17,
            "IVA": 19
        },
        {
            "codigo": "6O3dJdZnCy",
            "total": 15,
            "valor_unitario": 633497,
            "descuento": 0.2,
            "IVA": 19
        },
        {
            "codigo": "PYwnhbUMdv",
            "total": 3,
            "valor_unitario": 393544,
            "descuento": 0.38,
            "IVA": 5
        },
        {
            "codigo": "H87bpEDJKC",
            "total": 20,
            "valor_unitario": 295068,
            "descuento": 0.49,
            "IVA": 0
        },
        {
            "codigo": "NmvKoSnKgg",
            "total": 2,
            "valor_unitario": 41730,
            "descuento": 0.36,
            "IVA": 19
        },
        {
            "codigo": "4pQL8XRs3r",
            "total": 17,
            "valor_unitario": 261383,
            "descuento": 0.16,
            "IVA": 19
        },
        {
            "codigo": "KWRJ4ftHdt",
            "total": 7,
            "valor_unitario": 115043,
            "descuento": 0.46,
            "IVA": 19
        },
        {
            "codigo": "RpDMDdWMpo",
            "total": 2,
            "valor_unitario": 105127,
            "descuento": 0.48,
            "IVA": 0
        },
        {
            "codigo": "rtUUEqJ6uh",
            "total": 7,
            "valor_unitario": 699911,
            "descuento": 0.15,
            "IVA": 5
        },
        {
            "codigo": "sQuZhAxjZu",
            "total": 6,
            "valor_unitario": 763612,
            "descuento": 0.13,
            "IVA": 0
        },
        {
            "codigo": "JHYd762LTk",
            "total": 16,
            "valor_unitario": 692488,
            "descuento": 0.06,
            "IVA": 5
        },
        {
            "codigo": "TFXyrpq2af",
            "total": 6,
            "valor_unitario": 204190,
            "descuento": 0.4,
            "IVA": 5
        }
    ]
}