{
    "empresa_nit": "987654321",
    "empresa_ciudad": "TUNJA",
    "empresa_sede": "terminal",
    "empresa_nombre": "FrutiBarato",
    "fecha_hora": "2024-05-26 00:34:13",
    "factura_num": "01382",
    "ciente_numero": 300262301,
    "pago_tipo": "EFECTIVO",
    "productos": [
        {
            "codigo": "tjImRyTTls",
            "total": 18,
            "valor_unitario": 755578,
            "descuento": 0.45,
            "IVA": 0
        },
        {
            "codigo": "GQr4TFAH4r",
            "total": 3,
            "valor_unitario": 293806,
            "descuento": 0.06,
            "IVA": 5
        },
        {
            "codigo": "eZe23Q8rCM",
            "total": 2,
            "valor_unitario": 125050,
            "descuento": 0.0,
            "IVA": 5
        },
        {
            "codigo": "GCXQKzXccY",
            "total": 17,
            "valor_unitario": 913933,
            "descuento": 0.38,
            "IVA": 0
        }
    ]
}