{
    "empresa_nit": "987654321",
    "empresa_ciudad": "TUNJA",
    "empresa_sede": "autopista",
    "empresa_nombre": "FrutiBarato",
    "fecha_hora": "2021-12-06 04:45:33",
    "factura_num": "01324",
    "ciente_numero": 372677866,
    "pago_tipo": "TRANFERENCIA",
    "productos": [
        {
            "codigo": "KGO7oxiSDJ",
            "total": 10,
            "valor_unitario": 427589,
            "descuento": 0.07,
            "IVA": 0
        },
        {
            "codigo": "HqG9qJuzS5",
            "total": 19,
            "valor_unitario": 985146,
            "descuento": 0.17,
            "IVA": 5
        },
        {
            "codigo": "556OI6yoww",
            "total": 10,
            "valor_unitario": 603252,
            "descuento": 0.24,
            "IVA": 19
        },
        {
            "codigo": "FUBv6ez4ke",
            "total": 5,
            "valor_unitario": 636418,
            "descuento": 0.36,
            "IVA": 19
        },
        {
            "codigo": "KxRcal0Nz4",
            "total": 11,
            "valor_unitario": 440224,
            "descuento": 0.37,
            "IVA": 19
        },
        {
            "codigo": "RwsXHcWfAR",
            "total": 11,
            "valor_unitario": 643991,
            "descuento": 0.02,
            "IVA": 5
        },
        {
            "codigo": "ObhmjI0edz",
            "total": 5,
            "valor_unitario": 20531,
            "descuento": 0.23,
            "IVA": 19
        },
        {
            "codigo": "3qFI1mMprI",
            "total": 8,
            "valor_unitario": 928873,
            "descuento": 0.19,
            "IVA": 19
        },
        {
            "codigo": "N2LPTY00wi",
            "total": 14,
            "valor_unitario": 692530,
            "descuento": 0.14,
            "IVA": 0
        },
        {
            "codigo": "C9d5bvpzIi",
            "total": 1,
            "valor_unitario": 881690,
            "descuento": 0.05,
            "IVA": 19
        },
        {
            "codigo": "043VFhVLJW",
            "total": 12,
            "valor_unitario": 770423,
            "descuento": 0.19,
            "IVA": 5
        },
        {
            "codigo": "dty7xIV2EK",
            "total": 10,
            "valor_unitario": 821128,
            "descuento": 0.16,
            "IVA": 0
        },
        {
            "codigo": "6WOLAg93s5",
            "total": 13,
            "valor_unitario": 100783,
            "descuento": 0.25,
            "IVA": 5
        },
        {
            "codigo": "cOTbsmMJqB",
            "total": 9,
            "valor_unitario": 504000,
            "descuento": 0.05,
            "IVA": 0
        }
    ]
}