{
    "empresa_nit": "987654321",
    "empresa_ciudad": "CALI",
    "empresa_sede": "aeropuerto",
    "empresa_nombre": "FrutiBarato",
    "fecha_hora": "2021-08-19 15:35:27",
    "factura_num": "01022",
    "ciente_numero": 239039226,
    "pago_tipo": "EFECTIVO",
    "productos": [
        {
            "codigo": "FwU5OGtGnh",
            "total": 5,
            "valor_unitario": 126900,
            "descuento": 0.16,
            "IVA": 0
        },
        {
            "codigo": "eamr7XlIOP",
            "total": 11,
            "valor_unitario": 476381,
            "descuento": 0.21,
            "IVA": 5
        },
        {
            "codigo": "0gDLVoD4xo",
            "total": 14,
            "valor_unitario": 14834,
            "descuento": 0.32,
            "IVA": 19
        },
        {
            "codigo": "WQJMYBEgX5",
            "total": 15,
            "valor_unitario": 914271,
            "descuento": 0.08,
            "IVA": 0
        }
    ]
}