{
    "empresa_nit": "987654321",
    "empresa_ciudad": "TUNJA",
    "empresa_sede": "terminal",
    "empresa_nombre": "FrutiBarato",
    "fecha_hora": "2023-06-15 00:08:38",
    "factura_num": "01054",
    "ciente_numero": 540886430,
    "pago_tipo": "TAR.CREDITO",
    "productos": [
        {
            "codigo": "2zjDfUd9LS",
            "total": 5,
            "valor_unitario": 583101,
            "descuento": 0.05,
            "IVA": 19
        },
        {
            "codigo": "zqqHm1xxwz",
            "total": 11,
            "valor_unitario": 830456,
            "descuento": 0.12,
            "IVA": 19
        },
        {
            "codigo": "nhyDrbqEgh",
            "total": 16,
            "valor_unitario": 857707,
            "descuento": 0.31,
            "IVA": 0
        },
        {
            "codigo": "skulkrqD6o",
            "total": 13,
            "valor_unitario": 347568,
            "descuento": 0.17,
            "IVA": 19
        },
        {
            "codigo": "f0qBQYgfQi",
            "total": 14,
            "valor_unitario": 25731,
            "descuento": 0.33,
            "IVA": 19
        }
    ]
}