{
    "empresa_nit": "987654321",
    "empresa_ciudad": "TUNJA",
    "empresa_sede": "autopista",
    "empresa_nombre": "FrutiBarato",
    "fecha_hora": "2020-12-25 21:18:14",
    "factura_num": "01053",
    "ciente_numero": 345046916,
    "pago_tipo": "TRANFERENCIA",
    "productos": [
        {
            "codigo": "5TzuqhhW3a",
            "total": 14,
            "valor_unitario": 190088,
            "descuento": 0.09,
            "IVA": 19
        },
        {
            "codigo": "EwtWDpgo9c",
            "total": 5,
            "valor_unitario": 597416,
            "descuento": 0.37,
            "IVA": 0
        },
        {
            "codigo": "UmQJrS5thT",
            "total": 3,
            "valor_unitario": 164349,
            "descuento": 0.47,
            "IVA": 19
        },
        {
            "codigo": "pGyKCw1SSu",
            "total": 5,
            "valor_unitario": 93387,
            "descuento": 0.15,
            "IVA": 0
        },
        {
            "codigo": "5oq5tMJt69",
            "total": 14,
            "valor_unitario": 731036,
            "descuento": 0.24,
            "IVA": 5
        },
        {
            "codigo": "jn9JBWosHW",
            "total": 4,
            "valor_unitario": 843880,
            "descuento": 0.33,
            "IVA": 0
        },
        {
            "codigo": "jVe51u0Irk",
            "total": 10,
            "valor_unitario": 360019,
            "descuento": 0.26,
            "IVA": 0
        },
        {
            "codigo": "X0ZA0xGvdM",
            "total": 15,
            "valor_unitario": 241770,
            "descuento": 0.25,
            "IVA": 19
        },
        {
            "codigo": "drBNmISD2l",
            "total": 14,
            "valor_unitario": 237976,
            "descuento": 0.16,
            "IVA": 19
        },
        {
            "codigo": "2lNSg6ZNYY",
            "total": 8,
            "valor_unitario": 290873,
            "descuento": 0.0,
            "IVA": 5
        },
        {
            "codigo": "QLuGGFk9uU",
            "total": 13,
            "valor_unitario": 888368,
            "descuento": 0.34,
            "IVA": 19
        },
        {
            "codigo": "2FvNgfWCqr",
            "total": 3,
            "valor_unitario": 988937,
            "descuento": 0.26,
            "IVA": 19
        },
        {
            "codigo": "KnLGSMfgLu",
            "total": 12,
            "valor_unitario": 307301,
            "descuento": 0.34,
            "IVA": 0
        },
        {
            "codigo": "FZTmqndvuQ",
            "total": 15,
            "valor_unitario": 353282,
            "descuento": 0.23,
            "IVA": 0
        },
        {
            "codigo": "PcQ59TD1G5",
            "total": 16,
            "valor_unitario": 446254,
            "descuento": 0.24,
            "IVA": 19
        },
        {
            "codigo": "HWDcKIgXgC",
            "total": 8,
            "valor_unitario": 581261,
            "descuento": 0.03,
            "IVA": 19
        },
        {
            "codigo": "8qQqZAhRqi",
            "total": 12,
            "valor_unitario": 648280,
            "descuento": 0.24,
            "IVA": 0
        },
        {
            "codigo": "wbChdlzP8X",
            "total": 17,
            "valor_unitario": 322479,
            "descuento": 0.13,
            "IVA": 5
        }
    ]
}