{
    "empresa_nit": "987654321",
    "empresa_ciudad": "BOGOTA",
    "empresa_sede": "aeropuerto",
    "empresa_nombre": "FrutiBarato",
    "fecha_hora": "2023-02-12 20:52:22",
    "factura_num": "01089",
    "ciente_numero": 564951196,
    "pago_tipo": "TAR.DEBITO",
    "productos": [
        {
            "codigo": "gTf3iqLVqt",
            "total": 8,
            "valor_unitario": 673968,
            "descuento": 0.26,
            "IVA": 5
        },
        {
            "codigo": "9S1LNtvyVX",
            "total": 13,
            "valor_unitario": 182786,
            "descuento": 0.28,
            "IVA": 19
        },
        {
            "codigo": "vxNn9Q1NLu",
            "total": 15,
            "valor_unitario": 208121,
            "descuento": 0.02,
            "IVA": 19
        },
        {
            "codigo": "VNR3rwJV9i",
            "total": 10,
            "valor_unitario": 363658,
            "descuento": 0.26,
            "IVA": 5
        },
        {
            "codigo": "6IqmI95Iob",
            "total": 14,
            "valor_unitario": 332122,
            "descuento": 0.12,
            "IVA": 19
        },
        {
            "codigo": "aIFY6D56Kr",
            "total": 16,
            "valor_unitario": 549788,
            "descuento": 0.24,
            "IVA": 0
        },
        {
            "codigo": "TV9yitPkmH",
            "total": 3,
            "valor_unitario": 399364,
            "descuento": 0.05,
            "IVA": 19
        },
        {
            "codigo": "ydg3TGVcsZ",
            "total": 15,
            "valor_unitario": 585857,
            "descuento": 0.06,
            "IVA": 5
        },
        {
            "codigo": "lXInb8uT5j",
            "total": 9,
            "valor_unitario": 126481,
            "descuento": 0.02,
            "IVA": 0
        },
        {
            "codigo": "PDuE94kcqR",
            "total": 18,
            "valor_unitario": 25873,
            "descuento": 0.25,
            "IVA": 0
        },
        {
            "codigo": "0LzqviW76x",
            "total": 8,
            "valor_unitario": 794659,
            "descuento": 0.29,
            "IVA": 19
        },
        {
            "codigo": "qaCZ9NmB85",
            "total": 8,
            "valor_unitario": 40099,
            "descuento": 0.34,
            "IVA": 5
        },
        {
            "codigo": "N2sHieDUeh",
            "total": 18,
            "valor_unitario": 850903,
            "descuento": 0.27,
            "IVA": 19
        }
    ]
}