{
    "empresa_nit": "987654321",
    "empresa_ciudad": "MEDELLIN",
    "empresa_sede": "alcaldia",
    "empresa_nombre": "FrutiBarato",
    "fecha_hora": "2021-06-25 09:00:03",
    "factura_num": "01355",
    "ciente_numero": 645631560,
    "pago_tipo": "TAR.CREDITO",
    "productos": [
        {
            "codigo": "VBfwooPyWv",
            "total": 16,
            "valor_unitario": 684491,
            "descuento": 0.47,
            "IVA": 19
        },
        {
            "codigo": "OTPO1BY9hU",
            "total": 18,
            "valor_unitario": 169129,
            "descuento": 0.21,
            "IVA": 0
        },
        {
            "codigo": "CpAT123fxm",
            "total": 8,
            "valor_unitario": 500985,
            "descuento": 0.26,
            "IVA": 0
        },
        {
            "codigo": "aPFqvmIeno",
            "total": 17,
            "valor_unitario": 76408,
            "descuento": 0.36,
            "IVA": 0
        },
        {
            "codigo": "zQbRRctoSM",
            "total": 5,
            "valor_unitario": 252200,
            "descuento": 0.28,
            "IVA": 5
        },
        {
            "codigo": "6kGORNHHIm",
            "total": 18,
            "valor_unitario": 875913,
            "descuento": 0.22,
            "IVA": 5
        },
        {
            "codigo": "jnkAoDUEZS",
            "total": 16,
            "valor_unitario": 583231,
            "descuento": 0.49,
            "IVA": 19
        },
        {
            "codigo": "ZiX6RRayBc",
            "total": 11,
            "valor_unitario": 791610,
            "descuento": 0.24,
            "IVA": 19
        },
        {
            "codigo": "TDnSYmPLGa",
            "total": 3,
            "valor_unitario": 872684,
            "descuento": 0.46,
            "IVA": 5
        }
    ]
}