{
    "empresa_nit": "987654321",
    "empresa_ciudad": "TUNJA",
    "empresa_sede": "plaza",
    "empresa_nombre": "FrutiBarato",
    "fecha_hora": "2021-10-29 16:01:36",
    "factura_num": "01310",
    "ciente_numero": 195270151,
    "pago_tipo": "EFECTIVO",
    "productos": [
        {
            "codigo": "Oyy01vguip",
            "total": 16,
            "valor_unitario": 937145,
            "descuento": 0.49,
            "IVA": 19
        },
        {
            "codigo": "0gX1opk349",
            "total": 17,
            "valor_unitario": 470179,
            "descuento": 0.49,
            "IVA": 19
        },
        {
            "codigo": "wXL5M84J6e",
            "total": 8,
            "valor_unitario": 428169,
            "descuento": 0.07,
            "IVA": 0
        },
        {
            "codigo": "1od4I4Ooa6",
            "total": 16,
            "valor_unitario": 488998,
            "descuento": 0.11,
            "IVA": 0
        },
        {
            "codigo": "HoEHue7PYx",
            "total": 15,
            "valor_unitario": 854594,
            "descuento": 0.19,
            "IVA": 5
        },
        {
            "codigo": "0I4Ywdlzxp",
            "total": 4,
            "valor_unitario": 917883,
            "descuento": 0.29,
            "IVA": 19
        }
    ]
}