{
    "empresa_nit": "987654321",
    "empresa_ciudad": "CALI",
    "empresa_sede": "plaza",
    "empresa_nombre": "FrutiBarato",
    "fecha_hora": "2020-10-30 20:37:51",
    "factura_num": "01269",
    "ciente_numero": 667864003,
    "pago_tipo": "TAR.DEBITO",
    "productos": [
        {
            "codigo": "SW20sTHsV6",
            "total": 1,
            "valor_unitario": 60887,
            "descuento": 0.2,
            "IVA": 5
        },
        {
            "codigo": "FRKh5K77vt",
            "total": 11,
            "valor_unitario": 226055,
            "descuento": 0.21,
            "IVA": 0
        },
        {
            "codigo": "rYH6hXPDZD",
            "total": 1,
            "valor_unitario": 880609,
            "descuento": 0.16,
            "IVA": 19
        },
        {
            "codigo": "ox7HfCCiHs",
            "total": 11,
            "valor_unitario": 586475,
            "descuento": 0.22,
            "IVA": 5
        },
        {
            "codigo": "38R2hCuJf9",
            "total": 13,
            "valor_unitario": 853956,
            "descuento": 0.28,
            "IVA": 5
        },
        {
            "codigo": "inriUCS9NW",
            "total": 15,
            "valor_unitario": 14832,
            "descuento": 0.17,
            "IVA": 0
        },
        {
            "codigo": "5wVssLPD9W",
            "total": 5,
            "valor_unitario": 944434,
            "descuento": 0.24,
            "IVA": 19
        },
        {
            "codigo": "ZKRlu2MCZE",
            "total": 12,
            "valor_unitario": 547456,
            "descuento": 0.45,
            "IVA": 0
        },
        {
            "codigo": "asYiyUWCnb",
            "total": 8,
            "valor_unitario": 606461,
            "descuento": 0.09,
            "IVA": 19
        },
        {
            "codigo": "6LQU4xdkSu",
            "total": 13,
            "valor_unitario": 921934,
            "descuento": 0.01,
            "IVA": 19
        },
        {
            "codigo": "SgJIsQLk8Y",
            "total": 20,
            "valor_unitario": 746995,
            "descuento": 0.33,
            "IVA": 19
        },
        {
            "codigo": "Q0NkKFuzZA",
            "total": 4,
            "valor_unitario": 908277,
            "descuento": 0.31,
            "IVA": 19
        },
        {
            "codigo": "2R6MLqjAVd",
            "total": 9,
            "valor_unitario": 150105,
            "descuento": 0.41,
            "IVA": 5
        },
        {
            "codigo": "mrfNr7xuX1",
            "total": 11,
            "valor_unitario": 753549,
            "descuento": 0.1,
            "IVA": 0
        },
        {
            "codigo": "5QDt9JpFUV",
            "total": 9,
            "valor_unitario": 919028,
            "descuento": 0.32,
            "IVA": 19
        },
        {
            "codigo": "exIPrcNdeV",
            "total": 11,
            "valor_unitario": 702613,
            "descuento": 0.31,
            "IVA": 19
        },
        {
            "codigo": "01GtEinQJF",
            "total": 17,
            "valor_unitario": 641681,
            "descuento": 0.28,
            "IVA": 0
        },
        {
            "codigo": "ESHKT8wjXB",
            "total": 2,
            "valor_unitario": 810130,
            "descuento": 0.0,
            "IVA": 19
        },
        {
            "codigo": "IMiRLUHeIX",
            "total": 1,
            "valor_unitario": 475613,
            "descuento": 0.18,
            "IVA": 19
        },
        {
            "codigo": "di51nSvjaD",
            "total": 6,
            "valor_unitario": 428940,
            "descuento": 0.1,
            "IVA": 0
        }
    ]
}