{
    "empresa_nit": "987654321",
    "empresa_ciudad": "TUNJA",
    "empresa_sede": "alcaldia",
    "empresa_nombre": "FrutiBarato",
    "fecha_hora": "2021-09-07 22:10:56",
    "factura_num": "01392",
    "ciente_numero": 477723259,
    "pago_tipo": "TAR.CREDITO",
    "productos": [
        {
            "codigo": "tBDdzcbFBG",
            "total": 16,
            "valor_unitario": 699117,
            "descuento": 0.44,
            "IVA": 5
        },
        {
            "codigo": "0DbAd5FSwm",
            "total": 5,
            "valor_unitario": 391643,
            "descuento": 0.44,
            "IVA": 19
        },
        {
            "codigo": "R3UYLIeef2",
            "total": 1,
            "valor_unitario": 652143,
            "descuento": 0.42,
            "IVA": 5
        },
        {
            "codigo": "0NvG0mulZX",
            "total": 10,
            "valor_unitario": 807692,
            "descuento": 0.08,
            "IVA": 5
        },
        {
            "codigo": "OKOgVUeuB5",
            "total": 7,
            "valor_unitario": 863980,
            "descuento": 0.16,
            "IVA": 19
        },
        {
            "codigo": "JqdzgmdEV3",
            "total": 4,
            "valor_unitario": 42946,
            "descuento": 0.27,
            "IVA": 5
        },
        {
            "codigo": "GAQn5FOxV2",
            "total": 3,
            "valor_unitario": 563250,
            "descuento": 0.01,
            "IVA": 19
        },
        {
            "codigo": "ZXwGtxO2AQ",
            "total": 12,
            "valor_unitario": 884235,
            "descuento": 0.4,
            "IVA": 19
        },
        {
            "codigo": "R8eyXjaLHg",
            "total": 11,
            "valor_unitario": 659188,
            "descuento": 0.17,
            "IVA": 19
        },
        {
            "codigo": "VRsfulzPgt",
            "total": 12,
            "valor_unitario": 176498,
            "descuento": 0.03,
            "IVA": 19
        },
        {
            "codigo": "CfZkwweJN1",
            "total": 18,
            "valor_unitario": 256134,
            "descuento": 0.4,
            "IVA": 19
        },
        {
            "codigo": "fY1c56bDKV",
            "total": 7,
            "valor_unitario": 438288,
            "descuento": 0.03,
            "IVA": 5
        },
        {
            "codigo": "61DKPmuB0b",
            "total": 15,
            "valor_unitario": 919627,
            "descuento": 0.1,
            "IVA": 0
        },
        {
            "codigo": "SuP11zAiEj",
            "total": 2,
            "valor_unitario": 92597,
            "descuento": 0.34,
            "IVA": 0
        },
        {
            "codigo": "VVffcrRIRS",
            "total": 8,
            "valor_unitario": 259592,
            "descuento": 0.46,
            "IVA": 19
        }
    ]
}