{
    "empresa_nit": "987654321",
    "empresa_ciudad": "TUNJA",
    "empresa_sede": "terminal",
    "empresa_nombre": "FrutiBarato",
    "fecha_hora": "2024-08-31 20:44:26",
    "factura_num": "01445",
    "ciente_numero": 692672335,
    "pago_tipo": "TRANFERENCIA",
    "productos": [
        {
            "codigo": "kPTuw382wa",
            "total": 10,
            "valor_unitario": 359141,
            "descuento": 0.03,
            "IVA": 5
        },
        {
            "codigo": "roMjdVsS4C",
            "total": 16,
            "valor_unitario": 891843,
            "descuento": 0.17,
            "IVA": 5
        },
        {
            "codigo": "thY2U7C48V",
            "total": 18,
            "valor_unitario": 131129,
            "descuento": 0.4,
            "IVA": 5
        },
        {
            "codigo": "lMztJnigLV",
            "total": 7,
            "valor_unitario": 497382,
            "descuento": 0.04,
            "IVA": 0
        },
        {
            "codigo": "R2bxP3Axio",
            "total": 4,
            "valor_unitario": 339216,
            "descuento": 0.08,
            "IVA": 5
        },
        {
            "codigo": "X7uxrvox7J",
            "total": 8,
            "valor_unitario": 692856,
            "descuento": 0.38,
            "IVA": 19
        },
        {
            "codigo": "PaHexc3ol6",
            "total": 20,
            "valor_unitario": 154340,
            "descuento": 0.07,
            "IVA": 5
        },
        {
            "codigo": "KK3ftqSwSe",
            "total": 5,
            "valor_unitario": 1265,
            "descuento": 0.02,
            "IVA": 19
        },
        {
            "codigo": "e2gqS4W7dG",
            "total": 1,
            "valor_unitario": 435103,
            "descuento": 0.05,
            "IVA": 0
        },
        {
            "codigo": "6kTXXDmiS1",
            "total": 2,
            "valor_unitario": 491235,
            "descuento": 0.27,
            "IVA": 19
        },
        {
            "codigo": "EfGW1lAByN",
            "total": 1,
            "valor_unitario": 892649,
            "descuento": 0.45,
            "IVA": 0
        },
        {
            "codigo": "XNB2KYYryE",
            "total": 1,
            "valor_unitario": 829440,
            "descuento": 0.21,
            "IVA": 5
        },
        {
            "codigo": "L2BzLYgK4E",
            "total": 5,
            "valor_unitario": 192629,
            "descuento": 0.24,
            "IVA": 0
        },
        {
            "codigo": "JkpysoqEBL",
            "total": 12,
            "valor_unitario": 491687,
            "descuento": 0.03,
            "IVA": 5
        },
        {
            "codigo": "kf23gXUKsI",
            "total": 14,
            "valor_unitario": 999985,
            "descuento": 0.4,
            "IVA": 19
        },
        {
            "codigo": "dG8tzOAroH",
            "total": 15,
            "valor_unitario": 973642,
            "descuento": 0.09,
            "IVA": 5
        }
    ]
}