{
    "empresa_nit": "987654321",
    "empresa_ciudad": "MEDELLIN",
    "empresa_sede": "centro",
    "empresa_nombre": "FrutiBarato",
    "fecha_hora": "2023-03-02 10:04:04",
    "factura_num": "01338",
    "ciente_numero": 245556950,
    "pago_tipo": "TAR.CREDITO",
    "productos": [
        {
            "codigo": "rW2C3WhIz1",
            "total": 3,
            "valor_unitario": 586278,
            "descuento": 0.13,
            "IVA": 19
        },
        {
            "codigo": "jW2DLWnSMV",
            "total": 4,
            "valor_unitario": 316587,
            "descuento": 0.23,
            "IVA": 5
        },
        {
            "codigo": "0QsgI056Bl",
            "total": 8,
            "valor_unitario": 853044,
            "descuento": 0.3,
            "IVA": 0
        },
        {
            "codigo": "Z5Uc86UUrl",
            "total": 7,
            "valor_unitario": 875144,
            "descuento": 0.42,
            "IVA": 0
        },
        {
            "codigo": "l8Eb1MWQ1w",
            "total": 10,
            "valor_unitario": 516828,
            "descuento": 0.23,
            "IVA": 19
        },
        {
            "codigo": "1lEYgkJLbB",
            "total": 5,
            "valor_unitario": 423882,
            "descuento": 0.23,
            "IVA": 5
        },
        {
            "codigo": "7EFmjCzbs7",
            "total": 5,
            "valor_unitario": 599774,
            "descuento": 0.03,
            "IVA": 5
        },
        {
            "codigo": "MPUOPejIn1",
            "total": 15,
            "valor_unitario": 655203,
            "descuento": 0.08,
            "IVA": 19
        },
        {
            "codigo": "PMme3q9Y2S",
            "total": 16,
            "valor_unitario": 108893,
            "descuento": 0.17,
            "IVA": 5
        },
        {
            "codigo": "qJeYd7NsLs",
            "total": 10,
            "valor_unitario": 512325,
            "descuento": 0.11,
            "IVA": 0
        },
        {
            "codigo": "N6glktP2Jr",
            "total": 7,
            "valor_unitario": 868713,
            "descuento": 0.08,
            "IVA": 19
        },
        {
            "codigo": "PWOW3CAZ0j",
            "total": 11,
            "valor_unitario": 710625,
            "descuento": 0.25,
            "IVA": 5
        }
    ]
}