{
    "empresa_nit": "987654321",
    "empresa_ciudad": "TUNJA",
    "empresa_sede": "autopista",
    "empresa_nombre": "FrutiBarato",
    "fecha_hora": "2024-09-22 05:18:33",
    "factura_num": "01334",
    "ciente_numero": 348275907,
    "pago_tipo": "EFECTIVO",
    "productos": [
        {
            "codigo": "Nb2K1cIFBH",
            "total": 2,
            "valor_unitario": 982398,
            "descuento": 0.11,
            "IVA": 5
        },
        {
            "codigo": "CJR8oWcE8R",
            "total": 10,
            "valor_unitario": 344679,
            "descuento": 0.18,
            "IVA": 5
        },
        {
            "codigo": "zMXCx7hBFf",
            "total": 15,
            "valor_unitario": 700345,
            "descuento": 0.21,
            "IVA": 0
        },
        {
            "codigo": "YSh3mKZ5vD",
            "total": 2,
            "valor_unitario": 578039,
            "descuento": 0.27,
            "IVA": 0
        },
        {
            "codigo": "EJPgq88PVA",
            "total": 3,
            "valor_unitario": 132695,
            "descuento": 0.21,
            "IVA": 0
        },
        {
            "codigo": "cdiEM8M1sm",
            "total": 20,
            "valor_unitario": 417910,
            "descuento": 0.48,
            "IVA": 0
        }
    ]
}