{
    "empresa_nit": "987654321",
    "empresa_ciudad": "BOGOTA",
    "empresa_sede": "centro",
    "empresa_nombre": "FrutiBarato",
    "fecha_hora": "2022-04-29 13:22:27",
    "factura_num": "01252",
    "ciente_numero": 918741459,
    "pago_tipo": "TRANFERENCIA",
    "productos": [
        {
            "codigo": "yNO4NcKtXz",
            "total": 2,
            "valor_unitario": 529609,
            "descuento": 0.17,
            "IVA": 0
        },
        {
            "codigo": "kfu6FgDX8e",
            "total": 16,
            "valor_unitario": 497525,
            "descuento": 0.29,
            "IVA": 5
        },
        {
            "codigo": "psiXMjywDn",
            "total": 19,
            "valor_unitario": 578758,
            "descuento": 0.25,
            "IVA": 19
        },
        {
            "codigo": "VRg7psAIPT",
            "total": 13,
            "valor_unitario": 681201,
            "descuento": 0.3,
            "IVA": 0
        },
        {
            "codigo": "VMoogN9D40",
            "total": 20,
            "valor_unitario": 545344,
            "descuento": 0.39,
            "IVA": 0
        },
        {
            "codigo": "40RbxbbgtS",
            "total": 18,
            "valor_unitario": 167653,
            "descuento": 0.08,
            "IVA": 19
        },
        {
            "codigo": "86WulCBVEZ",
            "total": 14,
            "valor_unitario": 750336,
            "descuento": 0.21,
            "IVA": 0
        },
        {
            "codigo": "y9Vm9x7Yo4",
            "total": 4,
            "valor_unitario": 380750,
            "descuento": 0.03,
            "IVA": 0
        },
        {
            "codigo": "yutLJS9t3P",
            "total": 5,
            "valor_unitario": 906400,
            "descuento": 0.28,
            "IVA": 19
        },
        {
            "codigo": "4smmnRrXkm",
            "total": 3,
            "valor_unitario": 687530,
            "descuento": 0.35,
            "IVA": 19
        },
        {
            "codigo": "m85yAFJX38",
            "total": 5,
            "valor_unitario": 931465,
            "descuento": 0.23,
            "IVA": 19
        },
        {
            "codigo": "PJ9EWLEhtW",
            "total": 7,
            "valor_unitario": 178006,
            "descuento": 0.24,
            "IVA": 19
        }
    ]
}