{
    "empresa_nit": "987654321",
    "empresa_ciudad": "BARRANQUILLA",
    "empresa_sede": "alcaldia",
    "empresa_nombre": "FrutiBarato",
    "fecha_hora": "2020-06-23 07:33:14",
    "factura_num": "01096",
    "ciente_numero": 64423169,
    "pago_tipo": "TAR.CREDITO",
    "productos": [
        {
            "codigo": "eTtkA1D616",
            "total": 14,
            "valor_unitario": 642681,
            "descuento": 0.13,
            "IVA": 5
        },
        {
            "codigo": "7jjncnd7VU",
            "total": 9,
            "valor_unitario": 657785,
            "descuento": 0.37,
            "IVA": 19
        },
        {
            "codigo": "wbUKmYATDk",
            "total": 19,
            "valor_unitario": 647624,
            "descuento": 0.27,
            "IVA": 5
        },
        {
            "codigo": "gnIrv3R6wZ",
            "total": 12,
            "valor_unitario": 388397,
            "descuento": 0.42,
            "IVA": 0
        },
        {
            "codigo": "6xy5kCxj7D",
            "total": 4,
            "valor_unitario": 294292,
            "descuento": 0.09,
            "IVA": 19
        },
        {
            "codigo": "hcorsnn1Do",
            "total": 19,
            "valor_unitario": 22745,
            "descuento": 0.22,
            "IVA": 0
        },
        {
            "codigo": "OoBmS3C5Ku",
            "total": 4,
            "valor_unitario": 105977,
            "descuento": 0.42,
            "IVA": 5
        },
        {
            "codigo": "DnwthZTCLZ",
            "total": 5,
            "valor_unitario": 359864,
            "descuento": 0.34,
            "IVA": 19
        },
        {
            "codigo": "0IaT3mU0cf",
            "total": 19,
            "valor_unitario": 600043,
            "descuento": 0.07,
            "IVA": 19
        },
        {
            "codigo": "mDFNcAuuYH",
            "total": 3,
            "valor_unitario": 267733,
            "descuento": 0.18,
            "IVA": 5
        },
        {
            "codigo": "nKy5poPkgm",
            "total": 16,
            "valor_unitario": 882804,
            "descuento": 0.48,
            "IVA": 0
        },
        {
            "codigo": "QH2biL9tYE",
            "total": 16,
            "valor_unitario": 538052,
            "descuento": 0.27,
            "IVA": 0
        },
        {
            "codigo": "0iaZU3ILwY",
            "total": 8,
            "valor_unitario": 817084,
            "descuento": 0.38,
            "IVA": 5
        },
        {
            "codigo": "kwxfqV9trS",
            "total": 18,
            "valor_unitario": 407339,
            "descuento": 0.31,
            "IVA": 5
        },
        {
            "codigo": "gPUASn16jl",
            "total": 19,
            "valor_unitario": 654767,
            "descuento": 0.45,
            "IVA": 0
        },
        {
            "codigo": "WmiiRPxBgy",
            "total": 10,
            "valor_unitario": 308775,
            "descuento": 0.01,
            "IVA": 0
        },
        {
            "codigo": "qY0DIfgLh4",
            "total": 9,
            "valor_unitario": 449022,
            "descuento": 0.36,
            "IVA": 5
        },
        {
            "codigo": "TCasKN46Qd",
            "total": 3,
            "valor_unitario": 294386,
            "descuento": 0.02,
            "IVA": 0
        }
    ]
}