{
    "empresa_nit": "987654321",
    "empresa_ciudad": "MEDELLIN",
    "empresa_sede": "autopista",
    "empresa_nombre": "FrutiBarato",
    "fecha_hora": "2020-03-31 23:17:01",
    "factura_num": "01168",
    "ciente_numero": 70897618,
    "pago_tipo": "TAR.DEBITO",
    "productos": [
        {
            "codigo": "HywiKt3PKv",
            "total": 11,
            "valor_unitario": 637700,
            "descuento": 0.24,
            "IVA": 5
        },
        {
            "codigo": "bTHuYgOUzZ",
            "total": 1,
            "valor_unitario": 85678,
            "descuento": 0.47,
            "IVA": 19
        },
        {
            "codigo": "4VV0BZhy9t",
            "total": 8,
            "valor_unitario": 536178,
            "descuento": 0.28,
            "IVA": 5
        },
        {
            "codigo": "xnMh7l05HV",
            "total": 5,
            "valor_unitario": 490899,
            "descuento": 0.49,
            "IVA": 5
        },
        {
            "codigo": "juPuMYRp77",
            "total": 17,
            "valor_unitario": 853222,
            "descuento": 0.22,
            "IVA": 0
        },
        {
            "codigo": "Dp1gCawi3J",
            "total": 17,
            "valor_unitario": 557956,
            "descuento": 0.14,
            "IVA": 0
        },
        {
            "codigo": "oDFzovVM6S",
            "total": 5,
            "valor_unitario": 44306,
            "descuento": 0.34,
            "IVA": 19
        },
        {
            "codigo": "oJkKHcYLH5",
            "total": 10,
            "valor_unitario": 59358,
            "descuento": 0.33,
            "IVA": 5
        },
        {
            "codigo": "KynPPRY0l8",
            "total": 2,
            "valor_unitario": 506774,
            "descuento": 0.09,
            "IVA": 5
        },
        {
            "codigo": "KqzrjxovoN",
            "total": 10,
            "valor_unitario": 533976,
            "descuento": 0.0,
            "IVA": 5
        },
        {
            "codigo": "15MGk8otB0",
            "total": 14,
            "valor_unitario": 539134,
            "descuento": 0.05,
            "IVA": 5
        },
        {
            "codigo": "aZKIwCeZRQ",
            "total": 4,
            "valor_unitario": 560539,
            "descuento": 0.11,
            "IVA": 0
        },
        {
            "codigo": "S1FoRE7cOs",
            "total": 1,
            "valor_unitario": 856487,
            "descuento": 0.29,
            "IVA": 0
        },
        {
            "codigo": "ncri3Xy8kO",
            "total": 15,
            "valor_unitario": 370264,
            "descuento": 0.29,
            "IVA": 19
        },
        {
            "codigo": "rFgUj8fncY",
            "total": 13,
            "valor_unitario": 994827,
            "descuento": 0.23,
            "IVA": 5
        },
        {
            "codigo": "Hlf5rYKexa",
            "total": 19,
            "valor_unitario": 657601,
            "descuento": 0.4,
            "IVA": 5
        },
        {
            "codigo": "b4NP2tlEXf",
            "total": 5,
            "valor_unitario": 427681,
            "descuento": 0.33,
            "IVA": 0
        },
        {
            "codigo": "Ji1NfXhx0C",
            "total": 8,
            "valor_unitario": 318457,
            "descuento": 0.33,
            "IVA": 0
        },
        {
            "codigo": "DUsxO4IyEQ",
            "total": 4,
            "valor_unitario": 249227,
            "descuento": 0.34,
            "IVA": 19
        }
    ]
}