{
    "empresa_nit": "987654321",
    "empresa_ciudad": "CALI",
    "empresa_sede": "centro",
    "empresa_nombre": "FrutiBarato",
    "fecha_hora": "2020-08-30 20:52:58",
    "factura_num": "01203",
    "ciente_numero": 392887930,
    "pago_tipo": "TAR.DEBITO",
    "productos": [
        {
            "codigo": "URgr9IS5Ep",
            "total": 18,
            "valor_unitario": 306317,
            "descuento": 0.15,
            "IVA": 0
        },
        {
            "codigo": "dazyBHPZ27",
            "total": 5,
            "valor_unitario": 554381,
            "descuento": 0.15,
            "IVA": 5
        },
        {
            "codigo": "ThFgoTBUHh",
            "total": 20,
            "valor_unitario": 981796,
            "descuento": 0.24,
            "IVA": 19
        },
        {
            "codigo": "G1jnFFdCSC",
            "total": 2,
            "valor_unitario": 966800,
            "descuento": 0.38,
            "IVA": 19
        },
        {
            "codigo": "GV0P3rqdca",
            "total": 17,
            "valor_unitario": 743097,
            "descuento": 0.48,
            "IVA": 0
        },
        {
            "codigo": "S8xsEXh2cI",
            "total": 4,
            "valor_unitario": 396670,
            "descuento": 0.01,
            "IVA": 5
        },
        {
            "codigo": "7nAJTmznR3",
            "total": 15,
            "valor_unitario": 357015,
            "descuento": 0.24,
            "IVA": 0
        },
        {
            "codigo": "fB56XMjiXs",
            "total": 20,
            "valor_unitario": 107418,
            "descuento": 0.48,
            "IVA": 0
        },
        {
            "codigo": "s5IO2HbogC",
            "total": 7,
            "valor_unitario": 809417,
            "descuento": 0.43,
            "IVA": 19
        },
        {
            "codigo": "Lc1ojuTAr4",
            "total": 3,
            "valor_unitario": 902784,
            "descuento": 0.21,
            "IVA": 19
        },
        {
            "codigo": "F85tx5QUBP",
            "total": 13,
            "valor_unitario": 278844,
            "descuento": 0.26,
            "IVA": 5
        },
        {
            "codigo": "Jy0TclGkde",
            "total": 18,
            "valor_unitario": 578566,
            "descuento": 0.49,
            "IVA": 19
        },
        {
            "codigo": "3PwJmgb0Pz",
            "total": 18,
            "valor_unitario": 943237,
            "descuento": 0.04,
            "IVA": 0
        },
        {
            "codigo": "PuyzfuZuUx",
            "total": 14,
            "valor_unitario": 24450,
            "descuento": 0.29,
            "IVA": 5
        },
        {
            "codigo": "drcO1R97Rx",
            "total": 15,
            "valor_unitario": 384962,
            "descuento": 0.24,
            "IVA": 0
        }
    ]
}