{
    "empresa_nit": "987654321",
    "empresa_ciudad": "BOGOTA",
    "empresa_sede": "terminal",
    "empresa_nombre": "FrutiBarato",
    "fecha_hora": "2021-05-02 18:21:59",
    "factura_num": "01204",
    "ciente_numero": 383135549,
    "pago_tipo": "TAR.DEBITO",
    "productos": [
        {
            "codigo": "77eoX88kD3",
            "total": 19,
            "valor_unitario": 619169,
            "descuento": 0.43,
            "IVA": 19
        },
        {
            "codigo": "BtpJNUxfaZ",
            "total": 16,
            "valor_unitario": 177630,
            "descuento": 0.48,
            "IVA": 19
        },
        {
            "codigo": "N2WKzVr4oP",
            "total": 13,
            "valor_unitario": 587288,
            "descuento": 0.05,
            "IVA": 19
        },
        {
            "codigo": "wWrmW1Xqza",
            "total": 5,
            "valor_unitario": 748192,
            "descuento": 0.07,
            "IVA": 0
        },
        {
            "codigo": "xuwERBzdH7",
            "total": 16,
            "valor_unitario": 722964,
            "descuento": 0.3,
            "IVA": 0
        },
        {
            "codigo": "n5DYALiYYp",
            "total": 12,
            "valor_unitario": 206425,
            "descuento": 0.34,
            "IVA": 5
        },
        {
            "codigo": "ztw9lQpHTv",
            "total": 16,
            "valor_unitario": 417466,
            "descuento": 0.07,
            "IVA": 5
        }
    ]
}