{
    "empresa_nit": "987654321",
    "empresa_ciudad": "BOGOTA",
    "empresa_sede": "aeropuerto",
    "empresa_nombre": "FrutiBarato",
    "fecha_hora": "2022-12-05 00:39:52",
    "factura_num": "01134",
    "ciente_numero": 539687225,
    "pago_tipo": "TAR.CREDITO",
    "productos": [
        {
            "codigo": "P6UOYjVdLq",
            "total": 4,
            "valor_unitario": 223250,
            "descuento": 0.37,
            "IVA": 5
        },
        {
            "codigo": "TRSPlV1GPA",
            "total": 18,
            "valor_unitario": 628186,
            "descuento": 0.35,
            "IVA": 19
        },
        {
            "codigo": "3b3wHttRnH",
            "total": 12,
            "valor_unitario": 604853,
            "descuento": 0.2,
            "IVA": 5
        },
        {
            "codigo": "zK5MWeD2dX",
            "total": 1,
            "valor_unitario": 291634,
            "descuento": 0.25,
            "IVA": 0
        },
        {
            "codigo": "dQQxEwq6EA",
            "total": 2,
            "valor_unitario": 617143,
            "descuento": 0.25,
            "IVA": 0
        },
        {
            "codigo": "i6gKhO4OqS",
            "total": 7,
            "valor_unitario": 478751,
            "descuento": 0.18,
            "IVA": 0
        },
        {
            "codigo": "JxxYJb3vHm",
            "total": 1,
            "valor_unitario": 947116,
            "descuento": 0.39,
            "IVA": 5
        },
        {
            "codigo": "QQH4B818HE",
            "total": 8,
            "valor_unitario": 286433,
            "descuento": 0.04,
            "IVA": 5
        }
    ]
}