{
    "empresa_nit": "987654321",
    "empresa_ciudad": "BARRANQUILLA",
    "empresa_sede": "plaza",
    "empresa_nombre": "FrutiBarato",
    "fecha_hora": "2024-11-19 01:22:43",
    "factura_num": "01057",
    "ciente_numero": 604267084,
    "pago_tipo": "TAR.DEBITO",
    "productos": [
        {
            "codigo": "B3XysP7DQQ",
            "total": 12,
            "valor_unitario": 369601,
            "descuento": 0.08,
            "IVA": 5
        },
        {
            "codigo": "T1P9awxZWI",
            "total": 14,
            "valor_unitario": 417265,
            "descuento": 0.41,
            "IVA": 0
        },
        {
            "codigo": "rqkReL98I4",
            "total": 16,
            "valor_unitario": 704916,
            "descuento": 0.19,
            "IVA": 19
        },
        {
            "codigo": "PTZ9zRTqxC",
            "total": 11,
            "valor_unitario": 20174,
            "descuento": 0.01,
            "IVA": 5
        },
        {
            "codigo": "5vQiHWHB5y",
            "total": 12,
            "valor_unitario": 813032,
            "descuento": 0.17,
            "IVA": 0
        },
        {
            "codigo": "1y3iUhDchJ",
            "total": 6,
            "valor_unitario": 224617,
            "descuento": 0.21,
            "IVA": 5
        },
        {
            "codigo": "ugn30qR1OG",
            "total": 8,
            "valor_unitario": 958217,
            "descuento": 0.34,
            "IVA": 0
        },
        {
            "codigo": "0a6tVGro3h",
            "total": 15,
            "valor_unitario": 484024,
            "descuento": 0.34,
            "IVA": 0
        }
    ]
}