{
    "empresa_nit": "987654321",
    "empresa_ciudad": "CALI",
    "empresa_sede": "alcaldia",
    "empresa_nombre": "FrutiBarato",
    "fecha_hora": "2024-08-29 13:36:18",
    "factura_num": "01061",
    "ciente_numero": 990804408,
    "pago_tipo": "TAR.DEBITO",
    "productos": [
        {
            "codigo": "wYS9VmDER5",
            "total": 3,
            "valor_unitario": 177421,
            "descuento": 0.21,
            "IVA": 0
        },
        {
            "codigo": "GOzCr7y9iq",
            "total": 1,
            "valor_unitario": 89782,
            "descuento": 0.33,
            "IVA": 0
        },
        {
            "codigo": "0KPd7EtL4R",
            "total": 4,
            "valor_unitario": 864617,
            "descuento": 0.28,
            "IVA": 19
        },
        {
            "codigo": "bGOYrwUIeQ",
            "total": 14,
            "valor_unitario": 257725,
            "descuento": 0.11,
            "IVA": 0
        },
        {
            "codigo": "3hXqIKti2y",
            "total": 5,
            "valor_unitario": 545326,
            "descuento": 0.22,
            "IVA": 5
        },
        {
            "codigo": "6YwB7EHVyg",
            "total": 14,
            "valor_unitario": 50987,
            "descuento": 0.05,
            "IVA": 19
        },
        {
            "codigo": "KAdfqC27N4",
            "total": 4,
            "valor_unitario": 159349,
            "descuento": 0.42,
            "IVA": 19
        },
        {
            "codigo": "fyGSqEnEnl",
            "total": 11,
            "valor_unitario": 408971,
            "descuento": 0.42,
            "IVA": 5
        },
        {
            "codigo": "TFV7PhTaPn",
            "total": 3,
            "valor_unitario": 736963,
            "descuento": 0.34,
            "IVA": 19
        }
    ]
}