{
    "empresa_nit": "987654321",
    "empresa_ciudad": "CALI",
    "empresa_sede": "autopista",
    "empresa_nombre": "FrutiBarato",
    "fecha_hora": "2023-07-09 17:13:57",
    "factura_num": "01070",
    "ciente_numero": 185662474,
    "pago_tipo": "TAR.CREDITO",
    "productos": [
        {
            "codigo": "uAIdDxdbmq",
            "total": 6,
            "valor_unitario": 824962,
            "descuento": 0.36,
            "IVA": 19
        },
        {
            "codigo": "bpJriJNCmC",
            "total": 5,
            "valor_unitario": 471224,
            "descuento": 0.26,
            "IVA": 5
        },
        {
            "codigo": "BXFvyBAGjb",
            "total": 12,
            "valor_unitario": 887627,
            "descuento": 0.33,
            "IVA": 5
        },
        {
            "codigo": "lxiB636kGw",
            "total": 11,
            "valor_unitario": 667035,
            "descuento": 0.06,
            "IVA": 19
        },
        {
            "codigo": "QVmRCAZE3u",
            "total": 9,
            "valor_unitario": 488832,
            "descuento": 0.37,
            "IVA": 19
        },
        {
            "codigo": "mCne4sdin2",
            "total": 1,
            "valor_unitario": 76702,
            "descuento": 0.03,
            "IVA": 5
        },
        {
            "codigo": "vvVeAFZUNl",
            "total": 5,
            "valor_unitario": 141999,
            "descuento": 0.05,
            "IVA": 5
        },
        {
            "codigo": "TVz8rQEwPb",
            "total": 9,
            "valor_unitario": 385849,
            "descuento": 0.37,
            "IVA": 19
        },
        {
            "codigo": "Rtpb2dXsq3",
            "total": 3,
            "valor_unitario": 193911,
            "descuento": 0.21,
            "IVA": 19
        },
        {
            "codigo": "WIUYRiYkMi",
            "total": 18,
            "valor_unitario": 643802,
            "descuento": 0.3,
            "IVA": 19
        },
        {
            "codigo": "2ahxq7ihKF",
            "total": 8,
            "valor_unitario": 784227,
            "descuento": 0.2,
            "IVA": 19
        },
        {
            "codigo": "ht9MmkGPes",
            "total": 6,
            "valor_unitario": 442112,
            "descuento": 0.27,
            "IVA": 0
        },
        {
            "codigo": "PRUHoF1RHi",
            "total": 1,
            "valor_unitario": 294062,
            "descuento": 0.16,
            "IVA": 5
        },
        {
            "codigo": "prPPutqkTb",
            "total": 13,
            "valor_unitario": 501179,
            "descuento": 0.41,
            "IVA": 5
        },
        {
            "codigo": "jibnUofTAL",
            "total": 5,
            "valor_unitario": 789341,
            "descuento": 0.16,
            "IVA": 19
        }
    ]
}