{
    "empresa_nit": "987654321",
    "empresa_ciudad": "CALI",
    "empresa_sede": "centro",
    "empresa_nombre": "FrutiBarato",
    "fecha_hora": "2020-04-02 03:03:50",
    "factura_num": "01016",
    "ciente_numero": 16283025,
    "pago_tipo": "TRANFERENCIA",
    "productos": [
        {
            "codigo": "mBvfCH3kf9",
            "total": 14,
            "valor_unitario": 85466,
            "descuento": 0.44,
            "IVA": 19
        },
        {
            "codigo": "nmFNHHKLqY",
            "total": 14,
            "valor_unitario": 449544,
            "descuento": 0.03,
            "IVA": 0
        },
        {
            "codigo": "Ur52YYWM9V",
            "total": 18,
            "valor_unitario": 56313,
            "descuento": 0.13,
            "IVA": 0
        },
        {
            "codigo": "E6tTMYQrSG",
            "total": 11,
            "valor_unitario": 523522,
            "descuento": 0.17,
            "IVA": 19
        },
        {
            "codigo": "YH99DV7Mi4",
            "total": 2,
            "valor_unitario": 801780,
            "descuento": 0.3,
            "IVA": 19
        },
        {
            "codigo": "fbT4vxzYxj",
            "total": 8,
            "valor_unitario": 17666,
            "descuento": 0.03,
            "IVA": 0
        }
    ]
}