{
    "empresa_nit": "987654321",
    "empresa_ciudad": "MEDELLIN",
    "empresa_sede": "aeropuerto",
    "empresa_nombre": "FrutiBarato",
    "fecha_hora": "2025-03-02 02:58:47",
    "factura_num": "01201",
    "ciente_numero": 240034710,
    "pago_tipo": "EFECTIVO",
    "productos": [
        {
            "codigo": "92MvRW0CUS",
            "total": 11,
            "valor_unitario": 168869,
            "descuento": 0.31,
            "IVA": 19
        },
        {
            "codigo": "CHw3Wo6pwX",
            "total": 20,
            "valor_unitario": 870165,
            "descuento": 0.03,
            "IVA": 5
        }
    ]
}