{
    "empresa_nit": "987654321",
    "empresa_ciudad": "BARRANQUILLA",
    "empresa_sede": "autopista",
    "empresa_nombre": "FrutiBarato",
    "fecha_hora": "2024-12-13 01:11:22",
    "factura_num": "01235",
    "ciente_numero": 565714032,
    "pago_tipo": "TRANFERENCIA",
    "productos": [
        {
            "codigo": "PC2zfP4CJN",
            "total": 18,
            "valor_unitario": 722685,
            "descuento": 0.4,
            "IVA": 0
        },
        {
            "codigo": "UWnlVsxnXy",
            "total": 14,
            "valor_unitario": 267114,
            "descuento": 0.3,
            "IVA": 19
        },
        {
            "codigo": "slDY1ts65Y",
            "total": 13,
            "valor_unitario": 667540,
            "descuento": 0.47,
            "IVA": 0
        },
        {
            "codigo": "ocsjWfZGQn",
            "total": 18,
            "valor_unitario": 929088,
            "descuento": 0.09,
            "IVA": 0
        },
        {
            "codigo": "7a2buOCuZ3",
            "total": 20,
            "valor_unitario": 93860,
            "descuento": 0.25,
            "IVA": 19
        },
        {
            "codigo": "cEnCBUrQNe",
            "total": 15,
            "valor_unitario": 246791,
            "descuento": 0.17,
            "IVA": 5
        },
        {
            "codigo": "IHMq5y2CrX",
            "total": 6,
            "valor_unitario": 277999,
            "descuento": 0.1,
            "IVA": 5
        },
        {
            "codigo": "5OOcQgtPx9",
            "total": 18,
            "valor_unitario": 782129,
            "descuento": 0.5,
            "IVA": 19
        },
        {
            "codigo": "HOtggKWOzo",
            "total": 7,
            "valor_unitario": 854822,
            "descuento": 0.01,
            "IVA": 5
        },
        {
            "codigo": "6INHPKxaSO",
            "total": 12,
            "valor_unitario": 329871,
            "descuento": 0.24,
            "IVA": 19
        },
        {
            "codigo": "iEBWlYrP2i",
            "total": 18,
            "valor_unitario": 921845,
            "descuento": 0.26,
            "IVA": 5
        },
        {
            "codigo": "9preNVpLSb",
            "total": 10,
            "valor_unitario": 710959,
            "descuento": 0.29,
            "IVA": 19
        },
        {
            "codigo": "8S0n36XelE",
            "total": 10,
            "valor_unitario": 699994,
            "descuento": 0.11,
            "IVA": 19
        },
        {
            "codigo": "UCKni3cn0y",
            "total": 15,
            "valor_unitario": 870243,
            "descuento": 0.02,
            "IVA": 19
        },
        {
            "codigo": "hdr8yOTgMX",
            "total": 9,
            "valor_unitario": 290707,
            "descuento": 0.08,
            "IVA": 0
        },
        {
            "codigo": "OPszepfXkC",
            "total": 14,
            "valor_unitario": 802663,
            "descuento": 0.25,
            "IVA": 0
        },
        {
            "codigo": "HIOMgaV5mB",
            "total": 15,
            "valor_unitario": 894483,
            "descuento": 0.22,
            "IVA": 19
        },
        {
            "codigo": "oyftf9IkCk",
            "total": 18,
            "valor_unitario": 837987,
            "descuento": 0.06,
            "IVA": 0
        },
        {
            "codigo": "trwvgJwPpU",
            "total": 9,
            "valor_unitario": 651112,
            "descuento": 0.48,
            "IVA": 19
        }
    ]
}