{
    "empresa_nit": "987654321",
    "empresa_ciudad": "MEDELLIN",
    "empresa_sede": "alcaldia",
    "empresa_nombre": "FrutiBarato",
    "fecha_hora": "2021-05-16 20:04:08",
    "factura_num": "01056",
    "ciente_numero": 584805805,
    "pago_tipo": "EFECTIVO",
    "productos": [
        {
            "codigo": "oUUi3lE8yi",
            "total": 1,
            "valor_unitario": 365967,
            "descuento": 0.5,
            "IVA": 0
        },
        {
            "codigo": "RHLjNBArz0",
            "total": 17,
            "valor_unitario": 313373,
            "descuento": 0.17,
            "IVA": 19
        },
        {
            "codigo": "Pyi0105EdX",
            "total": 1,
            "valor_unitario": 569833,
            "descuento": 0.1,
            "IVA": 0
        },
        {
            "codigo": "uPNnP4FACj",
            "total": 20,
            "valor_unitario": 791266,
            "descuento": 0.44,
            "IVA": 19
        },
        {
            "codigo": "GH1KPpRwuK",
            "total": 18,
            "valor_unitario": 668934,
            "descuento": 0.41,
            "IVA": 19
        }
    ]
}