{
    "empresa_nit": "987654321",
    "empresa_ciudad": "BOGOTA",
    "empresa_sede": "aeropuerto",
    "empresa_nombre": "FrutiBarato",
    "fecha_hora": "2020-02-25 06:08:46",
    "factura_num": "01190",
    "ciente_numero": 293174327,
    "pago_tipo": "TAR.DEBITO",
    "productos": [
        {
            "codigo": "BhlqNkbfIg",
            "total": 10,
            "valor_unitario": 537842,
            "descuento": 0.19,
            "IVA": 5
        },
        {
            "codigo": "o4NmJTMrjM",
            "total": 14,
            "valor_unitario": 837211,
            "descuento": 0.24,
            "IVA": 5
        },
        {
            "codigo": "1bnOsbH3Cf",
            "total": 2,
            "valor_unitario": 427043,
            "descuento": 0.25,
            "IVA": 0
        },
        {
            "codigo": "gut4k1OKU2",
            "total": 2,
            "valor_unitario": 671995,
            "descuento": 0.46,
            "IVA": 5
        },
        {
            "codigo": "zDYL9iEkry",
            "total": 19,
            "valor_unitario": 976419,
            "descuento": 0.31,
            "IVA": 19
        },
        {
            "codigo": "EIpSR6AoXB",
            "total": 18,
            "valor_unitario": 257298,
            "descuento": 0.03,
            "IVA": 0
        },
        {
            "codigo": "iq8sry0rf6",
            "total": 8,
            "valor_unitario": 247681,
            "descuento": 0.18,
            "IVA": 5
        },
        {
            "codigo": "0xYtEttMbj",
            "total": 12,
            "valor_unitario": 666246,
            "descuento": 0.36,
            "IVA": 0
        },
        {
            "codigo": "zmjstPIQnw",
            "total": 5,
            "valor_unitario": 312461,
            "descuento": 0.42,
            "IVA": 0
        },
        {
            "codigo": "lEuN8lGUpI",
            "total": 7,
            "valor_unitario": 488023,
            "descuento": 0.49,
            "IVA": 19
        },
        {
            "codigo": "vESxMLs9sE",
            "total": 8,
            "valor_unitario": 314944,
            "descuento": 0.35,
            "IVA": 5
        }
    ]
}