{
    "empresa_nit": "987654321",
    "empresa_ciudad": "CALI",
    "empresa_sede": "centro",
    "empresa_nombre": "FrutiBarato",
    "fecha_hora": "2020-12-10 20:29:41",
    "factura_num": "01384",
    "ciente_numero": 862762325,
    "pago_tipo": "EFECTIVO",
    "productos": [
        {
            "codigo": "M7LjoNV3V7",
            "total": 8,
            "valor_unitario": 999264,
            "descuento": 0.28,
            "IVA": 5
        },
        {
            "codigo": "jCRAVwOfrO",
            "total": 18,
            "valor_unitario": 479337,
            "descuento": 0.35,
            "IVA": 19
        },
        {
            "codigo": "KPAtHZDkSW",
            "total": 11,
            "valor_unitario": 535445,
            "descuento": 0.04,
            "IVA": 5
        },
        {
            "codigo": "YZeSdurPgq",
            "total": 10,
            "valor_unitario": 199322,
            "descuento": 0.25,
            "IVA": 5
        }
    ]
}