{
    "empresa_nit": "987654321",
    "empresa_ciudad": "TUNJA",
    "empresa_sede": "alcaldia",
    "empresa_nombre": "FrutiBarato",
    "fecha_hora": "2021-10-27 08:33:32",
    "factura_num": "01047",
    "ciente_numero": 630140133,
    "pago_tipo": "TRANFERENCIA",
    "productos": [
        {
            "codigo": "h40ku5MJPn",
            "total": 19,
            "valor_unitario": 420943,
            "descuento": 0.12,
            "IVA": 19
        },
        {
            "codigo": "LCyE5ykK2o",
            "total": 17,
            "valor_unitario": 727945,
            "descuento": 0.42,
            "IVA": 5
        },
        {
            "codigo": "ATNThDjgjr",
            "total": 12,
            "valor_unitario": 1757,
            "descuento": 0.46,
            "IVA": 5
        },
        {
            "codigo": "jDZY4oRoqr",
            "total": 6,
            "valor_unitario": 732125,
            "descuento": 0.09,
            "IVA": 0
        },
        {
            "codigo": "ign24SsRtP",
            "total": 18,
            "valor_unitario": 128064,
            "descuento": 0.06,
            "IVA": 0
        },
        {
            "codigo": "7vKASlAs7s",
            "total": 9,
            "valor_unitario": 491160,
            "descuento": 0.3,
            "IVA": 5
        },
        {
            "codigo": "1z2hxahC0r",
            "total": 17,
            "valor_unitario": 95543,
            "descuento": 0.47,
            "IVA": 0
        },
        {
            "codigo": "DAzeVviHlR",
            "total": 19,
            "valor_unitario": 213730,
            "descuento": 0.42,
            "IVA": 0
        },
        {
            "codigo": "YKbQs1TYVS",
            "total": 17,
            "valor_unitario": 107421,
            "descuento": 0.17,
            "IVA": 19
        },
        {
            "codigo": "W315hpSASq",
            "total": 3,
            "valor_unitario": 676577,
            "descuento": 0.09,
            "IVA": 19
        },
        {
            "codigo": "bQfOSjunIJ",
            "total": 10,
            "valor_unitario": 39888,
            "descuento": 0.16,
            "IVA": 5
        }
    ]
}