{
    "empresa_nit": "987654321",
    "empresa_ciudad": "TUNJA",
    "empresa_sede": "plaza",
    "empresa_nombre": "FrutiBarato",
    "fecha_hora": "2020-11-02 17:21:20",
    "factura_num": "01026",
    "ciente_numero": 314541902,
    "pago_tipo": "EFECTIVO",
    "productos": [
        {
            "codigo": "McBKOYJHzy",
            "total": 16,
            "valor_unitario": 119177,
            "descuento": 0.4,
            "IVA": 19
        },
        {
            "codigo": "NcTn83PX6Z",
            "total": 11,
            "valor_unitario": 469629,
            "descuento": 0.29,
            "IVA": 19
        },
        {
            "codigo": "LTHSeVZI8y",
            "total": 13,
            "valor_unitario": 844742,
            "descuento": 0.13,
            "IVA": 0
        },
        {
            "codigo": "MWkrXFeF9p",
            "total": 15,
            "valor_unitario": 856248,
            "descuento": 0.08,
            "IVA": 19
        },
        {
            "codigo": "rPfCLqvNX0",
            "total": 7,
            "valor_unitario": 967516,
            "descuento": 0.04,
            "IVA": 19
        },
        {
            "codigo": "uc6gnIA8i2",
            "total": 3,
            "valor_unitario": 742429,
            "descuento": 0.41,
            "IVA": 0
        },
        {
            "codigo": "ROxQKR5JmA",
            "total": 19,
            "valor_unitario": 44984,
            "descuento": 0.13,
            "IVA": 19
        },
        {
            "codigo": "9krdOTjzOG",
            "total": 8,
            "valor_unitario": 121423,
            "descuento": 0.41,
            "IVA": 0
        },
        {
            "codigo": "bpSPSh4lpd",
            "total": 2,
            "valor_unitario": 556810,
            "descuento": 0.05,
            "IVA": 0
        },
        {
            "codigo": "FXCey7kafa",
            "total": 13,
            "valor_unitario": 106433,
            "descuento": 0.26,
            "IVA": 0
        },
        {
            "codigo": "wHqTJCkq2F",
            "total": 18,
            "valor_unitario": 698295,
            "descuento": 0.42,
            "IVA": 5
        },
        {
            "codigo": "PuqnAF3yox",
            "total": 18,
            "valor_unitario": 774926,
            "descuento": 0.09,
            "IVA": 5
        },
        {
            "codigo": "8rXnr1YM4f",
            "total": 13,
            "valor_unitario": 2572,
            "descuento": 0.04,
            "IVA": 0
        },
        {
            "codigo": "fMLOgaaoza",
            "total": 17,
            "valor_unitario": 375749,
            "descuento": 0.34,
            "IVA": 19
        }
    ]
}