{
    "empresa_nit": "987654321",
    "empresa_ciudad": "CALI",
    "empresa_sede": "terminal",
    "empresa_nombre": "FrutiBarato",
    "fecha_hora": "2024-08-31 18:00:42",
    "factura_num": "01307",
    "ciente_numero": 895918502,
    "pago_tipo": "EFECTIVO",
    "productos": [
        {
            "codigo": "Rznc2WoMmw",
            "total": 19,
            "valor_unitario": 227167,
            "descuento": 0.45,
            "IVA": 19
        },
        {
            "codigo": "a65D1yIZlb",
            "total": 17,
            "valor_unitario": 112596,
            "descuento": 0.28,
            "IVA": 19
        },
        {
            "codigo": "ApqnZUdkol",
            "total": 20,
            "valor_unitario": 714750,
            "descuento": 0.32,
            "IVA": 0
        },
        {
            "codigo": "RD1vwv5geP",
            "total": 9,
            "valor_unitario": 659758,
            "descuento": 0.37,
            "IVA": 19
        },
        {
            "codigo": "FqKj1rYHqZ",
            "total": 12,
            "valor_unitario": 407107,
            "descuento": 0.36,
            "IVA": 19
        },
        {
            "codigo": "i1Bhouu9io",
            "total": 20,
            "valor_unitario": 279193,
            "descuento": 0.04,
            "IVA": 0
        },
        {
            "codigo": "UnWAskQsFR",
            "total": 19,
            "valor_unitario": 970900,
            "descuento": 0.06,
            "IVA": 0
        },
        {
            "codigo": "ljBPzfZ2Mm",
            "total": 5,
            "valor_unitario": 465516,
            "descuento": 0.4,
            "IVA": 5
        },
        {
            "codigo": "2DWbCPDpCO",
            "total": 20,
            "valor_unitario": 218008,
            "descuento": 0.22,
            "IVA": 5
        },
        {
            "codigo": "pHxEhiKlul",
            "total": 2,
            "valor_unitario": 391994,
            "descuento": 0.09,
            "IVA": 0
        },
        {
            "codigo": "fojrtwojOQ",
            "total": 13,
            "valor_unitario": 138948,
            "descuento": 0.21,
            "IVA": 0
        },
        {
            "codigo": "qv7rfFXuhd",
            "total": 14,
            "valor_unitario": 656791,
            "descuento": 0.38,
            "IVA": 0
        },
        {
            "codigo": "J9ye4TrU2V",
            "total": 8,
            "valor_unitario": 383153,
            "descuento": 0.17,
            "IVA": 0
        },
        {
            "codigo": "HAlJwpBG6N",
            "total": 1,
            "valor_unitario": 733877,
            "descuento": 0.3,
            "IVA": 0
        },
        {
            "codigo": "hAGn29kXa4",
            "total": 9,
            "valor_unitario": 877761,
            "descuento": 0.0,
            "IVA": 0
        },
        {
            "codigo": "fT1uEEchh8",
            "total": 20,
            "valor_unitario": 955815,
            "descuento": 0.35,
            "IVA": 5
        },
        {
            "codigo": "tFhCcSN0KQ",
            "total": 5,
            "valor_unitario": 594676,
            "descuento": 0.33,
            "IVA": 19
        },
        {
            "codigo": "R56JGl5R6B",
            "total": 20,
            "valor_unitario": 598485,
            "descuento": 0.16,
            "IVA": 0
        }
    ]
}