{
    "empresa_nit": "987654321",
    "empresa_ciudad": "MEDELLIN",
    "empresa_sede": "plaza",
    "empresa_nombre": "FrutiBarato",
    "fecha_hora": "2020-01-02 18:00:30",
    "factura_num": "01446",
    "ciente_numero": 423973408,
    "pago_tipo": "TAR.DEBITO",
    "productos": [
        {
            "codigo": "TqrPCZxobK",
            "total": 7,
            "valor_unitario": 238865,
            "descuento": 0.44,
            "IVA": 5
        },
        {
            "codigo": "7TFIle5sAm",
            "total": 13,
            "valor_unitario": 485053,
            "descuento": 0.16,
            "IVA": 19
        },
        {
            "codigo": "GePHw0kFik",
            "total": 20,
            "valor_unitario": 116505,
            "descuento": 0.36,
            "IVA": 0
        }
    ]
}