{
    "empresa_nit": "987654321",
    "empresa_ciudad": "BARRANQUILLA",
    "empresa_sede": "autopista",
    "empresa_nombre": "FrutiBarato",
    "fecha_hora": "2024-04-05 18:58:11",
    "factura_num": "01349",
    "ciente_numero": 118409385,
    "pago_tipo": "TAR.DEBITO",
    "productos": [
        {
            "codigo": "ZKxZrIjcKR",
            "total": 20,
            "valor_unitario": 268186,
            "descuento": 0.1,
            "IVA": 0
        },
        {
            "codigo": "5NPOIoyrO1",
            "total": 1,
            "valor_unitario": 264480,
            "descuento": 0.34,
            "IVA": 5
        },
        {
            "codigo": "JeWGlSPog9",
            "total": 11,
            "valor_unitario": 119726,
            "descuento": 0.39,
            "IVA": 0
        },
        {
            "codigo": "tFrg1rX7zm",
            "total": 8,
            "valor_unitario": 833166,
            "descuento": 0.27,
            "IVA": 5
        },
        {
            "codigo": "suRUxSvsvu",
            "total": 18,
            "valor_unitario": 299010,
            "descuento": 0.25,
            "IVA": 5
        },
        {
            "codigo": "PPWPBHqfeo",
            "total": 4,
            "valor_unitario": 738383,
            "descuento": 0.25,
            "IVA": 5
        },
        {
            "codigo": "AzQLGtuX9M",
            "total": 15,
            "valor_unitario": 657091,
            "descuento": 0.14,
            "IVA": 5
        },
        {
            "codigo": "CE4XdLHBPP",
            "total": 7,
            "valor_unitario": 417217,
            "descuento": 0.4,
            "IVA": 19
        },
        {
            "codigo": "cu8PrkZ5cf",
            "total": 17,
            "valor_unitario": 603655,
            "descuento": 0.07,
            "IVA": 19
        },
        {
            "codigo": "6Vvfdr5XA6",
            "total": 15,
            "valor_unitario": 323160,
            "descuento": 0.33,
            "IVA": 5
        },
        {
            "codigo": "cNxJPUJgiw",
            "total": 14,
            "valor_unitario": 195009,
            "descuento": 0.24,
            "IVA": 5
        },
        {
            "codigo": "znPfXZt9T5",
            "total": 19,
            "valor_unitario": 753477,
            "descuento": 0.28,
            "IVA": 19
        },
        {
            "codigo": "0jvDz3GTcK",
            "total": 12,
            "valor_unitario": 239004,
            "descuento": 0.48,
            "IVA": 0
        },
        {
            "codigo": "UEDdMYbA2j",
            "total": 7,
            "valor_unitario": 187593,
            "descuento": 0.47,
            "IVA": 0
        },
        {
            "codigo": "nYn0i8uKqp",
            "total": 10,
            "valor_unitario": 184538,
            "descuento": 0.17,
            "IVA": 0
        },
        {
            "codigo": "ECx974EVwo",
            "total": 7,
            "valor_unitario": 365500,
            "descuento": 0.24,
            "IVA": 19
        }
    ]
}