{
    "empresa_nit": "987654321",
    "empresa_ciudad": "MEDELLIN",
    "empresa_sede": "alcaldia",
    "empresa_nombre": "FrutiBarato",
    "fecha_hora": "2021-03-08 07:02:10",
    "factura_num": "01283",
    "ciente_numero": 885193808,
    "pago_tipo": "TAR.CREDITO",
    "productos": [
        {
            "codigo": "uJwreTc414",
            "total": 6,
            "valor_unitario": 723906,
            "descuento": 0.32,
            "IVA": 0
        },
        {
            "codigo": "Pe7uGkwyKn",
            "total": 6,
            "valor_unitario": 386128,
            "descuento": 0.11,
            "IVA": 0
        },
        {
            "codigo": "E3s4ITCD7H",
            "total": 11,
            "valor_unitario": 11170,
            "descuento": 0.49,
            "IVA": 5
        },
        {
            "codigo": "I8zveBMSRr",
            "total": 11,
            "valor_unitario": 124909,
            "descuento": 0.36,
            "IVA": 19
        },
        {
            "codigo": "fKBZCC34bO",
            "total": 1,
            "valor_unitario": 603850,
            "descuento": 0.32,
            "IVA": 5
        },
        {
            "codigo": "Ms3Itj2vnu",
            "total": 2,
            "valor_unitario": 998564,
            "descuento": 0.12,
            "IVA": 5
        },
        {
            "codigo": "Azetnkz9aO",
            "total": 19,
            "valor_unitario": 750141,
            "descuento": 0.05,
            "IVA": 19
        },
        {
            "codigo": "h1u4uQkRha",
            "total": 7,
            "valor_unitario": 160830,
            "descuento": 0.31,
            "IVA": 5
        },
        {
            "codigo": "1HdMXgePh8",
            "total": 6,
            "valor_unitario": 891804,
            "descuento": 0.07,
            "IVA": 5
        }
    ]
}