{
    "empresa_nit": "987654321",
    "empresa_ciudad": "BARRANQUILLA",
    "empresa_sede": "aeropuerto",
    "empresa_nombre": "FrutiBarato",
    "fecha_hora": "2021-10-06 22:17:34",
    "factura_num": "01318",
    "ciente_numero": 984112536,
    "pago_tipo": "TAR.CREDITO",
    "productos": [
        {
            "codigo": "w4CwOOOXoG",
            "total": 14,
            "valor_unitario": 649105,
            "descuento": 0.02,
            "IVA": 5
        },
        {
            "codigo": "1Zp1FE1Y90",
            "total": 15,
            "valor_unitario": 327709,
            "descuento": 0.43,
            "IVA": 5
        },
        {
            "codigo": "6OjUmajO91",
            "total": 18,
            "valor_unitario": 122955,
            "descuento": 0.24,
            "IVA": 0
        },
        {
            "codigo": "88iZzUS60k",
            "total": 20,
            "valor_unitario": 265350,
            "descuento": 0.09,
            "IVA": 0
        },
        {
            "codigo": "1a5AyEIhkb",
            "total": 17,
            "valor_unitario": 585323,
            "descuento": 0.1,
            "IVA": 0
        },
        {
            "codigo": "IyVVgBvWUS",
            "total": 14,
            "valor_unitario": 366693,
            "descuento": 0.27,
            "IVA": 19
        },
        {
            "codigo": "6OLQYOkZCF",
            "total": 2,
            "valor_unitario": 685513,
            "descuento": 0.33,
            "IVA": 0
        },
        {
            "codigo": "KXcv0SSsAN",
            "total": 16,
            "valor_unitario": 865728,
            "descuento": 0.34,
            "IVA": 0
        },
        {
            "codigo": "VBw8ogvsdZ",
            "total": 18,
            "valor_unitario": 879170,
            "descuento": 0.11,
            "IVA": 19
        },
        {
            "codigo": "4LrJNKV05l",
            "total": 10,
            "valor_unitario": 900709,
            "descuento": 0.0,
            "IVA": 0
        },
        {
            "codigo": "na66vjd86G",
            "total": 13,
            "valor_unitario": 669941,
            "descuento": 0.47,
            "IVA": 5
        },
        {
            "codigo": "gLkiqRkCu6",
            "total": 14,
            "valor_unitario": 134473,
            "descuento": 0.22,
            "IVA": 0
        },
        {
            "codigo": "Z4q9kit0Sd",
            "total": 14,
            "valor_unitario": 677094,
            "descuento": 0.0,
            "IVA": 0
        },
        {
            "codigo": "VNWXxZ9QS2",
            "total": 8,
            "valor_unitario": 107361,
            "descuento": 0.42,
            "IVA": 19
        },
        {
            "codigo": "obarIEM9mG",
            "total": 19,
            "valor_unitario": 207113,
            "descuento": 0.17,
            "IVA": 5
        },
        {
            "codigo": "d5s3UpHoHd",
            "total": 9,
            "valor_unitario": 844836,
            "descuento": 0.41,
            "IVA": 5
        },
        {
            "codigo": "aVK0Ib2mVe",
            "total": 9,
            "valor_unitario": 209650,
            "descuento": 0.44,
            "IVA": 0
        },
        {
            "codigo": "fGLVx2gCu4",
            "total": 20,
            "valor_unitario": 297315,
            "descuento": 0.07,
            "IVA": 0
        }
    ]
}