{
    "empresa_nit": "987654321",
    "empresa_ciudad": "BOGOTA",
    "empresa_sede": "aeropuerto",
    "empresa_nombre": "FrutiBarato",
    "fecha_hora": "2024-12-30 15:11:48",
    "factura_num": "01067",
    "ciente_numero": 505677029,
    "pago_tipo": "TAR.DEBITO",
    "productos": [
        {
            "codigo": "ptlVhdjpJB",
            "total": 18,
            "valor_unitario": 111623,
            "descuento": 0.11,
            "IVA": 0
        },
        {
            "codigo": "s0SlOYRbBC",
            "total": 9,
            "valor_unitario": 8331,
            "descuento": 0.12,
            "IVA": 19
        },
        {
            "codigo": "FAhogZmqnf",
            "total": 10,
            "valor_unitario": 380701,
            "descuento": 0.25,
            "IVA": 5
        },
        {
            "codigo": "cIqnopUE5Q",
            "total": 8,
            "valor_unitario": 145052,
            "descuento": 0.05,
            "IVA": 0
        }
    ]
}