{
    "empresa_nit": "987654321",
    "empresa_ciudad": "MEDELLIN",
    "empresa_sede": "plaza",
    "empresa_nombre": "FrutiBarato",
    "fecha_hora": "2022-02-01 17:59:39",
    "factura_num": "01314",
    "ciente_numero": 677870268,
    "pago_tipo": "TRANFERENCIA",
    "productos": [
        {
            "codigo": "xTILkKbL7H",
            "total": 4,
            "valor_unitario": 904731,
            "descuento": 0.36,
            "IVA": 5
        },
        {
            "codigo": "qb8xfxWZBV",
            "total": 7,
            "valor_unitario": 630781,
            "descuento": 0.43,
            "IVA": 5
        },
        {
            "codigo": "1JkAafHWFF",
            "total": 9,
            "valor_unitario": 490939,
            "descuento": 0.14,
            "IVA": 0
        },
        {
            "codigo": "N2PRY2JXsW",
            "total": 17,
            "valor_unitario": 623395,
            "descuento": 0.03,
            "IVA": 19
        },
        {
            "codigo": "AwSc2gzhi1",
            "total": 6,
            "valor_unitario": 40715,
            "descuento": 0.24,
            "IVA": 0
        },
        {
            "codigo": "HF7tUMupzp",
            "total": 5,
            "valor_unitario": 277924,
            "descuento": 0.05,
            "IVA": 19
        },
        {
            "codigo": "KOyCkAyZeJ",
            "total": 7,
            "valor_unitario": 74672,
            "descuento": 0.49,
            "IVA": 5
        },
        {
            "codigo": "Yb4IHKI1S8",
            "total": 5,
            "valor_unitario": 413940,
            "descuento": 0.36,
            "IVA": 5
        }
    ]
}