{
    "empresa_nit": "987654321",
    "empresa_ciudad": "BOGOTA",
    "empresa_sede": "aeropuerto",
    "empresa_nombre": "FrutiBarato",
    "fecha_hora": "2021-11-06 23:43:13",
    "factura_num": "01400",
    "ciente_numero": 726324631,
    "pago_tipo": "TAR.DEBITO",
    "productos": [
        {
            "codigo": "64zskVQ4bl",
            "total": 15,
            "valor_unitario": 382776,
            "descuento": 0.38,
            "IVA": 5
        },
        {
            "codigo": "EqWpS7CRDI",
            "total": 16,
            "valor_unitario": 301117,
            "descuento": 0.1,
            "IVA": 19
        },
        {
            "codigo": "DWxu4fk0gN",
            "total": 5,
            "valor_unitario": 378638,
            "descuento": 0.33,
            "IVA": 5
        },
        {
            "codigo": "8htHfVg16Y",
            "total": 10,
            "valor_unitario": 398114,
            "descuento": 0.23,
            "IVA": 5
        },
        {
            "codigo": "GugAkTNtoS",
            "total": 15,
            "valor_unitario": 384141,
            "descuento": 0.18,
            "IVA": 5
        },
        {
            "codigo": "P0WyQHDxJv",
            "total": 20,
            "valor_unitario": 348608,
            "descuento": 0.35,
            "IVA": 5
        },
        {
            "codigo": "Byv7Nm5V60",
            "total": 4,
            "valor_unitario": 344352,
            "descuento": 0.07,
            "IVA": 0
        },
        {
            "codigo": "JsPKARnXYA",
            "total": 19,
            "valor_unitario": 834307,
            "descuento": 0.21,
            "IVA": 5
        },
        {
            "codigo": "dugi54qTmJ",
            "total": 14,
            "valor_unitario": 805325,
            "descuento": 0.49,
            "IVA": 5
        },
        {
            "codigo": "1eizZsmJwk",
            "total": 6,
            "valor_unitario": 184016,
            "descuento": 0.43,
            "IVA": 19
        }
    ]
}