{
    "empresa_nit": "987654321",
    "empresa_ciudad": "BOGOTA",
    "empresa_sede": "aeropuerto",
    "empresa_nombre": "FrutiBarato",
    "fecha_hora": "2021-05-18 14:52:50",
    "factura_num": "01060",
    "ciente_numero": 228047859,
    "pago_tipo": "EFECTIVO",
    "productos": [
        {
            "codigo": "s1kXgvjCwv",
            "total": 19,
            "valor_unitario": 737058,
            "descuento": 0.09,
            "IVA": 5
        },
        {
            "codigo": "YeYAfEnQXc",
            "total": 19,
            "valor_unitario": 451614,
            "descuento": 0.14,
            "IVA": 5
        },
        {
            "codigo": "SNPKAXEMdu",
            "total": 20,
            "valor_unitario": 197213,
            "descuento": 0.37,
            "IVA": 0
        },
        {
            "codigo": "SVhSVH2aRT",
            "total": 1,
            "valor_unitario": 533083,
            "descuento": 0.09,
            "IVA": 5
        },
        {
            "codigo": "uslxiYHlvS",
            "total": 3,
            "valor_unitario": 619424,
            "descuento": 0.02,
            "IVA": 0
        },
        {
            "codigo": "aWO71Jk3Mu",
            "total": 14,
            "valor_unitario": 963633,
            "descuento": 0.17,
            "IVA": 0
        },
        {
            "codigo": "sDoS2u2K0Q",
            "total": 15,
            "valor_unitario": 81034,
            "descuento": 0.46,
            "IVA": 0
        },
        {
            "codigo": "RExtdpM5kL",
            "total": 5,
            "valor_unitario": 310227,
            "descuento": 0.32,
            "IVA": 19
        },
        {
            "codigo": "eMTJyOBOcd",
            "total": 14,
            "valor_unitario": 322386,
            "descuento": 0.31,
            "IVA": 0
        },
        {
            "codigo": "KRg4qKqERb",
            "total": 4,
            "valor_unitario": 936328,
            "descuento": 0.0,
            "IVA": 5
        },
        {
            "codigo": "919Rv3CA1C",
            "total": 14,
            "valor_unitario": 268027,
            "descuento": 0.16,
            "IVA": 0
        },
        {
            "codigo": "wqvdi7ZMw0",
            "total": 16,
            "valor_unitario": 28492,
            "descuento": 0.03,
            "IVA": 5
        },
        {
            "codigo": "oHGah2mf9S",
            "total": 7,
            "valor_unitario": 904804,
            "descuento": 0.34,
            "IVA": 5
        },
        {
            "codigo": "BEpu5rlkxZ",
            "total": 17,
            "valor_unitario": 547102,
            "descuento": 0.34,
            "IVA": 0
        },
        {
            "codigo": "1daZ5I9mTS",
            "total": 14,
            "valor_unitario": 476449,
            "descuento": 0.17,
            "IVA": 5
        },
        {
            "codigo": "sqp3Bhjtau",
            "total": 20,
            "valor_unitario": 390037,
            "descuento": 0.47,
            "IVA": 5
        },
        {
            "codigo": "RJZj3rRWdO",
            "total": 19,
            "valor_unitario": 657043,
            "descuento": 0.01,
            "IVA": 0
        }
    ]
}