{
    "empresa_nit": "987654321",
    "empresa_ciudad": "CALI",
    "empresa_sede": "aeropuerto",
    "empresa_nombre": "FrutiBarato",
    "fecha_hora": "2023-05-12 05:33:40",
    "factura_num": "00105",
    "ciente_numero": 875535850,
    "pago_tipo": "EFECTIVO",
    "productos": [
        {
            "codigo": "yJe1gDiJ9m",
            "total": 19,
            "valor_unitario": 154945,
            "descuento": 0.4,
            "IVA": 19
        },
        {
            "codigo": "ccWlfksek9",
            "total": 15,
            "valor_unitario": 309113,
            "descuento": 0.01,
            "IVA": 19
        },
        {
            "codigo": "ayrWd1BN2S",
            "total": 5,
            "valor_unitario": 738294,
            "descuento": 0.47,
            "IVA": 5
        },
        {
            "codigo": "W45tiU2lBY",
            "total": 20,
            "valor_unitario": 144064,
            "descuento": 0.31,
            "IVA": 5
        },
        {
            "codigo": "YWlijRXCXj",
            "total": 12,
            "valor_unitario": 568089,
            "descuento": 0.17,
            "IVA": 0
        },
        {
            "codigo": "Kyx1cLIlvq",
            "total": 5,
            "valor_unitario": 479950,
            "descuento": 0.07,
            "IVA": 19
        },
        {
            "codigo": "U6eXGWtkSr",
            "total": 9,
            "valor_unitario": 365647,
            "descuento": 0.32,
            "IVA": 5
        },
        {
            "codigo": "xUpWGiE430",
            "total": 5,
            "valor_unitario": 809137,
            "descuento": 0.17,
            "IVA": 5
        },
        {
            "codigo": "KbVPW55hit",
            "total": 5,
            "valor_unitario": 553666,
            "descuento": 0.06,
            "IVA": 0
        },
        {
            "codigo": "uPGz7BaSfz",
            "total": 9,
            "valor_unitario": 116840,
            "descuento": 0.43,
            "IVA": 19
        }
    ]
}