{
    "empresa_nit": "987654321",
    "empresa_ciudad": "CALI",
    "empresa_sede": "plaza",
    "empresa_nombre": "FrutiBarato",
    "fecha_hora": "2024-08-04 01:26:51",
    "factura_num": "01431",
    "ciente_numero": 222803583,
    "pago_tipo": "EFECTIVO",
    "productos": [
        {
            "codigo": "aiQ1n2NOOi",
            "total": 13,
            "valor_unitario": 481252,
            "descuento": 0.06,
            "IVA": 0
        },
        {
            "codigo": "2l0y7iRlsz",
            "total": 14,
            "valor_unitario": 998055,
            "descuento": 0.11,
            "IVA": 0
        },
        {
            "codigo": "nNYjuvXI7A",
            "total": 13,
            "valor_unitario": 408595,
            "descuento": 0.01,
            "IVA": 5
        },
        {
            "codigo": "CogrpafxUs",
            "total": 19,
            "valor_unitario": 615775,
            "descuento": 0.25,
            "IVA": 5
        },
        {
            "codigo": "Db3HFz37Bx",
            "total": 2,
            "valor_unitario": 395431,
            "descuento": 0.41,
            "IVA": 19
        },
        {
            "codigo": "qXm6cwwBw9",
            "total": 1,
            "valor_unitario": 969774,
            "descuento": 0.49,
            "IVA": 19
        },
        {
            "codigo": "5D7UPOlPr5",
            "total": 1,
            "valor_unitario": 286529,
            "descuento": 0.14,
            "IVA": 19
        },
        {
            "codigo": "ITKHmenaqT",
            "total": 15,
            "valor_unitario": 786519,
            "descuento": 0.02,
            "IVA": 19
        },
        {
            "codigo": "CZamJXHSAZ",
            "total": 5,
            "valor_unitario": 218830,
            "descuento": 0.44,
            "IVA": 0
        },
        {
            "codigo": "jsC6Sn7PFI",
            "total": 12,
            "valor_unitario": 455904,
            "descuento": 0.45,
            "IVA": 0
        },
        {
            "codigo": "fbBe9Ewff5",
            "total": 4,
            "valor_unitario": 790463,
            "descuento": 0.38,
            "IVA": 5
        },
        {
            "codigo": "5XQTBkXwG8",
            "total": 15,
            "valor_unitario": 886695,
            "descuento": 0.26,
            "IVA": 5
        },
        {
            "codigo": "5DbDy1gkD1",
            "total": 7,
            "valor_unitario": 760139,
            "descuento": 0.23,
            "IVA": 19
        },
        {
            "codigo": "b8FY9YQYWX",
            "total": 12,
            "valor_unitario": 723595,
            "descuento": 0.29,
            "IVA": 19
        }
    ]
}