{
    "empresa_nit": "987654321",
    "empresa_ciudad": "CALI",
    "empresa_sede": "centro",
    "empresa_nombre": "FrutiBarato",
    "fecha_hora": "2023-02-16 04:37:34",
    "factura_num": "01216",
    "ciente_numero": 573794457,
    "pago_tipo": "TAR.CREDITO",
    "productos": [
        {
            "codigo": "KLoPNOKAoA",
            "total": 1,
            "valor_unitario": 414505,
            "descuento": 0.22,
            "IVA": 5
        },
        {
            "codigo": "gMFVPN3uqA",
            "total": 17,
            "valor_unitario": 231692,
            "descuento": 0.3,
            "IVA": 5
        },
        {
            "codigo": "ohkLdj1Enr",
            "total": 10,
            "valor_unitario": 194516,
            "descuento": 0.34,
            "IVA": 5
        },
        {
            "codigo": "Lub0QtIFYG",
            "total": 13,
            "valor_unitario": 85193,
            "descuento": 0.27,
            "IVA": 0
        },
        {
            "codigo": "Qu7aypbIQV",
            "total": 6,
            "valor_unitario": 720396,
            "descuento": 0.21,
            "IVA": 19
        },
        {
            "codigo": "BBuSSColuh",
            "total": 7,
            "valor_unitario": 944066,
            "descuento": 0.14,
            "IVA": 5
        },
        {
            "codigo": "NYSfbUPikT",
            "total": 9,
            "valor_unitario": 765907,
            "descuento": 0.18,
            "IVA": 19
        },
        {
            "codigo": "UQSxvfPtCL",
            "total": 6,
            "valor_unitario": 809224,
            "descuento": 0.19,
            "IVA": 0
        },
        {
            "codigo": "EYZpqNkHtG",
            "total": 6,
            "valor_unitario": 692674,
            "descuento": 0.09,
            "IVA": 5
        },
        {
            "codigo": "ugmbtZCC45",
            "total": 7,
            "valor_unitario": 147666,
            "descuento": 0.38,
            "IVA": 5
        },
        {
            "codigo": "sejzLqUiBy",
            "total": 8,
            "valor_unitario": 938852,
            "descuento": 0.11,
            "IVA": 0
        },
        {
            "codigo": "QYnoSevLMn",
            "total": 4,
            "valor_unitario": 510191,
            "descuento": 0.27,
            "IVA": 5
        },
        {
            "codigo": "OPXKpHNCbB",
            "total": 10,
            "valor_unitario": 538434,
            "descuento": 0.43,
            "IVA": 0
        },
        {
            "codigo": "A72YjmhEgV",
            "total": 11,
            "valor_unitario": 471874,
            "descuento": 0.13,
            "IVA": 5
        },
        {
            "codigo": "mv5jAMjCWZ",
            "total": 11,
            "valor_unitario": 679036,
            "descuento": 0.15,
            "IVA": 0
        },
        {
            "codigo": "4ITRwt0m7B",
            "total": 11,
            "valor_unitario": 851468,
            "descuento": 0.17,
            "IVA": 5
        },
        {
            "codigo": "v2lRF8DT80",
            "total": 13,
            "valor_unitario": 713376,
            "descuento": 0.2,
            "IVA": 5
        },
        {
            "codigo": "CNjtRe0xhl",
            "total": 18,
            "valor_unitario": 761176,
            "descuento": 0.19,
            "IVA": 5
        }
    ]
}