{
    "empresa_nit": "987654321",
    "empresa_ciudad": "BARRANQUILLA",
    "empresa_sede": "aeropuerto",
    "empresa_nombre": "FrutiBarato",
    "fecha_hora": "2024-03-04 06:45:01",
    "factura_num": "00132",
    "ciente_numero": 784023705,
    "pago_tipo": "EFECTIVO",
    "productos": [
        {
            "codigo": "czc63LMd3e",
            "total": 6,
            "valor_unitario": 825092,
            "descuento": 0.29,
            "IVA": 0
        },
        {
            "codigo": "B9LwgdttuK",
            "total": 8,
            "valor_unitario": 129879,
            "descuento": 0.04,
            "IVA": 5
        },
        {
            "codigo": "R7VCOKILtz",
            "total": 11,
            "valor_unitario": 914128,
            "descuento": 0.09,
            "IVA": 0
        },
        {
            "codigo": "ATbkQZhYam",
            "total": 18,
            "valor_unitario": 129536,
            "descuento": 0.21,
            "IVA": 0
        },
        {
            "codigo": "5zuqaui2Bc",
            "total": 3,
            "valor_unitario": 848781,
            "descuento": 0.47,
            "IVA": 0
        }
    ]
}