{
    "empresa_nit": "987654321",
    "empresa_ciudad": "BARRANQUILLA",
    "empresa_sede": "terminal",
    "empresa_nombre": "FrutiBarato",
    "fecha_hora": "2023-08-13 13:20:53",
    "factura_num": "00127",
    "ciente_numero": 283136894,
    "pago_tipo": "TAR.DEBITO",
    "productos": [
        {
            "codigo": "2fzLkui2f9",
            "total": 11,
            "valor_unitario": 689070,
            "descuento": 0.45,
            "IVA": 0
        },
        {
            "codigo": "xsijLcMfEe",
            "total": 2,
            "valor_unitario": 674456,
            "descuento": 0.49,
            "IVA": 5
        },
        {
            "codigo": "BiZ85U2sF3",
            "total": 6,
            "valor_unitario": 526881,
            "descuento": 0.06,
            "IVA": 19
        },
        {
            "codigo": "2bNzj3Dpt8",
            "total": 4,
            "valor_unitario": 150954,
            "descuento": 0.27,
            "IVA": 19
        },
        {
            "codigo": "kNHqHaB6cY",
            "total": 18,
            "valor_unitario": 991611,
            "descuento": 0.04,
            "IVA": 0
        },
        {
            "codigo": "lIKzzjQUyF",
            "total": 13,
            "valor_unitario": 784340,
            "descuento": 0.18,
            "IVA": 5
        },
        {
            "codigo": "FeM849w6b8",
            "total": 20,
            "valor_unitario": 999153,
            "descuento": 0.39,
            "IVA": 19
        },
        {
            "codigo": "WOX3vPtAXw",
            "total": 10,
            "valor_unitario": 825957,
            "descuento": 0.02,
            "IVA": 0
        },
        {
            "codigo": "6athN64437",
            "total": 18,
            "valor_unitario": 455182,
            "descuento": 0.14,
            "IVA": 5
        },
        {
            "codigo": "jOHdtdAh6N",
            "total": 10,
            "valor_unitario": 393747,
            "descuento": 0.36,
            "IVA": 0
        },
        {
            "codigo": "19EHaZPNYV",
            "total": 8,
            "valor_unitario": 491578,
            "descuento": 0.48,
            "IVA": 19
        },
        {
            "codigo": "6aaCHPV4QO",
            "total": 19,
            "valor_unitario": 914379,
            "descuento": 0.07,
            "IVA": 5
        }
    ]
}