{
    "empresa_nit": "987654321",
    "empresa_ciudad": "TUNJA",
    "empresa_sede": "terminal",
    "empresa_nombre": "FrutiBarato",
    "fecha_hora": "2021-06-04 10:06:59",
    "factura_num": "01062",
    "ciente_numero": 497328428,
    "pago_tipo": "TAR.CREDITO",
    "productos": [
        {
            "codigo": "BXZVY2bUfu",
            "total": 4,
            "valor_unitario": 131656,
            "descuento": 0.22,
            "IVA": 19
        },
        {
            "codigo": "anYMWOqeb8",
            "total": 5,
            "valor_unitario": 40786,
            "descuento": 0.12,
            "IVA": 0
        },
        {
            "codigo": "Ie9JGfkflY",
            "total": 2,
            "valor_unitario": 1392,
            "descuento": 0.11,
            "IVA": 0
        }
    ]
}