{
    "empresa_nit": "987654321",
    "empresa_ciudad": "BARRANQUILLA",
    "empresa_sede": "aeropuerto",
    "empresa_nombre": "FrutiBarato",
    "fecha_hora": "2020-01-19 07:58:20",
    "factura_num": "01375",
    "ciente_numero": 331160739,
    "pago_tipo": "EFECTIVO",
    "productos": [
        {
            "codigo": "zlfuGMgtR3",
            "total": 16,
            "valor_unitario": 666442,
            "descuento": 0.11,
            "IVA": 19
        },
        {
            "codigo": "hP1xeTuD6W",
            "total": 12,
            "valor_unitario": 948720,
            "descuento": 0.21,
            "IVA": 0
        },
        {
            "codigo": "lfpCeSA1z1",
            "total": 2,
            "valor_unitario": 91296,
            "descuento": 0.42,
            "IVA": 19
        },
        {
            "codigo": "HISaN2DjfB",
            "total": 7,
            "valor_unitario": 921934,
            "descuento": 0.21,
            "IVA": 0
        },
        {
            "codigo": "Ly4kLyqK1T",
            "total": 17,
            "valor_unitario": 849603,
            "descuento": 0.32,
            "IVA": 19
        },
        {
            "codigo": "IxLVf6aPtK",
            "total": 14,
            "valor_unitario": 365213,
            "descuento": 0.3,
            "IVA": 0
        },
        {
            "codigo": "yG9pUH36tJ",
            "total": 3,
            "valor_unitario": 415773,
            "descuento": 0.34,
            "IVA": 19
        },
        {
            "codigo": "SkMZCnfmA7",
            "total": 4,
            "valor_unitario": 482094,
            "descuento": 0.45,
            "IVA": 0
        },
        {
            "codigo": "OZCJrcEzue",
            "total": 10,
            "valor_unitario": 594064,
            "descuento": 0.13,
            "IVA": 19
        },
        {
            "codigo": "AbaBBie7NP",
            "total": 2,
            "valor_unitario": 968426,
            "descuento": 0.31,
            "IVA": 5
        },
        {
            "codigo": "MyMghbfsWE",
            "total": 18,
            "valor_unitario": 338810,
            "descuento": 0.18,
            "IVA": 0
        },
        {
            "codigo": "9FkB6xeD2E",
            "total": 16,
            "valor_unitario": 43483,
            "descuento": 0.01,
            "IVA": 0
        }
    ]
}