{
    "empresa_nit": "987654321",
    "empresa_ciudad": "CALI",
    "empresa_sede": "centro",
    "empresa_nombre": "FrutiBarato",
    "fecha_hora": "2021-08-21 11:12:26",
    "factura_num": "01421",
    "ciente_numero": 120401972,
    "pago_tipo": "EFECTIVO",
    "productos": [
        {
            "codigo": "frPwnGT8nt",
            "total": 1,
            "valor_unitario": 35925,
            "descuento": 0.49,
            "IVA": 19
        },
        {
            "codigo": "P6gHKAuLRW",
            "total": 15,
            "valor_unitario": 528021,
            "descuento": 0.23,
            "IVA": 5
        },
        {
            "codigo": "14HKmWgysl",
            "total": 4,
            "valor_unitario": 144036,
            "descuento": 0.26,
            "IVA": 5
        },
        {
            "codigo": "U8f29nsK72",
            "total": 3,
            "valor_unitario": 1753,
            "descuento": 0.01,
            "IVA": 19
        },
        {
            "codigo": "eeLZePRC0x",
            "total": 5,
            "valor_unitario": 36260,
            "descuento": 0.01,
            "IVA": 0
        },
        {
            "codigo": "ZnN2Rt0oNG",
            "total": 3,
            "valor_unitario": 352477,
            "descuento": 0.2,
            "IVA": 19
        },
        {
            "codigo": "FuYj8l4tWK",
            "total": 8,
            "valor_unitario": 748066,
            "descuento": 0.31,
            "IVA": 19
        },
        {
            "codigo": "0UIvKhZvsF",
            "total": 19,
            "valor_unitario": 59920,
            "descuento": 0.14,
            "IVA": 0
        },
        {
            "codigo": "ewgqfKIEB5",
            "total": 16,
            "valor_unitario": 227444,
            "descuento": 0.44,
            "IVA": 19
        }
    ]
}