{
    "empresa_nit": "987654321",
    "empresa_ciudad": "BARRANQUILLA",
    "empresa_sede": "alcaldia",
    "empresa_nombre": "FrutiBarato",
    "fecha_hora": "2023-10-08 01:43:05",
    "factura_num": "01108",
    "ciente_numero": 22823976,
    "pago_tipo": "TAR.DEBITO",
    "productos": [
        {
            "codigo": "X4l0qwyGaU",
            "total": 16,
            "valor_unitario": 329731,
            "descuento": 0.37,
            "IVA": 19
        },
        {
            "codigo": "jjvZY5EVch",
            "total": 1,
            "valor_unitario": 956196,
            "descuento": 0.14,
            "IVA": 19
        },
        {
            "codigo": "4ROWDNhuhh",
            "total": 10,
            "valor_unitario": 947609,
            "descuento": 0.42,
            "IVA": 19
        },
        {
            "codigo": "VnqGQ1b5ob",
            "total": 2,
            "valor_unitario": 81911,
            "descuento": 0.47,
            "IVA": 5
        },
        {
            "codigo": "wJqBLsqpEG",
            "total": 13,
            "valor_unitario": 131927,
            "descuento": 0.24,
            "IVA": 5
        },
        {
            "codigo": "kxrtVhDaJ2",
            "total": 8,
            "valor_unitario": 427757,
            "descuento": 0.39,
            "IVA": 19
        },
        {
            "codigo": "4yI4jktl8D",
            "total": 9,
            "valor_unitario": 731727,
            "descuento": 0.05,
            "IVA": 19
        },
        {
            "codigo": "uGMoLX82Lf",
            "total": 16,
            "valor_unitario": 492954,
            "descuento": 0.44,
            "IVA": 19
        },
        {
            "codigo": "gP1OPCETy6",
            "total": 13,
            "valor_unitario": 39972,
            "descuento": 0.3,
            "IVA": 5
        },
        {
            "codigo": "AUjwyv52Cn",
            "total": 1,
            "valor_unitario": 239304,
            "descuento": 0.35,
            "IVA": 19
        },
        {
            "codigo": "PI2jtf5IEH",
            "total": 16,
            "valor_unitario": 384243,
            "descuento": 0.45,
            "IVA": 0
        },
        {
            "codigo": "YLtlGEq0xs",
            "total": 16,
            "valor_unitario": 821333,
            "descuento": 0.28,
            "IVA": 0
        },
        {
            "codigo": "MF7eQgY7f3",
            "total": 16,
            "valor_unitario": 613541,
            "descuento": 0.15,
            "IVA": 19
        },
        {
            "codigo": "dlIWqF0eXD",
            "total": 2,
            "valor_unitario": 571034,
            "descuento": 0.07,
            "IVA": 0
        },
        {
            "codigo": "tvBDsLFH4o",
            "total": 8,
            "valor_unitario": 365344,
            "descuento": 0.12,
            "IVA": 5
        },
        {
            "codigo": "VGO7WhcHtv",
            "total": 17,
            "valor_unitario": 233523,
            "descuento": 0.03,
            "IVA": 0
        },
        {
            "codigo": "yjugaqDA3Y",
            "total": 18,
            "valor_unitario": 690862,
            "descuento": 0.01,
            "IVA": 5
        }
    ]
}