{
    "empresa_nit": "987654321",
    "empresa_ciudad": "BARRANQUILLA",
    "empresa_sede": "plaza",
    "empresa_nombre": "FrutiBarato",
    "fecha_hora": "2020-04-25 11:06:39",
    "factura_num": "01157",
    "ciente_numero": 413108302,
    "pago_tipo": "TRANFERENCIA",
    "productos": [
        {
            "codigo": "MTf6iLl2T5",
            "total": 15,
            "valor_unitario": 966230,
            "descuento": 0.47,
            "IVA": 0
        },
        {
            "codigo": "YLiY92sZQK",
            "total": 16,
            "valor_unitario": 967504,
            "descuento": 0.03,
            "IVA": 0
        },
        {
            "codigo": "5bk9pHsQRC",
            "total": 13,
            "valor_unitario": 841045,
            "descuento": 0.18,
            "IVA": 0
        },
        {
            "codigo": "OP7cZIzUiJ",
            "total": 17,
            "valor_unitario": 703345,
            "descuento": 0.28,
            "IVA": 5
        },
        {
            "codigo": "7zBuEpEwE8",
            "total": 12,
            "valor_unitario": 227188,
            "descuento": 0.38,
            "IVA": 19
        },
        {
            "codigo": "T5NM0YUu19",
            "total": 17,
            "valor_unitario": 990438,
            "descuento": 0.25,
            "IVA": 5
        },
        {
            "codigo": "DvILno6Tdd",
            "total": 3,
            "valor_unitario": 508900,
            "descuento": 0.3,
            "IVA": 0
        },
        {
            "codigo": "lnb9HtwocG",
            "total": 14,
            "valor_unitario": 557377,
            "descuento": 0.09,
            "IVA": 0
        },
        {
            "codigo": "qD5TEYk5FK",
            "total": 8,
            "valor_unitario": 618680,
            "descuento": 0.17,
            "IVA": 5
        },
        {
            "codigo": "8xFY7BRUjY",
            "total": 10,
            "valor_unitario": 533992,
            "descuento": 0.28,
            "IVA": 0
        },
        {
            "codigo": "bBu1fR2Asv",
            "total": 14,
            "valor_unitario": 180090,
            "descuento": 0.13,
            "IVA": 5
        },
        {
            "codigo": "6Ss9c7nxas",
            "total": 20,
            "valor_unitario": 643652,
            "descuento": 0.24,
            "IVA": 5
        },
        {
            "codigo": "xiMZn9AjlP",
            "total": 2,
            "valor_unitario": 507911,
            "descuento": 0.1,
            "IVA": 19
        },
        {
            "codigo": "IjtRzPUmCL",
            "total": 1,
            "valor_unitario": 325495,
            "descuento": 0.13,
            "IVA": 0
        },
        {
            "codigo": "eRJ9rfRGEX",
            "total": 4,
            "valor_unitario": 924984,
            "descuento": 0.35,
            "IVA": 0
        },
        {
            "codigo": "Sk7ydkDonW",
            "total": 1,
            "valor_unitario": 874640,
            "descuento": 0.15,
            "IVA": 19
        },
        {
            "codigo": "t2RroIe3JW",
            "total": 16,
            "valor_unitario": 713322,
            "descuento": 0.29,
            "IVA": 5
        },
        {
            "codigo": "RLT3vSnWPo",
            "total": 17,
            "valor_unitario": 214846,
            "descuento": 0.11,
            "IVA": 5
        },
        {
            "codigo": "BXo7d0bsbW",
            "total": 19,
            "valor_unitario": 419176,
            "descuento": 0.19,
            "IVA": 19
        },
        {
            "codigo": "1Mo23i3fp9",
            "total": 12,
            "valor_unitario": 446847,
            "descuento": 0.35,
            "IVA": 5
        }
    ]
}