{
    "empresa_nit": "987654321",
    "empresa_ciudad": "TUNJA",
    "empresa_sede": "alcaldia",
    "empresa_nombre": "FrutiBarato",
    "fecha_hora": "2024-07-28 18:48:57",
    "factura_num": "01232",
    "ciente_numero": 742674796,
    "pago_tipo": "EFECTIVO",
    "productos": [
        {
            "codigo": "iZuTb4V25N",
            "total": 15,
            "valor_unitario": 888431,
            "descuento": 0.3,
            "IVA": 5
        },
        {
            "codigo": "WE6j5554iN",
            "total": 5,
            "valor_unitario": 146502,
            "descuento": 0.12,
            "IVA": 19
        },
        {
            "codigo": "2QcIS60jHk",
            "total": 18,
            "valor_unitario": 597655,
            "descuento": 0.01,
            "IVA": 0
        },
        {
            "codigo": "TFjyY5jTnA",
            "total": 8,
            "valor_unitario": 282037,
            "descuento": 0.34,
            "IVA": 5
        },
        {
            "codigo": "5GJPYQacUb",
            "total": 1,
            "valor_unitario": 903493,
            "descuento": 0.26,
            "IVA": 19
        },
        {
            "codigo": "MNUBWpzNJ3",
            "total": 12,
            "valor_unitario": 816516,
            "descuento": 0.46,
            "IVA": 0
        },
        {
            "codigo": "HAguViL9u2",
            "total": 16,
            "valor_unitario": 36209,
            "descuento": 0.37,
            "IVA": 5
        },
        {
            "codigo": "fq23UM6y1G",
            "total": 14,
            "valor_unitario": 200300,
            "descuento": 0.3,
            "IVA": 0
        },
        {
            "codigo": "OOD48c2pcD",
            "total": 7,
            "valor_unitario": 938412,
            "descuento": 0.35,
            "IVA": 0
        },
        {
            "codigo": "muROqT1OnL",
            "total": 15,
            "valor_unitario": 81143,
            "descuento": 0.2,
            "IVA": 5
        },
        {
            "codigo": "k2fWniSsqe",
            "total": 20,
            "valor_unitario": 93110,
            "descuento": 0.11,
            "IVA": 0
        }
    ]
}