{
    "empresa_nit": "987654321",
    "empresa_ciudad": "MEDELLIN",
    "empresa_sede": "aeropuerto",
    "empresa_nombre": "FrutiBarato",
    "fecha_hora": "2021-11-14 02:06:44",
    "factura_num": "01317",
    "ciente_numero": 998893792,
    "pago_tipo": "TAR.DEBITO",
    "productos": [
        {
            "codigo": "huJfyYLIMN",
            "total": 3,
            "valor_unitario": 373609,
            "descuento": 0.42,
            "IVA": 5
        },
        {
            "codigo": "oZMSmigEQA",
            "total": 15,
            "valor_unitario": 230022,
            "descuento": 0.46,
            "IVA": 0
        },
        {
            "codigo": "6v4REonl6G",
            "total": 3,
            "valor_unitario": 104548,
            "descuento": 0.36,
            "IVA": 0
        },
        {
            "codigo": "4PI16GQDtu",
            "total": 10,
            "valor_unitario": 505412,
            "descuento": 0.22,
            "IVA": 19
        },
        {
            "codigo": "w1uoHwwJgA",
            "total": 1,
            "valor_unitario": 859089,
            "descuento": 0.4,
            "IVA": 0
        },
        {
            "codigo": "tokm01AFkt",
            "total": 15,
            "valor_unitario": 65208,
            "descuento": 0.11,
            "IVA": 0
        },
        {
            "codigo": "yfFeFMJSlB",
            "total": 11,
            "valor_unitario": 900279,
            "descuento": 0.47,
            "IVA": 5
        },
        {
            "codigo": "Z62Sv5v1rp",
            "total": 16,
            "valor_unitario": 444891,
            "descuento": 0.05,
            "IVA": 5
        },
        {
            "codigo": "088hXRACDF",
            "total": 8,
            "valor_unitario": 57448,
            "descuento": 0.05,
            "IVA": 0
        },
        {
            "codigo": "FlOTDpM63y",
            "total": 9,
            "valor_unitario": 508408,
            "descuento": 0.29,
            "IVA": 19
        },
        {
            "codigo": "kE32ZTadGU",
            "total": 13,
            "valor_unitario": 141943,
            "descuento": 0.05,
            "IVA": 0
        },
        {
            "codigo": "RIHgtrTMDR",
            "total": 20,
            "valor_unitario": 931097,
            "descuento": 0.31,
            "IVA": 5
        },
        {
            "codigo": "LSGMuh0h8f",
            "total": 14,
            "valor_unitario": 649640,
            "descuento": 0.49,
            "IVA": 5
        },
        {
            "codigo": "SXuD7nK8eZ",
            "total": 16,
            "valor_unitario": 387436,
            "descuento": 0.02,
            "IVA": 5
        }
    ]
}