{
    "empresa_nit": "987654321",
    "empresa_ciudad": "TUNJA",
    "empresa_sede": "terminal",
    "empresa_nombre": "FrutiBarato",
    "fecha_hora": "2020-06-09 03:11:26",
    "factura_num": "01249",
    "ciente_numero": 528914621,
    "pago_tipo": "EFECTIVO",
    "productos": [
        {
            "codigo": "EeDO4orsUL",
            "total": 19,
            "valor_unitario": 751437,
            "descuento": 0.44,
            "IVA": 19
        },
        {
            "codigo": "YXPFOLCFix",
            "total": 14,
            "valor_unitario": 670004,
            "descuento": 0.12,
            "IVA": 0
        },
        {
            "codigo": "y5e663Gn06",
            "total": 3,
            "valor_unitario": 361758,
            "descuento": 0.02,
            "IVA": 0
        },
        {
            "codigo": "L2L46WmAc9",
            "total": 4,
            "valor_unitario": 875462,
            "descuento": 0.23,
            "IVA": 5
        },
        {
            "codigo": "cDJWRAr0P0",
            "total": 4,
            "valor_unitario": 86003,
            "descuento": 0.25,
            "IVA": 5
        },
        {
            "codigo": "LFf6ZahndP",
            "total": 20,
            "valor_unitario": 970460,
            "descuento": 0.29,
            "IVA": 19
        },
        {
            "codigo": "WRzJ2wu8Dk",
            "total": 6,
            "valor_unitario": 819800,
            "descuento": 0.49,
            "IVA": 5
        },
        {
            "codigo": "zVTjmoSyb4",
            "total": 12,
            "valor_unitario": 945645,
            "descuento": 0.2,
            "IVA": 19
        },
        {
            "codigo": "CZvvgKqkEE",
            "total": 11,
            "valor_unitario": 288231,
            "descuento": 0.2,
            "IVA": 0
        },
        {
            "codigo": "5Qwnxv2MHw",
            "total": 18,
            "valor_unitario": 961251,
            "descuento": 0.11,
            "IVA": 5
        },
        {
            "codigo": "UeRAIsgghp",
            "total": 17,
            "valor_unitario": 122471,
            "descuento": 0.47,
            "IVA": 5
        },
        {
            "codigo": "GJPfy30zs4",
            "total": 14,
            "valor_unitario": 320401,
            "descuento": 0.31,
            "IVA": 19
        },
        {
            "codigo": "D6u6PG6V0o",
            "total": 17,
            "valor_unitario": 357811,
            "descuento": 0.07,
            "IVA": 0
        },
        {
            "codigo": "tRMLvGYCpT",
            "total": 4,
            "valor_unitario": 42145,
            "descuento": 0.22,
            "IVA": 0
        },
        {
            "codigo": "Betu9BCail",
            "total": 8,
            "valor_unitario": 343586,
            "descuento": 0.12,
            "IVA": 19
        }
    ]
}