{
    "empresa_nit": "987654321",
    "empresa_ciudad": "BOGOTA",
    "empresa_sede": "plaza",
    "empresa_nombre": "FrutiBarato",
    "fecha_hora": "2023-12-17 12:13:19",
    "factura_num": "01326",
    "ciente_numero": 261433775,
    "pago_tipo": "TAR.CREDITO",
    "productos": [
        {
            "codigo": "YzJGjg9yin",
            "total": 6,
            "valor_unitario": 443838,
            "descuento": 0.36,
            "IVA": 0
        },
        {
            "codigo": "BVuabxVaNj",
            "total": 1,
            "valor_unitario": 676859,
            "descuento": 0.15,
            "IVA": 5
        },
        {
            "codigo": "MuwjUY2iYg",
            "total": 12,
            "valor_unitario": 351520,
            "descuento": 0.38,
            "IVA": 19
        },
        {
            "codigo": "vPb1sNHZL1",
            "total": 1,
            "valor_unitario": 357769,
            "descuento": 0.36,
            "IVA": 0
        },
        {
            "codigo": "m7FdUbQ1gl",
            "total": 12,
            "valor_unitario": 65897,
            "descuento": 0.39,
            "IVA": 5
        },
        {
            "codigo": "OlDy9O3BkH",
            "total": 15,
            "valor_unitario": 764661,
            "descuento": 0.1,
            "IVA": 19
        },
        {
            "codigo": "bci9wzclJJ",
            "total": 11,
            "valor_unitario": 878439,
            "descuento": 0.27,
            "IVA": 19
        },
        {
            "codigo": "RxTkaduIpJ",
            "total": 3,
            "valor_unitario": 933833,
            "descuento": 0.11,
            "IVA": 19
        },
        {
            "codigo": "Md1aStknDw",
            "total": 3,
            "valor_unitario": 297578,
            "descuento": 0.02,
            "IVA": 19
        }
    ]
}