{
    "empresa_nit": "987654321",
    "empresa_ciudad": "BOGOTA",
    "empresa_sede": "autopista",
    "empresa_nombre": "FrutiBarato",
    "fecha_hora": "2021-04-15 19:55:04",
    "factura_num": "01266",
    "ciente_numero": 380792908,
    "pago_tipo": "TAR.DEBITO",
    "productos": [
        {
            "codigo": "LOW4BDy3Es",
            "total": 6,
            "valor_unitario": 292164,
            "descuento": 0.3,
            "IVA": 19
        },
        {
            "codigo": "JvZOPZHG0X",
            "total": 16,
            "valor_unitario": 408457,
            "descuento": 0.11,
            "IVA": 19
        },
        {
            "codigo": "lYReWBeGZe",
            "total": 19,
            "valor_unitario": 117172,
            "descuento": 0.32,
            "IVA": 19
        },
        {
            "codigo": "oqENgpGv3Q",
            "total": 15,
            "valor_unitario": 770753,
            "descuento": 0.24,
            "IVA": 0
        },
        {
            "codigo": "qMxE5UCmn6",
            "total": 7,
            "valor_unitario": 13577,
            "descuento": 0.35,
            "IVA": 19
        },
        {
            "codigo": "ieMSnoQBlg",
            "total": 17,
            "valor_unitario": 312743,
            "descuento": 0.39,
            "IVA": 5
        },
        {
            "codigo": "nPaUpsBbzF",
            "total": 8,
            "valor_unitario": 39610,
            "descuento": 0.39,
            "IVA": 5
        },
        {
            "codigo": "iBhYDpJMoA",
            "total": 3,
            "valor_unitario": 155477,
            "descuento": 0.27,
            "IVA": 0
        },
        {
            "codigo": "gxymT5ucBm",
            "total": 18,
            "valor_unitario": 151676,
            "descuento": 0.49,
            "IVA": 5
        },
        {
            "codigo": "LCYyOc6bEY",
            "total": 12,
            "valor_unitario": 629655,
            "descuento": 0.22,
            "IVA": 5
        },
        {
            "codigo": "79wHT4Rpxh",
            "total": 17,
            "valor_unitario": 314653,
            "descuento": 0.35,
            "IVA": 19
        },
        {
            "codigo": "jYIGpvfn1K",
            "total": 16,
            "valor_unitario": 709316,
            "descuento": 0.12,
            "IVA": 0
        },
        {
            "codigo": "daekhngavg",
            "total": 15,
            "valor_unitario": 646178,
            "descuento": 0.38,
            "IVA": 19
        },
        {
            "codigo": "uj8AS6pLCT",
            "total": 12,
            "valor_unitario": 204507,
            "descuento": 0.06,
            "IVA": 5
        },
        {
            "codigo": "AbqgVWRkOj",
            "total": 20,
            "valor_unitario": 657045,
            "descuento": 0.39,
            "IVA": 5
        },
        {
            "codigo": "cVNBIdtrH5",
            "total": 4,
            "valor_unitario": 483247,
            "descuento": 0.48,
            "IVA": 0
        },
        {
            "codigo": "d8d5cIhXjY",
            "total": 1,
            "valor_unitario": 578676,
            "descuento": 0.07,
            "IVA": 5
        },
        {
            "codigo": "R7EXKE61Jd",
            "total": 6,
            "valor_unitario": 335228,
            "descuento": 0.48,
            "IVA": 0
        }
    ]
}