{
    "empresa_nit": "987654321",
    "empresa_ciudad": "MEDELLIN",
    "empresa_sede": "centro",
    "empresa_nombre": "FrutiBarato",
    "fecha_hora": "2020-12-26 13:22:42",
    "factura_num": "01141",
    "ciente_numero": 964776153,
    "pago_tipo": "TAR.CREDITO",
    "productos": [
        {
            "codigo": "wiNqM0alWi",
            "total": 9,
            "valor_unitario": 497296,
            "descuento": 0.21,
            "IVA": 5
        },
        {
            "codigo": "EQZWT8BAXE",
            "total": 1,
            "valor_unitario": 145868,
            "descuento": 0.06,
            "IVA": 5
        },
        {
            "codigo": "tCAlTFF2ya",
            "total": 20,
            "valor_unitario": 223424,
            "descuento": 0.01,
            "IVA": 19
        },
        {
            "codigo": "vG5Xj9MRxG",
            "total": 8,
            "valor_unitario": 743667,
            "descuento": 0.15,
            "IVA": 0
        },
        {
            "codigo": "6EPGWHAxjl",
            "total": 19,
            "valor_unitario": 592794,
            "descuento": 0.23,
            "IVA": 19
        },
        {
            "codigo": "x80BkzSyHu",
            "total": 17,
            "valor_unitario": 955450,
            "descuento": 0.38,
            "IVA": 19
        },
        {
            "codigo": "dgT4BlSInE",
            "total": 12,
            "valor_unitario": 541783,
            "descuento": 0.04,
            "IVA": 5
        },
        {
            "codigo": "YoTiOmhwYy",
            "total": 14,
            "valor_unitario": 697258,
            "descuento": 0.15,
            "IVA": 19
        },
        {
            "codigo": "x6rrfBsXaf",
            "total": 7,
            "valor_unitario": 702080,
            "descuento": 0.18,
            "IVA": 0
        },
        {
            "codigo": "GO4vKGMcr2",
            "total": 15,
            "valor_unitario": 619589,
            "descuento": 0.0,
            "IVA": 5
        }
    ]
}