{
    "empresa_nit": "987654321",
    "empresa_ciudad": "BOGOTA",
    "empresa_sede": "alcaldia",
    "empresa_nombre": "FrutiBarato",
    "fecha_hora": "2025-03-11 19:50:51",
    "factura_num": "00134",
    "ciente_numero": 643208770,
    "pago_tipo": "TRANFERENCIA",
    "productos": [
        {
            "codigo": "9Fko19Y15x",
            "total": 15,
            "valor_unitario": 422669,
            "descuento": 0.4,
            "IVA": 0
        },
        {
            "codigo": "VWwAup1r9x",
            "total": 8,
            "valor_unitario": 41525,
            "descuento": 0.11,
            "IVA": 0
        },
        {
            "codigo": "PuQUhkGR5q",
            "total": 4,
            "valor_unitario": 699215,
            "descuento": 0.27,
            "IVA": 19
        },
        {
            "codigo": "c0TXLYpfiV",
            "total": 19,
            "valor_unitario": 616564,
            "descuento": 0.2,
            "IVA": 19
        },
        {
            "codigo": "e0kQCgnt3b",
            "total": 7,
            "valor_unitario": 673637,
            "descuento": 0.24,
            "IVA": 0
        },
        {
            "codigo": "SjgGchDCKv",
            "total": 5,
            "valor_unitario": 387114,
            "descuento": 0.43,
            "IVA": 19
        },
        {
            "codigo": "xBp9SMo8Np",
            "total": 16,
            "valor_unitario": 294914,
            "descuento": 0.18,
            "IVA": 0
        }
    ]
}