{
    "empresa_nit": "987654321",
    "empresa_ciudad": "BARRANQUILLA",
    "empresa_sede": "plaza",
    "empresa_nombre": "FrutiBarato",
    "fecha_hora": "2022-03-30 21:31:54",
    "factura_num": "01380",
    "ciente_numero": 944673546,
    "pago_tipo": "TAR.DEBITO",
    "productos": [
        {
            "codigo": "vmkifWprR2",
            "total": 8,
            "valor_unitario": 266745,
            "descuento": 0.14,
            "IVA": 19
        },
        {
            "codigo": "Iou4hrnL2P",
            "total": 9,
            "valor_unitario": 119794,
            "descuento": 0.5,
            "IVA": 0
        },
        {
            "codigo": "96NDK7P8Qk",
            "total": 18,
            "valor_unitario": 845434,
            "descuento": 0.36,
            "IVA": 0
        },
        {
            "codigo": "NqPFIAfWt0",
            "total": 12,
            "valor_unitario": 292347,
            "descuento": 0.29,
            "IVA": 5
        },
        {
            "codigo": "0jluZwAVbk",
            "total": 1,
            "valor_unitario": 406268,
            "descuento": 0.35,
            "IVA": 5
        },
        {
            "codigo": "A7o15qUexw",
            "total": 7,
            "valor_unitario": 725567,
            "descuento": 0.18,
            "IVA": 5
        },
        {
            "codigo": "6KU4fpfB4R",
            "total": 7,
            "valor_unitario": 237539,
            "descuento": 0.27,
            "IVA": 0
        },
        {
            "codigo": "YjnCf31yX5",
            "total": 6,
            "valor_unitario": 648259,
            "descuento": 0.37,
            "IVA": 0
        },
        {
            "codigo": "i9XvcjkW9e",
            "total": 18,
            "valor_unitario": 520967,
            "descuento": 0.26,
            "IVA": 5
        },
        {
            "codigo": "Mo5rkn8Wy5",
            "total": 2,
            "valor_unitario": 348053,
            "descuento": 0.12,
            "IVA": 5
        },
        {
            "codigo": "awY1Rt63nQ",
            "total": 13,
            "valor_unitario": 669086,
            "descuento": 0.14,
            "IVA": 5
        },
        {
            "codigo": "124XdAQGEV",
            "total": 1,
            "valor_unitario": 538696,
            "descuento": 0.19,
            "IVA": 5
        },
        {
            "codigo": "oh0zOaN06R",
            "total": 7,
            "valor_unitario": 154017,
            "descuento": 0.41,
            "IVA": 5
        },
        {
            "codigo": "1OdvqE4Vz9",
            "total": 17,
            "valor_unitario": 190313,
            "descuento": 0.15,
            "IVA": 5
        },
        {
            "codigo": "NyPpzpOYtp",
            "total": 2,
            "valor_unitario": 787752,
            "descuento": 0.3,
            "IVA": 19
        }
    ]
}