{
    "empresa_nit": "987654321",
    "empresa_ciudad": "MEDELLIN",
    "empresa_sede": "alcaldia",
    "empresa_nombre": "FrutiBarato",
    "fecha_hora": "2020-08-08 13:50:34",
    "factura_num": "01241",
    "ciente_numero": 396116646,
    "pago_tipo": "TAR.CREDITO",
    "productos": [
        {
            "codigo": "jBmIi3K0nw",
            "total": 14,
            "valor_unitario": 606702,
            "descuento": 0.1,
            "IVA": 19
        },
        {
            "codigo": "8vHY85zHRY",
            "total": 15,
            "valor_unitario": 536204,
            "descuento": 0.37,
            "IVA": 19
        },
        {
            "codigo": "f5BAZgbJ7y",
            "total": 11,
            "valor_unitario": 649893,
            "descuento": 0.46,
            "IVA": 19
        },
        {
            "codigo": "nr6Esh3mYD",
            "total": 12,
            "valor_unitario": 249626,
            "descuento": 0.01,
            "IVA": 5
        }
    ]
}