{
    "empresa_nit": "987654321",
    "empresa_ciudad": "CALI",
    "empresa_sede": "plaza",
    "empresa_nombre": "FrutiBarato",
    "fecha_hora": "2022-04-10 17:28:53",
    "factura_num": "01427",
    "ciente_numero": 888772662,
    "pago_tipo": "TAR.CREDITO",
    "productos": [
        {
            "codigo": "LzM8x6nqDk",
            "total": 18,
            "valor_unitario": 5791,
            "descuento": 0.35,
            "IVA": 19
        },
        {
            "codigo": "UTElH6fWZZ",
            "total": 14,
            "valor_unitario": 17562,
            "descuento": 0.26,
            "IVA": 5
        },
        {
            "codigo": "u6tKD5MbpW",
            "total": 14,
            "valor_unitario": 946623,
            "descuento": 0.01,
            "IVA": 0
        },
        {
            "codigo": "VwzbWz9muj",
            "total": 8,
            "valor_unitario": 923225,
            "descuento": 0.05,
            "IVA": 5
        },
        {
            "codigo": "EIAIrBz6vx",
            "total": 13,
            "valor_unitario": 271554,
            "descuento": 0.43,
            "IVA": 5
        },
        {
            "codigo": "ekY9OMX2as",
            "total": 9,
            "valor_unitario": 17954,
            "descuento": 0.33,
            "IVA": 0
        },
        {
            "codigo": "emcKse734M",
            "total": 5,
            "valor_unitario": 68118,
            "descuento": 0.48,
            "IVA": 5
        }
    ]
}