{
    "empresa_nit": "987654321",
    "empresa_ciudad": "BARRANQUILLA",
    "empresa_sede": "terminal",
    "empresa_nombre": "FrutiBarato",
    "fecha_hora": "2022-12-27 19:26:00",
    "factura_num": "01397",
    "ciente_numero": 294491044,
    "pago_tipo": "TAR.DEBITO",
    "productos": [
        {
            "codigo": "WE4VngyWjV",
            "total": 19,
            "valor_unitario": 323021,
            "descuento": 0.31,
            "IVA": 0
        },
        {
            "codigo": "VJkGGUImax",
            "total": 19,
            "valor_unitario": 390901,
            "descuento": 0.02,
            "IVA": 19
        },
        {
            "codigo": "CVdMMhvqu3",
            "total": 15,
            "valor_unitario": 391329,
            "descuento": 0.32,
            "IVA": 5
        },
        {
            "codigo": "oY32Cxldcw",
            "total": 9,
            "valor_unitario": 505659,
            "descuento": 0.23,
            "IVA": 19
        },
        {
            "codigo": "9lmmQeG0Ko",
            "total": 10,
            "valor_unitario": 179010,
            "descuento": 0.09,
            "IVA": 19
        },
        {
            "codigo": "tdxHScZOex",
            "total": 19,
            "valor_unitario": 404355,
            "descuento": 0.23,
            "IVA": 0
        },
        {
            "codigo": "7JoGy94ylA",
            "total": 7,
            "valor_unitario": 639266,
            "descuento": 0.39,
            "IVA": 19
        },
        {
            "codigo": "GZKBQdmRe9",
            "total": 2,
            "valor_unitario": 587764,
            "descuento": 0.23,
            "IVA": 5
        }
    ]
}