{
    "empresa_nit": "987654321",
    "empresa_ciudad": "TUNJA",
    "empresa_sede": "centro",
    "empresa_nombre": "FrutiBarato",
    "fecha_hora": "2024-12-10 19:54:22",
    "factura_num": "01342",
    "ciente_numero": 902011024,
    "pago_tipo": "EFECTIVO",
    "productos": [
        {
            "codigo": "LrnTXmn2QD",
            "total": 19,
            "valor_unitario": 205744,
            "descuento": 0.31,
            "IVA": 19
        },
        {
            "codigo": "pJtda5ZOGj",
            "total": 7,
            "valor_unitario": 15127,
            "descuento": 0.01,
            "IVA": 5
        },
        {
            "codigo": "8Ij7TNlqYv",
            "total": 11,
            "valor_unitario": 729533,
            "descuento": 0.08,
            "IVA": 19
        },
        {
            "codigo": "mEEZqxXr9h",
            "total": 11,
            "valor_unitario": 357209,
            "descuento": 0.11,
            "IVA": 0
        },
        {
            "codigo": "QuFNJcl60G",
            "total": 15,
            "valor_unitario": 623904,
            "descuento": 0.2,
            "IVA": 0
        },
        {
            "codigo": "aaZokGbZVp",
            "total": 5,
            "valor_unitario": 843312,
            "descuento": 0.01,
            "IVA": 0
        },
        {
            "codigo": "KYBBFi8HHj",
            "total": 11,
            "valor_unitario": 50738,
            "descuento": 0.43,
            "IVA": 19
        },
        {
            "codigo": "RNGXyswEkX",
            "total": 6,
            "valor_unitario": 674782,
            "descuento": 0.24,
            "IVA": 5
        },
        {
            "codigo": "n52EPxH9M7",
            "total": 10,
            "valor_unitario": 151656,
            "descuento": 0.24,
            "IVA": 19
        },
        {
            "codigo": "zlk6IIlmHI",
            "total": 9,
            "valor_unitario": 121362,
            "descuento": 0.44,
            "IVA": 5
        },
        {
            "codigo": "km5Kap3t60",
            "total": 17,
            "valor_unitario": 221971,
            "descuento": 0.13,
            "IVA": 19
        },
        {
            "codigo": "90MwcTvvb5",
            "total": 1,
            "valor_unitario": 116768,
            "descuento": 0.17,
            "IVA": 5
        },
        {
            "codigo": "74F0tLijWZ",
            "total": 3,
            "valor_unitario": 172543,
            "descuento": 0.38,
            "IVA": 0
        },
        {
            "codigo": "aZzdA7M6Dd",
            "total": 6,
            "valor_unitario": 294149,
            "descuento": 0.04,
            "IVA": 19
        },
        {
            "codigo": "Vn14G2eg7T",
            "total": 20,
            "valor_unitario": 852889,
            "descuento": 0.02,
            "IVA": 0
        },
        {
            "codigo": "OK3mzYKvVE",
            "total": 9,
            "valor_unitario": 775096,
            "descuento": 0.23,
            "IVA": 19
        }
    ]
}