{
    "empresa_nit": "987654321",
    "empresa_ciudad": "MEDELLIN",
    "empresa_sede": "autopista",
    "empresa_nombre": "FrutiBarato",
    "fecha_hora": "2020-07-20 18:02:22",
    "factura_num": "00126",
    "ciente_numero": 59580504,
    "pago_tipo": "TAR.CREDITO",
    "productos": [
        {
            "codigo": "Kz2KnGk0Pe",
            "total": 13,
            "valor_unitario": 413613,
            "descuento": 0.26,
            "IVA": 0
        },
        {
            "codigo": "YDQZu27OBX",
            "total": 12,
            "valor_unitario": 549300,
            "descuento": 0.45,
            "IVA": 5
        },
        {
            "codigo": "l8hVWWAjRf",
            "total": 6,
            "valor_unitario": 745290,
            "descuento": 0.15,
            "IVA": 19
        },
        {
            "codigo": "1Hd6VeEdwW",
            "total": 11,
            "valor_unitario": 797066,
            "descuento": 0.02,
            "IVA": 0
        },
        {
            "codigo": "Wwrb6kwqKN",
            "total": 14,
            "valor_unitario": 892357,
            "descuento": 0.15,
            "IVA": 0
        },
        {
            "codigo": "YMpqs5yFNg",
            "total": 15,
            "valor_unitario": 328630,
            "descuento": 0.4,
            "IVA": 0
        },
        {
            "codigo": "MRnZjslURa",
            "total": 9,
            "valor_unitario": 672606,
            "descuento": 0.33,
            "IVA": 0
        },
        {
            "codigo": "yNumsCoG3b",
            "total": 13,
            "valor_unitario": 810068,
            "descuento": 0.15,
            "IVA": 0
        }
    ]
}