{
    "empresa_nit": "987654321",
    "empresa_ciudad": "MEDELLIN",
    "empresa_sede": "aeropuerto",
    "empresa_nombre": "FrutiBarato",
    "fecha_hora": "2020-11-06 20:28:34",
    "factura_num": "01443",
    "ciente_numero": 647167386,
    "pago_tipo": "TRANFERENCIA",
    "productos": [
        {
            "codigo": "uMKMbAAurx",
            "total": 9,
            "valor_unitario": 365244,
            "descuento": 0.43,
            "IVA": 5
        },
        {
            "codigo": "wfG67dEzdm",
            "total": 11,
            "valor_unitario": 324292,
            "descuento": 0.34,
            "IVA": 19
        },
        {
            "codigo": "4o8lEkFxyf",
            "total": 4,
            "valor_unitario": 696011,
            "descuento": 0.22,
            "IVA": 0
        },
        {
            "codigo": "vAaLZXYTtx",
            "total": 2,
            "valor_unitario": 857117,
            "descuento": 0.01,
            "IVA": 0
        },
        {
            "codigo": "Ts6peGMxFE",
            "total": 2,
            "valor_unitario": 659421,
            "descuento": 0.38,
            "IVA": 5
        },
        {
            "codigo": "1ARk7Bj7Yr",
            "total": 14,
            "valor_unitario": 612662,
            "descuento": 0.24,
            "IVA": 19
        },
        {
            "codigo": "Vd1Kev2I2r",
            "total": 14,
            "valor_unitario": 30770,
            "descuento": 0.26,
            "IVA": 19
        },
        {
            "codigo": "dV44qLnlvg",
            "total": 5,
            "valor_unitario": 281875,
            "descuento": 0.05,
            "IVA": 0
        },
        {
            "codigo": "xXQt5B4Xpd",
            "total": 13,
            "valor_unitario": 169668,
            "descuento": 0.25,
            "IVA": 19
        },
        {
            "codigo": "RHYR87mYHw",
            "total": 2,
            "valor_unitario": 609262,
            "descuento": 0.47,
            "IVA": 0
        },
        {
            "codigo": "kUbBL4TkGd",
            "total": 18,
            "valor_unitario": 622031,
            "descuento": 0.15,
            "IVA": 19
        },
        {
            "codigo": "fmNEb3Otf8",
            "total": 5,
            "valor_unitario": 562337,
            "descuento": 0.32,
            "IVA": 0
        },
        {
            "codigo": "kYNPtA7xxf",
            "total": 16,
            "valor_unitario": 539296,
            "descuento": 0.22,
            "IVA": 5
        },
        {
            "codigo": "fIgY1kzz2S",
            "total": 6,
            "valor_unitario": 234082,
            "descuento": 0.16,
            "IVA": 19
        },
        {
            "codigo": "DU9DrFod3Y",
            "total": 6,
            "valor_unitario": 461057,
            "descuento": 0.3,
            "IVA": 5
        },
        {
            "codigo": "Unf9dpFoFA",
            "total": 1,
            "valor_unitario": 384190,
            "descuento": 0.01,
            "IVA": 19
        }
    ]
}