{
    "empresa_nit": "987654321",
    "empresa_ciudad": "BOGOTA",
    "empresa_sede": "alcaldia",
    "empresa_nombre": "FrutiBarato",
    "fecha_hora": "2022-09-17 16:18:38",
    "factura_num": "01379",
    "ciente_numero": 8217924,
    "pago_tipo": "EFECTIVO",
    "productos": [
        {
            "codigo": "oz7It9LuJL",
            "total": 1,
            "valor_unitario": 445591,
            "descuento": 0.12,
            "IVA": 5
        },
        {
            "codigo": "YxU5EMqMGE",
            "total": 8,
            "valor_unitario": 512148,
            "descuento": 0.48,
            "IVA": 5
        },
        {
            "codigo": "LXBWEkSUOl",
            "total": 20,
            "valor_unitario": 968804,
            "descuento": 0.19,
            "IVA": 5
        },
        {
            "codigo": "ArfSAWBnvR",
            "total": 10,
            "valor_unitario": 598058,
            "descuento": 0.29,
            "IVA": 19
        },
        {
            "codigo": "ajHtDsz0Js",
            "total": 5,
            "valor_unitario": 71223,
            "descuento": 0.32,
            "IVA": 0
        },
        {
            "codigo": "yCVx34oj0X",
            "total": 12,
            "valor_unitario": 443954,
            "descuento": 0.19,
            "IVA": 0
        },
        {
            "codigo": "3mfOxnnDXx",
            "total": 4,
            "valor_unitario": 890685,
            "descuento": 0.33,
            "IVA": 19
        },
        {
            "codigo": "8SoOSHMbqc",
            "total": 16,
            "valor_unitario": 479102,
            "descuento": 0.26,
            "IVA": 19
        },
        {
            "codigo": "XjDw750AZL",
            "total": 2,
            "valor_unitario": 440225,
            "descuento": 0.49,
            "IVA": 5
        },
        {
            "codigo": "LMq9bFy6nr",
            "total": 11,
            "valor_unitario": 75366,
            "descuento": 0.1,
            "IVA": 19
        },
        {
            "codigo": "aQYvRLQGna",
            "total": 11,
            "valor_unitario": 305680,
            "descuento": 0.04,
            "IVA": 5
        },
        {
            "codigo": "yEyici7eE4",
            "total": 19,
            "valor_unitario": 647530,
            "descuento": 0.1,
            "IVA": 0
        },
        {
            "codigo": "3qDEtamb9G",
            "total": 15,
            "valor_unitario": 669778,
            "descuento": 0.18,
            "IVA": 5
        },
        {
            "codigo": "JtdXXv0yvt",
            "total": 4,
            "valor_unitario": 441177,
            "descuento": 0.48,
            "IVA": 0
        },
        {
            "codigo": "iwSUriUibz",
            "total": 12,
            "valor_unitario": 403354,
            "descuento": 0.1,
            "IVA": 5
        }
    ]
}