{
    "empresa_nit": "987654321",
    "empresa_ciudad": "MEDELLIN",
    "empresa_sede": "autopista",
    "empresa_nombre": "FrutiBarato",
    "fecha_hora": "2021-01-29 21:42:05",
    "factura_num": "01372",
    "ciente_numero": 904189461,
    "pago_tipo": "TAR.CREDITO",
    "productos": [
        {
            "codigo": "4RXMdEXmZY",
            "total": 3,
            "valor_unitario": 146844,
            "descuento": 0.2,
            "IVA": 0
        },
        {
            "codigo": "nHBBAdwI7L",
            "total": 18,
            "valor_unitario": 317131,
            "descuento": 0.29,
            "IVA": 19
        },
        {
            "codigo": "fS01V03cfG",
            "total": 5,
            "valor_unitario": 980913,
            "descuento": 0.07,
            "IVA": 19
        },
        {
            "codigo": "m2ha359M2E",
            "total": 14,
            "valor_unitario": 938281,
            "descuento": 0.33,
            "IVA": 19
        },
        {
            "codigo": "eVxA5FlDLg",
            "total": 10,
            "valor_unitario": 561720,
            "descuento": 0.08,
            "IVA": 5
        },
        {
            "codigo": "QwERPCTWLP",
            "total": 4,
            "valor_unitario": 673332,
            "descuento": 0.21,
            "IVA": 5
        },
        {
            "codigo": "Hm7YerFvYP",
            "total": 1,
            "valor_unitario": 237520,
            "descuento": 0.29,
            "IVA": 0
        },
        {
            "codigo": "NEsr8zlOCF",
            "total": 17,
            "valor_unitario": 69341,
            "descuento": 0.21,
            "IVA": 0
        },
        {
            "codigo": "etwiZuKDiy",
            "total": 19,
            "valor_unitario": 470776,
            "descuento": 0.22,
            "IVA": 19
        },
        {
            "codigo": "HQio5KgdD0",
            "total": 14,
            "valor_unitario": 436338,
            "descuento": 0.28,
            "IVA": 5
        },
        {
            "codigo": "Hypxg2tDpv",
            "total": 14,
            "valor_unitario": 549421,
            "descuento": 0.32,
            "IVA": 5
        },
        {
            "codigo": "zsCrTd5l1O",
            "total": 16,
            "valor_unitario": 975305,
            "descuento": 0.46,
            "IVA": 19
        },
        {
            "codigo": "lchUJHbThk",
            "total": 20,
            "valor_unitario": 267738,
            "descuento": 0.12,
            "IVA": 19
        },
        {
            "codigo": "dDxy4y3m3I",
            "total": 13,
            "valor_unitario": 81326,
            "descuento": 0.31,
            "IVA": 0
        },
        {
            "codigo": "ahVRw9SX0v",
            "total": 1,
            "valor_unitario": 68134,
            "descuento": 0.24,
            "IVA": 5
        },
        {
            "codigo": "zyfM12stoX",
            "total": 19,
            "valor_unitario": 584254,
            "descuento": 0.48,
            "IVA": 19
        },
        {
            "codigo": "gLrrpp23Qk",
            "total": 9,
            "valor_unitario": 952388,
            "descuento": 0.26,
            "IVA": 19
        }
    ]
}