{
    "empresa_nit": "987654321",
    "empresa_ciudad": "TUNJA",
    "empresa_sede": "centro",
    "empresa_nombre": "FrutiBarato",
    "fecha_hora": "2023-05-06 20:42:55",
    "factura_num": "00123",
    "ciente_numero": 195352233,
    "pago_tipo": "TRANFERENCIA",
    "productos": [
        {
            "codigo": "8mQ36O5MyO",
            "total": 1,
            "valor_unitario": 194095,
            "descuento": 0.47,
            "IVA": 5
        },
        {
            "codigo": "eiYtvgheDg",
            "total": 12,
            "valor_unitario": 746077,
            "descuento": 0.34,
            "IVA": 5
        },
        {
            "codigo": "tmtWw7v9s3",
            "total": 10,
            "valor_unitario": 595322,
            "descuento": 0.29,
            "IVA": 5
        },
        {
            "codigo": "wI7RrqydG7",
            "total": 14,
            "valor_unitario": 875052,
            "descuento": 0.21,
            "IVA": 5
        },
        {
            "codigo": "BfIj7avSit",
            "total": 20,
            "valor_unitario": 747477,
            "descuento": 0.08,
            "IVA": 5
        },
        {
            "codigo": "OcWsYD0Lep",
            "total": 10,
            "valor_unitario": 501445,
            "descuento": 0.09,
            "IVA": 0
        },
        {
            "codigo": "WiA4uFM20i",
            "total": 13,
            "valor_unitario": 685560,
            "descuento": 0.05,
            "IVA": 5
        },
        {
            "codigo": "atI1vC9VW9",
            "total": 7,
            "valor_unitario": 934269,
            "descuento": 0.26,
            "IVA": 0
        },
        {
            "codigo": "Z4VWiMCJ1Y",
            "total": 2,
            "valor_unitario": 212988,
            "descuento": 0.12,
            "IVA": 19
        },
        {
            "codigo": "gyQxfbL39p",
            "total": 12,
            "valor_unitario": 780478,
            "descuento": 0.05,
            "IVA": 0
        },
        {
            "codigo": "CgybLCtsKa",
            "total": 20,
            "valor_unitario": 337161,
            "descuento": 0.05,
            "IVA": 0
        },
        {
            "codigo": "LmnkY7LuH0",
            "total": 14,
            "valor_unitario": 347696,
            "descuento": 0.43,
            "IVA": 0
        },
        {
            "codigo": "ww8mYJUkSc",
            "total": 2,
            "valor_unitario": 690349,
            "descuento": 0.16,
            "IVA": 19
        },
        {
            "codigo": "qhqs2bYyEg",
            "total": 16,
            "valor_unitario": 936477,
            "descuento": 0.5,
            "IVA": 5
        },
        {
            "codigo": "0TR8JMb7wo",
            "total": 16,
            "valor_unitario": 997399,
            "descuento": 0.27,
            "IVA": 19
        },
        {
            "codigo": "wzIXbLKM5P",
            "total": 15,
            "valor_unitario": 106375,
            "descuento": 0.01,
            "IVA": 5
        },
        {
            "codigo": "kAV72OBvla",
            "total": 5,
            "valor_unitario": 468955,
            "descuento": 0.15,
            "IVA": 0
        },
        {
            "codigo": "zWs1RsNFdd",
            "total": 14,
            "valor_unitario": 175017,
            "descuento": 0.08,
            "IVA": 19
        },
        {
            "codigo": "DnKQRXKPKk",
            "total": 9,
            "valor_unitario": 376629,
            "descuento": 0.16,
            "IVA": 0
        },
        {
            "codigo": "YrDqxy0EDa",
            "total": 19,
            "valor_unitario": 393688,
            "descuento": 0.41,
            "IVA": 19
        }
    ]
}