{
    "empresa_nit": "987654321",
    "empresa_ciudad": "BARRANQUILLA",
    "empresa_sede": "aeropuerto",
    "empresa_nombre": "FrutiBarato",
    "fecha_hora": "2022-02-09 23:51:35",
    "factura_num": "01001",
    "ciente_numero": 725717726,
    "pago_tipo": "TAR.DEBITO",
    "productos": [
        {
            "codigo": "9ZKt3QNl7r",
            "total": 10,
            "valor_unitario": 167839,
            "descuento": 0.31,
            "IVA": 0
        },
        {
            "codigo": "fNe4RIxfOw",
            "total": 2,
            "valor_unitario": 285836,
            "descuento": 0.02,
            "IVA": 5
        },
        {
            "codigo": "63ucLkUvK2",
            "total": 3,
            "valor_unitario": 124134,
            "descuento": 0.05,
            "IVA": 19
        },
        {
            "codigo": "8weaGuQ00G",
            "total": 4,
            "valor_unitario": 824559,
            "descuento": 0.37,
            "IVA": 0
        },
        {
            "codigo": "YthnTm74mc",
            "total": 6,
            "valor_unitario": 969041,
            "descuento": 0.31,
            "IVA": 19
        },
        {
            "codigo": "5p9ltO6DFm",
            "total": 17,
            "valor_unitario": 618674,
            "descuento": 0.07,
            "IVA": 0
        },
        {
            "codigo": "mI60szGaFP",
            "total": 6,
            "valor_unitario": 517660,
            "descuento": 0.1,
            "IVA": 0
        },
        {
            "codigo": "LgW087BpIy",
            "total": 12,
            "valor_unitario": 807523,
            "descuento": 0.45,
            "IVA": 19
        },
        {
            "codigo": "VPlwAa4WXK",
            "total": 3,
            "valor_unitario": 334788,
            "descuento": 0.18,
            "IVA": 5
        },
        {
            "codigo": "2bF4tYkA80",
            "total": 5,
            "valor_unitario": 862305,
            "descuento": 0.2,
            "IVA": 0
        },
        {
            "codigo": "pCmgDMxYUi",
            "total": 10,
            "valor_unitario": 342814,
            "descuento": 0.03,
            "IVA": 0
        },
        {
            "codigo": "uUSZlTv9dz",
            "total": 19,
            "valor_unitario": 719762,
            "descuento": 0.37,
            "IVA": 5
        },
        {
            "codigo": "84lX4FYq9y",
            "total": 2,
            "valor_unitario": 668489,
            "descuento": 0.05,
            "IVA": 19
        },
        {
            "codigo": "sjVH7XEW5u",
            "total": 3,
            "valor_unitario": 67258,
            "descuento": 0.37,
            "IVA": 0
        },
        {
            "codigo": "PfiUEM1NwK",
            "total": 17,
            "valor_unitario": 771696,
            "descuento": 0.13,
            "IVA": 5
        },
        {
            "codigo": "zewFt42OVy",
            "total": 12,
            "valor_unitario": 624083,
            "descuento": 0.42,
            "IVA": 19
        },
        {
            "codigo": "e9I5qQEjkb",
            "total": 13,
            "valor_unitario": 847133,
            "descuento": 0.05,
            "IVA": 0
        },
        {
            "codigo": "WrsBVYOR0D",
            "total": 18,
            "valor_unitario": 298570,
            "descuento": 0.25,
            "IVA": 0
        }
    ]
}