{
    "empresa_nit": "987654321",
    "empresa_ciudad": "BARRANQUILLA",
    "empresa_sede": "plaza",
    "empresa_nombre": "FrutiBarato",
    "fecha_hora": "2020-09-22 23:24:43",
    "factura_num": "01091",
    "ciente_numero": 65585697,
    "pago_tipo": "TAR.DEBITO",
    "productos": [
        {
            "codigo": "nMogUGGruc",
            "total": 12,
            "valor_unitario": 57489,
            "descuento": 0.05,
            "IVA": 5
        },
        {
            "codigo": "0VnZjvGCaO",
            "total": 12,
            "valor_unitario": 446801,
            "descuento": 0.25,
            "IVA": 0
        },
        {
            "codigo": "T8gbj3ZoGK",
            "total": 1,
            "valor_unitario": 819182,
            "descuento": 0.12,
            "IVA": 19
        },
        {
            "codigo": "BqfdgU4ecR",
            "total": 20,
            "valor_unitario": 331358,
            "descuento": 0.47,
            "IVA": 19
        },
        {
            "codigo": "4nHrtjqw80",
            "total": 10,
            "valor_unitario": 271797,
            "descuento": 0.43,
            "IVA": 5
        },
        {
            "codigo": "qGPWrHhCAh",
            "total": 12,
            "valor_unitario": 624286,
            "descuento": 0.1,
            "IVA": 0
        },
        {
            "codigo": "MGZc5x8958",
            "total": 4,
            "valor_unitario": 994081,
            "descuento": 0.29,
            "IVA": 19
        },
        {
            "codigo": "g6EwbXn852",
            "total": 5,
            "valor_unitario": 790123,
            "descuento": 0.36,
            "IVA": 0
        },
        {
            "codigo": "l5MyN6whRs",
            "total": 13,
            "valor_unitario": 182937,
            "descuento": 0.34,
            "IVA": 5
        }
    ]
}