{
    "empresa_nit": "987654321",
    "empresa_ciudad": "TUNJA",
    "empresa_sede": "centro",
    "empresa_nombre": "FrutiBarato",
    "fecha_hora": "2022-05-22 22:38:31",
    "factura_num": "01102",
    "ciente_numero": 764595673,
    "pago_tipo": "EFECTIVO",
    "productos": [
        {
            "codigo": "YLaTI7ngKZ",
            "total": 17,
            "valor_unitario": 406544,
            "descuento": 0.03,
            "IVA": 19
        },
        {
            "codigo": "yPpxa41rbw",
            "total": 20,
            "valor_unitario": 780932,
            "descuento": 0.47,
            "IVA": 0
        },
        {
            "codigo": "zcsYc60PBd",
            "total": 9,
            "valor_unitario": 633583,
            "descuento": 0.43,
            "IVA": 5
        },
        {
            "codigo": "orwbdceZOB",
            "total": 17,
            "valor_unitario": 367074,
            "descuento": 0.12,
            "IVA": 19
        },
        {
            "codigo": "bzFlXwyb0A",
            "total": 15,
            "valor_unitario": 694810,
            "descuento": 0.22,
            "IVA": 5
        },
        {
            "codigo": "8GAvDRjxOU",
            "total": 10,
            "valor_unitario": 351367,
            "descuento": 0.06,
            "IVA": 19
        },
        {
            "codigo": "6q56QW36Vv",
            "total": 14,
            "valor_unitario": 721236,
            "descuento": 0.32,
            "IVA": 5
        },
        {
            "codigo": "1RLV9Nt3EF",
            "total": 4,
            "valor_unitario": 499954,
            "descuento": 0.42,
            "IVA": 0
        }
    ]
}