{
    "empresa_nit": "987654321",
    "empresa_ciudad": "BARRANQUILLA",
    "empresa_sede": "aeropuerto",
    "empresa_nombre": "FrutiBarato",
    "fecha_hora": "2024-11-23 21:59:17",
    "factura_num": "01406",
    "ciente_numero": 687493262,
    "pago_tipo": "TAR.CREDITO",
    "productos": [
        {
            "codigo": "84SKyBXfRJ",
            "total": 16,
            "valor_unitario": 923491,
            "descuento": 0.29,
            "IVA": 19
        },
        {
            "codigo": "CB47JEfQl4",
            "total": 18,
            "valor_unitario": 311935,
            "descuento": 0.34,
            "IVA": 0
        },
        {
            "codigo": "75AqqbOiIC",
            "total": 13,
            "valor_unitario": 826857,
            "descuento": 0.03,
            "IVA": 5
        }
    ]
}