{
    "empresa_nit": "987654321",
    "empresa_ciudad": "BOGOTA",
    "empresa_sede": "plaza",
    "empresa_nombre": "FrutiBarato",
    "fecha_hora": "2024-05-30 21:56:05",
    "factura_num": "00102",
    "ciente_numero": 299789845,
    "pago_tipo": "TRANFERENCIA",
    "productos": [
        {
            "codigo": "dv43FjOS9g",
            "total": 8,
            "valor_unitario": 261887,
            "descuento": 0.31,
            "IVA": 0
        },
        {
            "codigo": "1thYKAbiZL",
            "total": 4,
            "valor_unitario": 15459,
            "descuento": 0.04,
            "IVA": 19
        },
        {
            "codigo": "NQ7ZYQ6e2Q",
            "total": 10,
            "valor_unitario": 302377,
            "descuento": 0.27,
            "IVA": 5
        },
        {
            "codigo": "1aIFcaORyL",
            "total": 7,
            "valor_unitario": 164233,
            "descuento": 0.07,
            "IVA": 0
        },
        {
            "codigo": "zkfNqt0QXE",
            "total": 15,
            "valor_unitario": 946218,
            "descuento": 0.0,
            "IVA": 19
        },
        {
            "codigo": "1vwDsXJmBp",
            "total": 11,
            "valor_unitario": 201919,
            "descuento": 0.23,
            "IVA": 0
        },
        {
            "codigo": "eh7VKTEbo3",
            "total": 11,
            "valor_unitario": 311099,
            "descuento": 0.32,
            "IVA": 0
        },
        {
            "codigo": "D6Hx2YxqsO",
            "total": 15,
            "valor_unitario": 123430,
            "descuento": 0.03,
            "IVA": 0
        },
        {
            "codigo": "VcinmaYFS8",
            "total": 12,
            "valor_unitario": 159470,
            "descuento": 0.5,
            "IVA": 5
        },
        {
            "codigo": "pYcGA2GEvo",
            "total": 10,
            "valor_unitario": 477369,
            "descuento": 0.31,
            "IVA": 5
        },
        {
            "codigo": "jxd6QMKEKV",
            "total": 20,
            "valor_unitario": 771766,
            "descuento": 0.31,
            "IVA": 0
        },
        {
            "codigo": "k4cIMOEn9R",
            "total": 15,
            "valor_unitario": 292945,
            "descuento": 0.21,
            "IVA": 0
        }
    ]
}