{
    "empresa_nit": "987654321",
    "empresa_ciudad": "BARRANQUILLA",
    "empresa_sede": "autopista",
    "empresa_nombre": "FrutiBarato",
    "fecha_hora": "2021-11-24 11:40:18",
    "factura_num": "01020",
    "ciente_numero": 854024730,
    "pago_tipo": "EFECTIVO",
    "productos": [
        {
            "codigo": "RkvX4CC3If",
            "total": 11,
            "valor_unitario": 176764,
            "descuento": 0.27,
            "IVA": 5
        },
        {
            "codigo": "pVNvK7iHx7",
            "total": 9,
            "valor_unitario": 661201,
            "descuento": 0.03,
            "IVA": 19
        },
        {
            "codigo": "c1is3fj0i5",
            "total": 9,
            "valor_unitario": 180447,
            "descuento": 0.13,
            "IVA": 5
        },
        {
            "codigo": "bdtjeXYdAn",
            "total": 2,
            "valor_unitario": 2910,
            "descuento": 0.21,
            "IVA": 0
        },
        {
            "codigo": "4DjkaNvj7u",
            "total": 9,
            "valor_unitario": 363876,
            "descuento": 0.13,
            "IVA": 19
        },
        {
            "codigo": "NZHRvpKnk4",
            "total": 5,
            "valor_unitario": 108786,
            "descuento": 0.34,
            "IVA": 5
        },
        {
            "codigo": "XJi7qhMmS4",
            "total": 15,
            "valor_unitario": 411783,
            "descuento": 0.04,
            "IVA": 0
        },
        {
            "codigo": "e5OvCOQGGu",
            "total": 10,
            "valor_unitario": 571167,
            "descuento": 0.09,
            "IVA": 0
        },
        {
            "codigo": "m3wL4fx1vU",
            "total": 19,
            "valor_unitario": 972591,
            "descuento": 0.49,
            "IVA": 5
        },
        {
            "codigo": "sZ5c1UDKJY",
            "total": 16,
            "valor_unitario": 338334,
            "descuento": 0.25,
            "IVA": 5
        },
        {
            "codigo": "kvI7VS3OyK",
            "total": 9,
            "valor_unitario": 887327,
            "descuento": 0.3,
            "IVA": 5
        },
        {
            "codigo": "gzILJTGhnf",
            "total": 8,
            "valor_unitario": 332035,
            "descuento": 0.38,
            "IVA": 0
        },
        {
            "codigo": "RG5mcjvWa3",
            "total": 19,
            "valor_unitario": 704355,
            "descuento": 0.35,
            "IVA": 0
        },
        {
            "codigo": "oSb30NluOP",
            "total": 16,
            "valor_unitario": 295404,
            "descuento": 0.09,
            "IVA": 5
        },
        {
            "codigo": "PmcPiH60xs",
            "total": 6,
            "valor_unitario": 732659,
            "descuento": 0.46,
            "IVA": 19
        },
        {
            "codigo": "jGEJuCGRvq",
            "total": 20,
            "valor_unitario": 953185,
            "descuento": 0.36,
            "IVA": 19
        },
        {
            "codigo": "TL6X6HB8KO",
            "total": 5,
            "valor_unitario": 998565,
            "descuento": 0.19,
            "IVA": 5
        },
        {
            "codigo": "8nYzZcXUyH",
            "total": 16,
            "valor_unitario": 967786,
            "descuento": 0.31,
            "IVA": 5
        },
        {
            "codigo": "Rf20LCeuM3",
            "total": 19,
            "valor_unitario": 426145,
            "descuento": 0.22,
            "IVA": 0
        }
    ]
}