{
    "empresa_nit": "987654321",
    "empresa_ciudad": "TUNJA",
    "empresa_sede": "autopista",
    "empresa_nombre": "FrutiBarato",
    "fecha_hora": "2023-12-29 08:59:49",
    "factura_num": "00101",
    "ciente_numero": 370518460,
    "pago_tipo": "EFECTIVO",
    "productos": [
        {
            "codigo": "AQnHJBQOWf",
            "total": 17,
            "valor_unitario": 708156,
            "descuento": 0.13,
            "IVA": 5
        },
        {
            "codigo": "iOgorMFkAu",
            "total": 18,
            "valor_unitario": 893631,
            "descuento": 0.19,
            "IVA": 0
        },
        {
            "codigo": "1bd9KqhxHZ",
            "total": 13,
            "valor_unitario": 430826,
            "descuento": 0.49,
            "IVA": 5
        },
        {
            "codigo": "pyp2bl9S2H",
            "total": 13,
            "valor_unitario": 279851,
            "descuento": 0.25,
            "IVA": 5
        },
        {
            "codigo": "hs7ug3kI8Z",
            "total": 19,
            "valor_unitario": 531582,
            "descuento": 0.15,
            "IVA": 19
        }
    ]
}