{
    "empresa_nit": "987654321",
    "empresa_ciudad": "BARRANQUILLA",
    "empresa_sede": "aeropuerto",
    "empresa_nombre": "FrutiBarato",
    "fecha_hora": "2020-09-24 22:30:59",
    "factura_num": "01270",
    "ciente_numero": 511842504,
    "pago_tipo": "TRANFERENCIA",
    "productos": [
        {
            "codigo": "Vd30cmDGbr",
            "total": 1,
            "valor_unitario": 96591,
            "descuento": 0.25,
            "IVA": 0
        },
        {
            "codigo": "NcvD1jN5jg",
            "total": 14,
            "valor_unitario": 188822,
            "descuento": 0.25,
            "IVA": 19
        },
        {
            "codigo": "Wre4jpubef",
            "total": 17,
            "valor_unitario": 608782,
            "descuento": 0.28,
            "IVA": 19
        },
        {
            "codigo": "FyivG79V2T",
            "total": 15,
            "valor_unitario": 653353,
            "descuento": 0.44,
            "IVA": 0
        },
        {
            "codigo": "xROwpo9ET2",
            "total": 11,
            "valor_unitario": 134723,
            "descuento": 0.35,
            "IVA": 0
        },
        {
            "codigo": "yGnwQwUDzP",
            "total": 6,
            "valor_unitario": 870435,
            "descuento": 0.33,
            "IVA": 5
        },
        {
            "codigo": "FpwGsNnCwK",
            "total": 5,
            "valor_unitario": 451837,
            "descuento": 0.04,
            "IVA": 0
        },
        {
            "codigo": "T2Lqs37Wto",
            "total": 6,
            "valor_unitario": 534089,
            "descuento": 0.46,
            "IVA": 0
        },
        {
            "codigo": "9P1PRRF9ws",
            "total": 12,
            "valor_unitario": 286831,
            "descuento": 0.01,
            "IVA": 19
        },
        {
            "codigo": "YjgtoFmtbY",
            "total": 10,
            "valor_unitario": 9432,
            "descuento": 0.1,
            "IVA": 0
        },
        {
            "codigo": "zhM5aFGO1K",
            "total": 19,
            "valor_unitario": 392820,
            "descuento": 0.06,
            "IVA": 5
        },
        {
            "codigo": "2fNYynz0Rq",
            "total": 20,
            "valor_unitario": 159114,
            "descuento": 0.39,
            "IVA": 19
        },
        {
            "codigo": "FITiQ0xz2V",
            "total": 17,
            "valor_unitario": 46240,
            "descuento": 0.33,
            "IVA": 19
        },
        {
            "codigo": "kEg8a3HeS4",
            "total": 5,
            "valor_unitario": 838263,
            "descuento": 0.08,
            "IVA": 0
        },
        {
            "codigo": "b9sGEU4OOJ",
            "total": 19,
            "valor_unitario": 585911,
            "descuento": 0.41,
            "IVA": 19
        },
        {
            "codigo": "mLVpOqFpUQ",
            "total": 14,
            "valor_unitario": 926463,
            "descuento": 0.44,
            "IVA": 19
        },
        {
            "codigo": "JvExfg2UxC",
            "total": 5,
            "valor_unitario": 64363,
            "descuento": 0.22,
            "IVA": 5
        }
    ]
}