{
    "empresa_nit": "987654321",
    "empresa_ciudad": "MEDELLIN",
    "empresa_sede": "plaza",
    "empresa_nombre": "FrutiBarato",
    "fecha_hora": "2021-07-26 08:53:15",
    "factura_num": "01083",
    "ciente_numero": 950103368,
    "pago_tipo": "TRANFERENCIA",
    "productos": [
        {
            "codigo": "fD8qLees5d",
            "total": 8,
            "valor_unitario": 510486,
            "descuento": 0.5,
            "IVA": 0
        },
        {
            "codigo": "36LdeW9hV9",
            "total": 12,
            "valor_unitario": 952342,
            "descuento": 0.27,
            "IVA": 5
        },
        {
            "codigo": "qnC2wlzgyj",
            "total": 3,
            "valor_unitario": 976903,
            "descuento": 0.35,
            "IVA": 0
        },
        {
            "codigo": "yRThSvJfPj",
            "total": 4,
            "valor_unitario": 800007,
            "descuento": 0.44,
            "IVA": 5
        },
        {
            "codigo": "KNnIJfiOPB",
            "total": 4,
            "valor_unitario": 6736,
            "descuento": 0.02,
            "IVA": 19
        },
        {
            "codigo": "lIoyXoJONC",
            "total": 12,
            "valor_unitario": 184729,
            "descuento": 0.12,
            "IVA": 0
        },
        {
            "codigo": "LzcjN2B71H",
            "total": 6,
            "valor_unitario": 22467,
            "descuento": 0.23,
            "IVA": 5
        },
        {
            "codigo": "f1Gd4bJ3cL",
            "total": 19,
            "valor_unitario": 293042,
            "descuento": 0.08,
            "IVA": 5
        },
        {
            "codigo": "1idMeXY4cg",
            "total": 15,
            "valor_unitario": 931634,
            "descuento": 0.29,
            "IVA": 19
        }
    ]
}