{
    "empresa_nit": "987654321",
    "empresa_ciudad": "BOGOTA",
    "empresa_sede": "centro",
    "empresa_nombre": "FrutiBarato",
    "fecha_hora": "2020-05-01 08:09:14",
    "factura_num": "01165",
    "ciente_numero": 279338124,
    "pago_tipo": "TAR.DEBITO",
    "productos": [
        {
            "codigo": "Lke2K2XAwG",
            "total": 11,
            "valor_unitario": 790369,
            "descuento": 0.13,
            "IVA": 0
        },
        {
            "codigo": "K8QPA3tW8o",
            "total": 10,
            "valor_unitario": 456069,
            "descuento": 0.15,
            "IVA": 0
        },
        {
            "codigo": "1n9pfmI8Gl",
            "total": 8,
            "valor_unitario": 950737,
            "descuento": 0.09,
            "IVA": 5
        },
        {
            "codigo": "AacM88RCQO",
            "total": 3,
            "valor_unitario": 8770,
            "descuento": 0.32,
            "IVA": 5
        },
        {
            "codigo": "DjMjLlxyar",
            "total": 12,
            "valor_unitario": 49482,
            "descuento": 0.17,
            "IVA": 19
        },
        {
            "codigo": "P8kc0wWimA",
            "total": 9,
            "valor_unitario": 138759,
            "descuento": 0.31,
            "IVA": 19
        },
        {
            "codigo": "dDbwwtYLKW",
            "total": 9,
            "valor_unitario": 112755,
            "descuento": 0.34,
            "IVA": 19
        },
        {
            "codigo": "qetJLu8j3P",
            "total": 5,
            "valor_unitario": 585688,
            "descuento": 0.4,
            "IVA": 0
        },
        {
            "codigo": "xvIjMxcNqC",
            "total": 5,
            "valor_unitario": 802252,
            "descuento": 0.5,
            "IVA": 5
        },
        {
            "codigo": "LClayvldGM",
            "total": 4,
            "valor_unitario": 58411,
            "descuento": 0.07,
            "IVA": 5
        },
        {
            "codigo": "ugh80xbKyc",
            "total": 13,
            "valor_unitario": 246364,
            "descuento": 0.19,
            "IVA": 5
        },
        {
            "codigo": "gaZ3PU6WCK",
            "total": 6,
            "valor_unitario": 97823,
            "descuento": 0.38,
            "IVA": 5
        }
    ]
}