{
    "empresa_nit": "987654321",
    "empresa_ciudad": "BOGOTA",
    "empresa_sede": "alcaldia",
    "empresa_nombre": "FrutiBarato",
    "fecha_hora": "2025-01-25 09:35:07",
    "factura_num": "01329",
    "ciente_numero": 966781975,
    "pago_tipo": "TAR.CREDITO",
    "productos": [
        {
            "codigo": "eoZxDTgDiU",
            "total": 18,
            "valor_unitario": 68696,
            "descuento": 0.46,
            "IVA": 5
        },
        {
            "codigo": "ZuX8EYyWgV",
            "total": 8,
            "valor_unitario": 709354,
            "descuento": 0.23,
            "IVA": 0
        },
        {
            "codigo": "1ldURwyvP6",
            "total": 15,
            "valor_unitario": 195797,
            "descuento": 0.49,
            "IVA": 0
        },
        {
            "codigo": "pk8PpdlMwR",
            "total": 19,
            "valor_unitario": 607241,
            "descuento": 0.47,
            "IVA": 5
        },
        {
            "codigo": "guxNoE4g2s",
            "total": 9,
            "valor_unitario": 971898,
            "descuento": 0.38,
            "IVA": 0
        },
        {
            "codigo": "cCYJzMwDUM",
            "total": 15,
            "valor_unitario": 550027,
            "descuento": 0.46,
            "IVA": 5
        },
        {
            "codigo": "6gSldJ14lE",
            "total": 12,
            "valor_unitario": 443370,
            "descuento": 0.38,
            "IVA": 19
        },
        {
            "codigo": "3p2ORLLuUz",
            "total": 9,
            "valor_unitario": 565181,
            "descuento": 0.38,
            "IVA": 5
        },
        {
            "codigo": "XNdeClzmVj",
            "total": 9,
            "valor_unitario": 330958,
            "descuento": 0.03,
            "IVA": 5
        },
        {
            "codigo": "D0M2YnG2md",
            "total": 11,
            "valor_unitario": 366371,
            "descuento": 0.04,
            "IVA": 19
        },
        {
            "codigo": "Zn1o4Uq9No",
            "total": 7,
            "valor_unitario": 438792,
            "descuento": 0.08,
            "IVA": 5
        },
        {
            "codigo": "W3JTOCImBp",
            "total": 10,
            "valor_unitario": 555720,
            "descuento": 0.05,
            "IVA": 5
        },
        {
            "codigo": "UAj3H5MjGS",
            "total": 12,
            "valor_unitario": 428425,
            "descuento": 0.48,
            "IVA": 5
        },
        {
            "codigo": "q9FKHCfQhx",
            "total": 6,
            "valor_unitario": 391466,
            "descuento": 0.2,
            "IVA": 19
        },
        {
            "codigo": "y7IaEFLSL1",
            "total": 15,
            "valor_unitario": 638773,
            "descuento": 0.05,
            "IVA": 19
        },
        {
            "codigo": "3msOSW3kXv",
            "total": 6,
            "valor_unitario": 842045,
            "descuento": 0.26,
            "IVA": 5
        },
        {
            "codigo": "IzM2CtbIKb",
            "total": 14,
            "valor_unitario": 832033,
            "descuento": 0.35,
            "IVA": 19
        },
        {
            "codigo": "23UsSFabZK",
            "total": 15,
            "valor_unitario": 748965,
            "descuento": 0.46,
            "IVA": 5
        },
        {
            "codigo": "PAMGNeqKxj",
            "total": 10,
            "valor_unitario": 958320,
            "descuento": 0.22,
            "IVA": 5
        }
    ]
}