{
    "empresa_nit": "987654321",
    "empresa_ciudad": "MEDELLIN",
    "empresa_sede": "centro",
    "empresa_nombre": "FrutiBarato",
    "fecha_hora": "2023-09-10 09:03:20",
    "factura_num": "01040",
    "ciente_numero": 36772446,
    "pago_tipo": "TAR.CREDITO",
    "productos": [
        {
            "codigo": "V5HkQqgACI",
            "total": 20,
            "valor_unitario": 204697,
            "descuento": 0.12,
            "IVA": 0
        },
        {
            "codigo": "GqiLisPbB0",
            "total": 11,
            "valor_unitario": 194250,
            "descuento": 0.26,
            "IVA": 0
        },
        {
            "codigo": "BgWTVcRXe9",
            "total": 6,
            "valor_unitario": 597745,
            "descuento": 0.23,
            "IVA": 5
        },
        {
            "codigo": "JXnCceflT6",
            "total": 14,
            "valor_unitario": 920296,
            "descuento": 0.33,
            "IVA": 5
        },
        {
            "codigo": "1ZfrtB6dM1",
            "total": 4,
            "valor_unitario": 153994,
            "descuento": 0.46,
            "IVA": 0
        },
        {
            "codigo": "JzZuFH2CRW",
            "total": 13,
            "valor_unitario": 499334,
            "descuento": 0.33,
            "IVA": 5
        },
        {
            "codigo": "Qjb5AsdE2y",
            "total": 11,
            "valor_unitario": 953075,
            "descuento": 0.21,
            "IVA": 0
        },
        {
            "codigo": "oUHzJchJ38",
            "total": 3,
            "valor_unitario": 546935,
            "descuento": 0.4,
            "IVA": 5
        },
        {
            "codigo": "1vFT8lfYRD",
            "total": 8,
            "valor_unitario": 901676,
            "descuento": 0.36,
            "IVA": 5
        },
        {
            "codigo": "5tAaO4TaFv",
            "total": 11,
            "valor_unitario": 448109,
            "descuento": 0.3,
            "IVA": 19
        },
        {
            "codigo": "h8KtSaYud8",
            "total": 17,
            "valor_unitario": 986079,
            "descuento": 0.41,
            "IVA": 5
        },
        {
            "codigo": "5MToPbLFXJ",
            "total": 8,
            "valor_unitario": 511392,
            "descuento": 0.07,
            "IVA": 0
        },
        {
            "codigo": "NVYtf0z83B",
            "total": 3,
            "valor_unitario": 763678,
            "descuento": 0.18,
            "IVA": 5
        },
        {
            "codigo": "ZDzKxbi6HG",
            "total": 14,
            "valor_unitario": 88873,
            "descuento": 0.34,
            "IVA": 0
        },
        {
            "codigo": "d92jQPAJ2r",
            "total": 10,
            "valor_unitario": 722266,
            "descuento": 0.04,
            "IVA": 0
        }
    ]
}