{
    "empresa_nit": "987654321",
    "empresa_ciudad": "TUNJA",
    "empresa_sede": "centro",
    "empresa_nombre": "FrutiBarato",
    "fecha_hora": "2021-05-13 21:41:04",
    "factura_num": "01215",
    "ciente_numero": 302929933,
    "pago_tipo": "TAR.CREDITO",
    "productos": [
        {
            "codigo": "31MsU4gzKc",
            "total": 5,
            "valor_unitario": 384066,
            "descuento": 0.32,
            "IVA": 0
        },
        {
            "codigo": "hW9e53sopg",
            "total": 7,
            "valor_unitario": 143374,
            "descuento": 0.03,
            "IVA": 0
        },
        {
            "codigo": "J664i9Dw0g",
            "total": 5,
            "valor_unitario": 960035,
            "descuento": 0.2,
            "IVA": 19
        },
        {
            "codigo": "y5dtMdnm7Q",
            "total": 18,
            "valor_unitario": 21914,
            "descuento": 0.23,
            "IVA": 0
        },
        {
            "codigo": "tQfafJpPpl",
            "total": 15,
            "valor_unitario": 813546,
            "descuento": 0.13,
            "IVA": 5
        },
        {
            "codigo": "uz1BIgmV4c",
            "total": 1,
            "valor_unitario": 259360,
            "descuento": 0.15,
            "IVA": 0
        },
        {
            "codigo": "Cj3NilnTqg",
            "total": 7,
            "valor_unitario": 901455,
            "descuento": 0.48,
            "IVA": 19
        },
        {
            "codigo": "lptMXzQVeV",
            "total": 13,
            "valor_unitario": 355266,
            "descuento": 0.37,
            "IVA": 19
        },
        {
            "codigo": "BAaC1op88V",
            "total": 4,
            "valor_unitario": 106697,
            "descuento": 0.43,
            "IVA": 19
        },
        {
            "codigo": "dukWkCa3uM",
            "total": 17,
            "valor_unitario": 872646,
            "descuento": 0.5,
            "IVA": 19
        }
    ]
}