{
    "empresa_nit": "987654321",
    "empresa_ciudad": "BOGOTA",
    "empresa_sede": "centro",
    "empresa_nombre": "FrutiBarato",
    "fecha_hora": "2020-05-22 20:39:26",
    "factura_num": "01153",
    "ciente_numero": 373640464,
    "pago_tipo": "TAR.CREDITO",
    "productos": [
        {
            "codigo": "Lc5c8DMe6o",
            "total": 18,
            "valor_unitario": 491427,
            "descuento": 0.04,
            "IVA": 0
        },
        {
            "codigo": "8IRwwcEN4w",
            "total": 8,
            "valor_unitario": 997931,
            "descuento": 0.16,
            "IVA": 5
        },
        {
            "codigo": "lfYbiLReNc",
            "total": 17,
            "valor_unitario": 687959,
            "descuento": 0.14,
            "IVA": 19
        },
        {
            "codigo": "gDGdkhwGKC",
            "total": 20,
            "valor_unitario": 331688,
            "descuento": 0.01,
            "IVA": 0
        },
        {
            "codigo": "PXuwNyhahx",
            "total": 15,
            "valor_unitario": 785774,
            "descuento": 0.29,
            "IVA": 19
        },
        {
            "codigo": "AKG5M70k5M",
            "total": 11,
            "valor_unitario": 439615,
            "descuento": 0.05,
            "IVA": 5
        },
        {
            "codigo": "aWwFA4TiBY",
            "total": 2,
            "valor_unitario": 827638,
            "descuento": 0.27,
            "IVA": 19
        },
        {
            "codigo": "koXygHHBPT",
            "total": 9,
            "valor_unitario": 992148,
            "descuento": 0.29,
            "IVA": 19
        },
        {
            "codigo": "50XZbRE6mx",
            "total": 11,
            "valor_unitario": 214355,
            "descuento": 0.41,
            "IVA": 0
        },
        {
            "codigo": "rX5Bfgtzxq",
            "total": 12,
            "valor_unitario": 854178,
            "descuento": 0.41,
            "IVA": 0
        },
        {
            "codigo": "dpI3sG2c2x",
            "total": 15,
            "valor_unitario": 304572,
            "descuento": 0.29,
            "IVA": 19
        }
    ]
}