{
    "empresa_nit": "987654321",
    "empresa_ciudad": "MEDELLIN",
    "empresa_sede": "alcaldia",
    "empresa_nombre": "FrutiBarato",
    "fecha_hora": "2021-06-27 16:07:07",
    "factura_num": "01234",
    "ciente_numero": 987898939,
    "pago_tipo": "EFECTIVO",
    "productos": [
        {
            "codigo": "guSESOXnwt",
            "total": 20,
            "valor_unitario": 195193,
            "descuento": 0.08,
            "IVA": 19
        },
        {
            "codigo": "tdG4edMwiX",
            "total": 3,
            "valor_unitario": 866414,
            "descuento": 0.11,
            "IVA": 19
        },
        {
            "codigo": "WpmRuXOE4V",
            "total": 11,
            "valor_unitario": 517204,
            "descuento": 0.28,
            "IVA": 5
        },
        {
            "codigo": "5pbvdDI8V5",
            "total": 18,
            "valor_unitario": 21078,
            "descuento": 0.42,
            "IVA": 19
        },
        {
            "codigo": "FIT6Bb2i08",
            "total": 6,
            "valor_unitario": 178607,
            "descuento": 0.44,
            "IVA": 0
        },
        {
            "codigo": "cxzSWPO8j2",
            "total": 19,
            "valor_unitario": 467430,
            "descuento": 0.38,
            "IVA": 0
        },
        {
            "codigo": "O72UwHzbFz",
            "total": 1,
            "valor_unitario": 444510,
            "descuento": 0.23,
            "IVA": 0
        },
        {
            "codigo": "fPZqOxCJju",
            "total": 17,
            "valor_unitario": 532267,
            "descuento": 0.05,
            "IVA": 19
        },
        {
            "codigo": "cVI51nNr96",
            "total": 20,
            "valor_unitario": 214448,
            "descuento": 0.11,
            "IVA": 19
        },
        {
            "codigo": "nrvLGHaiZ9",
            "total": 14,
            "valor_unitario": 45909,
            "descuento": 0.04,
            "IVA": 5
        },
        {
            "codigo": "W9X3OalT80",
            "total": 14,
            "valor_unitario": 493054,
            "descuento": 0.24,
            "IVA": 19
        },
        {
            "codigo": "BULNdOMHxn",
            "total": 4,
            "valor_unitario": 523494,
            "descuento": 0.23,
            "IVA": 5
        },
        {
            "codigo": "PQTMhZ1sJS",
            "total": 10,
            "valor_unitario": 158436,
            "descuento": 0.22,
            "IVA": 5
        }
    ]
}