{
    "empresa_nit": "987654321",
    "empresa_ciudad": "BOGOTA",
    "empresa_sede": "alcaldia",
    "empresa_nombre": "FrutiBarato",
    "fecha_hora": "2023-03-03 05:42:52",
    "factura_num": "01126",
    "ciente_numero": 365423059,
    "pago_tipo": "TAR.DEBITO",
    "productos": [
        {
            "codigo": "1u1QAhYCqo",
            "total": 11,
            "valor_unitario": 122973,
            "descuento": 0.46,
            "IVA": 19
        },
        {
            "codigo": "Lx3VrQkItf",
            "total": 8,
            "valor_unitario": 199510,
            "descuento": 0.39,
            "IVA": 5
        },
        {
            "codigo": "twVCB9hyzM",
            "total": 4,
            "valor_unitario": 632245,
            "descuento": 0.17,
            "IVA": 19
        },
        {
            "codigo": "E3HqiiCJE9",
            "total": 15,
            "valor_unitario": 25059,
            "descuento": 0.46,
            "IVA": 19
        },
        {
            "codigo": "zQEEyE4BYK",
            "total": 5,
            "valor_unitario": 810385,
            "descuento": 0.46,
            "IVA": 19
        }
    ]
}