{
    "empresa_nit": "987654321",
    "empresa_ciudad": "CALI",
    "empresa_sede": "terminal",
    "empresa_nombre": "FrutiBarato",
    "fecha_hora": "2020-09-20 08:50:58",
    "factura_num": "01291",
    "ciente_numero": 624973179,
    "pago_tipo": "TAR.DEBITO",
    "productos": [
        {
            "codigo": "Y75GnZ37og",
            "total": 15,
            "valor_unitario": 129222,
            "descuento": 0.16,
            "IVA": 5
        },
        {
            "codigo": "wUSrg8kvYp",
            "total": 17,
            "valor_unitario": 352995,
            "descuento": 0.15,
            "IVA": 0
        },
        {
            "codigo": "vyr4JET4GV",
            "total": 1,
            "valor_unitario": 977751,
            "descuento": 0.29,
            "IVA": 0
        },
        {
            "codigo": "skiqWCquUq",
            "total": 4,
            "valor_unitario": 643555,
            "descuento": 0.34,
            "IVA": 0
        },
        {
            "codigo": "OZpqWOvzzE",
            "total": 12,
            "valor_unitario": 991123,
            "descuento": 0.06,
            "IVA": 19
        },
        {
            "codigo": "NsWuNqaV3K",
            "total": 1,
            "valor_unitario": 266656,
            "descuento": 0.36,
            "IVA": 19
        },
        {
            "codigo": "cBDn4ZixCb",
            "total": 15,
            "valor_unitario": 628252,
            "descuento": 0.19,
            "IVA": 0
        },
        {
            "codigo": "RVW37AT2tm",
            "total": 2,
            "valor_unitario": 276294,
            "descuento": 0.24,
            "IVA": 0
        },
        {
            "codigo": "Kse9R7s91t",
            "total": 9,
            "valor_unitario": 722143,
            "descuento": 0.39,
            "IVA": 0
        },
        {
            "codigo": "uUtFPOBNhP",
            "total": 10,
            "valor_unitario": 293247,
            "descuento": 0.18,
            "IVA": 0
        },
        {
            "codigo": "y4Yu7RpomI",
            "total": 4,
            "valor_unitario": 903365,
            "descuento": 0.46,
            "IVA": 0
        },
        {
            "codigo": "Vw4zoRJYB8",
            "total": 5,
            "valor_unitario": 572538,
            "descuento": 0.45,
            "IVA": 0
        },
        {
            "codigo": "wlkWsEMeoW",
            "total": 2,
            "valor_unitario": 306673,
            "descuento": 0.19,
            "IVA": 0
        },
        {
            "codigo": "opyGdhuuz3",
            "total": 11,
            "valor_unitario": 567500,
            "descuento": 0.18,
            "IVA": 5
        },
        {
            "codigo": "qvQ1Pwvadt",
            "total": 2,
            "valor_unitario": 211154,
            "descuento": 0.04,
            "IVA": 19
        },
        {
            "codigo": "d31UAKfato",
            "total": 1,
            "valor_unitario": 928292,
            "descuento": 0.49,
            "IVA": 5
        },
        {
            "codigo": "oUZ7LxtfqA",
            "total": 20,
            "valor_unitario": 510088,
            "descuento": 0.2,
            "IVA": 19
        },
        {
            "codigo": "VpzomFvKZ0",
            "total": 16,
            "valor_unitario": 539453,
            "descuento": 0.06,
            "IVA": 0
        },
        {
            "codigo": "PR2P4H3QAD",
            "total": 2,
            "valor_unitario": 614257,
            "descuento": 0.04,
            "IVA": 0
        }
    ]
}