{
    "empresa_nit": "987654321",
    "empresa_ciudad": "CALI",
    "empresa_sede": "terminal",
    "empresa_nombre": "FrutiBarato",
    "fecha_hora": "2021-09-15 11:22:23",
    "factura_num": "01259",
    "ciente_numero": 232140715,
    "pago_tipo": "TRANFERENCIA",
    "productos": [
        {
            "codigo": "F4qZv6BAOs",
            "total": 3,
            "valor_unitario": 969131,
            "descuento": 0.46,
            "IVA": 5
        },
        {
            "codigo": "er7U8AVNWC",
            "total": 15,
            "valor_unitario": 32090,
            "descuento": 0.47,
            "IVA": 5
        },
        {
            "codigo": "BZIHM0nCEx",
            "total": 16,
            "valor_unitario": 482783,
            "descuento": 0.01,
            "IVA": 5
        },
        {
            "codigo": "UMWec9UVet",
            "total": 1,
            "valor_unitario": 180357,
            "descuento": 0.02,
            "IVA": 5
        },
        {
            "codigo": "REXWT7F0FK",
            "total": 16,
            "valor_unitario": 777112,
            "descuento": 0.08,
            "IVA": 0
        },
        {
            "codigo": "ffTlrPCOJI",
            "total": 3,
            "valor_unitario": 232344,
            "descuento": 0.25,
            "IVA": 0
        },
        {
            "codigo": "gC8uURqMPU",
            "total": 11,
            "valor_unitario": 16747,
            "descuento": 0.01,
            "IVA": 0
        }
    ]
}