{
    "empresa_nit": "987654321",
    "empresa_ciudad": "BARRANQUILLA",
    "empresa_sede": "aeropuerto",
    "empresa_nombre": "FrutiBarato",
    "fecha_hora": "2021-12-02 20:00:09",
    "factura_num": "01239",
    "ciente_numero": 101601427,
    "pago_tipo": "TRANFERENCIA",
    "productos": [
        {
            "codigo": "VJYxI3HWc6",
            "total": 16,
            "valor_unitario": 697259,
            "descuento": 0.11,
            "IVA": 19
        },
        {
            "codigo": "d5wvvfkUn4",
            "total": 3,
            "valor_unitario": 824086,
            "descuento": 0.31,
            "IVA": 5
        },
        {
            "codigo": "sfIM0jDwXb",
            "total": 17,
            "valor_unitario": 811935,
            "descuento": 0.3,
            "IVA": 19
        },
        {
            "codigo": "r23mso6CQd",
            "total": 20,
            "valor_unitario": 407802,
            "descuento": 0.31,
            "IVA": 0
        },
        {
            "codigo": "nmWlAgjdPq",
            "total": 18,
            "valor_unitario": 76688,
            "descuento": 0.06,
            "IVA": 5
        },
        {
            "codigo": "H5sTBdqf8e",
            "total": 12,
            "valor_unitario": 547983,
            "descuento": 0.23,
            "IVA": 0
        },
        {
            "codigo": "YyfkPqmTIm",
            "total": 17,
            "valor_unitario": 592149,
            "descuento": 0.38,
            "IVA": 19
        },
        {
            "codigo": "QK5pmV6mVH",
            "total": 9,
            "valor_unitario": 726198,
            "descuento": 0.15,
            "IVA": 5
        },
        {
            "codigo": "6c1uQLEfJJ",
            "total": 6,
            "valor_unitario": 171801,
            "descuento": 0.08,
            "IVA": 0
        },
        {
            "codigo": "c4OjKnZ0Kr",
            "total": 16,
            "valor_unitario": 442007,
            "descuento": 0.21,
            "IVA": 5
        },
        {
            "codigo": "lkERkExOnh",
            "total": 5,
            "valor_unitario": 95959,
            "descuento": 0.15,
            "IVA": 5
        }
    ]
}