{
    "empresa_nit": "987654321",
    "empresa_ciudad": "BOGOTA",
    "empresa_sede": "autopista",
    "empresa_nombre": "FrutiBarato",
    "fecha_hora": "2024-09-17 02:56:06",
    "factura_num": "01237",
    "ciente_numero": 372691972,
    "pago_tipo": "TRANFERENCIA",
    "productos": [
        {
            "codigo": "WdcwnEprLZ",
            "total": 8,
            "valor_unitario": 575358,
            "descuento": 0.44,
            "IVA": 19
        },
        {
            "codigo": "QJZtIEyF9P",
            "total": 19,
            "valor_unitario": 695989,
            "descuento": 0.09,
            "IVA": 0
        },
        {
            "codigo": "XQrJ73LwMs",
            "total": 15,
            "valor_unitario": 875668,
            "descuento": 0.35,
            "IVA": 0
        },
        {
            "codigo": "5UHxFNH9Bp",
            "total": 15,
            "valor_unitario": 689650,
            "descuento": 0.25,
            "IVA": 0
        },
        {
            "codigo": "HsLyYYrW1n",
            "total": 13,
            "valor_unitario": 576743,
            "descuento": 0.28,
            "IVA": 19
        },
        {
            "codigo": "mpK2e4AidE",
            "total": 6,
            "valor_unitario": 1921,
            "descuento": 0.29,
            "IVA": 0
        },
        {
            "codigo": "WIm6YWc5zn",
            "total": 6,
            "valor_unitario": 995061,
            "descuento": 0.31,
            "IVA": 19
        },
        {
            "codigo": "y5gliOyOac",
            "total": 8,
            "valor_unitario": 383356,
            "descuento": 0.14,
            "IVA": 0
        },
        {
            "codigo": "uUXDcTsbca",
            "total": 13,
            "valor_unitario": 415789,
            "descuento": 0.33,
            "IVA": 5
        },
        {
            "codigo": "vrHkyrQt7O",
            "total": 14,
            "valor_unitario": 357555,
            "descuento": 0.07,
            "IVA": 19
        },
        {
            "codigo": "GoddV4I7xA",
            "total": 5,
            "valor_unitario": 244824,
            "descuento": 0.14,
            "IVA": 5
        },
        {
            "codigo": "mLdRnUfTwq",
            "total": 13,
            "valor_unitario": 986795,
            "descuento": 0.11,
            "IVA": 5
        }
    ]
}