{
    "empresa_nit": "987654321",
    "empresa_ciudad": "CALI",
    "empresa_sede": "centro",
    "empresa_nombre": "FrutiBarato",
    "fecha_hora": "2024-10-06 15:01:11",
    "factura_num": "01240",
    "ciente_numero": 689485683,
    "pago_tipo": "TAR.CREDITO",
    "productos": [
        {
            "codigo": "4PEvkhKSe8",
            "total": 5,
            "valor_unitario": 297817,
            "descuento": 0.13,
            "IVA": 19
        },
        {
            "codigo": "IcN9WElJHu",
            "total": 20,
            "valor_unitario": 205455,
            "descuento": 0.12,
            "IVA": 19
        },
        {
            "codigo": "SZs0KHTrq3",
            "total": 2,
            "valor_unitario": 435637,
            "descuento": 0.12,
            "IVA": 19
        },
        {
            "codigo": "P3m3yQLD8c",
            "total": 9,
            "valor_unitario": 475511,
            "descuento": 0.05,
            "IVA": 5
        },
        {
            "codigo": "gsKp8NrrB3",
            "total": 13,
            "valor_unitario": 372401,
            "descuento": 0.3,
            "IVA": 19
        },
        {
            "codigo": "l54GcelEol",
            "total": 7,
            "valor_unitario": 560636,
            "descuento": 0.37,
            "IVA": 0
        },
        {
            "codigo": "iN2K24jvS5",
            "total": 20,
            "valor_unitario": 447615,
            "descuento": 0.49,
            "IVA": 5
        },
        {
            "codigo": "qCX4BW69w5",
            "total": 19,
            "valor_unitario": 235914,
            "descuento": 0.11,
            "IVA": 5
        },
        {
            "codigo": "U13L3t8y65",
            "total": 20,
            "valor_unitario": 10433,
            "descuento": 0.03,
            "IVA": 5
        },
        {
            "codigo": "MqhakR07y6",
            "total": 11,
            "valor_unitario": 50622,
            "descuento": 0.1,
            "IVA": 5
        },
        {
            "codigo": "JvfTEGOoDS",
            "total": 20,
            "valor_unitario": 260285,
            "descuento": 0.33,
            "IVA": 19
        },
        {
            "codigo": "ivkbL0MlqR",
            "total": 1,
            "valor_unitario": 167161,
            "descuento": 0.06,
            "IVA": 0
        },
        {
            "codigo": "BTVaqL22vY",
            "total": 5,
            "valor_unitario": 433789,
            "descuento": 0.35,
            "IVA": 19
        },
        {
            "codigo": "ejjPvqGawv",
            "total": 3,
            "valor_unitario": 639380,
            "descuento": 0.07,
            "IVA": 5
        }
    ]
}