{
    "empresa_nit": "987654321",
    "empresa_ciudad": "BOGOTA",
    "empresa_sede": "aeropuerto",
    "empresa_nombre": "FrutiBarato",
    "fecha_hora": "2021-04-23 10:54:09",
    "factura_num": "01046",
    "ciente_numero": 349555401,
    "pago_tipo": "TRANFERENCIA",
    "productos": [
        {
            "codigo": "pVpHciKmLU",
            "total": 9,
            "valor_unitario": 406230,
            "descuento": 0.1,
            "IVA": 5
        },
        {
            "codigo": "KatLRXy69U",
            "total": 19,
            "valor_unitario": 488595,
            "descuento": 0.37,
            "IVA": 19
        },
        {
            "codigo": "IcfQqCsqUX",
            "total": 16,
            "valor_unitario": 111466,
            "descuento": 0.32,
            "IVA": 0
        },
        {
            "codigo": "OcMekFQdKM",
            "total": 15,
            "valor_unitario": 605614,
            "descuento": 0.26,
            "IVA": 19
        },
        {
            "codigo": "10pHfKtDlQ",
            "total": 15,
            "valor_unitario": 656243,
            "descuento": 0.45,
            "IVA": 0
        },
        {
            "codigo": "sXLivYKrf0",
            "total": 1,
            "valor_unitario": 689293,
            "descuento": 0.39,
            "IVA": 5
        }
    ]
}