{
    "empresa_nit": "987654321",
    "empresa_ciudad": "MEDELLIN",
    "empresa_sede": "centro",
    "empresa_nombre": "FrutiBarato",
    "fecha_hora": "2024-03-04 19:09:12",
    "factura_num": "01110",
    "ciente_numero": 86163756,
    "pago_tipo": "TAR.DEBITO",
    "productos": [
        {
            "codigo": "zHQEQx4ezT",
            "total": 12,
            "valor_unitario": 963966,
            "descuento": 0.25,
            "IVA": 19
        },
        {
            "codigo": "SK9Ee1PFRl",
            "total": 4,
            "valor_unitario": 520052,
            "descuento": 0.08,
            "IVA": 0
        },
        {
            "codigo": "HxEHOyCavR",
            "total": 11,
            "valor_unitario": 350169,
            "descuento": 0.27,
            "IVA": 5
        },
        {
            "codigo": "6pSOmY1DLM",
            "total": 18,
            "valor_unitario": 676944,
            "descuento": 0.18,
            "IVA": 0
        },
        {
            "codigo": "qNG53qf3sJ",
            "total": 16,
            "valor_unitario": 709758,
            "descuento": 0.16,
            "IVA": 0
        },
        {
            "codigo": "9lMrkkNYxj",
            "total": 11,
            "valor_unitario": 549964,
            "descuento": 0.18,
            "IVA": 0
        },
        {
            "codigo": "JWtoXnAI7M",
            "total": 14,
            "valor_unitario": 124804,
            "descuento": 0.39,
            "IVA": 19
        },
        {
            "codigo": "5spgLsU3gr",
            "total": 11,
            "valor_unitario": 436804,
            "descuento": 0.07,
            "IVA": 0
        },
        {
            "codigo": "gtPMq6MRfT",
            "total": 2,
            "valor_unitario": 694854,
            "descuento": 0.45,
            "IVA": 19
        },
        {
            "codigo": "UZUUJDRQkz",
            "total": 11,
            "valor_unitario": 276312,
            "descuento": 0.4,
            "IVA": 0
        },
        {
            "codigo": "XgOFlYo2fg",
            "total": 6,
            "valor_unitario": 840222,
            "descuento": 0.49,
            "IVA": 5
        },
        {
            "codigo": "O9sEmDCq6U",
            "total": 4,
            "valor_unitario": 978042,
            "descuento": 0.43,
            "IVA": 5
        },
        {
            "codigo": "GS8riQtJQ6",
            "total": 1,
            "valor_unitario": 112104,
            "descuento": 0.08,
            "IVA": 0
        },
        {
            "codigo": "gPgzMijmw1",
            "total": 13,
            "valor_unitario": 140352,
            "descuento": 0.22,
            "IVA": 19
        },
        {
            "codigo": "ZMlgmxogCu",
            "total": 14,
            "valor_unitario": 219597,
            "descuento": 0.35,
            "IVA": 0
        },
        {
            "codigo": "YNdI4kQrTS",
            "total": 2,
            "valor_unitario": 632426,
            "descuento": 0.22,
            "IVA": 5
        },
        {
            "codigo": "njiCHogRtm",
            "total": 7,
            "valor_unitario": 226167,
            "descuento": 0.23,
            "IVA": 5
        }
    ]
}