{
    "empresa_nit": "987654321",
    "empresa_ciudad": "BOGOTA",
    "empresa_sede": "terminal",
    "empresa_nombre": "FrutiBarato",
    "fecha_hora": "2024-08-13 13:21:49",
    "factura_num": "01105",
    "ciente_numero": 303873728,
    "pago_tipo": "EFECTIVO",
    "productos": [
        {
            "codigo": "GzFy16cT7R",
            "total": 5,
            "valor_unitario": 154444,
            "descuento": 0.22,
            "IVA": 5
        },
        {
            "codigo": "pmBfwDYNQz",
            "total": 5,
            "valor_unitario": 907012,
            "descuento": 0.24,
            "IVA": 19
        },
        {
            "codigo": "v0qWKwElO6",
            "total": 10,
            "valor_unitario": 805005,
            "descuento": 0.36,
            "IVA": 0
        },
        {
            "codigo": "bnKwnBZ9OG",
            "total": 5,
            "valor_unitario": 688161,
            "descuento": 0.36,
            "IVA": 19
        },
        {
            "codigo": "mKtjGDK5M7",
            "total": 20,
            "valor_unitario": 855535,
            "descuento": 0.18,
            "IVA": 19
        },
        {
            "codigo": "PPrF6hzJL5",
            "total": 13,
            "valor_unitario": 916535,
            "descuento": 0.44,
            "IVA": 19
        },
        {
            "codigo": "ZZ7F3F8GIv",
            "total": 17,
            "valor_unitario": 347204,
            "descuento": 0.07,
            "IVA": 0
        },
        {
            "codigo": "QbvTreg1rY",
            "total": 2,
            "valor_unitario": 654728,
            "descuento": 0.03,
            "IVA": 5
        },
        {
            "codigo": "7CY4J0Q5T4",
            "total": 19,
            "valor_unitario": 504538,
            "descuento": 0.22,
            "IVA": 0
        }
    ]
}