{
    "empresa_nit": "987654321",
    "empresa_ciudad": "CALI",
    "empresa_sede": "terminal",
    "empresa_nombre": "FrutiBarato",
    "fecha_hora": "2022-08-09 03:27:32",
    "factura_num": "01193",
    "ciente_numero": 968810125,
    "pago_tipo": "TRANFERENCIA",
    "productos": [
        {
            "codigo": "UCWoghUzbe",
            "total": 9,
            "valor_unitario": 235778,
            "descuento": 0.36,
            "IVA": 5
        },
        {
            "codigo": "oSwedGpLKd",
            "total": 4,
            "valor_unitario": 160440,
            "descuento": 0.45,
            "IVA": 0
        },
        {
            "codigo": "sxVcQdTiup",
            "total": 16,
            "valor_unitario": 585388,
            "descuento": 0.43,
            "IVA": 5
        },
        {
            "codigo": "fQ0iGHu99J",
            "total": 2,
            "valor_unitario": 697061,
            "descuento": 0.13,
            "IVA": 5
        },
        {
            "codigo": "avlmWl6ZWB",
            "total": 1,
            "valor_unitario": 860079,
            "descuento": 0.03,
            "IVA": 5
        },
        {
            "codigo": "l2Csdu3xKs",
            "total": 9,
            "valor_unitario": 249173,
            "descuento": 0.44,
            "IVA": 0
        },
        {
            "codigo": "KOWc1EEzAB",
            "total": 15,
            "valor_unitario": 500054,
            "descuento": 0.47,
            "IVA": 5
        },
        {
            "codigo": "vQNcsCyDA3",
            "total": 19,
            "valor_unitario": 277465,
            "descuento": 0.46,
            "IVA": 0
        },
        {
            "codigo": "tZgE24yqKb",
            "total": 13,
            "valor_unitario": 902353,
            "descuento": 0.14,
            "IVA": 5
        },
        {
            "codigo": "DFfQVcVVN8",
            "total": 6,
            "valor_unitario": 952235,
            "descuento": 0.07,
            "IVA": 19
        },
        {
            "codigo": "wxq0kkMJ6J",
            "total": 18,
            "valor_unitario": 372785,
            "descuento": 0.08,
            "IVA": 0
        },
        {
            "codigo": "W6npI4fvCQ",
            "total": 4,
            "valor_unitario": 701458,
            "descuento": 0.48,
            "IVA": 19
        },
        {
            "codigo": "abCD6njVFM",
            "total": 2,
            "valor_unitario": 717360,
            "descuento": 0.16,
            "IVA": 19
        },
        {
            "codigo": "WuiAAUm4qY",
            "total": 18,
            "valor_unitario": 377610,
            "descuento": 0.07,
            "IVA": 0
        },
        {
            "codigo": "lilqZwjRki",
            "total": 20,
            "valor_unitario": 291574,
            "descuento": 0.47,
            "IVA": 0
        },
        {
            "codigo": "0vMpVtlCNy",
            "total": 15,
            "valor_unitario": 376395,
            "descuento": 0.27,
            "IVA": 5
        },
        {
            "codigo": "W4HpPU9ZYg",
            "total": 18,
            "valor_unitario": 778443,
            "descuento": 0.48,
            "IVA": 0
        }
    ]
}