{
    "empresa_nit": "987654321",
    "empresa_ciudad": "MEDELLIN",
    "empresa_sede": "terminal",
    "empresa_nombre": "FrutiBarato",
    "fecha_hora": "2023-11-04 13:06:19",
    "factura_num": "00120",
    "ciente_numero": 422325772,
    "pago_tipo": "TRANFERENCIA",
    "productos": [
        {
            "codigo": "8n7zMRVT3o",
            "total": 4,
            "valor_unitario": 549406,
            "descuento": 0.14,
            "IVA": 19
        },
        {
            "codigo": "WyG6GWFC8g",
            "total": 5,
            "valor_unitario": 483347,
            "descuento": 0.3,
            "IVA": 0
        },
        {
            "codigo": "hjL9fHsHPT",
            "total": 2,
            "valor_unitario": 628696,
            "descuento": 0.49,
            "IVA": 0
        },
        {
            "codigo": "pdOiPW1AoT",
            "total": 18,
            "valor_unitario": 474168,
            "descuento": 0.39,
            "IVA": 5
        },
        {
            "codigo": "EKfSzaWG1U",
            "total": 15,
            "valor_unitario": 960853,
            "descuento": 0.21,
            "IVA": 5
        },
        {
            "codigo": "r4gjJNqlXC",
            "total": 17,
            "valor_unitario": 475621,
            "descuento": 0.1,
            "IVA": 0
        },
        {
            "codigo": "nnsJdozXzs",
            "total": 14,
            "valor_unitario": 12913,
            "descuento": 0.46,
            "IVA": 19
        },
        {
            "codigo": "QBsEXCVdf2",
            "total": 20,
            "valor_unitario": 336629,
            "descuento": 0.05,
            "IVA": 0
        },
        {
            "codigo": "FLCvtgEJ1N",
            "total": 8,
            "valor_unitario": 234620,
            "descuento": 0.39,
            "IVA": 19
        },
        {
            "codigo": "IvQV3ulHXp",
            "total": 14,
            "valor_unitario": 875481,
            "descuento": 0.49,
            "IVA": 19
        },
        {
            "codigo": "0L3TQrJ1CP",
            "total": 3,
            "valor_unitario": 850563,
            "descuento": 0.47,
            "IVA": 19
        },
        {
            "codigo": "S9FOM3LnOe",
            "total": 11,
            "valor_unitario": 709035,
            "descuento": 0.01,
            "IVA": 19
        },
        {
            "codigo": "DE1QWBhWgH",
            "total": 2,
            "valor_unitario": 563585,
            "descuento": 0.06,
            "IVA": 19
        },
        {
            "codigo": "dAwYqAAQuO",
            "total": 19,
            "valor_unitario": 290027,
            "descuento": 0.05,
            "IVA": 19
        }
    ]
}