{
    "empresa_nit": "987654321",
    "empresa_ciudad": "TUNJA",
    "empresa_sede": "autopista",
    "empresa_nombre": "FrutiBarato",
    "fecha_hora": "2022-06-19 18:56:40",
    "factura_num": "01178",
    "ciente_numero": 926655980,
    "pago_tipo": "EFECTIVO",
    "productos": [
        {
            "codigo": "PhKhmtY9pf",
            "total": 17,
            "valor_unitario": 945989,
            "descuento": 0.31,
            "IVA": 19
        },
        {
            "codigo": "pugaPR7bHu",
            "total": 10,
            "valor_unitario": 184458,
            "descuento": 0.1,
            "IVA": 0
        },
        {
            "codigo": "9S1ZCCFAJU",
            "total": 17,
            "valor_unitario": 853654,
            "descuento": 0.44,
            "IVA": 0
        },
        {
            "codigo": "DO0IXV0ovr",
            "total": 5,
            "valor_unitario": 146879,
            "descuento": 0.3,
            "IVA": 19
        },
        {
            "codigo": "vgDzPNJidY",
            "total": 6,
            "valor_unitario": 352500,
            "descuento": 0.41,
            "IVA": 19
        },
        {
            "codigo": "6h48YWioaC",
            "total": 16,
            "valor_unitario": 551119,
            "descuento": 0.09,
            "IVA": 19
        },
        {
            "codigo": "kMwu03h8o3",
            "total": 1,
            "valor_unitario": 917075,
            "descuento": 0.41,
            "IVA": 5
        },
        {
            "codigo": "Bc3rQy0kKK",
            "total": 9,
            "valor_unitario": 250466,
            "descuento": 0.14,
            "IVA": 5
        },
        {
            "codigo": "wPLTIfWmAr",
            "total": 8,
            "valor_unitario": 718914,
            "descuento": 0.08,
            "IVA": 5
        }
    ]
}