{
    "empresa_nit": "987654321",
    "empresa_ciudad": "MEDELLIN",
    "empresa_sede": "terminal",
    "empresa_nombre": "FrutiBarato",
    "fecha_hora": "2022-08-27 08:03:14",
    "factura_num": "01360",
    "ciente_numero": 86991828,
    "pago_tipo": "TAR.CREDITO",
    "productos": [
        {
            "codigo": "Cx38S4fxlt",
            "total": 1,
            "valor_unitario": 408264,
            "descuento": 0.46,
            "IVA": 19
        },
        {
            "codigo": "ndyVZDoeSQ",
            "total": 16,
            "valor_unitario": 507218,
            "descuento": 0.04,
            "IVA": 5
        },
        {
            "codigo": "qY5FrfsLEl",
            "total": 12,
            "valor_unitario": 286949,
            "descuento": 0.14,
            "IVA": 5
        },
        {
            "codigo": "Bw6IdhK3sF",
            "total": 20,
            "valor_unitario": 823851,
            "descuento": 0.21,
            "IVA": 5
        },
        {
            "codigo": "A9UrRZXrVU",
            "total": 17,
            "valor_unitario": 967569,
            "descuento": 0.39,
            "IVA": 19
        },
        {
            "codigo": "oBvKaOqyeW",
            "total": 13,
            "valor_unitario": 437377,
            "descuento": 0.45,
            "IVA": 0
        },
        {
            "codigo": "4DrbkXgnfA",
            "total": 17,
            "valor_unitario": 107798,
            "descuento": 0.41,
            "IVA": 0
        },
        {
            "codigo": "zzpMSMmR7e",
            "total": 6,
            "valor_unitario": 613279,
            "descuento": 0.37,
            "IVA": 19
        },
        {
            "codigo": "WmVsEta2OR",
            "total": 5,
            "valor_unitario": 828203,
            "descuento": 0.28,
            "IVA": 0
        },
        {
            "codigo": "zp8RXGzPpo",
            "total": 20,
            "valor_unitario": 534728,
            "descuento": 0.39,
            "IVA": 19
        },
        {
            "codigo": "Gf3RmOBXte",
            "total": 1,
            "valor_unitario": 571780,
            "descuento": 0.07,
            "IVA": 0
        },
        {
            "codigo": "1XVIbqg451",
            "total": 5,
            "valor_unitario": 437492,
            "descuento": 0.35,
            "IVA": 5
        },
        {
            "codigo": "lOtKUqlq7H",
            "total": 18,
            "valor_unitario": 642257,
            "descuento": 0.5,
            "IVA": 0
        },
        {
            "codigo": "vt3lMfQwVK",
            "total": 6,
            "valor_unitario": 981046,
            "descuento": 0.11,
            "IVA": 19
        },
        {
            "codigo": "jnos8kaGPc",
            "total": 5,
            "valor_unitario": 998314,
            "descuento": 0.17,
            "IVA": 5
        },
        {
            "codigo": "JubsVOx66x",
            "total": 15,
            "valor_unitario": 226998,
            "descuento": 0.5,
            "IVA": 19
        },
        {
            "codigo": "dGv9tUUerK",
            "total": 2,
            "valor_unitario": 629331,
            "descuento": 0.32,
            "IVA": 5
        },
        {
            "codigo": "TZy56h4546",
            "total": 2,
            "valor_unitario": 173570,
            "descuento": 0.31,
            "IVA": 19
        }
    ]
}