{
    "empresa_nit": "987654321",
    "empresa_ciudad": "BARRANQUILLA",
    "empresa_sede": "autopista",
    "empresa_nombre": "FrutiBarato",
    "fecha_hora": "2021-04-22 00:31:21",
    "factura_num": "01404",
    "ciente_numero": 277826657,
    "pago_tipo": "EFECTIVO",
    "productos": [
        {
            "codigo": "K5MC8S9c1R",
            "total": 16,
            "valor_unitario": 901031,
            "descuento": 0.45,
            "IVA": 5
        },
        {
            "codigo": "2E1sL8CN6h",
            "total": 6,
            "valor_unitario": 47596,
            "descuento": 0.05,
            "IVA": 19
        },
        {
            "codigo": "PtgaYpIH0G",
            "total": 11,
            "valor_unitario": 97874,
            "descuento": 0.17,
            "IVA": 0
        },
        {
            "codigo": "izjTAaq1Ai",
            "total": 3,
            "valor_unitario": 43053,
            "descuento": 0.08,
            "IVA": 0
        },
        {
            "codigo": "rtbO0y8UbX",
            "total": 13,
            "valor_unitario": 207824,
            "descuento": 0.05,
            "IVA": 19
        },
        {
            "codigo": "3nJV4DQALr",
            "total": 15,
            "valor_unitario": 700906,
            "descuento": 0.38,
            "IVA": 19
        },
        {
            "codigo": "YYNFa1VCqx",
            "total": 18,
            "valor_unitario": 253487,
            "descuento": 0.04,
            "IVA": 19
        },
        {
            "codigo": "9ut2Va83av",
            "total": 1,
            "valor_unitario": 7687,
            "descuento": 0.32,
            "IVA": 5
        },
        {
            "codigo": "dNgjt7yxo4",
            "total": 17,
            "valor_unitario": 458102,
            "descuento": 0.35,
            "IVA": 0
        },
        {
            "codigo": "VmVyB5iBHD",
            "total": 19,
            "valor_unitario": 877569,
            "descuento": 0.36,
            "IVA": 19
        },
        {
            "codigo": "M16PzfnKMn",
            "total": 17,
            "valor_unitario": 345848,
            "descuento": 0.49,
            "IVA": 5
        },
        {
            "codigo": "POFi1R64zQ",
            "total": 20,
            "valor_unitario": 597603,
            "descuento": 0.02,
            "IVA": 5
        },
        {
            "codigo": "lRxYjK1cxQ",
            "total": 7,
            "valor_unitario": 724823,
            "descuento": 0.35,
            "IVA": 0
        },
        {
            "codigo": "DT5KKnTlXj",
            "total": 5,
            "valor_unitario": 641445,
            "descuento": 0.19,
            "IVA": 19
        },
        {
            "codigo": "iB0RBEyrBm",
            "total": 12,
            "valor_unitario": 328231,
            "descuento": 0.27,
            "IVA": 19
        }
    ]
}