{
    "empresa_nit": "987654321",
    "empresa_ciudad": "CALI",
    "empresa_sede": "autopista",
    "empresa_nombre": "FrutiBarato",
    "fecha_hora": "2023-01-29 12:24:26",
    "factura_num": "01182",
    "ciente_numero": 334148613,
    "pago_tipo": "TAR.DEBITO",
    "productos": [
        {
            "codigo": "DQ9plGmASx",
            "total": 9,
            "valor_unitario": 264085,
            "descuento": 0.26,
            "IVA": 0
        },
        {
            "codigo": "PSxj4SwBys",
            "total": 17,
            "valor_unitario": 692712,
            "descuento": 0.09,
            "IVA": 0
        },
        {
            "codigo": "NErMsvGRlX",
            "total": 10,
            "valor_unitario": 53890,
            "descuento": 0.18,
            "IVA": 19
        },
        {
            "codigo": "pKbIsdPhYQ",
            "total": 5,
            "valor_unitario": 762745,
            "descuento": 0.19,
            "IVA": 19
        }
    ]
}