{
    "empresa_nit": "987654321",
    "empresa_ciudad": "MEDELLIN",
    "empresa_sede": "centro",
    "empresa_nombre": "FrutiBarato",
    "fecha_hora": "2021-03-26 09:58:28",
    "factura_num": "00136",
    "ciente_numero": 591399966,
    "pago_tipo": "TAR.DEBITO",
    "productos": [
        {
            "codigo": "JQHoFahe7y",
            "total": 17,
            "valor_unitario": 26768,
            "descuento": 0.09,
            "IVA": 5
        },
        {
            "codigo": "tGlYlA9Ie6",
            "total": 2,
            "valor_unitario": 828632,
            "descuento": 0.16,
            "IVA": 5
        },
        {
            "codigo": "k9hsjXtLAm",
            "total": 16,
            "valor_unitario": 647361,
            "descuento": 0.46,
            "IVA": 19
        },
        {
            "codigo": "Sx5TnlPoIk",
            "total": 7,
            "valor_unitario": 340918,
            "descuento": 0.18,
            "IVA": 0
        },
        {
            "codigo": "4xZQocnjNr",
            "total": 12,
            "valor_unitario": 832852,
            "descuento": 0.01,
            "IVA": 5
        },
        {
            "codigo": "RbkNjX5jcQ",
            "total": 13,
            "valor_unitario": 910799,
            "descuento": 0.5,
            "IVA": 5
        },
        {
            "codigo": "JD7PQeTvLt",
            "total": 10,
            "valor_unitario": 302296,
            "descuento": 0.23,
            "IVA": 0
        },
        {
            "codigo": "18ikyOPa4l",
            "total": 2,
            "valor_unitario": 538185,
            "descuento": 0.47,
            "IVA": 19
        },
        {
            "codigo": "M5D1Aigtr0",
            "total": 18,
            "valor_unitario": 354032,
            "descuento": 0.23,
            "IVA": 0
        },
        {
            "codigo": "IaHpE82PVn",
            "total": 6,
            "valor_unitario": 664799,
            "descuento": 0.11,
            "IVA": 0
        },
        {
            "codigo": "rpyWChHI9I",
            "total": 18,
            "valor_unitario": 622836,
            "descuento": 0.15,
            "IVA": 0
        },
        {
            "codigo": "FQnM8i8p1q",
            "total": 9,
            "valor_unitario": 272065,
            "descuento": 0.12,
            "IVA": 0
        },
        {
            "codigo": "6KiBLRzHBY",
            "total": 17,
            "valor_unitario": 642655,
            "descuento": 0.5,
            "IVA": 19
        },
        {
            "codigo": "3Z5ybvRDMM",
            "total": 2,
            "valor_unitario": 663747,
            "descuento": 0.42,
            "IVA": 19
        },
        {
            "codigo": "Xfu1vqqxJ1",
            "total": 18,
            "valor_unitario": 385464,
            "descuento": 0.1,
            "IVA": 5
        },
        {
            "codigo": "lr1GSpPnwW",
            "total": 10,
            "valor_unitario": 560968,
            "descuento": 0.46,
            "IVA": 5
        },
        {
            "codigo": "fy77R4iesl",
            "total": 18,
            "valor_unitario": 153931,
            "descuento": 0.06,
            "IVA": 19
        }
    ]
}