{
    "empresa_nit": "987654321",
    "empresa_ciudad": "BOGOTA",
    "empresa_sede": "autopista",
    "empresa_nombre": "FrutiBarato",
    "fecha_hora": "2023-06-09 04:42:46",
    "factura_num": "01280",
    "ciente_numero": 79584821,
    "pago_tipo": "TAR.DEBITO",
    "productos": [
        {
            "codigo": "AMJ5TV4ZgP",
            "total": 18,
            "valor_unitario": 26069,
            "descuento": 0.31,
            "IVA": 19
        },
        {
            "codigo": "7DaJX8HziW",
            "total": 8,
            "valor_unitario": 804302,
            "descuento": 0.11,
            "IVA": 5
        },
        {
            "codigo": "vRcYw9FGxM",
            "total": 17,
            "valor_unitario": 617777,
            "descuento": 0.48,
            "IVA": 5
        },
        {
            "codigo": "Fh9PPzr3lt",
            "total": 17,
            "valor_unitario": 221477,
            "descuento": 0.27,
            "IVA": 19
        },
        {
            "codigo": "ey4tMhPsKR",
            "total": 2,
            "valor_unitario": 544935,
            "descuento": 0.21,
            "IVA": 5
        },
        {
            "codigo": "BGmOecpRRK",
            "total": 5,
            "valor_unitario": 709721,
            "descuento": 0.39,
            "IVA": 5
        },
        {
            "codigo": "jnmGgiMOrS",
            "total": 3,
            "valor_unitario": 607174,
            "descuento": 0.47,
            "IVA": 19
        },
        {
            "codigo": "dwzbxHktwS",
            "total": 2,
            "valor_unitario": 749908,
            "descuento": 0.44,
            "IVA": 19
        },
        {
            "codigo": "HN5W81tGoV",
            "total": 5,
            "valor_unitario": 332283,
            "descuento": 0.26,
            "IVA": 19
        },
        {
            "codigo": "NIImrnk29a",
            "total": 9,
            "valor_unitario": 361738,
            "descuento": 0.11,
            "IVA": 0
        },
        {
            "codigo": "qEBWKkjaob",
            "total": 20,
            "valor_unitario": 841715,
            "descuento": 0.23,
            "IVA": 19
        },
        {
            "codigo": "qfx0tylDpy",
            "total": 2,
            "valor_unitario": 532473,
            "descuento": 0.4,
            "IVA": 0
        },
        {
            "codigo": "h1OZjZ7nJi",
            "total": 10,
            "valor_unitario": 394304,
            "descuento": 0.09,
            "IVA": 5
        },
        {
            "codigo": "9ZvxhVtHiT",
            "total": 9,
            "valor_unitario": 787351,
            "descuento": 0.35,
            "IVA": 19
        },
        {
            "codigo": "Rw26rNG4K3",
            "total": 18,
            "valor_unitario": 440404,
            "descuento": 0.02,
            "IVA": 0
        },
        {
            "codigo": "GgyiIG43C3",
            "total": 19,
            "valor_unitario": 960331,
            "descuento": 0.11,
            "IVA": 0
        },
        {
            "codigo": "oqgDNFImCh",
            "total": 13,
            "valor_unitario": 692723,
            "descuento": 0.44,
            "IVA": 5
        },
        {
            "codigo": "qrc8ih1J9S",
            "total": 5,
            "valor_unitario": 161847,
            "descuento": 0.12,
            "IVA": 19
        },
        {
            "codigo": "ysGkZIbhit",
            "total": 3,
            "valor_unitario": 554187,
            "descuento": 0.39,
            "IVA": 0
        },
        {
            "codigo": "6FYtEwpUUQ",
            "total": 18,
            "valor_unitario": 634510,
            "descuento": 0.22,
            "IVA": 5
        }
    ]
}