{
    "empresa_nit": "987654321",
    "empresa_ciudad": "MEDELLIN",
    "empresa_sede": "aeropuerto",
    "empresa_nombre": "FrutiBarato",
    "fecha_hora": "2022-03-31 16:10:02",
    "factura_num": "01213",
    "ciente_numero": 235835493,
    "pago_tipo": "TAR.DEBITO",
    "productos": [
        {
            "codigo": "QcMbGgVLv4",
            "total": 13,
            "valor_unitario": 230840,
            "descuento": 0.08,
            "IVA": 0
        },
        {
            "codigo": "YNMYue1RCw",
            "total": 9,
            "valor_unitario": 821193,
            "descuento": 0.1,
            "IVA": 19
        },
        {
            "codigo": "FUTOWeM5IS",
            "total": 4,
            "valor_unitario": 658389,
            "descuento": 0.11,
            "IVA": 0
        },
        {
            "codigo": "cPqP1dQDxS",
            "total": 20,
            "valor_unitario": 74667,
            "descuento": 0.15,
            "IVA": 0
        },
        {
            "codigo": "aPATrhDSa0",
            "total": 12,
            "valor_unitario": 807679,
            "descuento": 0.49,
            "IVA": 19
        },
        {
            "codigo": "FgaCfk6i8g",
            "total": 15,
            "valor_unitario": 236966,
            "descuento": 0.4,
            "IVA": 0
        },
        {
            "codigo": "7vl0KfkiRp",
            "total": 2,
            "valor_unitario": 287731,
            "descuento": 0.41,
            "IVA": 19
        },
        {
            "codigo": "EettS0w6Ji",
            "total": 1,
            "valor_unitario": 729545,
            "descuento": 0.1,
            "IVA": 0
        },
        {
            "codigo": "e9IOnyz8pI",
            "total": 19,
            "valor_unitario": 624722,
            "descuento": 0.15,
            "IVA": 19
        }
    ]
}