{
    "empresa_nit": "987654321",
    "empresa_ciudad": "BOGOTA",
    "empresa_sede": "autopista",
    "empresa_nombre": "FrutiBarato",
    "fecha_hora": "2022-05-08 05:21:43",
    "factura_num": "01008",
    "ciente_numero": 609995653,
    "pago_tipo": "TAR.CREDITO",
    "productos": [
        {
            "codigo": "h6h3QQBGxJ",
            "total": 18,
            "valor_unitario": 669483,
            "descuento": 0.12,
            "IVA": 19
        },
        {
            "codigo": "9lWvkEnqcH",
            "total": 14,
            "valor_unitario": 718138,
            "descuento": 0.2,
            "IVA": 5
        },
        {
            "codigo": "rlkmboE3R6",
            "total": 6,
            "valor_unitario": 719932,
            "descuento": 0.15,
            "IVA": 5
        },
        {
            "codigo": "r2zAFNN15l",
            "total": 17,
            "valor_unitario": 135332,
            "descuento": 0.23,
            "IVA": 0
        },
        {
            "codigo": "spTqUg75pI",
            "total": 6,
            "valor_unitario": 3533,
            "descuento": 0.21,
            "IVA": 5
        },
        {
            "codigo": "KiYj6RZv11",
            "total": 5,
            "valor_unitario": 436986,
            "descuento": 0.26,
            "IVA": 5
        },
        {
            "codigo": "qcjr0jyZq7",
            "total": 20,
            "valor_unitario": 448202,
            "descuento": 0.33,
            "IVA": 0
        },
        {
            "codigo": "cYqHeHm21s",
            "total": 18,
            "valor_unitario": 153874,
            "descuento": 0.1,
            "IVA": 0
        },
        {
            "codigo": "11RzXR93Ro",
            "total": 17,
            "valor_unitario": 225722,
            "descuento": 0.23,
            "IVA": 19
        },
        {
            "codigo": "riZ1adjJmx",
            "total": 7,
            "valor_unitario": 546352,
            "descuento": 0.31,
            "IVA": 19
        },
        {
            "codigo": "U9uOVNbfhU",
            "total": 2,
            "valor_unitario": 738196,
            "descuento": 0.19,
            "IVA": 5
        }
    ]
}