{
    "empresa_nit": "987654321",
    "empresa_ciudad": "MEDELLIN",
    "empresa_sede": "terminal",
    "empresa_nombre": "FrutiBarato",
    "fecha_hora": "2023-09-03 16:44:19",
    "factura_num": "01078",
    "ciente_numero": 692517050,
    "pago_tipo": "EFECTIVO",
    "productos": [
        {
            "codigo": "CiVOkaWDt9",
            "total": 17,
            "valor_unitario": 752845,
            "descuento": 0.2,
            "IVA": 5
        },
        {
            "codigo": "haYkCoZFah",
            "total": 10,
            "valor_unitario": 327262,
            "descuento": 0.42,
            "IVA": 0
        },
        {
            "codigo": "8JliDBcCos",
            "total": 7,
            "valor_unitario": 104373,
            "descuento": 0.33,
            "IVA": 5
        },
        {
            "codigo": "dOtXxm46qS",
            "total": 18,
            "valor_unitario": 873851,
            "descuento": 0.16,
            "IVA": 0
        },
        {
            "codigo": "dijYDt6rWE",
            "total": 6,
            "valor_unitario": 129959,
            "descuento": 0.32,
            "IVA": 5
        }
    ]
}