{
    "empresa_nit": "987654321",
    "empresa_ciudad": "MEDELLIN",
    "empresa_sede": "autopista",
    "empresa_nombre": "FrutiBarato",
    "fecha_hora": "2020-09-25 02:32:04",
    "factura_num": "01050",
    "ciente_numero": 922576907,
    "pago_tipo": "TAR.DEBITO",
    "productos": [
        {
            "codigo": "7CUq5WeZue",
            "total": 20,
            "valor_unitario": 773658,
            "descuento": 0.37,
            "IVA": 19
        },
        {
            "codigo": "mXstrj7pKF",
            "total": 7,
            "valor_unitario": 509544,
            "descuento": 0.24,
            "IVA": 0
        }
    ]
}