{
    "empresa_nit": "987654321",
    "empresa_ciudad": "MEDELLIN",
    "empresa_sede": "alcaldia",
    "empresa_nombre": "FrutiBarato",
    "fecha_hora": "2022-01-02 01:51:29",
    "factura_num": "01007",
    "ciente_numero": 180565413,
    "pago_tipo": "TAR.DEBITO",
    "productos": [
        {
            "codigo": "nLVmsSkvyB",
            "total": 14,
            "valor_unitario": 477762,
            "descuento": 0.48,
            "IVA": 19
        },
        {
            "codigo": "5BcEMEgvQh",
            "total": 5,
            "valor_unitario": 707353,
            "descuento": 0.04,
            "IVA": 19
        },
        {
            "codigo": "uWypUWrX6j",
            "total": 3,
            "valor_unitario": 402636,
            "descuento": 0.38,
            "IVA": 5
        }
    ]
}