{
    "empresa_nit": "987654321",
    "empresa_ciudad": "BARRANQUILLA",
    "empresa_sede": "terminal",
    "empresa_nombre": "FrutiBarato",
    "fecha_hora": "2025-01-08 05:13:01",
    "factura_num": "01398",
    "ciente_numero": 231362230,
    "pago_tipo": "TAR.DEBITO",
    "productos": [
        {
            "codigo": "6ubkenwLWT",
            "total": 8,
            "valor_unitario": 792328,
            "descuento": 0.42,
            "IVA": 19
        },
        {
            "codigo": "C8PPbALHHq",
            "total": 9,
            "valor_unitario": 909093,
            "descuento": 0.48,
            "IVA": 5
        },
        {
            "codigo": "B1h8TD16BQ",
            "total": 13,
            "valor_unitario": 870495,
            "descuento": 0.34,
            "IVA": 19
        },
        {
            "codigo": "AHxt1VfEzs",
            "total": 10,
            "valor_unitario": 342213,
            "descuento": 0.41,
            "IVA": 5
        },
        {
            "codigo": "0SQ2T5vyxb",
            "total": 8,
            "valor_unitario": 566792,
            "descuento": 0.21,
            "IVA": 5
        },
        {
            "codigo": "t7sN6f0zEW",
            "total": 14,
            "valor_unitario": 94941,
            "descuento": 0.46,
            "IVA": 5
        },
        {
            "codigo": "LtJR7MHAvT",
            "total": 4,
            "valor_unitario": 76665,
            "descuento": 0.45,
            "IVA": 5
        },
        {
            "codigo": "3hI0TJe4uA",
            "total": 13,
            "valor_unitario": 245239,
            "descuento": 0.31,
            "IVA": 5
        },
        {
            "codigo": "x7y8suFaBF",
            "total": 3,
            "valor_unitario": 549038,
            "descuento": 0.25,
            "IVA": 0
        },
        {
            "codigo": "JIKE44jbow",
            "total": 9,
            "valor_unitario": 906350,
            "descuento": 0.42,
            "IVA": 0
        },
        {
            "codigo": "CZTqTxyBcE",
            "total": 1,
            "valor_unitario": 343189,
            "descuento": 0.19,
            "IVA": 19
        },
        {
            "codigo": "cLvwZ4cfBI",
            "total": 2,
            "valor_unitario": 167092,
            "descuento": 0.47,
            "IVA": 0
        },
        {
            "codigo": "NSco2mtpnN",
            "total": 15,
            "valor_unitario": 454058,
            "descuento": 0.38,
            "IVA": 5
        },
        {
            "codigo": "ZAuelAiAXP",
            "total": 6,
            "valor_unitario": 888335,
            "descuento": 0.31,
            "IVA": 5
        },
        {
            "codigo": "MZfigVaksq",
            "total": 6,
            "valor_unitario": 955545,
            "descuento": 0.3,
            "IVA": 0
        },
        {
            "codigo": "1rdV1uQO5Z",
            "total": 9,
            "valor_unitario": 324983,
            "descuento": 0.42,
            "IVA": 19
        },
        {
            "codigo": "Z3ili1OGW3",
            "total": 10,
            "valor_unitario": 212379,
            "descuento": 0.39,
            "IVA": 19
        }
    ]
}