{
    "empresa_nit": "987654321",
    "empresa_ciudad": "BARRANQUILLA",
    "empresa_sede": "plaza",
    "empresa_nombre": "FrutiBarato",
    "fecha_hora": "2023-03-26 04:38:59",
    "factura_num": "01236",
    "ciente_numero": 15268679,
    "pago_tipo": "EFECTIVO",
    "productos": [
        {
            "codigo": "A419ykAxQV",
            "total": 15,
            "valor_unitario": 744539,
            "descuento": 0.45,
            "IVA": 5
        },
        {
            "codigo": "exmKcs1yG2",
            "total": 2,
            "valor_unitario": 698539,
            "descuento": 0.4,
            "IVA": 0
        },
        {
            "codigo": "LwELALWz85",
            "total": 2,
            "valor_unitario": 643073,
            "descuento": 0.2,
            "IVA": 19
        },
        {
            "codigo": "cQVmq6QKoJ",
            "total": 9,
            "valor_unitario": 14255,
            "descuento": 0.37,
            "IVA": 19
        },
        {
            "codigo": "Bk60elsXWR",
            "total": 15,
            "valor_unitario": 640004,
            "descuento": 0.24,
            "IVA": 5
        },
        {
            "codigo": "C6RdwuBk9a",
            "total": 17,
            "valor_unitario": 237958,
            "descuento": 0.08,
            "IVA": 0
        },
        {
            "codigo": "rsz4pkmBDy",
            "total": 11,
            "valor_unitario": 945959,
            "descuento": 0.34,
            "IVA": 5
        },
        {
            "codigo": "evmTqd88Mb",
            "total": 8,
            "valor_unitario": 505291,
            "descuento": 0.29,
            "IVA": 0
        },
        {
            "codigo": "d51Mk37FQp",
            "total": 16,
            "valor_unitario": 320347,
            "descuento": 0.26,
            "IVA": 0
        },
        {
            "codigo": "X0COa1F8HA",
            "total": 20,
            "valor_unitario": 79399,
            "descuento": 0.27,
            "IVA": 0
        },
        {
            "codigo": "E4jYOpefgQ",
            "total": 9,
            "valor_unitario": 867169,
            "descuento": 0.48,
            "IVA": 5
        },
        {
            "codigo": "ZbvLkdSV2i",
            "total": 1,
            "valor_unitario": 275826,
            "descuento": 0.19,
            "IVA": 19
        },
        {
            "codigo": "V4BlIhNGks",
            "total": 19,
            "valor_unitario": 882543,
            "descuento": 0.47,
            "IVA": 19
        },
        {
            "codigo": "I78eEM122v",
            "total": 8,
            "valor_unitario": 360915,
            "descuento": 0.39,
            "IVA": 5
        }
    ]
}