{
    "empresa_nit": "987654321",
    "empresa_ciudad": "TUNJA",
    "empresa_sede": "autopista",
    "empresa_nombre": "FrutiBarato",
    "fecha_hora": "2024-06-02 04:15:18",
    "factura_num": "01366",
    "ciente_numero": 251170492,
    "pago_tipo": "TRANFERENCIA",
    "productos": [
        {
            "codigo": "bboZQyNz2z",
            "total": 7,
            "valor_unitario": 292389,
            "descuento": 0.47,
            "IVA": 19
        },
        {
            "codigo": "0sjWyyGtLt",
            "total": 10,
            "valor_unitario": 921989,
            "descuento": 0.32,
            "IVA": 19
        },
        {
            "codigo": "vjdSzsJM1T",
            "total": 17,
            "valor_unitario": 933565,
            "descuento": 0.18,
            "IVA": 5
        },
        {
            "codigo": "HJFUEmdwVY",
            "total": 3,
            "valor_unitario": 706770,
            "descuento": 0.21,
            "IVA": 19
        },
        {
            "codigo": "hLqk5rIAbn",
            "total": 15,
            "valor_unitario": 129179,
            "descuento": 0.39,
            "IVA": 0
        }
    ]
}