{
    "empresa_nit": "987654321",
    "empresa_ciudad": "BARRANQUILLA",
    "empresa_sede": "terminal",
    "empresa_nombre": "FrutiBarato",
    "fecha_hora": "2024-02-01 18:53:01",
    "factura_num": "01414",
    "ciente_numero": 789479338,
    "pago_tipo": "TAR.DEBITO",
    "productos": [
        {
            "codigo": "ksTNCX1uY1",
            "total": 1,
            "valor_unitario": 304538,
            "descuento": 0.09,
            "IVA": 0
        },
        {
            "codigo": "eX8Afp3b5w",
            "total": 15,
            "valor_unitario": 755062,
            "descuento": 0.4,
            "IVA": 0
        },
        {
            "codigo": "3xjvuYlgWE",
            "total": 19,
            "valor_unitario": 463711,
            "descuento": 0.2,
            "IVA": 19
        },
        {
            "codigo": "fc1ywejmMX",
            "total": 15,
            "valor_unitario": 174466,
            "descuento": 0.23,
            "IVA": 19
        },
        {
            "codigo": "GgRKilm5Jl",
            "total": 14,
            "valor_unitario": 320709,
            "descuento": 0.29,
            "IVA": 5
        },
        {
            "codigo": "zzf4VtCccJ",
            "total": 12,
            "valor_unitario": 756858,
            "descuento": 0.34,
            "IVA": 0
        },
        {
            "codigo": "R5vJCT00E4",
            "total": 1,
            "valor_unitario": 243776,
            "descuento": 0.16,
            "IVA": 0
        },
        {
            "codigo": "Eq8trLMXpI",
            "total": 17,
            "valor_unitario": 505368,
            "descuento": 0.2,
            "IVA": 19
        },
        {
            "codigo": "EoUiX3B8kI",
            "total": 15,
            "valor_unitario": 402063,
            "descuento": 0.11,
            "IVA": 0
        },
        {
            "codigo": "H33hUnTONG",
            "total": 6,
            "valor_unitario": 774315,
            "descuento": 0.44,
            "IVA": 0
        },
        {
            "codigo": "LzmVjV2AF1",
            "total": 5,
            "valor_unitario": 127764,
            "descuento": 0.02,
            "IVA": 19
        },
        {
            "codigo": "8ScxyYnHJS",
            "total": 17,
            "valor_unitario": 201172,
            "descuento": 0.0,
            "IVA": 0
        },
        {
            "codigo": "uRnORpd7kW",
            "total": 5,
            "valor_unitario": 851742,
            "descuento": 0.18,
            "IVA": 19
        }
    ]
}