{
    "empresa_nit": "987654321",
    "empresa_ciudad": "BOGOTA",
    "empresa_sede": "centro",
    "empresa_nombre": "FrutiBarato",
    "fecha_hora": "2024-11-04 19:07:34",
    "factura_num": "00135",
    "ciente_numero": 318702111,
    "pago_tipo": "TAR.DEBITO",
    "productos": [
        {
            "codigo": "DtRb8GSxSf",
            "total": 11,
            "valor_unitario": 798410,
            "descuento": 0.17,
            "IVA": 0
        },
        {
            "codigo": "oB4e3ADaAl",
            "total": 12,
            "valor_unitario": 560645,
            "descuento": 0.4,
            "IVA": 19
        },
        {
            "codigo": "ZRJzSqWJrI",
            "total": 18,
            "valor_unitario": 633092,
            "descuento": 0.49,
            "IVA": 5
        },
        {
            "codigo": "JKErXqvEjf",
            "total": 17,
            "valor_unitario": 51146,
            "descuento": 0.22,
            "IVA": 19
        },
        {
            "codigo": "DacKAkj5k9",
            "total": 13,
            "valor_unitario": 978876,
            "descuento": 0.07,
            "IVA": 5
        },
        {
            "codigo": "NwotZMhF2A",
            "total": 19,
            "valor_unitario": 914168,
            "descuento": 0.42,
            "IVA": 5
        },
        {
            "codigo": "tPrGipZ5hF",
            "total": 9,
            "valor_unitario": 339048,
            "descuento": 0.49,
            "IVA": 19
        },
        {
            "codigo": "8RS7xCmXEF",
            "total": 2,
            "valor_unitario": 842461,
            "descuento": 0.35,
            "IVA": 19
        }
    ]
}