{
    "empresa_nit": "987654321",
    "empresa_ciudad": "CALI",
    "empresa_sede": "autopista",
    "empresa_nombre": "FrutiBarato",
    "fecha_hora": "2021-11-20 21:30:56",
    "factura_num": "01152",
    "ciente_numero": 612116147,
    "pago_tipo": "TAR.DEBITO",
    "productos": [
        {
            "codigo": "xkXv0syNjW",
            "total": 12,
            "valor_unitario": 767023,
            "descuento": 0.35,
            "IVA": 0
        },
        {
            "codigo": "dJzgRsQyTP",
            "total": 3,
            "valor_unitario": 525740,
            "descuento": 0.33,
            "IVA": 19
        },
        {
            "codigo": "1Ndjy40qw5",
            "total": 1,
            "valor_unitario": 418956,
            "descuento": 0.36,
            "IVA": 0
        },
        {
            "codigo": "QSwxcumiAy",
            "total": 20,
            "valor_unitario": 671569,
            "descuento": 0.26,
            "IVA": 5
        },
        {
            "codigo": "O51ucBkc3D",
            "total": 8,
            "valor_unitario": 843178,
            "descuento": 0.44,
            "IVA": 5
        },
        {
            "codigo": "EEMEo9EUPd",
            "total": 4,
            "valor_unitario": 512160,
            "descuento": 0.05,
            "IVA": 0
        },
        {
            "codigo": "kz7wy8fWsd",
            "total": 11,
            "valor_unitario": 43316,
            "descuento": 0.19,
            "IVA": 5
        },
        {
            "codigo": "1RJFvrj1W6",
            "total": 16,
            "valor_unitario": 406855,
            "descuento": 0.4,
            "IVA": 0
        },
        {
            "codigo": "DVXfhdEz4l",
            "total": 8,
            "valor_unitario": 273605,
            "descuento": 0.34,
            "IVA": 0
        },
        {
            "codigo": "fjAnZC2yaB",
            "total": 1,
            "valor_unitario": 53845,
            "descuento": 0.49,
            "IVA": 0
        },
        {
            "codigo": "x2ELlbDmfA",
            "total": 10,
            "valor_unitario": 406657,
            "descuento": 0.03,
            "IVA": 5
        },
        {
            "codigo": "LeVgopSxul",
            "total": 14,
            "valor_unitario": 412180,
            "descuento": 0.45,
            "IVA": 19
        },
        {
            "codigo": "yi6vRP6I55",
            "total": 7,
            "valor_unitario": 793916,
            "descuento": 0.31,
            "IVA": 0
        },
        {
            "codigo": "ausGlc6eRH",
            "total": 11,
            "valor_unitario": 58242,
            "descuento": 0.13,
            "IVA": 0
        },
        {
            "codigo": "4hFO3ghgcQ",
            "total": 3,
            "valor_unitario": 76644,
            "descuento": 0.16,
            "IVA": 0
        },
        {
            "codigo": "Yzp9ZYaB1V",
            "total": 9,
            "valor_unitario": 957121,
            "descuento": 0.21,
            "IVA": 5
        },
        {
            "codigo": "PCmEIzkTob",
            "total": 12,
            "valor_unitario": 756824,
            "descuento": 0.26,
            "IVA": 5
        },
        {
            "codigo": "rwWSV5lVBa",
            "total": 2,
            "valor_unitario": 825486,
            "descuento": 0.13,
            "IVA": 5
        }
    ]
}