{
    "empresa_nit": "987654321",
    "empresa_ciudad": "BOGOTA",
    "empresa_sede": "alcaldia",
    "empresa_nombre": "FrutiBarato",
    "fecha_hora": "2024-03-06 10:49:35",
    "factura_num": "01194",
    "ciente_numero": 46383236,
    "pago_tipo": "TAR.CREDITO",
    "productos": [
        {
            "codigo": "ZrBNGxeQwo",
            "total": 19,
            "valor_unitario": 862429,
            "descuento": 0.24,
            "IVA": 0
        },
        {
            "codigo": "FkegqpVQ5y",
            "total": 16,
            "valor_unitario": 282830,
            "descuento": 0.49,
            "IVA": 19
        },
        {
            "codigo": "MMapsUNsAV",
            "total": 2,
            "valor_unitario": 404752,
            "descuento": 0.16,
            "IVA": 19
        },
        {
            "codigo": "xKTUmlT0yM",
            "total": 7,
            "valor_unitario": 113715,
            "descuento": 0.06,
            "IVA": 19
        },
        {
            "codigo": "Ni0j0yJ4b6",
            "total": 10,
            "valor_unitario": 290163,
            "descuento": 0.5,
            "IVA": 19
        },
        {
            "codigo": "qoZyvenEqm",
            "total": 18,
            "valor_unitario": 519870,
            "descuento": 0.4,
            "IVA": 5
        },
        {
            "codigo": "VL1kwJ4AOt",
            "total": 12,
            "valor_unitario": 974184,
            "descuento": 0.14,
            "IVA": 19
        },
        {
            "codigo": "3ZRBMLMLAX",
            "total": 7,
            "valor_unitario": 978912,
            "descuento": 0.09,
            "IVA": 19
        }
    ]
}