{
    "empresa_nit": "987654321",
    "empresa_ciudad": "BARRANQUILLA",
    "empresa_sede": "autopista",
    "empresa_nombre": "FrutiBarato",
    "fecha_hora": "2022-03-26 18:01:06",
    "factura_num": "01388",
    "ciente_numero": 858195210,
    "pago_tipo": "TAR.CREDITO",
    "productos": [
        {
            "codigo": "HM7K1koOYx",
            "total": 14,
            "valor_unitario": 608555,
            "descuento": 0.34,
            "IVA": 19
        },
        {
            "codigo": "o7Nwp3GgMj",
            "total": 8,
            "valor_unitario": 982189,
            "descuento": 0.38,
            "IVA": 19
        },
        {
            "codigo": "Vw10IBjlBa",
            "total": 11,
            "valor_unitario": 498720,
            "descuento": 0.36,
            "IVA": 0
        },
        {
            "codigo": "F2O5pJl46a",
            "total": 5,
            "valor_unitario": 338688,
            "descuento": 0.41,
            "IVA": 19
        },
        {
            "codigo": "3b4xwfyBOr",
            "total": 14,
            "valor_unitario": 375279,
            "descuento": 0.32,
            "IVA": 19
        },
        {
            "codigo": "vufJtcPoW4",
            "total": 3,
            "valor_unitario": 562611,
            "descuento": 0.49,
            "IVA": 19
        },
        {
            "codigo": "eGUq9VJ8Xj",
            "total": 1,
            "valor_unitario": 222755,
            "descuento": 0.06,
            "IVA": 0
        },
        {
            "codigo": "yMAzcarXcd",
            "total": 9,
            "valor_unitario": 556452,
            "descuento": 0.07,
            "IVA": 5
        },
        {
            "codigo": "Ox2WWOzFBL",
            "total": 1,
            "valor_unitario": 771492,
            "descuento": 0.4,
            "IVA": 0
        },
        {
            "codigo": "SP64NIG0WJ",
            "total": 1,
            "valor_unitario": 561597,
            "descuento": 0.21,
            "IVA": 19
        },
        {
            "codigo": "MEVhsBUQWo",
            "total": 10,
            "valor_unitario": 984408,
            "descuento": 0.05,
            "IVA": 5
        },
        {
            "codigo": "u0J5Ekwozk",
            "total": 15,
            "valor_unitario": 242653,
            "descuento": 0.16,
            "IVA": 19
        },
        {
            "codigo": "O1Yr1EiNqm",
            "total": 16,
            "valor_unitario": 238883,
            "descuento": 0.02,
            "IVA": 5
        },
        {
            "codigo": "iUT3UHDZHd",
            "total": 1,
            "valor_unitario": 17647,
            "descuento": 0.49,
            "IVA": 0
        },
        {
            "codigo": "vZ5xffBqIj",
            "total": 18,
            "valor_unitario": 607501,
            "descuento": 0.0,
            "IVA": 0
        },
        {
            "codigo": "nEvte2Gsm2",
            "total": 7,
            "valor_unitario": 796189,
            "descuento": 0.29,
            "IVA": 5
        },
        {
            "codigo": "Dnwdtna0XT",
            "total": 4,
            "valor_unitario": 606469,
            "descuento": 0.07,
            "IVA": 5
        }
    ]
}