{
    "empresa_nit": "987654321",
    "empresa_ciudad": "BARRANQUILLA",
    "empresa_sede": "aeropuerto",
    "empresa_nombre": "FrutiBarato",
    "fecha_hora": "2024-04-24 20:21:23",
    "factura_num": "01296",
    "ciente_numero": 709042429,
    "pago_tipo": "TRANFERENCIA",
    "productos": [
        {
            "codigo": "95rYwQ8B5s",
            "total": 15,
            "valor_unitario": 795856,
            "descuento": 0.48,
            "IVA": 19
        },
        {
            "codigo": "9ovx0KLHNJ",
            "total": 11,
            "valor_unitario": 929963,
            "descuento": 0.4,
            "IVA": 0
        },
        {
            "codigo": "wzlHAyeMoy",
            "total": 5,
            "valor_unitario": 261861,
            "descuento": 0.0,
            "IVA": 19
        },
        {
            "codigo": "Z1KG9wvJe8",
            "total": 14,
            "valor_unitario": 76200,
            "descuento": 0.36,
            "IVA": 0
        },
        {
            "codigo": "MojWou5HVk",
            "total": 7,
            "valor_unitario": 324635,
            "descuento": 0.09,
            "IVA": 5
        },
        {
            "codigo": "9FkovOBhkw",
            "total": 17,
            "valor_unitario": 855159,
            "descuento": 0.17,
            "IVA": 0
        },
        {
            "codigo": "xl25IsfFJ0",
            "total": 19,
            "valor_unitario": 292722,
            "descuento": 0.33,
            "IVA": 0
        },
        {
            "codigo": "5k8DEbLbQM",
            "total": 1,
            "valor_unitario": 981517,
            "descuento": 0.31,
            "IVA": 5
        },
        {
            "codigo": "jDH4q8cysX",
            "total": 14,
            "valor_unitario": 498365,
            "descuento": 0.06,
            "IVA": 19
        },
        {
            "codigo": "y881UuXTSY",
            "total": 9,
            "valor_unitario": 275539,
            "descuento": 0.05,
            "IVA": 0
        },
        {
            "codigo": "4R0PbWQacM",
            "total": 4,
            "valor_unitario": 333858,
            "descuento": 0.23,
            "IVA": 5
        }
    ]
}