{
    "empresa_nit": "987654321",
    "empresa_ciudad": "CALI",
    "empresa_sede": "autopista",
    "empresa_nombre": "FrutiBarato",
    "fecha_hora": "2020-02-28 03:01:41",
    "factura_num": "00128",
    "ciente_numero": 600888002,
    "pago_tipo": "EFECTIVO",
    "productos": [
        {
            "codigo": "8TY2eOPvo9",
            "total": 10,
            "valor_unitario": 742796,
            "descuento": 0.22,
            "IVA": 0
        },
        {
            "codigo": "5lDzTcruVy",
            "total": 1,
            "valor_unitario": 654965,
            "descuento": 0.49,
            "IVA": 5
        },
        {
            "codigo": "RtXh2jxCMk",
            "total": 19,
            "valor_unitario": 844299,
            "descuento": 0.16,
            "IVA": 5
        },
        {
            "codigo": "Ff0mXEXhbC",
            "total": 16,
            "valor_unitario": 207545,
            "descuento": 0.04,
            "IVA": 19
        },
        {
            "codigo": "S4IuXe3XxX",
            "total": 13,
            "valor_unitario": 973890,
            "descuento": 0.44,
            "IVA": 19
        },
        {
            "codigo": "VZBDbgzcGt",
            "total": 8,
            "valor_unitario": 480224,
            "descuento": 0.39,
            "IVA": 0
        },
        {
            "codigo": "o0QJIbtJa1",
            "total": 3,
            "valor_unitario": 279420,
            "descuento": 0.33,
            "IVA": 0
        },
        {
            "codigo": "LHjkvc7AYd",
            "total": 19,
            "valor_unitario": 953961,
            "descuento": 0.31,
            "IVA": 19
        },
        {
            "codigo": "rMkzuh8R0u",
            "total": 13,
            "valor_unitario": 640998,
            "descuento": 0.32,
            "IVA": 0
        },
        {
            "codigo": "2KZ0y3Izo5",
            "total": 15,
            "valor_unitario": 621126,
            "descuento": 0.07,
            "IVA": 19
        },
        {
            "codigo": "nsjJ25pEgj",
            "total": 1,
            "valor_unitario": 385609,
            "descuento": 0.47,
            "IVA": 0
        },
        {
            "codigo": "yJFd4C7zwF",
            "total": 12,
            "valor_unitario": 113320,
            "descuento": 0.5,
            "IVA": 19
        },
        {
            "codigo": "83k99JhWcs",
            "total": 14,
            "valor_unitario": 857182,
            "descuento": 0.44,
            "IVA": 5
        },
        {
            "codigo": "PX7vNt3WHP",
            "total": 3,
            "valor_unitario": 38185,
            "descuento": 0.0,
            "IVA": 5
        },
        {
            "codigo": "4Zy4OgUtVt",
            "total": 16,
            "valor_unitario": 171406,
            "descuento": 0.38,
            "IVA": 5
        },
        {
            "codigo": "ZA5NNKLvZ5",
            "total": 6,
            "valor_unitario": 799028,
            "descuento": 0.27,
            "IVA": 5
        },
        {
            "codigo": "BUc2MVROU2",
            "total": 18,
            "valor_unitario": 78076,
            "descuento": 0.03,
            "IVA": 19
        }
    ]
}