{
    "empresa_nit": "987654321",
    "empresa_ciudad": "TUNJA",
    "empresa_sede": "autopista",
    "empresa_nombre": "FrutiBarato",
    "fecha_hora": "2020-02-12 01:35:51",
    "factura_num": "01112",
    "ciente_numero": 545372778,
    "pago_tipo": "TAR.CREDITO",
    "productos": [
        {
            "codigo": "RtpCMiVVcy",
            "total": 18,
            "valor_unitario": 104042,
            "descuento": 0.15,
            "IVA": 19
        },
        {
            "codigo": "W849Lggutr",
            "total": 8,
            "valor_unitario": 907645,
            "descuento": 0.08,
            "IVA": 5
        },
        {
            "codigo": "pfXy4p8Iya",
            "total": 8,
            "valor_unitario": 713333,
            "descuento": 0.03,
            "IVA": 5
        }
    ]
}