{
    "empresa_nit": "987654321",
    "empresa_ciudad": "BOGOTA",
    "empresa_sede": "alcaldia",
    "empresa_nombre": "FrutiBarato",
    "fecha_hora": "2025-01-03 17:23:11",
    "factura_num": "01441",
    "ciente_numero": 10415031,
    "pago_tipo": "TRANFERENCIA",
    "productos": [
        {
            "codigo": "Ra8mxJDWbP",
            "total": 12,
            "valor_unitario": 25620,
            "descuento": 0.23,
            "IVA": 19
        },
        {
            "codigo": "kgkAS3mQhf",
            "total": 19,
            "valor_unitario": 897501,
            "descuento": 0.11,
            "IVA": 5
        },
        {
            "codigo": "u0EVu0awPd",
            "total": 5,
            "valor_unitario": 978948,
            "descuento": 0.36,
            "IVA": 5
        },
        {
            "codigo": "PjApmWwplV",
            "total": 9,
            "valor_unitario": 419969,
            "descuento": 0.09,
            "IVA": 19
        },
        {
            "codigo": "d51fAhAwyR",
            "total": 1,
            "valor_unitario": 340944,
            "descuento": 0.38,
            "IVA": 0
        },
        {
            "codigo": "g6KdZCov0T",
            "total": 20,
            "valor_unitario": 908885,
            "descuento": 0.4,
            "IVA": 19
        },
        {
            "codigo": "KDYC0Mb0Wq",
            "total": 15,
            "valor_unitario": 530710,
            "descuento": 0.32,
            "IVA": 5
        },
        {
            "codigo": "JHs3qfljAs",
            "total": 20,
            "valor_unitario": 137993,
            "descuento": 0.2,
            "IVA": 0
        },
        {
            "codigo": "RbkeSwRRXm",
            "total": 16,
            "valor_unitario": 77608,
            "descuento": 0.44,
            "IVA": 19
        },
        {
            "codigo": "Xpuv3fYVS6",
            "total": 4,
            "valor_unitario": 202694,
            "descuento": 0.44,
            "IVA": 5
        },
        {
            "codigo": "Oybk0X9djK",
            "total": 2,
            "valor_unitario": 837042,
            "descuento": 0.0,
            "IVA": 5
        }
    ]
}