{
    "empresa_nit": "987654321",
    "empresa_ciudad": "TUNJA",
    "empresa_sede": "terminal",
    "empresa_nombre": "FrutiBarato",
    "fecha_hora": "2020-11-23 05:55:00",
    "factura_num": "01394",
    "ciente_numero": 245504469,
    "pago_tipo": "TRANFERENCIA",
    "productos": [
        {
            "codigo": "O0EUBNUPgh",
            "total": 11,
            "valor_unitario": 257470,
            "descuento": 0.1,
            "IVA": 0
        },
        {
            "codigo": "buLhGyD81K",
            "total": 20,
            "valor_unitario": 611955,
            "descuento": 0.39,
            "IVA": 0
        },
        {
            "codigo": "DrI3i4cuct",
            "total": 8,
            "valor_unitario": 407769,
            "descuento": 0.42,
            "IVA": 19
        },
        {
            "codigo": "nI2G71A23x",
            "total": 20,
            "valor_unitario": 238751,
            "descuento": 0.31,
            "IVA": 0
        },
        {
            "codigo": "7uPPDDK9xN",
            "total": 13,
            "valor_unitario": 547481,
            "descuento": 0.49,
            "IVA": 19
        },
        {
            "codigo": "f8NOCRxrcS",
            "total": 17,
            "valor_unitario": 262631,
            "descuento": 0.38,
            "IVA": 19
        },
        {
            "codigo": "1HE3bV7cD8",
            "total": 1,
            "valor_unitario": 201679,
            "descuento": 0.09,
            "IVA": 0
        },
        {
            "codigo": "uBmH4b73bd",
            "total": 4,
            "valor_unitario": 108446,
            "descuento": 0.11,
            "IVA": 5
        },
        {
            "codigo": "w32udBhfX0",
            "total": 3,
            "valor_unitario": 573210,
            "descuento": 0.11,
            "IVA": 5
        },
        {
            "codigo": "ntOlf9s6UX",
            "total": 7,
            "valor_unitario": 159147,
            "descuento": 0.47,
            "IVA": 5
        },
        {
            "codigo": "17wfb0yaU9",
            "total": 1,
            "valor_unitario": 63240,
            "descuento": 0.23,
            "IVA": 5
        },
        {
            "codigo": "gK3QngeYdO",
            "total": 14,
            "valor_unitario": 600980,
            "descuento": 0.41,
            "IVA": 19
        },
        {
            "codigo": "hJVi5ily4w",
            "total": 6,
            "valor_unitario": 840734,
            "descuento": 0.29,
            "IVA": 0
        },
        {
            "codigo": "E1u3Ax5D9R",
            "total": 1,
            "valor_unitario": 355939,
            "descuento": 0.04,
            "IVA": 5
        },
        {
            "codigo": "5zNzXQzGx3",
            "total": 5,
            "valor_unitario": 864524,
            "descuento": 0.31,
            "IVA": 5
        },
        {
            "codigo": "xCW6g8bJW9",
            "total": 19,
            "valor_unitario": 663436,
            "descuento": 0.3,
            "IVA": 5
        },
        {
            "codigo": "8BySZqhvFf",
            "total": 13,
            "valor_unitario": 657338,
            "descuento": 0.32,
            "IVA": 5
        }
    ]
}