{
    "empresa_nit": "987654321",
    "empresa_ciudad": "MEDELLIN",
    "empresa_sede": "autopista",
    "empresa_nombre": "FrutiBarato",
    "fecha_hora": "2022-08-04 17:44:14",
    "factura_num": "00114",
    "ciente_numero": 935984263,
    "pago_tipo": "EFECTIVO",
    "productos": [
        {
            "codigo": "bo2eIFP1G0",
            "total": 18,
            "valor_unitario": 654440,
            "descuento": 0.39,
            "IVA": 5
        },
        {
            "codigo": "DpWWLP2pUo",
            "total": 9,
            "valor_unitario": 99801,
            "descuento": 0.49,
            "IVA": 0
        },
        {
            "codigo": "42cExTGBln",
            "total": 17,
            "valor_unitario": 784489,
            "descuento": 0.06,
            "IVA": 0
        },
        {
            "codigo": "3zY4XNaAKP",
            "total": 20,
            "valor_unitario": 728562,
            "descuento": 0.05,
            "IVA": 19
        },
        {
            "codigo": "GwL8Dr1OVs",
            "total": 17,
            "valor_unitario": 724079,
            "descuento": 0.16,
            "IVA": 5
        },
        {
            "codigo": "xhkNWd0oul",
            "total": 7,
            "valor_unitario": 478307,
            "descuento": 0.31,
            "IVA": 0
        },
        {
            "codigo": "2sgsEgJbpB",
            "total": 11,
            "valor_unitario": 777024,
            "descuento": 0.32,
            "IVA": 0
        },
        {
            "codigo": "TZpZaMnxBY",
            "total": 7,
            "valor_unitario": 494909,
            "descuento": 0.23,
            "IVA": 5
        },
        {
            "codigo": "hM7I0DgZnQ",
            "total": 9,
            "valor_unitario": 22526,
            "descuento": 0.01,
            "IVA": 0
        },
        {
            "codigo": "rZM3Phsu8J",
            "total": 18,
            "valor_unitario": 56059,
            "descuento": 0.01,
            "IVA": 0
        },
        {
            "codigo": "eIKzUZtatv",
            "total": 15,
            "valor_unitario": 250193,
            "descuento": 0.05,
            "IVA": 19
        },
        {
            "codigo": "5zGgLbnKLo",
            "total": 6,
            "valor_unitario": 209516,
            "descuento": 0.36,
            "IVA": 0
        },
        {
            "codigo": "zODregR4EH",
            "total": 13,
            "valor_unitario": 602731,
            "descuento": 0.48,
            "IVA": 5
        },
        {
            "codigo": "rthxMVKV3L",
            "total": 15,
            "valor_unitario": 577826,
            "descuento": 0.37,
            "IVA": 0
        }
    ]
}