{
    "empresa_nit": "987654321",
    "empresa_ciudad": "CALI",
    "empresa_sede": "aeropuerto",
    "empresa_nombre": "FrutiBarato",
    "fecha_hora": "2021-04-05 20:13:00",
    "factura_num": "01311",
    "ciente_numero": 599071692,
    "pago_tipo": "TAR.CREDITO",
    "productos": [
        {
            "codigo": "12ebMZrs8G",
            "total": 11,
            "valor_unitario": 633890,
            "descuento": 0.26,
            "IVA": 5
        },
        {
            "codigo": "4XI7Egl1tF",
            "total": 3,
            "valor_unitario": 174441,
            "descuento": 0.13,
            "IVA": 5
        },
        {
            "codigo": "kIp1WeIUTQ",
            "total": 4,
            "valor_unitario": 986159,
            "descuento": 0.25,
            "IVA": 19
        },
        {
            "codigo": "lDfJf1N7hW",
            "total": 15,
            "valor_unitario": 292203,
            "descuento": 0.29,
            "IVA": 5
        },
        {
            "codigo": "OQSSfg92Hq",
            "total": 8,
            "valor_unitario": 396798,
            "descuento": 0.05,
            "IVA": 5
        },
        {
            "codigo": "ddWWWJrxMA",
            "total": 14,
            "valor_unitario": 292468,
            "descuento": 0.11,
            "IVA": 19
        },
        {
            "codigo": "6F5BDMfYjP",
            "total": 8,
            "valor_unitario": 643899,
            "descuento": 0.41,
            "IVA": 5
        },
        {
            "codigo": "5xd23LGGeD",
            "total": 9,
            "valor_unitario": 930620,
            "descuento": 0.47,
            "IVA": 5
        },
        {
            "codigo": "5q2j9Vs4IV",
            "total": 14,
            "valor_unitario": 833600,
            "descuento": 0.02,
            "IVA": 5
        },
        {
            "codigo": "OAkAk2hbOe",
            "total": 15,
            "valor_unitario": 462105,
            "descuento": 0.38,
            "IVA": 19
        },
        {
            "codigo": "4NKDQk9NMx",
            "total": 18,
            "valor_unitario": 792942,
            "descuento": 0.22,
            "IVA": 19
        },
        {
            "codigo": "3W7A0yize8",
            "total": 18,
            "valor_unitario": 964298,
            "descuento": 0.08,
            "IVA": 19
        },
        {
            "codigo": "7u7WtbtgP4",
            "total": 2,
            "valor_unitario": 785515,
            "descuento": 0.36,
            "IVA": 5
        },
        {
            "codigo": "pMZ5N4gYZX",
            "total": 2,
            "valor_unitario": 401455,
            "descuento": 0.36,
            "IVA": 0
        },
        {
            "codigo": "uCWn5naiSK",
            "total": 9,
            "valor_unitario": 853850,
            "descuento": 0.41,
            "IVA": 0
        }
    ]
}