{
    "empresa_nit": "987654321",
    "empresa_ciudad": "MEDELLIN",
    "empresa_sede": "centro",
    "empresa_nombre": "FrutiBarato",
    "fecha_hora": "2025-01-17 18:21:28",
    "factura_num": "01257",
    "ciente_numero": 145525157,
    "pago_tipo": "TAR.CREDITO",
    "productos": [
        {
            "codigo": "2n3xCszHd6",
            "total": 17,
            "valor_unitario": 908760,
            "descuento": 0.26,
            "IVA": 19
        },
        {
            "codigo": "Zu9hrZaA96",
            "total": 19,
            "valor_unitario": 414568,
            "descuento": 0.37,
            "IVA": 19
        },
        {
            "codigo": "vmMgsPM1Nb",
            "total": 15,
            "valor_unitario": 63524,
            "descuento": 0.34,
            "IVA": 0
        },
        {
            "codigo": "Gj0lDgz0T9",
            "total": 9,
            "valor_unitario": 765354,
            "descuento": 0.11,
            "IVA": 5
        },
        {
            "codigo": "hVO5v5Icld",
            "total": 1,
            "valor_unitario": 302280,
            "descuento": 0.21,
            "IVA": 5
        },
        {
            "codigo": "Y1IM8BPOOO",
            "total": 11,
            "valor_unitario": 44157,
            "descuento": 0.46,
            "IVA": 0
        },
        {
            "codigo": "EZw1YK6iVx",
            "total": 18,
            "valor_unitario": 907149,
            "descuento": 0.28,
            "IVA": 19
        },
        {
            "codigo": "6x5NDzkwJS",
            "total": 1,
            "valor_unitario": 945400,
            "descuento": 0.02,
            "IVA": 5
        },
        {
            "codigo": "zpPpwvZ2LT",
            "total": 15,
            "valor_unitario": 40562,
            "descuento": 0.16,
            "IVA": 5
        },
        {
            "codigo": "avu8vEd3Rh",
            "total": 16,
            "valor_unitario": 306136,
            "descuento": 0.46,
            "IVA": 19
        },
        {
            "codigo": "PZN4owa7Ub",
            "total": 12,
            "valor_unitario": 17349,
            "descuento": 0.08,
            "IVA": 19
        },
        {
            "codigo": "XgPMvPfExR",
            "total": 4,
            "valor_unitario": 746283,
            "descuento": 0.45,
            "IVA": 5
        },
        {
            "codigo": "VpjzapnZlt",
            "total": 8,
            "valor_unitario": 583914,
            "descuento": 0.02,
            "IVA": 0
        },
        {
            "codigo": "QvO1bRnb06",
            "total": 15,
            "valor_unitario": 256257,
            "descuento": 0.02,
            "IVA": 5
        },
        {
            "codigo": "MRGWxOOrHm",
            "total": 8,
            "valor_unitario": 486021,
            "descuento": 0.25,
            "IVA": 0
        },
        {
            "codigo": "YuEf4rM4Vz",
            "total": 10,
            "valor_unitario": 485725,
            "descuento": 0.2,
            "IVA": 0
        },
        {
            "codigo": "trucLSxwtD",
            "total": 12,
            "valor_unitario": 924786,
            "descuento": 0.38,
            "IVA": 19
        },
        {
            "codigo": "c93bFn79kw",
            "total": 6,
            "valor_unitario": 794577,
            "descuento": 0.47,
            "IVA": 19
        },
        {
            "codigo": "ld1yuVb94E",
            "total": 16,
            "valor_unitario": 235306,
            "descuento": 0.19,
            "IVA": 5
        }
    ]
}