{
    "empresa_nit": "987654321",
    "empresa_ciudad": "BARRANQUILLA",
    "empresa_sede": "centro",
    "empresa_nombre": "FrutiBarato",
    "fecha_hora": "2021-09-06 01:59:54",
    "factura_num": "01038",
    "ciente_numero": 524841964,
    "pago_tipo": "TAR.CREDITO",
    "productos": [
        {
            "codigo": "cbcYADI82J",
            "total": 12,
            "valor_unitario": 517854,
            "descuento": 0.41,
            "IVA": 19
        },
        {
            "codigo": "1lnD0Xyn9y",
            "total": 10,
            "valor_unitario": 781079,
            "descuento": 0.22,
            "IVA": 5
        },
        {
            "codigo": "3XaDNFVQqE",
            "total": 7,
            "valor_unitario": 907443,
            "descuento": 0.38,
            "IVA": 5
        },
        {
            "codigo": "6hoHo51uJ8",
            "total": 19,
            "valor_unitario": 52085,
            "descuento": 0.45,
            "IVA": 0
        },
        {
            "codigo": "Fo9fofoWtd",
            "total": 14,
            "valor_unitario": 81785,
            "descuento": 0.07,
            "IVA": 0
        },
        {
            "codigo": "IKAvH39fEr",
            "total": 15,
            "valor_unitario": 761288,
            "descuento": 0.3,
            "IVA": 19
        },
        {
            "codigo": "txgHVfD27S",
            "total": 2,
            "valor_unitario": 99716,
            "descuento": 0.09,
            "IVA": 5
        },
        {
            "codigo": "VPyMJj5dKC",
            "total": 20,
            "valor_unitario": 601827,
            "descuento": 0.16,
            "IVA": 0
        },
        {
            "codigo": "PjUmRTOlbU",
            "total": 16,
            "valor_unitario": 572607,
            "descuento": 0.44,
            "IVA": 5
        },
        {
            "codigo": "jXCurSD2ve",
            "total": 11,
            "valor_unitario": 751537,
            "descuento": 0.11,
            "IVA": 5
        },
        {
            "codigo": "76Vd6IfbPD",
            "total": 11,
            "valor_unitario": 13466,
            "descuento": 0.49,
            "IVA": 19
        },
        {
            "codigo": "bjnnS0bLMP",
            "total": 2,
            "valor_unitario": 507072,
            "descuento": 0.4,
            "IVA": 5
        },
        {
            "codigo": "Q4jFYIRdie",
            "total": 2,
            "valor_unitario": 376388,
            "descuento": 0.38,
            "IVA": 0
        }
    ]
}