{
    "empresa_nit": "987654321",
    "empresa_ciudad": "TUNJA",
    "empresa_sede": "centro",
    "empresa_nombre": "FrutiBarato",
    "fecha_hora": "2022-02-14 22:00:25",
    "factura_num": "00133",
    "ciente_numero": 984842053,
    "pago_tipo": "TAR.CREDITO",
    "productos": [
        {
            "codigo": "1zi3OMjsow",
            "total": 11,
            "valor_unitario": 408184,
            "descuento": 0.1,
            "IVA": 19
        },
        {
            "codigo": "7C7aohvMfe",
            "total": 9,
            "valor_unitario": 266681,
            "descuento": 0.18,
            "IVA": 5
        },
        {
            "codigo": "dQUrdyrore",
            "total": 2,
            "valor_unitario": 163087,
            "descuento": 0.09,
            "IVA": 0
        },
        {
            "codigo": "80r9aVVCBv",
            "total": 4,
            "valor_unitario": 869510,
            "descuento": 0.46,
            "IVA": 19
        },
        {
            "codigo": "CPTMVubIu8",
            "total": 8,
            "valor_unitario": 723325,
            "descuento": 0.26,
            "IVA": 0
        },
        {
            "codigo": "NXs1ChLP7f",
            "total": 17,
            "valor_unitario": 197730,
            "descuento": 0.38,
            "IVA": 5
        },
        {
            "codigo": "VVrskg7Qvb",
            "total": 12,
            "valor_unitario": 207279,
            "descuento": 0.45,
            "IVA": 19
        },
        {
            "codigo": "TM9j31adOy",
            "total": 16,
            "valor_unitario": 750840,
            "descuento": 0.17,
            "IVA": 19
        },
        {
            "codigo": "N8EJuDCbFa",
            "total": 7,
            "valor_unitario": 448008,
            "descuento": 0.25,
            "IVA": 0
        },
        {
            "codigo": "FGR9aKnse3",
            "total": 5,
            "valor_unitario": 814902,
            "descuento": 0.04,
            "IVA": 5
        },
        {
            "codigo": "M7zXvwdKrf",
            "total": 8,
            "valor_unitario": 990047,
            "descuento": 0.39,
            "IVA": 5
        }
    ]
}