{
    "empresa_nit": "987654321",
    "empresa_ciudad": "MEDELLIN",
    "empresa_sede": "centro",
    "empresa_nombre": "FrutiBarato",
    "fecha_hora": "2021-09-24 16:36:39",
    "factura_num": "01074",
    "ciente_numero": 930688209,
    "pago_tipo": "EFECTIVO",
    "productos": [
        {
            "codigo": "lzKL7hWDZO",
            "total": 5,
            "valor_unitario": 473604,
            "descuento": 0.09,
            "IVA": 19
        },
        {
            "codigo": "PKoVezHRGF",
            "total": 3,
            "valor_unitario": 674092,
            "descuento": 0.3,
            "IVA": 5
        },
        {
            "codigo": "Q6uTecemks",
            "total": 5,
            "valor_unitario": 125903,
            "descuento": 0.45,
            "IVA": 19
        },
        {
            "codigo": "gV1YJjzh5e",
            "total": 15,
            "valor_unitario": 769797,
            "descuento": 0.29,
            "IVA": 0
        },
        {
            "codigo": "hYdLsLlIU5",
            "total": 13,
            "valor_unitario": 446036,
            "descuento": 0.23,
            "IVA": 0
        },
        {
            "codigo": "cgPRM5Ii8i",
            "total": 15,
            "valor_unitario": 143730,
            "descuento": 0.17,
            "IVA": 0
        },
        {
            "codigo": "dBAfgBGQfT",
            "total": 6,
            "valor_unitario": 387067,
            "descuento": 0.27,
            "IVA": 5
        },
        {
            "codigo": "nrLclBwreL",
            "total": 14,
            "valor_unitario": 397684,
            "descuento": 0.13,
            "IVA": 19
        },
        {
            "codigo": "uV2MdksTDh",
            "total": 8,
            "valor_unitario": 38424,
            "descuento": 0.42,
            "IVA": 0
        },
        {
            "codigo": "s0m7NIUi3C",
            "total": 11,
            "valor_unitario": 27508,
            "descuento": 0.31,
            "IVA": 5
        },
        {
            "codigo": "s9NNej3Myb",
            "total": 3,
            "valor_unitario": 473530,
            "descuento": 0.35,
            "IVA": 0
        },
        {
            "codigo": "GkU8NeIwPZ",
            "total": 1,
            "valor_unitario": 940481,
            "descuento": 0.02,
            "IVA": 0
        },
        {
            "codigo": "e66GWmQG0g",
            "total": 16,
            "valor_unitario": 705744,
            "descuento": 0.02,
            "IVA": 0
        },
        {
            "codigo": "3jQcCJQOBK",
            "total": 1,
            "valor_unitario": 840194,
            "descuento": 0.26,
            "IVA": 0
        },
        {
            "codigo": "oxYhqMs79q",
            "total": 4,
            "valor_unitario": 195486,
            "descuento": 0.24,
            "IVA": 19
        },
        {
            "codigo": "WqQPYPUgxx",
            "total": 8,
            "valor_unitario": 575482,
            "descuento": 0.23,
            "IVA": 19
        },
        {
            "codigo": "Ihyz41ploP",
            "total": 5,
            "valor_unitario": 788968,
            "descuento": 0.09,
            "IVA": 0
        },
        {
            "codigo": "Jg4RxwrEzH",
            "total": 16,
            "valor_unitario": 561671,
            "descuento": 0.35,
            "IVA": 0
        }
    ]
}