{
    "empresa_nit": "987654321",
    "empresa_ciudad": "TUNJA",
    "empresa_sede": "alcaldia",
    "empresa_nombre": "FrutiBarato",
    "fecha_hora": "2024-11-02 17:46:13",
    "factura_num": "01097",
    "ciente_numero": 345561720,
    "pago_tipo": "TAR.CREDITO",
    "productos": [
        {
            "codigo": "mOMFGU6M1D",
            "total": 13,
            "valor_unitario": 73875,
            "descuento": 0.29,
            "IVA": 5
        },
        {
            "codigo": "OevwO6FLC3",
            "total": 14,
            "valor_unitario": 280395,
            "descuento": 0.48,
            "IVA": 0
        },
        {
            "codigo": "UfqBnPvYxR",
            "total": 20,
            "valor_unitario": 116298,
            "descuento": 0.23,
            "IVA": 19
        },
        {
            "codigo": "ek2jVtBYfV",
            "total": 18,
            "valor_unitario": 53931,
            "descuento": 0.44,
            "IVA": 0
        },
        {
            "codigo": "6BXMnLIW6e",
            "total": 15,
            "valor_unitario": 384080,
            "descuento": 0.16,
            "IVA": 5
        },
        {
            "codigo": "tm1gxUq9PM",
            "total": 4,
            "valor_unitario": 334884,
            "descuento": 0.47,
            "IVA": 19
        },
        {
            "codigo": "wG8Ifn0HHF",
            "total": 15,
            "valor_unitario": 651559,
            "descuento": 0.31,
            "IVA": 19
        },
        {
            "codigo": "FoKqRwL2oe",
            "total": 17,
            "valor_unitario": 204294,
            "descuento": 0.2,
            "IVA": 0
        },
        {
            "codigo": "a7rgNtSLFg",
            "total": 11,
            "valor_unitario": 633226,
            "descuento": 0.37,
            "IVA": 0
        },
        {
            "codigo": "O0pGxmG9Cm",
            "total": 2,
            "valor_unitario": 75096,
            "descuento": 0.27,
            "IVA": 5
        },
        {
            "codigo": "OrCrJDpzym",
            "total": 11,
            "valor_unitario": 817000,
            "descuento": 0.02,
            "IVA": 19
        },
        {
            "codigo": "s4Z9bQMhwu",
            "total": 6,
            "valor_unitario": 774233,
            "descuento": 0.5,
            "IVA": 19
        },
        {
            "codigo": "oZMGHRJp1A",
            "total": 3,
            "valor_unitario": 29104,
            "descuento": 0.1,
            "IVA": 5
        },
        {
            "codigo": "Zhv6dVYvYF",
            "total": 7,
            "valor_unitario": 572397,
            "descuento": 0.25,
            "IVA": 19
        },
        {
            "codigo": "slPAyVHESn",
            "total": 12,
            "valor_unitario": 852385,
            "descuento": 0.01,
            "IVA": 19
        },
        {
            "codigo": "UFkfDyi8JO",
            "total": 18,
            "valor_unitario": 314103,
            "descuento": 0.08,
            "IVA": 5
        },
        {
            "codigo": "2VsofbcobC",
            "total": 19,
            "valor_unitario": 236564,
            "descuento": 0.39,
            "IVA": 0
        },
        {
            "codigo": "tQhWh5l5Ey",
            "total": 17,
            "valor_unitario": 827361,
            "descuento": 0.37,
            "IVA": 0
        },
        {
            "codigo": "vkerXUBfP3",
            "total": 20,
            "valor_unitario": 650725,
            "descuento": 0.33,
            "IVA": 0
        }
    ]
}