{
    "empresa_nit": "987654321",
    "empresa_ciudad": "BOGOTA",
    "empresa_sede": "aeropuerto",
    "empresa_nombre": "FrutiBarato",
    "fecha_hora": "2021-04-29 02:45:14",
    "factura_num": "01106",
    "ciente_numero": 857877825,
    "pago_tipo": "EFECTIVO",
    "productos": [
        {
            "codigo": "Fp1NNAAVPe",
            "total": 2,
            "valor_unitario": 331908,
            "descuento": 0.12,
            "IVA": 19
        },
        {
            "codigo": "hHnnArf3c7",
            "total": 17,
            "valor_unitario": 769927,
            "descuento": 0.16,
            "IVA": 19
        },
        {
            "codigo": "DjDyMhjF5F",
            "total": 4,
            "valor_unitario": 417775,
            "descuento": 0.25,
            "IVA": 0
        },
        {
            "codigo": "bVpnnsOwOa",
            "total": 18,
            "valor_unitario": 90091,
            "descuento": 0.33,
            "IVA": 5
        },
        {
            "codigo": "25LFi7ja5u",
            "total": 3,
            "valor_unitario": 326273,
            "descuento": 0.49,
            "IVA": 0
        },
        {
            "codigo": "ESRlNeJ7cH",
            "total": 11,
            "valor_unitario": 593788,
            "descuento": 0.06,
            "IVA": 0
        },
        {
            "codigo": "qUYVYkiOvL",
            "total": 12,
            "valor_unitario": 130230,
            "descuento": 0.27,
            "IVA": 19
        },
        {
            "codigo": "0mwmVg1ywp",
            "total": 19,
            "valor_unitario": 185484,
            "descuento": 0.12,
            "IVA": 19
        },
        {
            "codigo": "FFiL28JO0w",
            "total": 2,
            "valor_unitario": 500279,
            "descuento": 0.33,
            "IVA": 19
        },
        {
            "codigo": "9eU5LRngZx",
            "total": 5,
            "valor_unitario": 376698,
            "descuento": 0.1,
            "IVA": 19
        }
    ]
}