{
    "empresa_nit": "987654321",
    "empresa_ciudad": "TUNJA",
    "empresa_sede": "plaza",
    "empresa_nombre": "FrutiBarato",
    "fecha_hora": "2024-10-14 21:15:34",
    "factura_num": "01278",
    "ciente_numero": 492446309,
    "pago_tipo": "TAR.CREDITO",
    "productos": [
        {
            "codigo": "64bWRT2iBe",
            "total": 2,
            "valor_unitario": 834409,
            "descuento": 0.2,
            "IVA": 0
        },
        {
            "codigo": "NVIrtZ19lH",
            "total": 1,
            "valor_unitario": 768764,
            "descuento": 0.31,
            "IVA": 0
        },
        {
            "codigo": "A6lRxKi36A",
            "total": 11,
            "valor_unitario": 647645,
            "descuento": 0.37,
            "IVA": 5
        },
        {
            "codigo": "Mp6Zh8BiFQ",
            "total": 9,
            "valor_unitario": 678698,
            "descuento": 0.45,
            "IVA": 5
        },
        {
            "codigo": "brTH7ZkPap",
            "total": 15,
            "valor_unitario": 417179,
            "descuento": 0.16,
            "IVA": 5
        },
        {
            "codigo": "TuPuv6Dmjk",
            "total": 20,
            "valor_unitario": 592582,
            "descuento": 0.41,
            "IVA": 5
        },
        {
            "codigo": "8rQ3CgAZUB",
            "total": 15,
            "valor_unitario": 584628,
            "descuento": 0.22,
            "IVA": 5
        },
        {
            "codigo": "DgyIkMgImN",
            "total": 8,
            "valor_unitario": 107727,
            "descuento": 0.24,
            "IVA": 5
        },
        {
            "codigo": "iNgAAbwCu5",
            "total": 14,
            "valor_unitario": 756127,
            "descuento": 0.39,
            "IVA": 19
        },
        {
            "codigo": "UANw6UrtVJ",
            "total": 15,
            "valor_unitario": 466715,
            "descuento": 0.32,
            "IVA": 0
        },
        {
            "codigo": "j4F5qbKDhO",
            "total": 2,
            "valor_unitario": 270028,
            "descuento": 0.14,
            "IVA": 5
        },
        {
            "codigo": "RwDjYQs3rL",
            "total": 8,
            "valor_unitario": 810129,
            "descuento": 0.29,
            "IVA": 19
        },
        {
            "codigo": "bUj5F0WGy7",
            "total": 3,
            "valor_unitario": 977129,
            "descuento": 0.14,
            "IVA": 0
        }
    ]
}