{
    "empresa_nit": "987654321",
    "empresa_ciudad": "BOGOTA",
    "empresa_sede": "plaza",
    "empresa_nombre": "FrutiBarato",
    "fecha_hora": "2021-04-25 05:16:09",
    "factura_num": "01100",
    "ciente_numero": 827101828,
    "pago_tipo": "TAR.CREDITO",
    "productos": [
        {
            "codigo": "5u90ods0Lp",
            "total": 18,
            "valor_unitario": 102554,
            "descuento": 0.14,
            "IVA": 0
        },
        {
            "codigo": "lyr1BNvisc",
            "total": 10,
            "valor_unitario": 896269,
            "descuento": 0.16,
            "IVA": 5
        },
        {
            "codigo": "7vEv18Q6u7",
            "total": 15,
            "valor_unitario": 490379,
            "descuento": 0.32,
            "IVA": 0
        },
        {
            "codigo": "YzBjlbqU8d",
            "total": 17,
            "valor_unitario": 548263,
            "descuento": 0.42,
            "IVA": 0
        },
        {
            "codigo": "MdBAkswP1i",
            "total": 16,
            "valor_unitario": 625721,
            "descuento": 0.29,
            "IVA": 5
        },
        {
            "codigo": "06vosnpVK6",
            "total": 2,
            "valor_unitario": 930179,
            "descuento": 0.03,
            "IVA": 0
        },
        {
            "codigo": "8J2eqlSKqX",
            "total": 12,
            "valor_unitario": 47485,
            "descuento": 0.22,
            "IVA": 19
        },
        {
            "codigo": "J4ghGBPsfo",
            "total": 4,
            "valor_unitario": 352967,
            "descuento": 0.26,
            "IVA": 5
        },
        {
            "codigo": "IIpjQ6Kq4v",
            "total": 14,
            "valor_unitario": 532192,
            "descuento": 0.11,
            "IVA": 19
        },
        {
            "codigo": "CpLIJhv92J",
            "total": 10,
            "valor_unitario": 624943,
            "descuento": 0.02,
            "IVA": 5
        },
        {
            "codigo": "EKJa1fNZn9",
            "total": 3,
            "valor_unitario": 974811,
            "descuento": 0.15,
            "IVA": 0
        }
    ]
}