{
    "empresa_nit": "987654321",
    "empresa_ciudad": "BARRANQUILLA",
    "empresa_sede": "aeropuerto",
    "empresa_nombre": "FrutiBarato",
    "fecha_hora": "2021-11-02 23:10:15",
    "factura_num": "01325",
    "ciente_numero": 269203779,
    "pago_tipo": "TRANFERENCIA",
    "productos": [
        {
            "codigo": "1IYGfaUQCf",
            "total": 14,
            "valor_unitario": 502633,
            "descuento": 0.33,
            "IVA": 0
        },
        {
            "codigo": "d46CeYAxMa",
            "total": 3,
            "valor_unitario": 879577,
            "descuento": 0.21,
            "IVA": 0
        },
        {
            "codigo": "68CeHswxso",
            "total": 12,
            "valor_unitario": 284134,
            "descuento": 0.29,
            "IVA": 19
        },
        {
            "codigo": "mw5srlfbg4",
            "total": 17,
            "valor_unitario": 773024,
            "descuento": 0.38,
            "IVA": 0
        },
        {
            "codigo": "NJPlb6LUbi",
            "total": 13,
            "valor_unitario": 435923,
            "descuento": 0.43,
            "IVA": 19
        },
        {
            "codigo": "2ZKskt94PY",
            "total": 19,
            "valor_unitario": 268301,
            "descuento": 0.35,
            "IVA": 19
        },
        {
            "codigo": "LC7bmfkG4R",
            "total": 17,
            "valor_unitario": 43072,
            "descuento": 0.4,
            "IVA": 5
        },
        {
            "codigo": "s2ye2GPq5q",
            "total": 16,
            "valor_unitario": 998458,
            "descuento": 0.08,
            "IVA": 0
        },
        {
            "codigo": "FaUqinttEC",
            "total": 8,
            "valor_unitario": 94645,
            "descuento": 0.38,
            "IVA": 0
        },
        {
            "codigo": "PD7uO1MR5N",
            "total": 10,
            "valor_unitario": 166135,
            "descuento": 0.39,
            "IVA": 5
        },
        {
            "codigo": "eFxV5A4OWo",
            "total": 18,
            "valor_unitario": 356508,
            "descuento": 0.35,
            "IVA": 0
        },
        {
            "codigo": "jA7QfXorhc",
            "total": 13,
            "valor_unitario": 278142,
            "descuento": 0.21,
            "IVA": 0
        },
        {
            "codigo": "2Y4vCgRTSc",
            "total": 4,
            "valor_unitario": 551999,
            "descuento": 0.11,
            "IVA": 0
        },
        {
            "codigo": "rqrJ6qvVYl",
            "total": 15,
            "valor_unitario": 173923,
            "descuento": 0.2,
            "IVA": 0
        },
        {
            "codigo": "5YKuGBZ5IA",
            "total": 13,
            "valor_unitario": 340275,
            "descuento": 0.06,
            "IVA": 0
        }
    ]
}