{
    "empresa_nit": "987654321",
    "empresa_ciudad": "BOGOTA",
    "empresa_sede": "plaza",
    "empresa_nombre": "FrutiBarato",
    "fecha_hora": "2023-06-07 02:13:10",
    "factura_num": "01233",
    "ciente_numero": 209829260,
    "pago_tipo": "TRANFERENCIA",
    "productos": [
        {
            "codigo": "DzkUXQ8Q4k",
            "total": 9,
            "valor_unitario": 567034,
            "descuento": 0.19,
            "IVA": 5
        },
        {
            "codigo": "iv2XjJsp68",
            "total": 13,
            "valor_unitario": 73272,
            "descuento": 0.5,
            "IVA": 19
        },
        {
            "codigo": "I9z5zxyJCh",
            "total": 1,
            "valor_unitario": 284468,
            "descuento": 0.36,
            "IVA": 0
        },
        {
            "codigo": "1oQiGJtabn",
            "total": 16,
            "valor_unitario": 119797,
            "descuento": 0.24,
            "IVA": 0
        },
        {
            "codigo": "JcIEvYcKvt",
            "total": 5,
            "valor_unitario": 253253,
            "descuento": 0.06,
            "IVA": 0
        },
        {
            "codigo": "br28u5eOgq",
            "total": 2,
            "valor_unitario": 408038,
            "descuento": 0.15,
            "IVA": 0
        },
        {
            "codigo": "0tAO6fneDa",
            "total": 17,
            "valor_unitario": 938128,
            "descuento": 0.11,
            "IVA": 19
        },
        {
            "codigo": "bN3MAnmRoZ",
            "total": 5,
            "valor_unitario": 547077,
            "descuento": 0.44,
            "IVA": 5
        }
    ]
}