{
    "empresa_nit": "987654321",
    "empresa_ciudad": "BOGOTA",
    "empresa_sede": "aeropuerto",
    "empresa_nombre": "FrutiBarato",
    "fecha_hora": "2024-05-14 09:34:28",
    "factura_num": "01306",
    "ciente_numero": 313305310,
    "pago_tipo": "TRANFERENCIA",
    "productos": [
        {
            "codigo": "2YCelqamKP",
            "total": 10,
            "valor_unitario": 365774,
            "descuento": 0.3,
            "IVA": 5
        },
        {
            "codigo": "ITI7XKpLle",
            "total": 5,
            "valor_unitario": 755355,
            "descuento": 0.05,
            "IVA": 0
        },
        {
            "codigo": "9bYIz0p4e4",
            "total": 11,
            "valor_unitario": 577004,
            "descuento": 0.41,
            "IVA": 0
        },
        {
            "codigo": "pJiQibaIr7",
            "total": 5,
            "valor_unitario": 222334,
            "descuento": 0.37,
            "IVA": 19
        },
        {
            "codigo": "uYDKicaB2C",
            "total": 3,
            "valor_unitario": 868530,
            "descuento": 0.07,
            "IVA": 0
        },
        {
            "codigo": "vMPwn4DEFb",
            "total": 1,
            "valor_unitario": 115739,
            "descuento": 0.17,
            "IVA": 0
        },
        {
            "codigo": "uGFpzNKpmd",
            "total": 2,
            "valor_unitario": 170550,
            "descuento": 0.22,
            "IVA": 5
        },
        {
            "codigo": "ySkwE5GuY3",
            "total": 16,
            "valor_unitario": 800330,
            "descuento": 0.12,
            "IVA": 0
        },
        {
            "codigo": "Vkj9vw6I7B",
            "total": 8,
            "valor_unitario": 546854,
            "descuento": 0.39,
            "IVA": 19
        },
        {
            "codigo": "z5aLxdBw5r",
            "total": 2,
            "valor_unitario": 162029,
            "descuento": 0.26,
            "IVA": 5
        },
        {
            "codigo": "DoEZ5kdpIW",
            "total": 19,
            "valor_unitario": 600868,
            "descuento": 0.26,
            "IVA": 19
        },
        {
            "codigo": "L7IhRwN0lk",
            "total": 14,
            "valor_unitario": 218459,
            "descuento": 0.21,
            "IVA": 0
        },
        {
            "codigo": "Nir1VAOHxp",
            "total": 14,
            "valor_unitario": 302282,
            "descuento": 0.17,
            "IVA": 19
        },
        {
            "codigo": "JUKUsoDBdc",
            "total": 15,
            "valor_unitario": 614398,
            "descuento": 0.16,
            "IVA": 19
        }
    ]
}