{
    "empresa_nit": "987654321",
    "empresa_ciudad": "BARRANQUILLA",
    "empresa_sede": "autopista",
    "empresa_nombre": "FrutiBarato",
    "fecha_hora": "2023-02-10 00:42:04",
    "factura_num": "01284",
    "ciente_numero": 580500059,
    "pago_tipo": "TAR.DEBITO",
    "productos": [
        {
            "codigo": "VYOAQkehTe",
            "total": 19,
            "valor_unitario": 524297,
            "descuento": 0.01,
            "IVA": 0
        },
        {
            "codigo": "ALi2jHuJ8b",
            "total": 17,
            "valor_unitario": 472586,
            "descuento": 0.46,
            "IVA": 0
        },
        {
            "codigo": "KMdaKDx6Bd",
            "total": 17,
            "valor_unitario": 123099,
            "descuento": 0.41,
            "IVA": 5
        },
        {
            "codigo": "7stHW7sBD7",
            "total": 8,
            "valor_unitario": 823231,
            "descuento": 0.39,
            "IVA": 5
        },
        {
            "codigo": "bmFmCQubZh",
            "total": 6,
            "valor_unitario": 29617,
            "descuento": 0.48,
            "IVA": 19
        },
        {
            "codigo": "WZ4wYIEris",
            "total": 9,
            "valor_unitario": 625079,
            "descuento": 0.41,
            "IVA": 5
        },
        {
            "codigo": "JMxE0iOcer",
            "total": 17,
            "valor_unitario": 411146,
            "descuento": 0.38,
            "IVA": 19
        },
        {
            "codigo": "kW60DNERbr",
            "total": 3,
            "valor_unitario": 855396,
            "descuento": 0.12,
            "IVA": 5
        },
        {
            "codigo": "aWxWuDOJOj",
            "total": 5,
            "valor_unitario": 499581,
            "descuento": 0.17,
            "IVA": 5
        }
    ]
}