{
    "empresa_nit": "987654321",
    "empresa_ciudad": "BOGOTA",
    "empresa_sede": "centro",
    "empresa_nombre": "FrutiBarato",
    "fecha_hora": "2024-05-17 07:33:44",
    "factura_num": "01003",
    "ciente_numero": 770009808,
    "pago_tipo": "EFECTIVO",
    "productos": [
        {
            "codigo": "XTiSjJ41OO",
            "total": 12,
            "valor_unitario": 411378,
            "descuento": 0.36,
            "IVA": 5
        },
        {
            "codigo": "DVx25oGloG",
            "total": 5,
            "valor_unitario": 18404,
            "descuento": 0.4,
            "IVA": 0
        },
        {
            "codigo": "oeul48F8RH",
            "total": 12,
            "valor_unitario": 193411,
            "descuento": 0.1,
            "IVA": 19
        },
        {
            "codigo": "dX9S7px0QN",
            "total": 14,
            "valor_unitario": 723708,
            "descuento": 0.34,
            "IVA": 0
        },
        {
            "codigo": "1fCdJDWOqN",
            "total": 7,
            "valor_unitario": 128792,
            "descuento": 0.01,
            "IVA": 5
        },
        {
            "codigo": "zXIlPJKjBV",
            "total": 2,
            "valor_unitario": 364602,
            "descuento": 0.19,
            "IVA": 0
        },
        {
            "codigo": "72Aj4MwtFf",
            "total": 10,
            "valor_unitario": 15653,
            "descuento": 0.39,
            "IVA": 19
        },
        {
            "codigo": "TkjoqETqj5",
            "total": 6,
            "valor_unitario": 815465,
            "descuento": 0.22,
            "IVA": 19
        },
        {
            "codigo": "WCFn0J7waT",
            "total": 19,
            "valor_unitario": 122896,
            "descuento": 0.31,
            "IVA": 0
        },
        {
            "codigo": "EVgNfxWRZ3",
            "total": 7,
            "valor_unitario": 296139,
            "descuento": 0.4,
            "IVA": 5
        }
    ]
}