{
    "empresa_nit": "987654321",
    "empresa_ciudad": "BOGOTA",
    "empresa_sede": "plaza",
    "empresa_nombre": "FrutiBarato",
    "fecha_hora": "2025-03-05 09:28:30",
    "factura_num": "01371",
    "ciente_numero": 389931663,
    "pago_tipo": "EFECTIVO",
    "productos": [
        {
            "codigo": "a4DLGT9mEa",
            "total": 6,
            "valor_unitario": 573403,
            "descuento": 0.25,
            "IVA": 19
        },
        {
            "codigo": "wbJqNKHycK",
            "total": 10,
            "valor_unitario": 55785,
            "descuento": 0.19,
            "IVA": 0
        },
        {
            "codigo": "k9jYq99g0j",
            "total": 11,
            "valor_unitario": 813228,
            "descuento": 0.1,
            "IVA": 19
        }
    ]
}