{
    "empresa_nit": "987654321",
    "empresa_ciudad": "BARRANQUILLA",
    "empresa_sede": "plaza",
    "empresa_nombre": "FrutiBarato",
    "fecha_hora": "2022-07-04 04:10:33",
    "factura_num": "01158",
    "ciente_numero": 380473660,
    "pago_tipo": "TAR.CREDITO",
    "productos": [
        {
            "codigo": "THRB5zdNDI",
            "total": 13,
            "valor_unitario": 300310,
            "descuento": 0.34,
            "IVA": 0
        },
        {
            "codigo": "eQGRyHLg4v",
            "total": 1,
            "valor_unitario": 966952,
            "descuento": 0.03,
            "IVA": 0
        },
        {
            "codigo": "L93RyQT8IC",
            "total": 13,
            "valor_unitario": 804146,
            "descuento": 0.21,
            "IVA": 5
        },
        {
            "codigo": "0bug0TpXE0",
            "total": 11,
            "valor_unitario": 702582,
            "descuento": 0.13,
            "IVA": 5
        },
        {
            "codigo": "wJcUdSVuSX",
            "total": 8,
            "valor_unitario": 40321,
            "descuento": 0.01,
            "IVA": 19
        },
        {
            "codigo": "RqDI7cLwBI",
            "total": 13,
            "valor_unitario": 242108,
            "descuento": 0.01,
            "IVA": 5
        },
        {
            "codigo": "j4JcuR6zUM",
            "total": 14,
            "valor_unitario": 221103,
            "descuento": 0.21,
            "IVA": 0
        },
        {
            "codigo": "EV7e5PTTUx",
            "total": 17,
            "valor_unitario": 794968,
            "descuento": 0.02,
            "IVA": 19
        },
        {
            "codigo": "J9nH1hQmXY",
            "total": 7,
            "valor_unitario": 639541,
            "descuento": 0.1,
            "IVA": 0
        },
        {
            "codigo": "JAyVBXqJql",
            "total": 20,
            "valor_unitario": 21418,
            "descuento": 0.07,
            "IVA": 19
        },
        {
            "codigo": "V67G5t068z",
            "total": 15,
            "valor_unitario": 714658,
            "descuento": 0.32,
            "IVA": 0
        },
        {
            "codigo": "FPp2c5ZkQV",
            "total": 7,
            "valor_unitario": 403582,
            "descuento": 0.15,
            "IVA": 0
        },
        {
            "codigo": "nYA8Vew5ye",
            "total": 4,
            "valor_unitario": 306192,
            "descuento": 0.38,
            "IVA": 19
        },
        {
            "codigo": "hqeiP7nKaA",
            "total": 3,
            "valor_unitario": 711538,
            "descuento": 0.09,
            "IVA": 5
        },
        {
            "codigo": "iHp3roBJVk",
            "total": 10,
            "valor_unitario": 877383,
            "descuento": 0.23,
            "IVA": 0
        }
    ]
}