{
    "empresa_nit": "987654321",
    "empresa_ciudad": "CALI",
    "empresa_sede": "alcaldia",
    "empresa_nombre": "FrutiBarato",
    "fecha_hora": "2021-04-01 22:32:19",
    "factura_num": "01135",
    "ciente_numero": 880307485,
    "pago_tipo": "TAR.CREDITO",
    "productos": [
        {
            "codigo": "K4flJ3YvXG",
            "total": 8,
            "valor_unitario": 77962,
            "descuento": 0.47,
            "IVA": 19
        },
        {
            "codigo": "Vh7vQI1WdX",
            "total": 18,
            "valor_unitario": 636459,
            "descuento": 0.12,
            "IVA": 19
        },
        {
            "codigo": "On2CBtT7kz",
            "total": 7,
            "valor_unitario": 27351,
            "descuento": 0.07,
            "IVA": 5
        },
        {
            "codigo": "hvakwTKrgz",
            "total": 14,
            "valor_unitario": 836532,
            "descuento": 0.27,
            "IVA": 19
        },
        {
            "codigo": "XsgPXfMr5k",
            "total": 16,
            "valor_unitario": 610638,
            "descuento": 0.28,
            "IVA": 5
        },
        {
            "codigo": "xFre1sQVp4",
            "total": 6,
            "valor_unitario": 535347,
            "descuento": 0.47,
            "IVA": 19
        },
        {
            "codigo": "mw71g03TtT",
            "total": 17,
            "valor_unitario": 704053,
            "descuento": 0.23,
            "IVA": 19
        },
        {
            "codigo": "1RM6OicLaz",
            "total": 9,
            "valor_unitario": 806208,
            "descuento": 0.21,
            "IVA": 0
        },
        {
            "codigo": "yqZtoxKrmO",
            "total": 5,
            "valor_unitario": 953592,
            "descuento": 0.4,
            "IVA": 19
        },
        {
            "codigo": "kQugtxeAIb",
            "total": 17,
            "valor_unitario": 102453,
            "descuento": 0.42,
            "IVA": 19
        },
        {
            "codigo": "5MPu2RD8jT",
            "total": 10,
            "valor_unitario": 639225,
            "descuento": 0.42,
            "IVA": 0
        }
    ]
}