{
    "empresa_nit": "987654321",
    "empresa_ciudad": "TUNJA",
    "empresa_sede": "plaza",
    "empresa_nombre": "FrutiBarato",
    "fecha_hora": "2024-04-09 23:15:31",
    "factura_num": "01104",
    "ciente_numero": 922211187,
    "pago_tipo": "EFECTIVO",
    "productos": [
        {
            "codigo": "SOeXMQVsOD",
            "total": 1,
            "valor_unitario": 169384,
            "descuento": 0.11,
            "IVA": 0
        },
        {
            "codigo": "poDj9Y6gZE",
            "total": 17,
            "valor_unitario": 326646,
            "descuento": 0.15,
            "IVA": 5
        },
        {
            "codigo": "PTUQ14Q3wo",
            "total": 19,
            "valor_unitario": 241696,
            "descuento": 0.01,
            "IVA": 19
        }
    ]
}