{
    "empresa_nit": "987654321",
    "empresa_ciudad": "TUNJA",
    "empresa_sede": "aeropuerto",
    "empresa_nombre": "FrutiBarato",
    "fecha_hora": "2021-12-31 20:17:47",
    "factura_num": "01114",
    "ciente_numero": 882129806,
    "pago_tipo": "TAR.DEBITO",
    "productos": [
        {
            "codigo": "H6E8DygpAH",
            "total": 20,
            "valor_unitario": 548423,
            "descuento": 0.33,
            "IVA": 0
        },
        {
            "codigo": "SWDatTMbQ9",
            "total": 11,
            "valor_unitario": 565156,
            "descuento": 0.17,
            "IVA": 19
        },
        {
            "codigo": "7pLZjYIc5c",
            "total": 8,
            "valor_unitario": 851196,
            "descuento": 0.41,
            "IVA": 5
        },
        {
            "codigo": "lJUzi83taO",
            "total": 13,
            "valor_unitario": 172094,
            "descuento": 0.04,
            "IVA": 19
        },
        {
            "codigo": "3kNKjMaLGK",
            "total": 17,
            "valor_unitario": 876201,
            "descuento": 0.1,
            "IVA": 19
        },
        {
            "codigo": "tOBE1FLDXS",
            "total": 18,
            "valor_unitario": 997758,
            "descuento": 0.41,
            "IVA": 5
        },
        {
            "codigo": "urePP9y0yc",
            "total": 14,
            "valor_unitario": 353834,
            "descuento": 0.3,
            "IVA": 19
        },
        {
            "codigo": "Q0Tqqstdk7",
            "total": 5,
            "valor_unitario": 855825,
            "descuento": 0.2,
            "IVA": 19
        },
        {
            "codigo": "35YQXFZIKH",
            "total": 12,
            "valor_unitario": 766713,
            "descuento": 0.35,
            "IVA": 5
        },
        {
            "codigo": "MX4MG62tfQ",
            "total": 15,
            "valor_unitario": 591257,
            "descuento": 0.48,
            "IVA": 5
        }
    ]
}