{
    "empresa_nit": "987654321",
    "empresa_ciudad": "MEDELLIN",
    "empresa_sede": "autopista",
    "empresa_nombre": "FrutiBarato",
    "fecha_hora": "2025-02-06 01:08:33",
    "factura_num": "01331",
    "ciente_numero": 81601097,
    "pago_tipo": "TRANFERENCIA",
    "productos": [
        {
            "codigo": "J8W4F9wF59",
            "total": 6,
            "valor_unitario": 822112,
            "descuento": 0.37,
            "IVA": 5
        },
        {
            "codigo": "V0gbhqcZbT",
            "total": 7,
            "valor_unitario": 202054,
            "descuento": 0.17,
            "IVA": 0
        },
        {
            "codigo": "8vt9ZO6Hcj",
            "total": 14,
            "valor_unitario": 52356,
            "descuento": 0.32,
            "IVA": 5
        },
        {
            "codigo": "Q6YowVVeKn",
            "total": 16,
            "valor_unitario": 412239,
            "descuento": 0.18,
            "IVA": 19
        },
        {
            "codigo": "ZpXMxYssQV",
            "total": 9,
            "valor_unitario": 915736,
            "descuento": 0.11,
            "IVA": 5
        },
        {
            "codigo": "CBtKKBxonn",
            "total": 13,
            "valor_unitario": 117853,
            "descuento": 0.04,
            "IVA": 5
        },
        {
            "codigo": "yuYL50nFCi",
            "total": 2,
            "valor_unitario": 287878,
            "descuento": 0.36,
            "IVA": 0
        },
        {
            "codigo": "f8Ik9H4FRg",
            "total": 18,
            "valor_unitario": 296168,
            "descuento": 0.05,
            "IVA": 19
        },
        {
            "codigo": "4807qOawZK",
            "total": 7,
            "valor_unitario": 675758,
            "descuento": 0.04,
            "IVA": 0
        },
        {
            "codigo": "ghDJRVQU2z",
            "total": 8,
            "valor_unitario": 79738,
            "descuento": 0.26,
            "IVA": 5
        },
        {
            "codigo": "ecVrorZZCq",
            "total": 3,
            "valor_unitario": 890727,
            "descuento": 0.4,
            "IVA": 19
        },
        {
            "codigo": "dvSIuFMoFi",
            "total": 11,
            "valor_unitario": 840100,
            "descuento": 0.4,
            "IVA": 5
        },
        {
            "codigo": "o1bTwCwA4S",
            "total": 17,
            "valor_unitario": 546492,
            "descuento": 0.43,
            "IVA": 0
        },
        {
            "codigo": "cBZpVcTS22",
            "total": 4,
            "valor_unitario": 744843,
            "descuento": 0.11,
            "IVA": 0
        },
        {
            "codigo": "1vfgF1jry9",
            "total": 10,
            "valor_unitario": 119805,
            "descuento": 0.07,
            "IVA": 5
        }
    ]
}