{
    "empresa_nit": "987654321",
    "empresa_ciudad": "CALI",
    "empresa_sede": "plaza",
    "empresa_nombre": "FrutiBarato",
    "fecha_hora": "2024-03-04 14:04:44",
    "factura_num": "01344",
    "ciente_numero": 683902559,
    "pago_tipo": "TAR.CREDITO",
    "productos": [
        {
            "codigo": "eSr97fB5Sd",
            "total": 6,
            "valor_unitario": 582167,
            "descuento": 0.36,
            "IVA": 19
        },
        {
            "codigo": "aiPpQQ0xSR",
            "total": 4,
            "valor_unitario": 75780,
            "descuento": 0.43,
            "IVA": 19
        },
        {
            "codigo": "bng1w82gXu",
            "total": 17,
            "valor_unitario": 534984,
            "descuento": 0.08,
            "IVA": 19
        }
    ]
}