{
    "empresa_nit": "987654321",
    "empresa_ciudad": "BARRANQUILLA",
    "empresa_sede": "autopista",
    "empresa_nombre": "FrutiBarato",
    "fecha_hora": "2024-06-08 07:04:13",
    "factura_num": "00138",
    "ciente_numero": 232667533,
    "pago_tipo": "TRANFERENCIA",
    "productos": [
        {
            "codigo": "3WvRIrA2w7",
            "total": 6,
            "valor_unitario": 187857,
            "descuento": 0.09,
            "IVA": 19
        },
        {
            "codigo": "sqNE4REpCt",
            "total": 12,
            "valor_unitario": 530717,
            "descuento": 0.11,
            "IVA": 19
        },
        {
            "codigo": "zWknq1uOyV",
            "total": 12,
            "valor_unitario": 300064,
            "descuento": 0.15,
            "IVA": 0
        },
        {
            "codigo": "KGudRR6yzh",
            "total": 10,
            "valor_unitario": 573415,
            "descuento": 0.4,
            "IVA": 0
        },
        {
            "codigo": "v2rAZXzjMh",
            "total": 13,
            "valor_unitario": 229397,
            "descuento": 0.34,
            "IVA": 0
        },
        {
            "codigo": "IHQxeEcM0u",
            "total": 9,
            "valor_unitario": 567498,
            "descuento": 0.29,
            "IVA": 19
        },
        {
            "codigo": "RKqpzSBBxX",
            "total": 13,
            "valor_unitario": 214293,
            "descuento": 0.41,
            "IVA": 0
        },
        {
            "codigo": "mc9M9gVIxt",
            "total": 11,
            "valor_unitario": 206045,
            "descuento": 0.47,
            "IVA": 19
        },
        {
            "codigo": "Z9WV3VY4gR",
            "total": 2,
            "valor_unitario": 719140,
            "descuento": 0.46,
            "IVA": 0
        },
        {
            "codigo": "vcLB0EoN5T",
            "total": 15,
            "valor_unitario": 204687,
            "descuento": 0.02,
            "IVA": 19
        },
        {
            "codigo": "Qj5QiWYFUN",
            "total": 4,
            "valor_unitario": 162013,
            "descuento": 0.19,
            "IVA": 19
        },
        {
            "codigo": "lCHPw02aWS",
            "total": 6,
            "valor_unitario": 269418,
            "descuento": 0.12,
            "IVA": 19
        }
    ]
}