{
    "empresa_nit": "987654321",
    "empresa_ciudad": "BOGOTA",
    "empresa_sede": "autopista",
    "empresa_nombre": "FrutiBarato",
    "fecha_hora": "2021-12-10 10:15:00",
    "factura_num": "01138",
    "ciente_numero": 811164745,
    "pago_tipo": "TRANFERENCIA",
    "productos": [
        {
            "codigo": "Dbj6aLME66",
            "total": 10,
            "valor_unitario": 147044,
            "descuento": 0.19,
            "IVA": 0
        },
        {
            "codigo": "5PPLBsHcoI",
            "total": 6,
            "valor_unitario": 107389,
            "descuento": 0.04,
            "IVA": 19
        },
        {
            "codigo": "MNIzXUNC8T",
            "total": 12,
            "valor_unitario": 908514,
            "descuento": 0.12,
            "IVA": 5
        },
        {
            "codigo": "60tqyfNHq0",
            "total": 9,
            "valor_unitario": 658071,
            "descuento": 0.33,
            "IVA": 5
        }
    ]
}