{
    "empresa_nit": "987654321",
    "empresa_ciudad": "MEDELLIN",
    "empresa_sede": "autopista",
    "empresa_nombre": "FrutiBarato",
    "fecha_hora": "2021-06-04 06:27:25",
    "factura_num": "01177",
    "ciente_numero": 256647658,
    "pago_tipo": "TRANFERENCIA",
    "productos": [
        {
            "codigo": "QDom4dw1sL",
            "total": 19,
            "valor_unitario": 612720,
            "descuento": 0.17,
            "IVA": 0
        },
        {
            "codigo": "eW4W7NOlxZ",
            "total": 6,
            "valor_unitario": 785942,
            "descuento": 0.32,
            "IVA": 5
        },
        {
            "codigo": "MoP17H1xB1",
            "total": 6,
            "valor_unitario": 101228,
            "descuento": 0.06,
            "IVA": 0
        },
        {
            "codigo": "0MQq6kINUS",
            "total": 15,
            "valor_unitario": 724720,
            "descuento": 0.13,
            "IVA": 5
        },
        {
            "codigo": "Bk9SHQYHPF",
            "total": 15,
            "valor_unitario": 155014,
            "descuento": 0.01,
            "IVA": 0
        },
        {
            "codigo": "NHRiHrUKWn",
            "total": 2,
            "valor_unitario": 850325,
            "descuento": 0.16,
            "IVA": 0
        },
        {
            "codigo": "jslU1ODGhL",
            "total": 20,
            "valor_unitario": 917731,
            "descuento": 0.18,
            "IVA": 19
        },
        {
            "codigo": "ULgCr1h7sh",
            "total": 1,
            "valor_unitario": 598045,
            "descuento": 0.23,
            "IVA": 5
        },
        {
            "codigo": "VY0ra9ypeH",
            "total": 9,
            "valor_unitario": 670670,
            "descuento": 0.35,
            "IVA": 0
        },
        {
            "codigo": "1lAXBBPgZU",
            "total": 11,
            "valor_unitario": 360933,
            "descuento": 0.05,
            "IVA": 0
        },
        {
            "codigo": "HXtD6tNCdW",
            "total": 8,
            "valor_unitario": 356231,
            "descuento": 0.37,
            "IVA": 5
        },
        {
            "codigo": "cKuXbuPq99",
            "total": 4,
            "valor_unitario": 702152,
            "descuento": 0.29,
            "IVA": 5
        },
        {
            "codigo": "0VROyMc3oX",
            "total": 10,
            "valor_unitario": 943591,
            "descuento": 0.34,
            "IVA": 5
        },
        {
            "codigo": "QisZ1SBnFr",
            "total": 18,
            "valor_unitario": 361792,
            "descuento": 0.05,
            "IVA": 5
        }
    ]
}