{
    "empresa_nit": "987654321",
    "empresa_ciudad": "TUNJA",
    "empresa_sede": "autopista",
    "empresa_nombre": "FrutiBarato",
    "fecha_hora": "2022-09-30 20:41:54",
    "factura_num": "01262",
    "ciente_numero": 85512865,
    "pago_tipo": "TAR.CREDITO",
    "productos": [
        {
            "codigo": "8nZClKdSzI",
            "total": 12,
            "valor_unitario": 827294,
            "descuento": 0.05,
            "IVA": 19
        },
        {
            "codigo": "RuDC8PORMW",
            "total": 5,
            "valor_unitario": 570754,
            "descuento": 0.45,
            "IVA": 19
        },
        {
            "codigo": "t5LTKRMC6z",
            "total": 19,
            "valor_unitario": 589107,
            "descuento": 0.19,
            "IVA": 0
        },
        {
            "codigo": "dDguJjWPyi",
            "total": 5,
            "valor_unitario": 304411,
            "descuento": 0.38,
            "IVA": 19
        },
        {
            "codigo": "epDl0qDVJ5",
            "total": 10,
            "valor_unitario": 407418,
            "descuento": 0.24,
            "IVA": 19
        },
        {
            "codigo": "1OlrwHz7aR",
            "total": 7,
            "valor_unitario": 754889,
            "descuento": 0.13,
            "IVA": 0
        },
        {
            "codigo": "TZHEayEZ5X",
            "total": 14,
            "valor_unitario": 798495,
            "descuento": 0.24,
            "IVA": 0
        }
    ]
}