{
    "empresa_nit": "987654321",
    "empresa_ciudad": "BARRANQUILLA",
    "empresa_sede": "plaza",
    "empresa_nombre": "FrutiBarato",
    "fecha_hora": "2021-10-16 13:08:40",
    "factura_num": "01365",
    "ciente_numero": 94239136,
    "pago_tipo": "EFECTIVO",
    "productos": [
        {
            "codigo": "LjHyBjh1w3",
            "total": 17,
            "valor_unitario": 866429,
            "descuento": 0.47,
            "IVA": 19
        },
        {
            "codigo": "JIwZxeUO70",
            "total": 13,
            "valor_unitario": 151612,
            "descuento": 0.14,
            "IVA": 19
        },
        {
            "codigo": "Q0cTWMcJLu",
            "total": 15,
            "valor_unitario": 108167,
            "descuento": 0.43,
            "IVA": 5
        },
        {
            "codigo": "OkhadmDWse",
            "total": 8,
            "valor_unitario": 772340,
            "descuento": 0.19,
            "IVA": 5
        },
        {
            "codigo": "ENBZPl6378",
            "total": 9,
            "valor_unitario": 233422,
            "descuento": 0.24,
            "IVA": 19
        },
        {
            "codigo": "9yRD8KcR2Z",
            "total": 11,
            "valor_unitario": 204241,
            "descuento": 0.31,
            "IVA": 5
        },
        {
            "codigo": "1ScTtC0Q5F",
            "total": 3,
            "valor_unitario": 444479,
            "descuento": 0.31,
            "IVA": 0
        },
        {
            "codigo": "0k6ztBu7Qt",
            "total": 18,
            "valor_unitario": 50043,
            "descuento": 0.31,
            "IVA": 5
        },
        {
            "codigo": "RQBnIVvVa7",
            "total": 15,
            "valor_unitario": 322512,
            "descuento": 0.34,
            "IVA": 0
        }
    ]
}