{
    "empresa_nit": "987654321",
    "empresa_ciudad": "BOGOTA",
    "empresa_sede": "aeropuerto",
    "empresa_nombre": "FrutiBarato",
    "fecha_hora": "2021-05-20 00:24:54",
    "factura_num": "01120",
    "ciente_numero": 159505563,
    "pago_tipo": "TRANFERENCIA",
    "productos": [
        {
            "codigo": "Grh5LSI9SQ",
            "total": 3,
            "valor_unitario": 696625,
            "descuento": 0.34,
            "IVA": 5
        },
        {
            "codigo": "oti0HrRrEm",
            "total": 20,
            "valor_unitario": 259615,
            "descuento": 0.14,
            "IVA": 5
        },
        {
            "codigo": "U3KNQNNnu0",
            "total": 1,
            "valor_unitario": 173387,
            "descuento": 0.14,
            "IVA": 19
        },
        {
            "codigo": "vauL0PgdtZ",
            "total": 2,
            "valor_unitario": 875801,
            "descuento": 0.04,
            "IVA": 19
        },
        {
            "codigo": "Z1rk7bAhZo",
            "total": 11,
            "valor_unitario": 4834,
            "descuento": 0.06,
            "IVA": 0
        },
        {
            "codigo": "jnZnWUyWjq",
            "total": 7,
            "valor_unitario": 942222,
            "descuento": 0.48,
            "IVA": 0
        },
        {
            "codigo": "m8DfmiMrC5",
            "total": 3,
            "valor_unitario": 379709,
            "descuento": 0.04,
            "IVA": 19
        },
        {
            "codigo": "SQeZkDByOu",
            "total": 11,
            "valor_unitario": 181404,
            "descuento": 0.3,
            "IVA": 19
        },
        {
            "codigo": "IWdxO9ABV6",
            "total": 18,
            "valor_unitario": 314505,
            "descuento": 0.48,
            "IVA": 0
        },
        {
            "codigo": "GWg7JSdwDu",
            "total": 16,
            "valor_unitario": 980004,
            "descuento": 0.01,
            "IVA": 19
        },
        {
            "codigo": "PvhNqg0mjQ",
            "total": 15,
            "valor_unitario": 188875,
            "descuento": 0.3,
            "IVA": 19
        },
        {
            "codigo": "jebODNfUI4",
            "total": 7,
            "valor_unitario": 160931,
            "descuento": 0.08,
            "IVA": 0
        },
        {
            "codigo": "T1zekvBurL",
            "total": 13,
            "valor_unitario": 486502,
            "descuento": 0.14,
            "IVA": 19
        },
        {
            "codigo": "9ybH33I878",
            "total": 5,
            "valor_unitario": 521279,
            "descuento": 0.02,
            "IVA": 0
        },
        {
            "codigo": "wwkUZcAHx0",
            "total": 19,
            "valor_unitario": 916827,
            "descuento": 0.17,
            "IVA": 0
        },
        {
            "codigo": "x7k4Nw2NmN",
            "total": 2,
            "valor_unitario": 352583,
            "descuento": 0.43,
            "IVA": 19
        },
        {
            "codigo": "pTE1bLt0Cm",
            "total": 7,
            "valor_unitario": 993843,
            "descuento": 0.19,
            "IVA": 0
        },
        {
            "codigo": "hLmaOyaf3q",
            "total": 14,
            "valor_unitario": 523507,
            "descuento": 0.29,
            "IVA": 0
        },
        {
            "codigo": "7Zav5Q724Y",
            "total": 2,
            "valor_unitario": 300123,
            "descuento": 0.22,
            "IVA": 0
        },
        {
            "codigo": "GDlAenV4jv",
            "total": 19,
            "valor_unitario": 107245,
            "descuento": 0.23,
            "IVA": 19
        }
    ]
}