{
    "empresa_nit": "987654321",
    "empresa_ciudad": "BOGOTA",
    "empresa_sede": "alcaldia",
    "empresa_nombre": "FrutiBarato",
    "fecha_hora": "2023-02-23 02:55:25",
    "factura_num": "01172",
    "ciente_numero": 399132001,
    "pago_tipo": "TRANFERENCIA",
    "productos": [
        {
            "codigo": "VckaYGBd2Z",
            "total": 2,
            "valor_unitario": 513303,
            "descuento": 0.21,
            "IVA": 5
        },
        {
            "codigo": "AmxlU9qAQC",
            "total": 1,
            "valor_unitario": 927920,
            "descuento": 0.4,
            "IVA": 19
        },
        {
            "codigo": "LmhxbxYL7i",
            "total": 11,
            "valor_unitario": 717538,
            "descuento": 0.46,
            "IVA": 0
        },
        {
            "codigo": "6m7MMLdIgB",
            "total": 9,
            "valor_unitario": 362686,
            "descuento": 0.0,
            "IVA": 19
        },
        {
            "codigo": "FubIiIJbfb",
            "total": 17,
            "valor_unitario": 133794,
            "descuento": 0.43,
            "IVA": 19
        },
        {
            "codigo": "gkmzl1P3Iq",
            "total": 3,
            "valor_unitario": 412594,
            "descuento": 0.39,
            "IVA": 19
        }
    ]
}