{
    "empresa_nit": "987654321",
    "empresa_ciudad": "BARRANQUILLA",
    "empresa_sede": "alcaldia",
    "empresa_nombre": "FrutiBarato",
    "fecha_hora": "2022-09-25 08:58:57",
    "factura_num": "00119",
    "ciente_numero": 848488366,
    "pago_tipo": "TAR.CREDITO",
    "productos": [
        {
            "codigo": "F8GK65JARy",
            "total": 3,
            "valor_unitario": 534226,
            "descuento": 0.31,
            "IVA": 19
        },
        {
            "codigo": "XHIjfIMmSM",
            "total": 19,
            "valor_unitario": 728886,
            "descuento": 0.26,
            "IVA": 5
        },
        {
            "codigo": "HWbGzmPWC4",
            "total": 17,
            "valor_unitario": 161226,
            "descuento": 0.3,
            "IVA": 19
        },
        {
            "codigo": "uu2opfE9SF",
            "total": 2,
            "valor_unitario": 581566,
            "descuento": 0.27,
            "IVA": 0
        },
        {
            "codigo": "eizC50ukeI",
            "total": 12,
            "valor_unitario": 451337,
            "descuento": 0.26,
            "IVA": 0
        },
        {
            "codigo": "8hl0l3stBi",
            "total": 20,
            "valor_unitario": 698900,
            "descuento": 0.42,
            "IVA": 5
        },
        {
            "codigo": "V1MNYnBfFI",
            "total": 3,
            "valor_unitario": 492591,
            "descuento": 0.16,
            "IVA": 0
        },
        {
            "codigo": "wCptNPUY82",
            "total": 16,
            "valor_unitario": 159001,
            "descuento": 0.32,
            "IVA": 5
        },
        {
            "codigo": "kXDfsVMOqn",
            "total": 5,
            "valor_unitario": 760307,
            "descuento": 0.24,
            "IVA": 19
        },
        {
            "codigo": "MvyfDDGUlg",
            "total": 16,
            "valor_unitario": 319796,
            "descuento": 0.44,
            "IVA": 5
        },
        {
            "codigo": "HP0rHG8jqN",
            "total": 15,
            "valor_unitario": 725479,
            "descuento": 0.03,
            "IVA": 0
        },
        {
            "codigo": "My8ZWRMM5u",
            "total": 4,
            "valor_unitario": 784889,
            "descuento": 0.28,
            "IVA": 0
        },
        {
            "codigo": "dDCFP68WRA",
            "total": 20,
            "valor_unitario": 152054,
            "descuento": 0.13,
            "IVA": 5
        }
    ]
}