{
    "empresa_nit": "987654321",
    "empresa_ciudad": "CALI",
    "empresa_sede": "centro",
    "empresa_nombre": "FrutiBarato",
    "fecha_hora": "2020-12-23 14:06:43",
    "factura_num": "01080",
    "ciente_numero": 698591476,
    "pago_tipo": "EFECTIVO",
    "productos": [
        {
            "codigo": "NJyAPldNyE",
            "total": 13,
            "valor_unitario": 114134,
            "descuento": 0.44,
            "IVA": 5
        },
        {
            "codigo": "bkJ6XM4wT1",
            "total": 20,
            "valor_unitario": 68498,
            "descuento": 0.35,
            "IVA": 0
        },
        {
            "codigo": "53GCwUGN18",
            "total": 11,
            "valor_unitario": 419181,
            "descuento": 0.33,
            "IVA": 0
        },
        {
            "codigo": "gxNnqxaeBm",
            "total": 19,
            "valor_unitario": 42147,
            "descuento": 0.33,
            "IVA": 5
        },
        {
            "codigo": "xzv0RLI52a",
            "total": 2,
            "valor_unitario": 123375,
            "descuento": 0.1,
            "IVA": 5
        },
        {
            "codigo": "a9asG6udQm",
            "total": 16,
            "valor_unitario": 193762,
            "descuento": 0.24,
            "IVA": 0
        },
        {
            "codigo": "xW91qau9a9",
            "total": 7,
            "valor_unitario": 879541,
            "descuento": 0.05,
            "IVA": 0
        },
        {
            "codigo": "suyVMP1O4I",
            "total": 5,
            "valor_unitario": 866277,
            "descuento": 0.27,
            "IVA": 19
        },
        {
            "codigo": "bJlD6IWjyJ",
            "total": 16,
            "valor_unitario": 752563,
            "descuento": 0.28,
            "IVA": 0
        },
        {
            "codigo": "KTOsUcGlSH",
            "total": 3,
            "valor_unitario": 940520,
            "descuento": 0.13,
            "IVA": 0
        },
        {
            "codigo": "OGoeOQqTDb",
            "total": 3,
            "valor_unitario": 747321,
            "descuento": 0.31,
            "IVA": 19
        },
        {
            "codigo": "5NKHS06zSo",
            "total": 9,
            "valor_unitario": 228393,
            "descuento": 0.1,
            "IVA": 5
        },
        {
            "codigo": "kx1oudULBK",
            "total": 2,
            "valor_unitario": 701547,
            "descuento": 0.21,
            "IVA": 0
        },
        {
            "codigo": "iHJ8xzQiis",
            "total": 20,
            "valor_unitario": 93961,
            "descuento": 0.41,
            "IVA": 0
        },
        {
            "codigo": "dj307wc6bz",
            "total": 10,
            "valor_unitario": 505718,
            "descuento": 0.29,
            "IVA": 0
        },
        {
            "codigo": "9u0Ts5QmR2",
            "total": 2,
            "valor_unitario": 924312,
            "descuento": 0.31,
            "IVA": 19
        },
        {
            "codigo": "pYNrL4C0uc",
            "total": 18,
            "valor_unitario": 587555,
            "descuento": 0.44,
            "IVA": 0
        },
        {
            "codigo": "UAYZSrCCw6",
            "total": 13,
            "valor_unitario": 431611,
            "descuento": 0.14,
            "IVA": 5
        }
    ]
}