{
    "empresa_nit": "987654321",
    "empresa_ciudad": "BARRANQUILLA",
    "empresa_sede": "plaza",
    "empresa_nombre": "FrutiBarato",
    "fecha_hora": "2020-11-13 13:46:08",
    "factura_num": "00113",
    "ciente_numero": 445049053,
    "pago_tipo": "EFECTIVO",
    "productos": [
        {
            "codigo": "6GhRLsWQGl",
            "total": 3,
            "valor_unitario": 439901,
            "descuento": 0.22,
            "IVA": 19
        },
        {
            "codigo": "RofrfTi5xI",
            "total": 12,
            "valor_unitario": 298546,
            "descuento": 0.36,
            "IVA": 0
        },
        {
            "codigo": "MIrJcKeCXQ",
            "total": 15,
            "valor_unitario": 710185,
            "descuento": 0.43,
            "IVA": 19
        },
        {
            "codigo": "ZQZLvZ8RHr",
            "total": 12,
            "valor_unitario": 589238,
            "descuento": 0.44,
            "IVA": 5
        },
        {
            "codigo": "TvNWF79EBm",
            "total": 6,
            "valor_unitario": 552563,
            "descuento": 0.29,
            "IVA": 19
        },
        {
            "codigo": "bDv8Y7i7L0",
            "total": 4,
            "valor_unitario": 470663,
            "descuento": 0.04,
            "IVA": 19
        },
        {
            "codigo": "qpIuQSrphw",
            "total": 2,
            "valor_unitario": 209735,
            "descuento": 0.28,
            "IVA": 0
        },
        {
            "codigo": "L6ah6XwIu9",
            "total": 18,
            "valor_unitario": 894318,
            "descuento": 0.46,
            "IVA": 0
        },
        {
            "codigo": "7mdrq9dLJK",
            "total": 1,
            "valor_unitario": 930144,
            "descuento": 0.17,
            "IVA": 5
        },
        {
            "codigo": "kNpqOAoIXg",
            "total": 7,
            "valor_unitario": 747047,
            "descuento": 0.2,
            "IVA": 19
        },
        {
            "codigo": "hQjI30QY3g",
            "total": 12,
            "valor_unitario": 955560,
            "descuento": 0.49,
            "IVA": 0
        },
        {
            "codigo": "G0VOMX6EXm",
            "total": 5,
            "valor_unitario": 250008,
            "descuento": 0.07,
            "IVA": 5
        }
    ]
}