{
    "empresa_nit": "987654321",
    "empresa_ciudad": "BARRANQUILLA",
    "empresa_sede": "terminal",
    "empresa_nombre": "FrutiBarato",
    "fecha_hora": "2024-01-14 19:33:38",
    "factura_num": "01416",
    "ciente_numero": 502280054,
    "pago_tipo": "TAR.DEBITO",
    "productos": [
        {
            "codigo": "Ho9hGPeAao",
            "total": 11,
            "valor_unitario": 647241,
            "descuento": 0.3,
            "IVA": 19
        },
        {
            "codigo": "9vp4fgT4vt",
            "total": 10,
            "valor_unitario": 731610,
            "descuento": 0.21,
            "IVA": 19
        },
        {
            "codigo": "GYzFOJ2m9M",
            "total": 10,
            "valor_unitario": 935283,
            "descuento": 0.3,
            "IVA": 19
        },
        {
            "codigo": "tNOMerIa5l",
            "total": 15,
            "valor_unitario": 577989,
            "descuento": 0.23,
            "IVA": 19
        },
        {
            "codigo": "E5DxNUaVy0",
            "total": 3,
            "valor_unitario": 555704,
            "descuento": 0.04,
            "IVA": 19
        },
        {
            "codigo": "P7duBYnOW4",
            "total": 10,
            "valor_unitario": 931796,
            "descuento": 0.31,
            "IVA": 5
        },
        {
            "codigo": "QwiXTvJl9N",
            "total": 8,
            "valor_unitario": 333766,
            "descuento": 0.09,
            "IVA": 0
        },
        {
            "codigo": "B36J8U2iFJ",
            "total": 4,
            "valor_unitario": 951591,
            "descuento": 0.18,
            "IVA": 19
        },
        {
            "codigo": "dWbKjkW7Nh",
            "total": 10,
            "valor_unitario": 906494,
            "descuento": 0.39,
            "IVA": 19
        }
    ]
}