{
    "empresa_nit": "987654321",
    "empresa_ciudad": "BOGOTA",
    "empresa_sede": "aeropuerto",
    "empresa_nombre": "FrutiBarato",
    "fecha_hora": "2021-11-04 16:26:14",
    "factura_num": "01066",
    "ciente_numero": 576075041,
    "pago_tipo": "EFECTIVO",
    "productos": [
        {
            "codigo": "fwyxQUTr90",
            "total": 3,
            "valor_unitario": 393750,
            "descuento": 0.11,
            "IVA": 5
        },
        {
            "codigo": "odpOijiFVC",
            "total": 12,
            "valor_unitario": 103833,
            "descuento": 0.16,
            "IVA": 5
        },
        {
            "codigo": "yBCyYIkf8V",
            "total": 1,
            "valor_unitario": 874374,
            "descuento": 0.34,
            "IVA": 0
        },
        {
            "codigo": "AejBQnPIWU",
            "total": 3,
            "valor_unitario": 223130,
            "descuento": 0.35,
            "IVA": 5
        },
        {
            "codigo": "B2u3timFtr",
            "total": 1,
            "valor_unitario": 484805,
            "descuento": 0.21,
            "IVA": 5
        },
        {
            "codigo": "Mn4YIvIfbx",
            "total": 3,
            "valor_unitario": 808562,
            "descuento": 0.19,
            "IVA": 19
        },
        {
            "codigo": "vYYVfdu5J9",
            "total": 9,
            "valor_unitario": 923820,
            "descuento": 0.49,
            "IVA": 19
        },
        {
            "codigo": "GaTfUFkkM6",
            "total": 13,
            "valor_unitario": 202306,
            "descuento": 0.44,
            "IVA": 19
        }
    ]
}