{
    "empresa_nit": "987654321",
    "empresa_ciudad": "BARRANQUILLA",
    "empresa_sede": "aeropuerto",
    "empresa_nombre": "FrutiBarato",
    "fecha_hora": "2025-02-23 09:19:18",
    "factura_num": "01127",
    "ciente_numero": 952134735,
    "pago_tipo": "EFECTIVO",
    "productos": [
        {
            "codigo": "0HbzfQziEj",
            "total": 17,
            "valor_unitario": 411192,
            "descuento": 0.21,
            "IVA": 5
        },
        {
            "codigo": "9vmR0TUZvT",
            "total": 18,
            "valor_unitario": 278308,
            "descuento": 0.13,
            "IVA": 0
        },
        {
            "codigo": "o78GYjELX2",
            "total": 9,
            "valor_unitario": 619523,
            "descuento": 0.47,
            "IVA": 5
        },
        {
            "codigo": "pkU8EU9M5Z",
            "total": 5,
            "valor_unitario": 736554,
            "descuento": 0.42,
            "IVA": 0
        },
        {
            "codigo": "SoExQTMmH5",
            "total": 17,
            "valor_unitario": 83961,
            "descuento": 0.18,
            "IVA": 5
        },
        {
            "codigo": "Trc4wmQH7F",
            "total": 5,
            "valor_unitario": 391111,
            "descuento": 0.23,
            "IVA": 5
        },
        {
            "codigo": "w8Ew99LRMl",
            "total": 5,
            "valor_unitario": 953023,
            "descuento": 0.45,
            "IVA": 5
        },
        {
            "codigo": "HyiiAS6XYU",
            "total": 19,
            "valor_unitario": 264824,
            "descuento": 0.39,
            "IVA": 5
        },
        {
            "codigo": "WXPor255ob",
            "total": 3,
            "valor_unitario": 481246,
            "descuento": 0.11,
            "IVA": 0
        },
        {
            "codigo": "lMvUacsYO0",
            "total": 2,
            "valor_unitario": 843301,
            "descuento": 0.15,
            "IVA": 0
        },
        {
            "codigo": "rakBSNdXVw",
            "total": 7,
            "valor_unitario": 832233,
            "descuento": 0.31,
            "IVA": 0
        },
        {
            "codigo": "Fmn3KO6UnH",
            "total": 18,
            "valor_unitario": 697812,
            "descuento": 0.49,
            "IVA": 5
        },
        {
            "codigo": "kBGr3YpYHy",
            "total": 18,
            "valor_unitario": 392420,
            "descuento": 0.31,
            "IVA": 5
        },
        {
            "codigo": "s073ISKGmW",
            "total": 5,
            "valor_unitario": 492693,
            "descuento": 0.27,
            "IVA": 5
        },
        {
            "codigo": "LuN8fVaruH",
            "total": 7,
            "valor_unitario": 180456,
            "descuento": 0.24,
            "IVA": 5
        },
        {
            "codigo": "VbPuXt8kzi",
            "total": 12,
            "valor_unitario": 231899,
            "descuento": 0.43,
            "IVA": 0
        },
        {
            "codigo": "IcEFiHBG90",
            "total": 7,
            "valor_unitario": 612679,
            "descuento": 0.31,
            "IVA": 0
        },
        {
            "codigo": "Tyxho8R4d4",
            "total": 5,
            "valor_unitario": 60557,
            "descuento": 0.23,
            "IVA": 19
        },
        {
            "codigo": "SflIBdqR0D",
            "total": 15,
            "valor_unitario": 502266,
            "descuento": 0.16,
            "IVA": 19
        },
        {
            "codigo": "QiY8W8X9Gl",
            "total": 10,
            "valor_unitario": 696937,
            "descuento": 0.3,
            "IVA": 5
        }
    ]
}