{
    "empresa_nit": "987654321",
    "empresa_ciudad": "CALI",
    "empresa_sede": "terminal",
    "empresa_nombre": "FrutiBarato",
    "fecha_hora": "2021-11-18 13:20:14",
    "factura_num": "01166",
    "ciente_numero": 868647070,
    "pago_tipo": "TAR.CREDITO",
    "productos": [
        {
            "codigo": "9DZeGuvFDz",
            "total": 4,
            "valor_unitario": 497153,
            "descuento": 0.3,
            "IVA": 5
        },
        {
            "codigo": "Eig4O7TSLH",
            "total": 7,
            "valor_unitario": 857433,
            "descuento": 0.22,
            "IVA": 5
        },
        {
            "codigo": "pRpnRGgSzR",
            "total": 18,
            "valor_unitario": 981077,
            "descuento": 0.26,
            "IVA": 5
        },
        {
            "codigo": "WVgJIFH7u2",
            "total": 13,
            "valor_unitario": 731528,
            "descuento": 0.32,
            "IVA": 19
        },
        {
            "codigo": "FNJfObY0Ff",
            "total": 11,
            "valor_unitario": 771214,
            "descuento": 0.13,
            "IVA": 19
        },
        {
            "codigo": "ZXcmwgLYjj",
            "total": 1,
            "valor_unitario": 545667,
            "descuento": 0.15,
            "IVA": 19
        },
        {
            "codigo": "jssvBVKah8",
            "total": 18,
            "valor_unitario": 312957,
            "descuento": 0.07,
            "IVA": 0
        },
        {
            "codigo": "pZeWwFyDqp",
            "total": 13,
            "valor_unitario": 898077,
            "descuento": 0.16,
            "IVA": 19
        },
        {
            "codigo": "4FbsBvDbww",
            "total": 13,
            "valor_unitario": 419493,
            "descuento": 0.34,
            "IVA": 5
        },
        {
            "codigo": "pqlIEY0Znr",
            "total": 8,
            "valor_unitario": 896497,
            "descuento": 0.27,
            "IVA": 0
        },
        {
            "codigo": "HXXtrWddIs",
            "total": 12,
            "valor_unitario": 972619,
            "descuento": 0.33,
            "IVA": 0
        },
        {
            "codigo": "wr4k8PsSXX",
            "total": 7,
            "valor_unitario": 244073,
            "descuento": 0.13,
            "IVA": 5
        },
        {
            "codigo": "2DnSuYlFFM",
            "total": 15,
            "valor_unitario": 468287,
            "descuento": 0.05,
            "IVA": 0
        },
        {
            "codigo": "Wpu4R6KfHU",
            "total": 9,
            "valor_unitario": 197486,
            "descuento": 0.28,
            "IVA": 0
        },
        {
            "codigo": "m7r9z6dKk8",
            "total": 5,
            "valor_unitario": 157136,
            "descuento": 0.27,
            "IVA": 0
        },
        {
            "codigo": "6cirfbGmr9",
            "total": 10,
            "valor_unitario": 407679,
            "descuento": 0.17,
            "IVA": 19
        },
        {
            "codigo": "DTWE7WfVF8",
            "total": 20,
            "valor_unitario": 504029,
            "descuento": 0.17,
            "IVA": 19
        },
        {
            "codigo": "wNqxPx923g",
            "total": 11,
            "valor_unitario": 111081,
            "descuento": 0.35,
            "IVA": 5
        }
    ]
}