{
    "empresa_nit": "987654321",
    "empresa_ciudad": "CALI",
    "empresa_sede": "aeropuerto",
    "empresa_nombre": "FrutiBarato",
    "fecha_hora": "2023-02-12 12:30:07",
    "factura_num": "01095",
    "ciente_numero": 201911709,
    "pago_tipo": "TRANFERENCIA",
    "productos": [
        {
            "codigo": "RI1pFFY8AI",
            "total": 20,
            "valor_unitario": 746165,
            "descuento": 0.45,
            "IVA": 19
        },
        {
            "codigo": "mukUvagvtN",
            "total": 4,
            "valor_unitario": 129228,
            "descuento": 0.36,
            "IVA": 0
        },
        {
            "codigo": "2D6Y8Nu3nc",
            "total": 3,
            "valor_unitario": 434705,
            "descuento": 0.29,
            "IVA": 19
        },
        {
            "codigo": "SyAUggC8Jj",
            "total": 14,
            "valor_unitario": 879942,
            "descuento": 0.1,
            "IVA": 0
        },
        {
            "codigo": "JMV7cOJn9P",
            "total": 7,
            "valor_unitario": 334067,
            "descuento": 0.08,
            "IVA": 0
        },
        {
            "codigo": "Msjagu7ePH",
            "total": 2,
            "valor_unitario": 696657,
            "descuento": 0.17,
            "IVA": 0
        },
        {
            "codigo": "FnW1DJuxLy",
            "total": 9,
            "valor_unitario": 634064,
            "descuento": 0.32,
            "IVA": 19
        },
        {
            "codigo": "DKa1nE1ACM",
            "total": 2,
            "valor_unitario": 664969,
            "descuento": 0.3,
            "IVA": 5
        },
        {
            "codigo": "oxBWpmEfyW",
            "total": 17,
            "valor_unitario": 6488,
            "descuento": 0.49,
            "IVA": 0
        },
        {
            "codigo": "DhVRICLU3g",
            "total": 17,
            "valor_unitario": 136390,
            "descuento": 0.39,
            "IVA": 0
        },
        {
            "codigo": "2iTOEKGyaG",
            "total": 14,
            "valor_unitario": 343298,
            "descuento": 0.12,
            "IVA": 0
        },
        {
            "codigo": "pTo2C98Z7y",
            "total": 6,
            "valor_unitario": 725973,
            "descuento": 0.31,
            "IVA": 19
        },
        {
            "codigo": "6MRo0wmV0L",
            "total": 8,
            "valor_unitario": 127421,
            "descuento": 0.08,
            "IVA": 0
        }
    ]
}