{
    "empresa_nit": "987654321",
    "empresa_ciudad": "BARRANQUILLA",
    "empresa_sede": "centro",
    "empresa_nombre": "FrutiBarato",
    "fecha_hora": "2022-10-20 19:17:37",
    "factura_num": "01256",
    "ciente_numero": 892263903,
    "pago_tipo": "TRANFERENCIA",
    "productos": [
        {
            "codigo": "ofPwnQfXd1",
            "total": 8,
            "valor_unitario": 358974,
            "descuento": 0.23,
            "IVA": 5
        },
        {
            "codigo": "l822WFESV3",
            "total": 20,
            "valor_unitario": 573597,
            "descuento": 0.15,
            "IVA": 5
        },
        {
            "codigo": "owbKkcadHs",
            "total": 15,
            "valor_unitario": 66500,
            "descuento": 0.4,
            "IVA": 5
        },
        {
            "codigo": "vsw12fvf2c",
            "total": 11,
            "valor_unitario": 63765,
            "descuento": 0.21,
            "IVA": 19
        },
        {
            "codigo": "4HrDqAPz7b",
            "total": 19,
            "valor_unitario": 95617,
            "descuento": 0.49,
            "IVA": 0
        },
        {
            "codigo": "lobufOuCFi",
            "total": 20,
            "valor_unitario": 504896,
            "descuento": 0.03,
            "IVA": 0
        },
        {
            "codigo": "qWOq7FSmdH",
            "total": 3,
            "valor_unitario": 640026,
            "descuento": 0.02,
            "IVA": 19
        },
        {
            "codigo": "xuSelfAtdT",
            "total": 10,
            "valor_unitario": 795813,
            "descuento": 0.02,
            "IVA": 19
        },
        {
            "codigo": "xLiX4u8kb3",
            "total": 6,
            "valor_unitario": 490426,
            "descuento": 0.19,
            "IVA": 0
        },
        {
            "codigo": "Sa8vJmahqT",
            "total": 7,
            "valor_unitario": 876805,
            "descuento": 0.16,
            "IVA": 5
        },
        {
            "codigo": "BNM26GBdei",
            "total": 13,
            "valor_unitario": 81323,
            "descuento": 0.38,
            "IVA": 19
        },
        {
            "codigo": "D7dqavKJw6",
            "total": 1,
            "valor_unitario": 757545,
            "descuento": 0.46,
            "IVA": 19
        },
        {
            "codigo": "aZJfI6pmU5",
            "total": 1,
            "valor_unitario": 478508,
            "descuento": 0.42,
            "IVA": 5
        },
        {
            "codigo": "A5uHeVbjpp",
            "total": 12,
            "valor_unitario": 700569,
            "descuento": 0.05,
            "IVA": 19
        },
        {
            "codigo": "apPEgzWgd9",
            "total": 5,
            "valor_unitario": 316006,
            "descuento": 0.05,
            "IVA": 5
        },
        {
            "codigo": "2zlachbxoQ",
            "total": 13,
            "valor_unitario": 342500,
            "descuento": 0.21,
            "IVA": 0
        },
        {
            "codigo": "rSFaBBigjc",
            "total": 3,
            "valor_unitario": 616113,
            "descuento": 0.37,
            "IVA": 0
        },
        {
            "codigo": "slBDNXolp3",
            "total": 16,
            "valor_unitario": 339921,
            "descuento": 0.33,
            "IVA": 0
        },
        {
            "codigo": "tOA3VC8kTw",
            "total": 8,
            "valor_unitario": 164002,
            "descuento": 0.05,
            "IVA": 19
        },
        {
            "codigo": "hFr6CgRx73",
            "total": 16,
            "valor_unitario": 879668,
            "descuento": 0.15,
            "IVA": 0
        }
    ]
}