{
    "empresa_nit": "987654321",
    "empresa_ciudad": "MEDELLIN",
    "empresa_sede": "terminal",
    "empresa_nombre": "FrutiBarato",
    "fecha_hora": "2020-04-07 03:21:55",
    "factura_num": "00131",
    "ciente_numero": 849357618,
    "pago_tipo": "TAR.DEBITO",
    "productos": [
        {
            "codigo": "8iJneVgTmZ",
            "total": 12,
            "valor_unitario": 6661,
            "descuento": 0.43,
            "IVA": 5
        },
        {
            "codigo": "jd00OWEBoD",
            "total": 12,
            "valor_unitario": 114946,
            "descuento": 0.4,
            "IVA": 19
        },
        {
            "codigo": "32SvmG9CSV",
            "total": 10,
            "valor_unitario": 684164,
            "descuento": 0.04,
            "IVA": 5
        },
        {
            "codigo": "7M6Egl6uNF",
            "total": 14,
            "valor_unitario": 230102,
            "descuento": 0.18,
            "IVA": 5
        },
        {
            "codigo": "7poD9gUYWk",
            "total": 9,
            "valor_unitario": 60778,
            "descuento": 0.29,
            "IVA": 19
        },
        {
            "codigo": "71XLLsYYkV",
            "total": 2,
            "valor_unitario": 10648,
            "descuento": 0.21,
            "IVA": 5
        },
        {
            "codigo": "k28hIO14LP",
            "total": 9,
            "valor_unitario": 310986,
            "descuento": 0.38,
            "IVA": 19
        },
        {
            "codigo": "cfVHFcKlvQ",
            "total": 13,
            "valor_unitario": 947620,
            "descuento": 0.06,
            "IVA": 5
        }
    ]
}