{
    "empresa_nit": "987654321",
    "empresa_ciudad": "MEDELLIN",
    "empresa_sede": "centro",
    "empresa_nombre": "FrutiBarato",
    "fecha_hora": "2022-05-05 08:04:18",
    "factura_num": "01121",
    "ciente_numero": 475447262,
    "pago_tipo": "TAR.CREDITO",
    "productos": [
        {
            "codigo": "d35LMWhz8Y",
            "total": 7,
            "valor_unitario": 843725,
            "descuento": 0.34,
            "IVA": 19
        },
        {
            "codigo": "Lkup2Smr97",
            "total": 2,
            "valor_unitario": 754473,
            "descuento": 0.07,
            "IVA": 0
        },
        {
            "codigo": "r0Me6kezVa",
            "total": 10,
            "valor_unitario": 792000,
            "descuento": 0.13,
            "IVA": 5
        },
        {
            "codigo": "Cdo1LBXK4g",
            "total": 2,
            "valor_unitario": 740745,
            "descuento": 0.39,
            "IVA": 0
        },
        {
            "codigo": "J3NfC6tBMe",
            "total": 8,
            "valor_unitario": 259932,
            "descuento": 0.41,
            "IVA": 5
        },
        {
            "codigo": "6TBYaoT0RY",
            "total": 13,
            "valor_unitario": 285521,
            "descuento": 0.17,
            "IVA": 19
        },
        {
            "codigo": "4teprD2UVX",
            "total": 11,
            "valor_unitario": 893900,
            "descuento": 0.3,
            "IVA": 0
        },
        {
            "codigo": "Lg6Vlsyw9K",
            "total": 8,
            "valor_unitario": 379235,
            "descuento": 0.34,
            "IVA": 19
        },
        {
            "codigo": "HT9YpNwTFh",
            "total": 9,
            "valor_unitario": 470762,
            "descuento": 0.14,
            "IVA": 19
        },
        {
            "codigo": "ky6zZdQyC2",
            "total": 8,
            "valor_unitario": 844109,
            "descuento": 0.4,
            "IVA": 0
        },
        {
            "codigo": "Fdv0Y0N7yo",
            "total": 10,
            "valor_unitario": 456427,
            "descuento": 0.35,
            "IVA": 19
        },
        {
            "codigo": "Dz7ezGB9Lf",
            "total": 1,
            "valor_unitario": 374714,
            "descuento": 0.34,
            "IVA": 0
        }
    ]
}