{
    "empresa_nit": "987654321",
    "empresa_ciudad": "BARRANQUILLA",
    "empresa_sede": "plaza",
    "empresa_nombre": "FrutiBarato",
    "fecha_hora": "2024-04-21 20:13:53",
    "factura_num": "00001",
    "ciente_numero": 681034063,
    "pago_tipo": "EFECTIVO",
    "productos": [
        {
            "codigo": "9TeAxt0VGG",
            "total": 16,
            "valor_unitario": 868301,
            "descuento": 0.16,
            "IVA": 5
        },
        {
            "codigo": "wCbpCOs49L",
            "total": 18,
            "valor_unitario": 580251,
            "descuento": 0.18,
            "IVA": 5
        },
        {
            "codigo": "Idg9ZxS2DJ",
            "total": 7,
            "valor_unitario": 802800,
            "descuento": 0.22,
            "IVA": 0
        },
        {
            "codigo": "7ErkGV0Osd",
            "total": 7,
            "valor_unitario": 491646,
            "descuento": 0.01,
            "IVA": 0
        },
        {
            "codigo": "mPGPnlI7Rh",
            "total": 12,
            "valor_unitario": 806885,
            "descuento": 0.33,
            "IVA": 0
        },
        {
            "codigo": "MZ9OaUDzZL",
            "total": 20,
            "valor_unitario": 194144,
            "descuento": 0.01,
            "IVA": 5
        },
        {
            "codigo": "454necx1nJ",
            "total": 16,
            "valor_unitario": 447591,
            "descuento": 0.24,
            "IVA": 0
        },
        {
            "codigo": "4YZLEi4Q4e",
            "total": 1,
            "valor_unitario": 585512,
            "descuento": 0.21,
            "IVA": 0
        },
        {
            "codigo": "hHP1jAzwNH",
            "total": 1,
            "valor_unitario": 53273,
            "descuento": 0.2,
            "IVA": 0
        },
        {
            "codigo": "JSJRyLw0sa",
            "total": 7,
            "valor_unitario": 197974,
            "descuento": 0.07,
            "IVA": 5
        },
        {
            "codigo": "2ybIUOb8fT",
            "total": 10,
            "valor_unitario": 749765,
            "descuento": 0.47,
            "IVA": 0
        },
        {
            "codigo": "SgaTh3ZmBe",
            "total": 12,
            "valor_unitario": 735148,
            "descuento": 0.23,
            "IVA": 19
        },
        {
            "codigo": "q5gL6nYdLs",
            "total": 7,
            "valor_unitario": 542545,
            "descuento": 0.06,
            "IVA": 5
        },
        {
            "codigo": "LFbSaJ9ZHG",
            "total": 1,
            "valor_unitario": 224685,
            "descuento": 0.18,
            "IVA": 0
        },
        {
            "codigo": "B7ClIjy9jv",
            "total": 20,
            "valor_unitario": 116479,
            "descuento": 0.3,
            "IVA": 5
        },
        {
            "codigo": "VfTO8E6Z3V",
            "total": 14,
            "valor_unitario": 569687,
            "descuento": 0.35,
            "IVA": 19
        },
        {
            "codigo": "5DUYeJ7NzV",
            "total": 2,
            "valor_unitario": 81550,
            "descuento": 0.32,
            "IVA": 19
        },
        {
            "codigo": "n3BHd1IKp7",
            "total": 14,
            "valor_unitario": 511917,
            "descuento": 0.21,
            "IVA": 0
        },
        {
            "codigo": "YEHTJnWb2o",
            "total": 11,
            "valor_unitario": 784991,
            "descuento": 0.17,
            "IVA": 5
        },
        {
            "codigo": "YDTLTw17CC",
            "total": 13,
            "valor_unitario": 701119,
            "descuento": 0.43,
            "IVA": 0
        }
    ]
}