{
    "empresa_nit": "987654321",
    "empresa_ciudad": "BOGOTA",
    "empresa_sede": "terminal",
    "empresa_nombre": "FrutiBarato",
    "fecha_hora": "2020-06-22 10:48:32",
    "factura_num": "01115",
    "ciente_numero": 146797930,
    "pago_tipo": "TRANFERENCIA",
    "productos": [
        {
            "codigo": "EaiJABXEoh",
            "total": 8,
            "valor_unitario": 335326,
            "descuento": 0.04,
            "IVA": 5
        },
        {
            "codigo": "HjA9C6wyC9",
            "total": 6,
            "valor_unitario": 217592,
            "descuento": 0.04,
            "IVA": 0
        },
        {
            "codigo": "lOCnGp5rpC",
            "total": 1,
            "valor_unitario": 516724,
            "descuento": 0.46,
            "IVA": 19
        },
        {
            "codigo": "z42KvYTrHg",
            "total": 13,
            "valor_unitario": 54088,
            "descuento": 0.19,
            "IVA": 19
        },
        {
            "codigo": "4z5VPT79mN",
            "total": 20,
            "valor_unitario": 647299,
            "descuento": 0.24,
            "IVA": 0
        },
        {
            "codigo": "HPO37m8s1w",
            "total": 4,
            "valor_unitario": 71911,
            "descuento": 0.35,
            "IVA": 0
        },
        {
            "codigo": "VhL04dAVxW",
            "total": 4,
            "valor_unitario": 617871,
            "descuento": 0.13,
            "IVA": 0
        }
    ]
}