{
    "empresa_nit": "987654321",
    "empresa_ciudad": "CALI",
    "empresa_sede": "alcaldia",
    "empresa_nombre": "FrutiBarato",
    "fecha_hora": "2020-09-25 03:54:33",
    "factura_num": "01113",
    "ciente_numero": 313243742,
    "pago_tipo": "TRANFERENCIA",
    "productos": [
        {
            "codigo": "vTl2PkvtMV",
            "total": 9,
            "valor_unitario": 70217,
            "descuento": 0.15,
            "IVA": 19
        },
        {
            "codigo": "WCOYuwfz5l",
            "total": 16,
            "valor_unitario": 365335,
            "descuento": 0.23,
            "IVA": 19
        },
        {
            "codigo": "0cDw9n8jpJ",
            "total": 11,
            "valor_unitario": 258143,
            "descuento": 0.42,
            "IVA": 19
        },
        {
            "codigo": "pEDQLQxEiU",
            "total": 19,
            "valor_unitario": 417757,
            "descuento": 0.18,
            "IVA": 0
        },
        {
            "codigo": "KIo31EmU37",
            "total": 13,
            "valor_unitario": 491629,
            "descuento": 0.11,
            "IVA": 5
        },
        {
            "codigo": "MBEfDDGU7Q",
            "total": 10,
            "valor_unitario": 564731,
            "descuento": 0.02,
            "IVA": 5
        },
        {
            "codigo": "Cmn4MwouOl",
            "total": 15,
            "valor_unitario": 30569,
            "descuento": 0.26,
            "IVA": 19
        }
    ]
}