{
    "empresa_nit": "987654321",
    "empresa_ciudad": "CALI",
    "empresa_sede": "terminal",
    "empresa_nombre": "FrutiBarato",
    "fecha_hora": "2020-04-15 08:03:06",
    "factura_num": "01299",
    "ciente_numero": 361816405,
    "pago_tipo": "EFECTIVO",
    "productos": [
        {
            "codigo": "abB6AiARqz",
            "total": 16,
            "valor_unitario": 724333,
            "descuento": 0.01,
            "IVA": 0
        },
        {
            "codigo": "cYs8T8c8UO",
            "total": 10,
            "valor_unitario": 528561,
            "descuento": 0.36,
            "IVA": 19
        },
        {
            "codigo": "LofabbFpC0",
            "total": 16,
            "valor_unitario": 661606,
            "descuento": 0.3,
            "IVA": 19
        },
        {
            "codigo": "uCSHD6WyOg",
            "total": 20,
            "valor_unitario": 895272,
            "descuento": 0.0,
            "IVA": 0
        }
    ]
}