{
    "empresa_nit": "987654321",
    "empresa_ciudad": "CALI",
    "empresa_sede": "aeropuerto",
    "empresa_nombre": "FrutiBarato",
    "fecha_hora": "2021-09-06 13:51:58",
    "factura_num": "00100",
    "ciente_numero": 790345523,
    "pago_tipo": "TRANFERENCIA",
    "productos": [
        {
            "codigo": "yIJcv4jWo4",
            "total": 13,
            "valor_unitario": 739731,
            "descuento": 0.2,
            "IVA": 5
        },
        {
            "codigo": "xLmfv7FTSz",
            "total": 6,
            "valor_unitario": 910323,
            "descuento": 0.28,
            "IVA": 0
        },
        {
            "codigo": "Rf7CcuQSVN",
            "total": 7,
            "valor_unitario": 810834,
            "descuento": 0.28,
            "IVA": 0
        },
        {
            "codigo": "jBgk3ltXku",
            "total": 4,
            "valor_unitario": 529510,
            "descuento": 0.32,
            "IVA": 19
        },
        {
            "codigo": "GpCZIxGiGJ",
            "total": 3,
            "valor_unitario": 714665,
            "descuento": 0.48,
            "IVA": 19
        },
        {
            "codigo": "EvReUKv9Bv",
            "total": 7,
            "valor_unitario": 22160,
            "descuento": 0.28,
            "IVA": 5
        },
        {
            "codigo": "lmCxUm6wyg",
            "total": 2,
            "valor_unitario": 383812,
            "descuento": 0.09,
            "IVA": 19
        },
        {
            "codigo": "a1Ao4Df9fw",
            "total": 6,
            "valor_unitario": 445059,
            "descuento": 0.08,
            "IVA": 5
        },
        {
            "codigo": "Y5X8m0i53U",
            "total": 5,
            "valor_unitario": 4413,
            "descuento": 0.21,
            "IVA": 0
        },
        {
            "codigo": "HqGiLSgPj7",
            "total": 2,
            "valor_unitario": 742370,
            "descuento": 0.26,
            "IVA": 19
        },
        {
            "codigo": "dq8o8X7mOn",
            "total": 20,
            "valor_unitario": 911345,
            "descuento": 0.17,
            "IVA": 0
        },
        {
            "codigo": "bfKE8jFacK",
            "total": 1,
            "valor_unitario": 943364,
            "descuento": 0.1,
            "IVA": 0
        },
        {
            "codigo": "otCy17ikfR",
            "total": 14,
            "valor_unitario": 776167,
            "descuento": 0.08,
            "IVA": 0
        },
        {
            "codigo": "pyIA6mRYGA",
            "total": 7,
            "valor_unitario": 17618,
            "descuento": 0.04,
            "IVA": 0
        },
        {
            "codigo": "XI3GSoCsYV",
            "total": 8,
            "valor_unitario": 573937,
            "descuento": 0.48,
            "IVA": 0
        },
        {
            "codigo": "l7i6ceTzLB",
            "total": 8,
            "valor_unitario": 703986,
            "descuento": 0.42,
            "IVA": 0
        },
        {
            "codigo": "RSFt1UZJbk",
            "total": 9,
            "valor_unitario": 195766,
            "descuento": 0.46,
            "IVA": 5
        }
    ]
}