{
    "empresa_nit": "987654321",
    "empresa_ciudad": "MEDELLIN",
    "empresa_sede": "alcaldia",
    "empresa_nombre": "FrutiBarato",
    "fecha_hora": "2021-12-07 07:56:14",
    "factura_num": "01386",
    "ciente_numero": 614710959,
    "pago_tipo": "TAR.CREDITO",
    "productos": [
        {
            "codigo": "AK0V0X861z",
            "total": 11,
            "valor_unitario": 781600,
            "descuento": 0.19,
            "IVA": 5
        },
        {
            "codigo": "mbwHBG35qb",
            "total": 11,
            "valor_unitario": 651204,
            "descuento": 0.49,
            "IVA": 19
        },
        {
            "codigo": "yPw3BOeFQD",
            "total": 13,
            "valor_unitario": 787707,
            "descuento": 0.31,
            "IVA": 0
        },
        {
            "codigo": "z5qMZeROlb",
            "total": 6,
            "valor_unitario": 882831,
            "descuento": 0.34,
            "IVA": 5
        },
        {
            "codigo": "r1PfXZP4ul",
            "total": 15,
            "valor_unitario": 986332,
            "descuento": 0.05,
            "IVA": 5
        },
        {
            "codigo": "dpAZ6YgYKx",
            "total": 13,
            "valor_unitario": 354927,
            "descuento": 0.21,
            "IVA": 5
        }
    ]
}