{
    "empresa_nit": "987654321",
    "empresa_ciudad": "BARRANQUILLA",
    "empresa_sede": "centro",
    "empresa_nombre": "FrutiBarato",
    "fecha_hora": "2022-11-13 17:34:35",
    "factura_num": "01140",
    "ciente_numero": 545953175,
    "pago_tipo": "TAR.CREDITO",
    "productos": [
        {
            "codigo": "uPeDyRrYtX",
            "total": 7,
            "valor_unitario": 285402,
            "descuento": 0.11,
            "IVA": 5
        },
        {
            "codigo": "lqLBTksxst",
            "total": 12,
            "valor_unitario": 389352,
            "descuento": 0.49,
            "IVA": 0
        },
        {
            "codigo": "u0LPYQIPBx",
            "total": 8,
            "valor_unitario": 797847,
            "descuento": 0.2,
            "IVA": 5
        }
    ]
}