{
    "empresa_nit": "987654321",
    "empresa_ciudad": "BOGOTA",
    "empresa_sede": "aeropuerto",
    "empresa_nombre": "FrutiBarato",
    "fecha_hora": "2020-04-10 13:33:51",
    "factura_num": "01413",
    "ciente_numero": 181108622,
    "pago_tipo": "TRANFERENCIA",
    "productos": [
        {
            "codigo": "jgmAcFrGHt",
            "total": 12,
            "valor_unitario": 733359,
            "descuento": 0.16,
            "IVA": 0
        },
        {
            "codigo": "Hb4FYAgd7d",
            "total": 2,
            "valor_unitario": 472262,
            "descuento": 0.14,
            "IVA": 0
        },
        {
            "codigo": "kHGfuvTZ8M",
            "total": 1,
            "valor_unitario": 520229,
            "descuento": 0.24,
            "IVA": 5
        },
        {
            "codigo": "4gcvatZnsT",
            "total": 2,
            "valor_unitario": 29467,
            "descuento": 0.28,
            "IVA": 0
        },
        {
            "codigo": "9VJXu7X94b",
            "total": 7,
            "valor_unitario": 373479,
            "descuento": 0.41,
            "IVA": 0
        },
        {
            "codigo": "4q9nbWAlmi",
            "total": 10,
            "valor_unitario": 816861,
            "descuento": 0.39,
            "IVA": 0
        },
        {
            "codigo": "jCvSJkwtRP",
            "total": 3,
            "valor_unitario": 554711,
            "descuento": 0.21,
            "IVA": 5
        },
        {
            "codigo": "2uOFcf7yqS",
            "total": 8,
            "valor_unitario": 560549,
            "descuento": 0.41,
            "IVA": 19
        },
        {
            "codigo": "ZqIbwVLK0Q",
            "total": 2,
            "valor_unitario": 992749,
            "descuento": 0.27,
            "IVA": 19
        },
        {
            "codigo": "6cYTZzXk9q",
            "total": 17,
            "valor_unitario": 82727,
            "descuento": 0.23,
            "IVA": 19
        },
        {
            "codigo": "M6q78HI4vI",
            "total": 4,
            "valor_unitario": 559996,
            "descuento": 0.23,
            "IVA": 19
        },
        {
            "codigo": "RZHfBv7Nc2",
            "total": 9,
            "valor_unitario": 507521,
            "descuento": 0.2,
            "IVA": 0
        },
        {
            "codigo": "Dk4GdPogvF",
            "total": 11,
            "valor_unitario": 624157,
            "descuento": 0.4,
            "IVA": 5
        },
        {
            "codigo": "raWFMI28Nu",
            "total": 10,
            "valor_unitario": 430195,
            "descuento": 0.36,
            "IVA": 0
        },
        {
            "codigo": "ZlSbPX51sC",
            "total": 7,
            "valor_unitario": 645353,
            "descuento": 0.38,
            "IVA": 0
        },
        {
            "codigo": "fyVSdEYywo",
            "total": 2,
            "valor_unitario": 894112,
            "descuento": 0.13,
            "IVA": 0
        }
    ]
}