{
    "empresa_nit": "987654321",
    "empresa_ciudad": "BOGOTA",
    "empresa_sede": "alcaldia",
    "empresa_nombre": "FrutiBarato",
    "fecha_hora": "2021-07-07 20:21:57",
    "factura_num": "01315",
    "ciente_numero": 104898088,
    "pago_tipo": "TAR.CREDITO",
    "productos": [
        {
            "codigo": "vyQ7ghbILg",
            "total": 14,
            "valor_unitario": 189843,
            "descuento": 0.19,
            "IVA": 5
        },
        {
            "codigo": "s5qWOXExeI",
            "total": 4,
            "valor_unitario": 735110,
            "descuento": 0.29,
            "IVA": 19
        },
        {
            "codigo": "SbeHndYcK3",
            "total": 2,
            "valor_unitario": 459530,
            "descuento": 0.23,
            "IVA": 19
        },
        {
            "codigo": "7ihopX1Z3s",
            "total": 15,
            "valor_unitario": 157210,
            "descuento": 0.39,
            "IVA": 19
        },
        {
            "codigo": "4klR7WqViq",
            "total": 12,
            "valor_unitario": 998247,
            "descuento": 0.48,
            "IVA": 5
        },
        {
            "codigo": "ESg2Sl7nVj",
            "total": 13,
            "valor_unitario": 556104,
            "descuento": 0.33,
            "IVA": 5
        },
        {
            "codigo": "7peEJr2qmy",
            "total": 10,
            "valor_unitario": 53013,
            "descuento": 0.15,
            "IVA": 0
        },
        {
            "codigo": "0XJ0YZs8Jt",
            "total": 5,
            "valor_unitario": 20202,
            "descuento": 0.17,
            "IVA": 0
        },
        {
            "codigo": "V66v56KP4x",
            "total": 8,
            "valor_unitario": 207291,
            "descuento": 0.03,
            "IVA": 19
        },
        {
            "codigo": "1sFvHYJfcI",
            "total": 14,
            "valor_unitario": 940090,
            "descuento": 0.34,
            "IVA": 5
        },
        {
            "codigo": "zO2I3kfTGu",
            "total": 9,
            "valor_unitario": 110585,
            "descuento": 0.38,
            "IVA": 5
        },
        {
            "codigo": "cuWiW4isj9",
            "total": 10,
            "valor_unitario": 712690,
            "descuento": 0.13,
            "IVA": 5
        },
        {
            "codigo": "SHfVi7DPWg",
            "total": 6,
            "valor_unitario": 462100,
            "descuento": 0.08,
            "IVA": 5
        },
        {
            "codigo": "5y4Y2MKVfc",
            "total": 9,
            "valor_unitario": 588749,
            "descuento": 0.02,
            "IVA": 19
        },
        {
            "codigo": "GTDKUx5M2j",
            "total": 18,
            "valor_unitario": 795124,
            "descuento": 0.2,
            "IVA": 5
        },
        {
            "codigo": "gpuXRbZMwA",
            "total": 12,
            "valor_unitario": 143475,
            "descuento": 0.33,
            "IVA": 5
        },
        {
            "codigo": "ToMfAgMXTe",
            "total": 1,
            "valor_unitario": 441831,
            "descuento": 0.28,
            "IVA": 5
        },
        {
            "codigo": "In7vk4xKjv",
            "total": 6,
            "valor_unitario": 394047,
            "descuento": 0.2,
            "IVA": 0
        },
        {
            "codigo": "9NPa5HxFUe",
            "total": 5,
            "valor_unitario": 263828,
            "descuento": 0.16,
            "IVA": 0
        }
    ]
}