{
    "empresa_nit": "987654321",
    "empresa_ciudad": "TUNJA",
    "empresa_sede": "terminal",
    "empresa_nombre": "FrutiBarato",
    "fecha_hora": "2023-06-13 04:25:50",
    "factura_num": "01169",
    "ciente_numero": 654541683,
    "pago_tipo": "TAR.DEBITO",
    "productos": [
        {
            "codigo": "D51OMCyBtw",
            "total": 16,
            "valor_unitario": 466094,
            "descuento": 0.16,
            "IVA": 19
        },
        {
            "codigo": "s9Ffv0J3p3",
            "total": 16,
            "valor_unitario": 863242,
            "descuento": 0.42,
            "IVA": 0
        },
        {
            "codigo": "ClIDPy2WHT",
            "total": 6,
            "valor_unitario": 380354,
            "descuento": 0.46,
            "IVA": 5
        },
        {
            "codigo": "OaPSdoAWI1",
            "total": 15,
            "valor_unitario": 75218,
            "descuento": 0.25,
            "IVA": 0
        },
        {
            "codigo": "Fp4oV8O2Nu",
            "total": 3,
            "valor_unitario": 669642,
            "descuento": 0.23,
            "IVA": 19
        },
        {
            "codigo": "8tloW4dn6T",
            "total": 14,
            "valor_unitario": 197664,
            "descuento": 0.49,
            "IVA": 19
        },
        {
            "codigo": "TxEjKoyIdp",
            "total": 13,
            "valor_unitario": 626337,
            "descuento": 0.09,
            "IVA": 0
        },
        {
            "codigo": "0XPrH1ZqNf",
            "total": 10,
            "valor_unitario": 897217,
            "descuento": 0.47,
            "IVA": 5
        },
        {
            "codigo": "9pL56N0E7S",
            "total": 20,
            "valor_unitario": 425010,
            "descuento": 0.45,
            "IVA": 0
        },
        {
            "codigo": "DEAlDrXSoi",
            "total": 7,
            "valor_unitario": 100657,
            "descuento": 0.48,
            "IVA": 19
        },
        {
            "codigo": "haOdIT8NZR",
            "total": 5,
            "valor_unitario": 39678,
            "descuento": 0.02,
            "IVA": 5
        },
        {
            "codigo": "Fv9TZXHfvG",
            "total": 19,
            "valor_unitario": 421362,
            "descuento": 0.09,
            "IVA": 19
        },
        {
            "codigo": "P5x2vXnUm4",
            "total": 7,
            "valor_unitario": 500157,
            "descuento": 0.45,
            "IVA": 0
        },
        {
            "codigo": "dCPrcEzBRs",
            "total": 4,
            "valor_unitario": 437247,
            "descuento": 0.3,
            "IVA": 0
        }
    ]
}