{
    "empresa_nit": "987654321",
    "empresa_ciudad": "MEDELLIN",
    "empresa_sede": "alcaldia",
    "empresa_nombre": "FrutiBarato",
    "fecha_hora": "2022-11-19 08:56:18",
    "factura_num": "00107",
    "ciente_numero": 927460773,
    "pago_tipo": "EFECTIVO",
    "productos": [
        {
            "codigo": "Pcge3u14Wn",
            "total": 4,
            "valor_unitario": 911075,
            "descuento": 0.1,
            "IVA": 5
        },
        {
            "codigo": "qOrLvfiaEV",
            "total": 18,
            "valor_unitario": 112461,
            "descuento": 0.16,
            "IVA": 0
        }
    ]
}