{
    "empresa_nit": "987654321",
    "empresa_ciudad": "BOGOTA",
    "empresa_sede": "centro",
    "empresa_nombre": "FrutiBarato",
    "fecha_hora": "2022-12-04 09:35:48",
    "factura_num": "01180",
    "ciente_numero": 406167958,
    "pago_tipo": "TAR.CREDITO",
    "productos": [
        {
            "codigo": "rvsUSfV8lS",
            "total": 8,
            "valor_unitario": 55081,
            "descuento": 0.3,
            "IVA": 5
        },
        {
            "codigo": "2EFohQsAPv",
            "total": 5,
            "valor_unitario": 909317,
            "descuento": 0.23,
            "IVA": 5
        },
        {
            "codigo": "gZtj2fIpTq",
            "total": 15,
            "valor_unitario": 929242,
            "descuento": 0.09,
            "IVA": 19
        },
        {
            "codigo": "xBGZSU8Z4H",
            "total": 16,
            "valor_unitario": 443203,
            "descuento": 0.19,
            "IVA": 5
        },
        {
            "codigo": "IheKRo9uYo",
            "total": 10,
            "valor_unitario": 907772,
            "descuento": 0.4,
            "IVA": 19
        },
        {
            "codigo": "45JE4ZnkIs",
            "total": 17,
            "valor_unitario": 815832,
            "descuento": 0.31,
            "IVA": 19
        },
        {
            "codigo": "CZaSnEQXGS",
            "total": 10,
            "valor_unitario": 645572,
            "descuento": 0.3,
            "IVA": 5
        },
        {
            "codigo": "3IZBUlnJpj",
            "total": 9,
            "valor_unitario": 422434,
            "descuento": 0.48,
            "IVA": 5
        },
        {
            "codigo": "5rQL4Z2Q7q",
            "total": 10,
            "valor_unitario": 598494,
            "descuento": 0.11,
            "IVA": 5
        },
        {
            "codigo": "TQOMnYS9Rq",
            "total": 20,
            "valor_unitario": 205190,
            "descuento": 0.41,
            "IVA": 19
        },
        {
            "codigo": "ObPf9a6RTV",
            "total": 14,
            "valor_unitario": 7619,
            "descuento": 0.49,
            "IVA": 0
        },
        {
            "codigo": "qDdEMHGX7a",
            "total": 6,
            "valor_unitario": 445339,
            "descuento": 0.43,
            "IVA": 0
        },
        {
            "codigo": "N9LpjDfhjH",
            "total": 10,
            "valor_unitario": 634408,
            "descuento": 0.1,
            "IVA": 0
        }
    ]
}