{
    "empresa_nit": "987654321",
    "empresa_ciudad": "MEDELLIN",
    "empresa_sede": "terminal",
    "empresa_nombre": "FrutiBarato",
    "fecha_hora": "2022-12-22 19:17:47",
    "factura_num": "01248",
    "ciente_numero": 437358246,
    "pago_tipo": "TAR.DEBITO",
    "productos": [
        {
            "codigo": "UnF4VjEQ9W",
            "total": 3,
            "valor_unitario": 207293,
            "descuento": 0.5,
            "IVA": 19
        },
        {
            "codigo": "kX74DE31jS",
            "total": 11,
            "valor_unitario": 791614,
            "descuento": 0.12,
            "IVA": 0
        },
        {
            "codigo": "IBj8jtCcYh",
            "total": 10,
            "valor_unitario": 592323,
            "descuento": 0.49,
            "IVA": 0
        },
        {
            "codigo": "Wgwjej7dm7",
            "total": 19,
            "valor_unitario": 2007,
            "descuento": 0.03,
            "IVA": 19
        },
        {
            "codigo": "z9zHJZEPmw",
            "total": 9,
            "valor_unitario": 97240,
            "descuento": 0.39,
            "IVA": 19
        },
        {
            "codigo": "YxlCYfKtcF",
            "total": 6,
            "valor_unitario": 509480,
            "descuento": 0.4,
            "IVA": 0
        },
        {
            "codigo": "FpTrYVYtCP",
            "total": 1,
            "valor_unitario": 767281,
            "descuento": 0.12,
            "IVA": 0
        },
        {
            "codigo": "TObuGVzmzi",
            "total": 9,
            "valor_unitario": 257816,
            "descuento": 0.36,
            "IVA": 19
        },
        {
            "codigo": "lR4Asn1cKz",
            "total": 17,
            "valor_unitario": 258671,
            "descuento": 0.08,
            "IVA": 5
        },
        {
            "codigo": "BSzgRlVHyJ",
            "total": 9,
            "valor_unitario": 700356,
            "descuento": 0.31,
            "IVA": 0
        },
        {
            "codigo": "ORWjHoJSK9",
            "total": 7,
            "valor_unitario": 993188,
            "descuento": 0.22,
            "IVA": 19
        }
    ]
}