{
    "empresa_nit": "987654321",
    "empresa_ciudad": "TUNJA",
    "empresa_sede": "terminal",
    "empresa_nombre": "FrutiBarato",
    "fecha_hora": "2021-09-13 09:09:33",
    "factura_num": "01192",
    "ciente_numero": 426532712,
    "pago_tipo": "TRANFERENCIA",
    "productos": [
        {
            "codigo": "ZDBEnorVqV",
            "total": 10,
            "valor_unitario": 218219,
            "descuento": 0.11,
            "IVA": 0
        },
        {
            "codigo": "IlkB5iRvbT",
            "total": 2,
            "valor_unitario": 6215,
            "descuento": 0.25,
            "IVA": 19
        },
        {
            "codigo": "DQnH1GtP3U",
            "total": 16,
            "valor_unitario": 640803,
            "descuento": 0.25,
            "IVA": 5
        },
        {
            "codigo": "u7LUgHlKkw",
            "total": 10,
            "valor_unitario": 296753,
            "descuento": 0.39,
            "IVA": 5
        },
        {
            "codigo": "95sNQQA5RK",
            "total": 4,
            "valor_unitario": 504798,
            "descuento": 0.28,
            "IVA": 19
        },
        {
            "codigo": "43V1PD8xsz",
            "total": 10,
            "valor_unitario": 489605,
            "descuento": 0.34,
            "IVA": 19
        },
        {
            "codigo": "2c8qAns9sl",
            "total": 5,
            "valor_unitario": 647103,
            "descuento": 0.33,
            "IVA": 19
        },
        {
            "codigo": "86JCpZu2JP",
            "total": 2,
            "valor_unitario": 773199,
            "descuento": 0.17,
            "IVA": 19
        },
        {
            "codigo": "e3gkCsM2xN",
            "total": 10,
            "valor_unitario": 40808,
            "descuento": 0.38,
            "IVA": 5
        }
    ]
}