{
    "empresa_nit": "987654321",
    "empresa_ciudad": "TUNJA",
    "empresa_sede": "terminal",
    "empresa_nombre": "FrutiBarato",
    "fecha_hora": "2020-07-08 11:15:25",
    "factura_num": "01028",
    "ciente_numero": 794981421,
    "pago_tipo": "TAR.CREDITO",
    "productos": [
        {
            "codigo": "SW0O7tTxe5",
            "total": 13,
            "valor_unitario": 473848,
            "descuento": 0.14,
            "IVA": 0
        },
        {
            "codigo": "HoSr6GSuZb",
            "total": 20,
            "valor_unitario": 722067,
            "descuento": 0.24,
            "IVA": 0
        },
        {
            "codigo": "srqxgZlxaD",
            "total": 6,
            "valor_unitario": 392932,
            "descuento": 0.2,
            "IVA": 0
        },
        {
            "codigo": "nm5nRBYUeN",
            "total": 10,
            "valor_unitario": 745314,
            "descuento": 0.13,
            "IVA": 0
        },
        {
            "codigo": "XovKxwkQsw",
            "total": 19,
            "valor_unitario": 19538,
            "descuento": 0.48,
            "IVA": 5
        },
        {
            "codigo": "PPbQQomw3j",
            "total": 8,
            "valor_unitario": 716086,
            "descuento": 0.21,
            "IVA": 0
        }
    ]
}