{
    "empresa_nit": "987654321",
    "empresa_ciudad": "CALI",
    "empresa_sede": "autopista",
    "empresa_nombre": "FrutiBarato",
    "fecha_hora": "2023-03-26 17:14:19",
    "factura_num": "01197",
    "ciente_numero": 460650190,
    "pago_tipo": "EFECTIVO",
    "productos": [
        {
            "codigo": "a3d76OrXNb",
            "total": 5,
            "valor_unitario": 248454,
            "descuento": 0.31,
            "IVA": 19
        },
        {
            "codigo": "ydtfdBSq83",
            "total": 2,
            "valor_unitario": 388062,
            "descuento": 0.07,
            "IVA": 0
        },
        {
            "codigo": "WqhAcc724B",
            "total": 16,
            "valor_unitario": 763175,
            "descuento": 0.36,
            "IVA": 0
        },
        {
            "codigo": "HOxOpc6uf7",
            "total": 16,
            "valor_unitario": 387460,
            "descuento": 0.38,
            "IVA": 19
        },
        {
            "codigo": "XYkUzaEvpg",
            "total": 5,
            "valor_unitario": 154090,
            "descuento": 0.31,
            "IVA": 0
        },
        {
            "codigo": "WfdVNBuWXl",
            "total": 12,
            "valor_unitario": 467880,
            "descuento": 0.21,
            "IVA": 5
        },
        {
            "codigo": "y1q1pvcaCc",
            "total": 1,
            "valor_unitario": 793942,
            "descuento": 0.34,
            "IVA": 19
        },
        {
            "codigo": "clDxvdejws",
            "total": 8,
            "valor_unitario": 72207,
            "descuento": 0.02,
            "IVA": 19
        },
        {
            "codigo": "koSTsnV7fB",
            "total": 8,
            "valor_unitario": 831361,
            "descuento": 0.33,
            "IVA": 5
        },
        {
            "codigo": "M9h6AgYaP9",
            "total": 16,
            "valor_unitario": 606528,
            "descuento": 0.47,
            "IVA": 0
        },
        {
            "codigo": "3ZZZUlwnsN",
            "total": 17,
            "valor_unitario": 794447,
            "descuento": 0.23,
            "IVA": 19
        },
        {
            "codigo": "9DuA72P0i7",
            "total": 6,
            "valor_unitario": 290683,
            "descuento": 0.14,
            "IVA": 0
        },
        {
            "codigo": "735IhHfP80",
            "total": 18,
            "valor_unitario": 881050,
            "descuento": 0.34,
            "IVA": 5
        },
        {
            "codigo": "sB2Wx77BxX",
            "total": 2,
            "valor_unitario": 968426,
            "descuento": 0.27,
            "IVA": 0
        },
        {
            "codigo": "AKQN1ecUcZ",
            "total": 8,
            "valor_unitario": 319668,
            "descuento": 0.46,
            "IVA": 5
        }
    ]
}