{
    "empresa_nit": "987654321",
    "empresa_ciudad": "BOGOTA",
    "empresa_sede": "terminal",
    "empresa_nombre": "FrutiBarato",
    "fecha_hora": "2023-01-14 15:51:41",
    "factura_num": "01018",
    "ciente_numero": 593277593,
    "pago_tipo": "TAR.CREDITO",
    "productos": [
        {
            "codigo": "V4effrd60f",
            "total": 18,
            "valor_unitario": 859353,
            "descuento": 0.24,
            "IVA": 0
        },
        {
            "codigo": "CK7jDDETX3",
            "total": 5,
            "valor_unitario": 790116,
            "descuento": 0.07,
            "IVA": 19
        },
        {
            "codigo": "D46W6R8IhT",
            "total": 13,
            "valor_unitario": 608912,
            "descuento": 0.06,
            "IVA": 19
        },
        {
            "codigo": "9kuB9UuTmt",
            "total": 13,
            "valor_unitario": 558170,
            "descuento": 0.31,
            "IVA": 19
        },
        {
            "codigo": "0jzhKJCXYB",
            "total": 18,
            "valor_unitario": 792763,
            "descuento": 0.1,
            "IVA": 5
        },
        {
            "codigo": "fEfSkInQws",
            "total": 6,
            "valor_unitario": 116157,
            "descuento": 0.1,
            "IVA": 19
        },
        {
            "codigo": "1o1A6i7VPb",
            "total": 3,
            "valor_unitario": 222829,
            "descuento": 0.34,
            "IVA": 0
        },
        {
            "codigo": "6sYuZcfVkl",
            "total": 14,
            "valor_unitario": 119386,
            "descuento": 0.41,
            "IVA": 0
        },
        {
            "codigo": "89g0wiSLLB",
            "total": 4,
            "valor_unitario": 850019,
            "descuento": 0.4,
            "IVA": 19
        },
        {
            "codigo": "DjGdIeerSJ",
            "total": 16,
            "valor_unitario": 678681,
            "descuento": 0.19,
            "IVA": 5
        },
        {
            "codigo": "hVk7wpxVvp",
            "total": 4,
            "valor_unitario": 389382,
            "descuento": 0.09,
            "IVA": 19
        },
        {
            "codigo": "SFmQJc9cOS",
            "total": 10,
            "valor_unitario": 786527,
            "descuento": 0.04,
            "IVA": 0
        },
        {
            "codigo": "G9zmDS69ws",
            "total": 7,
            "valor_unitario": 642910,
            "descuento": 0.4,
            "IVA": 5
        },
        {
            "codigo": "5mSzjAm0UL",
            "total": 1,
            "valor_unitario": 851010,
            "descuento": 0.38,
            "IVA": 5
        },
        {
            "codigo": "Oz8Q8FcWYD",
            "total": 14,
            "valor_unitario": 466056,
            "descuento": 0.02,
            "IVA": 0
        },
        {
            "codigo": "5CWuNok7Pf",
            "total": 18,
            "valor_unitario": 790461,
            "descuento": 0.46,
            "IVA": 0
        },
        {
            "codigo": "JFeNOuWduT",
            "total": 2,
            "valor_unitario": 872685,
            "descuento": 0.21,
            "IVA": 5
        },
        {
            "codigo": "DVYfwPghEp",
            "total": 10,
            "valor_unitario": 720934,
            "descuento": 0.07,
            "IVA": 5
        },
        {
            "codigo": "lno2bL6Di4",
            "total": 9,
            "valor_unitario": 736742,
            "descuento": 0.23,
            "IVA": 0
        },
        {
            "codigo": "Yo9teqEi3x",
            "total": 1,
            "valor_unitario": 200410,
            "descuento": 0.19,
            "IVA": 5
        }
    ]
}