{
    "empresa_nit": "987654321",
    "empresa_ciudad": "TUNJA",
    "empresa_sede": "centro",
    "empresa_nombre": "FrutiBarato",
    "fecha_hora": "2023-10-16 10:24:36",
    "factura_num": "01415",
    "ciente_numero": 799157574,
    "pago_tipo": "TAR.DEBITO",
    "productos": [
        {
            "codigo": "FfOeQPuNAy",
            "total": 18,
            "valor_unitario": 592621,
            "descuento": 0.38,
            "IVA": 0
        },
        {
            "codigo": "70pnbt2Pea",
            "total": 7,
            "valor_unitario": 924146,
            "descuento": 0.1,
            "IVA": 0
        },
        {
            "codigo": "jdbK8QwTwH",
            "total": 5,
            "valor_unitario": 108846,
            "descuento": 0.04,
            "IVA": 5
        },
        {
            "codigo": "c2Q80nsVKD",
            "total": 3,
            "valor_unitario": 487886,
            "descuento": 0.21,
            "IVA": 19
        },
        {
            "codigo": "R3iRtY6TyQ",
            "total": 4,
            "valor_unitario": 941248,
            "descuento": 0.4,
            "IVA": 5
        },
        {
            "codigo": "adL0h8Crm7",
            "total": 20,
            "valor_unitario": 249686,
            "descuento": 0.3,
            "IVA": 5
        },
        {
            "codigo": "AthULQ8Vw8",
            "total": 14,
            "valor_unitario": 557104,
            "descuento": 0.46,
            "IVA": 5
        },
        {
            "codigo": "3TpyXsZzyh",
            "total": 16,
            "valor_unitario": 17060,
            "descuento": 0.08,
            "IVA": 19
        },
        {
            "codigo": "3gYMeA6IDO",
            "total": 18,
            "valor_unitario": 827040,
            "descuento": 0.49,
            "IVA": 5
        },
        {
            "codigo": "1mvyKOgela",
            "total": 8,
            "valor_unitario": 467199,
            "descuento": 0.01,
            "IVA": 19
        },
        {
            "codigo": "6tEpPaNiP4",
            "total": 17,
            "valor_unitario": 658704,
            "descuento": 0.02,
            "IVA": 5
        },
        {
            "codigo": "vHYoDFdpnt",
            "total": 12,
            "valor_unitario": 552970,
            "descuento": 0.05,
            "IVA": 0
        },
        {
            "codigo": "EDINOgMEvS",
            "total": 2,
            "valor_unitario": 938669,
            "descuento": 0.24,
            "IVA": 5
        },
        {
            "codigo": "TGdOOx3udl",
            "total": 19,
            "valor_unitario": 806705,
            "descuento": 0.44,
            "IVA": 19
        }
    ]
}