{
    "empresa_nit": "987654321",
    "empresa_ciudad": "MEDELLIN",
    "empresa_sede": "terminal",
    "empresa_nombre": "FrutiBarato",
    "fecha_hora": "2021-02-20 17:11:12",
    "factura_num": "01418",
    "ciente_numero": 440251237,
    "pago_tipo": "EFECTIVO",
    "productos": [
        {
            "codigo": "wj5XX3KBhx",
            "total": 13,
            "valor_unitario": 403171,
            "descuento": 0.04,
            "IVA": 19
        },
        {
            "codigo": "FavVktQjTW",
            "total": 15,
            "valor_unitario": 940802,
            "descuento": 0.08,
            "IVA": 0
        },
        {
            "codigo": "0Yp9FfY1o7",
            "total": 12,
            "valor_unitario": 185606,
            "descuento": 0.02,
            "IVA": 19
        },
        {
            "codigo": "teKdxwBayE",
            "total": 9,
            "valor_unitario": 940902,
            "descuento": 0.17,
            "IVA": 5
        },
        {
            "codigo": "KradNyJRAu",
            "total": 17,
            "valor_unitario": 410905,
            "descuento": 0.39,
            "IVA": 5
        },
        {
            "codigo": "mtbzmigoN2",
            "total": 8,
            "valor_unitario": 647878,
            "descuento": 0.49,
            "IVA": 0
        }
    ]
}