{
    "empresa_nit": "987654321",
    "empresa_ciudad": "CALI",
    "empresa_sede": "alcaldia",
    "empresa_nombre": "FrutiBarato",
    "fecha_hora": "2021-09-01 17:49:48",
    "factura_num": "01184",
    "ciente_numero": 138621831,
    "pago_tipo": "TAR.CREDITO",
    "productos": [
        {
            "codigo": "PmPDN9bdkn",
            "total": 7,
            "valor_unitario": 604112,
            "descuento": 0.07,
            "IVA": 5
        },
        {
            "codigo": "NpxsSkx2sZ",
            "total": 4,
            "valor_unitario": 552193,
            "descuento": 0.42,
            "IVA": 5
        },
        {
            "codigo": "fhrrBW8tXr",
            "total": 20,
            "valor_unitario": 196370,
            "descuento": 0.22,
            "IVA": 19
        },
        {
            "codigo": "TxU6lyWpMs",
            "total": 19,
            "valor_unitario": 599994,
            "descuento": 0.22,
            "IVA": 5
        },
        {
            "codigo": "L2n203VdnR",
            "total": 17,
            "valor_unitario": 555683,
            "descuento": 0.41,
            "IVA": 5
        }
    ]
}