{
    "empresa_nit": "987654321",
    "empresa_ciudad": "MEDELLIN",
    "empresa_sede": "autopista",
    "empresa_nombre": "FrutiBarato",
    "fecha_hora": "2025-01-26 04:13:45",
    "factura_num": "01374",
    "ciente_numero": 97468485,
    "pago_tipo": "TAR.DEBITO",
    "productos": [
        {
            "codigo": "nyEe860M4U",
            "total": 5,
            "valor_unitario": 442092,
            "descuento": 0.31,
            "IVA": 0
        },
        {
            "codigo": "e8KuGQDDcA",
            "total": 6,
            "valor_unitario": 555954,
            "descuento": 0.48,
            "IVA": 5
        },
        {
            "codigo": "TTsZOXTEI2",
            "total": 7,
            "valor_unitario": 268803,
            "descuento": 0.25,
            "IVA": 19
        },
        {
            "codigo": "sz9rN6klC4",
            "total": 10,
            "valor_unitario": 323774,
            "descuento": 0.26,
            "IVA": 0
        },
        {
            "codigo": "unybfQ022Q",
            "total": 8,
            "valor_unitario": 534517,
            "descuento": 0.14,
            "IVA": 19
        },
        {
            "codigo": "hUoRWYayZC",
            "total": 10,
            "valor_unitario": 623863,
            "descuento": 0.0,
            "IVA": 19
        },
        {
            "codigo": "kccem2lkUT",
            "total": 13,
            "valor_unitario": 387243,
            "descuento": 0.47,
            "IVA": 5
        },
        {
            "codigo": "LYvo6bNOoN",
            "total": 13,
            "valor_unitario": 509829,
            "descuento": 0.35,
            "IVA": 5
        },
        {
            "codigo": "7C97adcjX7",
            "total": 19,
            "valor_unitario": 701840,
            "descuento": 0.05,
            "IVA": 19
        },
        {
            "codigo": "sftsXtMJiZ",
            "total": 7,
            "valor_unitario": 333076,
            "descuento": 0.42,
            "IVA": 0
        },
        {
            "codigo": "JeGMKry9ch",
            "total": 7,
            "valor_unitario": 284729,
            "descuento": 0.49,
            "IVA": 0
        }
    ]
}