{
    "empresa_nit": "987654321",
    "empresa_ciudad": "MEDELLIN",
    "empresa_sede": "centro",
    "empresa_nombre": "FrutiBarato",
    "fecha_hora": "2023-04-09 12:56:03",
    "factura_num": "01214",
    "ciente_numero": 501316205,
    "pago_tipo": "TRANFERENCIA",
    "productos": [
        {
            "codigo": "jDimnh9E0J",
            "total": 1,
            "valor_unitario": 37168,
            "descuento": 0.19,
            "IVA": 19
        },
        {
            "codigo": "v3KEH1tKJj",
            "total": 4,
            "valor_unitario": 294615,
            "descuento": 0.22,
            "IVA": 0
        },
        {
            "codigo": "Xha4pJIgnU",
            "total": 17,
            "valor_unitario": 264023,
            "descuento": 0.4,
            "IVA": 5
        },
        {
            "codigo": "hvMmNxm0vH",
            "total": 10,
            "valor_unitario": 193710,
            "descuento": 0.19,
            "IVA": 19
        },
        {
            "codigo": "gnnT7qbgqt",
            "total": 11,
            "valor_unitario": 954460,
            "descuento": 0.29,
            "IVA": 0
        },
        {
            "codigo": "PQrRpzUyNJ",
            "total": 11,
            "valor_unitario": 400447,
            "descuento": 0.4,
            "IVA": 5
        },
        {
            "codigo": "rzfCZ3RqUI",
            "total": 10,
            "valor_unitario": 741085,
            "descuento": 0.1,
            "IVA": 5
        },
        {
            "codigo": "HTZtG9AfCP",
            "total": 14,
            "valor_unitario": 329241,
            "descuento": 0.28,
            "IVA": 19
        },
        {
            "codigo": "eCZa6qaaQX",
            "total": 11,
            "valor_unitario": 634471,
            "descuento": 0.18,
            "IVA": 5
        },
        {
            "codigo": "zgLuzfVIWt",
            "total": 15,
            "valor_unitario": 647132,
            "descuento": 0.09,
            "IVA": 5
        },
        {
            "codigo": "nZkysJA2zc",
            "total": 7,
            "valor_unitario": 781466,
            "descuento": 0.21,
            "IVA": 0
        },
        {
            "codigo": "g1YGTPe6Jw",
            "total": 19,
            "valor_unitario": 136347,
            "descuento": 0.18,
            "IVA": 19
        },
        {
            "codigo": "kEKvZkyvMD",
            "total": 10,
            "valor_unitario": 943545,
            "descuento": 0.42,
            "IVA": 0
        },
        {
            "codigo": "BJTGwkPZ61",
            "total": 14,
            "valor_unitario": 727408,
            "descuento": 0.33,
            "IVA": 19
        },
        {
            "codigo": "2OX6VbOKVu",
            "total": 15,
            "valor_unitario": 259406,
            "descuento": 0.41,
            "IVA": 0
        }
    ]
}