{
    "empresa_nit": "987654321",
    "empresa_ciudad": "MEDELLIN",
    "empresa_sede": "plaza",
    "empresa_nombre": "FrutiBarato",
    "fecha_hora": "2022-02-26 10:47:45",
    "factura_num": "01363",
    "ciente_numero": 73573668,
    "pago_tipo": "TAR.DEBITO",
    "productos": [
        {
            "codigo": "ivjEA6AWAq",
            "total": 15,
            "valor_unitario": 415662,
            "descuento": 0.13,
            "IVA": 5
        },
        {
            "codigo": "4ivIdQNU5A",
            "total": 7,
            "valor_unitario": 713985,
            "descuento": 0.15,
            "IVA": 0
        },
        {
            "codigo": "VAyz4hIAlh",
            "total": 9,
            "valor_unitario": 281458,
            "descuento": 0.2,
            "IVA": 0
        },
        {
            "codigo": "7AOtA7mmkJ",
            "total": 12,
            "valor_unitario": 920125,
            "descuento": 0.33,
            "IVA": 0
        },
        {
            "codigo": "51ckiQBAfU",
            "total": 19,
            "valor_unitario": 483702,
            "descuento": 0.42,
            "IVA": 19
        },
        {
            "codigo": "cBzjIAx7GL",
            "total": 11,
            "valor_unitario": 938283,
            "descuento": 0.38,
            "IVA": 0
        },
        {
            "codigo": "8wycWJLK78",
            "total": 7,
            "valor_unitario": 471779,
            "descuento": 0.2,
            "IVA": 19
        },
        {
            "codigo": "L1oOfYTJRR",
            "total": 12,
            "valor_unitario": 444766,
            "descuento": 0.49,
            "IVA": 0
        },
        {
            "codigo": "NvNInuaSIU",
            "total": 3,
            "valor_unitario": 38537,
            "descuento": 0.14,
            "IVA": 19
        },
        {
            "codigo": "XRJA3QA6Jp",
            "total": 15,
            "valor_unitario": 774182,
            "descuento": 0.1,
            "IVA": 19
        },
        {
            "codigo": "LtWiPCIZVp",
            "total": 9,
            "valor_unitario": 745956,
            "descuento": 0.24,
            "IVA": 5
        },
        {
            "codigo": "sT0qsQNOkZ",
            "total": 12,
            "valor_unitario": 810872,
            "descuento": 0.13,
            "IVA": 0
        },
        {
            "codigo": "rD71IpHRyX",
            "total": 3,
            "valor_unitario": 576395,
            "descuento": 0.02,
            "IVA": 5
        },
        {
            "codigo": "efWhY7kdY9",
            "total": 18,
            "valor_unitario": 539103,
            "descuento": 0.0,
            "IVA": 19
        },
        {
            "codigo": "VgbxHg7zFg",
            "total": 12,
            "valor_unitario": 285545,
            "descuento": 0.4,
            "IVA": 19
        },
        {
            "codigo": "dE1sYk5Btf",
            "total": 5,
            "valor_unitario": 496232,
            "descuento": 0.49,
            "IVA": 19
        }
    ]
}