{
    "empresa_nit": "987654321",
    "empresa_ciudad": "TUNJA",
    "empresa_sede": "aeropuerto",
    "empresa_nombre": "FrutiBarato",
    "fecha_hora": "2020-05-10 23:08:16",
    "factura_num": "01191",
    "ciente_numero": 149808204,
    "pago_tipo": "TAR.CREDITO",
    "productos": [
        {
            "codigo": "FXm63mFPO2",
            "total": 4,
            "valor_unitario": 749222,
            "descuento": 0.04,
            "IVA": 0
        },
        {
            "codigo": "pD2CE4RUvB",
            "total": 19,
            "valor_unitario": 452889,
            "descuento": 0.32,
            "IVA": 5
        },
        {
            "codigo": "5ZnwuYP5xg",
            "total": 8,
            "valor_unitario": 803997,
            "descuento": 0.05,
            "IVA": 19
        },
        {
            "codigo": "Itcyaydauh",
            "total": 8,
            "valor_unitario": 790988,
            "descuento": 0.35,
            "IVA": 0
        },
        {
            "codigo": "JqOnJGhvi5",
            "total": 8,
            "valor_unitario": 226588,
            "descuento": 0.37,
            "IVA": 0
        },
        {
            "codigo": "sjd39CQK7W",
            "total": 18,
            "valor_unitario": 888312,
            "descuento": 0.26,
            "IVA": 19
        },
        {
            "codigo": "3kuEfkJnHu",
            "total": 3,
            "valor_unitario": 848250,
            "descuento": 0.02,
            "IVA": 0
        }
    ]
}