{
    "empresa_nit": "987654321",
    "empresa_ciudad": "TUNJA",
    "empresa_sede": "aeropuerto",
    "empresa_nombre": "FrutiBarato",
    "fecha_hora": "2020-02-06 18:25:25",
    "factura_num": "01330",
    "ciente_numero": 153078750,
    "pago_tipo": "TAR.CREDITO",
    "productos": [
        {
            "codigo": "xA0BIAtChF",
            "total": 8,
            "valor_unitario": 914863,
            "descuento": 0.04,
            "IVA": 0
        },
        {
            "codigo": "e3tB31nRRi",
            "total": 13,
            "valor_unitario": 546587,
            "descuento": 0.01,
            "IVA": 5
        },
        {
            "codigo": "3vAzDvLsOg",
            "total": 7,
            "valor_unitario": 735667,
            "descuento": 0.35,
            "IVA": 19
        },
        {
            "codigo": "8Ez4aOHzsm",
            "total": 17,
            "valor_unitario": 258644,
            "descuento": 0.15,
            "IVA": 0
        },
        {
            "codigo": "HH4Ap00RCL",
            "total": 3,
            "valor_unitario": 321154,
            "descuento": 0.31,
            "IVA": 5
        },
        {
            "codigo": "FX7mWUAq9X",
            "total": 15,
            "valor_unitario": 232946,
            "descuento": 0.07,
            "IVA": 0
        },
        {
            "codigo": "E0ySdgBSDT",
            "total": 1,
            "valor_unitario": 896725,
            "descuento": 0.28,
            "IVA": 5
        },
        {
            "codigo": "Q3vQdtvaWp",
            "total": 10,
            "valor_unitario": 827724,
            "descuento": 0.27,
            "IVA": 5
        },
        {
            "codigo": "EOhe4pxKE4",
            "total": 11,
            "valor_unitario": 869643,
            "descuento": 0.17,
            "IVA": 5
        },
        {
            "codigo": "iMpaYpqYD9",
            "total": 13,
            "valor_unitario": 57078,
            "descuento": 0.42,
            "IVA": 0
        }
    ]
}