{
    "empresa_nit": "987654321",
    "empresa_ciudad": "TUNJA",
    "empresa_sede": "terminal",
    "empresa_nombre": "FrutiBarato",
    "fecha_hora": "2023-10-13 03:32:03",
    "factura_num": "01300",
    "ciente_numero": 145624842,
    "pago_tipo": "TAR.CREDITO",
    "productos": [
        {
            "codigo": "r5k9j2Z6l6",
            "total": 3,
            "valor_unitario": 152735,
            "descuento": 0.27,
            "IVA": 5
        },
        {
            "codigo": "hCe4O9mKpb",
            "total": 18,
            "valor_unitario": 639499,
            "descuento": 0.06,
            "IVA": 5
        },
        {
            "codigo": "VqaQJeh4TH",
            "total": 2,
            "valor_unitario": 794184,
            "descuento": 0.42,
            "IVA": 5
        },
        {
            "codigo": "G7nhZQLbOJ",
            "total": 4,
            "valor_unitario": 234143,
            "descuento": 0.32,
            "IVA": 19
        },
        {
            "codigo": "n0Zm4UGgDu",
            "total": 18,
            "valor_unitario": 663831,
            "descuento": 0.09,
            "IVA": 0
        },
        {
            "codigo": "0AaPZ29hGe",
            "total": 6,
            "valor_unitario": 729709,
            "descuento": 0.21,
            "IVA": 19
        },
        {
            "codigo": "mdYbrdk8ZM",
            "total": 10,
            "valor_unitario": 858065,
            "descuento": 0.04,
            "IVA": 0
        },
        {
            "codigo": "sfKMLYC33D",
            "total": 8,
            "valor_unitario": 79917,
            "descuento": 0.13,
            "IVA": 0
        },
        {
            "codigo": "AnVJSUPb2N",
            "total": 10,
            "valor_unitario": 675274,
            "descuento": 0.13,
            "IVA": 0
        },
        {
            "codigo": "Lw9kayDcDz",
            "total": 12,
            "valor_unitario": 843190,
            "descuento": 0.43,
            "IVA": 0
        },
        {
            "codigo": "Xj0mpvwyKk",
            "total": 12,
            "valor_unitario": 925897,
            "descuento": 0.47,
            "IVA": 5
        },
        {
            "codigo": "PImreqmA7A",
            "total": 10,
            "valor_unitario": 218327,
            "descuento": 0.29,
            "IVA": 5
        },
        {
            "codigo": "pvGkLpaJ3J",
            "total": 15,
            "valor_unitario": 537300,
            "descuento": 0.27,
            "IVA": 19
        },
        {
            "codigo": "ebvcah3uIG",
            "total": 16,
            "valor_unitario": 469702,
            "descuento": 0.04,
            "IVA": 19
        },
        {
            "codigo": "pz96hpCqSB",
            "total": 14,
            "valor_unitario": 737721,
            "descuento": 0.18,
            "IVA": 19
        }
    ]
}