{
    "empresa_nit": "987654321",
    "empresa_ciudad": "CALI",
    "empresa_sede": "plaza",
    "empresa_nombre": "FrutiBarato",
    "fecha_hora": "2024-08-19 21:44:20",
    "factura_num": "01208",
    "ciente_numero": 607150350,
    "pago_tipo": "TAR.CREDITO",
    "productos": [
        {
            "codigo": "ue3IhxSBYB",
            "total": 4,
            "valor_unitario": 714933,
            "descuento": 0.03,
            "IVA": 5
        },
        {
            "codigo": "QRTSIpLlsy",
            "total": 9,
            "valor_unitario": 24507,
            "descuento": 0.04,
            "IVA": 0
        },
        {
            "codigo": "rWUcG9Gmrm",
            "total": 15,
            "valor_unitario": 493956,
            "descuento": 0.15,
            "IVA": 0
        },
        {
            "codigo": "dyZaYvUwKY",
            "total": 14,
            "valor_unitario": 107338,
            "descuento": 0.41,
            "IVA": 0
        },
        {
            "codigo": "IjJuzTUcPe",
            "total": 9,
            "valor_unitario": 127894,
            "descuento": 0.09,
            "IVA": 0
        },
        {
            "codigo": "BKNoBjQFBF",
            "total": 6,
            "valor_unitario": 765698,
            "descuento": 0.16,
            "IVA": 19
        },
        {
            "codigo": "sTvohsr1Nn",
            "total": 10,
            "valor_unitario": 771420,
            "descuento": 0.34,
            "IVA": 5
        },
        {
            "codigo": "CsF3ppcuXF",
            "total": 3,
            "valor_unitario": 649475,
            "descuento": 0.13,
            "IVA": 19
        },
        {
            "codigo": "H7nxUYXJ7d",
            "total": 15,
            "valor_unitario": 315777,
            "descuento": 0.3,
            "IVA": 5
        },
        {
            "codigo": "BeqNBphNhM",
            "total": 15,
            "valor_unitario": 549781,
            "descuento": 0.02,
            "IVA": 19
        },
        {
            "codigo": "IeGxKRF6qh",
            "total": 5,
            "valor_unitario": 105871,
            "descuento": 0.08,
            "IVA": 0
        },
        {
            "codigo": "lpqJGNcXDK",
            "total": 18,
            "valor_unitario": 925115,
            "descuento": 0.04,
            "IVA": 19
        },
        {
            "codigo": "VfANJIVpcT",
            "total": 11,
            "valor_unitario": 902081,
            "descuento": 0.27,
            "IVA": 5
        },
        {
            "codigo": "NZ998jmSUm",
            "total": 7,
            "valor_unitario": 726866,
            "descuento": 0.29,
            "IVA": 19
        },
        {
            "codigo": "MbZf5sikkF",
            "total": 19,
            "valor_unitario": 422201,
            "descuento": 0.22,
            "IVA": 5
        },
        {
            "codigo": "Hj0RFCyKTU",
            "total": 16,
            "valor_unitario": 192572,
            "descuento": 0.34,
            "IVA": 19
        },
        {
            "codigo": "7TlRuTw4kF",
            "total": 16,
            "valor_unitario": 235122,
            "descuento": 0.12,
            "IVA": 5
        },
        {
            "codigo": "IGHY8wQuZQ",
            "total": 1,
            "valor_unitario": 530737,
            "descuento": 0.5,
            "IVA": 5
        },
        {
            "codigo": "DgTaiDb3xo",
            "total": 2,
            "valor_unitario": 914676,
            "descuento": 0.0,
            "IVA": 0
        },
        {
            "codigo": "1bcFVVuYrp",
            "total": 3,
            "valor_unitario": 719771,
            "descuento": 0.32,
            "IVA": 19
        }
    ]
}