{
    "empresa_nit": "987654321",
    "empresa_ciudad": "BOGOTA",
    "empresa_sede": "centro",
    "empresa_nombre": "FrutiBarato",
    "fecha_hora": "2022-06-13 15:12:52",
    "factura_num": "01023",
    "ciente_numero": 152821884,
    "pago_tipo": "TRANFERENCIA",
    "productos": [
        {
            "codigo": "28VAT6Mtbx",
            "total": 11,
            "valor_unitario": 635326,
            "descuento": 0.17,
            "IVA": 5
        },
        {
            "codigo": "vUk8rtLEaF",
            "total": 19,
            "valor_unitario": 307759,
            "descuento": 0.35,
            "IVA": 0
        },
        {
            "codigo": "i8k93Bchco",
            "total": 15,
            "valor_unitario": 639956,
            "descuento": 0.27,
            "IVA": 5
        },
        {
            "codigo": "CblWDost1r",
            "total": 8,
            "valor_unitario": 949926,
            "descuento": 0.49,
            "IVA": 0
        },
        {
            "codigo": "0pCiTmb9Z2",
            "total": 12,
            "valor_unitario": 407240,
            "descuento": 0.01,
            "IVA": 0
        },
        {
            "codigo": "5vv8yAdy04",
            "total": 19,
            "valor_unitario": 909938,
            "descuento": 0.07,
            "IVA": 5
        },
        {
            "codigo": "cuD7uT9vde",
            "total": 1,
            "valor_unitario": 898735,
            "descuento": 0.44,
            "IVA": 19
        },
        {
            "codigo": "QFse98AY3l",
            "total": 4,
            "valor_unitario": 718733,
            "descuento": 0.09,
            "IVA": 0
        },
        {
            "codigo": "0ae7WZBGd6",
            "total": 12,
            "valor_unitario": 239714,
            "descuento": 0.2,
            "IVA": 5
        },
        {
            "codigo": "lhamDUo2FY",
            "total": 8,
            "valor_unitario": 634098,
            "descuento": 0.38,
            "IVA": 0
        },
        {
            "codigo": "1WG0tcQIMw",
            "total": 4,
            "valor_unitario": 471692,
            "descuento": 0.18,
            "IVA": 0
        },
        {
            "codigo": "QO1new9cIs",
            "total": 9,
            "valor_unitario": 922533,
            "descuento": 0.26,
            "IVA": 5
        },
        {
            "codigo": "hq54a4OckK",
            "total": 1,
            "valor_unitario": 828810,
            "descuento": 0.34,
            "IVA": 19
        }
    ]
}