{
    "empresa_nit": "987654321",
    "empresa_ciudad": "CALI",
    "empresa_sede": "autopista",
    "empresa_nombre": "FrutiBarato",
    "fecha_hora": "2023-04-21 08:53:12",
    "factura_num": "01223",
    "ciente_numero": 656142720,
    "pago_tipo": "TRANFERENCIA",
    "productos": [
        {
            "codigo": "rjCykBeZ7l",
            "total": 9,
            "valor_unitario": 143140,
            "descuento": 0.37,
            "IVA": 19
        },
        {
            "codigo": "p4LnWVWYaP",
            "total": 5,
            "valor_unitario": 382822,
            "descuento": 0.31,
            "IVA": 5
        },
        {
            "codigo": "SiZ2HOB3xt",
            "total": 3,
            "valor_unitario": 105827,
            "descuento": 0.28,
            "IVA": 0
        },
        {
            "codigo": "Zi5I0pVVWl",
            "total": 16,
            "valor_unitario": 647108,
            "descuento": 0.2,
            "IVA": 0
        },
        {
            "codigo": "9vA9MK8odP",
            "total": 4,
            "valor_unitario": 623235,
            "descuento": 0.42,
            "IVA": 0
        },
        {
            "codigo": "gKfQJGJ8wF",
            "total": 16,
            "valor_unitario": 649947,
            "descuento": 0.5,
            "IVA": 5
        },
        {
            "codigo": "90DJaMS0TY",
            "total": 20,
            "valor_unitario": 544263,
            "descuento": 0.1,
            "IVA": 5
        },
        {
            "codigo": "tX9UMwbDG6",
            "total": 8,
            "valor_unitario": 573798,
            "descuento": 0.34,
            "IVA": 5
        },
        {
            "codigo": "PZbvSTi93w",
            "total": 13,
            "valor_unitario": 486452,
            "descuento": 0.02,
            "IVA": 5
        },
        {
            "codigo": "gIxIDbbFlg",
            "total": 18,
            "valor_unitario": 737734,
            "descuento": 0.48,
            "IVA": 5
        },
        {
            "codigo": "HoUyfvUbdC",
            "total": 5,
            "valor_unitario": 297579,
            "descuento": 0.47,
            "IVA": 5
        },
        {
            "codigo": "zpK8yZdoLR",
            "total": 10,
            "valor_unitario": 446480,
            "descuento": 0.26,
            "IVA": 5
        },
        {
            "codigo": "jRc3juuliP",
            "total": 12,
            "valor_unitario": 177242,
            "descuento": 0.17,
            "IVA": 5
        },
        {
            "codigo": "YyR8nrd3lQ",
            "total": 16,
            "valor_unitario": 159738,
            "descuento": 0.29,
            "IVA": 0
        },
        {
            "codigo": "NPeTqqlcd9",
            "total": 20,
            "valor_unitario": 766813,
            "descuento": 0.3,
            "IVA": 0
        },
        {
            "codigo": "AHaNTClA5r",
            "total": 20,
            "valor_unitario": 963545,
            "descuento": 0.29,
            "IVA": 0
        },
        {
            "codigo": "WTWuWyF1JY",
            "total": 7,
            "valor_unitario": 649686,
            "descuento": 0.18,
            "IVA": 0
        },
        {
            "codigo": "Iotvlo991B",
            "total": 4,
            "valor_unitario": 215025,
            "descuento": 0.0,
            "IVA": 0
        },
        {
            "codigo": "QjCEtaCmKW",
            "total": 20,
            "valor_unitario": 856036,
            "descuento": 0.01,
            "IVA": 0
        },
        {
            "codigo": "v2HXJwTcrT",
            "total": 8,
            "valor_unitario": 72053,
            "descuento": 0.31,
            "IVA": 0
        }
    ]
}