{
    "empresa_nit": "987654321",
    "empresa_ciudad": "CALI",
    "empresa_sede": "aeropuerto",
    "empresa_nombre": "FrutiBarato",
    "fecha_hora": "2020-01-13 16:54:59",
    "factura_num": "01422",
    "ciente_numero": 129900623,
    "pago_tipo": "TAR.CREDITO",
    "productos": [
        {
            "codigo": "rnCzir7o7B",
            "total": 10,
            "valor_unitario": 556164,
            "descuento": 0.09,
            "IVA": 19
        },
        {
            "codigo": "b4f2VTNhEc",
            "total": 5,
            "valor_unitario": 992047,
            "descuento": 0.29,
            "IVA": 0
        },
        {
            "codigo": "wZcQp35Lsy",
            "total": 3,
            "valor_unitario": 195994,
            "descuento": 0.29,
            "IVA": 5
        },
        {
            "codigo": "Faxkcrrthx",
            "total": 12,
            "valor_unitario": 283193,
            "descuento": 0.3,
            "IVA": 5
        },
        {
            "codigo": "xUWeBhAZYx",
            "total": 4,
            "valor_unitario": 677323,
            "descuento": 0.07,
            "IVA": 5
        },
        {
            "codigo": "UTLCxLGzLE",
            "total": 5,
            "valor_unitario": 794092,
            "descuento": 0.18,
            "IVA": 19
        },
        {
            "codigo": "rXBB8aUK5n",
            "total": 16,
            "valor_unitario": 697945,
            "descuento": 0.15,
            "IVA": 19
        },
        {
            "codigo": "bCDjKYaxWA",
            "total": 6,
            "valor_unitario": 773734,
            "descuento": 0.14,
            "IVA": 19
        },
        {
            "codigo": "3tEr1ZAk9y",
            "total": 18,
            "valor_unitario": 120549,
            "descuento": 0.44,
            "IVA": 0
        },
        {
            "codigo": "vSZtRIGEEt",
            "total": 2,
            "valor_unitario": 918922,
            "descuento": 0.16,
            "IVA": 0
        },
        {
            "codigo": "tyeObb6eWO",
            "total": 10,
            "valor_unitario": 152264,
            "descuento": 0.25,
            "IVA": 5
        },
        {
            "codigo": "FKphRsAmOz",
            "total": 14,
            "valor_unitario": 792038,
            "descuento": 0.25,
            "IVA": 19
        },
        {
            "codigo": "FdTqScV2uZ",
            "total": 6,
            "valor_unitario": 167622,
            "descuento": 0.33,
            "IVA": 19
        },
        {
            "codigo": "H9barvfSLc",
            "total": 19,
            "valor_unitario": 775956,
            "descuento": 0.34,
            "IVA": 5
        },
        {
            "codigo": "NR9XdVdABP",
            "total": 1,
            "valor_unitario": 93694,
            "descuento": 0.47,
            "IVA": 0
        },
        {
            "codigo": "5LApohdZl1",
            "total": 10,
            "valor_unitario": 452888,
            "descuento": 0.22,
            "IVA": 5
        },
        {
            "codigo": "D2orYUWknl",
            "total": 4,
            "valor_unitario": 947400,
            "descuento": 0.38,
            "IVA": 0
        },
        {
            "codigo": "UOL42nj46j",
            "total": 11,
            "valor_unitario": 415868,
            "descuento": 0.36,
            "IVA": 0
        },
        {
            "codigo": "11fAHQWl8L",
            "total": 14,
            "valor_unitario": 629420,
            "descuento": 0.21,
            "IVA": 0
        },
        {
            "codigo": "cJBc2dGxhR",
            "total": 1,
            "valor_unitario": 700241,
            "descuento": 0.28,
            "IVA": 5
        }
    ]
}