{
    "empresa_nit": "987654321",
    "empresa_ciudad": "CALI",
    "empresa_sede": "aeropuerto",
    "empresa_nombre": "FrutiBarato",
    "fecha_hora": "2024-01-26 12:21:15",
    "factura_num": "01351",
    "ciente_numero": 284632096,
    "pago_tipo": "TAR.DEBITO",
    "productos": [
        {
            "codigo": "pDdut6yJNC",
            "total": 2,
            "valor_unitario": 140054,
            "descuento": 0.24,
            "IVA": 0
        },
        {
            "codigo": "cp4wAJW3am",
            "total": 9,
            "valor_unitario": 284205,
            "descuento": 0.43,
            "IVA": 19
        },
        {
            "codigo": "DoBbM1zSUP",
            "total": 13,
            "valor_unitario": 926930,
            "descuento": 0.4,
            "IVA": 0
        },
        {
            "codigo": "QcdqPnL1mh",
            "total": 17,
            "valor_unitario": 903879,
            "descuento": 0.47,
            "IVA": 19
        },
        {
            "codigo": "EesFPj5zBO",
            "total": 1,
            "valor_unitario": 684201,
            "descuento": 0.05,
            "IVA": 0
        },
        {
            "codigo": "mSdExSzvNn",
            "total": 19,
            "valor_unitario": 769484,
            "descuento": 0.13,
            "IVA": 19
        },
        {
            "codigo": "95rS4QJYoe",
            "total": 5,
            "valor_unitario": 394036,
            "descuento": 0.08,
            "IVA": 19
        },
        {
            "codigo": "DbZNp0fYiH",
            "total": 14,
            "valor_unitario": 206273,
            "descuento": 0.27,
            "IVA": 5
        },
        {
            "codigo": "IpAL5IVGuC",
            "total": 13,
            "valor_unitario": 498452,
            "descuento": 0.02,
            "IVA": 19
        },
        {
            "codigo": "QjYdIqVXi2",
            "total": 15,
            "valor_unitario": 986311,
            "descuento": 0.33,
            "IVA": 5
        },
        {
            "codigo": "3dcAQH5lvy",
            "total": 3,
            "valor_unitario": 932291,
            "descuento": 0.23,
            "IVA": 19
        },
        {
            "codigo": "PWW49mJZIV",
            "total": 11,
            "valor_unitario": 929921,
            "descuento": 0.42,
            "IVA": 5
        },
        {
            "codigo": "2EJYYJ9PA2",
            "total": 1,
            "valor_unitario": 41797,
            "descuento": 0.17,
            "IVA": 19
        },
        {
            "codigo": "rW3Oo24evH",
            "total": 12,
            "valor_unitario": 750447,
            "descuento": 0.37,
            "IVA": 5
        }
    ]
}