{
    "empresa_nit": "987654321",
    "empresa_ciudad": "CALI",
    "empresa_sede": "centro",
    "empresa_nombre": "FrutiBarato",
    "fecha_hora": "2020-08-01 15:47:51",
    "factura_num": "01346",
    "ciente_numero": 860506588,
    "pago_tipo": "EFECTIVO",
    "productos": [
        {
            "codigo": "1h4eNdFS2H",
            "total": 14,
            "valor_unitario": 946658,
            "descuento": 0.1,
            "IVA": 0
        },
        {
            "codigo": "Hv2o1uiAWq",
            "total": 13,
            "valor_unitario": 5353,
            "descuento": 0.47,
            "IVA": 5
        },
        {
            "codigo": "UJmZTHaiMt",
            "total": 5,
            "valor_unitario": 60224,
            "descuento": 0.42,
            "IVA": 0
        },
        {
            "codigo": "YhbuRKd8YK",
            "total": 13,
            "valor_unitario": 742763,
            "descuento": 0.31,
            "IVA": 5
        },
        {
            "codigo": "5NFK4XOiud",
            "total": 3,
            "valor_unitario": 808030,
            "descuento": 0.24,
            "IVA": 5
        }
    ]
}