{
    "empresa_nit": "987654321",
    "empresa_ciudad": "BARRANQUILLA",
    "empresa_sede": "alcaldia",
    "empresa_nombre": "FrutiBarato",
    "fecha_hora": "2021-01-30 20:11:52",
    "factura_num": "01260",
    "ciente_numero": 295827636,
    "pago_tipo": "TRANFERENCIA",
    "productos": [
        {
            "codigo": "C9LQdbunKV",
            "total": 6,
            "valor_unitario": 450100,
            "descuento": 0.37,
            "IVA": 5
        },
        {
            "codigo": "GdZPtfzZRz",
            "total": 9,
            "valor_unitario": 569333,
            "descuento": 0.34,
            "IVA": 0
        },
        {
            "codigo": "m5tzjhApXy",
            "total": 12,
            "valor_unitario": 182820,
            "descuento": 0.04,
            "IVA": 5
        },
        {
            "codigo": "Ul0ghQVrXs",
            "total": 6,
            "valor_unitario": 149729,
            "descuento": 0.42,
            "IVA": 19
        },
        {
            "codigo": "Hyp5OzaIBT",
            "total": 13,
            "valor_unitario": 462634,
            "descuento": 0.37,
            "IVA": 0
        },
        {
            "codigo": "oS5EMDaHFG",
            "total": 19,
            "valor_unitario": 872107,
            "descuento": 0.07,
            "IVA": 19
        },
        {
            "codigo": "ot9kCMeKLq",
            "total": 16,
            "valor_unitario": 981651,
            "descuento": 0.47,
            "IVA": 0
        },
        {
            "codigo": "5hNxxu4wyT",
            "total": 3,
            "valor_unitario": 495863,
            "descuento": 0.35,
            "IVA": 19
        },
        {
            "codigo": "DCVVutoRWc",
            "total": 9,
            "valor_unitario": 741432,
            "descuento": 0.38,
            "IVA": 5
        },
        {
            "codigo": "BixcqwFQe3",
            "total": 20,
            "valor_unitario": 491549,
            "descuento": 0.17,
            "IVA": 5
        },
        {
            "codigo": "Tt9Cmx8oaF",
            "total": 9,
            "valor_unitario": 358813,
            "descuento": 0.3,
            "IVA": 19
        },
        {
            "codigo": "JQwBLUtJGG",
            "total": 11,
            "valor_unitario": 179958,
            "descuento": 0.26,
            "IVA": 19
        },
        {
            "codigo": "eF8r9jxGrw",
            "total": 15,
            "valor_unitario": 628182,
            "descuento": 0.48,
            "IVA": 0
        },
        {
            "codigo": "sULeDQyxjz",
            "total": 7,
            "valor_unitario": 585708,
            "descuento": 0.45,
            "IVA": 19
        },
        {
            "codigo": "ccN2FXHf4a",
            "total": 20,
            "valor_unitario": 329612,
            "descuento": 0.28,
            "IVA": 19
        },
        {
            "codigo": "de9PeJzzEE",
            "total": 10,
            "valor_unitario": 473743,
            "descuento": 0.34,
            "IVA": 5
        },
        {
            "codigo": "qZQwdaVn6O",
            "total": 18,
            "valor_unitario": 183352,
            "descuento": 0.08,
            "IVA": 5
        },
        {
            "codigo": "qs68KNWPoc",
            "total": 10,
            "valor_unitario": 590150,
            "descuento": 0.11,
            "IVA": 19
        },
        {
            "codigo": "iQ4J68W3rW",
            "total": 14,
            "valor_unitario": 964142,
            "descuento": 0.41,
            "IVA": 0
        },
        {
            "codigo": "JvceLrWC5f",
            "total": 10,
            "valor_unitario": 588543,
            "descuento": 0.43,
            "IVA": 0
        }
    ]
}