{
    "empresa_nit": "987654321",
    "empresa_ciudad": "BARRANQUILLA",
    "empresa_sede": "centro",
    "empresa_nombre": "FrutiBarato",
    "fecha_hora": "2021-12-20 07:09:08",
    "factura_num": "00144",
    "ciente_numero": 937318402,
    "pago_tipo": "EFECTIVO",
    "productos": [
        {
            "codigo": "aLlr2L2FmX",
            "total": 5,
            "valor_unitario": 88599,
            "descuento": 0.17,
            "IVA": 5
        },
        {
            "codigo": "0pGbjt81Yn",
            "total": 2,
            "valor_unitario": 592784,
            "descuento": 0.06,
            "IVA": 19
        },
        {
            "codigo": "oCEPjgli37",
            "total": 16,
            "valor_unitario": 328826,
            "descuento": 0.11,
            "IVA": 0
        },
        {
            "codigo": "MiM2t24sRg",
            "total": 20,
            "valor_unitario": 748686,
            "descuento": 0.21,
            "IVA": 0
        },
        {
            "codigo": "f278cpO98l",
            "total": 19,
            "valor_unitario": 657966,
            "descuento": 0.42,
            "IVA": 0
        },
        {
            "codigo": "vEmWuxxgy3",
            "total": 11,
            "valor_unitario": 692689,
            "descuento": 0.13,
            "IVA": 5
        },
        {
            "codigo": "Gk5fm8pYqi",
            "total": 9,
            "valor_unitario": 192028,
            "descuento": 0.47,
            "IVA": 5
        },
        {
            "codigo": "4NpeBBFEgM",
            "total": 10,
            "valor_unitario": 217755,
            "descuento": 0.34,
            "IVA": 0
        },
        {
            "codigo": "vExGP19Sy5",
            "total": 5,
            "valor_unitario": 680790,
            "descuento": 0.1,
            "IVA": 5
        },
        {
            "codigo": "7D3feuAkwH",
            "total": 19,
            "valor_unitario": 688460,
            "descuento": 0.03,
            "IVA": 0
        },
        {
            "codigo": "Q4EGGt4iL8",
            "total": 17,
            "valor_unitario": 388014,
            "descuento": 0.2,
            "IVA": 5
        },
        {
            "codigo": "Spvy75MTND",
            "total": 7,
            "valor_unitario": 903704,
            "descuento": 0.06,
            "IVA": 19
        },
        {
            "codigo": "p8LSOqXd9V",
            "total": 10,
            "valor_unitario": 809917,
            "descuento": 0.41,
            "IVA": 0
        },
        {
            "codigo": "1vwAoO9OeE",
            "total": 12,
            "valor_unitario": 468766,
            "descuento": 0.39,
            "IVA": 0
        },
        {
            "codigo": "6KMihbeetY",
            "total": 3,
            "valor_unitario": 886305,
            "descuento": 0.3,
            "IVA": 0
        },
        {
            "codigo": "Nyrx2OxmsK",
            "total": 2,
            "valor_unitario": 919894,
            "descuento": 0.21,
            "IVA": 19
        },
        {
            "codigo": "N6nrShCGze",
            "total": 18,
            "valor_unitario": 61688,
            "descuento": 0.11,
            "IVA": 0
        }
    ]
}