{
    "empresa_nit": "987654321",
    "empresa_ciudad": "MEDELLIN",
    "empresa_sede": "alcaldia",
    "empresa_nombre": "FrutiBarato",
    "fecha_hora": "2024-11-08 07:22:03",
    "factura_num": "01439",
    "ciente_numero": 67574503,
    "pago_tipo": "TAR.CREDITO",
    "productos": [
        {
            "codigo": "Tk88x8WLw8",
            "total": 7,
            "valor_unitario": 807300,
            "descuento": 0.28,
            "IVA": 5
        },
        {
            "codigo": "KDAaSiVyrE",
            "total": 6,
            "valor_unitario": 140921,
            "descuento": 0.23,
            "IVA": 5
        },
        {
            "codigo": "RMqKbKQgCl",
            "total": 20,
            "valor_unitario": 727917,
            "descuento": 0.13,
            "IVA": 19
        },
        {
            "codigo": "ctTrxEwpQE",
            "total": 6,
            "valor_unitario": 302466,
            "descuento": 0.28,
            "IVA": 0
        },
        {
            "codigo": "yxUJhQwl4C",
            "total": 6,
            "valor_unitario": 783272,
            "descuento": 0.23,
            "IVA": 5
        },
        {
            "codigo": "gcPtEeEekq",
            "total": 14,
            "valor_unitario": 437657,
            "descuento": 0.23,
            "IVA": 0
        },
        {
            "codigo": "BegXNlLSk6",
            "total": 1,
            "valor_unitario": 692131,
            "descuento": 0.07,
            "IVA": 19
        },
        {
            "codigo": "19yFhFvJW5",
            "total": 14,
            "valor_unitario": 473396,
            "descuento": 0.27,
            "IVA": 5
        }
    ]
}