{
    "empresa_nit": "987654321",
    "empresa_ciudad": "BARRANQUILLA",
    "empresa_sede": "centro",
    "empresa_nombre": "FrutiBarato",
    "fecha_hora": "2021-10-01 08:18:11",
    "factura_num": "01014",
    "ciente_numero": 138559233,
    "pago_tipo": "EFECTIVO",
    "productos": [
        {
            "codigo": "at0RfihYVH",
            "total": 11,
            "valor_unitario": 666920,
            "descuento": 0.39,
            "IVA": 5
        },
        {
            "codigo": "0Z5ZXv3f9U",
            "total": 16,
            "valor_unitario": 823180,
            "descuento": 0.01,
            "IVA": 5
        },
        {
            "codigo": "KnxhylAdiM",
            "total": 2,
            "valor_unitario": 100771,
            "descuento": 0.44,
            "IVA": 5
        },
        {
            "codigo": "uNXRwXIRHu",
            "total": 1,
            "valor_unitario": 929614,
            "descuento": 0.4,
            "IVA": 5
        },
        {
            "codigo": "sAnyOHVo46",
            "total": 8,
            "valor_unitario": 668129,
            "descuento": 0.31,
            "IVA": 19
        },
        {
            "codigo": "b7guRQvzsf",
            "total": 7,
            "valor_unitario": 390754,
            "descuento": 0.15,
            "IVA": 19
        },
        {
            "codigo": "dm3CwetdfK",
            "total": 12,
            "valor_unitario": 375530,
            "descuento": 0.08,
            "IVA": 5
        },
        {
            "codigo": "5XUZp2n86X",
            "total": 9,
            "valor_unitario": 547515,
            "descuento": 0.31,
            "IVA": 0
        },
        {
            "codigo": "zcZP6tTWac",
            "total": 8,
            "valor_unitario": 273328,
            "descuento": 0.11,
            "IVA": 0
        },
        {
            "codigo": "2eGJS5EaEZ",
            "total": 4,
            "valor_unitario": 960933,
            "descuento": 0.07,
            "IVA": 0
        },
        {
            "codigo": "aO6afKHp8k",
            "total": 16,
            "valor_unitario": 273860,
            "descuento": 0.11,
            "IVA": 0
        },
        {
            "codigo": "74f7QmTZpf",
            "total": 1,
            "valor_unitario": 551983,
            "descuento": 0.49,
            "IVA": 19
        },
        {
            "codigo": "lkVvLX3ozd",
            "total": 10,
            "valor_unitario": 58372,
            "descuento": 0.31,
            "IVA": 5
        },
        {
            "codigo": "rQPsFTTi6Q",
            "total": 2,
            "valor_unitario": 437598,
            "descuento": 0.01,
            "IVA": 0
        },
        {
            "codigo": "huj0enWy74",
            "total": 2,
            "valor_unitario": 254055,
            "descuento": 0.03,
            "IVA": 0
        }
    ]
}