{
    "empresa_nit": "987654321",
    "empresa_ciudad": "BOGOTA",
    "empresa_sede": "plaza",
    "empresa_nombre": "FrutiBarato",
    "fecha_hora": "2023-06-24 18:11:29",
    "factura_num": "01150",
    "ciente_numero": 188221135,
    "pago_tipo": "TRANFERENCIA",
    "productos": [
        {
            "codigo": "zJQO6PuPa0",
            "total": 4,
            "valor_unitario": 745896,
            "descuento": 0.46,
            "IVA": 0
        },
        {
            "codigo": "3dCFJV8e5e",
            "total": 7,
            "valor_unitario": 409803,
            "descuento": 0.18,
            "IVA": 5
        },
        {
            "codigo": "XgEYnY2PpZ",
            "total": 15,
            "valor_unitario": 369139,
            "descuento": 0.39,
            "IVA": 5
        },
        {
            "codigo": "V6yNMLQPui",
            "total": 10,
            "valor_unitario": 768498,
            "descuento": 0.42,
            "IVA": 19
        },
        {
            "codigo": "WnKmlk2wx3",
            "total": 5,
            "valor_unitario": 124669,
            "descuento": 0.33,
            "IVA": 0
        },
        {
            "codigo": "2o83Gj3rSe",
            "total": 8,
            "valor_unitario": 343123,
            "descuento": 0.47,
            "IVA": 19
        },
        {
            "codigo": "xFGmuxeOrm",
            "total": 10,
            "valor_unitario": 756265,
            "descuento": 0.12,
            "IVA": 19
        }
    ]
}