{
    "empresa_nit": "987654321",
    "empresa_ciudad": "MEDELLIN",
    "empresa_sede": "plaza",
    "empresa_nombre": "FrutiBarato",
    "fecha_hora": "2023-12-11 19:49:25",
    "factura_num": "01042",
    "ciente_numero": 539467260,
    "pago_tipo": "TAR.DEBITO",
    "productos": [
        {
            "codigo": "V7Sk9CcF9B",
            "total": 5,
            "valor_unitario": 448846,
            "descuento": 0.32,
            "IVA": 19
        },
        {
            "codigo": "B2Plm6q1SD",
            "total": 15,
            "valor_unitario": 742587,
            "descuento": 0.3,
            "IVA": 5
        },
        {
            "codigo": "c6H1WZuby6",
            "total": 4,
            "valor_unitario": 7143,
            "descuento": 0.43,
            "IVA": 0
        }
    ]
}