{
    "empresa_nit": "987654321",
    "empresa_ciudad": "BARRANQUILLA",
    "empresa_sede": "plaza",
    "empresa_nombre": "FrutiBarato",
    "fecha_hora": "2021-11-19 17:05:26",
    "factura_num": "01319",
    "ciente_numero": 135794961,
    "pago_tipo": "TAR.CREDITO",
    "productos": [
        {
            "codigo": "Q3tPgT8yC0",
            "total": 11,
            "valor_unitario": 189336,
            "descuento": 0.04,
            "IVA": 5
        },
        {
            "codigo": "P17aWIQ0WY",
            "total": 18,
            "valor_unitario": 948921,
            "descuento": 0.19,
            "IVA": 19
        },
        {
            "codigo": "4oz1hqrj59",
            "total": 19,
            "valor_unitario": 895459,
            "descuento": 0.12,
            "IVA": 5
        },
        {
            "codigo": "kBd2DAwdw7",
            "total": 9,
            "valor_unitario": 228472,
            "descuento": 0.17,
            "IVA": 5
        },
        {
            "codigo": "NBtyJICZX5",
            "total": 15,
            "valor_unitario": 225374,
            "descuento": 0.21,
            "IVA": 0
        },
        {
            "codigo": "0zTb0nw8xa",
            "total": 14,
            "valor_unitario": 946536,
            "descuento": 0.08,
            "IVA": 19
        },
        {
            "codigo": "W6XFdTs2sJ",
            "total": 4,
            "valor_unitario": 609542,
            "descuento": 0.2,
            "IVA": 0
        },
        {
            "codigo": "dok4POp0ig",
            "total": 12,
            "valor_unitario": 413135,
            "descuento": 0.05,
            "IVA": 5
        },
        {
            "codigo": "8sDmEEz6vo",
            "total": 6,
            "valor_unitario": 146206,
            "descuento": 0.27,
            "IVA": 0
        },
        {
            "codigo": "Kk4HPc1dsd",
            "total": 8,
            "valor_unitario": 353943,
            "descuento": 0.09,
            "IVA": 5
        }
    ]
}