{
    "empresa_nit": "987654321",
    "empresa_ciudad": "CALI",
    "empresa_sede": "autopista",
    "empresa_nombre": "FrutiBarato",
    "fecha_hora": "2022-06-27 18:41:11",
    "factura_num": "01085",
    "ciente_numero": 239981556,
    "pago_tipo": "TRANFERENCIA",
    "productos": [
        {
            "codigo": "dHXS7EPHgp",
            "total": 16,
            "valor_unitario": 917820,
            "descuento": 0.09,
            "IVA": 0
        },
        {
            "codigo": "iOyC2VMxRD",
            "total": 10,
            "valor_unitario": 11071,
            "descuento": 0.25,
            "IVA": 0
        },
        {
            "codigo": "NNwHqpBenh",
            "total": 12,
            "valor_unitario": 880309,
            "descuento": 0.3,
            "IVA": 0
        },
        {
            "codigo": "tHcVC8VWl0",
            "total": 19,
            "valor_unitario": 268214,
            "descuento": 0.13,
            "IVA": 5
        },
        {
            "codigo": "q77WoMebVy",
            "total": 2,
            "valor_unitario": 854926,
            "descuento": 0.16,
            "IVA": 0
        },
        {
            "codigo": "tQyjExOeQj",
            "total": 14,
            "valor_unitario": 751455,
            "descuento": 0.1,
            "IVA": 0
        },
        {
            "codigo": "i8a2rhu8SN",
            "total": 15,
            "valor_unitario": 830468,
            "descuento": 0.48,
            "IVA": 5
        },
        {
            "codigo": "SuHt2OxLRf",
            "total": 10,
            "valor_unitario": 584636,
            "descuento": 0.39,
            "IVA": 0
        },
        {
            "codigo": "zBO77lpUEX",
            "total": 14,
            "valor_unitario": 687066,
            "descuento": 0.1,
            "IVA": 19
        },
        {
            "codigo": "pt7uoMxhj5",
            "total": 12,
            "valor_unitario": 680733,
            "descuento": 0.46,
            "IVA": 5
        }
    ]
}