{
    "empresa_nit": "987654321",
    "empresa_ciudad": "BARRANQUILLA",
    "empresa_sede": "plaza",
    "empresa_nombre": "FrutiBarato",
    "fecha_hora": "2023-07-13 18:21:18",
    "factura_num": "01332",
    "ciente_numero": 960657518,
    "pago_tipo": "EFECTIVO",
    "productos": [
        {
            "codigo": "CRnz6jNJdO",
            "total": 12,
            "valor_unitario": 842751,
            "descuento": 0.41,
            "IVA": 5
        },
        {
            "codigo": "ezhQkaA1sk",
            "total": 15,
            "valor_unitario": 468178,
            "descuento": 0.03,
            "IVA": 19
        }
    ]
}