{
    "empresa_nit": "987654321",
    "empresa_ciudad": "BOGOTA",
    "empresa_sede": "autopista",
    "empresa_nombre": "FrutiBarato",
    "fecha_hora": "2023-02-09 06:43:54",
    "factura_num": "01263",
    "ciente_numero": 882882915,
    "pago_tipo": "TAR.DEBITO",
    "productos": [
        {
            "codigo": "5ZQ1cZn40G",
            "total": 2,
            "valor_unitario": 15429,
            "descuento": 0.5,
            "IVA": 0
        },
        {
            "codigo": "EckEp2KHrw",
            "total": 20,
            "valor_unitario": 665065,
            "descuento": 0.15,
            "IVA": 0
        },
        {
            "codigo": "O7XOYQpx6G",
            "total": 14,
            "valor_unitario": 747785,
            "descuento": 0.35,
            "IVA": 5
        },
        {
            "codigo": "YE8a9Vw63o",
            "total": 6,
            "valor_unitario": 548408,
            "descuento": 0.29,
            "IVA": 5
        },
        {
            "codigo": "tz5n2xTtXG",
            "total": 10,
            "valor_unitario": 871000,
            "descuento": 0.25,
            "IVA": 19
        },
        {
            "codigo": "7m9mWqu2gb",
            "total": 20,
            "valor_unitario": 904652,
            "descuento": 0.31,
            "IVA": 0
        },
        {
            "codigo": "92NFfLl54z",
            "total": 19,
            "valor_unitario": 106339,
            "descuento": 0.29,
            "IVA": 19
        },
        {
            "codigo": "xTpf1CVdii",
            "total": 2,
            "valor_unitario": 301947,
            "descuento": 0.03,
            "IVA": 19
        },
        {
            "codigo": "04pLHY0fNj",
            "total": 14,
            "valor_unitario": 64515,
            "descuento": 0.29,
            "IVA": 5
        },
        {
            "codigo": "e2G2BY08kD",
            "total": 4,
            "valor_unitario": 405315,
            "descuento": 0.36,
            "IVA": 0
        },
        {
            "codigo": "PGwy4XShw2",
            "total": 17,
            "valor_unitario": 8549,
            "descuento": 0.16,
            "IVA": 0
        },
        {
            "codigo": "CU3YdHrMIZ",
            "total": 4,
            "valor_unitario": 994101,
            "descuento": 0.17,
            "IVA": 5
        }
    ]
}