{
    "empresa_nit": "987654321",
    "empresa_ciudad": "TUNJA",
    "empresa_sede": "autopista",
    "empresa_nombre": "FrutiBarato",
    "fecha_hora": "2022-04-05 15:17:39",
    "factura_num": "01410",
    "ciente_numero": 806305865,
    "pago_tipo": "EFECTIVO",
    "productos": [
        {
            "codigo": "hrxw7xMAj9",
            "total": 9,
            "valor_unitario": 749957,
            "descuento": 0.02,
            "IVA": 19
        },
        {
            "codigo": "DpSUAA5dNU",
            "total": 2,
            "valor_unitario": 634312,
            "descuento": 0.27,
            "IVA": 5
        },
        {
            "codigo": "QotXuOzZCF",
            "total": 4,
            "valor_unitario": 657916,
            "descuento": 0.5,
            "IVA": 0
        },
        {
            "codigo": "R6VdOV7Jsa",
            "total": 2,
            "valor_unitario": 717956,
            "descuento": 0.1,
            "IVA": 19
        },
        {
            "codigo": "gLQF0RhpjB",
            "total": 4,
            "valor_unitario": 313940,
            "descuento": 0.23,
            "IVA": 19
        },
        {
            "codigo": "d2yR3wbmkP",
            "total": 10,
            "valor_unitario": 927324,
            "descuento": 0.12,
            "IVA": 19
        },
        {
            "codigo": "wa0lUEES9S",
            "total": 1,
            "valor_unitario": 318459,
            "descuento": 0.35,
            "IVA": 19
        },
        {
            "codigo": "NnwVHn4Wjt",
            "total": 14,
            "valor_unitario": 251072,
            "descuento": 0.04,
            "IVA": 5
        },
        {
            "codigo": "Wc7bttgNYE",
            "total": 6,
            "valor_unitario": 46824,
            "descuento": 0.46,
            "IVA": 5
        },
        {
            "codigo": "jACJgoCf0X",
            "total": 13,
            "valor_unitario": 541192,
            "descuento": 0.01,
            "IVA": 0
        },
        {
            "codigo": "fWENDluTuQ",
            "total": 1,
            "valor_unitario": 212452,
            "descuento": 0.47,
            "IVA": 5
        },
        {
            "codigo": "cctNY2d6Vp",
            "total": 10,
            "valor_unitario": 831968,
            "descuento": 0.38,
            "IVA": 19
        },
        {
            "codigo": "EsjMpk2Jw6",
            "total": 16,
            "valor_unitario": 913507,
            "descuento": 0.36,
            "IVA": 5
        },
        {
            "codigo": "99abTZVp76",
            "total": 16,
            "valor_unitario": 266318,
            "descuento": 0.33,
            "IVA": 19
        },
        {
            "codigo": "sopM6OG81j",
            "total": 20,
            "valor_unitario": 817298,
            "descuento": 0.19,
            "IVA": 5
        },
        {
            "codigo": "veWVnkGbw3",
            "total": 13,
            "valor_unitario": 577251,
            "descuento": 0.23,
            "IVA": 0
        },
        {
            "codigo": "NXBqhsGuIQ",
            "total": 15,
            "valor_unitario": 106124,
            "descuento": 0.38,
            "IVA": 19
        },
        {
            "codigo": "CZT04BEcAb",
            "total": 1,
            "valor_unitario": 972748,
            "descuento": 0.23,
            "IVA": 0
        },
        {
            "codigo": "bdY7vyokqS",
            "total": 11,
            "valor_unitario": 965739,
            "descuento": 0.13,
            "IVA": 0
        }
    ]
}