{
    "empresa_nit": "987654321",
    "empresa_ciudad": "TUNJA",
    "empresa_sede": "centro",
    "empresa_nombre": "FrutiBarato",
    "fecha_hora": "2024-07-05 06:02:34",
    "factura_num": "01295",
    "ciente_numero": 925502203,
    "pago_tipo": "EFECTIVO",
    "productos": [
        {
            "codigo": "WU2UY4msgI",
            "total": 6,
            "valor_unitario": 856553,
            "descuento": 0.2,
            "IVA": 19
        },
        {
            "codigo": "MieQlJb4nu",
            "total": 11,
            "valor_unitario": 652797,
            "descuento": 0.37,
            "IVA": 19
        },
        {
            "codigo": "x5tvRtQ611",
            "total": 18,
            "valor_unitario": 888673,
            "descuento": 0.13,
            "IVA": 0
        },
        {
            "codigo": "9wFvzVycqy",
            "total": 15,
            "valor_unitario": 450641,
            "descuento": 0.23,
            "IVA": 5
        },
        {
            "codigo": "qnVkpoVO8k",
            "total": 3,
            "valor_unitario": 924080,
            "descuento": 0.04,
            "IVA": 0
        },
        {
            "codigo": "EHvlvpiNM0",
            "total": 10,
            "valor_unitario": 284854,
            "descuento": 0.04,
            "IVA": 5
        },
        {
            "codigo": "YjpcpWBAmO",
            "total": 15,
            "valor_unitario": 265068,
            "descuento": 0.06,
            "IVA": 0
        },
        {
            "codigo": "7jHrx8XSJp",
            "total": 15,
            "valor_unitario": 127978,
            "descuento": 0.41,
            "IVA": 0
        }
    ]
}