{
    "empresa_nit": "987654321",
    "empresa_ciudad": "BARRANQUILLA",
    "empresa_sede": "autopista",
    "empresa_nombre": "FrutiBarato",
    "fecha_hora": "2022-07-10 04:58:12",
    "factura_num": "01099",
    "ciente_numero": 466125426,
    "pago_tipo": "EFECTIVO",
    "productos": [
        {
            "codigo": "4X9iZbc3oL",
            "total": 18,
            "valor_unitario": 935224,
            "descuento": 0.49,
            "IVA": 0
        },
        {
            "codigo": "LMmHaWVfwG",
            "total": 7,
            "valor_unitario": 314761,
            "descuento": 0.48,
            "IVA": 5
        },
        {
            "codigo": "keHNjkxisa",
            "total": 8,
            "valor_unitario": 20696,
            "descuento": 0.14,
            "IVA": 0
        },
        {
            "codigo": "f2BTaQeYEm",
            "total": 3,
            "valor_unitario": 854524,
            "descuento": 0.14,
            "IVA": 5
        },
        {
            "codigo": "HOmIK1qWt4",
            "total": 18,
            "valor_unitario": 962027,
            "descuento": 0.07,
            "IVA": 5
        }
    ]
}