{
    "empresa_nit": "987654321",
    "empresa_ciudad": "TUNJA",
    "empresa_sede": "plaza",
    "empresa_nombre": "FrutiBarato",
    "fecha_hora": "2025-01-14 08:33:24",
    "factura_num": "01411",
    "ciente_numero": 502332293,
    "pago_tipo": "EFECTIVO",
    "productos": [
        {
            "codigo": "0xJpDzcAux",
            "total": 17,
            "valor_unitario": 557907,
            "descuento": 0.07,
            "IVA": 0
        },
        {
            "codigo": "4P7TBHKej3",
            "total": 1,
            "valor_unitario": 238003,
            "descuento": 0.1,
            "IVA": 5
        },
        {
            "codigo": "MF5E2v1bxA",
            "total": 15,
            "valor_unitario": 62971,
            "descuento": 0.28,
            "IVA": 5
        },
        {
            "codigo": "oACjAMR3AP",
            "total": 16,
            "valor_unitario": 554775,
            "descuento": 0.39,
            "IVA": 5
        },
        {
            "codigo": "jcHmBhgyRP",
            "total": 4,
            "valor_unitario": 533936,
            "descuento": 0.1,
            "IVA": 0
        },
        {
            "codigo": "j6LR8x2Uti",
            "total": 6,
            "valor_unitario": 582299,
            "descuento": 0.13,
            "IVA": 5
        },
        {
            "codigo": "idfsLbYxgN",
            "total": 6,
            "valor_unitario": 787147,
            "descuento": 0.45,
            "IVA": 19
        },
        {
            "codigo": "K39iEvzEzq",
            "total": 6,
            "valor_unitario": 563847,
            "descuento": 0.3,
            "IVA": 0
        },
        {
            "codigo": "jTBB4kMGS4",
            "total": 8,
            "valor_unitario": 919811,
            "descuento": 0.39,
            "IVA": 0
        },
        {
            "codigo": "R5LsgYXqu6",
            "total": 9,
            "valor_unitario": 814076,
            "descuento": 0.4,
            "IVA": 5
        },
        {
            "codigo": "f2D4tSXpuV",
            "total": 18,
            "valor_unitario": 34741,
            "descuento": 0.02,
            "IVA": 5
        },
        {
            "codigo": "bPBqyfrwc6",
            "total": 10,
            "valor_unitario": 247762,
            "descuento": 0.32,
            "IVA": 0
        },
        {
            "codigo": "M38lySjZrf",
            "total": 18,
            "valor_unitario": 59951,
            "descuento": 0.09,
            "IVA": 0
        },
        {
            "codigo": "bHEbPtk0eU",
            "total": 1,
            "valor_unitario": 851751,
            "descuento": 0.02,
            "IVA": 5
        },
        {
            "codigo": "Q9pu8jwzNS",
            "total": 12,
            "valor_unitario": 924882,
            "descuento": 0.1,
            "IVA": 5
        },
        {
            "codigo": "WrCijiK7CC",
            "total": 17,
            "valor_unitario": 173788,
            "descuento": 0.31,
            "IVA": 0
        }
    ]
}