{
    "empresa_nit": "987654321",
    "empresa_ciudad": "CALI",
    "empresa_sede": "plaza",
    "empresa_nombre": "FrutiBarato",
    "fecha_hora": "2023-02-11 07:14:02",
    "factura_num": "01316",
    "ciente_numero": 130146185,
    "pago_tipo": "TAR.CREDITO",
    "productos": [
        {
            "codigo": "ilVifyA2Zz",
            "total": 18,
            "valor_unitario": 439924,
            "descuento": 0.24,
            "IVA": 0
        },
        {
            "codigo": "EptewmCTL1",
            "total": 8,
            "valor_unitario": 425017,
            "descuento": 0.04,
            "IVA": 5
        },
        {
            "codigo": "byuGFKTwB1",
            "total": 20,
            "valor_unitario": 398326,
            "descuento": 0.18,
            "IVA": 5
        },
        {
            "codigo": "8NNvvQHvnM",
            "total": 2,
            "valor_unitario": 774087,
            "descuento": 0.47,
            "IVA": 19
        },
        {
            "codigo": "oiZsDT1yVn",
            "total": 20,
            "valor_unitario": 878330,
            "descuento": 0.3,
            "IVA": 5
        },
        {
            "codigo": "UNoPQiSgnH",
            "total": 9,
            "valor_unitario": 589534,
            "descuento": 0.3,
            "IVA": 19
        },
        {
            "codigo": "eenQYIOk6g",
            "total": 1,
            "valor_unitario": 945816,
            "descuento": 0.06,
            "IVA": 5
        },
        {
            "codigo": "9WcG5MAXQf",
            "total": 10,
            "valor_unitario": 18751,
            "descuento": 0.07,
            "IVA": 19
        },
        {
            "codigo": "mKJdKf9CQB",
            "total": 5,
            "valor_unitario": 820827,
            "descuento": 0.49,
            "IVA": 19
        },
        {
            "codigo": "v4BT0QQ2RN",
            "total": 5,
            "valor_unitario": 760328,
            "descuento": 0.15,
            "IVA": 19
        }
    ]
}