{
    "empresa_nit": "987654321",
    "empresa_ciudad": "CALI",
    "empresa_sede": "aeropuerto",
    "empresa_nombre": "FrutiBarato",
    "fecha_hora": "2022-08-10 08:49:53",
    "factura_num": "01109",
    "ciente_numero": 689352974,
    "pago_tipo": "TAR.DEBITO",
    "productos": [
        {
            "codigo": "I8Vz0lLk4I",
            "total": 8,
            "valor_unitario": 71759,
            "descuento": 0.15,
            "IVA": 5
        },
        {
            "codigo": "ud5spbZbOY",
            "total": 18,
            "valor_unitario": 261678,
            "descuento": 0.37,
            "IVA": 0
        },
        {
            "codigo": "d06s7r4j2Q",
            "total": 15,
            "valor_unitario": 524931,
            "descuento": 0.28,
            "IVA": 19
        },
        {
            "codigo": "5nk88EWjZ6",
            "total": 14,
            "valor_unitario": 400159,
            "descuento": 0.25,
            "IVA": 0
        },
        {
            "codigo": "uVvjZ1E8A7",
            "total": 14,
            "valor_unitario": 956192,
            "descuento": 0.31,
            "IVA": 19
        },
        {
            "codigo": "di4bAuZJN7",
            "total": 17,
            "valor_unitario": 943504,
            "descuento": 0.17,
            "IVA": 5
        },
        {
            "codigo": "XcWl4BMHwv",
            "total": 16,
            "valor_unitario": 422120,
            "descuento": 0.39,
            "IVA": 19
        },
        {
            "codigo": "U3cX7Dqzxg",
            "total": 20,
            "valor_unitario": 224006,
            "descuento": 0.45,
            "IVA": 0
        },
        {
            "codigo": "IfqRPCbw3d",
            "total": 7,
            "valor_unitario": 156382,
            "descuento": 0.27,
            "IVA": 0
        },
        {
            "codigo": "Y8KRUBpQya",
            "total": 7,
            "valor_unitario": 163353,
            "descuento": 0.03,
            "IVA": 5
        },
        {
            "codigo": "SO7Ryjhhwa",
            "total": 6,
            "valor_unitario": 169802,
            "descuento": 0.16,
            "IVA": 5
        },
        {
            "codigo": "15Fg8PvUD0",
            "total": 3,
            "valor_unitario": 802152,
            "descuento": 0.1,
            "IVA": 19
        },
        {
            "codigo": "5iNg5PZdzI",
            "total": 16,
            "valor_unitario": 580569,
            "descuento": 0.28,
            "IVA": 19
        },
        {
            "codigo": "y9vUR1Xsj1",
            "total": 16,
            "valor_unitario": 210013,
            "descuento": 0.35,
            "IVA": 5
        },
        {
            "codigo": "064UFTOdCy",
            "total": 19,
            "valor_unitario": 629997,
            "descuento": 0.23,
            "IVA": 0
        },
        {
            "codigo": "u8BTNdtzVu",
            "total": 11,
            "valor_unitario": 603831,
            "descuento": 0.49,
            "IVA": 5
        },
        {
            "codigo": "i5BzpvFrL4",
            "total": 1,
            "valor_unitario": 219784,
            "descuento": 0.49,
            "IVA": 0
        }
    ]
}