{
    "empresa_nit": "987654321",
    "empresa_ciudad": "MEDELLIN",
    "empresa_sede": "plaza",
    "empresa_nombre": "FrutiBarato",
    "fecha_hora": "2020-11-02 03:49:22",
    "factura_num": "01396",
    "ciente_numero": 609993434,
    "pago_tipo": "TAR.CREDITO",
    "productos": [
        {
            "codigo": "WeiEmUCG3P",
            "total": 20,
            "valor_unitario": 438591,
            "descuento": 0.2,
            "IVA": 0
        },
        {
            "codigo": "qRNgRcHWpq",
            "total": 12,
            "valor_unitario": 532222,
            "descuento": 0.25,
            "IVA": 0
        },
        {
            "codigo": "twSdryqXO8",
            "total": 8,
            "valor_unitario": 126584,
            "descuento": 0.17,
            "IVA": 0
        },
        {
            "codigo": "sy3XZZlGMq",
            "total": 9,
            "valor_unitario": 877512,
            "descuento": 0.23,
            "IVA": 19
        },
        {
            "codigo": "AeKxWCR3sH",
            "total": 20,
            "valor_unitario": 263852,
            "descuento": 0.02,
            "IVA": 5
        },
        {
            "codigo": "fsWLpismjx",
            "total": 12,
            "valor_unitario": 506383,
            "descuento": 0.36,
            "IVA": 5
        },
        {
            "codigo": "JCXzFyueti",
            "total": 18,
            "valor_unitario": 715339,
            "descuento": 0.19,
            "IVA": 19
        },
        {
            "codigo": "DBA7wDfot8",
            "total": 8,
            "valor_unitario": 985585,
            "descuento": 0.35,
            "IVA": 5
        },
        {
            "codigo": "TcRihhtLWR",
            "total": 20,
            "valor_unitario": 570475,
            "descuento": 0.39,
            "IVA": 19
        },
        {
            "codigo": "DFCNak2wwp",
            "total": 20,
            "valor_unitario": 860127,
            "descuento": 0.38,
            "IVA": 5
        },
        {
            "codigo": "tIahoOifcX",
            "total": 7,
            "valor_unitario": 783759,
            "descuento": 0.23,
            "IVA": 19
        },
        {
            "codigo": "gHweuY6JWF",
            "total": 13,
            "valor_unitario": 206497,
            "descuento": 0.1,
            "IVA": 5
        }
    ]
}