{
    "empresa_nit": "987654321",
    "empresa_ciudad": "TUNJA",
    "empresa_sede": "terminal",
    "empresa_nombre": "FrutiBarato",
    "fecha_hora": "2024-07-23 01:08:18",
    "factura_num": "01304",
    "ciente_numero": 526319517,
    "pago_tipo": "TAR.DEBITO",
    "productos": [
        {
            "codigo": "XI7WVZDyYX",
            "total": 6,
            "valor_unitario": 643023,
            "descuento": 0.38,
            "IVA": 0
        },
        {
            "codigo": "WhdxP7qGva",
            "total": 19,
            "valor_unitario": 386188,
            "descuento": 0.29,
            "IVA": 0
        },
        {
            "codigo": "wJGuhdMggT",
            "total": 15,
            "valor_unitario": 652560,
            "descuento": 0.16,
            "IVA": 0
        },
        {
            "codigo": "tYD95uV6tE",
            "total": 10,
            "valor_unitario": 675383,
            "descuento": 0.07,
            "IVA": 19
        },
        {
            "codigo": "ZORwnwapXD",
            "total": 16,
            "valor_unitario": 37881,
            "descuento": 0.46,
            "IVA": 5
        },
        {
            "codigo": "uvgY776Z5V",
            "total": 8,
            "valor_unitario": 778666,
            "descuento": 0.48,
            "IVA": 5
        },
        {
            "codigo": "Ukyqq0YXWl",
            "total": 12,
            "valor_unitario": 672875,
            "descuento": 0.32,
            "IVA": 19
        },
        {
            "codigo": "C4DPF4oJfA",
            "total": 7,
            "valor_unitario": 894615,
            "descuento": 0.47,
            "IVA": 5
        },
        {
            "codigo": "vUgL8389cp",
            "total": 17,
            "valor_unitario": 220535,
            "descuento": 0.23,
            "IVA": 0
        },
        {
            "codigo": "95Wv7RYpE9",
            "total": 3,
            "valor_unitario": 853382,
            "descuento": 0.27,
            "IVA": 0
        },
        {
            "codigo": "YXKK1yXIw6",
            "total": 17,
            "valor_unitario": 61573,
            "descuento": 0.27,
            "IVA": 19
        },
        {
            "codigo": "3JyaMWsBS0",
            "total": 8,
            "valor_unitario": 620190,
            "descuento": 0.02,
            "IVA": 19
        }
    ]
}