{
    "empresa_nit": "987654321",
    "empresa_ciudad": "TUNJA",
    "empresa_sede": "centro",
    "empresa_nombre": "FrutiBarato",
    "fecha_hora": "2022-05-15 21:29:28",
    "factura_num": "01076",
    "ciente_numero": 336920356,
    "pago_tipo": "TAR.DEBITO",
    "productos": [
        {
            "codigo": "gng6W1gxWR",
            "total": 18,
            "valor_unitario": 325485,
            "descuento": 0.15,
            "IVA": 19
        },
        {
            "codigo": "zgz2Ioi4K8",
            "total": 16,
            "valor_unitario": 539063,
            "descuento": 0.38,
            "IVA": 0
        },
        {
            "codigo": "QoiYyhhA4I",
            "total": 6,
            "valor_unitario": 808891,
            "descuento": 0.21,
            "IVA": 19
        },
        {
            "codigo": "CW2hh5oE8q",
            "total": 2,
            "valor_unitario": 80617,
            "descuento": 0.44,
            "IVA": 5
        },
        {
            "codigo": "lEjK4mHcKm",
            "total": 10,
            "valor_unitario": 652273,
            "descuento": 0.37,
            "IVA": 19
        },
        {
            "codigo": "ZN4BBeWsqA",
            "total": 6,
            "valor_unitario": 280972,
            "descuento": 0.28,
            "IVA": 5
        },
        {
            "codigo": "US8SdSG1lz",
            "total": 2,
            "valor_unitario": 517264,
            "descuento": 0.43,
            "IVA": 5
        },
        {
            "codigo": "akMRlt80s2",
            "total": 2,
            "valor_unitario": 215488,
            "descuento": 0.45,
            "IVA": 5
        },
        {
            "codigo": "8FzJ2KkAX6",
            "total": 15,
            "valor_unitario": 317888,
            "descuento": 0.38,
            "IVA": 0
        },
        {
            "codigo": "G6WO9zIqXz",
            "total": 2,
            "valor_unitario": 501104,
            "descuento": 0.23,
            "IVA": 0
        },
        {
            "codigo": "ijaXiJCL0l",
            "total": 17,
            "valor_unitario": 977935,
            "descuento": 0.0,
            "IVA": 5
        },
        {
            "codigo": "1yz7prOIKz",
            "total": 5,
            "valor_unitario": 89050,
            "descuento": 0.22,
            "IVA": 0
        },
        {
            "codigo": "kZooTMDma2",
            "total": 8,
            "valor_unitario": 93737,
            "descuento": 0.27,
            "IVA": 5
        },
        {
            "codigo": "VWau8SdTfZ",
            "total": 16,
            "valor_unitario": 815451,
            "descuento": 0.42,
            "IVA": 0
        },
        {
            "codigo": "IiZAeTzNmJ",
            "total": 1,
            "valor_unitario": 532697,
            "descuento": 0.42,
            "IVA": 19
        },
        {
            "codigo": "QJtpeSaAhQ",
            "total": 19,
            "valor_unitario": 151319,
            "descuento": 0.39,
            "IVA": 19
        },
        {
            "codigo": "yccuYnvrO0",
            "total": 6,
            "valor_unitario": 331529,
            "descuento": 0.02,
            "IVA": 0
        },
        {
            "codigo": "mfLSXY9y56",
            "total": 4,
            "valor_unitario": 158564,
            "descuento": 0.26,
            "IVA": 5
        },
        {
            "codigo": "QOImT9gCjD",
            "total": 15,
            "valor_unitario": 142069,
            "descuento": 0.11,
            "IVA": 0
        },
        {
            "codigo": "kTGl8RDjXJ",
            "total": 13,
            "valor_unitario": 28127,
            "descuento": 0.21,
            "IVA": 0
        }
    ]
}