{
    "empresa_nit": "987654321",
    "empresa_ciudad": "CALI",
    "empresa_sede": "alcaldia",
    "empresa_nombre": "FrutiBarato",
    "fecha_hora": "2024-08-05 11:12:45",
    "factura_num": "00141",
    "ciente_numero": 817434379,
    "pago_tipo": "TAR.DEBITO",
    "productos": [
        {
            "codigo": "Mgmy6fodO4",
            "total": 20,
            "valor_unitario": 74413,
            "descuento": 0.28,
            "IVA": 5
        },
        {
            "codigo": "mBZVld6PVQ",
            "total": 9,
            "valor_unitario": 756704,
            "descuento": 0.33,
            "IVA": 0
        },
        {
            "codigo": "nEPw3YOVuz",
            "total": 4,
            "valor_unitario": 895634,
            "descuento": 0.21,
            "IVA": 0
        },
        {
            "codigo": "rLMf7qwBZU",
            "total": 18,
            "valor_unitario": 584798,
            "descuento": 0.45,
            "IVA": 0
        },
        {
            "codigo": "yTmMaY5OYd",
            "total": 4,
            "valor_unitario": 954775,
            "descuento": 0.47,
            "IVA": 0
        }
    ]
}