{
    "empresa_nit": "987654321",
    "empresa_ciudad": "TUNJA",
    "empresa_sede": "centro",
    "empresa_nombre": "FrutiBarato",
    "fecha_hora": "2020-08-24 12:59:18",
    "factura_num": "01116",
    "ciente_numero": 224163148,
    "pago_tipo": "TAR.DEBITO",
    "productos": [
        {
            "codigo": "KwkxOv9M0V",
            "total": 7,
            "valor_unitario": 933005,
            "descuento": 0.28,
            "IVA": 19
        },
        {
            "codigo": "luuG9ZRwsv",
            "total": 12,
            "valor_unitario": 979269,
            "descuento": 0.29,
            "IVA": 19
        },
        {
            "codigo": "GC4o23ZSTJ",
            "total": 20,
            "valor_unitario": 848235,
            "descuento": 0.37,
            "IVA": 19
        },
        {
            "codigo": "FlKuRBGhZi",
            "total": 13,
            "valor_unitario": 715961,
            "descuento": 0.11,
            "IVA": 0
        },
        {
            "codigo": "qrNGoA3qlx",
            "total": 12,
            "valor_unitario": 277773,
            "descuento": 0.15,
            "IVA": 19
        },
        {
            "codigo": "X8krSFN1aF",
            "total": 8,
            "valor_unitario": 450831,
            "descuento": 0.16,
            "IVA": 0
        }
    ]
}