{
    "empresa_nit": "987654321",
    "empresa_ciudad": "MEDELLIN",
    "empresa_sede": "aeropuerto",
    "empresa_nombre": "FrutiBarato",
    "fecha_hora": "2023-05-06 23:16:33",
    "factura_num": "01051",
    "ciente_numero": 441434243,
    "pago_tipo": "TRANFERENCIA",
    "productos": [
        {
            "codigo": "yMzYQVCv2L",
            "total": 2,
            "valor_unitario": 808506,
            "descuento": 0.07,
            "IVA": 0
        },
        {
            "codigo": "4X19RIfsAK",
            "total": 17,
            "valor_unitario": 58943,
            "descuento": 0.27,
            "IVA": 5
        },
        {
            "codigo": "dhE6dhS5Th",
            "total": 7,
            "valor_unitario": 965691,
            "descuento": 0.41,
            "IVA": 5
        },
        {
            "codigo": "SOVjumYQEa",
            "total": 16,
            "valor_unitario": 586459,
            "descuento": 0.08,
            "IVA": 19
        },
        {
            "codigo": "ttJTwSwZa3",
            "total": 11,
            "valor_unitario": 55936,
            "descuento": 0.21,
            "IVA": 19
        },
        {
            "codigo": "yFGpM08QEC",
            "total": 11,
            "valor_unitario": 138154,
            "descuento": 0.43,
            "IVA": 5
        },
        {
            "codigo": "2gjQkjbfia",
            "total": 2,
            "valor_unitario": 284968,
            "descuento": 0.14,
            "IVA": 0
        },
        {
            "codigo": "TtspNDFBkt",
            "total": 10,
            "valor_unitario": 1816,
            "descuento": 0.29,
            "IVA": 5
        }
    ]
}