{
    "empresa_nit": "987654321",
    "empresa_ciudad": "BOGOTA",
    "empresa_sede": "centro",
    "empresa_nombre": "FrutiBarato",
    "fecha_hora": "2020-11-27 07:42:24",
    "factura_num": "00142",
    "ciente_numero": 867117602,
    "pago_tipo": "EFECTIVO",
    "productos": [
        {
            "codigo": "YcFEHp4aB4",
            "total": 4,
            "valor_unitario": 620382,
            "descuento": 0.4,
            "IVA": 19
        },
        {
            "codigo": "yzUHsXdWvr",
            "total": 19,
            "valor_unitario": 347814,
            "descuento": 0.26,
            "IVA": 19
        },
        {
            "codigo": "dAT8Ow4xRY",
            "total": 15,
            "valor_unitario": 661529,
            "descuento": 0.38,
            "IVA": 19
        },
        {
            "codigo": "IgbwhmQ4Eq",
            "total": 12,
            "valor_unitario": 435043,
            "descuento": 0.48,
            "IVA": 0
        },
        {
            "codigo": "r8dyWVWt00",
            "total": 8,
            "valor_unitario": 339931,
            "descuento": 0.48,
            "IVA": 0
        },
        {
            "codigo": "NX9KbpPJcP",
            "total": 20,
            "valor_unitario": 15590,
            "descuento": 0.07,
            "IVA": 0
        },
        {
            "codigo": "MTpePubJal",
            "total": 15,
            "valor_unitario": 959713,
            "descuento": 0.35,
            "IVA": 19
        },
        {
            "codigo": "0xm5oJNYrm",
            "total": 12,
            "valor_unitario": 356564,
            "descuento": 0.11,
            "IVA": 5
        }
    ]
}