{
    "empresa_nit": "987654321",
    "empresa_ciudad": "BOGOTA",
    "empresa_sede": "terminal",
    "empresa_nombre": "FrutiBarato",
    "fecha_hora": "2023-09-20 03:17:47",
    "factura_num": "01238",
    "ciente_numero": 308902347,
    "pago_tipo": "TRANFERENCIA",
    "productos": [
        {
            "codigo": "MkMRy4itd2",
            "total": 16,
            "valor_unitario": 161871,
            "descuento": 0.4,
            "IVA": 19
        },
        {
            "codigo": "wjHjl1RiJ3",
            "total": 9,
            "valor_unitario": 563460,
            "descuento": 0.01,
            "IVA": 19
        },
        {
            "codigo": "LKTZY7PwG0",
            "total": 4,
            "valor_unitario": 129274,
            "descuento": 0.04,
            "IVA": 0
        },
        {
            "codigo": "o0JmkwPdh4",
            "total": 15,
            "valor_unitario": 575591,
            "descuento": 0.47,
            "IVA": 0
        },
        {
            "codigo": "kOk7yLzJFt",
            "total": 11,
            "valor_unitario": 802161,
            "descuento": 0.45,
            "IVA": 0
        },
        {
            "codigo": "ySI0jRlAB6",
            "total": 12,
            "valor_unitario": 778162,
            "descuento": 0.3,
            "IVA": 0
        },
        {
            "codigo": "FALyrG3g87",
            "total": 16,
            "valor_unitario": 74539,
            "descuento": 0.19,
            "IVA": 0
        },
        {
            "codigo": "7YEA1V3kGN",
            "total": 5,
            "valor_unitario": 460600,
            "descuento": 0.04,
            "IVA": 5
        },
        {
            "codigo": "T5OYSeWf6O",
            "total": 20,
            "valor_unitario": 122562,
            "descuento": 0.39,
            "IVA": 5
        },
        {
            "codigo": "FKvz0NBN4Q",
            "total": 2,
            "valor_unitario": 917592,
            "descuento": 0.01,
            "IVA": 19
        },
        {
            "codigo": "AyMiiU9Z8l",
            "total": 13,
            "valor_unitario": 304964,
            "descuento": 0.26,
            "IVA": 19
        },
        {
            "codigo": "xP12ftyLso",
            "total": 18,
            "valor_unitario": 406144,
            "descuento": 0.44,
            "IVA": 0
        }
    ]
}