{
    "empresa_nit": "987654321",
    "empresa_ciudad": "TUNJA",
    "empresa_sede": "alcaldia",
    "empresa_nombre": "FrutiBarato",
    "fecha_hora": "2020-02-10 21:00:38",
    "factura_num": "01359",
    "ciente_numero": 356145187,
    "pago_tipo": "TAR.CREDITO",
    "productos": [
        {
            "codigo": "biQ0ioIspd",
            "total": 12,
            "valor_unitario": 369755,
            "descuento": 0.2,
            "IVA": 5
        },
        {
            "codigo": "5qdj4lMnJ6",
            "total": 18,
            "valor_unitario": 760973,
            "descuento": 0.04,
            "IVA": 0
        },
        {
            "codigo": "zsG82iCYpK",
            "total": 19,
            "valor_unitario": 584777,
            "descuento": 0.48,
            "IVA": 19
        },
        {
            "codigo": "LWAu6J8X33",
            "total": 5,
            "valor_unitario": 261114,
            "descuento": 0.06,
            "IVA": 5
        },
        {
            "codigo": "h2JkLcbNMC",
            "total": 15,
            "valor_unitario": 105966,
            "descuento": 0.32,
            "IVA": 19
        },
        {
            "codigo": "kgcfkOLXHB",
            "total": 15,
            "valor_unitario": 552004,
            "descuento": 0.36,
            "IVA": 5
        },
        {
            "codigo": "D5ny6XO2IA",
            "total": 4,
            "valor_unitario": 498810,
            "descuento": 0.36,
            "IVA": 5
        },
        {
            "codigo": "xCtZEgMkyE",
            "total": 1,
            "valor_unitario": 5352,
            "descuento": 0.08,
            "IVA": 5
        },
        {
            "codigo": "Pk2XxkCeWI",
            "total": 8,
            "valor_unitario": 116970,
            "descuento": 0.14,
            "IVA": 5
        },
        {
            "codigo": "sMkdan6xY2",
            "total": 4,
            "valor_unitario": 215515,
            "descuento": 0.01,
            "IVA": 0
        },
        {
            "codigo": "HpSYXLPhuO",
            "total": 19,
            "valor_unitario": 286095,
            "descuento": 0.42,
            "IVA": 0
        },
        {
            "codigo": "4aEf1kzbO6",
            "total": 16,
            "valor_unitario": 743640,
            "descuento": 0.42,
            "IVA": 5
        },
        {
            "codigo": "XgOtinq3KT",
            "total": 10,
            "valor_unitario": 995698,
            "descuento": 0.24,
            "IVA": 0
        },
        {
            "codigo": "Uo3qNaNcUd",
            "total": 18,
            "valor_unitario": 640311,
            "descuento": 0.27,
            "IVA": 5
        },
        {
            "codigo": "YAl9ruLCSq",
            "total": 12,
            "valor_unitario": 900172,
            "descuento": 0.07,
            "IVA": 19
        },
        {
            "codigo": "6xjgS19vvl",
            "total": 17,
            "valor_unitario": 123600,
            "descuento": 0.28,
            "IVA": 5
        },
        {
            "codigo": "sdDwkNFhNN",
            "total": 7,
            "valor_unitario": 892589,
            "descuento": 0.06,
            "IVA": 5
        },
        {
            "codigo": "dNZVrkAPbw",
            "total": 5,
            "valor_unitario": 550781,
            "descuento": 0.15,
            "IVA": 5
        }
    ]
}