{
    "empresa_nit": "987654321",
    "empresa_ciudad": "TUNJA",
    "empresa_sede": "terminal",
    "empresa_nombre": "FrutiBarato",
    "fecha_hora": "2024-04-01 00:49:37",
    "factura_num": "01218",
    "ciente_numero": 392260496,
    "pago_tipo": "TRANFERENCIA",
    "productos": [
        {
            "codigo": "igRfNZux7s",
            "total": 13,
            "valor_unitario": 541143,
            "descuento": 0.44,
            "IVA": 5
        },
        {
            "codigo": "pWLW0dKXg5",
            "total": 5,
            "valor_unitario": 95555,
            "descuento": 0.2,
            "IVA": 5
        },
        {
            "codigo": "Ps3oyrAUsQ",
            "total": 17,
            "valor_unitario": 140146,
            "descuento": 0.08,
            "IVA": 5
        },
        {
            "codigo": "KJSW3D26CX",
            "total": 17,
            "valor_unitario": 807405,
            "descuento": 0.15,
            "IVA": 5
        },
        {
            "codigo": "fwddTiX5e0",
            "total": 6,
            "valor_unitario": 100341,
            "descuento": 0.13,
            "IVA": 0
        },
        {
            "codigo": "pUFCmTJQK1",
            "total": 2,
            "valor_unitario": 521527,
            "descuento": 0.1,
            "IVA": 19
        },
        {
            "codigo": "mjXzeKICCm",
            "total": 12,
            "valor_unitario": 427123,
            "descuento": 0.21,
            "IVA": 19
        },
        {
            "codigo": "6ksKnfLNIW",
            "total": 1,
            "valor_unitario": 470802,
            "descuento": 0.25,
            "IVA": 0
        },
        {
            "codigo": "pauvVlbgGE",
            "total": 11,
            "valor_unitario": 116029,
            "descuento": 0.36,
            "IVA": 19
        },
        {
            "codigo": "Hy3LNhf9Ou",
            "total": 19,
            "valor_unitario": 50929,
            "descuento": 0.38,
            "IVA": 19
        },
        {
            "codigo": "VvA3DaP2DD",
            "total": 9,
            "valor_unitario": 216638,
            "descuento": 0.05,
            "IVA": 19
        }
    ]
}