{
    "empresa_nit": "987654321",
    "empresa_ciudad": "MEDELLIN",
    "empresa_sede": "centro",
    "empresa_nombre": "FrutiBarato",
    "fecha_hora": "2020-12-18 06:08:09",
    "factura_num": "01430",
    "ciente_numero": 830653243,
    "pago_tipo": "TAR.CREDITO",
    "productos": [
        {
            "codigo": "08TA2QSd03",
            "total": 13,
            "valor_unitario": 845753,
            "descuento": 0.11,
            "IVA": 19
        },
        {
            "codigo": "nDR37evcKe",
            "total": 12,
            "valor_unitario": 937145,
            "descuento": 0.34,
            "IVA": 5
        },
        {
            "codigo": "8VPHRqVPSQ",
            "total": 12,
            "valor_unitario": 247866,
            "descuento": 0.02,
            "IVA": 5
        },
        {
            "codigo": "YKxeljddDG",
            "total": 4,
            "valor_unitario": 185863,
            "descuento": 0.06,
            "IVA": 5
        },
        {
            "codigo": "19PVwTNqNN",
            "total": 8,
            "valor_unitario": 460589,
            "descuento": 0.0,
            "IVA": 19
        },
        {
            "codigo": "5f9WAJcQ3Q",
            "total": 14,
            "valor_unitario": 261415,
            "descuento": 0.43,
            "IVA": 0
        },
        {
            "codigo": "zPi5uYk8HN",
            "total": 19,
            "valor_unitario": 917983,
            "descuento": 0.44,
            "IVA": 19
        },
        {
            "codigo": "4B6pu4H9GR",
            "total": 2,
            "valor_unitario": 631620,
            "descuento": 0.27,
            "IVA": 5
        },
        {
            "codigo": "OjsM2CDtxb",
            "total": 9,
            "valor_unitario": 260899,
            "descuento": 0.4,
            "IVA": 5
        }
    ]
}