{
    "empresa_nit": "987654321",
    "empresa_ciudad": "BOGOTA",
    "empresa_sede": "terminal",
    "empresa_nombre": "FrutiBarato",
    "fecha_hora": "2022-07-29 05:16:59",
    "factura_num": "01161",
    "ciente_numero": 288506792,
    "pago_tipo": "TAR.DEBITO",
    "productos": [
        {
            "codigo": "EmX2Z3Ds9E",
            "total": 7,
            "valor_unitario": 78440,
            "descuento": 0.25,
            "IVA": 0
        },
        {
            "codigo": "j4EAiVIyhw",
            "total": 9,
            "valor_unitario": 587652,
            "descuento": 0.31,
            "IVA": 19
        },
        {
            "codigo": "9S6GwgxHW6",
            "total": 2,
            "valor_unitario": 727591,
            "descuento": 0.2,
            "IVA": 19
        },
        {
            "codigo": "BAMu00dCIQ",
            "total": 15,
            "valor_unitario": 15429,
            "descuento": 0.41,
            "IVA": 0
        }
    ]
}