{
    "empresa_nit": "987654321",
    "empresa_ciudad": "CALI",
    "empresa_sede": "terminal",
    "empresa_nombre": "FrutiBarato",
    "fecha_hora": "2020-01-01 19:52:34",
    "factura_num": "01433",
    "ciente_numero": 139995088,
    "pago_tipo": "EFECTIVO",
    "productos": [
        {
            "codigo": "dNQaawozCf",
            "total": 16,
            "valor_unitario": 773250,
            "descuento": 0.28,
            "IVA": 0
        },
        {
            "codigo": "yQIMkmYLd0",
            "total": 19,
            "valor_unitario": 715760,
            "descuento": 0.31,
            "IVA": 19
        },
        {
            "codigo": "CqYEpMRyN9",
            "total": 16,
            "valor_unitario": 805922,
            "descuento": 0.47,
            "IVA": 0
        },
        {
            "codigo": "s1hAVaNoDg",
            "total": 3,
            "valor_unitario": 60543,
            "descuento": 0.05,
            "IVA": 5
        },
        {
            "codigo": "eCKp1wnTPy",
            "total": 5,
            "valor_unitario": 696773,
            "descuento": 0.21,
            "IVA": 5
        },
        {
            "codigo": "rSEliFo4Pr",
            "total": 6,
            "valor_unitario": 983981,
            "descuento": 0.04,
            "IVA": 19
        },
        {
            "codigo": "h9nWIHnmO2",
            "total": 1,
            "valor_unitario": 974416,
            "descuento": 0.3,
            "IVA": 19
        },
        {
            "codigo": "8HrsHHPfVT",
            "total": 2,
            "valor_unitario": 72262,
            "descuento": 0.07,
            "IVA": 0
        },
        {
            "codigo": "BMAuvFP1De",
            "total": 6,
            "valor_unitario": 144541,
            "descuento": 0.49,
            "IVA": 0
        },
        {
            "codigo": "JlSr2nI5In",
            "total": 8,
            "valor_unitario": 932002,
            "descuento": 0.12,
            "IVA": 5
        },
        {
            "codigo": "oeYDC3cm1G",
            "total": 17,
            "valor_unitario": 772042,
            "descuento": 0.38,
            "IVA": 0
        },
        {
            "codigo": "yEYdDAzL8H",
            "total": 5,
            "valor_unitario": 517778,
            "descuento": 0.5,
            "IVA": 19
        },
        {
            "codigo": "zN3h9nycRe",
            "total": 7,
            "valor_unitario": 721437,
            "descuento": 0.14,
            "IVA": 5
        },
        {
            "codigo": "LHF1o72Rum",
            "total": 1,
            "valor_unitario": 511207,
            "descuento": 0.31,
            "IVA": 19
        }
    ]
}