{
    "empresa_nit": "987654321",
    "empresa_ciudad": "BARRANQUILLA",
    "empresa_sede": "autopista",
    "empresa_nombre": "FrutiBarato",
    "fecha_hora": "2021-10-21 17:13:51",
    "factura_num": "01034",
    "ciente_numero": 951484838,
    "pago_tipo": "TAR.DEBITO",
    "productos": [
        {
            "codigo": "QsTu13MCZE",
            "total": 1,
            "valor_unitario": 891514,
            "descuento": 0.04,
            "IVA": 0
        },
        {
            "codigo": "hcWyrStD8N",
            "total": 5,
            "valor_unitario": 480344,
            "descuento": 0.1,
            "IVA": 0
        },
        {
            "codigo": "M86e2sY0vy",
            "total": 20,
            "valor_unitario": 414898,
            "descuento": 0.41,
            "IVA": 19
        },
        {
            "codigo": "55TuFkAKoO",
            "total": 18,
            "valor_unitario": 760338,
            "descuento": 0.19,
            "IVA": 0
        },
        {
            "codigo": "iyk8c90Jxi",
            "total": 12,
            "valor_unitario": 497702,
            "descuento": 0.41,
            "IVA": 5
        }
    ]
}