{
    "empresa_nit": "987654321",
    "empresa_ciudad": "CALI",
    "empresa_sede": "autopista",
    "empresa_nombre": "FrutiBarato",
    "fecha_hora": "2022-10-12 01:22:59",
    "factura_num": "01267",
    "ciente_numero": 588531986,
    "pago_tipo": "TAR.CREDITO",
    "productos": [
        {
            "codigo": "ypeqRp855o",
            "total": 13,
            "valor_unitario": 287853,
            "descuento": 0.16,
            "IVA": 5
        },
        {
            "codigo": "0VKRQJYzcS",
            "total": 16,
            "valor_unitario": 810451,
            "descuento": 0.1,
            "IVA": 5
        },
        {
            "codigo": "U3VPjVmWKW",
            "total": 14,
            "valor_unitario": 752547,
            "descuento": 0.05,
            "IVA": 5
        },
        {
            "codigo": "HiLQfWU1zn",
            "total": 8,
            "valor_unitario": 930124,
            "descuento": 0.26,
            "IVA": 0
        },
        {
            "codigo": "5YkY8Z3DSv",
            "total": 17,
            "valor_unitario": 384763,
            "descuento": 0.27,
            "IVA": 5
        },
        {
            "codigo": "R7sGa0sFmM",
            "total": 3,
            "valor_unitario": 784006,
            "descuento": 0.13,
            "IVA": 5
        },
        {
            "codigo": "SKKaRs2ViJ",
            "total": 20,
            "valor_unitario": 111250,
            "descuento": 0.39,
            "IVA": 19
        },
        {
            "codigo": "a30Q8rqtjq",
            "total": 15,
            "valor_unitario": 486424,
            "descuento": 0.04,
            "IVA": 5
        },
        {
            "codigo": "ysALYKmKFU",
            "total": 20,
            "valor_unitario": 803463,
            "descuento": 0.18,
            "IVA": 19
        },
        {
            "codigo": "4qGsaNZoUD",
            "total": 3,
            "valor_unitario": 552856,
            "descuento": 0.23,
            "IVA": 5
        },
        {
            "codigo": "LHN1B5uwnt",
            "total": 8,
            "valor_unitario": 30038,
            "descuento": 0.08,
            "IVA": 0
        },
        {
            "codigo": "iJwZvJFRqo",
            "total": 11,
            "valor_unitario": 352537,
            "descuento": 0.14,
            "IVA": 5
        },
        {
            "codigo": "X6uMU832Ae",
            "total": 11,
            "valor_unitario": 320125,
            "descuento": 0.25,
            "IVA": 0
        }
    ]
}