{
    "empresa_nit": "987654321",
    "empresa_ciudad": "TUNJA",
    "empresa_sede": "autopista",
    "empresa_nombre": "FrutiBarato",
    "fecha_hora": "2025-02-11 01:27:38",
    "factura_num": "01036",
    "ciente_numero": 457278992,
    "pago_tipo": "TAR.CREDITO",
    "productos": [
        {
            "codigo": "FSMzVMXwOx",
            "total": 3,
            "valor_unitario": 801099,
            "descuento": 0.49,
            "IVA": 5
        },
        {
            "codigo": "i8Xr9qctse",
            "total": 18,
            "valor_unitario": 377534,
            "descuento": 0.35,
            "IVA": 0
        },
        {
            "codigo": "yjXddLDu7T",
            "total": 18,
            "valor_unitario": 960932,
            "descuento": 0.49,
            "IVA": 0
        },
        {
            "codigo": "dwUjqhqH0L",
            "total": 14,
            "valor_unitario": 492192,
            "descuento": 0.12,
            "IVA": 5
        },
        {
            "codigo": "JIbCqfZSHL",
            "total": 10,
            "valor_unitario": 413362,
            "descuento": 0.15,
            "IVA": 0
        },
        {
            "codigo": "BEyxPv08di",
            "total": 16,
            "valor_unitario": 132031,
            "descuento": 0.27,
            "IVA": 0
        },
        {
            "codigo": "56IReTJki2",
            "total": 13,
            "valor_unitario": 800298,
            "descuento": 0.42,
            "IVA": 0
        },
        {
            "codigo": "4TB5CYYVva",
            "total": 13,
            "valor_unitario": 125742,
            "descuento": 0.19,
            "IVA": 5
        },
        {
            "codigo": "hhylKKKv7j",
            "total": 14,
            "valor_unitario": 722830,
            "descuento": 0.39,
            "IVA": 0
        },
        {
            "codigo": "wSfCzULjX4",
            "total": 2,
            "valor_unitario": 661707,
            "descuento": 0.47,
            "IVA": 5
        },
        {
            "codigo": "UiAFIPzx76",
            "total": 10,
            "valor_unitario": 690921,
            "descuento": 0.03,
            "IVA": 19
        },
        {
            "codigo": "vn5fPomiwx",
            "total": 1,
            "valor_unitario": 798486,
            "descuento": 0.01,
            "IVA": 0
        },
        {
            "codigo": "RKz5rNIMkP",
            "total": 6,
            "valor_unitario": 798940,
            "descuento": 0.4,
            "IVA": 0
        },
        {
            "codigo": "aY6MqKri9e",
            "total": 12,
            "valor_unitario": 461059,
            "descuento": 0.49,
            "IVA": 5
        },
        {
            "codigo": "HxnJES54KC",
            "total": 18,
            "valor_unitario": 528063,
            "descuento": 0.07,
            "IVA": 0
        },
        {
            "codigo": "jknijZNVqq",
            "total": 15,
            "valor_unitario": 211783,
            "descuento": 0.11,
            "IVA": 19
        },
        {
            "codigo": "I1SE1q8PgY",
            "total": 6,
            "valor_unitario": 536037,
            "descuento": 0.39,
            "IVA": 0
        },
        {
            "codigo": "5M0vOHaoeO",
            "total": 14,
            "valor_unitario": 702254,
            "descuento": 0.14,
            "IVA": 0
        }
    ]
}