{
    "empresa_nit": "987654321",
    "empresa_ciudad": "MEDELLIN",
    "empresa_sede": "aeropuerto",
    "empresa_nombre": "FrutiBarato",
    "fecha_hora": "2021-12-16 09:16:26",
    "factura_num": "01401",
    "ciente_numero": 758976718,
    "pago_tipo": "EFECTIVO",
    "productos": [
        {
            "codigo": "ekpoPUbCEj",
            "total": 9,
            "valor_unitario": 571740,
            "descuento": 0.37,
            "IVA": 5
        },
        {
            "codigo": "y8vBQXfAqj",
            "total": 17,
            "valor_unitario": 300920,
            "descuento": 0.06,
            "IVA": 0
        },
        {
            "codigo": "emPaU2WI9Y",
            "total": 3,
            "valor_unitario": 815832,
            "descuento": 0.42,
            "IVA": 0
        },
        {
            "codigo": "k6xUit0KzP",
            "total": 9,
            "valor_unitario": 101110,
            "descuento": 0.16,
            "IVA": 5
        },
        {
            "codigo": "2dqpfGl2ID",
            "total": 1,
            "valor_unitario": 830990,
            "descuento": 0.09,
            "IVA": 0
        },
        {
            "codigo": "yPU3Dn4WHZ",
            "total": 8,
            "valor_unitario": 76655,
            "descuento": 0.02,
            "IVA": 0
        },
        {
            "codigo": "WAkVEX7Oxe",
            "total": 8,
            "valor_unitario": 249748,
            "descuento": 0.14,
            "IVA": 19
        },
        {
            "codigo": "J1c1V9gbjk",
            "total": 6,
            "valor_unitario": 811801,
            "descuento": 0.16,
            "IVA": 0
        },
        {
            "codigo": "x7orja2nBr",
            "total": 4,
            "valor_unitario": 888339,
            "descuento": 0.12,
            "IVA": 5
        },
        {
            "codigo": "xNSLp8mwwf",
            "total": 11,
            "valor_unitario": 136482,
            "descuento": 0.04,
            "IVA": 0
        },
        {
            "codigo": "LmtbzMxtK2",
            "total": 12,
            "valor_unitario": 517992,
            "descuento": 0.24,
            "IVA": 0
        }
    ]
}