{
    "empresa_nit": "987654321",
    "empresa_ciudad": "BOGOTA",
    "empresa_sede": "centro",
    "empresa_nombre": "FrutiBarato",
    "fecha_hora": "2020-09-18 22:27:11",
    "factura_num": "01294",
    "ciente_numero": 720643242,
    "pago_tipo": "TRANFERENCIA",
    "productos": [
        {
            "codigo": "pMQJq4yyti",
            "total": 18,
            "valor_unitario": 64481,
            "descuento": 0.38,
            "IVA": 0
        },
        {
            "codigo": "0edonBKiRO",
            "total": 20,
            "valor_unitario": 494756,
            "descuento": 0.28,
            "IVA": 19
        },
        {
            "codigo": "K0WhOouLTm",
            "total": 8,
            "valor_unitario": 808938,
            "descuento": 0.28,
            "IVA": 5
        },
        {
            "codigo": "wW1pZAYpUA",
            "total": 6,
            "valor_unitario": 194442,
            "descuento": 0.42,
            "IVA": 0
        },
        {
            "codigo": "JeZvC1Zg3K",
            "total": 20,
            "valor_unitario": 338675,
            "descuento": 0.24,
            "IVA": 19
        },
        {
            "codigo": "MGaCH4kEwB",
            "total": 3,
            "valor_unitario": 978607,
            "descuento": 0.27,
            "IVA": 5
        },
        {
            "codigo": "h4bogPty6g",
            "total": 5,
            "valor_unitario": 999462,
            "descuento": 0.01,
            "IVA": 19
        },
        {
            "codigo": "Xj7PRgQxYr",
            "total": 15,
            "valor_unitario": 201595,
            "descuento": 0.39,
            "IVA": 0
        },
        {
            "codigo": "AlMWX68Jo0",
            "total": 4,
            "valor_unitario": 585047,
            "descuento": 0.09,
            "IVA": 19
        },
        {
            "codigo": "DWlygmNm3S",
            "total": 8,
            "valor_unitario": 38740,
            "descuento": 0.31,
            "IVA": 0
        },
        {
            "codigo": "4UmZcyB74G",
            "total": 7,
            "valor_unitario": 39932,
            "descuento": 0.21,
            "IVA": 19
        }
    ]
}