{
    "empresa_nit": "987654321",
    "empresa_ciudad": "BOGOTA",
    "empresa_sede": "plaza",
    "empresa_nombre": "FrutiBarato",
    "fecha_hora": "2020-06-07 08:52:56",
    "factura_num": "00140",
    "ciente_numero": 664036132,
    "pago_tipo": "TRANFERENCIA",
    "productos": [
        {
            "codigo": "vv2Y4d8su6",
            "total": 2,
            "valor_unitario": 303196,
            "descuento": 0.21,
            "IVA": 19
        },
        {
            "codigo": "V3WgCn6ybw",
            "total": 8,
            "valor_unitario": 620028,
            "descuento": 0.11,
            "IVA": 0
        }
    ]
}