{
    "empresa_nit": "987654321",
    "empresa_ciudad": "BARRANQUILLA",
    "empresa_sede": "alcaldia",
    "empresa_nombre": "FrutiBarato",
    "fecha_hora": "2021-05-24 16:39:23",
    "factura_num": "01212",
    "ciente_numero": 80528449,
    "pago_tipo": "EFECTIVO",
    "productos": [
        {
            "codigo": "pQcdVXEexl",
            "total": 12,
            "valor_unitario": 885059,
            "descuento": 0.49,
            "IVA": 19
        },
        {
            "codigo": "SnbEnmVKwu",
            "total": 20,
            "valor_unitario": 32298,
            "descuento": 0.41,
            "IVA": 19
        },
        {
            "codigo": "ysu5JAZiMA",
            "total": 13,
            "valor_unitario": 539693,
            "descuento": 0.18,
            "IVA": 5
        },
        {
            "codigo": "RpKVesBoUb",
            "total": 13,
            "valor_unitario": 190492,
            "descuento": 0.12,
            "IVA": 0
        },
        {
            "codigo": "V1CNZqqzC3",
            "total": 10,
            "valor_unitario": 519142,
            "descuento": 0.26,
            "IVA": 19
        },
        {
            "codigo": "xmFnr6BnX6",
            "total": 9,
            "valor_unitario": 286322,
            "descuento": 0.02,
            "IVA": 19
        },
        {
            "codigo": "zanwWq8sp5",
            "total": 17,
            "valor_unitario": 351110,
            "descuento": 0.13,
            "IVA": 0
        },
        {
            "codigo": "RkOYX4bHQm",
            "total": 8,
            "valor_unitario": 885688,
            "descuento": 0.34,
            "IVA": 0
        },
        {
            "codigo": "2cA2UrabWg",
            "total": 13,
            "valor_unitario": 912241,
            "descuento": 0.21,
            "IVA": 5
        }
    ]
}