{
    "empresa_nit": "987654321",
    "empresa_ciudad": "BOGOTA",
    "empresa_sede": "autopista",
    "empresa_nombre": "FrutiBarato",
    "fecha_hora": "2024-04-28 09:41:59",
    "factura_num": "01039",
    "ciente_numero": 661077514,
    "pago_tipo": "TRANFERENCIA",
    "productos": [
        {
            "codigo": "nRXRQCBZTW",
            "total": 16,
            "valor_unitario": 233531,
            "descuento": 0.28,
            "IVA": 0
        },
        {
            "codigo": "2ePXMaEZHz",
            "total": 7,
            "valor_unitario": 476413,
            "descuento": 0.42,
            "IVA": 5
        },
        {
            "codigo": "Hn1iOkh985",
            "total": 5,
            "valor_unitario": 131916,
            "descuento": 0.05,
            "IVA": 0
        }
    ]
}