{
    "empresa_nit": "987654321",
    "empresa_ciudad": "BOGOTA",
    "empresa_sede": "terminal",
    "empresa_nombre": "FrutiBarato",
    "fecha_hora": "2021-11-16 14:46:48",
    "factura_num": "01251",
    "ciente_numero": 142233373,
    "pago_tipo": "EFECTIVO",
    "productos": [
        {
            "codigo": "onFbgOLomq",
            "total": 10,
            "valor_unitario": 457425,
            "descuento": 0.41,
            "IVA": 0
        },
        {
            "codigo": "gG9jTnhyrD",
            "total": 19,
            "valor_unitario": 699981,
            "descuento": 0.15,
            "IVA": 0
        },
        {
            "codigo": "8QwWD2ncCH",
            "total": 5,
            "valor_unitario": 624662,
            "descuento": 0.11,
            "IVA": 0
        },
        {
            "codigo": "ce8csJ9n37",
            "total": 15,
            "valor_unitario": 70797,
            "descuento": 0.25,
            "IVA": 19
        },
        {
            "codigo": "SOiaAUtacV",
            "total": 6,
            "valor_unitario": 104808,
            "descuento": 0.13,
            "IVA": 5
        },
        {
            "codigo": "NvMlwpovIB",
            "total": 3,
            "valor_unitario": 9532,
            "descuento": 0.04,
            "IVA": 5
        },
        {
            "codigo": "GHwQd9xWY5",
            "total": 1,
            "valor_unitario": 134308,
            "descuento": 0.1,
            "IVA": 19
        },
        {
            "codigo": "p8Y7PgZ0v8",
            "total": 1,
            "valor_unitario": 626381,
            "descuento": 0.41,
            "IVA": 0
        },
        {
            "codigo": "vCUEQKk3Tt",
            "total": 15,
            "valor_unitario": 944697,
            "descuento": 0.37,
            "IVA": 19
        },
        {
            "codigo": "PHFitFyJ37",
            "total": 14,
            "valor_unitario": 480762,
            "descuento": 0.14,
            "IVA": 19
        },
        {
            "codigo": "26QaPLb4a3",
            "total": 7,
            "valor_unitario": 986699,
            "descuento": 0.36,
            "IVA": 0
        }
    ]
}