{
    "empresa_nit": "987654321",
    "empresa_ciudad": "TUNJA",
    "empresa_sede": "autopista",
    "empresa_nombre": "FrutiBarato",
    "fecha_hora": "2023-03-25 14:34:12",
    "factura_num": "00130",
    "ciente_numero": 784344451,
    "pago_tipo": "TAR.CREDITO",
    "productos": [
        {
            "codigo": "02CJyN8rF9",
            "total": 2,
            "valor_unitario": 692315,
            "descuento": 0.5,
            "IVA": 19
        },
        {
            "codigo": "v6lyYOV7Uz",
            "total": 1,
            "valor_unitario": 997620,
            "descuento": 0.37,
            "IVA": 5
        },
        {
            "codigo": "F7AKrqfVYw",
            "total": 19,
            "valor_unitario": 579563,
            "descuento": 0.45,
            "IVA": 5
        },
        {
            "codigo": "T0e9Wd78Xz",
            "total": 11,
            "valor_unitario": 825158,
            "descuento": 0.36,
            "IVA": 19
        },
        {
            "codigo": "jzYnvpTkLH",
            "total": 1,
            "valor_unitario": 229686,
            "descuento": 0.24,
            "IVA": 19
        },
        {
            "codigo": "rGObrcKaRU",
            "total": 8,
            "valor_unitario": 432563,
            "descuento": 0.42,
            "IVA": 5
        },
        {
            "codigo": "NZtNSa8K0N",
            "total": 15,
            "valor_unitario": 479264,
            "descuento": 0.27,
            "IVA": 5
        },
        {
            "codigo": "SFwsJi8FlG",
            "total": 4,
            "valor_unitario": 454637,
            "descuento": 0.27,
            "IVA": 19
        },
        {
            "codigo": "Ndc6mAjp4x",
            "total": 7,
            "valor_unitario": 911775,
            "descuento": 0.01,
            "IVA": 19
        },
        {
            "codigo": "j8fKmXo7xV",
            "total": 14,
            "valor_unitario": 291578,
            "descuento": 0.04,
            "IVA": 19
        },
        {
            "codigo": "HzSRkcGSWe",
            "total": 19,
            "valor_unitario": 957211,
            "descuento": 0.45,
            "IVA": 5
        },
        {
            "codigo": "vQq8gLccpg",
            "total": 6,
            "valor_unitario": 356651,
            "descuento": 0.05,
            "IVA": 5
        },
        {
            "codigo": "I2JIjqkuff",
            "total": 20,
            "valor_unitario": 875328,
            "descuento": 0.27,
            "IVA": 19
        },
        {
            "codigo": "Exg8peXnp7",
            "total": 20,
            "valor_unitario": 61260,
            "descuento": 0.46,
            "IVA": 0
        },
        {
            "codigo": "gSfO8JaPTz",
            "total": 15,
            "valor_unitario": 353251,
            "descuento": 0.47,
            "IVA": 0
        },
        {
            "codigo": "PEeqthQ5ll",
            "total": 9,
            "valor_unitario": 814863,
            "descuento": 0.46,
            "IVA": 5
        },
        {
            "codigo": "CBtRqUhAgY",
            "total": 17,
            "valor_unitario": 112439,
            "descuento": 0.18,
            "IVA": 0
        }
    ]
}