{
    "empresa_nit": "987654321",
    "empresa_ciudad": "CALI",
    "empresa_sede": "plaza",
    "empresa_nombre": "FrutiBarato",
    "fecha_hora": "2024-10-14 12:35:20",
    "factura_num": "01290",
    "ciente_numero": 772761418,
    "pago_tipo": "EFECTIVO",
    "productos": [
        {
            "codigo": "cIIj2KPW8W",
            "total": 10,
            "valor_unitario": 457903,
            "descuento": 0.4,
            "IVA": 0
        },
        {
            "codigo": "Se4bWbVhQg",
            "total": 7,
            "valor_unitario": 231733,
            "descuento": 0.14,
            "IVA": 5
        },
        {
            "codigo": "wrJvTassTQ",
            "total": 10,
            "valor_unitario": 109324,
            "descuento": 0.09,
            "IVA": 5
        },
        {
            "codigo": "42YOajiGZF",
            "total": 11,
            "valor_unitario": 140391,
            "descuento": 0.35,
            "IVA": 5
        },
        {
            "codigo": "CntH2lfzhA",
            "total": 7,
            "valor_unitario": 769038,
            "descuento": 0.33,
            "IVA": 5
        },
        {
            "codigo": "k9jZomY4Vp",
            "total": 6,
            "valor_unitario": 113449,
            "descuento": 0.17,
            "IVA": 5
        },
        {
            "codigo": "0KHhHdSHJm",
            "total": 14,
            "valor_unitario": 925994,
            "descuento": 0.13,
            "IVA": 19
        },
        {
            "codigo": "7EZwWxBScr",
            "total": 7,
            "valor_unitario": 416736,
            "descuento": 0.5,
            "IVA": 19
        },
        {
            "codigo": "x3qPEpMyrm",
            "total": 5,
            "valor_unitario": 682476,
            "descuento": 0.27,
            "IVA": 0
        },
        {
            "codigo": "yULhfhBNIx",
            "total": 7,
            "valor_unitario": 4307,
            "descuento": 0.28,
            "IVA": 19
        },
        {
            "codigo": "lprVwa4mLK",
            "total": 2,
            "valor_unitario": 66695,
            "descuento": 0.47,
            "IVA": 5
        },
        {
            "codigo": "oKstXeiFmK",
            "total": 7,
            "valor_unitario": 583357,
            "descuento": 0.16,
            "IVA": 0
        },
        {
            "codigo": "w3cXEl0noF",
            "total": 15,
            "valor_unitario": 470278,
            "descuento": 0.06,
            "IVA": 5
        }
    ]
}