{
    "empresa_nit": "987654321",
    "empresa_ciudad": "CALI",
    "empresa_sede": "alcaldia",
    "empresa_nombre": "FrutiBarato",
    "fecha_hora": "2022-03-02 00:31:57",
    "factura_num": "01279",
    "ciente_numero": 547411671,
    "pago_tipo": "TAR.CREDITO",
    "productos": [
        {
            "codigo": "Brq6cZKV3J",
            "total": 3,
            "valor_unitario": 674514,
            "descuento": 0.3,
            "IVA": 5
        },
        {
            "codigo": "zLzGoEHQ7L",
            "total": 6,
            "valor_unitario": 699135,
            "descuento": 0.02,
            "IVA": 19
        },
        {
            "codigo": "jSW6comm52",
            "total": 7,
            "valor_unitario": 353283,
            "descuento": 0.05,
            "IVA": 0
        },
        {
            "codigo": "vXvgQbLV87",
            "total": 19,
            "valor_unitario": 297142,
            "descuento": 0.11,
            "IVA": 5
        },
        {
            "codigo": "pFhbTfeDdK",
            "total": 14,
            "valor_unitario": 26693,
            "descuento": 0.46,
            "IVA": 19
        },
        {
            "codigo": "tONTkEF0Jl",
            "total": 19,
            "valor_unitario": 67160,
            "descuento": 0.49,
            "IVA": 5
        },
        {
            "codigo": "gdqnJTE53W",
            "total": 4,
            "valor_unitario": 938485,
            "descuento": 0.22,
            "IVA": 5
        },
        {
            "codigo": "JswB2oKYq3",
            "total": 13,
            "valor_unitario": 111906,
            "descuento": 0.24,
            "IVA": 19
        },
        {
            "codigo": "h8szEqaXvw",
            "total": 18,
            "valor_unitario": 554665,
            "descuento": 0.24,
            "IVA": 0
        },
        {
            "codigo": "sDNGfJl1wb",
            "total": 4,
            "valor_unitario": 878963,
            "descuento": 0.23,
            "IVA": 19
        },
        {
            "codigo": "XgfRBY4BII",
            "total": 2,
            "valor_unitario": 649758,
            "descuento": 0.25,
            "IVA": 19
        }
    ]
}