{
    "empresa_nit": "987654321",
    "empresa_ciudad": "MEDELLIN",
    "empresa_sede": "aeropuerto",
    "empresa_nombre": "FrutiBarato",
    "fecha_hora": "2021-11-23 15:13:06",
    "factura_num": "01327",
    "ciente_numero": 348011329,
    "pago_tipo": "EFECTIVO",
    "productos": [
        {
            "codigo": "dhrGmApZq4",
            "total": 12,
            "valor_unitario": 497208,
            "descuento": 0.26,
            "IVA": 5
        },
        {
            "codigo": "I761UtJTaM",
            "total": 8,
            "valor_unitario": 276281,
            "descuento": 0.47,
            "IVA": 19
        }
    ]
}