{
    "empresa_nit": "987654321",
    "empresa_ciudad": "MEDELLIN",
    "empresa_sede": "aeropuerto",
    "empresa_nombre": "FrutiBarato",
    "fecha_hora": "2021-10-28 20:56:15",
    "factura_num": "01071",
    "ciente_numero": 362599662,
    "pago_tipo": "TAR.DEBITO",
    "productos": [
        {
            "codigo": "rS5ub9ELQK",
            "total": 13,
            "valor_unitario": 986803,
            "descuento": 0.18,
            "IVA": 0
        },
        {
            "codigo": "16vb5hbYVv",
            "total": 10,
            "valor_unitario": 440694,
            "descuento": 0.42,
            "IVA": 19
        },
        {
            "codigo": "RTvep5wYpk",
            "total": 13,
            "valor_unitario": 544362,
            "descuento": 0.23,
            "IVA": 19
        }
    ]
}