{
    "empresa_nit": "987654321",
    "empresa_ciudad": "BARRANQUILLA",
    "empresa_sede": "alcaldia",
    "empresa_nombre": "FrutiBarato",
    "fecha_hora": "2024-09-21 12:49:23",
    "factura_num": "01119",
    "ciente_numero": 948779230,
    "pago_tipo": "TAR.DEBITO",
    "productos": [
        {
            "codigo": "602nvvxi53",
            "total": 18,
            "valor_unitario": 9790,
            "descuento": 0.01,
            "IVA": 19
        },
        {
            "codigo": "vdL9DA8gBW",
            "total": 11,
            "valor_unitario": 457540,
            "descuento": 0.48,
            "IVA": 5
        },
        {
            "codigo": "I0ybzcqwTe",
            "total": 4,
            "valor_unitario": 110810,
            "descuento": 0.42,
            "IVA": 5
        },
        {
            "codigo": "DAHwqmmstZ",
            "total": 4,
            "valor_unitario": 365514,
            "descuento": 0.38,
            "IVA": 0
        },
        {
            "codigo": "kTCmj9hGv7",
            "total": 18,
            "valor_unitario": 193985,
            "descuento": 0.02,
            "IVA": 5
        },
        {
            "codigo": "owVR0EGKk1",
            "total": 10,
            "valor_unitario": 535646,
            "descuento": 0.07,
            "IVA": 5
        },
        {
            "codigo": "ElfJfy2GaZ",
            "total": 11,
            "valor_unitario": 236647,
            "descuento": 0.06,
            "IVA": 0
        },
        {
            "codigo": "nlDQBssowy",
            "total": 10,
            "valor_unitario": 267303,
            "descuento": 0.39,
            "IVA": 19
        },
        {
            "codigo": "7JYscT7K1E",
            "total": 15,
            "valor_unitario": 516783,
            "descuento": 0.39,
            "IVA": 19
        }
    ]
}