{
    "empresa_nit": "987654321",
    "empresa_ciudad": "MEDELLIN",
    "empresa_sede": "aeropuerto",
    "empresa_nombre": "FrutiBarato",
    "fecha_hora": "2020-10-20 23:28:01",
    "factura_num": "01092",
    "ciente_numero": 614326859,
    "pago_tipo": "EFECTIVO",
    "productos": [
        {
            "codigo": "d7SN6qfmtG",
            "total": 15,
            "valor_unitario": 51696,
            "descuento": 0.01,
            "IVA": 19
        },
        {
            "codigo": "buQdgHRZnk",
            "total": 13,
            "valor_unitario": 311315,
            "descuento": 0.05,
            "IVA": 5
        },
        {
            "codigo": "QiDEnN9YUQ",
            "total": 11,
            "valor_unitario": 239429,
            "descuento": 0.22,
            "IVA": 0
        },
        {
            "codigo": "ew4KLN84Ey",
            "total": 15,
            "valor_unitario": 76530,
            "descuento": 0.36,
            "IVA": 5
        },
        {
            "codigo": "RdcOjlsK4e",
            "total": 6,
            "valor_unitario": 443582,
            "descuento": 0.15,
            "IVA": 19
        },
        {
            "codigo": "qfqd51gEPq",
            "total": 8,
            "valor_unitario": 833931,
            "descuento": 0.13,
            "IVA": 0
        },
        {
            "codigo": "A3Wp2Kau2u",
            "total": 3,
            "valor_unitario": 310796,
            "descuento": 0.49,
            "IVA": 0
        },
        {
            "codigo": "db4qa9WidB",
            "total": 10,
            "valor_unitario": 527307,
            "descuento": 0.12,
            "IVA": 5
        },
        {
            "codigo": "2t7U5idsvE",
            "total": 7,
            "valor_unitario": 634916,
            "descuento": 0.35,
            "IVA": 0
        }
    ]
}