{
    "empresa_nit": "987654321",
    "empresa_ciudad": "BARRANQUILLA",
    "empresa_sede": "plaza",
    "empresa_nombre": "FrutiBarato",
    "fecha_hora": "2020-09-28 05:50:58",
    "factura_num": "01309",
    "ciente_numero": 846329239,
    "pago_tipo": "TRANFERENCIA",
    "productos": [
        {
            "codigo": "bKDsKtln74",
            "total": 8,
            "valor_unitario": 780380,
            "descuento": 0.19,
            "IVA": 0
        },
        {
            "codigo": "ifZCmw9ZYl",
            "total": 10,
            "valor_unitario": 625100,
            "descuento": 0.25,
            "IVA": 5
        },
        {
            "codigo": "CHQkJBlJk2",
            "total": 17,
            "valor_unitario": 77299,
            "descuento": 0.14,
            "IVA": 0
        },
        {
            "codigo": "BCdV7T5prA",
            "total": 10,
            "valor_unitario": 500469,
            "descuento": 0.17,
            "IVA": 5
        }
    ]
}