{
    "empresa_nit": "987654321",
    "empresa_ciudad": "TUNJA",
    "empresa_sede": "plaza",
    "empresa_nombre": "FrutiBarato",
    "fecha_hora": "2022-09-21 22:57:24",
    "factura_num": "01221",
    "ciente_numero": 213937478,
    "pago_tipo": "TRANFERENCIA",
    "productos": [
        {
            "codigo": "2bNdP235Xl",
            "total": 7,
            "valor_unitario": 515046,
            "descuento": 0.43,
            "IVA": 5
        },
        {
            "codigo": "peNDQQSvYR",
            "total": 17,
            "valor_unitario": 78555,
            "descuento": 0.44,
            "IVA": 5
        },
        {
            "codigo": "tIugzWBLZf",
            "total": 12,
            "valor_unitario": 595911,
            "descuento": 0.31,
            "IVA": 0
        },
        {
            "codigo": "IWwWBppe0E",
            "total": 2,
            "valor_unitario": 442919,
            "descuento": 0.15,
            "IVA": 5
        },
        {
            "codigo": "vb6GapgtGY",
            "total": 9,
            "valor_unitario": 68795,
            "descuento": 0.16,
            "IVA": 0
        },
        {
            "codigo": "AX2WlzmtIT",
            "total": 4,
            "valor_unitario": 804427,
            "descuento": 0.26,
            "IVA": 19
        },
        {
            "codigo": "RsNhgwmCiX",
            "total": 12,
            "valor_unitario": 841828,
            "descuento": 0.0,
            "IVA": 19
        },
        {
            "codigo": "YEcC6S7eis",
            "total": 13,
            "valor_unitario": 975395,
            "descuento": 0.37,
            "IVA": 0
        },
        {
            "codigo": "2fi0biUHHa",
            "total": 14,
            "valor_unitario": 395820,
            "descuento": 0.22,
            "IVA": 5
        },
        {
            "codigo": "L7UTHIs6e1",
            "total": 6,
            "valor_unitario": 47023,
            "descuento": 0.2,
            "IVA": 0
        },
        {
            "codigo": "kIjpZ40TGh",
            "total": 1,
            "valor_unitario": 981737,
            "descuento": 0.42,
            "IVA": 19
        },
        {
            "codigo": "NFAVo53UrJ",
            "total": 3,
            "valor_unitario": 427825,
            "descuento": 0.27,
            "IVA": 19
        },
        {
            "codigo": "ig3n1fBEfY",
            "total": 11,
            "valor_unitario": 637669,
            "descuento": 0.08,
            "IVA": 19
        },
        {
            "codigo": "KC4CDTOTr9",
            "total": 1,
            "valor_unitario": 456745,
            "descuento": 0.3,
            "IVA": 5
        },
        {
            "codigo": "0ho5y7Xuer",
            "total": 14,
            "valor_unitario": 299497,
            "descuento": 0.3,
            "IVA": 0
        },
        {
            "codigo": "86zxW8Qil3",
            "total": 2,
            "valor_unitario": 842115,
            "descuento": 0.14,
            "IVA": 19
        },
        {
            "codigo": "qHVlSIjDDx",
            "total": 7,
            "valor_unitario": 256011,
            "descuento": 0.04,
            "IVA": 19
        },
        {
            "codigo": "SIqa3Hj0ER",
            "total": 1,
            "valor_unitario": 602803,
            "descuento": 0.32,
            "IVA": 19
        },
        {
            "codigo": "PjqjFYI5C1",
            "total": 6,
            "valor_unitario": 854398,
            "descuento": 0.17,
            "IVA": 0
        }
    ]
}