{
    "empresa_nit": "987654321",
    "empresa_ciudad": "BOGOTA",
    "empresa_sede": "alcaldia",
    "empresa_nombre": "FrutiBarato",
    "fecha_hora": "2021-05-07 06:22:53",
    "factura_num": "01226",
    "ciente_numero": 539701207,
    "pago_tipo": "TRANFERENCIA",
    "productos": [
        {
            "codigo": "eWVds56PAd",
            "total": 17,
            "valor_unitario": 488534,
            "descuento": 0.01,
            "IVA": 5
        },
        {
            "codigo": "i8OoUGVEJV",
            "total": 10,
            "valor_unitario": 675175,
            "descuento": 0.2,
            "IVA": 5
        },
        {
            "codigo": "NrC5gdFI83",
            "total": 11,
            "valor_unitario": 868250,
            "descuento": 0.39,
            "IVA": 0
        },
        {
            "codigo": "1ZR3Cp7plk",
            "total": 4,
            "valor_unitario": 357857,
            "descuento": 0.23,
            "IVA": 19
        },
        {
            "codigo": "qQBCeMTysx",
            "total": 11,
            "valor_unitario": 695870,
            "descuento": 0.11,
            "IVA": 0
        },
        {
            "codigo": "FXi1pLjb7c",
            "total": 12,
            "valor_unitario": 752943,
            "descuento": 0.24,
            "IVA": 19
        },
        {
            "codigo": "jf0Xej1aFR",
            "total": 6,
            "valor_unitario": 473222,
            "descuento": 0.14,
            "IVA": 5
        },
        {
            "codigo": "cU9PvyZeWK",
            "total": 11,
            "valor_unitario": 898074,
            "descuento": 0.46,
            "IVA": 19
        },
        {
            "codigo": "As99lCN7FE",
            "total": 1,
            "valor_unitario": 172881,
            "descuento": 0.11,
            "IVA": 19
        },
        {
            "codigo": "aPXODW68Sv",
            "total": 1,
            "valor_unitario": 706267,
            "descuento": 0.5,
            "IVA": 19
        },
        {
            "codigo": "axNkkQNEWq",
            "total": 5,
            "valor_unitario": 26876,
            "descuento": 0.19,
            "IVA": 19
        },
        {
            "codigo": "ToGmk6Jz9U",
            "total": 7,
            "valor_unitario": 729326,
            "descuento": 0.48,
            "IVA": 5
        },
        {
            "codigo": "O8BDktz3yf",
            "total": 10,
            "valor_unitario": 486213,
            "descuento": 0.36,
            "IVA": 0
        },
        {
            "codigo": "xHZWK4GzoP",
            "total": 10,
            "valor_unitario": 252413,
            "descuento": 0.49,
            "IVA": 19
        },
        {
            "codigo": "yj8BLradNO",
            "total": 1,
            "valor_unitario": 971189,
            "descuento": 0.21,
            "IVA": 0
        },
        {
            "codigo": "HaywbHzHLN",
            "total": 10,
            "valor_unitario": 591799,
            "descuento": 0.02,
            "IVA": 0
        },
        {
            "codigo": "GVZFFUMwjU",
            "total": 6,
            "valor_unitario": 479850,
            "descuento": 0.28,
            "IVA": 19
        },
        {
            "codigo": "cbxzsQ6Fye",
            "total": 6,
            "valor_unitario": 873415,
            "descuento": 0.31,
            "IVA": 5
        }
    ]
}