{
    "empresa_nit": "987654321",
    "empresa_ciudad": "BOGOTA",
    "empresa_sede": "alcaldia",
    "empresa_nombre": "FrutiBarato",
    "fecha_hora": "2024-07-11 20:14:27",
    "factura_num": "01084",
    "ciente_numero": 453924779,
    "pago_tipo": "TAR.DEBITO",
    "productos": [
        {
            "codigo": "P8UI0RWhjG",
            "total": 12,
            "valor_unitario": 200435,
            "descuento": 0.09,
            "IVA": 19
        },
        {
            "codigo": "rm1sGKprAo",
            "total": 15,
            "valor_unitario": 584491,
            "descuento": 0.34,
            "IVA": 5
        },
        {
            "codigo": "LF9YkfJegV",
            "total": 18,
            "valor_unitario": 261313,
            "descuento": 0.39,
            "IVA": 0
        },
        {
            "codigo": "rIzPfr9Iad",
            "total": 9,
            "valor_unitario": 793375,
            "descuento": 0.07,
            "IVA": 0
        },
        {
            "codigo": "h6NrZxV5dZ",
            "total": 17,
            "valor_unitario": 232952,
            "descuento": 0.44,
            "IVA": 19
        },
        {
            "codigo": "pg4VraG5jt",
            "total": 5,
            "valor_unitario": 913030,
            "descuento": 0.02,
            "IVA": 19
        },
        {
            "codigo": "kXVTBIYF6p",
            "total": 5,
            "valor_unitario": 379388,
            "descuento": 0.41,
            "IVA": 19
        },
        {
            "codigo": "GgVFFVmKt1",
            "total": 4,
            "valor_unitario": 115142,
            "descuento": 0.4,
            "IVA": 19
        },
        {
            "codigo": "sNPeJ7dnEz",
            "total": 1,
            "valor_unitario": 300515,
            "descuento": 0.15,
            "IVA": 19
        },
        {
            "codigo": "8eL8bLZRz9",
            "total": 14,
            "valor_unitario": 489954,
            "descuento": 0.35,
            "IVA": 0
        },
        {
            "codigo": "AHlkASP6me",
            "total": 16,
            "valor_unitario": 810979,
            "descuento": 0.17,
            "IVA": 0
        },
        {
            "codigo": "kYhAlcZdS1",
            "total": 18,
            "valor_unitario": 77718,
            "descuento": 0.29,
            "IVA": 19
        },
        {
            "codigo": "tjRSfxSfbU",
            "total": 3,
            "valor_unitario": 627669,
            "descuento": 0.42,
            "IVA": 5
        },
        {
            "codigo": "YY9Z8eCqM2",
            "total": 16,
            "valor_unitario": 142026,
            "descuento": 0.18,
            "IVA": 0
        },
        {
            "codigo": "7VBSrjQuxB",
            "total": 13,
            "valor_unitario": 143340,
            "descuento": 0.47,
            "IVA": 19
        },
        {
            "codigo": "sKuGerpFLj",
            "total": 18,
            "valor_unitario": 889691,
            "descuento": 0.49,
            "IVA": 5
        },
        {
            "codigo": "GKcx2YQcak",
            "total": 12,
            "valor_unitario": 571924,
            "descuento": 0.27,
            "IVA": 5
        }
    ]
}