{
    "empresa_nit": "987654321",
    "empresa_ciudad": "CALI",
    "empresa_sede": "alcaldia",
    "empresa_nombre": "FrutiBarato",
    "fecha_hora": "2020-10-28 22:57:22",
    "factura_num": "01428",
    "ciente_numero": 456593579,
    "pago_tipo": "TAR.DEBITO",
    "productos": [
        {
            "codigo": "do1flq7Qcc",
            "total": 17,
            "valor_unitario": 512468,
            "descuento": 0.35,
            "IVA": 0
        },
        {
            "codigo": "WxdjQrxdUg",
            "total": 13,
            "valor_unitario": 495982,
            "descuento": 0.26,
            "IVA": 5
        },
        {
            "codigo": "iEqqQTwfZ0",
            "total": 4,
            "valor_unitario": 437144,
            "descuento": 0.17,
            "IVA": 19
        },
        {
            "codigo": "qYV1QuF8At",
            "total": 10,
            "valor_unitario": 109883,
            "descuento": 0.29,
            "IVA": 0
        },
        {
            "codigo": "lSGZzuKaRx",
            "total": 13,
            "valor_unitario": 345717,
            "descuento": 0.46,
            "IVA": 19
        },
        {
            "codigo": "c0dBzMo7PO",
            "total": 12,
            "valor_unitario": 696618,
            "descuento": 0.43,
            "IVA": 19
        },
        {
            "codigo": "DiZYkNGgb1",
            "total": 9,
            "valor_unitario": 571181,
            "descuento": 0.46,
            "IVA": 0
        },
        {
            "codigo": "kILIOc9ArG",
            "total": 8,
            "valor_unitario": 624898,
            "descuento": 0.05,
            "IVA": 5
        },
        {
            "codigo": "Rk6omErpOc",
            "total": 5,
            "valor_unitario": 986304,
            "descuento": 0.37,
            "IVA": 0
        },
        {
            "codigo": "vZlQKoGWuN",
            "total": 5,
            "valor_unitario": 379572,
            "descuento": 0.38,
            "IVA": 5
        },
        {
            "codigo": "za4assqCEK",
            "total": 7,
            "valor_unitario": 661062,
            "descuento": 0.4,
            "IVA": 19
        }
    ]
}