{
    "empresa_nit": "987654321",
    "empresa_ciudad": "MEDELLIN",
    "empresa_sede": "centro",
    "empresa_nombre": "FrutiBarato",
    "fecha_hora": "2020-02-10 04:34:42",
    "factura_num": "01328",
    "ciente_numero": 16285199,
    "pago_tipo": "TAR.CREDITO",
    "productos": [
        {
            "codigo": "GAOgvQofXQ",
            "total": 7,
            "valor_unitario": 931299,
            "descuento": 0.15,
            "IVA": 0
        },
        {
            "codigo": "nAKvVAm3bp",
            "total": 2,
            "valor_unitario": 24896,
            "descuento": 0.2,
            "IVA": 0
        },
        {
            "codigo": "8r0YqiXUP4",
            "total": 6,
            "valor_unitario": 604786,
            "descuento": 0.19,
            "IVA": 5
        },
        {
            "codigo": "wCvlspXsP7",
            "total": 7,
            "valor_unitario": 857919,
            "descuento": 0.1,
            "IVA": 19
        },
        {
            "codigo": "1O7HMhmwv4",
            "total": 4,
            "valor_unitario": 704011,
            "descuento": 0.27,
            "IVA": 0
        },
        {
            "codigo": "yU89wbOc44",
            "total": 4,
            "valor_unitario": 91759,
            "descuento": 0.04,
            "IVA": 0
        },
        {
            "codigo": "9zPV5MoWH6",
            "total": 7,
            "valor_unitario": 829661,
            "descuento": 0.36,
            "IVA": 0
        },
        {
            "codigo": "MZl9jh8TO2",
            "total": 12,
            "valor_unitario": 343908,
            "descuento": 0.09,
            "IVA": 0
        },
        {
            "codigo": "ZVsEia7RU4",
            "total": 16,
            "valor_unitario": 963729,
            "descuento": 0.43,
            "IVA": 5
        }
    ]
}