{
    "empresa_nit": "987654321",
    "empresa_ciudad": "CALI",
    "empresa_sede": "alcaldia",
    "empresa_nombre": "FrutiBarato",
    "fecha_hora": "2022-08-25 09:43:45",
    "factura_num": "01402",
    "ciente_numero": 833617729,
    "pago_tipo": "TAR.DEBITO",
    "productos": [
        {
            "codigo": "oHSxQiZREl",
            "total": 7,
            "valor_unitario": 667900,
            "descuento": 0.09,
            "IVA": 5
        },
        {
            "codigo": "zmLRoBW4Ye",
            "total": 19,
            "valor_unitario": 451196,
            "descuento": 0.35,
            "IVA": 19
        },
        {
            "codigo": "0OdM5qtsZa",
            "total": 6,
            "valor_unitario": 553722,
            "descuento": 0.45,
            "IVA": 0
        },
        {
            "codigo": "xGFLCqoY66",
            "total": 7,
            "valor_unitario": 302849,
            "descuento": 0.43,
            "IVA": 5
        }
    ]
}