{
    "empresa_nit": "987654321",
    "empresa_ciudad": "CALI",
    "empresa_sede": "autopista",
    "empresa_nombre": "FrutiBarato",
    "fecha_hora": "2024-03-12 08:33:34",
    "factura_num": "01243",
    "ciente_numero": 657831660,
    "pago_tipo": "TRANFERENCIA",
    "productos": [
        {
            "codigo": "NowzsAjDWB",
            "total": 12,
            "valor_unitario": 279739,
            "descuento": 0.06,
            "IVA": 0
        },
        {
            "codigo": "TMa8PdTpzx",
            "total": 7,
            "valor_unitario": 218768,
            "descuento": 0.26,
            "IVA": 0
        },
        {
            "codigo": "IYRLFWS9fN",
            "total": 1,
            "valor_unitario": 239641,
            "descuento": 0.19,
            "IVA": 0
        },
        {
            "codigo": "YPZMCQZWUm",
            "total": 4,
            "valor_unitario": 769348,
            "descuento": 0.15,
            "IVA": 5
        },
        {
            "codigo": "oaZaK5ioXS",
            "total": 13,
            "valor_unitario": 205776,
            "descuento": 0.48,
            "IVA": 19
        },
        {
            "codigo": "uXh7hJNwGe",
            "total": 17,
            "valor_unitario": 137603,
            "descuento": 0.21,
            "IVA": 5
        }
    ]
}