{
    "empresa_nit": "987654321",
    "empresa_ciudad": "BOGOTA",
    "empresa_sede": "plaza",
    "empresa_nombre": "FrutiBarato",
    "fecha_hora": "2021-05-05 12:08:54",
    "factura_num": "01282",
    "ciente_numero": 976732277,
    "pago_tipo": "TRANFERENCIA",
    "productos": [
        {
            "codigo": "7ZEycFOFTm",
            "total": 19,
            "valor_unitario": 818230,
            "descuento": 0.46,
            "IVA": 19
        },
        {
            "codigo": "1ZvJFydOlp",
            "total": 4,
            "valor_unitario": 218112,
            "descuento": 0.44,
            "IVA": 0
        },
        {
            "codigo": "iuOFQk0303",
            "total": 16,
            "valor_unitario": 689214,
            "descuento": 0.25,
            "IVA": 5
        },
        {
            "codigo": "tMo1xy1QJj",
            "total": 15,
            "valor_unitario": 854883,
            "descuento": 0.01,
            "IVA": 0
        },
        {
            "codigo": "g3pSOaUM4d",
            "total": 16,
            "valor_unitario": 278010,
            "descuento": 0.37,
            "IVA": 0
        },
        {
            "codigo": "mqKglWQEPL",
            "total": 11,
            "valor_unitario": 909955,
            "descuento": 0.02,
            "IVA": 0
        }
    ]
}