{
    "empresa_nit": "987654321",
    "empresa_ciudad": "TUNJA",
    "empresa_sede": "autopista",
    "empresa_nombre": "FrutiBarato",
    "fecha_hora": "2020-05-28 08:29:43",
    "factura_num": "01159",
    "ciente_numero": 15654518,
    "pago_tipo": "TAR.DEBITO",
    "productos": [
        {
            "codigo": "UQ8fPmSagg",
            "total": 16,
            "valor_unitario": 832504,
            "descuento": 0.02,
            "IVA": 5
        },
        {
            "codigo": "zVEaayA9yJ",
            "total": 7,
            "valor_unitario": 334458,
            "descuento": 0.02,
            "IVA": 19
        },
        {
            "codigo": "7KCK0nHZ8E",
            "total": 19,
            "valor_unitario": 35647,
            "descuento": 0.04,
            "IVA": 0
        },
        {
            "codigo": "m1g2bZc5oH",
            "total": 2,
            "valor_unitario": 797484,
            "descuento": 0.22,
            "IVA": 19
        },
        {
            "codigo": "g4x1ZisDiF",
            "total": 5,
            "valor_unitario": 669041,
            "descuento": 0.1,
            "IVA": 19
        }
    ]
}