{
    "empresa_nit": "987654321",
    "empresa_ciudad": "BOGOTA",
    "empresa_sede": "centro",
    "empresa_nombre": "FrutiBarato",
    "fecha_hora": "2021-08-03 13:22:04",
    "factura_num": "01340",
    "ciente_numero": 697698817,
    "pago_tipo": "EFECTIVO",
    "productos": [
        {
            "codigo": "sYOzPN3DlX",
            "total": 15,
            "valor_unitario": 681009,
            "descuento": 0.14,
            "IVA": 0
        },
        {
            "codigo": "n08DgMPKHh",
            "total": 1,
            "valor_unitario": 357168,
            "descuento": 0.06,
            "IVA": 0
        },
        {
            "codigo": "5JyEK2NnWl",
            "total": 11,
            "valor_unitario": 913781,
            "descuento": 0.25,
            "IVA": 0
        },
        {
            "codigo": "lsIQrga1tS",
            "total": 10,
            "valor_unitario": 902713,
            "descuento": 0.47,
            "IVA": 0
        },
        {
            "codigo": "rWTdXcbeNc",
            "total": 10,
            "valor_unitario": 162560,
            "descuento": 0.41,
            "IVA": 5
        },
        {
            "codigo": "pjrrvnLCWQ",
            "total": 8,
            "valor_unitario": 981514,
            "descuento": 0.24,
            "IVA": 5
        },
        {
            "codigo": "Q05M5QZRBY",
            "total": 11,
            "valor_unitario": 814229,
            "descuento": 0.28,
            "IVA": 5
        }
    ]
}