{
    "empresa_nit": "987654321",
    "empresa_ciudad": "CALI",
    "empresa_sede": "centro",
    "empresa_nombre": "FrutiBarato",
    "fecha_hora": "2021-10-09 20:35:20",
    "factura_num": "01145",
    "ciente_numero": 381113653,
    "pago_tipo": "TAR.CREDITO",
    "productos": [
        {
            "codigo": "2m0fhBdQao",
            "total": 14,
            "valor_unitario": 404554,
            "descuento": 0.3,
            "IVA": 5
        },
        {
            "codigo": "seLVUCedw1",
            "total": 8,
            "valor_unitario": 179931,
            "descuento": 0.34,
            "IVA": 19
        },
        {
            "codigo": "mQfKo9rdjQ",
            "total": 9,
            "valor_unitario": 920500,
            "descuento": 0.5,
            "IVA": 5
        },
        {
            "codigo": "Bzx5rAHmlD",
            "total": 6,
            "valor_unitario": 231855,
            "descuento": 0.16,
            "IVA": 0
        },
        {
            "codigo": "oHv26qAzDG",
            "total": 19,
            "valor_unitario": 36027,
            "descuento": 0.36,
            "IVA": 0
        },
        {
            "codigo": "SOMYKgpynk",
            "total": 7,
            "valor_unitario": 77731,
            "descuento": 0.11,
            "IVA": 19
        }
    ]
}