{
    "empresa_nit": "987654321",
    "empresa_ciudad": "MEDELLIN",
    "empresa_sede": "centro",
    "empresa_nombre": "FrutiBarato",
    "fecha_hora": "2022-11-04 03:29:41",
    "factura_num": "01399",
    "ciente_numero": 551126120,
    "pago_tipo": "TAR.DEBITO",
    "productos": [
        {
            "codigo": "yKy8yOVxB1",
            "total": 12,
            "valor_unitario": 481765,
            "descuento": 0.46,
            "IVA": 19
        },
        {
            "codigo": "S46a4mYDl3",
            "total": 9,
            "valor_unitario": 498919,
            "descuento": 0.49,
            "IVA": 0
        },
        {
            "codigo": "V9ZIsAiG79",
            "total": 5,
            "valor_unitario": 67398,
            "descuento": 0.15,
            "IVA": 0
        },
        {
            "codigo": "mq1Ue0BWwY",
            "total": 12,
            "valor_unitario": 119557,
            "descuento": 0.29,
            "IVA": 19
        },
        {
            "codigo": "JULfOnU3xu",
            "total": 11,
            "valor_unitario": 341881,
            "descuento": 0.07,
            "IVA": 19
        },
        {
            "codigo": "ZXq4f6yDYA",
            "total": 13,
            "valor_unitario": 975116,
            "descuento": 0.23,
            "IVA": 0
        },
        {
            "codigo": "YxV8TaJMDz",
            "total": 9,
            "valor_unitario": 60063,
            "descuento": 0.23,
            "IVA": 19
        },
        {
            "codigo": "LYPZ1x0fJ6",
            "total": 20,
            "valor_unitario": 450370,
            "descuento": 0.37,
            "IVA": 19
        },
        {
            "codigo": "uwMytFfSKc",
            "total": 12,
            "valor_unitario": 338534,
            "descuento": 0.31,
            "IVA": 19
        },
        {
            "codigo": "CgaOJyY3Z2",
            "total": 16,
            "valor_unitario": 347318,
            "descuento": 0.39,
            "IVA": 0
        },
        {
            "codigo": "kitmz5n6dz",
            "total": 6,
            "valor_unitario": 331107,
            "descuento": 0.07,
            "IVA": 5
        },
        {
            "codigo": "BFzzExWc8z",
            "total": 18,
            "valor_unitario": 358534,
            "descuento": 0.02,
            "IVA": 0
        },
        {
            "codigo": "gdk1b23tU5",
            "total": 6,
            "valor_unitario": 922041,
            "descuento": 0.1,
            "IVA": 5
        },
        {
            "codigo": "jNYSr8zehZ",
            "total": 16,
            "valor_unitario": 121659,
            "descuento": 0.3,
            "IVA": 19
        },
        {
            "codigo": "zSlixmYc9G",
            "total": 14,
            "valor_unitario": 467645,
            "descuento": 0.5,
            "IVA": 0
        }
    ]
}