{
    "empresa_nit": "987654321",
    "empresa_ciudad": "MEDELLIN",
    "empresa_sede": "plaza",
    "empresa_nombre": "FrutiBarato",
    "fecha_hora": "2022-02-05 13:23:37",
    "factura_num": "01361",
    "ciente_numero": 21708450,
    "pago_tipo": "TAR.CREDITO",
    "productos": [
        {
            "codigo": "ycJYo0tDW1",
            "total": 18,
            "valor_unitario": 900622,
            "descuento": 0.45,
            "IVA": 0
        },
        {
            "codigo": "4Q0moP0zjY",
            "total": 17,
            "valor_unitario": 290105,
            "descuento": 0.27,
            "IVA": 19
        },
        {
            "codigo": "pIhSBmrDJg",
            "total": 7,
            "valor_unitario": 897563,
            "descuento": 0.34,
            "IVA": 0
        },
        {
            "codigo": "1hgzkgXlmG",
            "total": 6,
            "valor_unitario": 139961,
            "descuento": 0.41,
            "IVA": 0
        },
        {
            "codigo": "tNiyJuZTmV",
            "total": 16,
            "valor_unitario": 790519,
            "descuento": 0.2,
            "IVA": 19
        },
        {
            "codigo": "rYgX57oatb",
            "total": 4,
            "valor_unitario": 985878,
            "descuento": 0.33,
            "IVA": 0
        },
        {
            "codigo": "Fzr5sDoFF6",
            "total": 1,
            "valor_unitario": 961374,
            "descuento": 0.22,
            "IVA": 0
        },
        {
            "codigo": "4WMW1rT6XE",
            "total": 13,
            "valor_unitario": 120183,
            "descuento": 0.16,
            "IVA": 5
        },
        {
            "codigo": "FrFzum9VTY",
            "total": 3,
            "valor_unitario": 595107,
            "descuento": 0.25,
            "IVA": 0
        },
        {
            "codigo": "rUzIZBGpS8",
            "total": 13,
            "valor_unitario": 89842,
            "descuento": 0.38,
            "IVA": 0
        },
        {
            "codigo": "8a8CEKxTlG",
            "total": 14,
            "valor_unitario": 270511,
            "descuento": 0.41,
            "IVA": 0
        },
        {
            "codigo": "bDI6Ol2l1y",
            "total": 5,
            "valor_unitario": 416793,
            "descuento": 0.1,
            "IVA": 0
        },
        {
            "codigo": "8tRGXK8fAr",
            "total": 7,
            "valor_unitario": 151752,
            "descuento": 0.12,
            "IVA": 19
        }
    ]
}