{
    "empresa_nit": "987654321",
    "empresa_ciudad": "MEDELLIN",
    "empresa_sede": "alcaldia",
    "empresa_nombre": "FrutiBarato",
    "fecha_hora": "2020-07-22 11:52:21",
    "factura_num": "01094",
    "ciente_numero": 158251638,
    "pago_tipo": "TAR.CREDITO",
    "productos": [
        {
            "codigo": "2hPmtf9kLk",
            "total": 10,
            "valor_unitario": 639291,
            "descuento": 0.27,
            "IVA": 5
        },
        {
            "codigo": "DNVDh1bEDj",
            "total": 7,
            "valor_unitario": 422110,
            "descuento": 0.47,
            "IVA": 19
        },
        {
            "codigo": "cLcbuq0q2r",
            "total": 15,
            "valor_unitario": 769562,
            "descuento": 0.08,
            "IVA": 0
        }
    ]
}