{
    "empresa_nit": "987654321",
    "empresa_ciudad": "BOGOTA",
    "empresa_sede": "aeropuerto",
    "empresa_nombre": "FrutiBarato",
    "fecha_hora": "2021-04-22 04:06:46",
    "factura_num": "01059",
    "ciente_numero": 764236644,
    "pago_tipo": "TRANFERENCIA",
    "productos": [
        {
            "codigo": "btTuUZZYPf",
            "total": 12,
            "valor_unitario": 98430,
            "descuento": 0.45,
            "IVA": 0
        },
        {
            "codigo": "4wIVNqrxsn",
            "total": 6,
            "valor_unitario": 389523,
            "descuento": 0.47,
            "IVA": 19
        },
        {
            "codigo": "iolSc7yiJY",
            "total": 10,
            "valor_unitario": 343238,
            "descuento": 0.03,
            "IVA": 19
        },
        {
            "codigo": "5qlHSSUNxy",
            "total": 17,
            "valor_unitario": 299045,
            "descuento": 0.35,
            "IVA": 19
        },
        {
            "codigo": "qN9BatCCw2",
            "total": 5,
            "valor_unitario": 674012,
            "descuento": 0.43,
            "IVA": 19
        },
        {
            "codigo": "Pcbs74btVf",
            "total": 7,
            "valor_unitario": 383381,
            "descuento": 0.0,
            "IVA": 19
        },
        {
            "codigo": "P2AGd8qCcC",
            "total": 4,
            "valor_unitario": 304844,
            "descuento": 0.31,
            "IVA": 5
        },
        {
            "codigo": "7AfCwK1OwM",
            "total": 2,
            "valor_unitario": 185532,
            "descuento": 0.33,
            "IVA": 5
        },
        {
            "codigo": "CTbukzYUJx",
            "total": 8,
            "valor_unitario": 374659,
            "descuento": 0.27,
            "IVA": 5
        },
        {
            "codigo": "8DwIpApXQN",
            "total": 10,
            "valor_unitario": 827310,
            "descuento": 0.29,
            "IVA": 19
        },
        {
            "codigo": "k9VpJIBos1",
            "total": 14,
            "valor_unitario": 855564,
            "descuento": 0.15,
            "IVA": 5
        },
        {
            "codigo": "QhO3kdDJ0A",
            "total": 11,
            "valor_unitario": 194978,
            "descuento": 0.18,
            "IVA": 5
        },
        {
            "codigo": "tRptg2hxYZ",
            "total": 3,
            "valor_unitario": 674332,
            "descuento": 0.38,
            "IVA": 19
        },
        {
            "codigo": "x6o4Zv0pXU",
            "total": 9,
            "valor_unitario": 738395,
            "descuento": 0.05,
            "IVA": 0
        },
        {
            "codigo": "VRrXUbazEe",
            "total": 18,
            "valor_unitario": 573765,
            "descuento": 0.01,
            "IVA": 19
        },
        {
            "codigo": "dQph52tsD7",
            "total": 9,
            "valor_unitario": 853105,
            "descuento": 0.1,
            "IVA": 0
        }
    ]
}