{
    "empresa_nit": "987654321",
    "empresa_ciudad": "BARRANQUILLA",
    "empresa_sede": "centro",
    "empresa_nombre": "FrutiBarato",
    "fecha_hora": "2025-02-15 14:26:16",
    "factura_num": "00137",
    "ciente_numero": 119572909,
    "pago_tipo": "TAR.CREDITO",
    "productos": [
        {
            "codigo": "eTgu2HDRQ2",
            "total": 14,
            "valor_unitario": 133318,
            "descuento": 0.17,
            "IVA": 5
        },
        {
            "codigo": "qozGnYqyHG",
            "total": 10,
            "valor_unitario": 233134,
            "descuento": 0.32,
            "IVA": 19
        },
        {
            "codigo": "h2u04AhceG",
            "total": 19,
            "valor_unitario": 54887,
            "descuento": 0.12,
            "IVA": 19
        },
        {
            "codigo": "VNXBn48aaO",
            "total": 8,
            "valor_unitario": 228882,
            "descuento": 0.03,
            "IVA": 5
        },
        {
            "codigo": "z0NtbPlyr8",
            "total": 8,
            "valor_unitario": 719168,
            "descuento": 0.1,
            "IVA": 0
        },
        {
            "codigo": "mVjTHixAA4",
            "total": 19,
            "valor_unitario": 486414,
            "descuento": 0.25,
            "IVA": 5
        },
        {
            "codigo": "fQjGMkzVoz",
            "total": 4,
            "valor_unitario": 581066,
            "descuento": 0.21,
            "IVA": 5
        },
        {
            "codigo": "krkOsAe0HB",
            "total": 4,
            "valor_unitario": 41776,
            "descuento": 0.12,
            "IVA": 19
        },
        {
            "codigo": "S7GXlysDJc",
            "total": 12,
            "valor_unitario": 674992,
            "descuento": 0.09,
            "IVA": 0
        },
        {
            "codigo": "hWtPFn0Ltw",
            "total": 19,
            "valor_unitario": 799740,
            "descuento": 0.36,
            "IVA": 0
        },
        {
            "codigo": "7hiEGU2k6j",
            "total": 11,
            "valor_unitario": 731164,
            "descuento": 0.04,
            "IVA": 5
        },
        {
            "codigo": "1CiAHWJ3P1",
            "total": 6,
            "valor_unitario": 16301,
            "descuento": 0.05,
            "IVA": 19
        },
        {
            "codigo": "gHk2dStzAK",
            "total": 3,
            "valor_unitario": 884025,
            "descuento": 0.13,
            "IVA": 19
        },
        {
            "codigo": "QAuc64ScgZ",
            "total": 1,
            "valor_unitario": 779116,
            "descuento": 0.18,
            "IVA": 5
        }
    ]
}