{
    "empresa_nit": "987654321",
    "empresa_ciudad": "BOGOTA",
    "empresa_sede": "centro",
    "empresa_nombre": "FrutiBarato",
    "fecha_hora": "2023-09-09 10:20:23",
    "factura_num": "01265",
    "ciente_numero": 528228964,
    "pago_tipo": "EFECTIVO",
    "productos": [
        {
            "codigo": "fqGpEwmaQO",
            "total": 10,
            "valor_unitario": 324324,
            "descuento": 0.1,
            "IVA": 0
        },
        {
            "codigo": "UPWxkc9SzW",
            "total": 20,
            "valor_unitario": 509277,
            "descuento": 0.06,
            "IVA": 19
        },
        {
            "codigo": "MBLgkDqskg",
            "total": 17,
            "valor_unitario": 844638,
            "descuento": 0.06,
            "IVA": 0
        },
        {
            "codigo": "Vdc9YMVS0C",
            "total": 5,
            "valor_unitario": 993248,
            "descuento": 0.34,
            "IVA": 0
        },
        {
            "codigo": "6exPfsCLMf",
            "total": 19,
            "valor_unitario": 179888,
            "descuento": 0.37,
            "IVA": 19
        },
        {
            "codigo": "8fhd8dkFQp",
            "total": 18,
            "valor_unitario": 433674,
            "descuento": 0.47,
            "IVA": 5
        },
        {
            "codigo": "dJfB6smqia",
            "total": 10,
            "valor_unitario": 846689,
            "descuento": 0.06,
            "IVA": 5
        }
    ]
}