{
    "empresa_nit": "987654321",
    "empresa_ciudad": "BOGOTA",
    "empresa_sede": "plaza",
    "empresa_nombre": "FrutiBarato",
    "fecha_hora": "2022-11-28 03:04:26",
    "factura_num": "01185",
    "ciente_numero": 634083579,
    "pago_tipo": "TAR.CREDITO",
    "productos": [
        {
            "codigo": "EVtI2VCPAM",
            "total": 5,
            "valor_unitario": 732744,
            "descuento": 0.23,
            "IVA": 5
        },
        {
            "codigo": "vMzvxgr3Lx",
            "total": 5,
            "valor_unitario": 415984,
            "descuento": 0.35,
            "IVA": 0
        },
        {
            "codigo": "qFnD3OoSuR",
            "total": 7,
            "valor_unitario": 797884,
            "descuento": 0.1,
            "IVA": 0
        },
        {
            "codigo": "9mJf4s1BwJ",
            "total": 2,
            "valor_unitario": 369312,
            "descuento": 0.15,
            "IVA": 5
        },
        {
            "codigo": "xiMMvDMCl7",
            "total": 17,
            "valor_unitario": 679996,
            "descuento": 0.26,
            "IVA": 5
        },
        {
            "codigo": "cnLxTJ097a",
            "total": 2,
            "valor_unitario": 404835,
            "descuento": 0.2,
            "IVA": 19
        }
    ]
}