{
    "empresa_nit": "987654321",
    "empresa_ciudad": "BARRANQUILLA",
    "empresa_sede": "autopista",
    "empresa_nombre": "FrutiBarato",
    "fecha_hora": "2024-03-07 04:25:13",
    "factura_num": "01369",
    "ciente_numero": 808535921,
    "pago_tipo": "TAR.DEBITO",
    "productos": [
        {
            "codigo": "CYg1Dhax8K",
            "total": 15,
            "valor_unitario": 194203,
            "descuento": 0.24,
            "IVA": 5
        },
        {
            "codigo": "q5o7t4wIQg",
            "total": 12,
            "valor_unitario": 334979,
            "descuento": 0.43,
            "IVA": 19
        },
        {
            "codigo": "5Xgu5hX5B2",
            "total": 2,
            "valor_unitario": 994509,
            "descuento": 0.37,
            "IVA": 19
        },
        {
            "codigo": "KDiFcWsvKb",
            "total": 16,
            "valor_unitario": 439842,
            "descuento": 0.04,
            "IVA": 5
        },
        {
            "codigo": "vd5ko57kdJ",
            "total": 16,
            "valor_unitario": 790903,
            "descuento": 0.41,
            "IVA": 19
        },
        {
            "codigo": "Ebd4Vr55XN",
            "total": 3,
            "valor_unitario": 818391,
            "descuento": 0.45,
            "IVA": 19
        },
        {
            "codigo": "PTMHMK4nyK",
            "total": 18,
            "valor_unitario": 530314,
            "descuento": 0.13,
            "IVA": 0
        },
        {
            "codigo": "nT2E85yJZE",
            "total": 7,
            "valor_unitario": 946895,
            "descuento": 0.33,
            "IVA": 0
        }
    ]
}