{
    "empresa_nit": "987654321",
    "empresa_ciudad": "TUNJA",
    "empresa_sede": "aeropuerto",
    "empresa_nombre": "FrutiBarato",
    "fecha_hora": "2024-10-15 21:30:46",
    "factura_num": "01231",
    "ciente_numero": 170999835,
    "pago_tipo": "EFECTIVO",
    "productos": [
        {
            "codigo": "refJuIB9JT",
            "total": 15,
            "valor_unitario": 959287,
            "descuento": 0.29,
            "IVA": 5
        },
        {
            "codigo": "MVcV72pZTo",
            "total": 6,
            "valor_unitario": 671866,
            "descuento": 0.28,
            "IVA": 5
        },
        {
            "codigo": "TTpLhb5nnU",
            "total": 14,
            "valor_unitario": 925111,
            "descuento": 0.25,
            "IVA": 0
        },
        {
            "codigo": "OnNhObhACF",
            "total": 2,
            "valor_unitario": 35753,
            "descuento": 0.4,
            "IVA": 5
        }
    ]
}