{
    "empresa_nit": "987654321",
    "empresa_ciudad": "BARRANQUILLA",
    "empresa_sede": "autopista",
    "empresa_nombre": "FrutiBarato",
    "fecha_hora": "2023-06-12 06:56:04",
    "factura_num": "01395",
    "ciente_numero": 746420784,
    "pago_tipo": "TAR.DEBITO",
    "productos": [
        {
            "codigo": "5rPMgph7zz",
            "total": 18,
            "valor_unitario": 991351,
            "descuento": 0.29,
            "IVA": 19
        },
        {
            "codigo": "alLbKlG2aF",
            "total": 16,
            "valor_unitario": 51408,
            "descuento": 0.36,
            "IVA": 5
        },
        {
            "codigo": "brbLU0QaEA",
            "total": 11,
            "valor_unitario": 654580,
            "descuento": 0.11,
            "IVA": 5
        },
        {
            "codigo": "UBY4kDt5BT",
            "total": 18,
            "valor_unitario": 104710,
            "descuento": 0.33,
            "IVA": 19
        },
        {
            "codigo": "szPHuiXa8Q",
            "total": 19,
            "valor_unitario": 854636,
            "descuento": 0.42,
            "IVA": 0
        },
        {
            "codigo": "owCE7viSxm",
            "total": 7,
            "valor_unitario": 161753,
            "descuento": 0.15,
            "IVA": 5
        },
        {
            "codigo": "oErbtnwbXk",
            "total": 4,
            "valor_unitario": 655079,
            "descuento": 0.06,
            "IVA": 5
        }
    ]
}