{
    "empresa_nit": "987654321",
    "empresa_ciudad": "CALI",
    "empresa_sede": "aeropuerto",
    "empresa_nombre": "FrutiBarato",
    "fecha_hora": "2020-03-23 20:46:49",
    "factura_num": "01302",
    "ciente_numero": 339326797,
    "pago_tipo": "EFECTIVO",
    "productos": [
        {
            "codigo": "hl5yp8u7rd",
            "total": 3,
            "valor_unitario": 320359,
            "descuento": 0.16,
            "IVA": 19
        },
        {
            "codigo": "LX53f9c89z",
            "total": 2,
            "valor_unitario": 564880,
            "descuento": 0.45,
            "IVA": 0
        },
        {
            "codigo": "4coMQhkNfV",
            "total": 13,
            "valor_unitario": 36438,
            "descuento": 0.07,
            "IVA": 19
        },
        {
            "codigo": "NBMTmjbpXK",
            "total": 10,
            "valor_unitario": 22251,
            "descuento": 0.23,
            "IVA": 19
        },
        {
            "codigo": "ZAM4zbtfVb",
            "total": 6,
            "valor_unitario": 330122,
            "descuento": 0.19,
            "IVA": 5
        },
        {
            "codigo": "RN5LbiHmlU",
            "total": 9,
            "valor_unitario": 379802,
            "descuento": 0.32,
            "IVA": 5
        },
        {
            "codigo": "w7gSaxWq41",
            "total": 11,
            "valor_unitario": 198827,
            "descuento": 0.05,
            "IVA": 0
        },
        {
            "codigo": "y8mmOl9w2t",
            "total": 12,
            "valor_unitario": 600082,
            "descuento": 0.13,
            "IVA": 19
        },
        {
            "codigo": "pQjtqsXvK9",
            "total": 5,
            "valor_unitario": 140355,
            "descuento": 0.21,
            "IVA": 0
        }
    ]
}