{
    "empresa_nit": "987654321",
    "empresa_ciudad": "MEDELLIN",
    "empresa_sede": "aeropuerto",
    "empresa_nombre": "FrutiBarato",
    "fecha_hora": "2024-05-25 07:12:59",
    "factura_num": "01000",
    "ciente_numero": 311033184,
    "pago_tipo": "TAR.CREDITO",
    "productos": [
        {
            "codigo": "FaJj6sQjKw",
            "total": 14,
            "valor_unitario": 946054,
            "descuento": 0.19,
            "IVA": 0
        },
        {
            "codigo": "EGoIpk3Ki0",
            "total": 1,
            "valor_unitario": 519851,
            "descuento": 0.48,
            "IVA": 0
        },
        {
            "codigo": "QFFK9eV3k2",
            "total": 8,
            "valor_unitario": 338255,
            "descuento": 0.47,
            "IVA": 5
        },
        {
            "codigo": "4xiKGxR7cW",
            "total": 6,
            "valor_unitario": 772182,
            "descuento": 0.11,
            "IVA": 5
        },
        {
            "codigo": "WNwc7mGeHV",
            "total": 13,
            "valor_unitario": 377705,
            "descuento": 0.29,
            "IVA": 0
        },
        {
            "codigo": "g5dYcGvEjr",
            "total": 17,
            "valor_unitario": 174098,
            "descuento": 0.24,
            "IVA": 19
        },
        {
            "codigo": "mxH7fIlSkt",
            "total": 2,
            "valor_unitario": 321963,
            "descuento": 0.38,
            "IVA": 5
        },
        {
            "codigo": "Ys3rmw1ZTe",
            "total": 9,
            "valor_unitario": 870882,
            "descuento": 0.05,
            "IVA": 19
        },
        {
            "codigo": "0SyDixzdII",
            "total": 8,
            "valor_unitario": 523896,
            "descuento": 0.27,
            "IVA": 19
        },
        {
            "codigo": "WNNmRBdaKx",
            "total": 10,
            "valor_unitario": 211619,
            "descuento": 0.25,
            "IVA": 5
        },
        {
            "codigo": "u5Y6iUjdNb",
            "total": 2,
            "valor_unitario": 450330,
            "descuento": 0.24,
            "IVA": 19
        },
        {
            "codigo": "hCdzVCtV1t",
            "total": 15,
            "valor_unitario": 409483,
            "descuento": 0.18,
            "IVA": 0
        },
        {
            "codigo": "rS5RYvIvDJ",
            "total": 17,
            "valor_unitario": 630690,
            "descuento": 0.4,
            "IVA": 19
        },
        {
            "codigo": "gsmNJQRa1t",
            "total": 7,
            "valor_unitario": 720337,
            "descuento": 0.39,
            "IVA": 5
        },
        {
            "codigo": "dDP8AoivHC",
            "total": 6,
            "valor_unitario": 804091,
            "descuento": 0.0,
            "IVA": 5
        },
        {
            "codigo": "IEAhQu1pZv",
            "total": 15,
            "valor_unitario": 342746,
            "descuento": 0.29,
            "IVA": 0
        },
        {
            "codigo": "GuHR7LtbEk",
            "total": 10,
            "valor_unitario": 787867,
            "descuento": 0.22,
            "IVA": 0
        },
        {
            "codigo": "Tqw5nVkICW",
            "total": 18,
            "valor_unitario": 228780,
            "descuento": 0.32,
            "IVA": 19
        },
        {
            "codigo": "H1qafPXVFp",
            "total": 4,
            "valor_unitario": 167682,
            "descuento": 0.38,
            "IVA": 19
        },
        {
            "codigo": "E07gH68SrA",
            "total": 10,
            "valor_unitario": 78253,
            "descuento": 0.0,
            "IVA": 0
        }
    ]
}