{
    "empresa_nit": "987654321",
    "empresa_ciudad": "CALI",
    "empresa_sede": "alcaldia",
    "empresa_nombre": "FrutiBarato",
    "fecha_hora": "2024-01-02 14:10:09",
    "factura_num": "01210",
    "ciente_numero": 221844689,
    "pago_tipo": "TRANFERENCIA",
    "productos": [
        {
            "codigo": "hiZGx9O1dP",
            "total": 8,
            "valor_unitario": 853734,
            "descuento": 0.47,
            "IVA": 5
        },
        {
            "codigo": "f4ldUJQtn3",
            "total": 9,
            "valor_unitario": 47056,
            "descuento": 0.17,
            "IVA": 0
        },
        {
            "codigo": "JhAEEt6dx1",
            "total": 1,
            "valor_unitario": 70540,
            "descuento": 0.01,
            "IVA": 0
        }
    ]
}