{
    "empresa_nit": "987654321",
    "empresa_ciudad": "CALI",
    "empresa_sede": "aeropuerto",
    "empresa_nombre": "FrutiBarato",
    "fecha_hora": "2020-11-24 07:29:18",
    "factura_num": "01009",
    "ciente_numero": 856753919,
    "pago_tipo": "TAR.CREDITO",
    "productos": [
        {
            "codigo": "d3DrKvGKQy",
            "total": 3,
            "valor_unitario": 171875,
            "descuento": 0.32,
            "IVA": 0
        },
        {
            "codigo": "XNzw5irekT",
            "total": 17,
            "valor_unitario": 277483,
            "descuento": 0.1,
            "IVA": 19
        },
        {
            "codigo": "wdt5ZKTkVr",
            "total": 6,
            "valor_unitario": 598409,
            "descuento": 0.33,
            "IVA": 5
        },
        {
            "codigo": "Iwuwq2XXfx",
            "total": 8,
            "valor_unitario": 117248,
            "descuento": 0.16,
            "IVA": 5
        }
    ]
}