{
    "empresa_nit": "987654321",
    "empresa_ciudad": "CALI",
    "empresa_sede": "terminal",
    "empresa_nombre": "FrutiBarato",
    "fecha_hora": "2021-06-22 05:38:16",
    "factura_num": "01343",
    "ciente_numero": 336256045,
    "pago_tipo": "TAR.CREDITO",
    "productos": [
        {
            "codigo": "95tEKuzHsx",
            "total": 10,
            "valor_unitario": 599774,
            "descuento": 0.42,
            "IVA": 0
        },
        {
            "codigo": "jLQSYT2zAY",
            "total": 18,
            "valor_unitario": 161002,
            "descuento": 0.26,
            "IVA": 0
        }
    ]
}