{
    "empresa_nit": "987654321",
    "empresa_ciudad": "CALI",
    "empresa_sede": "autopista",
    "empresa_nombre": "FrutiBarato",
    "fecha_hora": "2025-02-08 13:22:57",
    "factura_num": "01137",
    "ciente_numero": 819305404,
    "pago_tipo": "EFECTIVO",
    "productos": [
        {
            "codigo": "nxp1yj5WqX",
            "total": 20,
            "valor_unitario": 225585,
            "descuento": 0.21,
            "IVA": 0
        },
        {
            "codigo": "o8ROnWVAuO",
            "total": 19,
            "valor_unitario": 77863,
            "descuento": 0.28,
            "IVA": 19
        },
        {
            "codigo": "78MFUMErjh",
            "total": 16,
            "valor_unitario": 819325,
            "descuento": 0.04,
            "IVA": 0
        },
        {
            "codigo": "W0mPvBK5ZS",
            "total": 6,
            "valor_unitario": 219496,
            "descuento": 0.21,
            "IVA": 0
        },
        {
            "codigo": "Hcxe6zAySO",
            "total": 1,
            "valor_unitario": 38206,
            "descuento": 0.34,
            "IVA": 5
        },
        {
            "codigo": "qejpAF7Squ",
            "total": 5,
            "valor_unitario": 18592,
            "descuento": 0.18,
            "IVA": 19
        },
        {
            "codigo": "1l2aR105Jb",
            "total": 1,
            "valor_unitario": 825574,
            "descuento": 0.2,
            "IVA": 0
        }
    ]
}