{
    "empresa_nit": "987654321",
    "empresa_ciudad": "TUNJA",
    "empresa_sede": "alcaldia",
    "empresa_nombre": "FrutiBarato",
    "fecha_hora": "2023-07-20 15:05:40",
    "factura_num": "01320",
    "ciente_numero": 612551249,
    "pago_tipo": "TAR.DEBITO",
    "productos": [
        {
            "codigo": "9aoer6QHqk",
            "total": 1,
            "valor_unitario": 546159,
            "descuento": 0.32,
            "IVA": 19
        },
        {
            "codigo": "84IpgszdYG",
            "total": 20,
            "valor_unitario": 615821,
            "descuento": 0.44,
            "IVA": 19
        },
        {
            "codigo": "nBrOtGuyVF",
            "total": 14,
            "valor_unitario": 355464,
            "descuento": 0.31,
            "IVA": 5
        },
        {
            "codigo": "Zhh4LfLCES",
            "total": 2,
            "valor_unitario": 432935,
            "descuento": 0.44,
            "IVA": 19
        },
        {
            "codigo": "9l27GuDjB9",
            "total": 15,
            "valor_unitario": 999994,
            "descuento": 0.35,
            "IVA": 5
        },
        {
            "codigo": "g7YDdz5zPD",
            "total": 10,
            "valor_unitario": 139923,
            "descuento": 0.11,
            "IVA": 19
        },
        {
            "codigo": "PUVZLPxL4Q",
            "total": 4,
            "valor_unitario": 234481,
            "descuento": 0.39,
            "IVA": 5
        },
        {
            "codigo": "s1BOEIkhJY",
            "total": 17,
            "valor_unitario": 660104,
            "descuento": 0.32,
            "IVA": 0
        },
        {
            "codigo": "b1ROgTnLcJ",
            "total": 16,
            "valor_unitario": 755658,
            "descuento": 0.24,
            "IVA": 0
        },
        {
            "codigo": "VrB1x2EBFa",
            "total": 19,
            "valor_unitario": 434523,
            "descuento": 0.21,
            "IVA": 19
        },
        {
            "codigo": "tizWwytPm4",
            "total": 14,
            "valor_unitario": 964360,
            "descuento": 0.0,
            "IVA": 0
        },
        {
            "codigo": "uk8nO17kIC",
            "total": 20,
            "valor_unitario": 332164,
            "descuento": 0.39,
            "IVA": 19
        },
        {
            "codigo": "wTrDV5cQtY",
            "total": 7,
            "valor_unitario": 102953,
            "descuento": 0.04,
            "IVA": 19
        },
        {
            "codigo": "RmCpyaQIli",
            "total": 8,
            "valor_unitario": 291357,
            "descuento": 0.22,
            "IVA": 0
        },
        {
            "codigo": "LjAlzNMenE",
            "total": 16,
            "valor_unitario": 1668,
            "descuento": 0.12,
            "IVA": 5
        }
    ]
}