{
    "empresa_nit": "987654321",
    "empresa_ciudad": "MEDELLIN",
    "empresa_sede": "aeropuerto",
    "empresa_nombre": "FrutiBarato",
    "fecha_hora": "2024-08-17 00:05:12",
    "factura_num": "01162",
    "ciente_numero": 70569068,
    "pago_tipo": "TAR.CREDITO",
    "productos": [
        {
            "codigo": "bBFH0e5JcF",
            "total": 12,
            "valor_unitario": 607737,
            "descuento": 0.3,
            "IVA": 0
        },
        {
            "codigo": "nNWua6QCvA",
            "total": 12,
            "valor_unitario": 358237,
            "descuento": 0.15,
            "IVA": 0
        },
        {
            "codigo": "6LGhw88R5D",
            "total": 5,
            "valor_unitario": 736825,
            "descuento": 0.22,
            "IVA": 0
        },
        {
            "codigo": "jtjPxCDWag",
            "total": 14,
            "valor_unitario": 53012,
            "descuento": 0.42,
            "IVA": 0
        },
        {
            "codigo": "PcwKrCzq9B",
            "total": 18,
            "valor_unitario": 84029,
            "descuento": 0.44,
            "IVA": 0
        },
        {
            "codigo": "9PEE3louec",
            "total": 18,
            "valor_unitario": 741554,
            "descuento": 0.2,
            "IVA": 0
        }
    ]
}