{
    "empresa_nit": "987654321",
    "empresa_ciudad": "BARRANQUILLA",
    "empresa_sede": "plaza",
    "empresa_nombre": "FrutiBarato",
    "fecha_hora": "2024-03-14 00:12:17",
    "factura_num": "01356",
    "ciente_numero": 856009817,
    "pago_tipo": "TAR.CREDITO",
    "productos": [
        {
            "codigo": "eO4YgJLQwL",
            "total": 7,
            "valor_unitario": 73761,
            "descuento": 0.49,
            "IVA": 19
        },
        {
            "codigo": "4iIeccbAXu",
            "total": 4,
            "valor_unitario": 700454,
            "descuento": 0.37,
            "IVA": 5
        },
        {
            "codigo": "ot96vsaMUB",
            "total": 19,
            "valor_unitario": 896613,
            "descuento": 0.26,
            "IVA": 0
        }
    ]
}