{
    "empresa_nit": "987654321",
    "empresa_ciudad": "CALI",
    "empresa_sede": "plaza",
    "empresa_nombre": "FrutiBarato",
    "fecha_hora": "2020-03-15 18:00:14",
    "factura_num": "01246",
    "ciente_numero": 214343008,
    "pago_tipo": "TAR.CREDITO",
    "productos": [
        {
            "codigo": "0crylWwUgM",
            "total": 9,
            "valor_unitario": 282566,
            "descuento": 0.18,
            "IVA": 0
        },
        {
            "codigo": "l8HG9XRAn2",
            "total": 14,
            "valor_unitario": 867420,
            "descuento": 0.2,
            "IVA": 19
        },
        {
            "codigo": "uDQ24Lmh7F",
            "total": 1,
            "valor_unitario": 305251,
            "descuento": 0.07,
            "IVA": 5
        },
        {
            "codigo": "MxCAGkMaWu",
            "total": 10,
            "valor_unitario": 673420,
            "descuento": 0.33,
            "IVA": 19
        },
        {
            "codigo": "FiBTeLpCS0",
            "total": 12,
            "valor_unitario": 886230,
            "descuento": 0.06,
            "IVA": 5
        },
        {
            "codigo": "YwFK3fCMnY",
            "total": 12,
            "valor_unitario": 492828,
            "descuento": 0.21,
            "IVA": 5
        },
        {
            "codigo": "OxshpEU9iW",
            "total": 13,
            "valor_unitario": 442411,
            "descuento": 0.24,
            "IVA": 0
        },
        {
            "codigo": "l6VuIDoChI",
            "total": 11,
            "valor_unitario": 832205,
            "descuento": 0.03,
            "IVA": 19
        },
        {
            "codigo": "WCIY3Ahx0R",
            "total": 13,
            "valor_unitario": 554773,
            "descuento": 0.14,
            "IVA": 5
        },
        {
            "codigo": "0xxmPuymcw",
            "total": 13,
            "valor_unitario": 859279,
            "descuento": 0.01,
            "IVA": 19
        },
        {
            "codigo": "ql7Wb3P7t7",
            "total": 7,
            "valor_unitario": 438601,
            "descuento": 0.26,
            "IVA": 5
        }
    ]
}