{
    "empresa_nit": "987654321",
    "empresa_ciudad": "BARRANQUILLA",
    "empresa_sede": "autopista",
    "empresa_nombre": "FrutiBarato",
    "fecha_hora": "2024-08-31 22:10:00",
    "factura_num": "01181",
    "ciente_numero": 350841667,
    "pago_tipo": "EFECTIVO",
    "productos": [
        {
            "codigo": "mZwkkegzd2",
            "total": 19,
            "valor_unitario": 654251,
            "descuento": 0.25,
            "IVA": 0
        },
        {
            "codigo": "SWNYgi28nG",
            "total": 10,
            "valor_unitario": 277012,
            "descuento": 0.43,
            "IVA": 0
        },
        {
            "codigo": "qUOC4DhuK9",
            "total": 7,
            "valor_unitario": 817168,
            "descuento": 0.33,
            "IVA": 0
        },
        {
            "codigo": "EdSpPR90dQ",
            "total": 12,
            "valor_unitario": 495350,
            "descuento": 0.01,
            "IVA": 0
        },
        {
            "codigo": "AXZILGDPnS",
            "total": 8,
            "valor_unitario": 869395,
            "descuento": 0.44,
            "IVA": 5
        },
        {
            "codigo": "k3dUDqYh1b",
            "total": 12,
            "valor_unitario": 152002,
            "descuento": 0.12,
            "IVA": 19
        },
        {
            "codigo": "cWrjzMgb9W",
            "total": 12,
            "valor_unitario": 491436,
            "descuento": 0.28,
            "IVA": 19
        },
        {
            "codigo": "ZaWQuy7h5h",
            "total": 8,
            "valor_unitario": 259846,
            "descuento": 0.39,
            "IVA": 19
        },
        {
            "codigo": "N1tsskoHNI",
            "total": 10,
            "valor_unitario": 892755,
            "descuento": 0.47,
            "IVA": 0
        },
        {
            "codigo": "VYm2G0tGlT",
            "total": 5,
            "valor_unitario": 762619,
            "descuento": 0.06,
            "IVA": 5
        },
        {
            "codigo": "ZglndtAPWi",
            "total": 2,
            "valor_unitario": 395262,
            "descuento": 0.46,
            "IVA": 19
        },
        {
            "codigo": "KCRExkn253",
            "total": 20,
            "valor_unitario": 325191,
            "descuento": 0.09,
            "IVA": 5
        },
        {
            "codigo": "WZQ2fmBHHf",
            "total": 5,
            "valor_unitario": 567711,
            "descuento": 0.16,
            "IVA": 5
        },
        {
            "codigo": "aRfUqkBLGa",
            "total": 13,
            "valor_unitario": 14731,
            "descuento": 0.22,
            "IVA": 0
        },
        {
            "codigo": "AFesYQJEuD",
            "total": 20,
            "valor_unitario": 387418,
            "descuento": 0.12,
            "IVA": 5
        }
    ]
}