{
    "empresa_nit": "987654321",
    "empresa_ciudad": "TUNJA",
    "empresa_sede": "terminal",
    "empresa_nombre": "FrutiBarato",
    "fecha_hora": "2022-08-28 21:12:45",
    "factura_num": "01072",
    "ciente_numero": 355609694,
    "pago_tipo": "TAR.DEBITO",
    "productos": [
        {
            "codigo": "2VWnjyuRT7",
            "total": 11,
            "valor_unitario": 936158,
            "descuento": 0.23,
            "IVA": 5
        },
        {
            "codigo": "BAsEQ6NC2T",
            "total": 16,
            "valor_unitario": 249157,
            "descuento": 0.12,
            "IVA": 19
        }
    ]
}