{
    "empresa_nit": "987654321",
    "empresa_ciudad": "MEDELLIN",
    "empresa_sede": "aeropuerto",
    "empresa_nombre": "FrutiBarato",
    "fecha_hora": "2022-06-30 12:36:22",
    "factura_num": "01002",
    "ciente_numero": 142305107,
    "pago_tipo": "TAR.CREDITO",
    "productos": [
        {
            "codigo": "r2Wbg9qTwd",
            "total": 5,
            "valor_unitario": 587916,
            "descuento": 0.01,
            "IVA": 19
        },
        {
            "codigo": "74WObCEDIv",
            "total": 13,
            "valor_unitario": 287291,
            "descuento": 0.5,
            "IVA": 5
        },
        {
            "codigo": "EZyXinibZr",
            "total": 12,
            "valor_unitario": 31685,
            "descuento": 0.14,
            "IVA": 5
        },
        {
            "codigo": "xcuVM8ZLSB",
            "total": 9,
            "valor_unitario": 715703,
            "descuento": 0.09,
            "IVA": 5
        },
        {
            "codigo": "sVIlCXaUGx",
            "total": 6,
            "valor_unitario": 668998,
            "descuento": 0.09,
            "IVA": 19
        },
        {
            "codigo": "FXSXFGoeAI",
            "total": 4,
            "valor_unitario": 437616,
            "descuento": 0.23,
            "IVA": 0
        },
        {
            "codigo": "sp9SVSsb19",
            "total": 3,
            "valor_unitario": 677655,
            "descuento": 0.47,
            "IVA": 5
        }
    ]
}