{
    "empresa_nit": "987654321",
    "empresa_ciudad": "MEDELLIN",
    "empresa_sede": "terminal",
    "empresa_nombre": "FrutiBarato",
    "fecha_hora": "2023-05-16 17:31:30",
    "factura_num": "01268",
    "ciente_numero": 47142887,
    "pago_tipo": "EFECTIVO",
    "productos": [
        {
            "codigo": "PMWxYoz8Jj",
            "total": 1,
            "valor_unitario": 655917,
            "descuento": 0.49,
            "IVA": 5
        },
        {
            "codigo": "ij87RomaKa",
            "total": 10,
            "valor_unitario": 450201,
            "descuento": 0.11,
            "IVA": 5
        },
        {
            "codigo": "QvcOSgDyIS",
            "total": 12,
            "valor_unitario": 856721,
            "descuento": 0.36,
            "IVA": 19
        },
        {
            "codigo": "bQQx5htDuV",
            "total": 17,
            "valor_unitario": 41692,
            "descuento": 0.08,
            "IVA": 5
        },
        {
            "codigo": "m25DElD1vg",
            "total": 18,
            "valor_unitario": 4281,
            "descuento": 0.0,
            "IVA": 0
        },
        {
            "codigo": "INJEdpeBgh",
            "total": 9,
            "valor_unitario": 839803,
            "descuento": 0.23,
            "IVA": 5
        },
        {
            "codigo": "u24uk6kaBm",
            "total": 14,
            "valor_unitario": 158119,
            "descuento": 0.21,
            "IVA": 19
        },
        {
            "codigo": "aPRNBy3CKC",
            "total": 11,
            "valor_unitario": 372396,
            "descuento": 0.28,
            "IVA": 0
        },
        {
            "codigo": "m2bt3gcPKF",
            "total": 16,
            "valor_unitario": 263053,
            "descuento": 0.48,
            "IVA": 0
        },
        {
            "codigo": "vtBxAQpp9V",
            "total": 13,
            "valor_unitario": 432307,
            "descuento": 0.35,
            "IVA": 19
        },
        {
            "codigo": "qsdqmytX4I",
            "total": 8,
            "valor_unitario": 816249,
            "descuento": 0.4,
            "IVA": 5
        },
        {
            "codigo": "iGBkjafzN6",
            "total": 10,
            "valor_unitario": 248917,
            "descuento": 0.08,
            "IVA": 5
        },
        {
            "codigo": "0vdDFmlsMA",
            "total": 1,
            "valor_unitario": 801536,
            "descuento": 0.02,
            "IVA": 19
        },
        {
            "codigo": "olQ31gzhnG",
            "total": 17,
            "valor_unitario": 41927,
            "descuento": 0.37,
            "IVA": 0
        },
        {
            "codigo": "9vGpKw1sUu",
            "total": 8,
            "valor_unitario": 517931,
            "descuento": 0.23,
            "IVA": 19
        },
        {
            "codigo": "Y4qaI9At40",
            "total": 18,
            "valor_unitario": 909622,
            "descuento": 0.27,
            "IVA": 19
        },
        {
            "codigo": "2bt1hZvCHs",
            "total": 6,
            "valor_unitario": 630905,
            "descuento": 0.18,
            "IVA": 19
        },
        {
            "codigo": "0dNjSi3YcN",
            "total": 18,
            "valor_unitario": 255830,
            "descuento": 0.03,
            "IVA": 5
        },
        {
            "codigo": "z0CfKRO919",
            "total": 18,
            "valor_unitario": 854509,
            "descuento": 0.21,
            "IVA": 5
        }
    ]
}