{
    "empresa_nit": "987654321",
    "empresa_ciudad": "BARRANQUILLA",
    "empresa_sede": "autopista",
    "empresa_nombre": "FrutiBarato",
    "fecha_hora": "2020-10-31 16:18:22",
    "factura_num": "01357",
    "ciente_numero": 63138690,
    "pago_tipo": "EFECTIVO",
    "productos": [
        {
            "codigo": "giGTk4ZSui",
            "total": 9,
            "valor_unitario": 890022,
            "descuento": 0.33,
            "IVA": 5
        },
        {
            "codigo": "OLPL2VXsPj",
            "total": 7,
            "valor_unitario": 951017,
            "descuento": 0.1,
            "IVA": 5
        },
        {
            "codigo": "CzlKNGlV9r",
            "total": 13,
            "valor_unitario": 718613,
            "descuento": 0.0,
            "IVA": 5
        },
        {
            "codigo": "ceYUzl8AN4",
            "total": 1,
            "valor_unitario": 911300,
            "descuento": 0.15,
            "IVA": 0
        },
        {
            "codigo": "DuazpRdF95",
            "total": 6,
            "valor_unitario": 836059,
            "descuento": 0.16,
            "IVA": 5
        },
        {
            "codigo": "5UBStCcX0A",
            "total": 11,
            "valor_unitario": 981703,
            "descuento": 0.49,
            "IVA": 19
        },
        {
            "codigo": "RGf6rIYzPh",
            "total": 9,
            "valor_unitario": 540646,
            "descuento": 0.03,
            "IVA": 5
        },
        {
            "codigo": "5R5l1eYv01",
            "total": 3,
            "valor_unitario": 3204,
            "descuento": 0.33,
            "IVA": 5
        },
        {
            "codigo": "oMeDoHNawE",
            "total": 7,
            "valor_unitario": 215278,
            "descuento": 0.14,
            "IVA": 19
        },
        {
            "codigo": "IWjt1ZfJl1",
            "total": 8,
            "valor_unitario": 567769,
            "descuento": 0.19,
            "IVA": 5
        },
        {
            "codigo": "ZLgtf7NMh3",
            "total": 17,
            "valor_unitario": 338104,
            "descuento": 0.37,
            "IVA": 19
        },
        {
            "codigo": "2ZAoMHfB23",
            "total": 2,
            "valor_unitario": 637206,
            "descuento": 0.08,
            "IVA": 0
        },
        {
            "codigo": "G4tEjxrrl5",
            "total": 10,
            "valor_unitario": 383765,
            "descuento": 0.48,
            "IVA": 5
        }
    ]
}