{
    "empresa_nit": "987654321",
    "empresa_ciudad": "BOGOTA",
    "empresa_sede": "aeropuerto",
    "empresa_nombre": "FrutiBarato",
    "fecha_hora": "2024-11-24 09:54:44",
    "factura_num": "01255",
    "ciente_numero": 24946018,
    "pago_tipo": "EFECTIVO",
    "productos": [
        {
            "codigo": "Rl1t1a9i3e",
            "total": 2,
            "valor_unitario": 659966,
            "descuento": 0.06,
            "IVA": 5
        },
        {
            "codigo": "w5OzYeT9NU",
            "total": 19,
            "valor_unitario": 319151,
            "descuento": 0.06,
            "IVA": 0
        },
        {
            "codigo": "EvvJGgavKu",
            "total": 7,
            "valor_unitario": 425494,
            "descuento": 0.19,
            "IVA": 19
        },
        {
            "codigo": "XybrpTNtan",
            "total": 12,
            "valor_unitario": 609514,
            "descuento": 0.1,
            "IVA": 0
        },
        {
            "codigo": "K4MbEt47AL",
            "total": 1,
            "valor_unitario": 515101,
            "descuento": 0.05,
            "IVA": 5
        }
    ]
}