{
    "empresa_nit": "987654321",
    "empresa_ciudad": "TUNJA",
    "empresa_sede": "alcaldia",
    "empresa_nombre": "FrutiBarato",
    "fecha_hora": "2021-10-17 19:50:35",
    "factura_num": "01258",
    "ciente_numero": 403277963,
    "pago_tipo": "TRANFERENCIA",
    "productos": [
        {
            "codigo": "WqFbAtc98d",
            "total": 15,
            "valor_unitario": 14035,
            "descuento": 0.35,
            "IVA": 0
        },
        {
            "codigo": "nNddnIkv1s",
            "total": 18,
            "valor_unitario": 906816,
            "descuento": 0.03,
            "IVA": 19
        },
        {
            "codigo": "NLYMoTvrjU",
            "total": 3,
            "valor_unitario": 219261,
            "descuento": 0.19,
            "IVA": 19
        },
        {
            "codigo": "Pe336lIO0v",
            "total": 20,
            "valor_unitario": 60323,
            "descuento": 0.16,
            "IVA": 5
        },
        {
            "codigo": "iiik8plk3Z",
            "total": 14,
            "valor_unitario": 608253,
            "descuento": 0.46,
            "IVA": 0
        },
        {
            "codigo": "nCLZy9OiU6",
            "total": 8,
            "valor_unitario": 472018,
            "descuento": 0.22,
            "IVA": 0
        },
        {
            "codigo": "KvYkwOGNNF",
            "total": 14,
            "valor_unitario": 837575,
            "descuento": 0.44,
            "IVA": 0
        },
        {
            "codigo": "Tsxm13qqQf",
            "total": 6,
            "valor_unitario": 284516,
            "descuento": 0.03,
            "IVA": 19
        },
        {
            "codigo": "I0aDhc7PB9",
            "total": 14,
            "valor_unitario": 735426,
            "descuento": 0.37,
            "IVA": 5
        },
        {
            "codigo": "SlrjZurrNe",
            "total": 12,
            "valor_unitario": 759605,
            "descuento": 0.04,
            "IVA": 5
        },
        {
            "codigo": "JRdpBIXbce",
            "total": 8,
            "valor_unitario": 157829,
            "descuento": 0.46,
            "IVA": 19
        },
        {
            "codigo": "N4mBKgsOcM",
            "total": 14,
            "valor_unitario": 720721,
            "descuento": 0.39,
            "IVA": 19
        },
        {
            "codigo": "CS3Eivk42Y",
            "total": 7,
            "valor_unitario": 452748,
            "descuento": 0.35,
            "IVA": 19
        },
        {
            "codigo": "Q9Xg95Iis7",
            "total": 5,
            "valor_unitario": 797807,
            "descuento": 0.25,
            "IVA": 0
        },
        {
            "codigo": "3Aztn694t3",
            "total": 1,
            "valor_unitario": 953750,
            "descuento": 0.25,
            "IVA": 19
        },
        {
            "codigo": "4xs6MYVHvf",
            "total": 8,
            "valor_unitario": 121112,
            "descuento": 0.5,
            "IVA": 19
        },
        {
            "codigo": "4O9DIIMoc9",
            "total": 10,
            "valor_unitario": 193583,
            "descuento": 0.41,
            "IVA": 19
        },
        {
            "codigo": "Uwp2HKkPiT",
            "total": 9,
            "valor_unitario": 976959,
            "descuento": 0.31,
            "IVA": 19
        }
    ]
}