{
    "empresa_nit": "987654321",
    "empresa_ciudad": "BARRANQUILLA",
    "empresa_sede": "terminal",
    "empresa_nombre": "FrutiBarato",
    "fecha_hora": "2022-09-10 03:18:55",
    "factura_num": "01424",
    "ciente_numero": 56271323,
    "pago_tipo": "TAR.DEBITO",
    "productos": [
        {
            "codigo": "o6N700K6kj",
            "total": 6,
            "valor_unitario": 300483,
            "descuento": 0.25,
            "IVA": 5
        },
        {
            "codigo": "ZxR4VcajBv",
            "total": 7,
            "valor_unitario": 86468,
            "descuento": 0.05,
            "IVA": 5
        },
        {
            "codigo": "cI7axRW6FE",
            "total": 10,
            "valor_unitario": 751340,
            "descuento": 0.11,
            "IVA": 5
        },
        {
            "codigo": "8iKLkADTdw",
            "total": 6,
            "valor_unitario": 60037,
            "descuento": 0.02,
            "IVA": 19
        },
        {
            "codigo": "wcmTxJee67",
            "total": 18,
            "valor_unitario": 302047,
            "descuento": 0.4,
            "IVA": 5
        },
        {
            "codigo": "ERRgOdlIUB",
            "total": 1,
            "valor_unitario": 536171,
            "descuento": 0.01,
            "IVA": 19
        },
        {
            "codigo": "sCvzU0FEAP",
            "total": 13,
            "valor_unitario": 231111,
            "descuento": 0.5,
            "IVA": 5
        },
        {
            "codigo": "dzxJ5EAdpr",
            "total": 1,
            "valor_unitario": 761904,
            "descuento": 0.01,
            "IVA": 5
        },
        {
            "codigo": "9GAA1tsziI",
            "total": 9,
            "valor_unitario": 133375,
            "descuento": 0.47,
            "IVA": 0
        },
        {
            "codigo": "jb0SgHEqeO",
            "total": 10,
            "valor_unitario": 583689,
            "descuento": 0.26,
            "IVA": 19
        },
        {
            "codigo": "8haCDVk436",
            "total": 16,
            "valor_unitario": 520455,
            "descuento": 0.29,
            "IVA": 5
        },
        {
            "codigo": "UuQTy1xPuZ",
            "total": 6,
            "valor_unitario": 131566,
            "descuento": 0.42,
            "IVA": 0
        },
        {
            "codigo": "5m599Nlvls",
            "total": 15,
            "valor_unitario": 452012,
            "descuento": 0.16,
            "IVA": 19
        },
        {
            "codigo": "Syz5mrXuko",
            "total": 10,
            "valor_unitario": 686532,
            "descuento": 0.04,
            "IVA": 5
        },
        {
            "codigo": "Hbf77BLIAv",
            "total": 12,
            "valor_unitario": 396247,
            "descuento": 0.28,
            "IVA": 5
        }
    ]
}