{
    "empresa_nit": "987654321",
    "empresa_ciudad": "BOGOTA",
    "empresa_sede": "aeropuerto",
    "empresa_nombre": "FrutiBarato",
    "fecha_hora": "2022-02-27 16:06:28",
    "factura_num": "01352",
    "ciente_numero": 521399772,
    "pago_tipo": "TAR.CREDITO",
    "productos": [
        {
            "codigo": "G6BIun2Z8O",
            "total": 17,
            "valor_unitario": 320014,
            "descuento": 0.06,
            "IVA": 5
        },
        {
            "codigo": "adFHaP2QsR",
            "total": 18,
            "valor_unitario": 960421,
            "descuento": 0.3,
            "IVA": 5
        },
        {
            "codigo": "uazaztl80G",
            "total": 15,
            "valor_unitario": 313780,
            "descuento": 0.47,
            "IVA": 19
        },
        {
            "codigo": "nOEzbn82IU",
            "total": 20,
            "valor_unitario": 31887,
            "descuento": 0.23,
            "IVA": 5
        },
        {
            "codigo": "O7eXgTLt5c",
            "total": 11,
            "valor_unitario": 289520,
            "descuento": 0.34,
            "IVA": 0
        },
        {
            "codigo": "xIXQKgdvci",
            "total": 19,
            "valor_unitario": 50250,
            "descuento": 0.25,
            "IVA": 19
        },
        {
            "codigo": "yLU3pAZOsV",
            "total": 1,
            "valor_unitario": 361792,
            "descuento": 0.18,
            "IVA": 5
        }
    ]
}