{
    "empresa_nit": "987654321",
    "empresa_ciudad": "BOGOTA",
    "empresa_sede": "autopista",
    "empresa_nombre": "FrutiBarato",
    "fecha_hora": "2024-03-26 09:12:16",
    "factura_num": "01417",
    "ciente_numero": 32602426,
    "pago_tipo": "EFECTIVO",
    "productos": [
        {
            "codigo": "4OHSwwgNFa",
            "total": 11,
            "valor_unitario": 823519,
            "descuento": 0.09,
            "IVA": 5
        },
        {
            "codigo": "E5iDnyXute",
            "total": 14,
            "valor_unitario": 944852,
            "descuento": 0.14,
            "IVA": 0
        },
        {
            "codigo": "O0q2gWslXa",
            "total": 17,
            "valor_unitario": 491278,
            "descuento": 0.24,
            "IVA": 0
        },
        {
            "codigo": "MJUH8d585v",
            "total": 4,
            "valor_unitario": 728709,
            "descuento": 0.14,
            "IVA": 0
        }
    ]
}