{
    "empresa_nit": "987654321",
    "empresa_ciudad": "TUNJA",
    "empresa_sede": "alcaldia",
    "empresa_nombre": "FrutiBarato",
    "fecha_hora": "2024-11-05 05:15:02",
    "factura_num": "01337",
    "ciente_numero": 157167089,
    "pago_tipo": "TAR.CREDITO",
    "productos": [
        {
            "codigo": "JSBANhYF9y",
            "total": 14,
            "valor_unitario": 645952,
            "descuento": 0.49,
            "IVA": 19
        },
        {
            "codigo": "xFWenB36K1",
            "total": 14,
            "valor_unitario": 816553,
            "descuento": 0.41,
            "IVA": 0
        },
        {
            "codigo": "Ry5uS0DQRJ",
            "total": 6,
            "valor_unitario": 548728,
            "descuento": 0.13,
            "IVA": 19
        }
    ]
}