{
    "empresa_nit": "987654321",
    "empresa_ciudad": "TUNJA",
    "empresa_sede": "alcaldia",
    "empresa_nombre": "FrutiBarato",
    "fecha_hora": "2025-02-18 08:17:05",
    "factura_num": "01426",
    "ciente_numero": 945699423,
    "pago_tipo": "TAR.DEBITO",
    "productos": [
        {
            "codigo": "8tUuwxxoER",
            "total": 20,
            "valor_unitario": 466343,
            "descuento": 0.35,
            "IVA": 0
        },
        {
            "codigo": "2yweRpOkI4",
            "total": 6,
            "valor_unitario": 296438,
            "descuento": 0.13,
            "IVA": 19
        },
        {
            "codigo": "nvZ6esPmof",
            "total": 20,
            "valor_unitario": 768442,
            "descuento": 0.27,
            "IVA": 5
        },
        {
            "codigo": "wJjclrjcv1",
            "total": 10,
            "valor_unitario": 703950,
            "descuento": 0.12,
            "IVA": 0
        }
    ]
}