{
    "empresa_nit": "987654321",
    "empresa_ciudad": "BARRANQUILLA",
    "empresa_sede": "terminal",
    "empresa_nombre": "FrutiBarato",
    "fecha_hora": "2021-02-22 04:57:45",
    "factura_num": "00143",
    "ciente_numero": 932947720,
    "pago_tipo": "TAR.DEBITO",
    "productos": [
        {
            "codigo": "N5J1ErLhG0",
            "total": 1,
            "valor_unitario": 985500,
            "descuento": 0.27,
            "IVA": 19
        },
        {
            "codigo": "TmJe3Pxc8u",
            "total": 13,
            "valor_unitario": 326706,
            "descuento": 0.23,
            "IVA": 0
        },
        {
            "codigo": "mqLA07rGLN",
            "total": 3,
            "valor_unitario": 483725,
            "descuento": 0.37,
            "IVA": 19
        },
        {
            "codigo": "nHhPnv51nI",
            "total": 13,
            "valor_unitario": 849755,
            "descuento": 0.02,
            "IVA": 0
        },
        {
            "codigo": "RLvUzDHr4C",
            "total": 5,
            "valor_unitario": 128978,
            "descuento": 0.3,
            "IVA": 19
        },
        {
            "codigo": "FbJyBPHeWl",
            "total": 18,
            "valor_unitario": 980734,
            "descuento": 0.23,
            "IVA": 19
        },
        {
            "codigo": "oPjf0c3lLJ",
            "total": 1,
            "valor_unitario": 875857,
            "descuento": 0.41,
            "IVA": 5
        },
        {
            "codigo": "5zMSfDl5FB",
            "total": 18,
            "valor_unitario": 464767,
            "descuento": 0.44,
            "IVA": 5
        },
        {
            "codigo": "6d1LXcjJ5O",
            "total": 15,
            "valor_unitario": 529859,
            "descuento": 0.25,
            "IVA": 19
        },
        {
            "codigo": "hsBgo1D9zC",
            "total": 5,
            "valor_unitario": 557111,
            "descuento": 0.1,
            "IVA": 5
        },
        {
            "codigo": "N0nOKwX1Yf",
            "total": 7,
            "valor_unitario": 469609,
            "descuento": 0.36,
            "IVA": 5
        },
        {
            "codigo": "g4GJ25SQH8",
            "total": 9,
            "valor_unitario": 501109,
            "descuento": 0.49,
            "IVA": 5
        },
        {
            "codigo": "D5L22iscO3",
            "total": 16,
            "valor_unitario": 561957,
            "descuento": 0.3,
            "IVA": 0
        },
        {
            "codigo": "du4UkmBa2p",
            "total": 16,
            "valor_unitario": 922625,
            "descuento": 0.41,
            "IVA": 5
        },
        {
            "codigo": "u3fLR4dwFc",
            "total": 13,
            "valor_unitario": 730253,
            "descuento": 0.23,
            "IVA": 0
        }
    ]
}