{
    "empresa_nit": "987654321",
    "empresa_ciudad": "TUNJA",
    "empresa_sede": "plaza",
    "empresa_nombre": "FrutiBarato",
    "fecha_hora": "2024-07-17 00:35:21",
    "factura_num": "01419",
    "ciente_numero": 941637404,
    "pago_tipo": "TAR.CREDITO",
    "productos": [
        {
            "codigo": "UYzdS0Mzqh",
            "total": 12,
            "valor_unitario": 565448,
            "descuento": 0.25,
            "IVA": 0
        },
        {
            "codigo": "B059iffseE",
            "total": 12,
            "valor_unitario": 905820,
            "descuento": 0.1,
            "IVA": 0
        },
        {
            "codigo": "g81sh3aZca",
            "total": 19,
            "valor_unitario": 466264,
            "descuento": 0.35,
            "IVA": 19
        },
        {
            "codigo": "kCI6vDWLNH",
            "total": 19,
            "valor_unitario": 539486,
            "descuento": 0.13,
            "IVA": 5
        },
        {
            "codigo": "3YUqtwaYC4",
            "total": 1,
            "valor_unitario": 144229,
            "descuento": 0.15,
            "IVA": 5
        },
        {
            "codigo": "RblGbm40Py",
            "total": 8,
            "valor_unitario": 348351,
            "descuento": 0.26,
            "IVA": 5
        },
        {
            "codigo": "ZGU1oVaiRm",
            "total": 1,
            "valor_unitario": 642206,
            "descuento": 0.34,
            "IVA": 19
        },
        {
            "codigo": "Be2xhk90Jv",
            "total": 15,
            "valor_unitario": 456619,
            "descuento": 0.34,
            "IVA": 5
        },
        {
            "codigo": "Wzpw3pg3f7",
            "total": 17,
            "valor_unitario": 443911,
            "descuento": 0.17,
            "IVA": 5
        },
        {
            "codigo": "tmtRkruEF2",
            "total": 18,
            "valor_unitario": 719904,
            "descuento": 0.39,
            "IVA": 5
        },
        {
            "codigo": "Lq90Z4jaEd",
            "total": 10,
            "valor_unitario": 176370,
            "descuento": 0.02,
            "IVA": 19
        },
        {
            "codigo": "tknO5d5wrF",
            "total": 16,
            "valor_unitario": 49295,
            "descuento": 0.02,
            "IVA": 19
        },
        {
            "codigo": "Glmv056jQu",
            "total": 10,
            "valor_unitario": 515487,
            "descuento": 0.33,
            "IVA": 19
        },
        {
            "codigo": "x6emCvLiwZ",
            "total": 7,
            "valor_unitario": 959674,
            "descuento": 0.42,
            "IVA": 0
        },
        {
            "codigo": "sjf15RKR01",
            "total": 12,
            "valor_unitario": 415293,
            "descuento": 0.18,
            "IVA": 5
        },
        {
            "codigo": "SWMZ1LtcB8",
            "total": 19,
            "valor_unitario": 422819,
            "descuento": 0.03,
            "IVA": 19
        },
        {
            "codigo": "yNWpcwOQiQ",
            "total": 20,
            "valor_unitario": 42745,
            "descuento": 0.13,
            "IVA": 0
        },
        {
            "codigo": "1N5oXlCvgF",
            "total": 13,
            "valor_unitario": 320155,
            "descuento": 0.28,
            "IVA": 19
        },
        {
            "codigo": "i0JAzewNWs",
            "total": 3,
            "valor_unitario": 687560,
            "descuento": 0.15,
            "IVA": 5
        },
        {
            "codigo": "gFLr4fhe2F",
            "total": 1,
            "valor_unitario": 791464,
            "descuento": 0.22,
            "IVA": 0
        }
    ]
}