{
    "empresa_nit": "987654321",
    "empresa_ciudad": "CALI",
    "empresa_sede": "aeropuerto",
    "empresa_nombre": "FrutiBarato",
    "fecha_hora": "2023-04-11 17:13:48",
    "factura_num": "01341",
    "ciente_numero": 87670646,
    "pago_tipo": "EFECTIVO",
    "productos": [
        {
            "codigo": "hqVLTW0vPY",
            "total": 20,
            "valor_unitario": 972006,
            "descuento": 0.22,
            "IVA": 19
        },
        {
            "codigo": "OtIAGJJtOL",
            "total": 15,
            "valor_unitario": 51733,
            "descuento": 0.19,
            "IVA": 19
        },
        {
            "codigo": "xlM9bthcTa",
            "total": 19,
            "valor_unitario": 218997,
            "descuento": 0.44,
            "IVA": 19
        },
        {
            "codigo": "85CFq9iYh9",
            "total": 14,
            "valor_unitario": 553483,
            "descuento": 0.29,
            "IVA": 19
        },
        {
            "codigo": "YCQX1ohiWO",
            "total": 12,
            "valor_unitario": 71259,
            "descuento": 0.11,
            "IVA": 0
        },
        {
            "codigo": "qPmGr1Lcy2",
            "total": 9,
            "valor_unitario": 259681,
            "descuento": 0.31,
            "IVA": 5
        },
        {
            "codigo": "hkPDg5OJZ6",
            "total": 15,
            "valor_unitario": 197890,
            "descuento": 0.19,
            "IVA": 19
        },
        {
            "codigo": "B8OdU0wsDq",
            "total": 10,
            "valor_unitario": 82863,
            "descuento": 0.36,
            "IVA": 0
        },
        {
            "codigo": "6ew98K8k5n",
            "total": 15,
            "valor_unitario": 991010,
            "descuento": 0.14,
            "IVA": 19
        },
        {
            "codigo": "TLAiePVGLv",
            "total": 8,
            "valor_unitario": 42956,
            "descuento": 0.05,
            "IVA": 19
        },
        {
            "codigo": "FUHs0hX0R1",
            "total": 16,
            "valor_unitario": 343812,
            "descuento": 0.19,
            "IVA": 0
        },
        {
            "codigo": "0KZSOegngZ",
            "total": 16,
            "valor_unitario": 396220,
            "descuento": 0.03,
            "IVA": 0
        },
        {
            "codigo": "Pd8QbdDZ9L",
            "total": 13,
            "valor_unitario": 835818,
            "descuento": 0.13,
            "IVA": 0
        },
        {
            "codigo": "G38pKQN59Q",
            "total": 6,
            "valor_unitario": 269314,
            "descuento": 0.25,
            "IVA": 5
        },
        {
            "codigo": "flxImyrwy7",
            "total": 6,
            "valor_unitario": 663766,
            "descuento": 0.3,
            "IVA": 19
        },
        {
            "codigo": "7DIH2adBzv",
            "total": 5,
            "valor_unitario": 372470,
            "descuento": 0.36,
            "IVA": 0
        },
        {
            "codigo": "ODt6XNLBY9",
            "total": 5,
            "valor_unitario": 300993,
            "descuento": 0.14,
            "IVA": 0
        },
        {
            "codigo": "YDEYCK71HG",
            "total": 17,
            "valor_unitario": 799277,
            "descuento": 0.29,
            "IVA": 5
        },
        {
            "codigo": "wXhLM0dFh0",
            "total": 4,
            "valor_unitario": 965271,
            "descuento": 0.34,
            "IVA": 19
        },
        {
            "codigo": "Av8mS3UrTO",
            "total": 18,
            "valor_unitario": 698678,
            "descuento": 0.31,
            "IVA": 19
        }
    ]
}