{
    "empresa_nit": "987654321",
    "empresa_ciudad": "TUNJA",
    "empresa_sede": "autopista",
    "empresa_nombre": "FrutiBarato",
    "fecha_hora": "2025-01-11 06:39:15",
    "factura_num": "01196",
    "ciente_numero": 712853373,
    "pago_tipo": "TRANFERENCIA",
    "productos": [
        {
            "codigo": "qB3o6pOGCS",
            "total": 15,
            "valor_unitario": 11057,
            "descuento": 0.17,
            "IVA": 0
        },
        {
            "codigo": "Xp19TnDS1T",
            "total": 20,
            "valor_unitario": 850753,
            "descuento": 0.19,
            "IVA": 5
        },
        {
            "codigo": "Ou20FWNnNP",
            "total": 7,
            "valor_unitario": 949919,
            "descuento": 0.11,
            "IVA": 5
        },
        {
            "codigo": "dhOjJYbprk",
            "total": 4,
            "valor_unitario": 910437,
            "descuento": 0.22,
            "IVA": 5
        },
        {
            "codigo": "V6W42iLIc3",
            "total": 17,
            "valor_unitario": 449837,
            "descuento": 0.31,
            "IVA": 0
        },
        {
            "codigo": "s5nV5mMKMw",
            "total": 17,
            "valor_unitario": 748633,
            "descuento": 0.45,
            "IVA": 19
        },
        {
            "codigo": "fmhXjDx9gU",
            "total": 3,
            "valor_unitario": 169964,
            "descuento": 0.44,
            "IVA": 5
        }
    ]
}