{
    "empresa_nit": "987654321",
    "empresa_ciudad": "BOGOTA",
    "empresa_sede": "centro",
    "empresa_nombre": "FrutiBarato",
    "fecha_hora": "2024-11-16 12:50:42",
    "factura_num": "01222",
    "ciente_numero": 210113900,
    "pago_tipo": "EFECTIVO",
    "productos": [
        {
            "codigo": "7RmUn9S9Rt",
            "total": 8,
            "valor_unitario": 906375,
            "descuento": 0.18,
            "IVA": 5
        },
        {
            "codigo": "4LgfVsPNHd",
            "total": 14,
            "valor_unitario": 680000,
            "descuento": 0.07,
            "IVA": 0
        },
        {
            "codigo": "k9ATf1toYO",
            "total": 6,
            "valor_unitario": 384302,
            "descuento": 0.33,
            "IVA": 19
        },
        {
            "codigo": "w1Gtd5yQAK",
            "total": 8,
            "valor_unitario": 867071,
            "descuento": 0.44,
            "IVA": 5
        },
        {
            "codigo": "IH6XLt0G3T",
            "total": 2,
            "valor_unitario": 897467,
            "descuento": 0.16,
            "IVA": 19
        },
        {
            "codigo": "IyTuv3zWLb",
            "total": 14,
            "valor_unitario": 427610,
            "descuento": 0.35,
            "IVA": 5
        },
        {
            "codigo": "7WnFLi0d5N",
            "total": 3,
            "valor_unitario": 98497,
            "descuento": 0.03,
            "IVA": 0
        },
        {
            "codigo": "CMkXIPfcNe",
            "total": 2,
            "valor_unitario": 318608,
            "descuento": 0.07,
            "IVA": 0
        },
        {
            "codigo": "NKeksvqsDZ",
            "total": 14,
            "valor_unitario": 108536,
            "descuento": 0.29,
            "IVA": 5
        }
    ]
}