{
    "empresa_nit": "987654321",
    "empresa_ciudad": "BARRANQUILLA",
    "empresa_sede": "plaza",
    "empresa_nombre": "FrutiBarato",
    "fecha_hora": "2024-06-18 14:21:35",
    "factura_num": "01389",
    "ciente_numero": 722250576,
    "pago_tipo": "TRANFERENCIA",
    "productos": [
        {
            "codigo": "zSA69vq9Ic",
            "total": 16,
            "valor_unitario": 204890,
            "descuento": 0.28,
            "IVA": 0
        },
        {
            "codigo": "SXFTRYPmpC",
            "total": 8,
            "valor_unitario": 320265,
            "descuento": 0.13,
            "IVA": 0
        },
        {
            "codigo": "LOKuFh75Xi",
            "total": 15,
            "valor_unitario": 836404,
            "descuento": 0.04,
            "IVA": 19
        },
        {
            "codigo": "bDjW3kMmOc",
            "total": 15,
            "valor_unitario": 703781,
            "descuento": 0.21,
            "IVA": 0
        },
        {
            "codigo": "D21BRjQbxj",
            "total": 8,
            "valor_unitario": 550865,
            "descuento": 0.16,
            "IVA": 0
        },
        {
            "codigo": "eroYT92VGc",
            "total": 11,
            "valor_unitario": 357194,
            "descuento": 0.28,
            "IVA": 0
        },
        {
            "codigo": "Cm3DrgQEaG",
            "total": 20,
            "valor_unitario": 580838,
            "descuento": 0.5,
            "IVA": 5
        },
        {
            "codigo": "ilajTyLzXj",
            "total": 14,
            "valor_unitario": 772430,
            "descuento": 0.44,
            "IVA": 5
        },
        {
            "codigo": "JQZimfKBlw",
            "total": 12,
            "valor_unitario": 825311,
            "descuento": 0.21,
            "IVA": 5
        },
        {
            "codigo": "wtQT8pe9lL",
            "total": 11,
            "valor_unitario": 857927,
            "descuento": 0.23,
            "IVA": 0
        },
        {
            "codigo": "XXE9MVOuL6",
            "total": 6,
            "valor_unitario": 134060,
            "descuento": 0.31,
            "IVA": 0
        },
        {
            "codigo": "l1lOvH5ve0",
            "total": 6,
            "valor_unitario": 35699,
            "descuento": 0.2,
            "IVA": 5
        },
        {
            "codigo": "YsvzEbjef5",
            "total": 17,
            "valor_unitario": 942646,
            "descuento": 0.21,
            "IVA": 19
        },
        {
            "codigo": "gWw96yXWLb",
            "total": 13,
            "valor_unitario": 828069,
            "descuento": 0.47,
            "IVA": 19
        },
        {
            "codigo": "AElOe1h8vs",
            "total": 8,
            "valor_unitario": 615292,
            "descuento": 0.26,
            "IVA": 5
        },
        {
            "codigo": "Mx23ktVbA5",
            "total": 20,
            "valor_unitario": 981040,
            "descuento": 0.38,
            "IVA": 19
        },
        {
            "codigo": "2t1lBN3bDF",
            "total": 2,
            "valor_unitario": 765313,
            "descuento": 0.14,
            "IVA": 5
        }
    ]
}