{
    "empresa_nit": "987654321",
    "empresa_ciudad": "CALI",
    "empresa_sede": "alcaldia",
    "empresa_nombre": "FrutiBarato",
    "fecha_hora": "2021-07-24 08:26:10",
    "factura_num": "01068",
    "ciente_numero": 414517237,
    "pago_tipo": "TRANFERENCIA",
    "productos": [
        {
            "codigo": "7nKFMjCVxk",
            "total": 19,
            "valor_unitario": 476256,
            "descuento": 0.36,
            "IVA": 0
        },
        {
            "codigo": "CKRvT1DFvy",
            "total": 9,
            "valor_unitario": 642607,
            "descuento": 0.05,
            "IVA": 0
        },
        {
            "codigo": "orgpk96WmR",
            "total": 18,
            "valor_unitario": 637639,
            "descuento": 0.14,
            "IVA": 0
        },
        {
            "codigo": "HhXs6H1MV1",
            "total": 3,
            "valor_unitario": 878976,
            "descuento": 0.2,
            "IVA": 0
        },
        {
            "codigo": "sPMOAIbpuG",
            "total": 19,
            "valor_unitario": 917788,
            "descuento": 0.05,
            "IVA": 5
        },
        {
            "codigo": "FLVrZOd3Ld",
            "total": 12,
            "valor_unitario": 23188,
            "descuento": 0.16,
            "IVA": 5
        },
        {
            "codigo": "kBEZnt8tT8",
            "total": 18,
            "valor_unitario": 78535,
            "descuento": 0.03,
            "IVA": 0
        },
        {
            "codigo": "R8NvzmBEOe",
            "total": 13,
            "valor_unitario": 156486,
            "descuento": 0.03,
            "IVA": 0
        },
        {
            "codigo": "IFL6CZNTcw",
            "total": 9,
            "valor_unitario": 623001,
            "descuento": 0.4,
            "IVA": 19
        },
        {
            "codigo": "ohTPtH0VEf",
            "total": 4,
            "valor_unitario": 80454,
            "descuento": 0.22,
            "IVA": 0
        },
        {
            "codigo": "nb8blAFutU",
            "total": 9,
            "valor_unitario": 209625,
            "descuento": 0.36,
            "IVA": 19
        },
        {
            "codigo": "BtEmkuWWl0",
            "total": 18,
            "valor_unitario": 395081,
            "descuento": 0.01,
            "IVA": 5
        },
        {
            "codigo": "2DdZFgT1rC",
            "total": 8,
            "valor_unitario": 436196,
            "descuento": 0.15,
            "IVA": 0
        },
        {
            "codigo": "CFcA6bP0gG",
            "total": 13,
            "valor_unitario": 64380,
            "descuento": 0.41,
            "IVA": 5
        },
        {
            "codigo": "T6PTcc4zH3",
            "total": 1,
            "valor_unitario": 295077,
            "descuento": 0.05,
            "IVA": 0
        }
    ]
}