{
    "empresa_nit": "987654321",
    "empresa_ciudad": "MEDELLIN",
    "empresa_sede": "centro",
    "empresa_nombre": "FrutiBarato",
    "fecha_hora": "2022-09-02 15:53:40",
    "factura_num": "01336",
    "ciente_numero": 443823556,
    "pago_tipo": "TRANFERENCIA",
    "productos": [
        {
            "codigo": "mATbm36zul",
            "total": 16,
            "valor_unitario": 882148,
            "descuento": 0.45,
            "IVA": 5
        },
        {
            "codigo": "7B8RErFFfD",
            "total": 7,
            "valor_unitario": 688274,
            "descuento": 0.24,
            "IVA": 19
        },
        {
            "codigo": "x7BOE5Cbeb",
            "total": 10,
            "valor_unitario": 554829,
            "descuento": 0.14,
            "IVA": 0
        },
        {
            "codigo": "FZyfqnWPle",
            "total": 12,
            "valor_unitario": 898720,
            "descuento": 0.39,
            "IVA": 19
        }
    ]
}