{
    "empresa_nit": "987654321",
    "empresa_ciudad": "TUNJA",
    "empresa_sede": "autopista",
    "empresa_nombre": "FrutiBarato",
    "fecha_hora": "2021-03-10 12:42:10",
    "factura_num": "01308",
    "ciente_numero": 576860316,
    "pago_tipo": "TAR.DEBITO",
    "productos": [
        {
            "codigo": "FFtKMmXfhl",
            "total": 10,
            "valor_unitario": 327287,
            "descuento": 0.21,
            "IVA": 5
        },
        {
            "codigo": "LYxopAiIW9",
            "total": 6,
            "valor_unitario": 148720,
            "descuento": 0.32,
            "IVA": 19
        },
        {
            "codigo": "JmtjcrEx0Z",
            "total": 17,
            "valor_unitario": 394907,
            "descuento": 0.46,
            "IVA": 0
        },
        {
            "codigo": "iSrddZBk5s",
            "total": 7,
            "valor_unitario": 731553,
            "descuento": 0.37,
            "IVA": 5
        },
        {
            "codigo": "d9MAybdG0G",
            "total": 12,
            "valor_unitario": 151918,
            "descuento": 0.08,
            "IVA": 5
        },
        {
            "codigo": "Glnt7Jh8dj",
            "total": 13,
            "valor_unitario": 964235,
            "descuento": 0.1,
            "IVA": 0
        },
        {
            "codigo": "YVXR8wH9Jb",
            "total": 20,
            "valor_unitario": 806402,
            "descuento": 0.03,
            "IVA": 19
        },
        {
            "codigo": "s6GXL8UQAS",
            "total": 2,
            "valor_unitario": 588593,
            "descuento": 0.0,
            "IVA": 5
        },
        {
            "codigo": "kMsuJB41Mo",
            "total": 6,
            "valor_unitario": 80529,
            "descuento": 0.03,
            "IVA": 0
        },
        {
            "codigo": "2FfBWTUYkV",
            "total": 3,
            "valor_unitario": 817475,
            "descuento": 0.11,
            "IVA": 19
        },
        {
            "codigo": "tpwfTl3gnD",
            "total": 15,
            "valor_unitario": 250877,
            "descuento": 0.07,
            "IVA": 19
        },
        {
            "codigo": "l8IGKGpj6B",
            "total": 7,
            "valor_unitario": 507852,
            "descuento": 0.17,
            "IVA": 0
        },
        {
            "codigo": "9o0ADIvX1J",
            "total": 20,
            "valor_unitario": 884498,
            "descuento": 0.36,
            "IVA": 19
        },
        {
            "codigo": "Ouq2oBnwF4",
            "total": 12,
            "valor_unitario": 964734,
            "descuento": 0.18,
            "IVA": 0
        }
    ]
}