{
    "empresa_nit": "987654321",
    "empresa_ciudad": "BARRANQUILLA",
    "empresa_sede": "terminal",
    "empresa_nombre": "FrutiBarato",
    "fecha_hora": "2020-05-20 23:47:06",
    "factura_num": "01367",
    "ciente_numero": 409845247,
    "pago_tipo": "TAR.CREDITO",
    "productos": [
        {
            "codigo": "npyCkcqear",
            "total": 4,
            "valor_unitario": 982977,
            "descuento": 0.16,
            "IVA": 5
        },
        {
            "codigo": "912EoiZKFH",
            "total": 11,
            "valor_unitario": 202150,
            "descuento": 0.23,
            "IVA": 0
        },
        {
            "codigo": "5u3vHrTU5b",
            "total": 15,
            "valor_unitario": 224329,
            "descuento": 0.13,
            "IVA": 5
        },
        {
            "codigo": "8CJVLwCpUa",
            "total": 17,
            "valor_unitario": 199455,
            "descuento": 0.2,
            "IVA": 5
        },
        {
            "codigo": "3A70esvcKd",
            "total": 8,
            "valor_unitario": 648533,
            "descuento": 0.26,
            "IVA": 0
        },
        {
            "codigo": "K2PtxutPLG",
            "total": 16,
            "valor_unitario": 436790,
            "descuento": 0.02,
            "IVA": 19
        },
        {
            "codigo": "MXfeGKN4Ju",
            "total": 17,
            "valor_unitario": 705462,
            "descuento": 0.16,
            "IVA": 5
        },
        {
            "codigo": "NNika5ennW",
            "total": 16,
            "valor_unitario": 833865,
            "descuento": 0.4,
            "IVA": 19
        },
        {
            "codigo": "hUvCwqveiM",
            "total": 9,
            "valor_unitario": 668043,
            "descuento": 0.46,
            "IVA": 19
        },
        {
            "codigo": "PXZ44mSlEM",
            "total": 2,
            "valor_unitario": 665636,
            "descuento": 0.38,
            "IVA": 19
        },
        {
            "codigo": "TQDCXpsbFT",
            "total": 10,
            "valor_unitario": 694625,
            "descuento": 0.32,
            "IVA": 19
        },
        {
            "codigo": "iLVuXZrIFe",
            "total": 5,
            "valor_unitario": 433018,
            "descuento": 0.28,
            "IVA": 0
        },
        {
            "codigo": "1ZbZr6lEP2",
            "total": 17,
            "valor_unitario": 477381,
            "descuento": 0.47,
            "IVA": 0
        },
        {
            "codigo": "1nqM9bf82T",
            "total": 5,
            "valor_unitario": 644017,
            "descuento": 0.43,
            "IVA": 0
        }
    ]
}