{
    "empresa_nit": "987654321",
    "empresa_ciudad": "TUNJA",
    "empresa_sede": "centro",
    "empresa_nombre": "FrutiBarato",
    "fecha_hora": "2023-05-07 06:52:09",
    "factura_num": "00129",
    "ciente_numero": 312986732,
    "pago_tipo": "TRANFERENCIA",
    "productos": [
        {
            "codigo": "PjU2FLfB21",
            "total": 8,
            "valor_unitario": 248204,
            "descuento": 0.18,
            "IVA": 5
        },
        {
            "codigo": "OtHuuWaluE",
            "total": 17,
            "valor_unitario": 398445,
            "descuento": 0.39,
            "IVA": 0
        },
        {
            "codigo": "QK0SRppcgX",
            "total": 17,
            "valor_unitario": 603939,
            "descuento": 0.35,
            "IVA": 0
        },
        {
            "codigo": "duy60a6p5m",
            "total": 2,
            "valor_unitario": 918812,
            "descuento": 0.23,
            "IVA": 0
        },
        {
            "codigo": "qmoZpLCKiJ",
            "total": 6,
            "valor_unitario": 489171,
            "descuento": 0.22,
            "IVA": 5
        },
        {
            "codigo": "u3HyBoH6oJ",
            "total": 9,
            "valor_unitario": 450550,
            "descuento": 0.13,
            "IVA": 19
        },
        {
            "codigo": "a4Txm3RDEe",
            "total": 6,
            "valor_unitario": 173831,
            "descuento": 0.41,
            "IVA": 5
        },
        {
            "codigo": "swBVlCsStv",
            "total": 4,
            "valor_unitario": 687066,
            "descuento": 0.38,
            "IVA": 0
        },
        {
            "codigo": "kFOBvnYQPj",
            "total": 15,
            "valor_unitario": 943060,
            "descuento": 0.05,
            "IVA": 19
        },
        {
            "codigo": "CgF6ldyJsX",
            "total": 10,
            "valor_unitario": 966913,
            "descuento": 0.33,
            "IVA": 5
        },
        {
            "codigo": "krAT93b9QF",
            "total": 11,
            "valor_unitario": 744023,
            "descuento": 0.49,
            "IVA": 5
        },
        {
            "codigo": "Q7pj4DTRQM",
            "total": 1,
            "valor_unitario": 518041,
            "descuento": 0.09,
            "IVA": 19
        },
        {
            "codigo": "8ILN9RJX0I",
            "total": 17,
            "valor_unitario": 121463,
            "descuento": 0.12,
            "IVA": 5
        },
        {
            "codigo": "IgiU12JJkg",
            "total": 9,
            "valor_unitario": 383107,
            "descuento": 0.21,
            "IVA": 19
        },
        {
            "codigo": "Cu8hZHC1sl",
            "total": 20,
            "valor_unitario": 626542,
            "descuento": 0.49,
            "IVA": 19
        },
        {
            "codigo": "VGwNEHDeYj",
            "total": 12,
            "valor_unitario": 378126,
            "descuento": 0.5,
            "IVA": 0
        },
        {
            "codigo": "h09ESwRYUC",
            "total": 2,
            "valor_unitario": 394220,
            "descuento": 0.28,
            "IVA": 0
        },
        {
            "codigo": "cVmKI5QHf8",
            "total": 20,
            "valor_unitario": 622359,
            "descuento": 0.13,
            "IVA": 0
        }
    ]
}