{
    "empresa_nit": "987654321",
    "empresa_ciudad": "TUNJA",
    "empresa_sede": "aeropuerto",
    "empresa_nombre": "FrutiBarato",
    "fecha_hora": "2022-12-25 20:00:58",
    "factura_num": "01312",
    "ciente_numero": 488745857,
    "pago_tipo": "EFECTIVO",
    "productos": [
        {
            "codigo": "ybL56qzhti",
            "total": 1,
            "valor_unitario": 43547,
            "descuento": 0.01,
            "IVA": 19
        },
        {
            "codigo": "8Nal6pYilr",
            "total": 13,
            "valor_unitario": 79819,
            "descuento": 0.08,
            "IVA": 0
        },
        {
            "codigo": "UNv2Z9yiFW",
            "total": 10,
            "valor_unitario": 986736,
            "descuento": 0.25,
            "IVA": 0
        },
        {
            "codigo": "qklotVpwWo",
            "total": 18,
            "valor_unitario": 981429,
            "descuento": 0.39,
            "IVA": 19
        },
        {
            "codigo": "QSD66WcP3M",
            "total": 15,
            "valor_unitario": 247704,
            "descuento": 0.09,
            "IVA": 5
        },
        {
            "codigo": "Wwi4Au61LM",
            "total": 3,
            "valor_unitario": 970290,
            "descuento": 0.13,
            "IVA": 19
        },
        {
            "codigo": "T5nG6NmoFl",
            "total": 15,
            "valor_unitario": 155541,
            "descuento": 0.25,
            "IVA": 0
        },
        {
            "codigo": "DmekKktWdz",
            "total": 6,
            "valor_unitario": 770889,
            "descuento": 0.37,
            "IVA": 0
        }
    ]
}