{
    "empresa_nit": "987654321",
    "empresa_ciudad": "BARRANQUILLA",
    "empresa_sede": "aeropuerto",
    "empresa_nombre": "FrutiBarato",
    "fecha_hora": "2021-03-28 23:09:25",
    "factura_num": "00125",
    "ciente_numero": 948081780,
    "pago_tipo": "TRANFERENCIA",
    "productos": [
        {
            "codigo": "ro0Pra0AUO",
            "total": 17,
            "valor_unitario": 823460,
            "descuento": 0.43,
            "IVA": 19
        },
        {
            "codigo": "XbGKaM3G7Z",
            "total": 10,
            "valor_unitario": 649098,
            "descuento": 0.25,
            "IVA": 5
        },
        {
            "codigo": "JPoMlFumRj",
            "total": 11,
            "valor_unitario": 63255,
            "descuento": 0.27,
            "IVA": 19
        },
        {
            "codigo": "AQqurcqMAm",
            "total": 8,
            "valor_unitario": 529976,
            "descuento": 0.25,
            "IVA": 5
        },
        {
            "codigo": "yAfujrNWMK",
            "total": 4,
            "valor_unitario": 578852,
            "descuento": 0.19,
            "IVA": 19
        },
        {
            "codigo": "bVVDOOsDyz",
            "total": 17,
            "valor_unitario": 520117,
            "descuento": 0.24,
            "IVA": 0
        },
        {
            "codigo": "9C4LE8QLWz",
            "total": 8,
            "valor_unitario": 564142,
            "descuento": 0.14,
            "IVA": 0
        }
    ]
}