{
    "empresa_nit": "987654321",
    "empresa_ciudad": "BOGOTA",
    "empresa_sede": "terminal",
    "empresa_nombre": "FrutiBarato",
    "fecha_hora": "2023-03-28 12:53:34",
    "factura_num": "01202",
    "ciente_numero": 202928864,
    "pago_tipo": "EFECTIVO",
    "productos": [
        {
            "codigo": "PN0TQlDhB8",
            "total": 12,
            "valor_unitario": 884837,
            "descuento": 0.2,
            "IVA": 0
        },
        {
            "codigo": "6GbOKPJzFZ",
            "total": 6,
            "valor_unitario": 507808,
            "descuento": 0.42,
            "IVA": 0
        },
        {
            "codigo": "zi68rWP4DW",
            "total": 7,
            "valor_unitario": 840584,
            "descuento": 0.48,
            "IVA": 19
        },
        {
            "codigo": "4lQZPU5USA",
            "total": 3,
            "valor_unitario": 946325,
            "descuento": 0.34,
            "IVA": 5
        },
        {
            "codigo": "obvEVXIn3a",
            "total": 14,
            "valor_unitario": 498425,
            "descuento": 0.4,
            "IVA": 0
        },
        {
            "codigo": "06dxKt9wKu",
            "total": 6,
            "valor_unitario": 675533,
            "descuento": 0.19,
            "IVA": 0
        }
    ]
}