{
    "empresa_nit": "987654321",
    "empresa_ciudad": "BARRANQUILLA",
    "empresa_sede": "plaza",
    "empresa_nombre": "FrutiBarato",
    "fecha_hora": "2020-02-24 21:26:15",
    "factura_num": "01313",
    "ciente_numero": 851348345,
    "pago_tipo": "TRANFERENCIA",
    "productos": [
        {
            "codigo": "ta1iom4x4m",
            "total": 16,
            "valor_unitario": 474210,
            "descuento": 0.24,
            "IVA": 5
        },
        {
            "codigo": "CYhtYDKWGH",
            "total": 15,
            "valor_unitario": 316579,
            "descuento": 0.17,
            "IVA": 0
        },
        {
            "codigo": "kb18w5PTy1",
            "total": 15,
            "valor_unitario": 909173,
            "descuento": 0.23,
            "IVA": 5
        },
        {
            "codigo": "FkptC1G1zx",
            "total": 19,
            "valor_unitario": 94144,
            "descuento": 0.19,
            "IVA": 19
        },
        {
            "codigo": "WwotvXlomn",
            "total": 14,
            "valor_unitario": 294069,
            "descuento": 0.08,
            "IVA": 0
        },
        {
            "codigo": "BpiFmddnUT",
            "total": 13,
            "valor_unitario": 600631,
            "descuento": 0.27,
            "IVA": 5
        }
    ]
}