{
    "empresa_nit": "987654321",
    "empresa_ciudad": "CALI",
    "empresa_sede": "autopista",
    "empresa_nombre": "FrutiBarato",
    "fecha_hora": "2021-11-23 16:05:12",
    "factura_num": "01438",
    "ciente_numero": 476192806,
    "pago_tipo": "TAR.CREDITO",
    "productos": [
        {
            "codigo": "z89eJi8dQs",
            "total": 20,
            "valor_unitario": 465535,
            "descuento": 0.14,
            "IVA": 0
        },
        {
            "codigo": "vOgVmIzCUM",
            "total": 15,
            "valor_unitario": 718939,
            "descuento": 0.46,
            "IVA": 5
        },
        {
            "codigo": "Cbuhp2JLqD",
            "total": 5,
            "valor_unitario": 125240,
            "descuento": 0.22,
            "IVA": 19
        },
        {
            "codigo": "IAqLukg4ei",
            "total": 19,
            "valor_unitario": 486757,
            "descuento": 0.17,
            "IVA": 0
        },
        {
            "codigo": "3p11k7Xwum",
            "total": 13,
            "valor_unitario": 334730,
            "descuento": 0.11,
            "IVA": 19
        },
        {
            "codigo": "L9YACxWAU4",
            "total": 7,
            "valor_unitario": 103187,
            "descuento": 0.48,
            "IVA": 19
        },
        {
            "codigo": "vjtEF2OXB8",
            "total": 9,
            "valor_unitario": 521356,
            "descuento": 0.25,
            "IVA": 0
        },
        {
            "codigo": "zLjHWeguo3",
            "total": 14,
            "valor_unitario": 554517,
            "descuento": 0.22,
            "IVA": 19
        },
        {
            "codigo": "rfbuUszCaW",
            "total": 1,
            "valor_unitario": 333046,
            "descuento": 0.42,
            "IVA": 5
        },
        {
            "codigo": "cnI7rQlD0w",
            "total": 5,
            "valor_unitario": 907499,
            "descuento": 0.4,
            "IVA": 0
        },
        {
            "codigo": "OxNXk0hOjh",
            "total": 16,
            "valor_unitario": 839377,
            "descuento": 0.2,
            "IVA": 5
        },
        {
            "codigo": "YVKhML2fdt",
            "total": 12,
            "valor_unitario": 192296,
            "descuento": 0.41,
            "IVA": 5
        }
    ]
}