{
    "empresa_nit": "987654321",
    "empresa_ciudad": "CALI",
    "empresa_sede": "centro",
    "empresa_nombre": "FrutiBarato",
    "fecha_hora": "2021-03-08 18:33:54",
    "factura_num": "01339",
    "ciente_numero": 273048210,
    "pago_tipo": "EFECTIVO",
    "productos": [
        {
            "codigo": "IcDiTMzWiQ",
            "total": 15,
            "valor_unitario": 970017,
            "descuento": 0.45,
            "IVA": 19
        },
        {
            "codigo": "84o8wc0DR8",
            "total": 7,
            "valor_unitario": 108254,
            "descuento": 0.4,
            "IVA": 5
        },
        {
            "codigo": "OGNJWPpx4Q",
            "total": 13,
            "valor_unitario": 426462,
            "descuento": 0.34,
            "IVA": 19
        },
        {
            "codigo": "YNribeuq2L",
            "total": 17,
            "valor_unitario": 663836,
            "descuento": 0.08,
            "IVA": 5
        },
        {
            "codigo": "8sEqv2g7wv",
            "total": 4,
            "valor_unitario": 780236,
            "descuento": 0.26,
            "IVA": 19
        },
        {
            "codigo": "IcZ2H7rchN",
            "total": 17,
            "valor_unitario": 481594,
            "descuento": 0.09,
            "IVA": 0
        },
        {
            "codigo": "xfUe0LuVES",
            "total": 16,
            "valor_unitario": 633824,
            "descuento": 0.34,
            "IVA": 0
        },
        {
            "codigo": "qgyC9P0eDf",
            "total": 7,
            "valor_unitario": 201360,
            "descuento": 0.39,
            "IVA": 19
        },
        {
            "codigo": "3APFYcKxFF",
            "total": 20,
            "valor_unitario": 258821,
            "descuento": 0.38,
            "IVA": 0
        },
        {
            "codigo": "P3cC4W3FnA",
            "total": 14,
            "valor_unitario": 810514,
            "descuento": 0.23,
            "IVA": 0
        },
        {
            "codigo": "sqzb3rOly9",
            "total": 18,
            "valor_unitario": 565531,
            "descuento": 0.43,
            "IVA": 19
        },
        {
            "codigo": "Wb7sTPzf1h",
            "total": 19,
            "valor_unitario": 425891,
            "descuento": 0.06,
            "IVA": 5
        }
    ]
}