{
    "empresa_nit": "987654321",
    "empresa_ciudad": "TUNJA",
    "empresa_sede": "autopista",
    "empresa_nombre": "FrutiBarato",
    "fecha_hora": "2020-08-16 04:46:23",
    "factura_num": "00116",
    "ciente_numero": 934705594,
    "pago_tipo": "EFECTIVO",
    "productos": [
        {
            "codigo": "xxOjZaWIqh",
            "total": 8,
            "valor_unitario": 197824,
            "descuento": 0.02,
            "IVA": 19
        },
        {
            "codigo": "IbJ0gXOgeM",
            "total": 12,
            "valor_unitario": 457573,
            "descuento": 0.36,
            "IVA": 5
        },
        {
            "codigo": "nvfaB7A1kg",
            "total": 19,
            "valor_unitario": 129818,
            "descuento": 0.42,
            "IVA": 5
        },
        {
            "codigo": "3YCeWGk6jR",
            "total": 7,
            "valor_unitario": 915095,
            "descuento": 0.05,
            "IVA": 5
        },
        {
            "codigo": "1zAa5lcl2T",
            "total": 13,
            "valor_unitario": 197244,
            "descuento": 0.02,
            "IVA": 19
        },
        {
            "codigo": "gMd80eNs2O",
            "total": 19,
            "valor_unitario": 668872,
            "descuento": 0.38,
            "IVA": 19
        },
        {
            "codigo": "KSWxF9D2XQ",
            "total": 20,
            "valor_unitario": 424868,
            "descuento": 0.18,
            "IVA": 19
        },
        {
            "codigo": "MFYWpJ4lsm",
            "total": 11,
            "valor_unitario": 295098,
            "descuento": 0.29,
            "IVA": 19
        },
        {
            "codigo": "KFn4lIVYcy",
            "total": 3,
            "valor_unitario": 440485,
            "descuento": 0.5,
            "IVA": 0
        },
        {
            "codigo": "QTadSEc7xB",
            "total": 14,
            "valor_unitario": 508897,
            "descuento": 0.13,
            "IVA": 0
        },
        {
            "codigo": "EmS0gy6KDJ",
            "total": 1,
            "valor_unitario": 332508,
            "descuento": 0.31,
            "IVA": 5
        },
        {
            "codigo": "DSQ89FJxqC",
            "total": 9,
            "valor_unitario": 916270,
            "descuento": 0.14,
            "IVA": 5
        },
        {
            "codigo": "6GSaEZDUqg",
            "total": 8,
            "valor_unitario": 589590,
            "descuento": 0.19,
            "IVA": 5
        },
        {
            "codigo": "UxktW8d1cU",
            "total": 15,
            "valor_unitario": 693564,
            "descuento": 0.01,
            "IVA": 5
        }
    ]
}