{
    "empresa_nit": "987654321",
    "empresa_ciudad": "MEDELLIN",
    "empresa_sede": "aeropuerto",
    "empresa_nombre": "FrutiBarato",
    "fecha_hora": "2020-10-18 14:55:29",
    "factura_num": "01073",
    "ciente_numero": 626121911,
    "pago_tipo": "EFECTIVO",
    "productos": [
        {
            "codigo": "n42AGJkU3r",
            "total": 5,
            "valor_unitario": 846285,
            "descuento": 0.47,
            "IVA": 0
        },
        {
            "codigo": "OgyFoqTPpq",
            "total": 9,
            "valor_unitario": 62885,
            "descuento": 0.37,
            "IVA": 0
        },
        {
            "codigo": "Ju1VhaV7Mv",
            "total": 16,
            "valor_unitario": 811901,
            "descuento": 0.14,
            "IVA": 0
        },
        {
            "codigo": "y2WqLHYjsz",
            "total": 2,
            "valor_unitario": 664438,
            "descuento": 0.13,
            "IVA": 19
        },
        {
            "codigo": "bAdfJ42Rqg",
            "total": 1,
            "valor_unitario": 670028,
            "descuento": 0.39,
            "IVA": 0
        },
        {
            "codigo": "0AJSjJ1vtD",
            "total": 18,
            "valor_unitario": 292399,
            "descuento": 0.49,
            "IVA": 19
        },
        {
            "codigo": "ilfcX7s0nt",
            "total": 13,
            "valor_unitario": 502954,
            "descuento": 0.37,
            "IVA": 19
        }
    ]
}