{
    "empresa_nit": "987654321",
    "empresa_ciudad": "TUNJA",
    "empresa_sede": "aeropuerto",
    "empresa_nombre": "FrutiBarato",
    "fecha_hora": "2022-03-18 03:11:16",
    "factura_num": "01261",
    "ciente_numero": 249115943,
    "pago_tipo": "EFECTIVO",
    "productos": [
        {
            "codigo": "WnYMXHfray",
            "total": 8,
            "valor_unitario": 567999,
            "descuento": 0.47,
            "IVA": 19
        },
        {
            "codigo": "oxniYIbHpB",
            "total": 15,
            "valor_unitario": 937689,
            "descuento": 0.17,
            "IVA": 0
        },
        {
            "codigo": "VbiP7aHCDE",
            "total": 10,
            "valor_unitario": 495465,
            "descuento": 0.05,
            "IVA": 5
        },
        {
            "codigo": "8W0zxrx093",
            "total": 15,
            "valor_unitario": 349560,
            "descuento": 0.04,
            "IVA": 5
        },
        {
            "codigo": "WiiaTIQuVX",
            "total": 7,
            "valor_unitario": 714923,
            "descuento": 0.16,
            "IVA": 5
        },
        {
            "codigo": "xMRM5I7G71",
            "total": 13,
            "valor_unitario": 273508,
            "descuento": 0.39,
            "IVA": 5
        },
        {
            "codigo": "GH2WEq4oJ5",
            "total": 19,
            "valor_unitario": 262395,
            "descuento": 0.4,
            "IVA": 5
        },
        {
            "codigo": "bxyyR8afne",
            "total": 15,
            "valor_unitario": 398255,
            "descuento": 0.1,
            "IVA": 5
        },
        {
            "codigo": "okgnordqMZ",
            "total": 14,
            "valor_unitario": 267323,
            "descuento": 0.4,
            "IVA": 5
        },
        {
            "codigo": "5NCmbOleWd",
            "total": 18,
            "valor_unitario": 619477,
            "descuento": 0.23,
            "IVA": 19
        },
        {
            "codigo": "Kp63cuvWBI",
            "total": 10,
            "valor_unitario": 603456,
            "descuento": 0.31,
            "IVA": 5
        },
        {
            "codigo": "H2lwgHMLnf",
            "total": 2,
            "valor_unitario": 904744,
            "descuento": 0.08,
            "IVA": 19
        },
        {
            "codigo": "bmZ7vd60By",
            "total": 3,
            "valor_unitario": 843257,
            "descuento": 0.05,
            "IVA": 0
        },
        {
            "codigo": "uALT0ZmlHx",
            "total": 7,
            "valor_unitario": 792783,
            "descuento": 0.18,
            "IVA": 5
        },
        {
            "codigo": "uOvsWW0L7x",
            "total": 7,
            "valor_unitario": 905774,
            "descuento": 0.42,
            "IVA": 5
        },
        {
            "codigo": "nZ5mfnNFcU",
            "total": 7,
            "valor_unitario": 99970,
            "descuento": 0.45,
            "IVA": 5
        },
        {
            "codigo": "M8wKNMsgyd",
            "total": 11,
            "valor_unitario": 339613,
            "descuento": 0.18,
            "IVA": 5
        }
    ]
}