{
    "empresa_nit": "987654321",
    "empresa_ciudad": "CALI",
    "empresa_sede": "plaza",
    "empresa_nombre": "FrutiBarato",
    "fecha_hora": "2023-01-15 11:03:23",
    "factura_num": "01200",
    "ciente_numero": 646451496,
    "pago_tipo": "TAR.DEBITO",
    "productos": [
        {
            "codigo": "PW516OWBXD",
            "total": 5,
            "valor_unitario": 162284,
            "descuento": 0.38,
            "IVA": 19
        },
        {
            "codigo": "HfNsfF9hUA",
            "total": 20,
            "valor_unitario": 529744,
            "descuento": 0.26,
            "IVA": 19
        },
        {
            "codigo": "kPrJWyisAf",
            "total": 15,
            "valor_unitario": 801174,
            "descuento": 0.21,
            "IVA": 0
        },
        {
            "codigo": "5dxEkgaR4Y",
            "total": 18,
            "valor_unitario": 787537,
            "descuento": 0.0,
            "IVA": 5
        },
        {
            "codigo": "GyiOcByVEX",
            "total": 8,
            "valor_unitario": 970777,
            "descuento": 0.48,
            "IVA": 0
        }
    ]
}