{
    "empresa_nit": "987654321",
    "empresa_ciudad": "CALI",
    "empresa_sede": "centro",
    "empresa_nombre": "FrutiBarato",
    "fecha_hora": "2022-06-13 08:16:02",
    "factura_num": "01160",
    "ciente_numero": 256099630,
    "pago_tipo": "EFECTIVO",
    "productos": [
        {
            "codigo": "AX5iCwzQ19",
            "total": 9,
            "valor_unitario": 338918,
            "descuento": 0.22,
            "IVA": 5
        },
        {
            "codigo": "jDyHIrwUAK",
            "total": 16,
            "valor_unitario": 106189,
            "descuento": 0.39,
            "IVA": 0
        },
        {
            "codigo": "hO75K70t7N",
            "total": 17,
            "valor_unitario": 718398,
            "descuento": 0.42,
            "IVA": 5
        },
        {
            "codigo": "H75v36AB5h",
            "total": 12,
            "valor_unitario": 64834,
            "descuento": 0.35,
            "IVA": 19
        },
        {
            "codigo": "NxmSXQQNit",
            "total": 7,
            "valor_unitario": 573817,
            "descuento": 0.03,
            "IVA": 0
        },
        {
            "codigo": "QTTVIp1U6j",
            "total": 4,
            "valor_unitario": 695110,
            "descuento": 0.11,
            "IVA": 19
        },
        {
            "codigo": "MnSwHBKVbU",
            "total": 6,
            "valor_unitario": 184856,
            "descuento": 0.33,
            "IVA": 5
        },
        {
            "codigo": "drHcvlMeug",
            "total": 3,
            "valor_unitario": 525523,
            "descuento": 0.14,
            "IVA": 5
        },
        {
            "codigo": "DljksTpuV4",
            "total": 2,
            "valor_unitario": 142372,
            "descuento": 0.12,
            "IVA": 19
        },
        {
            "codigo": "rRAq1x1CsZ",
            "total": 1,
            "valor_unitario": 218245,
            "descuento": 0.05,
            "IVA": 5
        },
        {
            "codigo": "8nLDz6LntS",
            "total": 6,
            "valor_unitario": 918547,
            "descuento": 0.39,
            "IVA": 0
        },
        {
            "codigo": "TBIysPGIaN",
            "total": 2,
            "valor_unitario": 243001,
            "descuento": 0.13,
            "IVA": 5
        },
        {
            "codigo": "XfB5dHyuxW",
            "total": 8,
            "valor_unitario": 114516,
            "descuento": 0.37,
            "IVA": 5
        },
        {
            "codigo": "XieNz8jWVU",
            "total": 12,
            "valor_unitario": 986786,
            "descuento": 0.29,
            "IVA": 5
        },
        {
            "codigo": "s3r3maex0I",
            "total": 5,
            "valor_unitario": 32192,
            "descuento": 0.11,
            "IVA": 19
        },
        {
            "codigo": "nzkM5gCJVm",
            "total": 1,
            "valor_unitario": 297872,
            "descuento": 0.47,
            "IVA": 5
        },
        {
            "codigo": "4eh2rIm24h",
            "total": 8,
            "valor_unitario": 948655,
            "descuento": 0.3,
            "IVA": 5
        },
        {
            "codigo": "TAocsYdMwI",
            "total": 6,
            "valor_unitario": 67102,
            "descuento": 0.31,
            "IVA": 19
        }
    ]
}