{
    "empresa_nit": "987654321",
    "empresa_ciudad": "BARRANQUILLA",
    "empresa_sede": "alcaldia",
    "empresa_nombre": "FrutiBarato",
    "fecha_hora": "2022-08-15 05:44:31",
    "factura_num": "01082",
    "ciente_numero": 29242427,
    "pago_tipo": "TRANFERENCIA",
    "productos": [
        {
            "codigo": "6ouHACpTnN",
            "total": 16,
            "valor_unitario": 251869,
            "descuento": 0.11,
            "IVA": 0
        },
        {
            "codigo": "KijPkzrwwg",
            "total": 18,
            "valor_unitario": 762461,
            "descuento": 0.04,
            "IVA": 0
        },
        {
            "codigo": "Dj5B4SxJB6",
            "total": 2,
            "valor_unitario": 727461,
            "descuento": 0.1,
            "IVA": 5
        },
        {
            "codigo": "belBjodnmk",
            "total": 18,
            "valor_unitario": 246156,
            "descuento": 0.42,
            "IVA": 0
        },
        {
            "codigo": "NMKlfG0N64",
            "total": 14,
            "valor_unitario": 376836,
            "descuento": 0.31,
            "IVA": 19
        },
        {
            "codigo": "WoK9hfe618",
            "total": 9,
            "valor_unitario": 487887,
            "descuento": 0.38,
            "IVA": 19
        },
        {
            "codigo": "fZ9isBICDr",
            "total": 19,
            "valor_unitario": 158538,
            "descuento": 0.04,
            "IVA": 0
        },
        {
            "codigo": "Y7AZHzx6GB",
            "total": 1,
            "valor_unitario": 785979,
            "descuento": 0.18,
            "IVA": 0
        },
        {
            "codigo": "ZPagUPlCXf",
            "total": 11,
            "valor_unitario": 8256,
            "descuento": 0.17,
            "IVA": 5
        },
        {
            "codigo": "wGn3ZItxbV",
            "total": 4,
            "valor_unitario": 244223,
            "descuento": 0.31,
            "IVA": 19
        },
        {
            "codigo": "uOCcmjL60t",
            "total": 16,
            "valor_unitario": 483519,
            "descuento": 0.36,
            "IVA": 5
        },
        {
            "codigo": "0UrefXlUVy",
            "total": 7,
            "valor_unitario": 800925,
            "descuento": 0.07,
            "IVA": 0
        }
    ]
}