{
    "empresa_nit": "987654321",
    "empresa_ciudad": "TUNJA",
    "empresa_sede": "alcaldia",
    "empresa_nombre": "FrutiBarato",
    "fecha_hora": "2022-11-03 12:34:50",
    "factura_num": "01409",
    "ciente_numero": 891454881,
    "pago_tipo": "TAR.CREDITO",
    "productos": [
        {
            "codigo": "VNPOW0tXA7",
            "total": 1,
            "valor_unitario": 842709,
            "descuento": 0.25,
            "IVA": 19
        },
        {
            "codigo": "oD9y5YB5w8",
            "total": 12,
            "valor_unitario": 381532,
            "descuento": 0.26,
            "IVA": 19
        },
        {
            "codigo": "OgTPSE8Rll",
            "total": 15,
            "valor_unitario": 230428,
            "descuento": 0.01,
            "IVA": 0
        },
        {
            "codigo": "htTnkK4Lho",
            "total": 1,
            "valor_unitario": 266538,
            "descuento": 0.01,
            "IVA": 0
        },
        {
            "codigo": "TMvYGWmhb4",
            "total": 16,
            "valor_unitario": 694653,
            "descuento": 0.45,
            "IVA": 5
        },
        {
            "codigo": "LqeeWp88Wh",
            "total": 11,
            "valor_unitario": 840477,
            "descuento": 0.27,
            "IVA": 19
        },
        {
            "codigo": "RuodEBzR6I",
            "total": 9,
            "valor_unitario": 42972,
            "descuento": 0.36,
            "IVA": 5
        },
        {
            "codigo": "G7SdsOc4vB",
            "total": 1,
            "valor_unitario": 653044,
            "descuento": 0.04,
            "IVA": 0
        },
        {
            "codigo": "nIVHGmeX9j",
            "total": 14,
            "valor_unitario": 823061,
            "descuento": 0.46,
            "IVA": 0
        },
        {
            "codigo": "VrlHhIyGK4",
            "total": 20,
            "valor_unitario": 585875,
            "descuento": 0.37,
            "IVA": 5
        },
        {
            "codigo": "tjyc5CrDqU",
            "total": 13,
            "valor_unitario": 506996,
            "descuento": 0.23,
            "IVA": 19
        },
        {
            "codigo": "jm5KgnSecV",
            "total": 17,
            "valor_unitario": 55387,
            "descuento": 0.43,
            "IVA": 5
        },
        {
            "codigo": "g1l5GoSPnD",
            "total": 18,
            "valor_unitario": 758602,
            "descuento": 0.21,
            "IVA": 19
        },
        {
            "codigo": "yDTlshjdmU",
            "total": 6,
            "valor_unitario": 141172,
            "descuento": 0.4,
            "IVA": 19
        },
        {
            "codigo": "qKvdG7oAgw",
            "total": 12,
            "valor_unitario": 201156,
            "descuento": 0.23,
            "IVA": 5
        }
    ]
}