{
    "empresa_nit": "987654321",
    "empresa_ciudad": "BOGOTA",
    "empresa_sede": "plaza",
    "empresa_nombre": "FrutiBarato",
    "fecha_hora": "2024-09-17 23:10:38",
    "factura_num": "01098",
    "ciente_numero": 663947339,
    "pago_tipo": "EFECTIVO",
    "productos": [
        {
            "codigo": "aS4jsZgZBP",
            "total": 17,
            "valor_unitario": 471636,
            "descuento": 0.0,
            "IVA": 19
        },
        {
            "codigo": "6iq1kD7KAT",
            "total": 8,
            "valor_unitario": 396851,
            "descuento": 0.09,
            "IVA": 0
        },
        {
            "codigo": "ReKE9QwXdG",
            "total": 10,
            "valor_unitario": 218078,
            "descuento": 0.35,
            "IVA": 5
        },
        {
            "codigo": "ZolWR01Fxs",
            "total": 15,
            "valor_unitario": 475550,
            "descuento": 0.0,
            "IVA": 5
        },
        {
            "codigo": "RfWhqhiUdy",
            "total": 5,
            "valor_unitario": 35084,
            "descuento": 0.24,
            "IVA": 0
        },
        {
            "codigo": "OpjXWqLz3T",
            "total": 20,
            "valor_unitario": 343108,
            "descuento": 0.19,
            "IVA": 5
        },
        {
            "codigo": "13LpqON1jH",
            "total": 16,
            "valor_unitario": 735776,
            "descuento": 0.25,
            "IVA": 5
        },
        {
            "codigo": "KKQVURXzWu",
            "total": 7,
            "valor_unitario": 471923,
            "descuento": 0.2,
            "IVA": 5
        },
        {
            "codigo": "uNOVHXJvQA",
            "total": 16,
            "valor_unitario": 236981,
            "descuento": 0.16,
            "IVA": 0
        },
        {
            "codigo": "njvY3g3XhI",
            "total": 8,
            "valor_unitario": 688100,
            "descuento": 0.19,
            "IVA": 5
        },
        {
            "codigo": "6EYKMgREFK",
            "total": 8,
            "valor_unitario": 222535,
            "descuento": 0.37,
            "IVA": 19
        },
        {
            "codigo": "VG9y536hiv",
            "total": 12,
            "valor_unitario": 20634,
            "descuento": 0.45,
            "IVA": 5
        },
        {
            "codigo": "sOroojDNTJ",
            "total": 1,
            "valor_unitario": 117268,
            "descuento": 0.23,
            "IVA": 19
        },
        {
            "codigo": "CkLb1SVm0O",
            "total": 2,
            "valor_unitario": 810062,
            "descuento": 0.11,
            "IVA": 19
        },
        {
            "codigo": "Qb3R4MBrTY",
            "total": 14,
            "valor_unitario": 108882,
            "descuento": 0.43,
            "IVA": 19
        }
    ]
}