{
    "empresa_nit": "987654321",
    "empresa_ciudad": "MEDELLIN",
    "empresa_sede": "centro",
    "empresa_nombre": "FrutiBarato",
    "fecha_hora": "2021-12-07 03:04:07",
    "factura_num": "01348",
    "ciente_numero": 670685721,
    "pago_tipo": "EFECTIVO",
    "productos": [
        {
            "codigo": "qXzyKhU49o",
            "total": 13,
            "valor_unitario": 299514,
            "descuento": 0.36,
            "IVA": 5
        },
        {
            "codigo": "MnsZEEdJEN",
            "total": 11,
            "valor_unitario": 585573,
            "descuento": 0.3,
            "IVA": 5
        },
        {
            "codigo": "guK6oQhvU4",
            "total": 5,
            "valor_unitario": 757679,
            "descuento": 0.02,
            "IVA": 0
        },
        {
            "codigo": "z39JAfTSCM",
            "total": 19,
            "valor_unitario": 738806,
            "descuento": 0.06,
            "IVA": 5
        },
        {
            "codigo": "O9LPAmg5ca",
            "total": 9,
            "valor_unitario": 685479,
            "descuento": 0.06,
            "IVA": 5
        },
        {
            "codigo": "bsFIP1nlbO",
            "total": 5,
            "valor_unitario": 435976,
            "descuento": 0.14,
            "IVA": 0
        },
        {
            "codigo": "G9wRpwLFz1",
            "total": 1,
            "valor_unitario": 187998,
            "descuento": 0.03,
            "IVA": 19
        },
        {
            "codigo": "qZVW1KDKTR",
            "total": 12,
            "valor_unitario": 275344,
            "descuento": 0.29,
            "IVA": 0
        },
        {
            "codigo": "ngihVQo2Q8",
            "total": 18,
            "valor_unitario": 436518,
            "descuento": 0.17,
            "IVA": 0
        },
        {
            "codigo": "aUBwKrfacG",
            "total": 6,
            "valor_unitario": 950979,
            "descuento": 0.04,
            "IVA": 19
        },
        {
            "codigo": "BZtZaTaMyF",
            "total": 4,
            "valor_unitario": 560112,
            "descuento": 0.17,
            "IVA": 5
        },
        {
            "codigo": "mPLgTmF5Y9",
            "total": 19,
            "valor_unitario": 540049,
            "descuento": 0.44,
            "IVA": 0
        },
        {
            "codigo": "qvpuEbYw3q",
            "total": 6,
            "valor_unitario": 284549,
            "descuento": 0.11,
            "IVA": 0
        },
        {
            "codigo": "v7ZElbMbYZ",
            "total": 12,
            "valor_unitario": 711547,
            "descuento": 0.16,
            "IVA": 19
        }
    ]
}