{
    "empresa_nit": "987654321",
    "empresa_ciudad": "BOGOTA",
    "empresa_sede": "plaza",
    "empresa_nombre": "FrutiBarato",
    "fecha_hora": "2025-03-18 08:27:10",
    "factura_num": "01244",
    "ciente_numero": 859781093,
    "pago_tipo": "TAR.CREDITO",
    "productos": [
        {
            "codigo": "WRbHxbDtjk",
            "total": 11,
            "valor_unitario": 653905,
            "descuento": 0.35,
            "IVA": 19
        },
        {
            "codigo": "qwMY7XqXAr",
            "total": 11,
            "valor_unitario": 765112,
            "descuento": 0.07,
            "IVA": 19
        },
        {
            "codigo": "CiDO8NcoBH",
            "total": 2,
            "valor_unitario": 460684,
            "descuento": 0.1,
            "IVA": 5
        },
        {
            "codigo": "19wjTTQSzz",
            "total": 19,
            "valor_unitario": 770353,
            "descuento": 0.16,
            "IVA": 5
        },
        {
            "codigo": "QYZNTU2nR2",
            "total": 18,
            "valor_unitario": 960537,
            "descuento": 0.16,
            "IVA": 5
        },
        {
            "codigo": "XOlHhQj4Bs",
            "total": 8,
            "valor_unitario": 587227,
            "descuento": 0.29,
            "IVA": 0
        },
        {
            "codigo": "JZZ4fX5zV2",
            "total": 14,
            "valor_unitario": 799028,
            "descuento": 0.32,
            "IVA": 0
        },
        {
            "codigo": "RteygBC1Km",
            "total": 13,
            "valor_unitario": 77306,
            "descuento": 0.28,
            "IVA": 0
        },
        {
            "codigo": "wQ5MycMBLp",
            "total": 1,
            "valor_unitario": 400024,
            "descuento": 0.27,
            "IVA": 5
        },
        {
            "codigo": "wL1Ys4a39Y",
            "total": 3,
            "valor_unitario": 743381,
            "descuento": 0.35,
            "IVA": 19
        },
        {
            "codigo": "VDa1W7CJ9b",
            "total": 19,
            "valor_unitario": 398537,
            "descuento": 0.34,
            "IVA": 19
        },
        {
            "codigo": "RcW0lXsOhu",
            "total": 17,
            "valor_unitario": 775829,
            "descuento": 0.12,
            "IVA": 19
        },
        {
            "codigo": "MjpswOY0J3",
            "total": 14,
            "valor_unitario": 207646,
            "descuento": 0.33,
            "IVA": 5
        },
        {
            "codigo": "dYXweFnnZF",
            "total": 19,
            "valor_unitario": 77101,
            "descuento": 0.32,
            "IVA": 5
        },
        {
            "codigo": "eFF0coxDJc",
            "total": 19,
            "valor_unitario": 46811,
            "descuento": 0.03,
            "IVA": 5
        }
    ]
}