{
    "empresa_nit": "987654321",
    "empresa_ciudad": "TUNJA",
    "empresa_sede": "alcaldia",
    "empresa_nombre": "FrutiBarato",
    "fecha_hora": "2021-03-29 03:35:42",
    "factura_num": "01281",
    "ciente_numero": 358983071,
    "pago_tipo": "EFECTIVO",
    "productos": [
        {
            "codigo": "3TdIuBcTiT",
            "total": 9,
            "valor_unitario": 442583,
            "descuento": 0.45,
            "IVA": 19
        },
        {
            "codigo": "w1R2a59oqn",
            "total": 6,
            "valor_unitario": 710038,
            "descuento": 0.2,
            "IVA": 0
        },
        {
            "codigo": "9tK617JVVM",
            "total": 15,
            "valor_unitario": 953421,
            "descuento": 0.49,
            "IVA": 0
        },
        {
            "codigo": "BAFBjwzyG2",
            "total": 20,
            "valor_unitario": 387321,
            "descuento": 0.44,
            "IVA": 5
        },
        {
            "codigo": "ZjKBxLSAlB",
            "total": 20,
            "valor_unitario": 265224,
            "descuento": 0.14,
            "IVA": 5
        },
        {
            "codigo": "iYkYfkPRT3",
            "total": 3,
            "valor_unitario": 819797,
            "descuento": 0.5,
            "IVA": 0
        },
        {
            "codigo": "RNitPdnaxg",
            "total": 9,
            "valor_unitario": 59672,
            "descuento": 0.13,
            "IVA": 19
        },
        {
            "codigo": "NvYHKhpRzy",
            "total": 8,
            "valor_unitario": 483793,
            "descuento": 0.06,
            "IVA": 19
        },
        {
            "codigo": "A8MFjt8sYy",
            "total": 6,
            "valor_unitario": 80768,
            "descuento": 0.07,
            "IVA": 0
        },
        {
            "codigo": "klqFc5m0C8",
            "total": 1,
            "valor_unitario": 598164,
            "descuento": 0.14,
            "IVA": 0
        },
        {
            "codigo": "TRQZpDSjMy",
            "total": 11,
            "valor_unitario": 303359,
            "descuento": 0.17,
            "IVA": 5
        },
        {
            "codigo": "AWGQTn87oV",
            "total": 8,
            "valor_unitario": 600668,
            "descuento": 0.05,
            "IVA": 19
        },
        {
            "codigo": "uo0Eej47hq",
            "total": 11,
            "valor_unitario": 191593,
            "descuento": 0.33,
            "IVA": 0
        },
        {
            "codigo": "or98jKTTLa",
            "total": 3,
            "valor_unitario": 247628,
            "descuento": 0.33,
            "IVA": 19
        }
    ]
}