{
    "empresa_nit": "987654321",
    "empresa_ciudad": "BARRANQUILLA",
    "empresa_sede": "alcaldia",
    "empresa_nombre": "FrutiBarato",
    "fecha_hora": "2022-03-17 12:23:10",
    "factura_num": "01368",
    "ciente_numero": 293083573,
    "pago_tipo": "TRANFERENCIA",
    "productos": [
        {
            "codigo": "st0vLsDrNs",
            "total": 9,
            "valor_unitario": 240861,
            "descuento": 0.07,
            "IVA": 19
        },
        {
            "codigo": "yU4FsXV8ao",
            "total": 17,
            "valor_unitario": 480823,
            "descuento": 0.4,
            "IVA": 19
        },
        {
            "codigo": "b3gmUEmgyq",
            "total": 20,
            "valor_unitario": 180464,
            "descuento": 0.04,
            "IVA": 19
        },
        {
            "codigo": "AQKXlFt5v2",
            "total": 16,
            "valor_unitario": 29355,
            "descuento": 0.42,
            "IVA": 0
        },
        {
            "codigo": "57GvwwvUUk",
            "total": 7,
            "valor_unitario": 979309,
            "descuento": 0.03,
            "IVA": 19
        },
        {
            "codigo": "j8b1HXxpXt",
            "total": 4,
            "valor_unitario": 794805,
            "descuento": 0.26,
            "IVA": 0
        },
        {
            "codigo": "auYPoCttF0",
            "total": 5,
            "valor_unitario": 228596,
            "descuento": 0.2,
            "IVA": 0
        },
        {
            "codigo": "85caXbq7NV",
            "total": 2,
            "valor_unitario": 139248,
            "descuento": 0.43,
            "IVA": 19
        },
        {
            "codigo": "8a7jsF9HLY",
            "total": 13,
            "valor_unitario": 937894,
            "descuento": 0.03,
            "IVA": 19
        },
        {
            "codigo": "rHjFI3j1Sq",
            "total": 9,
            "valor_unitario": 537489,
            "descuento": 0.4,
            "IVA": 0
        },
        {
            "codigo": "K9adjN86Ez",
            "total": 15,
            "valor_unitario": 267689,
            "descuento": 0.13,
            "IVA": 0
        }
    ]
}