{
    "empresa_nit": "987654321",
    "empresa_ciudad": "TUNJA",
    "empresa_sede": "plaza",
    "empresa_nombre": "FrutiBarato",
    "fecha_hora": "2024-05-16 12:04:33",
    "factura_num": "01195",
    "ciente_numero": 6528258,
    "pago_tipo": "TRANFERENCIA",
    "productos": [
        {
            "codigo": "aBcWUikOaL",
            "total": 2,
            "valor_unitario": 206944,
            "descuento": 0.2,
            "IVA": 0
        },
        {
            "codigo": "Kd6WDLali9",
            "total": 17,
            "valor_unitario": 965604,
            "descuento": 0.42,
            "IVA": 19
        },
        {
            "codigo": "IIdLxcSSlz",
            "total": 12,
            "valor_unitario": 134690,
            "descuento": 0.05,
            "IVA": 5
        },
        {
            "codigo": "GbFuTrvYYH",
            "total": 11,
            "valor_unitario": 12199,
            "descuento": 0.2,
            "IVA": 0
        },
        {
            "codigo": "QmqMJHSR48",
            "total": 15,
            "valor_unitario": 466811,
            "descuento": 0.01,
            "IVA": 5
        }
    ]
}