{
    "empresa_nit": "987654321",
    "empresa_ciudad": "BARRANQUILLA",
    "empresa_sede": "terminal",
    "empresa_nombre": "FrutiBarato",
    "fecha_hora": "2024-03-16 19:30:04",
    "factura_num": "01187",
    "ciente_numero": 228442322,
    "pago_tipo": "EFECTIVO",
    "productos": [
        {
            "codigo": "21Ks6Hz2uy",
            "total": 7,
            "valor_unitario": 562081,
            "descuento": 0.29,
            "IVA": 19
        },
        {
            "codigo": "7taiwk5fZ2",
            "total": 16,
            "valor_unitario": 413577,
            "descuento": 0.03,
            "IVA": 19
        },
        {
            "codigo": "1HuozL7pkx",
            "total": 9,
            "valor_unitario": 420097,
            "descuento": 0.1,
            "IVA": 0
        },
        {
            "codigo": "waZY4PP9YJ",
            "total": 2,
            "valor_unitario": 234221,
            "descuento": 0.34,
            "IVA": 5
        },
        {
            "codigo": "WapXVKxlTM",
            "total": 9,
            "valor_unitario": 5280,
            "descuento": 0.13,
            "IVA": 0
        },
        {
            "codigo": "sJ5DVEBZTt",
            "total": 12,
            "valor_unitario": 96878,
            "descuento": 0.25,
            "IVA": 19
        },
        {
            "codigo": "h5gKv3pMuY",
            "total": 16,
            "valor_unitario": 905629,
            "descuento": 0.21,
            "IVA": 5
        },
        {
            "codigo": "ZQ5aNSA8D8",
            "total": 5,
            "valor_unitario": 708679,
            "descuento": 0.26,
            "IVA": 5
        },
        {
            "codigo": "XaXXQwQ3Ls",
            "total": 2,
            "valor_unitario": 727794,
            "descuento": 0.41,
            "IVA": 0
        },
        {
            "codigo": "MBFZ7ahWLu",
            "total": 16,
            "valor_unitario": 960552,
            "descuento": 0.42,
            "IVA": 5
        },
        {
            "codigo": "EDzmXTDLyz",
            "total": 4,
            "valor_unitario": 747284,
            "descuento": 0.2,
            "IVA": 5
        },
        {
            "codigo": "s8iTSCAV5V",
            "total": 19,
            "valor_unitario": 499880,
            "descuento": 0.2,
            "IVA": 19
        },
        {
            "codigo": "sXLKeHyAHM",
            "total": 13,
            "valor_unitario": 738592,
            "descuento": 0.22,
            "IVA": 19
        },
        {
            "codigo": "LPf0wPLCxj",
            "total": 10,
            "valor_unitario": 361681,
            "descuento": 0.19,
            "IVA": 0
        },
        {
            "codigo": "qapAjJyFB7",
            "total": 16,
            "valor_unitario": 496016,
            "descuento": 0.42,
            "IVA": 0
        },
        {
            "codigo": "E5oA3MX0Ti",
            "total": 9,
            "valor_unitario": 142040,
            "descuento": 0.26,
            "IVA": 19
        },
        {
            "codigo": "hNYmqqvxuU",
            "total": 3,
            "valor_unitario": 53361,
            "descuento": 0.02,
            "IVA": 0
        },
        {
            "codigo": "Xd2OUILyPL",
            "total": 9,
            "valor_unitario": 779198,
            "descuento": 0.21,
            "IVA": 19
        },
        {
            "codigo": "wXUPzad3Pc",
            "total": 5,
            "valor_unitario": 296608,
            "descuento": 0.22,
            "IVA": 5
        }
    ]
}