{
    "empresa_nit": "987654321",
    "empresa_ciudad": "BOGOTA",
    "empresa_sede": "autopista",
    "empresa_nombre": "FrutiBarato",
    "fecha_hora": "2024-02-20 20:45:34",
    "factura_num": "01301",
    "ciente_numero": 710260523,
    "pago_tipo": "TRANFERENCIA",
    "productos": [
        {
            "codigo": "j122UJLki2",
            "total": 6,
            "valor_unitario": 147054,
            "descuento": 0.38,
            "IVA": 5
        },
        {
            "codigo": "w19X4dcitu",
            "total": 12,
            "valor_unitario": 835511,
            "descuento": 0.49,
            "IVA": 5
        },
        {
            "codigo": "5dArnacfTQ",
            "total": 3,
            "valor_unitario": 282324,
            "descuento": 0.16,
            "IVA": 5
        },
        {
            "codigo": "i9Oznzoydz",
            "total": 7,
            "valor_unitario": 140818,
            "descuento": 0.1,
            "IVA": 0
        },
        {
            "codigo": "YA0VVc1goQ",
            "total": 17,
            "valor_unitario": 760424,
            "descuento": 0.2,
            "IVA": 19
        }
    ]
}