{
    "empresa_nit": "987654321",
    "empresa_ciudad": "MEDELLIN",
    "empresa_sede": "alcaldia",
    "empresa_nombre": "FrutiBarato",
    "fecha_hora": "2023-04-14 01:24:43",
    "factura_num": "01075",
    "ciente_numero": 401827051,
    "pago_tipo": "TAR.CREDITO",
    "productos": [
        {
            "codigo": "O2VPf8Ou9X",
            "total": 13,
            "valor_unitario": 310988,
            "descuento": 0.17,
            "IVA": 5
        },
        {
            "codigo": "G6aawuBRhw",
            "total": 16,
            "valor_unitario": 593252,
            "descuento": 0.44,
            "IVA": 5
        },
        {
            "codigo": "YRNS2OGTZj",
            "total": 4,
            "valor_unitario": 405243,
            "descuento": 0.41,
            "IVA": 19
        },
        {
            "codigo": "H8DQHvGEWU",
            "total": 6,
            "valor_unitario": 242850,
            "descuento": 0.05,
            "IVA": 19
        },
        {
            "codigo": "tMs0jt3i5E",
            "total": 19,
            "valor_unitario": 864011,
            "descuento": 0.36,
            "IVA": 0
        },
        {
            "codigo": "8oY3yu4Sns",
            "total": 7,
            "valor_unitario": 325081,
            "descuento": 0.26,
            "IVA": 0
        },
        {
            "codigo": "TiAg17BnKx",
            "total": 4,
            "valor_unitario": 318678,
            "descuento": 0.42,
            "IVA": 19
        },
        {
            "codigo": "ZJ7nZBYjvA",
            "total": 20,
            "valor_unitario": 450710,
            "descuento": 0.13,
            "IVA": 5
        },
        {
            "codigo": "mrHWfjzM8W",
            "total": 20,
            "valor_unitario": 287638,
            "descuento": 0.09,
            "IVA": 19
        }
    ]
}