{
    "empresa_nit": "987654321",
    "empresa_ciudad": "MEDELLIN",
    "empresa_sede": "centro",
    "empresa_nombre": "FrutiBarato",
    "fecha_hora": "2021-01-31 21:48:44",
    "factura_num": "01174",
    "ciente_numero": 882353657,
    "pago_tipo": "TRANFERENCIA",
    "productos": [
        {
            "codigo": "Vbg8cXdJrS",
            "total": 15,
            "valor_unitario": 845581,
            "descuento": 0.06,
            "IVA": 19
        },
        {
            "codigo": "mNSUPuoCMX",
            "total": 16,
            "valor_unitario": 11098,
            "descuento": 0.37,
            "IVA": 0
        }
    ]
}