{
    "empresa_nit": "987654321",
    "empresa_ciudad": "BARRANQUILLA",
    "empresa_sede": "centro",
    "empresa_nombre": "FrutiBarato",
    "fecha_hora": "2021-03-25 00:22:14",
    "factura_num": "01442",
    "ciente_numero": 454762348,
    "pago_tipo": "TAR.CREDITO",
    "productos": [
        {
            "codigo": "y7x5pU45LY",
            "total": 4,
            "valor_unitario": 204096,
            "descuento": 0.39,
            "IVA": 5
        },
        {
            "codigo": "QUqJUtlpCr",
            "total": 11,
            "valor_unitario": 809212,
            "descuento": 0.42,
            "IVA": 5
        },
        {
            "codigo": "gDTnPjReXT",
            "total": 13,
            "valor_unitario": 889860,
            "descuento": 0.22,
            "IVA": 5
        },
        {
            "codigo": "F9q8J3dvoJ",
            "total": 16,
            "valor_unitario": 261141,
            "descuento": 0.02,
            "IVA": 5
        },
        {
            "codigo": "TbOw9HsANy",
            "total": 4,
            "valor_unitario": 995134,
            "descuento": 0.15,
            "IVA": 0
        },
        {
            "codigo": "APRCjdLQKx",
            "total": 4,
            "valor_unitario": 267028,
            "descuento": 0.39,
            "IVA": 19
        },
        {
            "codigo": "zBkc2SWaSI",
            "total": 17,
            "valor_unitario": 634313,
            "descuento": 0.07,
            "IVA": 19
        }
    ]
}