{
    "empresa_nit": "987654321",
    "empresa_ciudad": "BARRANQUILLA",
    "empresa_sede": "plaza",
    "empresa_nombre": "FrutiBarato",
    "fecha_hora": "2021-07-23 17:19:12",
    "factura_num": "01087",
    "ciente_numero": 550271661,
    "pago_tipo": "EFECTIVO",
    "productos": [
        {
            "codigo": "S3xJZ8sAgi",
            "total": 12,
            "valor_unitario": 505968,
            "descuento": 0.07,
            "IVA": 19
        },
        {
            "codigo": "QpydWAH57J",
            "total": 15,
            "valor_unitario": 179028,
            "descuento": 0.03,
            "IVA": 19
        },
        {
            "codigo": "0W0qHe2o2O",
            "total": 6,
            "valor_unitario": 600077,
            "descuento": 0.26,
            "IVA": 0
        },
        {
            "codigo": "eqjbVf9rMU",
            "total": 7,
            "valor_unitario": 711105,
            "descuento": 0.04,
            "IVA": 5
        },
        {
            "codigo": "PCDlt6xzyn",
            "total": 4,
            "valor_unitario": 388620,
            "descuento": 0.18,
            "IVA": 0
        },
        {
            "codigo": "PGgB4YnBog",
            "total": 9,
            "valor_unitario": 81026,
            "descuento": 0.41,
            "IVA": 0
        },
        {
            "codigo": "3PN7Sde6RG",
            "total": 12,
            "valor_unitario": 55621,
            "descuento": 0.17,
            "IVA": 5
        },
        {
            "codigo": "hA5ZcrfmcS",
            "total": 6,
            "valor_unitario": 278810,
            "descuento": 0.4,
            "IVA": 0
        },
        {
            "codigo": "0VYTfAIbQQ",
            "total": 1,
            "valor_unitario": 442641,
            "descuento": 0.16,
            "IVA": 0
        },
        {
            "codigo": "cpcwbw0tgg",
            "total": 12,
            "valor_unitario": 606486,
            "descuento": 0.07,
            "IVA": 0
        },
        {
            "codigo": "BqydcpGFxA",
            "total": 14,
            "valor_unitario": 484525,
            "descuento": 0.13,
            "IVA": 19
        },
        {
            "codigo": "F01GYpRbaT",
            "total": 2,
            "valor_unitario": 195098,
            "descuento": 0.19,
            "IVA": 0
        },
        {
            "codigo": "ojTHBUvQJH",
            "total": 5,
            "valor_unitario": 566310,
            "descuento": 0.3,
            "IVA": 0
        },
        {
            "codigo": "x0atkDfZcI",
            "total": 12,
            "valor_unitario": 846113,
            "descuento": 0.15,
            "IVA": 0
        },
        {
            "codigo": "cdPvOE5xzk",
            "total": 1,
            "valor_unitario": 647114,
            "descuento": 0.1,
            "IVA": 5
        }
    ]
}