{
    "empresa_nit": "987654321",
    "empresa_ciudad": "TUNJA",
    "empresa_sede": "centro",
    "empresa_nombre": "FrutiBarato",
    "fecha_hora": "2022-02-08 17:10:41",
    "factura_num": "01227",
    "ciente_numero": 415457579,
    "pago_tipo": "TAR.CREDITO",
    "productos": [
        {
            "codigo": "6lUDGoLUeH",
            "total": 14,
            "valor_unitario": 746169,
            "descuento": 0.23,
            "IVA": 5
        },
        {
            "codigo": "KOAOZNHB6m",
            "total": 1,
            "valor_unitario": 420190,
            "descuento": 0.16,
            "IVA": 19
        },
        {
            "codigo": "0MteJBmF3h",
            "total": 6,
            "valor_unitario": 210391,
            "descuento": 0.41,
            "IVA": 0
        },
        {
            "codigo": "wFN9254ux1",
            "total": 13,
            "valor_unitario": 63588,
            "descuento": 0.03,
            "IVA": 19
        },
        {
            "codigo": "ZmFKlGCm7Y",
            "total": 7,
            "valor_unitario": 235967,
            "descuento": 0.41,
            "IVA": 19
        },
        {
            "codigo": "MHPH7QrVc4",
            "total": 2,
            "valor_unitario": 516334,
            "descuento": 0.04,
            "IVA": 5
        },
        {
            "codigo": "hBWRm5AHEP",
            "total": 3,
            "valor_unitario": 692307,
            "descuento": 0.42,
            "IVA": 19
        },
        {
            "codigo": "4lKtQIBMr9",
            "total": 19,
            "valor_unitario": 678202,
            "descuento": 0.28,
            "IVA": 5
        },
        {
            "codigo": "YNRjVIrlvW",
            "total": 18,
            "valor_unitario": 311025,
            "descuento": 0.26,
            "IVA": 5
        },
        {
            "codigo": "SZUoinQGrO",
            "total": 16,
            "valor_unitario": 771180,
            "descuento": 0.49,
            "IVA": 19
        },
        {
            "codigo": "feTg873dDJ",
            "total": 10,
            "valor_unitario": 976326,
            "descuento": 0.39,
            "IVA": 5
        },
        {
            "codigo": "SQnoDINL8P",
            "total": 4,
            "valor_unitario": 713086,
            "descuento": 0.4,
            "IVA": 0
        },
        {
            "codigo": "pvycyNYtSE",
            "total": 15,
            "valor_unitario": 945137,
            "descuento": 0.39,
            "IVA": 5
        },
        {
            "codigo": "gnrgorsQAF",
            "total": 16,
            "valor_unitario": 979018,
            "descuento": 0.42,
            "IVA": 5
        }
    ]
}