{
    "empresa_nit": "987654321",
    "empresa_ciudad": "CALI",
    "empresa_sede": "alcaldia",
    "empresa_nombre": "FrutiBarato",
    "fecha_hora": "2022-03-17 07:08:52",
    "factura_num": "01065",
    "ciente_numero": 314308865,
    "pago_tipo": "EFECTIVO",
    "productos": [
        {
            "codigo": "LIKE0QuruE",
            "total": 20,
            "valor_unitario": 638156,
            "descuento": 0.36,
            "IVA": 0
        },
        {
            "codigo": "L0pDZdeRc3",
            "total": 15,
            "valor_unitario": 991083,
            "descuento": 0.08,
            "IVA": 19
        }
    ]
}