{
    "empresa_nit": "987654321",
    "empresa_ciudad": "CALI",
    "empresa_sede": "centro",
    "empresa_nombre": "FrutiBarato",
    "fecha_hora": "2023-07-25 04:27:12",
    "factura_num": "01064",
    "ciente_numero": 907238906,
    "pago_tipo": "TAR.DEBITO",
    "productos": [
        {
            "codigo": "TfCLIb2IEl",
            "total": 13,
            "valor_unitario": 853588,
            "descuento": 0.38,
            "IVA": 0
        },
        {
            "codigo": "um4o1PDPjz",
            "total": 5,
            "valor_unitario": 651111,
            "descuento": 0.32,
            "IVA": 5
        },
        {
            "codigo": "dxrN6MviBL",
            "total": 8,
            "valor_unitario": 414137,
            "descuento": 0.34,
            "IVA": 5
        },
        {
            "codigo": "2HyLmFg3wr",
            "total": 9,
            "valor_unitario": 412414,
            "descuento": 0.17,
            "IVA": 19
        },
        {
            "codigo": "i0evZOLjPR",
            "total": 14,
            "valor_unitario": 339756,
            "descuento": 0.34,
            "IVA": 0
        },
        {
            "codigo": "DEgdtN6qpD",
            "total": 13,
            "valor_unitario": 497240,
            "descuento": 0.34,
            "IVA": 5
        },
        {
            "codigo": "Lkm6zjqXPn",
            "total": 3,
            "valor_unitario": 923445,
            "descuento": 0.19,
            "IVA": 0
        },
        {
            "codigo": "6KhLRbfXNp",
            "total": 11,
            "valor_unitario": 856180,
            "descuento": 0.15,
            "IVA": 0
        },
        {
            "codigo": "yPKwAsSeYx",
            "total": 1,
            "valor_unitario": 775204,
            "descuento": 0.19,
            "IVA": 5
        },
        {
            "codigo": "RstEtIWZPZ",
            "total": 2,
            "valor_unitario": 335960,
            "descuento": 0.15,
            "IVA": 5
        },
        {
            "codigo": "uiRybes5Ns",
            "total": 13,
            "valor_unitario": 260863,
            "descuento": 0.04,
            "IVA": 0
        },
        {
            "codigo": "ProXxBLZPb",
            "total": 6,
            "valor_unitario": 532851,
            "descuento": 0.39,
            "IVA": 19
        },
        {
            "codigo": "fm4cyUUnoT",
            "total": 7,
            "valor_unitario": 849357,
            "descuento": 0.27,
            "IVA": 19
        }
    ]
}