{
    "empresa_nit": "987654321",
    "empresa_ciudad": "MEDELLIN",
    "empresa_sede": "autopista",
    "empresa_nombre": "FrutiBarato",
    "fecha_hora": "2022-12-24 06:31:01",
    "factura_num": "01425",
    "ciente_numero": 827496100,
    "pago_tipo": "TAR.CREDITO",
    "productos": [
        {
            "codigo": "skitWKIuTI",
            "total": 18,
            "valor_unitario": 845081,
            "descuento": 0.12,
            "IVA": 19
        },
        {
            "codigo": "gRMcxKlNF4",
            "total": 2,
            "valor_unitario": 408522,
            "descuento": 0.12,
            "IVA": 5
        },
        {
            "codigo": "LfizkqOwB5",
            "total": 1,
            "valor_unitario": 306378,
            "descuento": 0.14,
            "IVA": 5
        },
        {
            "codigo": "qkK338ygrd",
            "total": 10,
            "valor_unitario": 877791,
            "descuento": 0.32,
            "IVA": 5
        },
        {
            "codigo": "2eTVTwScOW",
            "total": 4,
            "valor_unitario": 621108,
            "descuento": 0.45,
            "IVA": 5
        },
        {
            "codigo": "gvnNdiNjuc",
            "total": 16,
            "valor_unitario": 432898,
            "descuento": 0.13,
            "IVA": 0
        },
        {
            "codigo": "AhteO0P8tM",
            "total": 19,
            "valor_unitario": 625917,
            "descuento": 0.1,
            "IVA": 5
        },
        {
            "codigo": "AYHs8qVzHD",
            "total": 15,
            "valor_unitario": 173598,
            "descuento": 0.21,
            "IVA": 0
        },
        {
            "codigo": "UhSBRd9HFm",
            "total": 4,
            "valor_unitario": 341250,
            "descuento": 0.47,
            "IVA": 0
        },
        {
            "codigo": "5WPiwTlMeW",
            "total": 15,
            "valor_unitario": 238601,
            "descuento": 0.2,
            "IVA": 19
        },
        {
            "codigo": "3rHlP7CB7L",
            "total": 14,
            "valor_unitario": 650419,
            "descuento": 0.36,
            "IVA": 19
        },
        {
            "codigo": "SVSJWtP4uD",
            "total": 14,
            "valor_unitario": 647739,
            "descuento": 0.43,
            "IVA": 5
        },
        {
            "codigo": "4UCm39W5rU",
            "total": 20,
            "valor_unitario": 970559,
            "descuento": 0.36,
            "IVA": 5
        },
        {
            "codigo": "aqhuzp6Jo1",
            "total": 3,
            "valor_unitario": 108271,
            "descuento": 0.37,
            "IVA": 5
        },
        {
            "codigo": "0NgHrzrWyU",
            "total": 19,
            "valor_unitario": 373766,
            "descuento": 0.44,
            "IVA": 5
        }
    ]
}