{
    "empresa_nit": "987654321",
    "empresa_ciudad": "BARRANQUILLA",
    "empresa_sede": "aeropuerto",
    "empresa_nombre": "FrutiBarato",
    "fecha_hora": "2020-07-13 07:20:45",
    "factura_num": "01377",
    "ciente_numero": 107802276,
    "pago_tipo": "EFECTIVO",
    "productos": [
        {
            "codigo": "MoVaQcuTLL",
            "total": 6,
            "valor_unitario": 895253,
            "descuento": 0.44,
            "IVA": 5
        },
        {
            "codigo": "SEfF7K7ijX",
            "total": 19,
            "valor_unitario": 595062,
            "descuento": 0.39,
            "IVA": 0
        },
        {
            "codigo": "b5DpUmKwOr",
            "total": 10,
            "valor_unitario": 782933,
            "descuento": 0.45,
            "IVA": 19
        },
        {
            "codigo": "pWHUdWJN33",
            "total": 10,
            "valor_unitario": 468544,
            "descuento": 0.16,
            "IVA": 19
        },
        {
            "codigo": "EjWy5PZ54U",
            "total": 9,
            "valor_unitario": 489447,
            "descuento": 0.21,
            "IVA": 0
        },
        {
            "codigo": "SwSnLJRUay",
            "total": 16,
            "valor_unitario": 572276,
            "descuento": 0.31,
            "IVA": 0
        },
        {
            "codigo": "TBWS7qjK6X",
            "total": 17,
            "valor_unitario": 464177,
            "descuento": 0.44,
            "IVA": 0
        },
        {
            "codigo": "hCBCVFBAeG",
            "total": 10,
            "valor_unitario": 413573,
            "descuento": 0.17,
            "IVA": 5
        },
        {
            "codigo": "SNnGbXxzkE",
            "total": 19,
            "valor_unitario": 324221,
            "descuento": 0.07,
            "IVA": 0
        },
        {
            "codigo": "3fPqEW2no0",
            "total": 4,
            "valor_unitario": 238156,
            "descuento": 0.48,
            "IVA": 5
        },
        {
            "codigo": "z0fMxBBzYc",
            "total": 9,
            "valor_unitario": 106203,
            "descuento": 0.15,
            "IVA": 5
        },
        {
            "codigo": "HsCLgJebYm",
            "total": 16,
            "valor_unitario": 695288,
            "descuento": 0.47,
            "IVA": 0
        },
        {
            "codigo": "giGU9KpJac",
            "total": 13,
            "valor_unitario": 423870,
            "descuento": 0.48,
            "IVA": 5
        },
        {
            "codigo": "66ubGnmPmH",
            "total": 7,
            "valor_unitario": 757101,
            "descuento": 0.22,
            "IVA": 19
        },
        {
            "codigo": "lPBDovMH77",
            "total": 16,
            "valor_unitario": 839844,
            "descuento": 0.23,
            "IVA": 19
        },
        {
            "codigo": "cRgNTTL3yE",
            "total": 13,
            "valor_unitario": 775216,
            "descuento": 0.37,
            "IVA": 5
        },
        {
            "codigo": "9z1paILJiU",
            "total": 13,
            "valor_unitario": 483576,
            "descuento": 0.01,
            "IVA": 19
        },
        {
            "codigo": "wmhsipn8KA",
            "total": 2,
            "valor_unitario": 736144,
            "descuento": 0.44,
            "IVA": 5
        },
        {
            "codigo": "8oqP6mqxJm",
            "total": 18,
            "valor_unitario": 419913,
            "descuento": 0.15,
            "IVA": 19
        },
        {
            "codigo": "m74RaBgQFl",
            "total": 11,
            "valor_unitario": 138793,
            "descuento": 0.34,
            "IVA": 19
        }
    ]
}