{
    "empresa_nit": "987654321",
    "empresa_ciudad": "CALI",
    "empresa_sede": "alcaldia",
    "empresa_nombre": "FrutiBarato",
    "fecha_hora": "2024-09-17 12:05:46",
    "factura_num": "01387",
    "ciente_numero": 972191862,
    "pago_tipo": "TAR.CREDITO",
    "productos": [
        {
            "codigo": "GDoVLObcSj",
            "total": 15,
            "valor_unitario": 295912,
            "descuento": 0.18,
            "IVA": 5
        },
        {
            "codigo": "3K6gEDmXv9",
            "total": 11,
            "valor_unitario": 30708,
            "descuento": 0.2,
            "IVA": 19
        },
        {
            "codigo": "ROUSswXQ8D",
            "total": 19,
            "valor_unitario": 559852,
            "descuento": 0.16,
            "IVA": 19
        },
        {
            "codigo": "VXsZAunfEh",
            "total": 19,
            "valor_unitario": 344588,
            "descuento": 0.05,
            "IVA": 0
        },
        {
            "codigo": "IbQHFbSz7C",
            "total": 9,
            "valor_unitario": 593194,
            "descuento": 0.33,
            "IVA": 0
        },
        {
            "codigo": "Bg3ErO88iP",
            "total": 17,
            "valor_unitario": 742276,
            "descuento": 0.38,
            "IVA": 5
        },
        {
            "codigo": "cU6DsnyIgc",
            "total": 14,
            "valor_unitario": 971870,
            "descuento": 0.18,
            "IVA": 19
        },
        {
            "codigo": "7N8SIhsfP0",
            "total": 1,
            "valor_unitario": 200107,
            "descuento": 0.36,
            "IVA": 19
        },
        {
            "codigo": "rgCHDGXQq5",
            "total": 6,
            "valor_unitario": 296612,
            "descuento": 0.42,
            "IVA": 19
        },
        {
            "codigo": "PsjExk9YYs",
            "total": 5,
            "valor_unitario": 203322,
            "descuento": 0.4,
            "IVA": 5
        },
        {
            "codigo": "ExW3fLZu2b",
            "total": 17,
            "valor_unitario": 363122,
            "descuento": 0.02,
            "IVA": 19
        },
        {
            "codigo": "Av3SgoPVx6",
            "total": 5,
            "valor_unitario": 577578,
            "descuento": 0.29,
            "IVA": 0
        },
        {
            "codigo": "UKIRf6FiMe",
            "total": 17,
            "valor_unitario": 819585,
            "descuento": 0.4,
            "IVA": 5
        },
        {
            "codigo": "n75x1iXLXF",
            "total": 17,
            "valor_unitario": 783614,
            "descuento": 0.06,
            "IVA": 19
        }
    ]
}