{
    "empresa_nit": "987654321",
    "empresa_ciudad": "BARRANQUILLA",
    "empresa_sede": "aeropuerto",
    "empresa_nombre": "FrutiBarato",
    "fecha_hora": "2022-01-08 03:37:44",
    "factura_num": "01143",
    "ciente_numero": 35754968,
    "pago_tipo": "TAR.DEBITO",
    "productos": [
        {
            "codigo": "9LtiowEslR",
            "total": 17,
            "valor_unitario": 90001,
            "descuento": 0.25,
            "IVA": 0
        },
        {
            "codigo": "Zn9FzsLYKz",
            "total": 2,
            "valor_unitario": 282618,
            "descuento": 0.08,
            "IVA": 19
        },
        {
            "codigo": "jQ1sBBZW6z",
            "total": 4,
            "valor_unitario": 932932,
            "descuento": 0.12,
            "IVA": 0
        },
        {
            "codigo": "TzTNMmnCp2",
            "total": 12,
            "valor_unitario": 619595,
            "descuento": 0.43,
            "IVA": 0
        },
        {
            "codigo": "xpjOK1EJU3",
            "total": 11,
            "valor_unitario": 463274,
            "descuento": 0.23,
            "IVA": 19
        },
        {
            "codigo": "VwyiCmxwNB",
            "total": 19,
            "valor_unitario": 877791,
            "descuento": 0.28,
            "IVA": 5
        },
        {
            "codigo": "jZuXHmtK5n",
            "total": 4,
            "valor_unitario": 787235,
            "descuento": 0.45,
            "IVA": 5
        }
    ]
}