{
    "empresa_nit": "987654321",
    "empresa_ciudad": "MEDELLIN",
    "empresa_sede": "alcaldia",
    "empresa_nombre": "FrutiBarato",
    "fecha_hora": "2024-06-25 05:22:39",
    "factura_num": "01149",
    "ciente_numero": 995768320,
    "pago_tipo": "TAR.CREDITO",
    "productos": [
        {
            "codigo": "3ocahXUU4t",
            "total": 12,
            "valor_unitario": 73435,
            "descuento": 0.04,
            "IVA": 19
        },
        {
            "codigo": "iWd9gaXRJL",
            "total": 19,
            "valor_unitario": 975687,
            "descuento": 0.15,
            "IVA": 5
        },
        {
            "codigo": "QX9BY5lYHD",
            "total": 12,
            "valor_unitario": 594066,
            "descuento": 0.06,
            "IVA": 0
        },
        {
            "codigo": "T7KVNa62Dp",
            "total": 16,
            "valor_unitario": 90775,
            "descuento": 0.06,
            "IVA": 19
        },
        {
            "codigo": "7O7ZDnklhp",
            "total": 16,
            "valor_unitario": 714257,
            "descuento": 0.16,
            "IVA": 5
        },
        {
            "codigo": "nv4i9L0ODI",
            "total": 15,
            "valor_unitario": 770884,
            "descuento": 0.07,
            "IVA": 19
        },
        {
            "codigo": "zWMJ6Q9gh6",
            "total": 2,
            "valor_unitario": 345801,
            "descuento": 0.04,
            "IVA": 5
        },
        {
            "codigo": "cFK3AnETSX",
            "total": 18,
            "valor_unitario": 537305,
            "descuento": 0.35,
            "IVA": 19
        },
        {
            "codigo": "qViqx3Rf51",
            "total": 9,
            "valor_unitario": 242115,
            "descuento": 0.41,
            "IVA": 19
        },
        {
            "codigo": "JrRovxXDT1",
            "total": 19,
            "valor_unitario": 592428,
            "descuento": 0.04,
            "IVA": 19
        }
    ]
}