{
    "empresa_nit": "987654321",
    "empresa_ciudad": "TUNJA",
    "empresa_sede": "aeropuerto",
    "empresa_nombre": "FrutiBarato",
    "fecha_hora": "2024-02-21 05:06:24",
    "factura_num": "01219",
    "ciente_numero": 77035479,
    "pago_tipo": "TRANFERENCIA",
    "productos": [
        {
            "codigo": "yxvypqixUi",
            "total": 2,
            "valor_unitario": 66664,
            "descuento": 0.07,
            "IVA": 19
        },
        {
            "codigo": "byCDux0IAv",
            "total": 18,
            "valor_unitario": 566287,
            "descuento": 0.07,
            "IVA": 5
        },
        {
            "codigo": "X03tupQCaB",
            "total": 2,
            "valor_unitario": 656526,
            "descuento": 0.0,
            "IVA": 19
        },
        {
            "codigo": "B22X095rys",
            "total": 10,
            "valor_unitario": 624736,
            "descuento": 0.22,
            "IVA": 5
        },
        {
            "codigo": "GW6i2u9dNz",
            "total": 10,
            "valor_unitario": 415253,
            "descuento": 0.5,
            "IVA": 0
        },
        {
            "codigo": "svWSYRws0K",
            "total": 2,
            "valor_unitario": 515582,
            "descuento": 0.2,
            "IVA": 0
        },
        {
            "codigo": "LiVy0fukJB",
            "total": 9,
            "valor_unitario": 933262,
            "descuento": 0.13,
            "IVA": 5
        },
        {
            "codigo": "XkgR3gH2T5",
            "total": 15,
            "valor_unitario": 687569,
            "descuento": 0.03,
            "IVA": 5
        },
        {
            "codigo": "pK7GbAAcGl",
            "total": 14,
            "valor_unitario": 615086,
            "descuento": 0.15,
            "IVA": 0
        },
        {
            "codigo": "IQl7Hiz3r9",
            "total": 2,
            "valor_unitario": 884789,
            "descuento": 0.22,
            "IVA": 19
        },
        {
            "codigo": "gzWl6kOfqH",
            "total": 6,
            "valor_unitario": 610715,
            "descuento": 0.2,
            "IVA": 0
        },
        {
            "codigo": "lYHzNV2qua",
            "total": 3,
            "valor_unitario": 152469,
            "descuento": 0.39,
            "IVA": 5
        },
        {
            "codigo": "ujvHhbCAxm",
            "total": 1,
            "valor_unitario": 324130,
            "descuento": 0.47,
            "IVA": 19
        }
    ]
}