{
    "empresa_nit": "987654321",
    "empresa_ciudad": "MEDELLIN",
    "empresa_sede": "alcaldia",
    "empresa_nombre": "FrutiBarato",
    "fecha_hora": "2024-07-14 17:49:39",
    "factura_num": "01125",
    "ciente_numero": 122500787,
    "pago_tipo": "TRANFERENCIA",
    "productos": [
        {
            "codigo": "OG4skLk0Pw",
            "total": 15,
            "valor_unitario": 579340,
            "descuento": 0.25,
            "IVA": 19
        },
        {
            "codigo": "p64EWfpWPp",
            "total": 10,
            "valor_unitario": 959985,
            "descuento": 0.23,
            "IVA": 19
        },
        {
            "codigo": "UEX1HW48ei",
            "total": 2,
            "valor_unitario": 54610,
            "descuento": 0.07,
            "IVA": 19
        },
        {
            "codigo": "OBsBTo28E0",
            "total": 15,
            "valor_unitario": 783801,
            "descuento": 0.26,
            "IVA": 0
        },
        {
            "codigo": "SSGLoP6u7L",
            "total": 5,
            "valor_unitario": 17014,
            "descuento": 0.06,
            "IVA": 5
        },
        {
            "codigo": "oYVOVMp6GA",
            "total": 9,
            "valor_unitario": 178362,
            "descuento": 0.21,
            "IVA": 0
        },
        {
            "codigo": "ZHECNjujGf",
            "total": 7,
            "valor_unitario": 755744,
            "descuento": 0.27,
            "IVA": 5
        },
        {
            "codigo": "l8mgmf5WLF",
            "total": 16,
            "valor_unitario": 696471,
            "descuento": 0.26,
            "IVA": 0
        },
        {
            "codigo": "48IuvweWRF",
            "total": 8,
            "valor_unitario": 142008,
            "descuento": 0.13,
            "IVA": 19
        }
    ]
}