{
    "empresa_nit": "987654321",
    "empresa_ciudad": "CALI",
    "empresa_sede": "plaza",
    "empresa_nombre": "FrutiBarato",
    "fecha_hora": "2021-08-24 02:19:15",
    "factura_num": "01107",
    "ciente_numero": 722614558,
    "pago_tipo": "TAR.CREDITO",
    "productos": [
        {
            "codigo": "LaUWOFzJ2v",
            "total": 7,
            "valor_unitario": 704710,
            "descuento": 0.19,
            "IVA": 19
        },
        {
            "codigo": "L20OCvSF4y",
            "total": 20,
            "valor_unitario": 544620,
            "descuento": 0.04,
            "IVA": 19
        },
        {
            "codigo": "2DKQxS8hAl",
            "total": 6,
            "valor_unitario": 108190,
            "descuento": 0.32,
            "IVA": 5
        },
        {
            "codigo": "aKVVskOEWK",
            "total": 12,
            "valor_unitario": 767283,
            "descuento": 0.09,
            "IVA": 0
        },
        {
            "codigo": "Es3L9MYDw4",
            "total": 5,
            "valor_unitario": 131338,
            "descuento": 0.05,
            "IVA": 0
        },
        {
            "codigo": "qhEhlKWViU",
            "total": 2,
            "valor_unitario": 509422,
            "descuento": 0.21,
            "IVA": 19
        },
        {
            "codigo": "ZqgoqyjfmU",
            "total": 12,
            "valor_unitario": 921241,
            "descuento": 0.27,
            "IVA": 19
        },
        {
            "codigo": "8KKhLsTM2Q",
            "total": 18,
            "valor_unitario": 381881,
            "descuento": 0.45,
            "IVA": 5
        },
        {
            "codigo": "3uY256yBiT",
            "total": 7,
            "valor_unitario": 212023,
            "descuento": 0.35,
            "IVA": 19
        },
        {
            "codigo": "936qRGVrbd",
            "total": 9,
            "valor_unitario": 630398,
            "descuento": 0.32,
            "IVA": 19
        },
        {
            "codigo": "qo8iUtV1F0",
            "total": 11,
            "valor_unitario": 213882,
            "descuento": 0.49,
            "IVA": 19
        },
        {
            "codigo": "lmCmyRRuRA",
            "total": 10,
            "valor_unitario": 942488,
            "descuento": 0.34,
            "IVA": 5
        },
        {
            "codigo": "lY1noj5dyH",
            "total": 8,
            "valor_unitario": 535688,
            "descuento": 0.43,
            "IVA": 19
        }
    ]
}