{
    "empresa_nit": "987654321",
    "empresa_ciudad": "BARRANQUILLA",
    "empresa_sede": "autopista",
    "empresa_nombre": "FrutiBarato",
    "fecha_hora": "2022-09-09 05:40:45",
    "factura_num": "01151",
    "ciente_numero": 341509812,
    "pago_tipo": "TAR.DEBITO",
    "productos": [
        {
            "codigo": "gFIpjZEE8N",
            "total": 8,
            "valor_unitario": 811909,
            "descuento": 0.07,
            "IVA": 0
        },
        {
            "codigo": "ix29OrwbdS",
            "total": 11,
            "valor_unitario": 630224,
            "descuento": 0.13,
            "IVA": 0
        },
        {
            "codigo": "t5uvWAEmth",
            "total": 7,
            "valor_unitario": 883650,
            "descuento": 0.5,
            "IVA": 19
        }
    ]
}