{
    "empresa_nit": "987654321",
    "empresa_ciudad": "TUNJA",
    "empresa_sede": "alcaldia",
    "empresa_nombre": "FrutiBarato",
    "fecha_hora": "2020-12-05 06:12:12",
    "factura_num": "01130",
    "ciente_numero": 452821210,
    "pago_tipo": "TAR.CREDITO",
    "productos": [
        {
            "codigo": "jhNnPoEI2k",
            "total": 16,
            "valor_unitario": 31931,
            "descuento": 0.24,
            "IVA": 19
        },
        {
            "codigo": "vhOLf0JhIq",
            "total": 7,
            "valor_unitario": 522508,
            "descuento": 0.13,
            "IVA": 19
        },
        {
            "codigo": "u5XQJxCnp6",
            "total": 13,
            "valor_unitario": 280419,
            "descuento": 0.15,
            "IVA": 19
        },
        {
            "codigo": "nlVQyKK1om",
            "total": 13,
            "valor_unitario": 272732,
            "descuento": 0.11,
            "IVA": 19
        },
        {
            "codigo": "qedPmUWyBZ",
            "total": 15,
            "valor_unitario": 487176,
            "descuento": 0.21,
            "IVA": 19
        },
        {
            "codigo": "bdqYeEATH5",
            "total": 1,
            "valor_unitario": 950832,
            "descuento": 0.15,
            "IVA": 0
        },
        {
            "codigo": "nw0OBL1dTK",
            "total": 2,
            "valor_unitario": 571889,
            "descuento": 0.03,
            "IVA": 0
        },
        {
            "codigo": "e9OsRLBCw2",
            "total": 9,
            "valor_unitario": 734036,
            "descuento": 0.07,
            "IVA": 19
        },
        {
            "codigo": "CsuaUFlXQA",
            "total": 5,
            "valor_unitario": 906596,
            "descuento": 0.24,
            "IVA": 5
        },
        {
            "codigo": "uzA6CiLHzR",
            "total": 16,
            "valor_unitario": 406869,
            "descuento": 0.25,
            "IVA": 19
        },
        {
            "codigo": "DqgFJRc8BY",
            "total": 9,
            "valor_unitario": 667420,
            "descuento": 0.04,
            "IVA": 19
        },
        {
            "codigo": "p3B6SoZLfn",
            "total": 3,
            "valor_unitario": 975189,
            "descuento": 0.44,
            "IVA": 0
        },
        {
            "codigo": "pO6S3XD5MG",
            "total": 18,
            "valor_unitario": 818887,
            "descuento": 0.46,
            "IVA": 5
        },
        {
            "codigo": "x73wylJzAJ",
            "total": 4,
            "valor_unitario": 994462,
            "descuento": 0.34,
            "IVA": 5
        },
        {
            "codigo": "GQIFVqIXqS",
            "total": 17,
            "valor_unitario": 462781,
            "descuento": 0.01,
            "IVA": 0
        },
        {
            "codigo": "HcYC2FWfPS",
            "total": 19,
            "valor_unitario": 811124,
            "descuento": 0.34,
            "IVA": 0
        },
        {
            "codigo": "8e0yCo8Zzn",
            "total": 19,
            "valor_unitario": 293753,
            "descuento": 0.28,
            "IVA": 5
        },
        {
            "codigo": "urAsQOWW3U",
            "total": 19,
            "valor_unitario": 707471,
            "descuento": 0.05,
            "IVA": 5
        }
    ]
}