{
    "empresa_nit": "987654321",
    "empresa_ciudad": "CALI",
    "empresa_sede": "autopista",
    "empresa_nombre": "FrutiBarato",
    "fecha_hora": "2023-05-28 00:02:32",
    "factura_num": "01408",
    "ciente_numero": 628970494,
    "pago_tipo": "TAR.DEBITO",
    "productos": [
        {
            "codigo": "S7XApvw5ut",
            "total": 8,
            "valor_unitario": 587417,
            "descuento": 0.46,
            "IVA": 19
        },
        {
            "codigo": "9oH1Q2hDD3",
            "total": 19,
            "valor_unitario": 173707,
            "descuento": 0.42,
            "IVA": 0
        },
        {
            "codigo": "B64mmB088K",
            "total": 7,
            "valor_unitario": 68574,
            "descuento": 0.11,
            "IVA": 5
        },
        {
            "codigo": "wRe2OVA6xK",
            "total": 3,
            "valor_unitario": 593561,
            "descuento": 0.24,
            "IVA": 5
        },
        {
            "codigo": "l1zYL6czUz",
            "total": 6,
            "valor_unitario": 456842,
            "descuento": 0.31,
            "IVA": 5
        },
        {
            "codigo": "Wt9GAY0Cp9",
            "total": 20,
            "valor_unitario": 833802,
            "descuento": 0.49,
            "IVA": 5
        }
    ]
}