{
    "empresa_nit": "987654321",
    "empresa_ciudad": "BOGOTA",
    "empresa_sede": "alcaldia",
    "empresa_nombre": "FrutiBarato",
    "fecha_hora": "2022-07-12 13:43:02",
    "factura_num": "01345",
    "ciente_numero": 37360752,
    "pago_tipo": "TAR.CREDITO",
    "productos": [
        {
            "codigo": "pLjFkTo7Vk",
            "total": 5,
            "valor_unitario": 490047,
            "descuento": 0.04,
            "IVA": 0
        },
        {
            "codigo": "9CpFLrJhBy",
            "total": 3,
            "valor_unitario": 598592,
            "descuento": 0.35,
            "IVA": 5
        },
        {
            "codigo": "f1aDqAJpoR",
            "total": 16,
            "valor_unitario": 16241,
            "descuento": 0.43,
            "IVA": 0
        },
        {
            "codigo": "UmTpFfdTH7",
            "total": 4,
            "valor_unitario": 278474,
            "descuento": 0.38,
            "IVA": 0
        },
        {
            "codigo": "vVzk0KPHpz",
            "total": 2,
            "valor_unitario": 780893,
            "descuento": 0.12,
            "IVA": 0
        },
        {
            "codigo": "ZW9R0DAp8c",
            "total": 10,
            "valor_unitario": 639242,
            "descuento": 0.35,
            "IVA": 0
        },
        {
            "codigo": "aDPtIirs9f",
            "total": 12,
            "valor_unitario": 639933,
            "descuento": 0.08,
            "IVA": 5
        },
        {
            "codigo": "TcQKPi2rZ6",
            "total": 18,
            "valor_unitario": 503295,
            "descuento": 0.12,
            "IVA": 5
        },
        {
            "codigo": "WjcyEUEcNt",
            "total": 14,
            "valor_unitario": 781716,
            "descuento": 0.47,
            "IVA": 0
        },
        {
            "codigo": "35Df6iqJWw",
            "total": 6,
            "valor_unitario": 166856,
            "descuento": 0.21,
            "IVA": 19
        },
        {
            "codigo": "NFQ7zjFesB",
            "total": 8,
            "valor_unitario": 782341,
            "descuento": 0.47,
            "IVA": 5
        },
        {
            "codigo": "bOjLwsgDGR",
            "total": 10,
            "valor_unitario": 822725,
            "descuento": 0.09,
            "IVA": 0
        },
        {
            "codigo": "cQjCCXVv2Q",
            "total": 2,
            "valor_unitario": 463338,
            "descuento": 0.14,
            "IVA": 0
        },
        {
            "codigo": "FoM5Ndy6O7",
            "total": 19,
            "valor_unitario": 718255,
            "descuento": 0.31,
            "IVA": 19
        }
    ]
}