{
    "empresa_nit": "987654321",
    "empresa_ciudad": "CALI",
    "empresa_sede": "terminal",
    "empresa_nombre": "FrutiBarato",
    "fecha_hora": "2022-08-12 21:16:01",
    "factura_num": "01147",
    "ciente_numero": 633481953,
    "pago_tipo": "TAR.DEBITO",
    "productos": [
        {
            "codigo": "AyWXJElPnJ",
            "total": 14,
            "valor_unitario": 836898,
            "descuento": 0.34,
            "IVA": 19
        },
        {
            "codigo": "n0Bv7zEUgo",
            "total": 19,
            "valor_unitario": 337924,
            "descuento": 0.33,
            "IVA": 19
        },
        {
            "codigo": "G71rNYjU5A",
            "total": 8,
            "valor_unitario": 443927,
            "descuento": 0.24,
            "IVA": 0
        },
        {
            "codigo": "A2J0PpDMH2",
            "total": 17,
            "valor_unitario": 998714,
            "descuento": 0.21,
            "IVA": 19
        },
        {
            "codigo": "c1bUR9Zylm",
            "total": 1,
            "valor_unitario": 754104,
            "descuento": 0.29,
            "IVA": 0
        },
        {
            "codigo": "c4SnlYgmlK",
            "total": 17,
            "valor_unitario": 731300,
            "descuento": 0.1,
            "IVA": 19
        },
        {
            "codigo": "fGUerOadzK",
            "total": 10,
            "valor_unitario": 951005,
            "descuento": 0.47,
            "IVA": 0
        },
        {
            "codigo": "cKZlNSLFeY",
            "total": 2,
            "valor_unitario": 661571,
            "descuento": 0.29,
            "IVA": 0
        },
        {
            "codigo": "1cCNO9J3A7",
            "total": 9,
            "valor_unitario": 531219,
            "descuento": 0.47,
            "IVA": 0
        },
        {
            "codigo": "jHoMIoNUFG",
            "total": 5,
            "valor_unitario": 701339,
            "descuento": 0.39,
            "IVA": 5
        },
        {
            "codigo": "JHrVG25uOX",
            "total": 14,
            "valor_unitario": 828035,
            "descuento": 0.05,
            "IVA": 0
        }
    ]
}