{
    "empresa_nit": "987654321",
    "empresa_ciudad": "MEDELLIN",
    "empresa_sede": "terminal",
    "empresa_nombre": "FrutiBarato",
    "fecha_hora": "2021-05-29 11:47:33",
    "factura_num": "01207",
    "ciente_numero": 188035000,
    "pago_tipo": "EFECTIVO",
    "productos": [
        {
            "codigo": "WZ3OLeMjeC",
            "total": 18,
            "valor_unitario": 938423,
            "descuento": 0.11,
            "IVA": 19
        },
        {
            "codigo": "nqXWDYHRtG",
            "total": 14,
            "valor_unitario": 687714,
            "descuento": 0.44,
            "IVA": 5
        },
        {
            "codigo": "SmoCT6yXzR",
            "total": 5,
            "valor_unitario": 690320,
            "descuento": 0.46,
            "IVA": 5
        },
        {
            "codigo": "aBT8zCVJEB",
            "total": 5,
            "valor_unitario": 185399,
            "descuento": 0.41,
            "IVA": 0
        },
        {
            "codigo": "wTAm8BvDba",
            "total": 4,
            "valor_unitario": 153071,
            "descuento": 0.41,
            "IVA": 5
        }
    ]
}