{
    "empresa_nit": "987654321",
    "empresa_ciudad": "BARRANQUILLA",
    "empresa_sede": "centro",
    "empresa_nombre": "FrutiBarato",
    "fecha_hora": "2023-02-03 16:10:24",
    "factura_num": "01224",
    "ciente_numero": 725421631,
    "pago_tipo": "TAR.CREDITO",
    "productos": [
        {
            "codigo": "oBUHFOKVHg",
            "total": 3,
            "valor_unitario": 138727,
            "descuento": 0.1,
            "IVA": 19
        },
        {
            "codigo": "qybtUBACFp",
            "total": 5,
            "valor_unitario": 698953,
            "descuento": 0.44,
            "IVA": 0
        },
        {
            "codigo": "y7vMC1leD6",
            "total": 11,
            "valor_unitario": 740248,
            "descuento": 0.44,
            "IVA": 19
        },
        {
            "codigo": "CjgRLAfCN5",
            "total": 7,
            "valor_unitario": 307662,
            "descuento": 0.48,
            "IVA": 19
        },
        {
            "codigo": "2NuN6MKdDu",
            "total": 14,
            "valor_unitario": 101930,
            "descuento": 0.09,
            "IVA": 5
        },
        {
            "codigo": "DAd9UXrIj1",
            "total": 11,
            "valor_unitario": 51870,
            "descuento": 0.02,
            "IVA": 19
        },
        {
            "codigo": "8hBAiZG6XD",
            "total": 17,
            "valor_unitario": 256381,
            "descuento": 0.38,
            "IVA": 5
        },
        {
            "codigo": "AweYpTgzyj",
            "total": 2,
            "valor_unitario": 340241,
            "descuento": 0.01,
            "IVA": 0
        },
        {
            "codigo": "3yTR8tXcHp",
            "total": 18,
            "valor_unitario": 716805,
            "descuento": 0.23,
            "IVA": 0
        },
        {
            "codigo": "qI6DsbKwaV",
            "total": 16,
            "valor_unitario": 86550,
            "descuento": 0.08,
            "IVA": 5
        },
        {
            "codigo": "7AXwGYu3hG",
            "total": 4,
            "valor_unitario": 508342,
            "descuento": 0.48,
            "IVA": 5
        },
        {
            "codigo": "YZkkDsXWrH",
            "total": 7,
            "valor_unitario": 326706,
            "descuento": 0.11,
            "IVA": 0
        }
    ]
}