{
    "empresa_nit": "987654321",
    "empresa_ciudad": "BARRANQUILLA",
    "empresa_sede": "aeropuerto",
    "empresa_nombre": "FrutiBarato",
    "fecha_hora": "2022-04-03 05:11:06",
    "factura_num": "01383",
    "ciente_numero": 727573836,
    "pago_tipo": "TAR.DEBITO",
    "productos": [
        {
            "codigo": "NuV3TMi4GI",
            "total": 13,
            "valor_unitario": 431054,
            "descuento": 0.42,
            "IVA": 5
        },
        {
            "codigo": "YrnEMk9eHb",
            "total": 13,
            "valor_unitario": 138642,
            "descuento": 0.26,
            "IVA": 5
        },
        {
            "codigo": "xau11XQDfu",
            "total": 3,
            "valor_unitario": 655985,
            "descuento": 0.36,
            "IVA": 19
        },
        {
            "codigo": "zpFAbGgit2",
            "total": 10,
            "valor_unitario": 684467,
            "descuento": 0.29,
            "IVA": 19
        },
        {
            "codigo": "qjevVcsBdQ",
            "total": 12,
            "valor_unitario": 204010,
            "descuento": 0.09,
            "IVA": 5
        },
        {
            "codigo": "S1Q2tEd1O4",
            "total": 18,
            "valor_unitario": 883153,
            "descuento": 0.37,
            "IVA": 19
        },
        {
            "codigo": "HC7rUmUhxw",
            "total": 15,
            "valor_unitario": 400096,
            "descuento": 0.2,
            "IVA": 5
        },
        {
            "codigo": "s81YbDmRX6",
            "total": 4,
            "valor_unitario": 184983,
            "descuento": 0.45,
            "IVA": 0
        },
        {
            "codigo": "hyDWA0MAjm",
            "total": 19,
            "valor_unitario": 270405,
            "descuento": 0.46,
            "IVA": 19
        },
        {
            "codigo": "O713dzTJpU",
            "total": 6,
            "valor_unitario": 378631,
            "descuento": 0.03,
            "IVA": 5
        },
        {
            "codigo": "JAIsD09QPK",
            "total": 2,
            "valor_unitario": 14605,
            "descuento": 0.43,
            "IVA": 5
        },
        {
            "codigo": "KdcNX8B1z7",
            "total": 11,
            "valor_unitario": 674996,
            "descuento": 0.42,
            "IVA": 19
        },
        {
            "codigo": "D0WeFq2JI6",
            "total": 13,
            "valor_unitario": 547354,
            "descuento": 0.06,
            "IVA": 19
        },
        {
            "codigo": "DNZ0uT2r3W",
            "total": 18,
            "valor_unitario": 827678,
            "descuento": 0.33,
            "IVA": 5
        },
        {
            "codigo": "fC1Lg9MoUa",
            "total": 5,
            "valor_unitario": 551580,
            "descuento": 0.49,
            "IVA": 5
        },
        {
            "codigo": "KFoqWoTrnn",
            "total": 13,
            "valor_unitario": 657068,
            "descuento": 0.19,
            "IVA": 19
        },
        {
            "codigo": "Q72HnLZxrB",
            "total": 15,
            "valor_unitario": 339005,
            "descuento": 0.44,
            "IVA": 19
        },
        {
            "codigo": "PEL0YW3hS7",
            "total": 2,
            "valor_unitario": 549116,
            "descuento": 0.06,
            "IVA": 5
        },
        {
            "codigo": "4iYHHdMGk8",
            "total": 12,
            "valor_unitario": 33947,
            "descuento": 0.23,
            "IVA": 0
        },
        {
            "codigo": "CY8KZnX9EH",
            "total": 18,
            "valor_unitario": 159484,
            "descuento": 0.44,
            "IVA": 0
        }
    ]
}