{
    "empresa_nit": "987654321",
    "empresa_ciudad": "BARRANQUILLA",
    "empresa_sede": "centro",
    "empresa_nombre": "FrutiBarato",
    "fecha_hora": "2022-10-29 06:48:27",
    "factura_num": "00104",
    "ciente_numero": 960533746,
    "pago_tipo": "TAR.DEBITO",
    "productos": [
        {
            "codigo": "QJDZrOL6J0",
            "total": 7,
            "valor_unitario": 222361,
            "descuento": 0.27,
            "IVA": 0
        },
        {
            "codigo": "ip368JKZz8",
            "total": 18,
            "valor_unitario": 37873,
            "descuento": 0.18,
            "IVA": 0
        }
    ]
}