{
    "empresa_nit": "987654321",
    "empresa_ciudad": "TUNJA",
    "empresa_sede": "autopista",
    "empresa_nombre": "FrutiBarato",
    "fecha_hora": "2024-09-18 02:39:59",
    "factura_num": "01206",
    "ciente_numero": 908320273,
    "pago_tipo": "EFECTIVO",
    "productos": [
        {
            "codigo": "GPN2vWOvOa",
            "total": 6,
            "valor_unitario": 248570,
            "descuento": 0.21,
            "IVA": 0
        },
        {
            "codigo": "uEl51pqQj7",
            "total": 16,
            "valor_unitario": 30857,
            "descuento": 0.07,
            "IVA": 0
        },
        {
            "codigo": "38jjZgq2M8",
            "total": 12,
            "valor_unitario": 270195,
            "descuento": 0.26,
            "IVA": 0
        },
        {
            "codigo": "dzGNDFlNK9",
            "total": 20,
            "valor_unitario": 775321,
            "descuento": 0.1,
            "IVA": 5
        },
        {
            "codigo": "mHfc86edFf",
            "total": 17,
            "valor_unitario": 671372,
            "descuento": 0.15,
            "IVA": 0
        },
        {
            "codigo": "i2PxUBfQBn",
            "total": 6,
            "valor_unitario": 595967,
            "descuento": 0.06,
            "IVA": 19
        },
        {
            "codigo": "NkNF8bKN65",
            "total": 2,
            "valor_unitario": 670678,
            "descuento": 0.23,
            "IVA": 5
        },
        {
            "codigo": "egnTCAHAco",
            "total": 12,
            "valor_unitario": 28690,
            "descuento": 0.01,
            "IVA": 5
        },
        {
            "codigo": "Vbln5y7rTu",
            "total": 6,
            "valor_unitario": 741516,
            "descuento": 0.39,
            "IVA": 19
        },
        {
            "codigo": "k7473jnI34",
            "total": 6,
            "valor_unitario": 859790,
            "descuento": 0.32,
            "IVA": 0
        },
        {
            "codigo": "OfEToOdv3L",
            "total": 5,
            "valor_unitario": 540153,
            "descuento": 0.44,
            "IVA": 19
        },
        {
            "codigo": "tZOjrB9yxP",
            "total": 17,
            "valor_unitario": 573726,
            "descuento": 0.16,
            "IVA": 19
        },
        {
            "codigo": "ynpXpsUPOf",
            "total": 18,
            "valor_unitario": 591712,
            "descuento": 0.04,
            "IVA": 0
        },
        {
            "codigo": "bHg5fEdHrz",
            "total": 19,
            "valor_unitario": 837251,
            "descuento": 0.09,
            "IVA": 0
        }
    ]
}