{
    "empresa_nit": "987654321",
    "empresa_ciudad": "MEDELLIN",
    "empresa_sede": "centro",
    "empresa_nombre": "FrutiBarato",
    "fecha_hora": "2023-10-03 22:26:38",
    "factura_num": "01024",
    "ciente_numero": 422952065,
    "pago_tipo": "TAR.DEBITO",
    "productos": [
        {
            "codigo": "UZGL2Gdr4u",
            "total": 19,
            "valor_unitario": 136297,
            "descuento": 0.48,
            "IVA": 5
        },
        {
            "codigo": "4DZ2dTpeac",
            "total": 12,
            "valor_unitario": 325564,
            "descuento": 0.01,
            "IVA": 0
        },
        {
            "codigo": "I7g5dV6JWR",
            "total": 12,
            "valor_unitario": 325497,
            "descuento": 0.15,
            "IVA": 5
        },
        {
            "codigo": "Zty8eny6lk",
            "total": 15,
            "valor_unitario": 170518,
            "descuento": 0.4,
            "IVA": 5
        },
        {
            "codigo": "5URBydoIGU",
            "total": 9,
            "valor_unitario": 518051,
            "descuento": 0.24,
            "IVA": 5
        },
        {
            "codigo": "WEFu7TPTgL",
            "total": 17,
            "valor_unitario": 356265,
            "descuento": 0.1,
            "IVA": 5
        },
        {
            "codigo": "Cm57UwIr9I",
            "total": 9,
            "valor_unitario": 131207,
            "descuento": 0.49,
            "IVA": 19
        },
        {
            "codigo": "lDMNWiKqbM",
            "total": 14,
            "valor_unitario": 220201,
            "descuento": 0.35,
            "IVA": 0
        },
        {
            "codigo": "zhT0Ks0zMw",
            "total": 9,
            "valor_unitario": 116877,
            "descuento": 0.31,
            "IVA": 5
        },
        {
            "codigo": "PbK6zgHZWy",
            "total": 9,
            "valor_unitario": 185588,
            "descuento": 0.02,
            "IVA": 0
        },
        {
            "codigo": "YgCXMCHyQI",
            "total": 6,
            "valor_unitario": 938533,
            "descuento": 0.27,
            "IVA": 19
        },
        {
            "codigo": "LhbKTSJoyZ",
            "total": 5,
            "valor_unitario": 713238,
            "descuento": 0.27,
            "IVA": 0
        }
    ]
}