{
    "empresa_nit": "987654321",
    "empresa_ciudad": "CALI",
    "empresa_sede": "alcaldia",
    "empresa_nombre": "FrutiBarato",
    "fecha_hora": "2021-11-13 20:20:54",
    "factura_num": "01027",
    "ciente_numero": 394142572,
    "pago_tipo": "EFECTIVO",
    "productos": [
        {
            "codigo": "mKqQ1iddO4",
            "total": 1,
            "valor_unitario": 289781,
            "descuento": 0.22,
            "IVA": 5
        },
        {
            "codigo": "u40bxW9kw8",
            "total": 9,
            "valor_unitario": 161378,
            "descuento": 0.3,
            "IVA": 19
        },
        {
            "codigo": "0Q41EPpkSf",
            "total": 1,
            "valor_unitario": 296815,
            "descuento": 0.3,
            "IVA": 19
        },
        {
            "codigo": "DEAzJsE0sJ",
            "total": 16,
            "valor_unitario": 593816,
            "descuento": 0.48,
            "IVA": 0
        },
        {
            "codigo": "MxosWh9MQa",
            "total": 20,
            "valor_unitario": 22854,
            "descuento": 0.04,
            "IVA": 5
        },
        {
            "codigo": "8UrPtOtPCF",
            "total": 19,
            "valor_unitario": 665070,
            "descuento": 0.26,
            "IVA": 19
        },
        {
            "codigo": "FDm9ScGMNE",
            "total": 3,
            "valor_unitario": 670510,
            "descuento": 0.44,
            "IVA": 19
        },
        {
            "codigo": "UDVVHDZU4w",
            "total": 12,
            "valor_unitario": 802010,
            "descuento": 0.24,
            "IVA": 5
        },
        {
            "codigo": "73zb04uVA9",
            "total": 10,
            "valor_unitario": 889102,
            "descuento": 0.36,
            "IVA": 5
        },
        {
            "codigo": "wtb2wYodp1",
            "total": 3,
            "valor_unitario": 415373,
            "descuento": 0.05,
            "IVA": 0
        }
    ]
}