{
    "empresa_nit": "987654321",
    "empresa_ciudad": "MEDELLIN",
    "empresa_sede": "plaza",
    "empresa_nombre": "FrutiBarato",
    "fecha_hora": "2021-06-19 13:36:28",
    "factura_num": "01103",
    "ciente_numero": 620069847,
    "pago_tipo": "TAR.DEBITO",
    "productos": [
        {
            "codigo": "eCBRO7D1l1",
            "total": 17,
            "valor_unitario": 729508,
            "descuento": 0.39,
            "IVA": 19
        },
        {
            "codigo": "vLsx49LP12",
            "total": 1,
            "valor_unitario": 208025,
            "descuento": 0.27,
            "IVA": 19
        },
        {
            "codigo": "k9e67iNqhu",
            "total": 8,
            "valor_unitario": 190324,
            "descuento": 0.48,
            "IVA": 19
        },
        {
            "codigo": "e7Y9Ehsv6C",
            "total": 19,
            "valor_unitario": 284311,
            "descuento": 0.05,
            "IVA": 5
        },
        {
            "codigo": "4wopXFRvP2",
            "total": 4,
            "valor_unitario": 352131,
            "descuento": 0.1,
            "IVA": 5
        },
        {
            "codigo": "OULknILF9g",
            "total": 20,
            "valor_unitario": 653563,
            "descuento": 0.23,
            "IVA": 5
        },
        {
            "codigo": "2f8XPYYC6Q",
            "total": 3,
            "valor_unitario": 959944,
            "descuento": 0.44,
            "IVA": 0
        },
        {
            "codigo": "G01zuGESlD",
            "total": 6,
            "valor_unitario": 506686,
            "descuento": 0.44,
            "IVA": 0
        },
        {
            "codigo": "AMX1B9Id0k",
            "total": 5,
            "valor_unitario": 530351,
            "descuento": 0.32,
            "IVA": 5
        },
        {
            "codigo": "PFLHVltV0g",
            "total": 16,
            "valor_unitario": 480763,
            "descuento": 0.14,
            "IVA": 19
        },
        {
            "codigo": "JPyqQLK9BZ",
            "total": 5,
            "valor_unitario": 515337,
            "descuento": 0.44,
            "IVA": 0
        },
        {
            "codigo": "kaiMpXSvQe",
            "total": 17,
            "valor_unitario": 800228,
            "descuento": 0.35,
            "IVA": 0
        },
        {
            "codigo": "WGMhyGq32X",
            "total": 5,
            "valor_unitario": 34880,
            "descuento": 0.21,
            "IVA": 5
        },
        {
            "codigo": "AjLG68v9GV",
            "total": 8,
            "valor_unitario": 470145,
            "descuento": 0.39,
            "IVA": 0
        },
        {
            "codigo": "uyWyG9PFuT",
            "total": 3,
            "valor_unitario": 714572,
            "descuento": 0.07,
            "IVA": 5
        },
        {
            "codigo": "Ne1YxuIXts",
            "total": 19,
            "valor_unitario": 329532,
            "descuento": 0.33,
            "IVA": 0
        },
        {
            "codigo": "8TDr71OS1M",
            "total": 13,
            "valor_unitario": 889358,
            "descuento": 0.26,
            "IVA": 19
        },
        {
            "codigo": "rJ2OLBfDQb",
            "total": 19,
            "valor_unitario": 617353,
            "descuento": 0.26,
            "IVA": 5
        }
    ]
}