{
    "empresa_nit": "987654321",
    "empresa_ciudad": "BARRANQUILLA",
    "empresa_sede": "plaza",
    "empresa_nombre": "FrutiBarato",
    "fecha_hora": "2021-09-29 21:18:27",
    "factura_num": "01198",
    "ciente_numero": 870511107,
    "pago_tipo": "EFECTIVO",
    "productos": [
        {
            "codigo": "tENQnzGtxs",
            "total": 19,
            "valor_unitario": 610088,
            "descuento": 0.38,
            "IVA": 19
        },
        {
            "codigo": "DCkJ5dLWvR",
            "total": 3,
            "valor_unitario": 416543,
            "descuento": 0.06,
            "IVA": 5
        },
        {
            "codigo": "1sHj10WC2u",
            "total": 16,
            "valor_unitario": 835697,
            "descuento": 0.48,
            "IVA": 5
        },
        {
            "codigo": "9T154m39mL",
            "total": 4,
            "valor_unitario": 132575,
            "descuento": 0.06,
            "IVA": 5
        },
        {
            "codigo": "pcFyLqrfL8",
            "total": 3,
            "valor_unitario": 126856,
            "descuento": 0.23,
            "IVA": 5
        },
        {
            "codigo": "w0GEkDlzDI",
            "total": 20,
            "valor_unitario": 62456,
            "descuento": 0.03,
            "IVA": 5
        },
        {
            "codigo": "Gkr77t3Gl6",
            "total": 1,
            "valor_unitario": 667652,
            "descuento": 0.16,
            "IVA": 0
        },
        {
            "codigo": "fG9gFszmoV",
            "total": 9,
            "valor_unitario": 358157,
            "descuento": 0.28,
            "IVA": 0
        },
        {
            "codigo": "dkQ7raqlx3",
            "total": 7,
            "valor_unitario": 141304,
            "descuento": 0.4,
            "IVA": 5
        },
        {
            "codigo": "YnRjJ2SCle",
            "total": 15,
            "valor_unitario": 928935,
            "descuento": 0.26,
            "IVA": 0
        }
    ]
}