{
    "empresa_nit": "987654321",
    "empresa_ciudad": "MEDELLIN",
    "empresa_sede": "centro",
    "empresa_nombre": "FrutiBarato",
    "fecha_hora": "2024-03-14 04:03:49",
    "factura_num": "00117",
    "ciente_numero": 666566734,
    "pago_tipo": "TRANFERENCIA",
    "productos": [
        {
            "codigo": "NeEh1szVhO",
            "total": 3,
            "valor_unitario": 117598,
            "descuento": 0.05,
            "IVA": 0
        },
        {
            "codigo": "7SdBrIZ4wp",
            "total": 7,
            "valor_unitario": 234616,
            "descuento": 0.47,
            "IVA": 0
        },
        {
            "codigo": "oClTonFsST",
            "total": 10,
            "valor_unitario": 207163,
            "descuento": 0.34,
            "IVA": 19
        },
        {
            "codigo": "OStbtPQkz0",
            "total": 11,
            "valor_unitario": 125488,
            "descuento": 0.36,
            "IVA": 0
        },
        {
            "codigo": "csiHanWZBR",
            "total": 5,
            "valor_unitario": 653299,
            "descuento": 0.47,
            "IVA": 5
        },
        {
            "codigo": "VSV6YntU5s",
            "total": 17,
            "valor_unitario": 724908,
            "descuento": 0.33,
            "IVA": 0
        },
        {
            "codigo": "izKFyUz3Be",
            "total": 19,
            "valor_unitario": 505515,
            "descuento": 0.03,
            "IVA": 0
        },
        {
            "codigo": "vKrOEMPDLy",
            "total": 20,
            "valor_unitario": 274371,
            "descuento": 0.24,
            "IVA": 0
        }
    ]
}