{
    "empresa_nit": "987654321",
    "empresa_ciudad": "BARRANQUILLA",
    "empresa_sede": "centro",
    "empresa_nombre": "FrutiBarato",
    "fecha_hora": "2025-02-12 06:42:25",
    "factura_num": "01436",
    "ciente_numero": 383569567,
    "pago_tipo": "EFECTIVO",
    "productos": [
        {
            "codigo": "oSsTvYlJcH",
            "total": 17,
            "valor_unitario": 542343,
            "descuento": 0.23,
            "IVA": 0
        },
        {
            "codigo": "VGwYkdkpnf",
            "total": 18,
            "valor_unitario": 744592,
            "descuento": 0.42,
            "IVA": 19
        },
        {
            "codigo": "XnpczzgcDG",
            "total": 13,
            "valor_unitario": 556781,
            "descuento": 0.05,
            "IVA": 0
        },
        {
            "codigo": "sia0DTDiLV",
            "total": 7,
            "valor_unitario": 583419,
            "descuento": 0.0,
            "IVA": 19
        },
        {
            "codigo": "LxVspAfhpz",
            "total": 6,
            "valor_unitario": 791682,
            "descuento": 0.39,
            "IVA": 19
        }
    ]
}