{
    "empresa_nit": "987654321",
    "empresa_ciudad": "CALI",
    "empresa_sede": "plaza",
    "empresa_nombre": "FrutiBarato",
    "fecha_hora": "2023-04-01 22:06:31",
    "factura_num": "01037",
    "ciente_numero": 493792978,
    "pago_tipo": "TRANFERENCIA",
    "productos": [
        {
            "codigo": "gdrxogAbgy",
            "total": 6,
            "valor_unitario": 130682,
            "descuento": 0.28,
            "IVA": 5
        },
        {
            "codigo": "m2xypAukLV",
            "total": 14,
            "valor_unitario": 4812,
            "descuento": 0.43,
            "IVA": 5
        },
        {
            "codigo": "oXrR6utjI7",
            "total": 14,
            "valor_unitario": 594436,
            "descuento": 0.49,
            "IVA": 5
        },
        {
            "codigo": "cgbQ6pBjSy",
            "total": 18,
            "valor_unitario": 840455,
            "descuento": 0.28,
            "IVA": 5
        }
    ]
}