{
    "empresa_nit": "987654321",
    "empresa_ciudad": "TUNJA",
    "empresa_sede": "plaza",
    "empresa_nombre": "FrutiBarato",
    "fecha_hora": "2023-02-04 00:40:10",
    "factura_num": "01167",
    "ciente_numero": 99262765,
    "pago_tipo": "EFECTIVO",
    "productos": [
        {
            "codigo": "JUOBkLfWdm",
            "total": 18,
            "valor_unitario": 483141,
            "descuento": 0.05,
            "IVA": 5
        },
        {
            "codigo": "tCEHBysHE7",
            "total": 16,
            "valor_unitario": 878405,
            "descuento": 0.25,
            "IVA": 5
        },
        {
            "codigo": "J2n4CllRn5",
            "total": 18,
            "valor_unitario": 796247,
            "descuento": 0.07,
            "IVA": 0
        },
        {
            "codigo": "6TiCDBFiGK",
            "total": 1,
            "valor_unitario": 8219,
            "descuento": 0.25,
            "IVA": 19
        },
        {
            "codigo": "y8N21egBEx",
            "total": 20,
            "valor_unitario": 865254,
            "descuento": 0.43,
            "IVA": 0
        },
        {
            "codigo": "8YnZ8yJorW",
            "total": 14,
            "valor_unitario": 185898,
            "descuento": 0.04,
            "IVA": 19
        },
        {
            "codigo": "vKfKhHcNQi",
            "total": 1,
            "valor_unitario": 305936,
            "descuento": 0.44,
            "IVA": 5
        },
        {
            "codigo": "jrr4c1DnSF",
            "total": 2,
            "valor_unitario": 283185,
            "descuento": 0.37,
            "IVA": 0
        },
        {
            "codigo": "eYF8pzjAae",
            "total": 3,
            "valor_unitario": 524242,
            "descuento": 0.07,
            "IVA": 19
        },
        {
            "codigo": "RLaBo8IL7d",
            "total": 8,
            "valor_unitario": 230391,
            "descuento": 0.03,
            "IVA": 5
        },
        {
            "codigo": "VXcAELTRzY",
            "total": 7,
            "valor_unitario": 645833,
            "descuento": 0.24,
            "IVA": 19
        },
        {
            "codigo": "K4btvU0tRQ",
            "total": 12,
            "valor_unitario": 539377,
            "descuento": 0.11,
            "IVA": 0
        },
        {
            "codigo": "hlPoRgaiL4",
            "total": 4,
            "valor_unitario": 560797,
            "descuento": 0.07,
            "IVA": 19
        },
        {
            "codigo": "0R2c4ZkLW6",
            "total": 4,
            "valor_unitario": 560167,
            "descuento": 0.07,
            "IVA": 5
        },
        {
            "codigo": "eIaIHyiRim",
            "total": 7,
            "valor_unitario": 551999,
            "descuento": 0.22,
            "IVA": 19
        },
        {
            "codigo": "sIEVdjpNF9",
            "total": 10,
            "valor_unitario": 156360,
            "descuento": 0.22,
            "IVA": 19
        }
    ]
}