{
    "empresa_nit": "987654321",
    "empresa_ciudad": "BOGOTA",
    "empresa_sede": "centro",
    "empresa_nombre": "FrutiBarato",
    "fecha_hora": "2023-08-30 09:06:44",
    "factura_num": "01012",
    "ciente_numero": 250115824,
    "pago_tipo": "EFECTIVO",
    "productos": [
        {
            "codigo": "ZoO58QPAJp",
            "total": 10,
            "valor_unitario": 692092,
            "descuento": 0.28,
            "IVA": 5
        },
        {
            "codigo": "8lVJzNxvQz",
            "total": 4,
            "valor_unitario": 964094,
            "descuento": 0.33,
            "IVA": 0
        },
        {
            "codigo": "IJmfeelZLy",
            "total": 7,
            "valor_unitario": 421901,
            "descuento": 0.27,
            "IVA": 5
        },
        {
            "codigo": "BWQaxwzXtW",
            "total": 20,
            "valor_unitario": 554555,
            "descuento": 0.18,
            "IVA": 5
        },
        {
            "codigo": "npOKOWAXpk",
            "total": 11,
            "valor_unitario": 91492,
            "descuento": 0.41,
            "IVA": 19
        },
        {
            "codigo": "OqE5b1cuwX",
            "total": 15,
            "valor_unitario": 788059,
            "descuento": 0.3,
            "IVA": 0
        },
        {
            "codigo": "HIXaPaFfAK",
            "total": 8,
            "valor_unitario": 784023,
            "descuento": 0.42,
            "IVA": 19
        },
        {
            "codigo": "Vk5JsDDdTq",
            "total": 1,
            "valor_unitario": 852522,
            "descuento": 0.25,
            "IVA": 5
        }
    ]
}