{
    "empresa_nit": "987654321",
    "empresa_ciudad": "MEDELLIN",
    "empresa_sede": "terminal",
    "empresa_nombre": "FrutiBarato",
    "fecha_hora": "2023-01-23 02:46:31",
    "factura_num": "01407",
    "ciente_numero": 28309307,
    "pago_tipo": "EFECTIVO",
    "productos": [
        {
            "codigo": "uCi4BWDlJs",
            "total": 7,
            "valor_unitario": 174539,
            "descuento": 0.08,
            "IVA": 5
        },
        {
            "codigo": "QeWHTCwjtf",
            "total": 12,
            "valor_unitario": 689165,
            "descuento": 0.41,
            "IVA": 5
        },
        {
            "codigo": "xbl6MYwhGW",
            "total": 16,
            "valor_unitario": 637066,
            "descuento": 0.11,
            "IVA": 5
        },
        {
            "codigo": "N01EXHZLlY",
            "total": 2,
            "valor_unitario": 795732,
            "descuento": 0.5,
            "IVA": 0
        }
    ]
}