{
    "empresa_nit": "987654321",
    "empresa_ciudad": "MEDELLIN",
    "empresa_sede": "centro",
    "empresa_nombre": "FrutiBarato",
    "fecha_hora": "2020-07-13 14:43:05",
    "factura_num": "01275",
    "ciente_numero": 291943128,
    "pago_tipo": "TRANFERENCIA",
    "productos": [
        {
            "codigo": "7SaXVEza4w",
            "total": 19,
            "valor_unitario": 679915,
            "descuento": 0.31,
            "IVA": 19
        },
        {
            "codigo": "On2H1l7jwa",
            "total": 9,
            "valor_unitario": 383004,
            "descuento": 0.41,
            "IVA": 5
        },
        {
            "codigo": "fMs4PhU6Jp",
            "total": 16,
            "valor_unitario": 446773,
            "descuento": 0.46,
            "IVA": 0
        }
    ]
}