{
    "empresa_nit": "987654321",
    "empresa_ciudad": "BARRANQUILLA",
    "empresa_sede": "alcaldia",
    "empresa_nombre": "FrutiBarato",
    "fecha_hora": "2023-02-28 14:34:18",
    "factura_num": "01292",
    "ciente_numero": 297190135,
    "pago_tipo": "TAR.CREDITO",
    "productos": [
        {
            "codigo": "Zi4gs8UYeJ",
            "total": 2,
            "valor_unitario": 904609,
            "descuento": 0.31,
            "IVA": 5
        },
        {
            "codigo": "yTKLCTIn4a",
            "total": 15,
            "valor_unitario": 719350,
            "descuento": 0.4,
            "IVA": 0
        },
        {
            "codigo": "8V2Z8Oi9JW",
            "total": 15,
            "valor_unitario": 783498,
            "descuento": 0.38,
            "IVA": 19
        },
        {
            "codigo": "bVxWcYX6mF",
            "total": 4,
            "valor_unitario": 61075,
            "descuento": 0.4,
            "IVA": 5
        },
        {
            "codigo": "l36oWwVWzP",
            "total": 13,
            "valor_unitario": 313187,
            "descuento": 0.14,
            "IVA": 19
        },
        {
            "codigo": "eUEAeAUMEo",
            "total": 5,
            "valor_unitario": 91960,
            "descuento": 0.39,
            "IVA": 5
        },
        {
            "codigo": "YNoEb5040H",
            "total": 13,
            "valor_unitario": 454986,
            "descuento": 0.36,
            "IVA": 5
        },
        {
            "codigo": "IWK8SRGnwS",
            "total": 18,
            "valor_unitario": 990330,
            "descuento": 0.2,
            "IVA": 19
        },
        {
            "codigo": "m2TwYYwt80",
            "total": 4,
            "valor_unitario": 104133,
            "descuento": 0.43,
            "IVA": 5
        },
        {
            "codigo": "zC1FgLl1OK",
            "total": 6,
            "valor_unitario": 922315,
            "descuento": 0.26,
            "IVA": 19
        },
        {
            "codigo": "qnMF4BhAp9",
            "total": 15,
            "valor_unitario": 792798,
            "descuento": 0.23,
            "IVA": 19
        },
        {
            "codigo": "ZDPhtrXcX0",
            "total": 7,
            "valor_unitario": 863636,
            "descuento": 0.02,
            "IVA": 0
        },
        {
            "codigo": "VECJ549t5p",
            "total": 8,
            "valor_unitario": 823792,
            "descuento": 0.34,
            "IVA": 19
        }
    ]
}