{
    "empresa_nit": "987654321",
    "empresa_ciudad": "CALI",
    "empresa_sede": "centro",
    "empresa_nombre": "FrutiBarato",
    "fecha_hora": "2022-09-18 22:32:00",
    "factura_num": "01069",
    "ciente_numero": 140018515,
    "pago_tipo": "TAR.DEBITO",
    "productos": [
        {
            "codigo": "ELXyUlDN8G",
            "total": 20,
            "valor_unitario": 549616,
            "descuento": 0.02,
            "IVA": 19
        },
        {
            "codigo": "6DFURAxjRb",
            "total": 7,
            "valor_unitario": 792334,
            "descuento": 0.4,
            "IVA": 0
        },
        {
            "codigo": "wawliQK4jm",
            "total": 20,
            "valor_unitario": 344068,
            "descuento": 0.4,
            "IVA": 5
        },
        {
            "codigo": "YgcoUjOctA",
            "total": 20,
            "valor_unitario": 437681,
            "descuento": 0.14,
            "IVA": 19
        },
        {
            "codigo": "j7ZxbK3rnR",
            "total": 11,
            "valor_unitario": 174752,
            "descuento": 0.0,
            "IVA": 19
        },
        {
            "codigo": "8vSZPgCyRp",
            "total": 13,
            "valor_unitario": 283214,
            "descuento": 0.26,
            "IVA": 19
        },
        {
            "codigo": "f7VklMajxU",
            "total": 20,
            "valor_unitario": 886467,
            "descuento": 0.22,
            "IVA": 0
        },
        {
            "codigo": "2QiUYDnwVR",
            "total": 3,
            "valor_unitario": 597110,
            "descuento": 0.14,
            "IVA": 0
        },
        {
            "codigo": "I3oBY4TKjZ",
            "total": 4,
            "valor_unitario": 166411,
            "descuento": 0.36,
            "IVA": 19
        },
        {
            "codigo": "e0ceJ7tpEb",
            "total": 5,
            "valor_unitario": 940639,
            "descuento": 0.01,
            "IVA": 5
        }
    ]
}