{
    "empresa_nit": "987654321",
    "empresa_ciudad": "MEDELLIN",
    "empresa_sede": "terminal",
    "empresa_nombre": "FrutiBarato",
    "fecha_hora": "2022-06-19 12:29:32",
    "factura_num": "01090",
    "ciente_numero": 802308912,
    "pago_tipo": "EFECTIVO",
    "productos": [
        {
            "codigo": "AEDMNbmqz3",
            "total": 5,
            "valor_unitario": 846867,
            "descuento": 0.45,
            "IVA": 19
        },
        {
            "codigo": "uzHpstbUA6",
            "total": 3,
            "valor_unitario": 655909,
            "descuento": 0.09,
            "IVA": 19
        },
        {
            "codigo": "wV8JSGeQKI",
            "total": 4,
            "valor_unitario": 269105,
            "descuento": 0.34,
            "IVA": 0
        },
        {
            "codigo": "gieuQF1DDq",
            "total": 17,
            "valor_unitario": 197779,
            "descuento": 0.35,
            "IVA": 19
        },
        {
            "codigo": "6dXyyq7vaH",
            "total": 3,
            "valor_unitario": 101737,
            "descuento": 0.24,
            "IVA": 0
        },
        {
            "codigo": "QRdw7YoToG",
            "total": 3,
            "valor_unitario": 50638,
            "descuento": 0.14,
            "IVA": 5
        },
        {
            "codigo": "1xq1hx6XSB",
            "total": 15,
            "valor_unitario": 800559,
            "descuento": 0.5,
            "IVA": 19
        },
        {
            "codigo": "EMB3sQp2k2",
            "total": 16,
            "valor_unitario": 261456,
            "descuento": 0.23,
            "IVA": 5
        },
        {
            "codigo": "jOjvCTGA8h",
            "total": 17,
            "valor_unitario": 831205,
            "descuento": 0.25,
            "IVA": 5
        },
        {
            "codigo": "Id6oRR4gyr",
            "total": 20,
            "valor_unitario": 572622,
            "descuento": 0.32,
            "IVA": 19
        },
        {
            "codigo": "FMqoKfvlGH",
            "total": 1,
            "valor_unitario": 98756,
            "descuento": 0.12,
            "IVA": 5
        }
    ]
}