{
    "empresa_nit": "987654321",
    "empresa_ciudad": "BOGOTA",
    "empresa_sede": "centro",
    "empresa_nombre": "FrutiBarato",
    "fecha_hora": "2022-11-09 21:42:56",
    "factura_num": "01148",
    "ciente_numero": 779461822,
    "pago_tipo": "TAR.CREDITO",
    "productos": [
        {
            "codigo": "CfD6O3G6AC",
            "total": 10,
            "valor_unitario": 499235,
            "descuento": 0.15,
            "IVA": 0
        },
        {
            "codigo": "IcOsBBUhFf",
            "total": 9,
            "valor_unitario": 807481,
            "descuento": 0.48,
            "IVA": 0
        }
    ]
}