{
    "empresa_nit": "987654321",
    "empresa_ciudad": "TUNJA",
    "empresa_sede": "terminal",
    "empresa_nombre": "FrutiBarato",
    "fecha_hora": "2024-09-01 07:31:07",
    "factura_num": "01117",
    "ciente_numero": 27002470,
    "pago_tipo": "EFECTIVO",
    "productos": [
        {
            "codigo": "FQkWIbsJNc",
            "total": 14,
            "valor_unitario": 977884,
            "descuento": 0.34,
            "IVA": 5
        },
        {
            "codigo": "KzwIgC1gY7",
            "total": 4,
            "valor_unitario": 780480,
            "descuento": 0.15,
            "IVA": 0
        },
        {
            "codigo": "IvTnw0Et2p",
            "total": 18,
            "valor_unitario": 678486,
            "descuento": 0.36,
            "IVA": 19
        },
        {
            "codigo": "okj1jreDdA",
            "total": 19,
            "valor_unitario": 194111,
            "descuento": 0.29,
            "IVA": 0
        },
        {
            "codigo": "Lxv1bBUFGq",
            "total": 11,
            "valor_unitario": 718017,
            "descuento": 0.43,
            "IVA": 0
        },
        {
            "codigo": "uamZHMqKjo",
            "total": 14,
            "valor_unitario": 719479,
            "descuento": 0.14,
            "IVA": 19
        },
        {
            "codigo": "sGgVVfSmEA",
            "total": 3,
            "valor_unitario": 51248,
            "descuento": 0.38,
            "IVA": 0
        },
        {
            "codigo": "6wsZjBXeDh",
            "total": 20,
            "valor_unitario": 414070,
            "descuento": 0.49,
            "IVA": 19
        },
        {
            "codigo": "6CcuBdyo7w",
            "total": 14,
            "valor_unitario": 476770,
            "descuento": 0.38,
            "IVA": 19
        },
        {
            "codigo": "gwABBKFy4K",
            "total": 9,
            "valor_unitario": 517037,
            "descuento": 0.44,
            "IVA": 19
        },
        {
            "codigo": "qgK9zdj5u8",
            "total": 7,
            "valor_unitario": 152971,
            "descuento": 0.05,
            "IVA": 0
        },
        {
            "codigo": "VmiLxbPlC0",
            "total": 13,
            "valor_unitario": 178907,
            "descuento": 0.36,
            "IVA": 19
        },
        {
            "codigo": "yVf8nCArwz",
            "total": 17,
            "valor_unitario": 817463,
            "descuento": 0.18,
            "IVA": 19
        }
    ]
}