{
    "empresa_nit": "987654321",
    "empresa_ciudad": "TUNJA",
    "empresa_sede": "alcaldia",
    "empresa_nombre": "FrutiBarato",
    "fecha_hora": "2020-04-21 19:28:11",
    "factura_num": "01405",
    "ciente_numero": 650616100,
    "pago_tipo": "TAR.DEBITO",
    "productos": [
        {
            "codigo": "vnTvPwGhlF",
            "total": 19,
            "valor_unitario": 796558,
            "descuento": 0.07,
            "IVA": 5
        },
        {
            "codigo": "cEXYDN09PV",
            "total": 9,
            "valor_unitario": 474202,
            "descuento": 0.38,
            "IVA": 19
        },
        {
            "codigo": "Olzzf2qdAI",
            "total": 16,
            "valor_unitario": 74502,
            "descuento": 0.46,
            "IVA": 19
        },
        {
            "codigo": "FBqtDj4c2a",
            "total": 18,
            "valor_unitario": 835244,
            "descuento": 0.1,
            "IVA": 5
        },
        {
            "codigo": "nRZVBZH3Xp",
            "total": 13,
            "valor_unitario": 525347,
            "descuento": 0.04,
            "IVA": 5
        },
        {
            "codigo": "2FcMOFK8zn",
            "total": 4,
            "valor_unitario": 287707,
            "descuento": 0.48,
            "IVA": 5
        },
        {
            "codigo": "ARLAmpHPHz",
            "total": 4,
            "valor_unitario": 848618,
            "descuento": 0.04,
            "IVA": 19
        },
        {
            "codigo": "hwn8da7e9k",
            "total": 10,
            "valor_unitario": 196806,
            "descuento": 0.42,
            "IVA": 0
        },
        {
            "codigo": "8ITYEZWW9X",
            "total": 6,
            "valor_unitario": 194914,
            "descuento": 0.08,
            "IVA": 0
        },
        {
            "codigo": "2sOFvqolqP",
            "total": 17,
            "valor_unitario": 651198,
            "descuento": 0.01,
            "IVA": 19
        },
        {
            "codigo": "8Aj9xu2wuq",
            "total": 11,
            "valor_unitario": 694790,
            "descuento": 0.4,
            "IVA": 19
        },
        {
            "codigo": "6kiBNtW1z9",
            "total": 7,
            "valor_unitario": 817847,
            "descuento": 0.11,
            "IVA": 5
        },
        {
            "codigo": "XxnGugNlXz",
            "total": 15,
            "valor_unitario": 686467,
            "descuento": 0.3,
            "IVA": 19
        },
        {
            "codigo": "tev72KEBR8",
            "total": 19,
            "valor_unitario": 982182,
            "descuento": 0.29,
            "IVA": 5
        },
        {
            "codigo": "B1UpGbeJTY",
            "total": 4,
            "valor_unitario": 456655,
            "descuento": 0.22,
            "IVA": 19
        }
    ]
}