{
    "empresa_nit": "987654321",
    "empresa_ciudad": "BARRANQUILLA",
    "empresa_sede": "plaza",
    "empresa_nombre": "FrutiBarato",
    "fecha_hora": "2020-10-03 08:01:46",
    "factura_num": "01354",
    "ciente_numero": 790941920,
    "pago_tipo": "TAR.CREDITO",
    "productos": [
        {
            "codigo": "Zk8MGAxAz6",
            "total": 5,
            "valor_unitario": 337081,
            "descuento": 0.06,
            "IVA": 19
        },
        {
            "codigo": "SgDSGNFOf9",
            "total": 4,
            "valor_unitario": 859669,
            "descuento": 0.46,
            "IVA": 5
        },
        {
            "codigo": "F9VVZtI3Bx",
            "total": 8,
            "valor_unitario": 225836,
            "descuento": 0.36,
            "IVA": 19
        },
        {
            "codigo": "yVOHxfNDXD",
            "total": 10,
            "valor_unitario": 579385,
            "descuento": 0.45,
            "IVA": 0
        },
        {
            "codigo": "vqtEP9pDdM",
            "total": 20,
            "valor_unitario": 201207,
            "descuento": 0.28,
            "IVA": 5
        },
        {
            "codigo": "u3NWyjwQpM",
            "total": 6,
            "valor_unitario": 661623,
            "descuento": 0.34,
            "IVA": 19
        },
        {
            "codigo": "7CQA1NsI3a",
            "total": 3,
            "valor_unitario": 831824,
            "descuento": 0.33,
            "IVA": 5
        },
        {
            "codigo": "ViAimr4zST",
            "total": 19,
            "valor_unitario": 127535,
            "descuento": 0.17,
            "IVA": 0
        },
        {
            "codigo": "clJ2jUnsBz",
            "total": 15,
            "valor_unitario": 853960,
            "descuento": 0.04,
            "IVA": 19
        },
        {
            "codigo": "wlakPowyTB",
            "total": 6,
            "valor_unitario": 393493,
            "descuento": 0.07,
            "IVA": 19
        },
        {
            "codigo": "TvazmkOj1C",
            "total": 12,
            "valor_unitario": 637789,
            "descuento": 0.08,
            "IVA": 19
        },
        {
            "codigo": "eGmuahh9qj",
            "total": 19,
            "valor_unitario": 462467,
            "descuento": 0.04,
            "IVA": 19
        },
        {
            "codigo": "nj3a6VMw8l",
            "total": 17,
            "valor_unitario": 63721,
            "descuento": 0.22,
            "IVA": 5
        },
        {
            "codigo": "G8Ar9SFrgl",
            "total": 16,
            "valor_unitario": 39809,
            "descuento": 0.48,
            "IVA": 5
        },
        {
            "codigo": "YDZku1W6kU",
            "total": 19,
            "valor_unitario": 665177,
            "descuento": 0.47,
            "IVA": 5
        },
        {
            "codigo": "bO9JpOJK0M",
            "total": 19,
            "valor_unitario": 407611,
            "descuento": 0.01,
            "IVA": 0
        },
        {
            "codigo": "wbUtUea0b4",
            "total": 7,
            "valor_unitario": 639959,
            "descuento": 0.41,
            "IVA": 19
        }
    ]
}