{
    "empresa_nit": "987654321",
    "empresa_ciudad": "BARRANQUILLA",
    "empresa_sede": "plaza",
    "empresa_nombre": "FrutiBarato",
    "fecha_hora": "2022-11-13 19:06:15",
    "factura_num": "01440",
    "ciente_numero": 883507962,
    "pago_tipo": "TAR.DEBITO",
    "productos": [
        {
            "codigo": "3YcojOGqTW",
            "total": 6,
            "valor_unitario": 256926,
            "descuento": 0.19,
            "IVA": 19
        },
        {
            "codigo": "VS86oQZzwm",
            "total": 11,
            "valor_unitario": 304216,
            "descuento": 0.05,
            "IVA": 19
        },
        {
            "codigo": "wC5FPFPiYw",
            "total": 7,
            "valor_unitario": 23612,
            "descuento": 0.13,
            "IVA": 19
        },
        {
            "codigo": "gm4bOUvlOv",
            "total": 8,
            "valor_unitario": 61427,
            "descuento": 0.46,
            "IVA": 0
        }
    ]
}