{
    "empresa_nit": "987654321",
    "empresa_ciudad": "BOGOTA",
    "empresa_sede": "alcaldia",
    "empresa_nombre": "FrutiBarato",
    "fecha_hora": "2020-04-17 04:36:48",
    "factura_num": "01373",
    "ciente_numero": 154156038,
    "pago_tipo": "TRANFERENCIA",
    "productos": [
        {
            "codigo": "JHItIZF1f2",
            "total": 12,
            "valor_unitario": 264565,
            "descuento": 0.37,
            "IVA": 19
        },
        {
            "codigo": "v1pqKeDQNK",
            "total": 16,
            "valor_unitario": 247569,
            "descuento": 0.45,
            "IVA": 5
        }
    ]
}