{
    "empresa_nit": "987654321",
    "empresa_ciudad": "TUNJA",
    "empresa_sede": "centro",
    "empresa_nombre": "FrutiBarato",
    "fecha_hora": "2020-02-01 04:32:22",
    "factura_num": "01010",
    "ciente_numero": 940976110,
    "pago_tipo": "TAR.CREDITO",
    "productos": [
        {
            "codigo": "GXbc5UqwcJ",
            "total": 17,
            "valor_unitario": 696123,
            "descuento": 0.45,
            "IVA": 5
        },
        {
            "codigo": "4ZeqqkOu38",
            "total": 11,
            "valor_unitario": 861653,
            "descuento": 0.06,
            "IVA": 19
        }
    ]
}