{
    "empresa_nit": "987654321",
    "empresa_ciudad": "BARRANQUILLA",
    "empresa_sede": "aeropuerto",
    "empresa_nombre": "FrutiBarato",
    "fecha_hora": "2022-10-02 00:25:04",
    "factura_num": "01362",
    "ciente_numero": 668247838,
    "pago_tipo": "TAR.CREDITO",
    "productos": [
        {
            "codigo": "IcZ6a2GWDB",
            "total": 16,
            "valor_unitario": 684867,
            "descuento": 0.25,
            "IVA": 0
        },
        {
            "codigo": "Z7t61fIeXM",
            "total": 11,
            "valor_unitario": 523849,
            "descuento": 0.22,
            "IVA": 19
        },
        {
            "codigo": "6tPqzs7x5j",
            "total": 20,
            "valor_unitario": 369266,
            "descuento": 0.33,
            "IVA": 5
        },
        {
            "codigo": "KXtSS5x2O3",
            "total": 5,
            "valor_unitario": 921775,
            "descuento": 0.35,
            "IVA": 0
        },
        {
            "codigo": "ujoj31Lrhb",
            "total": 12,
            "valor_unitario": 509911,
            "descuento": 0.28,
            "IVA": 5
        },
        {
            "codigo": "34tT8l4L6h",
            "total": 7,
            "valor_unitario": 408891,
            "descuento": 0.39,
            "IVA": 5
        },
        {
            "codigo": "zGMTUEPUsD",
            "total": 13,
            "valor_unitario": 135849,
            "descuento": 0.42,
            "IVA": 19
        },
        {
            "codigo": "0thzAprfyP",
            "total": 18,
            "valor_unitario": 141092,
            "descuento": 0.42,
            "IVA": 5
        },
        {
            "codigo": "s7HmQnmElL",
            "total": 16,
            "valor_unitario": 205627,
            "descuento": 0.26,
            "IVA": 5
        },
        {
            "codigo": "IC1gSbU4Qr",
            "total": 16,
            "valor_unitario": 720871,
            "descuento": 0.35,
            "IVA": 5
        },
        {
            "codigo": "5zzgDEVvQi",
            "total": 5,
            "valor_unitario": 876685,
            "descuento": 0.29,
            "IVA": 0
        },
        {
            "codigo": "uQR9t9oDpk",
            "total": 11,
            "valor_unitario": 839021,
            "descuento": 0.17,
            "IVA": 19
        },
        {
            "codigo": "u2E65gMFza",
            "total": 19,
            "valor_unitario": 954685,
            "descuento": 0.19,
            "IVA": 5
        },
        {
            "codigo": "QmC3dQBLW6",
            "total": 7,
            "valor_unitario": 320098,
            "descuento": 0.42,
            "IVA": 5
        }
    ]
}