{
    "empresa_nit": "987654321",
    "empresa_ciudad": "BARRANQUILLA",
    "empresa_sede": "terminal",
    "empresa_nombre": "FrutiBarato",
    "fecha_hora": "2024-07-08 00:20:38",
    "factura_num": "01077",
    "ciente_numero": 416875701,
    "pago_tipo": "TAR.CREDITO",
    "productos": [
        {
            "codigo": "XtkbYavqzU",
            "total": 7,
            "valor_unitario": 101830,
            "descuento": 0.41,
            "IVA": 0
        },
        {
            "codigo": "r24xdEGBLO",
            "total": 11,
            "valor_unitario": 396271,
            "descuento": 0.24,
            "IVA": 19
        },
        {
            "codigo": "hHkld7EvYR",
            "total": 15,
            "valor_unitario": 561718,
            "descuento": 0.49,
            "IVA": 19
        },
        {
            "codigo": "98ydolrGgA",
            "total": 20,
            "valor_unitario": 451020,
            "descuento": 0.3,
            "IVA": 5
        },
        {
            "codigo": "jILBrViSqW",
            "total": 9,
            "valor_unitario": 156889,
            "descuento": 0.34,
            "IVA": 19
        },
        {
            "codigo": "eJ3DYVRN2J",
            "total": 15,
            "valor_unitario": 141995,
            "descuento": 0.43,
            "IVA": 0
        },
        {
            "codigo": "iECCXGmwmm",
            "total": 20,
            "valor_unitario": 759096,
            "descuento": 0.14,
            "IVA": 19
        },
        {
            "codigo": "IYyKM8GeoN",
            "total": 13,
            "valor_unitario": 943027,
            "descuento": 0.42,
            "IVA": 19
        },
        {
            "codigo": "AlX0iLMBB5",
            "total": 3,
            "valor_unitario": 605267,
            "descuento": 0.41,
            "IVA": 5
        },
        {
            "codigo": "yhn7ZrELFv",
            "total": 9,
            "valor_unitario": 763589,
            "descuento": 0.19,
            "IVA": 5
        },
        {
            "codigo": "ucbFNHSBsk",
            "total": 17,
            "valor_unitario": 793990,
            "descuento": 0.21,
            "IVA": 0
        },
        {
            "codigo": "DVw8O7yaMA",
            "total": 18,
            "valor_unitario": 699393,
            "descuento": 0.47,
            "IVA": 0
        },
        {
            "codigo": "VcXdTD4GFW",
            "total": 14,
            "valor_unitario": 554679,
            "descuento": 0.22,
            "IVA": 0
        },
        {
            "codigo": "yCTntqKByB",
            "total": 13,
            "valor_unitario": 675597,
            "descuento": 0.23,
            "IVA": 0
        },
        {
            "codigo": "YIE7YmUE7W",
            "total": 19,
            "valor_unitario": 865279,
            "descuento": 0.2,
            "IVA": 5
        },
        {
            "codigo": "Fw1N0QcV8G",
            "total": 7,
            "valor_unitario": 272308,
            "descuento": 0.25,
            "IVA": 0
        },
        {
            "codigo": "ymUarRKG1Q",
            "total": 11,
            "valor_unitario": 595796,
            "descuento": 0.11,
            "IVA": 0
        }
    ]
}