{
    "empresa_nit": "987654321",
    "empresa_ciudad": "MEDELLIN",
    "empresa_sede": "alcaldia",
    "empresa_nombre": "FrutiBarato",
    "fecha_hora": "2024-03-16 21:02:53",
    "factura_num": "01209",
    "ciente_numero": 779669833,
    "pago_tipo": "TRANFERENCIA",
    "productos": [
        {
            "codigo": "YcbeFYJtkY",
            "total": 14,
            "valor_unitario": 116881,
            "descuento": 0.11,
            "IVA": 0
        },
        {
            "codigo": "Ca66ZnSu1J",
            "total": 1,
            "valor_unitario": 454435,
            "descuento": 0.08,
            "IVA": 19
        },
        {
            "codigo": "wVuVwHwYmD",
            "total": 20,
            "valor_unitario": 868589,
            "descuento": 0.13,
            "IVA": 0
        },
        {
            "codigo": "hrYccXSBKC",
            "total": 18,
            "valor_unitario": 775947,
            "descuento": 0.09,
            "IVA": 5
        },
        {
            "codigo": "aADSEvPS72",
            "total": 7,
            "valor_unitario": 432615,
            "descuento": 0.04,
            "IVA": 19
        },
        {
            "codigo": "Sbu8Px80xP",
            "total": 18,
            "valor_unitario": 897071,
            "descuento": 0.48,
            "IVA": 0
        },
        {
            "codigo": "ApOsiN63FY",
            "total": 2,
            "valor_unitario": 567433,
            "descuento": 0.12,
            "IVA": 5
        },
        {
            "codigo": "8dhNr4snNd",
            "total": 8,
            "valor_unitario": 42468,
            "descuento": 0.24,
            "IVA": 0
        },
        {
            "codigo": "ygYOq3moNl",
            "total": 10,
            "valor_unitario": 26345,
            "descuento": 0.29,
            "IVA": 5
        },
        {
            "codigo": "FeEabyMC6M",
            "total": 7,
            "valor_unitario": 626361,
            "descuento": 0.41,
            "IVA": 19
        },
        {
            "codigo": "Nrpmot8THa",
            "total": 9,
            "valor_unitario": 641389,
            "descuento": 0.42,
            "IVA": 0
        },
        {
            "codigo": "v9KZXmg7Oo",
            "total": 16,
            "valor_unitario": 220847,
            "descuento": 0.09,
            "IVA": 5
        },
        {
            "codigo": "HJcAH4msQ4",
            "total": 6,
            "valor_unitario": 427480,
            "descuento": 0.5,
            "IVA": 0
        },
        {
            "codigo": "jIsOaE9BhB",
            "total": 8,
            "valor_unitario": 957220,
            "descuento": 0.07,
            "IVA": 5
        },
        {
            "codigo": "rZpD7bOAmX",
            "total": 9,
            "valor_unitario": 478171,
            "descuento": 0.27,
            "IVA": 0
        },
        {
            "codigo": "68e4Snpi6L",
            "total": 16,
            "valor_unitario": 281743,
            "descuento": 0.04,
            "IVA": 5
        }
    ]
}