{
    "empresa_nit": "987654321",
    "empresa_ciudad": "TUNJA",
    "empresa_sede": "autopista",
    "empresa_nombre": "FrutiBarato",
    "fecha_hora": "2022-02-07 01:18:00",
    "factura_num": "01154",
    "ciente_numero": 759186918,
    "pago_tipo": "TAR.DEBITO",
    "productos": [
        {
            "codigo": "zrekH1n9Zr",
            "total": 8,
            "valor_unitario": 828585,
            "descuento": 0.15,
            "IVA": 19
        },
        {
            "codigo": "ZZ7t1Prd8b",
            "total": 13,
            "valor_unitario": 575289,
            "descuento": 0.04,
            "IVA": 5
        },
        {
            "codigo": "1hlV4z1Q1X",
            "total": 7,
            "valor_unitario": 531664,
            "descuento": 0.34,
            "IVA": 5
        },
        {
            "codigo": "aFPVg5eVdr",
            "total": 8,
            "valor_unitario": 429424,
            "descuento": 0.47,
            "IVA": 19
        },
        {
            "codigo": "vW4lB1wfAZ",
            "total": 11,
            "valor_unitario": 441943,
            "descuento": 0.28,
            "IVA": 19
        },
        {
            "codigo": "tCrUyhVMRc",
            "total": 10,
            "valor_unitario": 314292,
            "descuento": 0.03,
            "IVA": 5
        },
        {
            "codigo": "qNnYC3MffZ",
            "total": 8,
            "valor_unitario": 826136,
            "descuento": 0.38,
            "IVA": 5
        },
        {
            "codigo": "3putx9V4Qq",
            "total": 7,
            "valor_unitario": 940888,
            "descuento": 0.15,
            "IVA": 5
        },
        {
            "codigo": "sQLMEeuffp",
            "total": 9,
            "valor_unitario": 203747,
            "descuento": 0.07,
            "IVA": 19
        },
        {
            "codigo": "U5j6iL2gqp",
            "total": 14,
            "valor_unitario": 671598,
            "descuento": 0.12,
            "IVA": 19
        },
        {
            "codigo": "nb15D2lmHA",
            "total": 19,
            "valor_unitario": 175956,
            "descuento": 0.04,
            "IVA": 5
        }
    ]
}