{
    "empresa_nit": "987654321",
    "empresa_ciudad": "MEDELLIN",
    "empresa_sede": "plaza",
    "empresa_nombre": "FrutiBarato",
    "fecha_hora": "2022-12-01 12:56:15",
    "factura_num": "01033",
    "ciente_numero": 764289746,
    "pago_tipo": "TRANFERENCIA",
    "productos": [
        {
            "codigo": "06uYsx4tYr",
            "total": 5,
            "valor_unitario": 975876,
            "descuento": 0.39,
            "IVA": 19
        },
        {
            "codigo": "5CK9l33tli",
            "total": 11,
            "valor_unitario": 639375,
            "descuento": 0.05,
            "IVA": 19
        },
        {
            "codigo": "KagMBDGJm6",
            "total": 6,
            "valor_unitario": 748688,
            "descuento": 0.23,
            "IVA": 19
        },
        {
            "codigo": "RsGzKAOfG1",
            "total": 13,
            "valor_unitario": 956058,
            "descuento": 0.19,
            "IVA": 0
        },
        {
            "codigo": "iInOUq6F9v",
            "total": 14,
            "valor_unitario": 867057,
            "descuento": 0.24,
            "IVA": 5
        },
        {
            "codigo": "WB6ajL8bwT",
            "total": 20,
            "valor_unitario": 160885,
            "descuento": 0.35,
            "IVA": 5
        }
    ]
}