{
    "empresa_nit": "987654321",
    "empresa_ciudad": "BARRANQUILLA",
    "empresa_sede": "autopista",
    "empresa_nombre": "FrutiBarato",
    "fecha_hora": "2020-07-20 16:32:56",
    "factura_num": "01041",
    "ciente_numero": 582068075,
    "pago_tipo": "TAR.CREDITO",
    "productos": [
        {
            "codigo": "qLC2imBLR7",
            "total": 5,
            "valor_unitario": 294483,
            "descuento": 0.06,
            "IVA": 19
        },
        {
            "codigo": "OlYInkJW5C",
            "total": 20,
            "valor_unitario": 106310,
            "descuento": 0.11,
            "IVA": 0
        },
        {
            "codigo": "PFBOATKVp7",
            "total": 17,
            "valor_unitario": 391726,
            "descuento": 0.03,
            "IVA": 19
        },
        {
            "codigo": "H3ySURz9vz",
            "total": 19,
            "valor_unitario": 554357,
            "descuento": 0.25,
            "IVA": 0
        },
        {
            "codigo": "LdoYCwK68d",
            "total": 19,
            "valor_unitario": 576082,
            "descuento": 0.05,
            "IVA": 19
        },
        {
            "codigo": "GTxHhdPt45",
            "total": 19,
            "valor_unitario": 524057,
            "descuento": 0.23,
            "IVA": 0
        },
        {
            "codigo": "DqSBrw9ZyL",
            "total": 9,
            "valor_unitario": 139033,
            "descuento": 0.49,
            "IVA": 19
        },
        {
            "codigo": "ypMDnBorNZ",
            "total": 16,
            "valor_unitario": 137783,
            "descuento": 0.43,
            "IVA": 19
        },
        {
            "codigo": "kAC65vzLsu",
            "total": 9,
            "valor_unitario": 687299,
            "descuento": 0.35,
            "IVA": 5
        },
        {
            "codigo": "HPf34Ws7cm",
            "total": 13,
            "valor_unitario": 469244,
            "descuento": 0.39,
            "IVA": 5
        },
        {
            "codigo": "Nlb2ak18Dt",
            "total": 1,
            "valor_unitario": 775946,
            "descuento": 0.0,
            "IVA": 19
        },
        {
            "codigo": "3MY7mB1ypP",
            "total": 8,
            "valor_unitario": 394316,
            "descuento": 0.07,
            "IVA": 19
        },
        {
            "codigo": "0RHpXIKXe1",
            "total": 2,
            "valor_unitario": 904345,
            "descuento": 0.19,
            "IVA": 5
        },
        {
            "codigo": "GsO5OEnAnB",
            "total": 11,
            "valor_unitario": 383418,
            "descuento": 0.31,
            "IVA": 19
        },
        {
            "codigo": "mc4d8CJYQf",
            "total": 4,
            "valor_unitario": 515166,
            "descuento": 0.35,
            "IVA": 0
        },
        {
            "codigo": "fEqoTSCXPx",
            "total": 3,
            "valor_unitario": 819445,
            "descuento": 0.25,
            "IVA": 0
        },
        {
            "codigo": "ji9dFlIJvU",
            "total": 5,
            "valor_unitario": 322238,
            "descuento": 0.15,
            "IVA": 5
        }
    ]
}