{
    "empresa_nit": "987654321",
    "empresa_ciudad": "BARRANQUILLA",
    "empresa_sede": "centro",
    "empresa_nombre": "FrutiBarato",
    "fecha_hora": "2024-12-29 10:56:19",
    "factura_num": "00110",
    "ciente_numero": 753707644,
    "pago_tipo": "TAR.CREDITO",
    "productos": [
        {
            "codigo": "ZzBrByfI0s",
            "total": 16,
            "valor_unitario": 144626,
            "descuento": 0.43,
            "IVA": 0
        },
        {
            "codigo": "XHAx27h0Yu",
            "total": 18,
            "valor_unitario": 868765,
            "descuento": 0.12,
            "IVA": 5
        },
        {
            "codigo": "Q79JfI4IHC",
            "total": 11,
            "valor_unitario": 999565,
            "descuento": 0.2,
            "IVA": 5
        },
        {
            "codigo": "bmr2D1VU1L",
            "total": 3,
            "valor_unitario": 246615,
            "descuento": 0.42,
            "IVA": 5
        },
        {
            "codigo": "swsNrWBS2h",
            "total": 15,
            "valor_unitario": 679160,
            "descuento": 0.31,
            "IVA": 5
        },
        {
            "codigo": "lKzIxYux7I",
            "total": 20,
            "valor_unitario": 456892,
            "descuento": 0.09,
            "IVA": 5
        },
        {
            "codigo": "biAyp9MkIy",
            "total": 15,
            "valor_unitario": 591841,
            "descuento": 0.33,
            "IVA": 5
        },
        {
            "codigo": "uMiGNHWNQ2",
            "total": 6,
            "valor_unitario": 219778,
            "descuento": 0.21,
            "IVA": 19
        },
        {
            "codigo": "OvmytItodW",
            "total": 15,
            "valor_unitario": 626651,
            "descuento": 0.28,
            "IVA": 19
        },
        {
            "codigo": "G4jsiUxYJl",
            "total": 6,
            "valor_unitario": 784314,
            "descuento": 0.42,
            "IVA": 19
        },
        {
            "codigo": "ancgfNGSQE",
            "total": 12,
            "valor_unitario": 621810,
            "descuento": 0.39,
            "IVA": 0
        },
        {
            "codigo": "zSEmHnzfKY",
            "total": 1,
            "valor_unitario": 599338,
            "descuento": 0.42,
            "IVA": 19
        },
        {
            "codigo": "qpd8OGR7lJ",
            "total": 2,
            "valor_unitario": 814135,
            "descuento": 0.34,
            "IVA": 19
        },
        {
            "codigo": "U489ijWmrq",
            "total": 18,
            "valor_unitario": 784344,
            "descuento": 0.32,
            "IVA": 0
        },
        {
            "codigo": "jn1jrmCyJa",
            "total": 5,
            "valor_unitario": 144792,
            "descuento": 0.46,
            "IVA": 19
        },
        {
            "codigo": "68JfyWBhtz",
            "total": 14,
            "valor_unitario": 757718,
            "descuento": 0.01,
            "IVA": 19
        },
        {
            "codigo": "T68LQmOLsH",
            "total": 9,
            "valor_unitario": 247519,
            "descuento": 0.08,
            "IVA": 5
        },
        {
            "codigo": "bDhUKLKofW",
            "total": 4,
            "valor_unitario": 304923,
            "descuento": 0.27,
            "IVA": 19
        },
        {
            "codigo": "IlKkLYzOiK",
            "total": 6,
            "valor_unitario": 846352,
            "descuento": 0.39,
            "IVA": 0
        }
    ]
}