{
    "empresa_nit": "987654321",
    "empresa_ciudad": "CALI",
    "empresa_sede": "alcaldia",
    "empresa_nombre": "FrutiBarato",
    "fecha_hora": "2022-03-24 20:29:21",
    "factura_num": "01079",
    "ciente_numero": 447970904,
    "pago_tipo": "TAR.CREDITO",
    "productos": [
        {
            "codigo": "FlBPpzP3nA",
            "total": 16,
            "valor_unitario": 849673,
            "descuento": 0.37,
            "IVA": 19
        },
        {
            "codigo": "hdwV20t2S7",
            "total": 2,
            "valor_unitario": 843442,
            "descuento": 0.2,
            "IVA": 5
        },
        {
            "codigo": "ihg99DAuHY",
            "total": 5,
            "valor_unitario": 667643,
            "descuento": 0.27,
            "IVA": 19
        },
        {
            "codigo": "k0kCCYZlHC",
            "total": 15,
            "valor_unitario": 78784,
            "descuento": 0.49,
            "IVA": 5
        },
        {
            "codigo": "FKiLCOrwG2",
            "total": 8,
            "valor_unitario": 569812,
            "descuento": 0.05,
            "IVA": 5
        }
    ]
}