{
    "empresa_nit": "987654321",
    "empresa_ciudad": "CALI",
    "empresa_sede": "centro",
    "empresa_nombre": "FrutiBarato",
    "fecha_hora": "2024-04-05 00:30:32",
    "factura_num": "00013",
    "ciente_numero": 674317142,
    "pago_tipo": "TRANFERENCIA",
    "productos": [
        {
            "codigo": "MWlL5iwkED",
            "total": 19,
            "valor_unitario": 391310,
            "descuento": 0.2,
            "IVA": 5
        },
        {
            "codigo": "yVO2AskH9K",
            "total": 19,
            "valor_unitario": 611142,
            "descuento": 0.34,
            "IVA": 5
        },
        {
            "codigo": "HDJIIp97xT",
            "total": 5,
            "valor_unitario": 350226,
            "descuento": 0.29,
            "IVA": 5
        },
        {
            "codigo": "Z3d0jWVoZP",
            "total": 4,
            "valor_unitario": 79623,
            "descuento": 0.43,
            "IVA": 0
        },
        {
            "codigo": "HxkYd9t4bh",
            "total": 16,
            "valor_unitario": 45336,
            "descuento": 0.04,
            "IVA": 0
        },
        {
            "codigo": "qUVIfhIzTL",
            "total": 10,
            "valor_unitario": 991612,
            "descuento": 0.17,
            "IVA": 19
        },
        {
            "codigo": "hYxxmttdH5",
            "total": 15,
            "valor_unitario": 761480,
            "descuento": 0.48,
            "IVA": 19
        },
        {
            "codigo": "6RHtg64o3h",
            "total": 8,
            "valor_unitario": 490171,
            "descuento": 0.09,
            "IVA": 19
        },
        {
            "codigo": "nTI6nRlTe9",
            "total": 16,
            "valor_unitario": 635494,
            "descuento": 0.09,
            "IVA": 5
        },
        {
            "codigo": "cSWsBlM5Q1",
            "total": 3,
            "valor_unitario": 730691,
            "descuento": 0.04,
            "IVA": 0
        },
        {
            "codigo": "omIc8WPUDf",
            "total": 20,
            "valor_unitario": 545888,
            "descuento": 0.38,
            "IVA": 0
        },
        {
            "codigo": "MwvkqyGwP1",
            "total": 10,
            "valor_unitario": 607051,
            "descuento": 0.07,
            "IVA": 0
        },
        {
            "codigo": "ToT835PLmx",
            "total": 18,
            "valor_unitario": 583117,
            "descuento": 0.25,
            "IVA": 5
        },
        {
            "codigo": "SBlZdOGgqN",
            "total": 7,
            "valor_unitario": 990536,
            "descuento": 0.09,
            "IVA": 19
        },
        {
            "codigo": "3lOUn3d9S2",
            "total": 15,
            "valor_unitario": 642192,
            "descuento": 0.3,
            "IVA": 0
        },
        {
            "codigo": "fdLm4KMRjS",
            "total": 4,
            "valor_unitario": 947819,
            "descuento": 0.36,
            "IVA": 0
        }
    ]
}