{
    "empresa_nit": "987654321",
    "empresa_ciudad": "BOGOTA",
    "empresa_sede": "terminal",
    "empresa_nombre": "FrutiBarato",
    "fecha_hora": "2023-08-31 15:23:24",
    "factura_num": "01205",
    "ciente_numero": 817730602,
    "pago_tipo": "TRANFERENCIA",
    "productos": [
        {
            "codigo": "NMux1TQF0Y",
            "total": 17,
            "valor_unitario": 680200,
            "descuento": 0.39,
            "IVA": 0
        },
        {
            "codigo": "DQ5OjHe5FB",
            "total": 14,
            "valor_unitario": 265288,
            "descuento": 0.37,
            "IVA": 19
        },
        {
            "codigo": "V9bsnkWGnO",
            "total": 8,
            "valor_unitario": 815024,
            "descuento": 0.03,
            "IVA": 5
        },
        {
            "codigo": "GblGlXX13Z",
            "total": 6,
            "valor_unitario": 237752,
            "descuento": 0.44,
            "IVA": 19
        },
        {
            "codigo": "BBj7KMeUwf",
            "total": 2,
            "valor_unitario": 638464,
            "descuento": 0.32,
            "IVA": 19
        },
        {
            "codigo": "8CMZBttFSt",
            "total": 2,
            "valor_unitario": 680450,
            "descuento": 0.48,
            "IVA": 19
        },
        {
            "codigo": "jjorsDetPL",
            "total": 8,
            "valor_unitario": 738868,
            "descuento": 0.29,
            "IVA": 19
        },
        {
            "codigo": "zG836MPj71",
            "total": 14,
            "valor_unitario": 222356,
            "descuento": 0.42,
            "IVA": 5
        },
        {
            "codigo": "n959nB09vA",
            "total": 18,
            "valor_unitario": 79278,
            "descuento": 0.03,
            "IVA": 19
        },
        {
            "codigo": "1CZ4Nc5iVV",
            "total": 14,
            "valor_unitario": 630961,
            "descuento": 0.27,
            "IVA": 5
        },
        {
            "codigo": "mqPzhWam80",
            "total": 14,
            "valor_unitario": 454340,
            "descuento": 0.07,
            "IVA": 0
        },
        {
            "codigo": "CiHmvuZKfc",
            "total": 12,
            "valor_unitario": 91551,
            "descuento": 0.47,
            "IVA": 19
        },
        {
            "codigo": "dWrG5pXwSy",
            "total": 20,
            "valor_unitario": 389280,
            "descuento": 0.4,
            "IVA": 5
        }
    ]
}