{
    "empresa_nit": "987654321",
    "empresa_ciudad": "TUNJA",
    "empresa_sede": "plaza",
    "empresa_nombre": "FrutiBarato",
    "fecha_hora": "2021-05-17 14:35:50",
    "factura_num": "01228",
    "ciente_numero": 134535786,
    "pago_tipo": "TAR.CREDITO",
    "productos": [
        {
            "codigo": "9fNV4fgARw",
            "total": 14,
            "valor_unitario": 808065,
            "descuento": 0.26,
            "IVA": 19
        },
        {
            "codigo": "GDdExeEfV1",
            "total": 1,
            "valor_unitario": 281930,
            "descuento": 0.38,
            "IVA": 5
        },
        {
            "codigo": "0N61bJXUJ5",
            "total": 8,
            "valor_unitario": 447734,
            "descuento": 0.2,
            "IVA": 5
        },
        {
            "codigo": "rWNxsziPoi",
            "total": 18,
            "valor_unitario": 612727,
            "descuento": 0.07,
            "IVA": 0
        },
        {
            "codigo": "H81dCuMXnv",
            "total": 12,
            "valor_unitario": 662406,
            "descuento": 0.13,
            "IVA": 0
        },
        {
            "codigo": "4gUkhrttoP",
            "total": 2,
            "valor_unitario": 604041,
            "descuento": 0.45,
            "IVA": 19
        },
        {
            "codigo": "AImR8JAc8u",
            "total": 5,
            "valor_unitario": 889856,
            "descuento": 0.25,
            "IVA": 0
        },
        {
            "codigo": "fW2mmtc1xa",
            "total": 17,
            "valor_unitario": 461755,
            "descuento": 0.04,
            "IVA": 0
        }
    ]
}