{
    "empresa_nit": "987654321",
    "empresa_ciudad": "TUNJA",
    "empresa_sede": "plaza",
    "empresa_nombre": "FrutiBarato",
    "fecha_hora": "2024-12-08 17:59:55",
    "factura_num": "01321",
    "ciente_numero": 766738875,
    "pago_tipo": "TAR.DEBITO",
    "productos": [
        {
            "codigo": "iQZt8vSWVv",
            "total": 18,
            "valor_unitario": 752458,
            "descuento": 0.18,
            "IVA": 0
        },
        {
            "codigo": "GksJVmEq6N",
            "total": 8,
            "valor_unitario": 337500,
            "descuento": 0.31,
            "IVA": 0
        },
        {
            "codigo": "hyTnijaiVp",
            "total": 12,
            "valor_unitario": 50999,
            "descuento": 0.08,
            "IVA": 0
        },
        {
            "codigo": "48BXm9j5zm",
            "total": 12,
            "valor_unitario": 17743,
            "descuento": 0.43,
            "IVA": 0
        },
        {
            "codigo": "No7uEmZQoA",
            "total": 3,
            "valor_unitario": 16856,
            "descuento": 0.14,
            "IVA": 0
        }
    ]
}