{
    "empresa_nit": "987654321",
    "empresa_ciudad": "CALI",
    "empresa_sede": "terminal",
    "empresa_nombre": "FrutiBarato",
    "fecha_hora": "2024-09-01 08:15:36",
    "factura_num": "01176",
    "ciente_numero": 126614565,
    "pago_tipo": "EFECTIVO",
    "productos": [
        {
            "codigo": "YfPLdC8cod",
            "total": 4,
            "valor_unitario": 953558,
            "descuento": 0.24,
            "IVA": 5
        },
        {
            "codigo": "xaovfhxL0R",
            "total": 4,
            "valor_unitario": 713329,
            "descuento": 0.15,
            "IVA": 0
        },
        {
            "codigo": "ibNmm9QDHx",
            "total": 13,
            "valor_unitario": 197152,
            "descuento": 0.43,
            "IVA": 0
        },
        {
            "codigo": "xoh8nbmf9c",
            "total": 4,
            "valor_unitario": 638048,
            "descuento": 0.38,
            "IVA": 19
        },
        {
            "codigo": "NTkGLUi2XK",
            "total": 14,
            "valor_unitario": 296840,
            "descuento": 0.05,
            "IVA": 19
        },
        {
            "codigo": "DZFJclJbrj",
            "total": 11,
            "valor_unitario": 409901,
            "descuento": 0.09,
            "IVA": 0
        },
        {
            "codigo": "DBtf0jnLel",
            "total": 14,
            "valor_unitario": 867701,
            "descuento": 0.06,
            "IVA": 5
        },
        {
            "codigo": "RcrmmD2spJ",
            "total": 14,
            "valor_unitario": 875168,
            "descuento": 0.34,
            "IVA": 5
        },
        {
            "codigo": "L87fsTFTjI",
            "total": 13,
            "valor_unitario": 180276,
            "descuento": 0.32,
            "IVA": 5
        },
        {
            "codigo": "Cft8RDnLj3",
            "total": 15,
            "valor_unitario": 16642,
            "descuento": 0.03,
            "IVA": 19
        },
        {
            "codigo": "R4y5owyMN3",
            "total": 3,
            "valor_unitario": 709539,
            "descuento": 0.17,
            "IVA": 5
        },
        {
            "codigo": "OkQFc3iM0W",
            "total": 16,
            "valor_unitario": 334515,
            "descuento": 0.05,
            "IVA": 0
        },
        {
            "codigo": "O1iqTpd2R1",
            "total": 10,
            "valor_unitario": 457054,
            "descuento": 0.36,
            "IVA": 19
        }
    ]
}