{
    "empresa_nit": "987654321",
    "empresa_ciudad": "MEDELLIN",
    "empresa_sede": "plaza",
    "empresa_nombre": "FrutiBarato",
    "fecha_hora": "2022-06-01 03:48:47",
    "factura_num": "00124",
    "ciente_numero": 977256788,
    "pago_tipo": "EFECTIVO",
    "productos": [
        {
            "codigo": "wnFq4zFxPb",
            "total": 13,
            "valor_unitario": 230864,
            "descuento": 0.4,
            "IVA": 5
        },
        {
            "codigo": "CUJH2HhFXS",
            "total": 3,
            "valor_unitario": 50142,
            "descuento": 0.15,
            "IVA": 0
        },
        {
            "codigo": "hl53JEUptF",
            "total": 2,
            "valor_unitario": 593034,
            "descuento": 0.36,
            "IVA": 5
        },
        {
            "codigo": "A5TdNF6SQ7",
            "total": 5,
            "valor_unitario": 646797,
            "descuento": 0.43,
            "IVA": 19
        },
        {
            "codigo": "piGNe9PA5C",
            "total": 3,
            "valor_unitario": 705318,
            "descuento": 0.14,
            "IVA": 19
        },
        {
            "codigo": "i0Q2P9r4fO",
            "total": 16,
            "valor_unitario": 941805,
            "descuento": 0.27,
            "IVA": 19
        },
        {
            "codigo": "udn58OX9yI",
            "total": 16,
            "valor_unitario": 466584,
            "descuento": 0.15,
            "IVA": 5
        },
        {
            "codigo": "vXHJd3nnWs",
            "total": 4,
            "valor_unitario": 258240,
            "descuento": 0.42,
            "IVA": 0
        },
        {
            "codigo": "JSxIvFXVIV",
            "total": 9,
            "valor_unitario": 102420,
            "descuento": 0.34,
            "IVA": 5
        },
        {
            "codigo": "jfTbC1AqoK",
            "total": 4,
            "valor_unitario": 689294,
            "descuento": 0.18,
            "IVA": 19
        },
        {
            "codigo": "rPs84AAneU",
            "total": 17,
            "valor_unitario": 837156,
            "descuento": 0.44,
            "IVA": 19
        }
    ]
}