{
    "empresa_nit": "987654321",
    "empresa_ciudad": "TUNJA",
    "empresa_sede": "autopista",
    "empresa_nombre": "FrutiBarato",
    "fecha_hora": "2024-03-26 06:20:46",
    "factura_num": "01005",
    "ciente_numero": 354134092,
    "pago_tipo": "TAR.CREDITO",
    "productos": [
        {
            "codigo": "5yINCw3BmU",
            "total": 20,
            "valor_unitario": 146666,
            "descuento": 0.02,
            "IVA": 0
        },
        {
            "codigo": "Da7qyTPE1R",
            "total": 1,
            "valor_unitario": 618439,
            "descuento": 0.04,
            "IVA": 0
        },
        {
            "codigo": "KtzKBIxG2u",
            "total": 2,
            "valor_unitario": 387792,
            "descuento": 0.43,
            "IVA": 19
        },
        {
            "codigo": "kdJNflSHqS",
            "total": 6,
            "valor_unitario": 815091,
            "descuento": 0.04,
            "IVA": 0
        },
        {
            "codigo": "AFf2yaV8WX",
            "total": 11,
            "valor_unitario": 200080,
            "descuento": 0.47,
            "IVA": 19
        },
        {
            "codigo": "ELZsccqkMF",
            "total": 14,
            "valor_unitario": 132313,
            "descuento": 0.47,
            "IVA": 0
        },
        {
            "codigo": "MtfDByZpML",
            "total": 8,
            "valor_unitario": 654789,
            "descuento": 0.19,
            "IVA": 0
        },
        {
            "codigo": "o1svJI7MRr",
            "total": 2,
            "valor_unitario": 576255,
            "descuento": 0.06,
            "IVA": 19
        },
        {
            "codigo": "MBtBrtpYrV",
            "total": 9,
            "valor_unitario": 800415,
            "descuento": 0.06,
            "IVA": 0
        },
        {
            "codigo": "0SYYzNbCxU",
            "total": 5,
            "valor_unitario": 818449,
            "descuento": 0.14,
            "IVA": 19
        },
        {
            "codigo": "Ku4NBzZocC",
            "total": 8,
            "valor_unitario": 770434,
            "descuento": 0.15,
            "IVA": 5
        },
        {
            "codigo": "qr3RwtNsQX",
            "total": 2,
            "valor_unitario": 717398,
            "descuento": 0.3,
            "IVA": 0
        },
        {
            "codigo": "zAgQ14gUxc",
            "total": 15,
            "valor_unitario": 547086,
            "descuento": 0.05,
            "IVA": 19
        }
    ]
}