{
    "empresa_nit": "987654321",
    "empresa_ciudad": "MEDELLIN",
    "empresa_sede": "alcaldia",
    "empresa_nombre": "FrutiBarato",
    "fecha_hora": "2020-06-11 05:38:16",
    "factura_num": "01128",
    "ciente_numero": 150698786,
    "pago_tipo": "EFECTIVO",
    "productos": [
        {
            "codigo": "DLYw0ac02S",
            "total": 9,
            "valor_unitario": 486259,
            "descuento": 0.04,
            "IVA": 0
        },
        {
            "codigo": "2OIvdhjnnN",
            "total": 8,
            "valor_unitario": 635479,
            "descuento": 0.23,
            "IVA": 0
        },
        {
            "codigo": "NMEF5dqTZl",
            "total": 11,
            "valor_unitario": 715022,
            "descuento": 0.33,
            "IVA": 0
        },
        {
            "codigo": "buF11NjApn",
            "total": 7,
            "valor_unitario": 310484,
            "descuento": 0.32,
            "IVA": 19
        },
        {
            "codigo": "JJ8YsDLiVv",
            "total": 11,
            "valor_unitario": 718825,
            "descuento": 0.03,
            "IVA": 19
        },
        {
            "codigo": "DMt0lOeVO1",
            "total": 17,
            "valor_unitario": 417850,
            "descuento": 0.45,
            "IVA": 5
        },
        {
            "codigo": "CAP35v39DC",
            "total": 4,
            "valor_unitario": 955398,
            "descuento": 0.37,
            "IVA": 5
        },
        {
            "codigo": "Rb5uhjecif",
            "total": 3,
            "valor_unitario": 626144,
            "descuento": 0.1,
            "IVA": 19
        },
        {
            "codigo": "wkNSMsKsQh",
            "total": 1,
            "valor_unitario": 502332,
            "descuento": 0.32,
            "IVA": 19
        },
        {
            "codigo": "FCMcFaLV4S",
            "total": 11,
            "valor_unitario": 149511,
            "descuento": 0.25,
            "IVA": 0
        },
        {
            "codigo": "fOKJKUjSTa",
            "total": 10,
            "valor_unitario": 844271,
            "descuento": 0.19,
            "IVA": 0
        }
    ]
}