{
    "empresa_nit": "987654321",
    "empresa_ciudad": "MEDELLIN",
    "empresa_sede": "aeropuerto",
    "empresa_nombre": "FrutiBarato",
    "fecha_hora": "2024-08-09 09:32:55",
    "factura_num": "01358",
    "ciente_numero": 163591653,
    "pago_tipo": "TRANFERENCIA",
    "productos": [
        {
            "codigo": "Wt4EuzzWGN",
            "total": 14,
            "valor_unitario": 998569,
            "descuento": 0.01,
            "IVA": 19
        },
        {
            "codigo": "GZpfTqQAp3",
            "total": 17,
            "valor_unitario": 532235,
            "descuento": 0.1,
            "IVA": 19
        },
        {
            "codigo": "zqdpefvik9",
            "total": 10,
            "valor_unitario": 271931,
            "descuento": 0.28,
            "IVA": 19
        },
        {
            "codigo": "1Cpw451PHt",
            "total": 18,
            "valor_unitario": 813624,
            "descuento": 0.22,
            "IVA": 19
        },
        {
            "codigo": "MjT6iuRJab",
            "total": 6,
            "valor_unitario": 543944,
            "descuento": 0.31,
            "IVA": 19
        },
        {
            "codigo": "suKfR9n2jo",
            "total": 2,
            "valor_unitario": 485270,
            "descuento": 0.1,
            "IVA": 5
        },
        {
            "codigo": "PT4HC0pvgR",
            "total": 16,
            "valor_unitario": 100929,
            "descuento": 0.13,
            "IVA": 19
        },
        {
            "codigo": "3nLlXcX80m",
            "total": 2,
            "valor_unitario": 140035,
            "descuento": 0.17,
            "IVA": 0
        }
    ]
}