{
    "empresa_nit": "987654321",
    "empresa_ciudad": "CALI",
    "empresa_sede": "aeropuerto",
    "empresa_nombre": "FrutiBarato",
    "fecha_hora": "2020-12-22 16:36:14",
    "factura_num": "00139",
    "ciente_numero": 717782547,
    "pago_tipo": "TRANFERENCIA",
    "productos": [
        {
            "codigo": "mMpNaIY2jT",
            "total": 4,
            "valor_unitario": 892296,
            "descuento": 0.37,
            "IVA": 19
        },
        {
            "codigo": "H9B7K2tBvN",
            "total": 13,
            "valor_unitario": 236593,
            "descuento": 0.33,
            "IVA": 19
        },
        {
            "codigo": "TQIvaAr4Mt",
            "total": 16,
            "valor_unitario": 471163,
            "descuento": 0.25,
            "IVA": 19
        },
        {
            "codigo": "0Be5v6y7Yc",
            "total": 2,
            "valor_unitario": 472202,
            "descuento": 0.41,
            "IVA": 19
        },
        {
            "codigo": "Ijp2cjVFtZ",
            "total": 12,
            "valor_unitario": 364484,
            "descuento": 0.23,
            "IVA": 5
        },
        {
            "codigo": "VfWcy7EPtx",
            "total": 8,
            "valor_unitario": 90256,
            "descuento": 0.49,
            "IVA": 0
        },
        {
            "codigo": "J5QM2mRVzn",
            "total": 8,
            "valor_unitario": 592325,
            "descuento": 0.28,
            "IVA": 5
        },
        {
            "codigo": "R2NclXvHDj",
            "total": 4,
            "valor_unitario": 518059,
            "descuento": 0.01,
            "IVA": 5
        },
        {
            "codigo": "pmJymU6goB",
            "total": 4,
            "valor_unitario": 383556,
            "descuento": 0.11,
            "IVA": 0
        },
        {
            "codigo": "ZTXvlqz38G",
            "total": 3,
            "valor_unitario": 599180,
            "descuento": 0.0,
            "IVA": 0
        },
        {
            "codigo": "KmR2uowUFy",
            "total": 7,
            "valor_unitario": 552545,
            "descuento": 0.35,
            "IVA": 19
        },
        {
            "codigo": "oB5Ky0mSnK",
            "total": 20,
            "valor_unitario": 52247,
            "descuento": 0.13,
            "IVA": 0
        },
        {
            "codigo": "za8uVF1JPu",
            "total": 10,
            "valor_unitario": 997443,
            "descuento": 0.07,
            "IVA": 0
        },
        {
            "codigo": "W9lE0OojX6",
            "total": 16,
            "valor_unitario": 701546,
            "descuento": 0.3,
            "IVA": 0
        },
        {
            "codigo": "a1w0Jb5SPF",
            "total": 20,
            "valor_unitario": 888023,
            "descuento": 0.45,
            "IVA": 0
        },
        {
            "codigo": "EQdKNX6iDp",
            "total": 5,
            "valor_unitario": 80570,
            "descuento": 0.4,
            "IVA": 5
        }
    ]
}