{
    "empresa_nit": "987654321",
    "empresa_ciudad": "MEDELLIN",
    "empresa_sede": "centro",
    "empresa_nombre": "FrutiBarato",
    "fecha_hora": "2024-11-08 05:45:54",
    "factura_num": "01437",
    "ciente_numero": 804162371,
    "pago_tipo": "EFECTIVO",
    "productos": [
        {
            "codigo": "WyLZQh77G3",
            "total": 9,
            "valor_unitario": 150971,
            "descuento": 0.34,
            "IVA": 5
        },
        {
            "codigo": "LMtrL9R85J",
            "total": 12,
            "valor_unitario": 564857,
            "descuento": 0.39,
            "IVA": 5
        },
        {
            "codigo": "aEZ5R93HPA",
            "total": 20,
            "valor_unitario": 677518,
            "descuento": 0.46,
            "IVA": 0
        },
        {
            "codigo": "eMwaALm7Gn",
            "total": 11,
            "valor_unitario": 92642,
            "descuento": 0.05,
            "IVA": 19
        },
        {
            "codigo": "7iC2U3PQV0",
            "total": 1,
            "valor_unitario": 792062,
            "descuento": 0.06,
            "IVA": 5
        },
        {
            "codigo": "l2Zuik4u9V",
            "total": 5,
            "valor_unitario": 463993,
            "descuento": 0.19,
            "IVA": 5
        },
        {
            "codigo": "l6GjvdhGaZ",
            "total": 1,
            "valor_unitario": 114971,
            "descuento": 0.04,
            "IVA": 5
        },
        {
            "codigo": "yBZiiSM4Gh",
            "total": 3,
            "valor_unitario": 688599,
            "descuento": 0.12,
            "IVA": 19
        },
        {
            "codigo": "d2iARmULJa",
            "total": 3,
            "valor_unitario": 491836,
            "descuento": 0.29,
            "IVA": 0
        },
        {
            "codigo": "yxEhiViEML",
            "total": 10,
            "valor_unitario": 194131,
            "descuento": 0.47,
            "IVA": 5
        },
        {
            "codigo": "nusMsF2biY",
            "total": 8,
            "valor_unitario": 481010,
            "descuento": 0.11,
            "IVA": 5
        },
        {
            "codigo": "CVKdekIz2T",
            "total": 12,
            "valor_unitario": 742013,
            "descuento": 0.37,
            "IVA": 5
        },
        {
            "codigo": "hFGTZTL3uq",
            "total": 8,
            "valor_unitario": 494594,
            "descuento": 0.16,
            "IVA": 5
        },
        {
            "codigo": "7Ljp5F7hlZ",
            "total": 12,
            "valor_unitario": 895538,
            "descuento": 0.33,
            "IVA": 19
        },
        {
            "codigo": "AX6tHxWPcO",
            "total": 13,
            "valor_unitario": 265819,
            "descuento": 0.49,
            "IVA": 19
        },
        {
            "codigo": "NhOtgtP1k6",
            "total": 18,
            "valor_unitario": 97261,
            "descuento": 0.45,
            "IVA": 5
        },
        {
            "codigo": "c8b2PaclMk",
            "total": 3,
            "valor_unitario": 847569,
            "descuento": 0.39,
            "IVA": 19
        },
        {
            "codigo": "gRAAy90lrm",
            "total": 19,
            "valor_unitario": 402387,
            "descuento": 0.37,
            "IVA": 0
        }
    ]
}