{
    "empresa_nit": "987654321",
    "empresa_ciudad": "BOGOTA",
    "empresa_sede": "autopista",
    "empresa_nombre": "FrutiBarato",
    "fecha_hora": "2020-08-30 11:06:50",
    "factura_num": "01254",
    "ciente_numero": 933168100,
    "pago_tipo": "TAR.DEBITO",
    "productos": [
        {
            "codigo": "VGrMgnUzvP",
            "total": 3,
            "valor_unitario": 392981,
            "descuento": 0.5,
            "IVA": 19
        },
        {
            "codigo": "0PwOma2Bal",
            "total": 19,
            "valor_unitario": 687032,
            "descuento": 0.2,
            "IVA": 5
        },
        {
            "codigo": "MThx4zE0aP",
            "total": 13,
            "valor_unitario": 124651,
            "descuento": 0.25,
            "IVA": 5
        },
        {
            "codigo": "AblJXMkWqR",
            "total": 7,
            "valor_unitario": 33976,
            "descuento": 0.37,
            "IVA": 0
        },
        {
            "codigo": "WE396SHFjY",
            "total": 18,
            "valor_unitario": 87556,
            "descuento": 0.47,
            "IVA": 0
        },
        {
            "codigo": "wM1nNccLSH",
            "total": 18,
            "valor_unitario": 528034,
            "descuento": 0.21,
            "IVA": 19
        },
        {
            "codigo": "jDdCnUxm3x",
            "total": 20,
            "valor_unitario": 689217,
            "descuento": 0.36,
            "IVA": 19
        },
        {
            "codigo": "0ZtffaGMat",
            "total": 10,
            "valor_unitario": 388793,
            "descuento": 0.39,
            "IVA": 0
        },
        {
            "codigo": "KtO9vJtWUn",
            "total": 15,
            "valor_unitario": 671051,
            "descuento": 0.13,
            "IVA": 5
        },
        {
            "codigo": "nSYMPz1ecO",
            "total": 6,
            "valor_unitario": 728541,
            "descuento": 0.25,
            "IVA": 5
        },
        {
            "codigo": "FclI5LYMP4",
            "total": 15,
            "valor_unitario": 395372,
            "descuento": 0.49,
            "IVA": 5
        },
        {
            "codigo": "xCO9JGBq9h",
            "total": 17,
            "valor_unitario": 375350,
            "descuento": 0.47,
            "IVA": 19
        },
        {
            "codigo": "uBHScOHuIr",
            "total": 2,
            "valor_unitario": 522704,
            "descuento": 0.32,
            "IVA": 5
        }
    ]
}