{
    "empresa_nit": "987654321",
    "empresa_ciudad": "MEDELLIN",
    "empresa_sede": "aeropuerto",
    "empresa_nombre": "FrutiBarato",
    "fecha_hora": "2020-08-27 19:33:43",
    "factura_num": "01043",
    "ciente_numero": 989899520,
    "pago_tipo": "EFECTIVO",
    "productos": [
        {
            "codigo": "bOyqaWsHdz",
            "total": 6,
            "valor_unitario": 125593,
            "descuento": 0.31,
            "IVA": 5
        },
        {
            "codigo": "RpDGO5pDK6",
            "total": 1,
            "valor_unitario": 11386,
            "descuento": 0.29,
            "IVA": 0
        },
        {
            "codigo": "sGWB8YrAfr",
            "total": 18,
            "valor_unitario": 691658,
            "descuento": 0.2,
            "IVA": 0
        },
        {
            "codigo": "INeZGVVsJJ",
            "total": 3,
            "valor_unitario": 163034,
            "descuento": 0.32,
            "IVA": 0
        },
        {
            "codigo": "OUKit7BfVu",
            "total": 15,
            "valor_unitario": 459602,
            "descuento": 0.12,
            "IVA": 5
        },
        {
            "codigo": "MBWfoO4bGQ",
            "total": 18,
            "valor_unitario": 864304,
            "descuento": 0.13,
            "IVA": 0
        },
        {
            "codigo": "nJcIspkSEI",
            "total": 10,
            "valor_unitario": 59860,
            "descuento": 0.32,
            "IVA": 5
        },
        {
            "codigo": "lO8pnAXfES",
            "total": 9,
            "valor_unitario": 764261,
            "descuento": 0.06,
            "IVA": 19
        },
        {
            "codigo": "t1E0RjP5Hf",
            "total": 2,
            "valor_unitario": 212213,
            "descuento": 0.35,
            "IVA": 5
        },
        {
            "codigo": "DuOziJf0Fh",
            "total": 5,
            "valor_unitario": 823992,
            "descuento": 0.39,
            "IVA": 19
        },
        {
            "codigo": "xgxsGek776",
            "total": 1,
            "valor_unitario": 989582,
            "descuento": 0.4,
            "IVA": 19
        },
        {
            "codigo": "ZmdFgTTrWx",
            "total": 20,
            "valor_unitario": 214195,
            "descuento": 0.07,
            "IVA": 0
        },
        {
            "codigo": "B6lUZLzdOb",
            "total": 6,
            "valor_unitario": 146049,
            "descuento": 0.48,
            "IVA": 5
        },
        {
            "codigo": "VAPGecI54R",
            "total": 16,
            "valor_unitario": 391524,
            "descuento": 0.32,
            "IVA": 5
        },
        {
            "codigo": "6XWrcaBj4Y",
            "total": 13,
            "valor_unitario": 151788,
            "descuento": 0.15,
            "IVA": 0
        },
        {
            "codigo": "rDIEmq3eBK",
            "total": 6,
            "valor_unitario": 462680,
            "descuento": 0.14,
            "IVA": 19
        }
    ]
}