{
    "empresa_nit": "987654321",
    "empresa_ciudad": "BARRANQUILLA",
    "empresa_sede": "alcaldia",
    "empresa_nombre": "FrutiBarato",
    "fecha_hora": "2020-09-14 05:52:19",
    "factura_num": "00010",
    "ciente_numero": 458148455,
    "pago_tipo": "TAR.DEBITO",
    "productos": [
        {
            "codigo": "NoyQ7sZEg7",
            "total": 9,
            "valor_unitario": 473365,
            "descuento": 0.36,
            "IVA": 0
        },
        {
            "codigo": "FPafTtJ6Mn",
            "total": 10,
            "valor_unitario": 20230,
            "descuento": 0.33,
            "IVA": 5
        },
        {
            "codigo": "HsPcWSNCaI",
            "total": 15,
            "valor_unitario": 578642,
            "descuento": 0.35,
            "IVA": 19
        },
        {
            "codigo": "SMr6lmYvgh",
            "total": 3,
            "valor_unitario": 726772,
            "descuento": 0.11,
            "IVA": 19
        },
        {
            "codigo": "JUJSxeUk4Q",
            "total": 18,
            "valor_unitario": 700706,
            "descuento": 0.18,
            "IVA": 5
        },
        {
            "codigo": "5MwbpsR9Xc",
            "total": 15,
            "valor_unitario": 411028,
            "descuento": 0.08,
            "IVA": 0
        },
        {
            "codigo": "TiRzuyiNXg",
            "total": 1,
            "valor_unitario": 139283,
            "descuento": 0.15,
            "IVA": 0
        },
        {
            "codigo": "mfSmj94dFr",
            "total": 7,
            "valor_unitario": 681632,
            "descuento": 0.02,
            "IVA": 19
        },
        {
            "codigo": "wGkKB7DjF3",
            "total": 1,
            "valor_unitario": 513161,
            "descuento": 0.43,
            "IVA": 0
        },
        {
            "codigo": "z2XTT7u9gq",
            "total": 9,
            "valor_unitario": 553090,
            "descuento": 0.02,
            "IVA": 19
        },
        {
            "codigo": "fDgkBfKwzY",
            "total": 12,
            "valor_unitario": 64532,
            "descuento": 0.03,
            "IVA": 0
        }
    ]
}