{
    "empresa_nit": "987654321",
    "empresa_ciudad": "BOGOTA",
    "empresa_sede": "alcaldia",
    "empresa_nombre": "FrutiBarato",
    "fecha_hora": "2023-05-23 17:59:01",
    "factura_num": "01274",
    "ciente_numero": 778100349,
    "pago_tipo": "TAR.CREDITO",
    "productos": [
        {
            "codigo": "soQCoCbvTi",
            "total": 8,
            "valor_unitario": 19551,
            "descuento": 0.41,
            "IVA": 0
        },
        {
            "codigo": "GcJaaZDsLz",
            "total": 3,
            "valor_unitario": 359725,
            "descuento": 0.4,
            "IVA": 0
        },
        {
            "codigo": "rNmmJWvi3x",
            "total": 10,
            "valor_unitario": 629872,
            "descuento": 0.33,
            "IVA": 5
        },
        {
            "codigo": "1ncXbpDOBc",
            "total": 18,
            "valor_unitario": 287854,
            "descuento": 0.3,
            "IVA": 19
        },
        {
            "codigo": "jWEElrEFrP",
            "total": 11,
            "valor_unitario": 114356,
            "descuento": 0.22,
            "IVA": 5
        },
        {
            "codigo": "kBSGwr1G1L",
            "total": 18,
            "valor_unitario": 801926,
            "descuento": 0.03,
            "IVA": 5
        },
        {
            "codigo": "0kbVbAOtKt",
            "total": 5,
            "valor_unitario": 772695,
            "descuento": 0.41,
            "IVA": 0
        },
        {
            "codigo": "4HM5F9Vq3N",
            "total": 3,
            "valor_unitario": 585130,
            "descuento": 0.45,
            "IVA": 5
        },
        {
            "codigo": "X2X0tD4Kel",
            "total": 10,
            "valor_unitario": 805318,
            "descuento": 0.15,
            "IVA": 19
        }
    ]
}