{
    "empresa_nit": "987654321",
    "empresa_ciudad": "BARRANQUILLA",
    "empresa_sede": "alcaldia",
    "empresa_nombre": "FrutiBarato",
    "fecha_hora": "2023-04-10 04:47:00",
    "factura_num": "01271",
    "ciente_numero": 703957237,
    "pago_tipo": "TAR.CREDITO",
    "productos": [
        {
            "codigo": "LOeoSJFPJs",
            "total": 16,
            "valor_unitario": 253486,
            "descuento": 0.34,
            "IVA": 0
        },
        {
            "codigo": "5LlGtZ05O9",
            "total": 11,
            "valor_unitario": 553232,
            "descuento": 0.3,
            "IVA": 0
        },
        {
            "codigo": "hHRi5k8NlN",
            "total": 13,
            "valor_unitario": 463416,
            "descuento": 0.03,
            "IVA": 0
        },
        {
            "codigo": "2pIFN7JBkN",
            "total": 14,
            "valor_unitario": 772552,
            "descuento": 0.48,
            "IVA": 19
        },
        {
            "codigo": "WLOdEf6ccn",
            "total": 8,
            "valor_unitario": 153313,
            "descuento": 0.2,
            "IVA": 19
        },
        {
            "codigo": "Hq7uNsLoqk",
            "total": 11,
            "valor_unitario": 794877,
            "descuento": 0.26,
            "IVA": 5
        },
        {
            "codigo": "HoxibG4OZn",
            "total": 4,
            "valor_unitario": 323096,
            "descuento": 0.32,
            "IVA": 5
        },
        {
            "codigo": "D5sYkyFRoI",
            "total": 2,
            "valor_unitario": 544367,
            "descuento": 0.12,
            "IVA": 0
        },
        {
            "codigo": "tIU0XNk3VG",
            "total": 10,
            "valor_unitario": 153003,
            "descuento": 0.47,
            "IVA": 0
        },
        {
            "codigo": "AuigptJUHO",
            "total": 20,
            "valor_unitario": 695866,
            "descuento": 0.11,
            "IVA": 19
        },
        {
            "codigo": "u6Yos3eJcD",
            "total": 15,
            "valor_unitario": 682946,
            "descuento": 0.15,
            "IVA": 0
        },
        {
            "codigo": "5LUIWLfjiB",
            "total": 15,
            "valor_unitario": 984751,
            "descuento": 0.34,
            "IVA": 5
        },
        {
            "codigo": "PIVyKxjVoF",
            "total": 16,
            "valor_unitario": 981914,
            "descuento": 0.35,
            "IVA": 0
        },
        {
            "codigo": "0bYBVtLgjK",
            "total": 20,
            "valor_unitario": 148653,
            "descuento": 0.15,
            "IVA": 5
        },
        {
            "codigo": "L4Cwbjm7IB",
            "total": 4,
            "valor_unitario": 452534,
            "descuento": 0.41,
            "IVA": 19
        },
        {
            "codigo": "gPZ2VXpSBa",
            "total": 11,
            "valor_unitario": 348394,
            "descuento": 0.1,
            "IVA": 0
        },
        {
            "codigo": "VZc870HChU",
            "total": 17,
            "valor_unitario": 445412,
            "descuento": 0.02,
            "IVA": 5
        },
        {
            "codigo": "VqmRi6aDqn",
            "total": 6,
            "valor_unitario": 282021,
            "descuento": 0.43,
            "IVA": 0
        }
    ]
}