{
    "empresa_nit": "987654321",
    "empresa_ciudad": "BOGOTA",
    "empresa_sede": "terminal",
    "empresa_nombre": "FrutiBarato",
    "fecha_hora": "2024-08-30 08:09:18",
    "factura_num": "01370",
    "ciente_numero": 199473827,
    "pago_tipo": "TAR.CREDITO",
    "productos": [
        {
            "codigo": "3G6qm2HFLC",
            "total": 15,
            "valor_unitario": 638313,
            "descuento": 0.38,
            "IVA": 5
        },
        {
            "codigo": "FU6Ipv5VwG",
            "total": 20,
            "valor_unitario": 246244,
            "descuento": 0.05,
            "IVA": 5
        },
        {
            "codigo": "NIqji70IkQ",
            "total": 4,
            "valor_unitario": 723836,
            "descuento": 0.23,
            "IVA": 5
        },
        {
            "codigo": "ph8xMZmTbX",
            "total": 18,
            "valor_unitario": 495333,
            "descuento": 0.29,
            "IVA": 19
        },
        {
            "codigo": "uYEk0JjGXP",
            "total": 17,
            "valor_unitario": 648433,
            "descuento": 0.06,
            "IVA": 0
        },
        {
            "codigo": "XnVXctv8OK",
            "total": 19,
            "valor_unitario": 814447,
            "descuento": 0.15,
            "IVA": 19
        },
        {
            "codigo": "Da0GM6Xv66",
            "total": 9,
            "valor_unitario": 862599,
            "descuento": 0.16,
            "IVA": 0
        },
        {
            "codigo": "pDEJ9GsKls",
            "total": 4,
            "valor_unitario": 556022,
            "descuento": 0.45,
            "IVA": 19
        }
    ]
}