{
    "empresa_nit": "987654321",
    "empresa_ciudad": "MEDELLIN",
    "empresa_sede": "terminal",
    "empresa_nombre": "FrutiBarato",
    "fecha_hora": "2020-10-25 07:40:22",
    "factura_num": "01253",
    "ciente_numero": 620857086,
    "pago_tipo": "TAR.DEBITO",
    "productos": [
        {
            "codigo": "JaCsxMZd3j",
            "total": 15,
            "valor_unitario": 250486,
            "descuento": 0.17,
            "IVA": 19
        },
        {
            "codigo": "4WJlwWDed3",
            "total": 5,
            "valor_unitario": 937170,
            "descuento": 0.23,
            "IVA": 5
        },
        {
            "codigo": "nJrJXI02Sq",
            "total": 5,
            "valor_unitario": 165600,
            "descuento": 0.36,
            "IVA": 5
        },
        {
            "codigo": "PdmP4kz30K",
            "total": 18,
            "valor_unitario": 666288,
            "descuento": 0.34,
            "IVA": 19
        },
        {
            "codigo": "cgYNRjGsid",
            "total": 1,
            "valor_unitario": 588540,
            "descuento": 0.21,
            "IVA": 5
        },
        {
            "codigo": "GahEwfxNhq",
            "total": 4,
            "valor_unitario": 339666,
            "descuento": 0.09,
            "IVA": 19
        },
        {
            "codigo": "UGWmIWgGqo",
            "total": 18,
            "valor_unitario": 67366,
            "descuento": 0.2,
            "IVA": 19
        },
        {
            "codigo": "0KzGCCTVHD",
            "total": 15,
            "valor_unitario": 627162,
            "descuento": 0.08,
            "IVA": 0
        },
        {
            "codigo": "o3PchdCuAr",
            "total": 10,
            "valor_unitario": 326040,
            "descuento": 0.11,
            "IVA": 19
        },
        {
            "codigo": "UHLQDXHsBE",
            "total": 3,
            "valor_unitario": 268101,
            "descuento": 0.35,
            "IVA": 19
        },
        {
            "codigo": "XBkJ55Rx7C",
            "total": 3,
            "valor_unitario": 686464,
            "descuento": 0.15,
            "IVA": 19
        },
        {
            "codigo": "2t1eOFNBRP",
            "total": 20,
            "valor_unitario": 66741,
            "descuento": 0.19,
            "IVA": 19
        },
        {
            "codigo": "JkkRR7YtAB",
            "total": 9,
            "valor_unitario": 15790,
            "descuento": 0.37,
            "IVA": 5
        },
        {
            "codigo": "75vEfyi9vT",
            "total": 4,
            "valor_unitario": 262744,
            "descuento": 0.47,
            "IVA": 0
        },
        {
            "codigo": "I9B2OdMemx",
            "total": 1,
            "valor_unitario": 321476,
            "descuento": 0.47,
            "IVA": 19
        },
        {
            "codigo": "sp5XIVvZly",
            "total": 11,
            "valor_unitario": 720332,
            "descuento": 0.39,
            "IVA": 19
        },
        {
            "codigo": "MYhJ0UtnO1",
            "total": 18,
            "valor_unitario": 643431,
            "descuento": 0.07,
            "IVA": 5
        },
        {
            "codigo": "rcvPGUL78O",
            "total": 12,
            "valor_unitario": 572294,
            "descuento": 0.44,
            "IVA": 0
        },
        {
            "codigo": "bRsxRhq1FL",
            "total": 20,
            "valor_unitario": 894169,
            "descuento": 0.06,
            "IVA": 0
        }
    ]
}