{
    "empresa_nit": "987654321",
    "empresa_ciudad": "CALI",
    "empresa_sede": "plaza",
    "empresa_nombre": "FrutiBarato",
    "fecha_hora": "2024-06-27 04:09:15",
    "factura_num": "01323",
    "ciente_numero": 205567099,
    "pago_tipo": "TAR.CREDITO",
    "productos": [
        {
            "codigo": "8i3V7LvDUW",
            "total": 16,
            "valor_unitario": 223878,
            "descuento": 0.34,
            "IVA": 5
        },
        {
            "codigo": "RaJeOA6WoZ",
            "total": 13,
            "valor_unitario": 245792,
            "descuento": 0.23,
            "IVA": 5
        },
        {
            "codigo": "GMktIcyDt2",
            "total": 4,
            "valor_unitario": 508441,
            "descuento": 0.06,
            "IVA": 0
        },
        {
            "codigo": "9abhkgFrIQ",
            "total": 16,
            "valor_unitario": 748642,
            "descuento": 0.2,
            "IVA": 19
        },
        {
            "codigo": "ZBtIjEWbnD",
            "total": 10,
            "valor_unitario": 137029,
            "descuento": 0.32,
            "IVA": 19
        },
        {
            "codigo": "yDwRFH7GJv",
            "total": 16,
            "valor_unitario": 775552,
            "descuento": 0.31,
            "IVA": 19
        },
        {
            "codigo": "cxlug9YEGq",
            "total": 4,
            "valor_unitario": 131634,
            "descuento": 0.19,
            "IVA": 0
        },
        {
            "codigo": "iFvNIUO9BM",
            "total": 1,
            "valor_unitario": 544410,
            "descuento": 0.28,
            "IVA": 0
        },
        {
            "codigo": "fmBLhiPDE8",
            "total": 9,
            "valor_unitario": 916439,
            "descuento": 0.3,
            "IVA": 5
        },
        {
            "codigo": "xhQF1kBN2v",
            "total": 19,
            "valor_unitario": 934782,
            "descuento": 0.1,
            "IVA": 5
        },
        {
            "codigo": "4U9xuZVStz",
            "total": 15,
            "valor_unitario": 236812,
            "descuento": 0.02,
            "IVA": 0
        },
        {
            "codigo": "OSFAe34p0N",
            "total": 4,
            "valor_unitario": 150447,
            "descuento": 0.09,
            "IVA": 0
        },
        {
            "codigo": "Abv1Cl6sp9",
            "total": 14,
            "valor_unitario": 770850,
            "descuento": 0.18,
            "IVA": 19
        },
        {
            "codigo": "4nIWxbTVJk",
            "total": 3,
            "valor_unitario": 454723,
            "descuento": 0.25,
            "IVA": 5
        },
        {
            "codigo": "63g8vyZ5IM",
            "total": 11,
            "valor_unitario": 60609,
            "descuento": 0.07,
            "IVA": 19
        },
        {
            "codigo": "1nQkJZV1ST",
            "total": 17,
            "valor_unitario": 794269,
            "descuento": 0.43,
            "IVA": 5
        },
        {
            "codigo": "1CpfEG2QbF",
            "total": 1,
            "valor_unitario": 198230,
            "descuento": 0.25,
            "IVA": 0
        },
        {
            "codigo": "161FgHcjdE",
            "total": 3,
            "valor_unitario": 618865,
            "descuento": 0.45,
            "IVA": 5
        },
        {
            "codigo": "rI5OfLTPVv",
            "total": 2,
            "valor_unitario": 804944,
            "descuento": 0.31,
            "IVA": 19
        }
    ]
}