{
    "empresa_nit": "987654321",
    "empresa_ciudad": "TUNJA",
    "empresa_sede": "aeropuerto",
    "empresa_nombre": "FrutiBarato",
    "fecha_hora": "2024-08-30 00:34:39",
    "factura_num": "01293",
    "ciente_numero": 911224611,
    "pago_tipo": "TAR.DEBITO",
    "productos": [
        {
            "codigo": "aT7c6qG5xO",
            "total": 3,
            "valor_unitario": 65580,
            "descuento": 0.15,
            "IVA": 19
        },
        {
            "codigo": "y7MBRhpwfk",
            "total": 11,
            "valor_unitario": 184553,
            "descuento": 0.03,
            "IVA": 19
        },
        {
            "codigo": "005GHz2WR8",
            "total": 11,
            "valor_unitario": 205355,
            "descuento": 0.25,
            "IVA": 19
        },
        {
            "codigo": "jvQnRAcBfa",
            "total": 14,
            "valor_unitario": 385433,
            "descuento": 0.18,
            "IVA": 19
        },
        {
            "codigo": "eafSLS0Txn",
            "total": 18,
            "valor_unitario": 514180,
            "descuento": 0.17,
            "IVA": 5
        },
        {
            "codigo": "v27789oT2s",
            "total": 14,
            "valor_unitario": 73903,
            "descuento": 0.43,
            "IVA": 5
        },
        {
            "codigo": "WRyM8NDegU",
            "total": 10,
            "valor_unitario": 787567,
            "descuento": 0.37,
            "IVA": 19
        },
        {
            "codigo": "L8WefTlU5E",
            "total": 17,
            "valor_unitario": 50266,
            "descuento": 0.47,
            "IVA": 5
        },
        {
            "codigo": "jFqhahQ2Zq",
            "total": 20,
            "valor_unitario": 387142,
            "descuento": 0.15,
            "IVA": 0
        },
        {
            "codigo": "NMPOQyGQoG",
            "total": 1,
            "valor_unitario": 347886,
            "descuento": 0.2,
            "IVA": 0
        },
        {
            "codigo": "Bd9xvcF5J7",
            "total": 11,
            "valor_unitario": 873563,
            "descuento": 0.08,
            "IVA": 19
        },
        {
            "codigo": "W3dPeRbsoO",
            "total": 17,
            "valor_unitario": 463663,
            "descuento": 0.12,
            "IVA": 19
        },
        {
            "codigo": "DVVpZrxY1K",
            "total": 17,
            "valor_unitario": 492260,
            "descuento": 0.38,
            "IVA": 0
        },
        {
            "codigo": "c6ZTlLBdUk",
            "total": 11,
            "valor_unitario": 96558,
            "descuento": 0.48,
            "IVA": 19
        },
        {
            "codigo": "3VL4fsbQEe",
            "total": 13,
            "valor_unitario": 772050,
            "descuento": 0.41,
            "IVA": 5
        },
        {
            "codigo": "INYtVISO8k",
            "total": 20,
            "valor_unitario": 155903,
            "descuento": 0.25,
            "IVA": 0
        },
        {
            "codigo": "SZgUWvOuYk",
            "total": 8,
            "valor_unitario": 537351,
            "descuento": 0.4,
            "IVA": 0
        },
        {
            "codigo": "IDdSKGPPEO",
            "total": 14,
            "valor_unitario": 788422,
            "descuento": 0.05,
            "IVA": 0
        },
        {
            "codigo": "6tEQo74gsk",
            "total": 2,
            "valor_unitario": 685905,
            "descuento": 0.16,
            "IVA": 5
        }
    ]
}