{
    "empresa_nit": "987654321",
    "empresa_ciudad": "BOGOTA",
    "empresa_sede": "autopista",
    "empresa_nombre": "FrutiBarato",
    "fecha_hora": "2023-02-03 13:31:54",
    "factura_num": "01444",
    "ciente_numero": 88926816,
    "pago_tipo": "TRANFERENCIA",
    "productos": [
        {
            "codigo": "IQ6MPWO8la",
            "total": 2,
            "valor_unitario": 6341,
            "descuento": 0.48,
            "IVA": 5
        },
        {
            "codigo": "jhky77nkZC",
            "total": 18,
            "valor_unitario": 175672,
            "descuento": 0.31,
            "IVA": 19
        },
        {
            "codigo": "tj0CKirAbU",
            "total": 1,
            "valor_unitario": 586196,
            "descuento": 0.28,
            "IVA": 0
        },
        {
            "codigo": "k6bkCoroyy",
            "total": 4,
            "valor_unitario": 350882,
            "descuento": 0.31,
            "IVA": 0
        },
        {
            "codigo": "kAyJyzraf2",
            "total": 3,
            "valor_unitario": 976102,
            "descuento": 0.22,
            "IVA": 5
        },
        {
            "codigo": "cVXR0QTlXd",
            "total": 13,
            "valor_unitario": 149426,
            "descuento": 0.41,
            "IVA": 19
        },
        {
            "codigo": "wk9ndTJEpi",
            "total": 10,
            "valor_unitario": 386120,
            "descuento": 0.34,
            "IVA": 5
        },
        {
            "codigo": "tWBGIf3EE0",
            "total": 13,
            "valor_unitario": 749662,
            "descuento": 0.41,
            "IVA": 19
        },
        {
            "codigo": "bbIuKg6OUL",
            "total": 9,
            "valor_unitario": 953657,
            "descuento": 0.35,
            "IVA": 0
        },
        {
            "codigo": "c8XNoDBgsz",
            "total": 15,
            "valor_unitario": 521530,
            "descuento": 0.19,
            "IVA": 0
        },
        {
            "codigo": "lRRhOYg2jQ",
            "total": 9,
            "valor_unitario": 623382,
            "descuento": 0.1,
            "IVA": 5
        },
        {
            "codigo": "l2D1JdMjdw",
            "total": 6,
            "valor_unitario": 259399,
            "descuento": 0.37,
            "IVA": 0
        },
        {
            "codigo": "LX9AWwdbSs",
            "total": 9,
            "valor_unitario": 685374,
            "descuento": 0.31,
            "IVA": 19
        },
        {
            "codigo": "iExvho9Jtm",
            "total": 17,
            "valor_unitario": 780662,
            "descuento": 0.19,
            "IVA": 19
        },
        {
            "codigo": "bvFuQLBtoV",
            "total": 12,
            "valor_unitario": 170355,
            "descuento": 0.32,
            "IVA": 19
        },
        {
            "codigo": "yySwyClSmC",
            "total": 17,
            "valor_unitario": 741149,
            "descuento": 0.38,
            "IVA": 19
        },
        {
            "codigo": "msZULPQ3Fy",
            "total": 17,
            "valor_unitario": 865961,
            "descuento": 0.3,
            "IVA": 0
        }
    ]
}