{
    "empresa_nit": "987654321",
    "empresa_ciudad": "BOGOTA",
    "empresa_sede": "alcaldia",
    "empresa_nombre": "FrutiBarato",
    "fecha_hora": "2023-06-15 14:12:46",
    "factura_num": "00122",
    "ciente_numero": 380919667,
    "pago_tipo": "TAR.DEBITO",
    "productos": [
        {
            "codigo": "SVD6mNuXj7",
            "total": 1,
            "valor_unitario": 599060,
            "descuento": 0.28,
            "IVA": 19
        },
        {
            "codigo": "lXTrMCoE7T",
            "total": 16,
            "valor_unitario": 428453,
            "descuento": 0.3,
            "IVA": 19
        },
        {
            "codigo": "N5oxNfK4B5",
            "total": 14,
            "valor_unitario": 952579,
            "descuento": 0.22,
            "IVA": 19
        },
        {
            "codigo": "gZR6E3MwoZ",
            "total": 2,
            "valor_unitario": 44268,
            "descuento": 0.31,
            "IVA": 5
        },
        {
            "codigo": "C6eXaIUnQ0",
            "total": 19,
            "valor_unitario": 844321,
            "descuento": 0.45,
            "IVA": 19
        },
        {
            "codigo": "p6CrFKMRSb",
            "total": 11,
            "valor_unitario": 913578,
            "descuento": 0.29,
            "IVA": 0
        }
    ]
}