{
    "empresa_nit": "987654321",
    "empresa_ciudad": "TUNJA",
    "empresa_sede": "alcaldia",
    "empresa_nombre": "FrutiBarato",
    "fecha_hora": "2020-08-31 08:02:11",
    "factura_num": "01133",
    "ciente_numero": 505113443,
    "pago_tipo": "EFECTIVO",
    "productos": [
        {
            "codigo": "6coOXF8Xzm",
            "total": 14,
            "valor_unitario": 684121,
            "descuento": 0.17,
            "IVA": 5
        },
        {
            "codigo": "Lk2yqa6wGN",
            "total": 4,
            "valor_unitario": 969332,
            "descuento": 0.11,
            "IVA": 19
        },
        {
            "codigo": "b2u54G2gWP",
            "total": 5,
            "valor_unitario": 524377,
            "descuento": 0.37,
            "IVA": 5
        },
        {
            "codigo": "qsI92bVQXR",
            "total": 5,
            "valor_unitario": 420903,
            "descuento": 0.17,
            "IVA": 5
        },
        {
            "codigo": "6PTjnewfxB",
            "total": 1,
            "valor_unitario": 890023,
            "descuento": 0.12,
            "IVA": 5
        },
        {
            "codigo": "KefGJVO08M",
            "total": 19,
            "valor_unitario": 902932,
            "descuento": 0.11,
            "IVA": 5
        },
        {
            "codigo": "0HbOAoZh0H",
            "total": 4,
            "valor_unitario": 81712,
            "descuento": 0.16,
            "IVA": 5
        },
        {
            "codigo": "kQOxpahhKS",
            "total": 16,
            "valor_unitario": 953078,
            "descuento": 0.22,
            "IVA": 5
        },
        {
            "codigo": "0xzVu8VAdx",
            "total": 19,
            "valor_unitario": 617925,
            "descuento": 0.26,
            "IVA": 19
        },
        {
            "codigo": "WSQ6ISVCQ0",
            "total": 14,
            "valor_unitario": 685781,
            "descuento": 0.34,
            "IVA": 19
        },
        {
            "codigo": "tU4FrkfEYV",
            "total": 15,
            "valor_unitario": 498051,
            "descuento": 0.31,
            "IVA": 19
        },
        {
            "codigo": "OoDMXh0EkI",
            "total": 1,
            "valor_unitario": 520481,
            "descuento": 0.01,
            "IVA": 5
        },
        {
            "codigo": "gDfsQs7mah",
            "total": 16,
            "valor_unitario": 976297,
            "descuento": 0.45,
            "IVA": 5
        },
        {
            "codigo": "sEIiN4o48g",
            "total": 2,
            "valor_unitario": 99938,
            "descuento": 0.1,
            "IVA": 0
        }
    ]
}