{
    "empresa_nit": "987654321",
    "empresa_ciudad": "BARRANQUILLA",
    "empresa_sede": "alcaldia",
    "empresa_nombre": "FrutiBarato",
    "fecha_hora": "2023-02-21 13:34:40",
    "factura_num": "01333",
    "ciente_numero": 198301743,
    "pago_tipo": "TRANFERENCIA",
    "productos": [
        {
            "codigo": "OvXeKmV3je",
            "total": 7,
            "valor_unitario": 771187,
            "descuento": 0.12,
            "IVA": 5
        },
        {
            "codigo": "76oyvmdrte",
            "total": 7,
            "valor_unitario": 905266,
            "descuento": 0.19,
            "IVA": 0
        },
        {
            "codigo": "q1gC0p5i6Q",
            "total": 8,
            "valor_unitario": 7076,
            "descuento": 0.06,
            "IVA": 5
        },
        {
            "codigo": "JfbIyiwaWY",
            "total": 17,
            "valor_unitario": 750837,
            "descuento": 0.32,
            "IVA": 19
        },
        {
            "codigo": "lrzEbXjryv",
            "total": 11,
            "valor_unitario": 116794,
            "descuento": 0.21,
            "IVA": 19
        },
        {
            "codigo": "ABqLHLE5xy",
            "total": 7,
            "valor_unitario": 25764,
            "descuento": 0.35,
            "IVA": 5
        },
        {
            "codigo": "iR1BEKtzb6",
            "total": 3,
            "valor_unitario": 57950,
            "descuento": 0.2,
            "IVA": 0
        },
        {
            "codigo": "8WEyTWEjVJ",
            "total": 19,
            "valor_unitario": 936350,
            "descuento": 0.45,
            "IVA": 5
        },
        {
            "codigo": "qXrjErCIkR",
            "total": 13,
            "valor_unitario": 39197,
            "descuento": 0.07,
            "IVA": 0
        },
        {
            "codigo": "sVQKSUaOuC",
            "total": 14,
            "valor_unitario": 220907,
            "descuento": 0.02,
            "IVA": 0
        },
        {
            "codigo": "eLIjkBnTko",
            "total": 20,
            "valor_unitario": 965701,
            "descuento": 0.22,
            "IVA": 0
        },
        {
            "codigo": "RbyD7ti7k1",
            "total": 7,
            "valor_unitario": 300096,
            "descuento": 0.04,
            "IVA": 19
        },
        {
            "codigo": "DoagkKdBmG",
            "total": 11,
            "valor_unitario": 558066,
            "descuento": 0.47,
            "IVA": 19
        },
        {
            "codigo": "Ek0H0EWgxY",
            "total": 2,
            "valor_unitario": 745007,
            "descuento": 0.41,
            "IVA": 0
        }
    ]
}