{
    "empresa_nit": "987654321",
    "empresa_ciudad": "BARRANQUILLA",
    "empresa_sede": "plaza",
    "empresa_nombre": "FrutiBarato",
    "fecha_hora": "2020-01-28 14:57:20",
    "factura_num": "01435",
    "ciente_numero": 191768425,
    "pago_tipo": "TAR.CREDITO",
    "productos": [
        {
            "codigo": "vkSFpfNcSX",
            "total": 12,
            "valor_unitario": 190743,
            "descuento": 0.13,
            "IVA": 19
        },
        {
            "codigo": "A3tgw65jF9",
            "total": 4,
            "valor_unitario": 530363,
            "descuento": 0.43,
            "IVA": 5
        },
        {
            "codigo": "hVkcrORHYa",
            "total": 2,
            "valor_unitario": 404043,
            "descuento": 0.05,
            "IVA": 19
        },
        {
            "codigo": "T0tqc3TaXR",
            "total": 2,
            "valor_unitario": 427660,
            "descuento": 0.34,
            "IVA": 19
        },
        {
            "codigo": "rp9Um7FAxW",
            "total": 13,
            "valor_unitario": 215339,
            "descuento": 0.22,
            "IVA": 19
        }
    ]
}