{
    "empresa_nit": "987654321",
    "empresa_ciudad": "MEDELLIN",
    "empresa_sede": "centro",
    "empresa_nombre": "FrutiBarato",
    "fecha_hora": "2020-12-03 13:12:08",
    "factura_num": "00108",
    "ciente_numero": 231271959,
    "pago_tipo": "TRANFERENCIA",
    "productos": [
        {
            "codigo": "vs2N8zLILh",
            "total": 9,
            "valor_unitario": 459697,
            "descuento": 0.33,
            "IVA": 5
        },
        {
            "codigo": "ajwjmr5vjg",
            "total": 12,
            "valor_unitario": 647571,
            "descuento": 0.17,
            "IVA": 19
        },
        {
            "codigo": "qdu6MbLFGt",
            "total": 16,
            "valor_unitario": 147788,
            "descuento": 0.13,
            "IVA": 19
        },
        {
            "codigo": "rAxssHPagv",
            "total": 6,
            "valor_unitario": 704581,
            "descuento": 0.32,
            "IVA": 19
        },
        {
            "codigo": "hHGfrGeDfS",
            "total": 16,
            "valor_unitario": 401308,
            "descuento": 0.11,
            "IVA": 5
        },
        {
            "codigo": "wKRGMiCsxl",
            "total": 19,
            "valor_unitario": 809458,
            "descuento": 0.02,
            "IVA": 5
        },
        {
            "codigo": "ojeCeQ34f0",
            "total": 4,
            "valor_unitario": 2309,
            "descuento": 0.49,
            "IVA": 5
        },
        {
            "codigo": "VHb0s5YMHc",
            "total": 1,
            "valor_unitario": 369892,
            "descuento": 0.01,
            "IVA": 19
        },
        {
            "codigo": "L393n9HOFq",
            "total": 5,
            "valor_unitario": 44293,
            "descuento": 0.12,
            "IVA": 5
        },
        {
            "codigo": "YtpeXLCzUy",
            "total": 1,
            "valor_unitario": 538504,
            "descuento": 0.37,
            "IVA": 19
        }
    ]
}