{
    "empresa_nit": "987654321",
    "empresa_ciudad": "MEDELLIN",
    "empresa_sede": "plaza",
    "empresa_nombre": "FrutiBarato",
    "fecha_hora": "2020-11-03 09:39:25",
    "factura_num": "01025",
    "ciente_numero": 22165965,
    "pago_tipo": "EFECTIVO",
    "productos": [
        {
            "codigo": "JU0dYDMlws",
            "total": 2,
            "valor_unitario": 347764,
            "descuento": 0.42,
            "IVA": 0
        },
        {
            "codigo": "eL4bpTSm7k",
            "total": 9,
            "valor_unitario": 942073,
            "descuento": 0.36,
            "IVA": 0
        },
        {
            "codigo": "aJJEQBivyZ",
            "total": 18,
            "valor_unitario": 557326,
            "descuento": 0.09,
            "IVA": 0
        },
        {
            "codigo": "hMSeIxWUXP",
            "total": 17,
            "valor_unitario": 262972,
            "descuento": 0.26,
            "IVA": 0
        },
        {
            "codigo": "k6at8YWPvE",
            "total": 10,
            "valor_unitario": 629815,
            "descuento": 0.37,
            "IVA": 0
        },
        {
            "codigo": "Cy9VAyUC7Q",
            "total": 4,
            "valor_unitario": 902161,
            "descuento": 0.23,
            "IVA": 19
        },
        {
            "codigo": "7HzBnqysYO",
            "total": 16,
            "valor_unitario": 901586,
            "descuento": 0.07,
            "IVA": 19
        },
        {
            "codigo": "9Ml5gULTXT",
            "total": 7,
            "valor_unitario": 852049,
            "descuento": 0.48,
            "IVA": 0
        },
        {
            "codigo": "2kLAdtRJiN",
            "total": 12,
            "valor_unitario": 817549,
            "descuento": 0.43,
            "IVA": 5
        }
    ]
}