{
    "empresa_nit": "987654321",
    "empresa_ciudad": "TUNJA",
    "empresa_sede": "plaza",
    "empresa_nombre": "FrutiBarato",
    "fecha_hora": "2024-09-16 20:02:20",
    "factura_num": "00111",
    "ciente_numero": 106574531,
    "pago_tipo": "TAR.DEBITO",
    "productos": [
        {
            "codigo": "09ittRPSm1",
            "total": 4,
            "valor_unitario": 204095,
            "descuento": 0.26,
            "IVA": 5
        },
        {
            "codigo": "uO0Ry3tO6I",
            "total": 8,
            "valor_unitario": 323908,
            "descuento": 0.39,
            "IVA": 19
        },
        {
            "codigo": "DBGkU6xKMr",
            "total": 9,
            "valor_unitario": 958495,
            "descuento": 0.23,
            "IVA": 0
        },
        {
            "codigo": "qLJnVgCK42",
            "total": 20,
            "valor_unitario": 73218,
            "descuento": 0.03,
            "IVA": 5
        }
    ]
}