{
    "empresa_nit": "987654321",
    "empresa_ciudad": "BOGOTA",
    "empresa_sede": "centro",
    "empresa_nombre": "FrutiBarato",
    "fecha_hora": "2020-09-08 05:31:39",
    "factura_num": "00118",
    "ciente_numero": 247383817,
    "pago_tipo": "TAR.DEBITO",
    "productos": [
        {
            "codigo": "Kvfb5t6FKd",
            "total": 17,
            "valor_unitario": 936388,
            "descuento": 0.22,
            "IVA": 0
        },
        {
            "codigo": "VnJGhq9Lyu",
            "total": 18,
            "valor_unitario": 417290,
            "descuento": 0.18,
            "IVA": 19
        },
        {
            "codigo": "UnAm3V3CaM",
            "total": 9,
            "valor_unitario": 918632,
            "descuento": 0.32,
            "IVA": 5
        },
        {
            "codigo": "9qVN0Odi4F",
            "total": 17,
            "valor_unitario": 39085,
            "descuento": 0.32,
            "IVA": 19
        },
        {
            "codigo": "AOqamRgIpd",
            "total": 12,
            "valor_unitario": 961194,
            "descuento": 0.39,
            "IVA": 0
        },
        {
            "codigo": "afKl4qHtzU",
            "total": 6,
            "valor_unitario": 192917,
            "descuento": 0.18,
            "IVA": 19
        },
        {
            "codigo": "OX8hDYVL4h",
            "total": 4,
            "valor_unitario": 314545,
            "descuento": 0.16,
            "IVA": 0
        },
        {
            "codigo": "kLkpOpFBmk",
            "total": 18,
            "valor_unitario": 519100,
            "descuento": 0.29,
            "IVA": 19
        },
        {
            "codigo": "1AvgilI4GO",
            "total": 5,
            "valor_unitario": 501652,
            "descuento": 0.05,
            "IVA": 0
        },
        {
            "codigo": "4Bbyuxh9KU",
            "total": 12,
            "valor_unitario": 811507,
            "descuento": 0.03,
            "IVA": 0
        },
        {
            "codigo": "TW56HRhKw0",
            "total": 5,
            "valor_unitario": 261055,
            "descuento": 0.42,
            "IVA": 19
        }
    ]
}