{
    "empresa_nit": "987654321",
    "empresa_ciudad": "BARRANQUILLA",
    "empresa_sede": "terminal",
    "empresa_nombre": "FrutiBarato",
    "fecha_hora": "2020-09-14 08:10:17",
    "factura_num": "01044",
    "ciente_numero": 38221941,
    "pago_tipo": "TRANFERENCIA",
    "productos": [
        {
            "codigo": "EmYUys9IHc",
            "total": 8,
            "valor_unitario": 802476,
            "descuento": 0.08,
            "IVA": 19
        },
        {
            "codigo": "RteEkX6hd0",
            "total": 9,
            "valor_unitario": 534621,
            "descuento": 0.22,
            "IVA": 5
        },
        {
            "codigo": "MB7pWzRDVc",
            "total": 16,
            "valor_unitario": 128180,
            "descuento": 0.4,
            "IVA": 0
        },
        {
            "codigo": "rXxrpWgJjA",
            "total": 1,
            "valor_unitario": 577060,
            "descuento": 0.45,
            "IVA": 0
        },
        {
            "codigo": "7EWa1WX08j",
            "total": 18,
            "valor_unitario": 840988,
            "descuento": 0.44,
            "IVA": 0
        },
        {
            "codigo": "apX96jMTfr",
            "total": 18,
            "valor_unitario": 583997,
            "descuento": 0.04,
            "IVA": 0
        },
        {
            "codigo": "uxXIzVkcW5",
            "total": 7,
            "valor_unitario": 730446,
            "descuento": 0.17,
            "IVA": 0
        },
        {
            "codigo": "1Q32pRSyee",
            "total": 7,
            "valor_unitario": 897144,
            "descuento": 0.17,
            "IVA": 5
        },
        {
            "codigo": "8E0XG6HNyN",
            "total": 15,
            "valor_unitario": 361488,
            "descuento": 0.13,
            "IVA": 5
        }
    ]
}