{
    "empresa_nit": "987654321",
    "empresa_ciudad": "BOGOTA",
    "empresa_sede": "plaza",
    "empresa_nombre": "FrutiBarato",
    "fecha_hora": "2020-08-12 10:31:51",
    "factura_num": "01081",
    "ciente_numero": 806426190,
    "pago_tipo": "TAR.DEBITO",
    "productos": [
        {
            "codigo": "uT1WzarC4P",
            "total": 9,
            "valor_unitario": 327079,
            "descuento": 0.25,
            "IVA": 0
        },
        {
            "codigo": "aj2IMWoLIe",
            "total": 15,
            "valor_unitario": 248067,
            "descuento": 0.29,
            "IVA": 0
        },
        {
            "codigo": "tdje2WePQJ",
            "total": 16,
            "valor_unitario": 402075,
            "descuento": 0.23,
            "IVA": 19
        },
        {
            "codigo": "Iyit29lCTA",
            "total": 14,
            "valor_unitario": 246407,
            "descuento": 0.03,
            "IVA": 5
        },
        {
            "codigo": "u1bytMFCMZ",
            "total": 14,
            "valor_unitario": 361723,
            "descuento": 0.11,
            "IVA": 5
        },
        {
            "codigo": "F6VVXS5r5p",
            "total": 7,
            "valor_unitario": 4135,
            "descuento": 0.2,
            "IVA": 0
        },
        {
            "codigo": "YIFET0EbER",
            "total": 11,
            "valor_unitario": 283765,
            "descuento": 0.19,
            "IVA": 19
        },
        {
            "codigo": "KrITkNGFH5",
            "total": 17,
            "valor_unitario": 324262,
            "descuento": 0.04,
            "IVA": 5
        },
        {
            "codigo": "cit22z3A0F",
            "total": 4,
            "valor_unitario": 872460,
            "descuento": 0.28,
            "IVA": 5
        },
        {
            "codigo": "4k35yAIUSO",
            "total": 12,
            "valor_unitario": 582765,
            "descuento": 0.35,
            "IVA": 5
        },
        {
            "codigo": "Bn75XkBlmF",
            "total": 7,
            "valor_unitario": 598043,
            "descuento": 0.16,
            "IVA": 19
        },
        {
            "codigo": "X9aefg8Ffq",
            "total": 18,
            "valor_unitario": 435659,
            "descuento": 0.23,
            "IVA": 5
        },
        {
            "codigo": "1XWzaN0zKm",
            "total": 1,
            "valor_unitario": 534176,
            "descuento": 0.22,
            "IVA": 5
        },
        {
            "codigo": "usypPUDPgZ",
            "total": 1,
            "valor_unitario": 38641,
            "descuento": 0.43,
            "IVA": 19
        },
        {
            "codigo": "H0tjI8Rnxp",
            "total": 14,
            "valor_unitario": 202522,
            "descuento": 0.3,
            "IVA": 19
        },
        {
            "codigo": "8FWeZGZiAU",
            "total": 5,
            "valor_unitario": 722043,
            "descuento": 0.25,
            "IVA": 19
        },
        {
            "codigo": "nUcMbxQnAc",
            "total": 12,
            "valor_unitario": 219460,
            "descuento": 0.13,
            "IVA": 19
        },
        {
            "codigo": "QlcNPOgTQw",
            "total": 16,
            "valor_unitario": 193793,
            "descuento": 0.46,
            "IVA": 5
        },
        {
            "codigo": "czHu3yg8M9",
            "total": 11,
            "valor_unitario": 976856,
            "descuento": 0.22,
            "IVA": 5
        },
        {
            "codigo": "mU4X1igMkM",
            "total": 17,
            "valor_unitario": 817259,
            "descuento": 0.3,
            "IVA": 19
        }
    ]
}