{
    "empresa_nit": "987654321",
    "empresa_ciudad": "BARRANQUILLA",
    "empresa_sede": "centro",
    "empresa_nombre": "FrutiBarato",
    "fecha_hora": "2021-11-03 15:40:35",
    "factura_num": "01144",
    "ciente_numero": 158499440,
    "pago_tipo": "TRANFERENCIA",
    "productos": [
        {
            "codigo": "RQZTf3LqaP",
            "total": 12,
            "valor_unitario": 431091,
            "descuento": 0.41,
            "IVA": 19
        },
        {
            "codigo": "uApYklwC0M",
            "total": 3,
            "valor_unitario": 296988,
            "descuento": 0.06,
            "IVA": 5
        },
        {
            "codigo": "CutXdISNw1",
            "total": 12,
            "valor_unitario": 724269,
            "descuento": 0.16,
            "IVA": 19
        },
        {
            "codigo": "hzshBswXVt",
            "total": 9,
            "valor_unitario": 660578,
            "descuento": 0.0,
            "IVA": 19
        },
        {
            "codigo": "hVdOAdHEXU",
            "total": 16,
            "valor_unitario": 385453,
            "descuento": 0.01,
            "IVA": 5
        },
        {
            "codigo": "7FTMSyWZzA",
            "total": 17,
            "valor_unitario": 150258,
            "descuento": 0.11,
            "IVA": 19
        },
        {
            "codigo": "htshwpWYkK",
            "total": 6,
            "valor_unitario": 256387,
            "descuento": 0.5,
            "IVA": 19
        },
        {
            "codigo": "LoTDOZyOms",
            "total": 8,
            "valor_unitario": 480700,
            "descuento": 0.28,
            "IVA": 5
        },
        {
            "codigo": "5vwN0rTqtu",
            "total": 2,
            "valor_unitario": 681056,
            "descuento": 0.39,
            "IVA": 19
        },
        {
            "codigo": "QDD5odo3E7",
            "total": 14,
            "valor_unitario": 750221,
            "descuento": 0.46,
            "IVA": 19
        },
        {
            "codigo": "t0SwsfSFCE",
            "total": 2,
            "valor_unitario": 505188,
            "descuento": 0.38,
            "IVA": 0
        },
        {
            "codigo": "qQefpR2Sjo",
            "total": 5,
            "valor_unitario": 588008,
            "descuento": 0.12,
            "IVA": 19
        },
        {
            "codigo": "1xVY8yfcf5",
            "total": 7,
            "valor_unitario": 18154,
            "descuento": 0.32,
            "IVA": 5
        }
    ]
}