{
    "empresa_nit": "987654321",
    "empresa_ciudad": "TUNJA",
    "empresa_sede": "terminal",
    "empresa_nombre": "FrutiBarato",
    "fecha_hora": "2024-08-04 02:39:20",
    "factura_num": "01364",
    "ciente_numero": 434464479,
    "pago_tipo": "EFECTIVO",
    "productos": [
        {
            "codigo": "nIeodWATvX",
            "total": 5,
            "valor_unitario": 128191,
            "descuento": 0.25,
            "IVA": 19
        },
        {
            "codigo": "iN9g8EAmzN",
            "total": 6,
            "valor_unitario": 465701,
            "descuento": 0.37,
            "IVA": 19
        },
        {
            "codigo": "vrh2eAkWhL",
            "total": 19,
            "valor_unitario": 138271,
            "descuento": 0.38,
            "IVA": 5
        },
        {
            "codigo": "7y5wJC3jsk",
            "total": 14,
            "valor_unitario": 296606,
            "descuento": 0.24,
            "IVA": 0
        },
        {
            "codigo": "Hxzw1iGSyt",
            "total": 8,
            "valor_unitario": 128163,
            "descuento": 0.42,
            "IVA": 5
        },
        {
            "codigo": "jOTf8w3Hi2",
            "total": 14,
            "valor_unitario": 5713,
            "descuento": 0.33,
            "IVA": 0
        },
        {
            "codigo": "tADoSYo6vA",
            "total": 12,
            "valor_unitario": 698280,
            "descuento": 0.38,
            "IVA": 19
        }
    ]
}