{
    "empresa_nit": "987654321",
    "empresa_ciudad": "BOGOTA",
    "empresa_sede": "aeropuerto",
    "empresa_nombre": "FrutiBarato",
    "fecha_hora": "2021-02-18 19:49:20",
    "factura_num": "01111",
    "ciente_numero": 514651799,
    "pago_tipo": "EFECTIVO",
    "productos": [
        {
            "codigo": "Lolkpt55Ct",
            "total": 17,
            "valor_unitario": 403750,
            "descuento": 0.29,
            "IVA": 0
        },
        {
            "codigo": "Zf15TAyMxI",
            "total": 8,
            "valor_unitario": 126833,
            "descuento": 0.18,
            "IVA": 19
        },
        {
            "codigo": "rwI2TAcrcP",
            "total": 2,
            "valor_unitario": 792991,
            "descuento": 0.17,
            "IVA": 0
        },
        {
            "codigo": "WXZ1EMI0Mm",
            "total": 8,
            "valor_unitario": 394957,
            "descuento": 0.22,
            "IVA": 5
        },
        {
            "codigo": "wU68FuM2lt",
            "total": 5,
            "valor_unitario": 922831,
            "descuento": 0.09,
            "IVA": 0
        },
        {
            "codigo": "5fgrZZf8n7",
            "total": 6,
            "valor_unitario": 604062,
            "descuento": 0.09,
            "IVA": 5
        },
        {
            "codigo": "ElUFjQmsZE",
            "total": 2,
            "valor_unitario": 296345,
            "descuento": 0.45,
            "IVA": 19
        },
        {
            "codigo": "SXjY2objHL",
            "total": 8,
            "valor_unitario": 87571,
            "descuento": 0.14,
            "IVA": 19
        }
    ]
}