{
    "empresa_nit": "987654321",
    "empresa_ciudad": "BARRANQUILLA",
    "empresa_sede": "plaza",
    "empresa_nombre": "FrutiBarato",
    "fecha_hora": "2024-08-18 00:52:25",
    "factura_num": "01297",
    "ciente_numero": 427842144,
    "pago_tipo": "EFECTIVO",
    "productos": [
        {
            "codigo": "1f0BgqR4BU",
            "total": 20,
            "valor_unitario": 44353,
            "descuento": 0.48,
            "IVA": 5
        },
        {
            "codigo": "5oxJkugK8u",
            "total": 5,
            "valor_unitario": 752238,
            "descuento": 0.18,
            "IVA": 5
        },
        {
            "codigo": "HjY6Di4YFX",
            "total": 18,
            "valor_unitario": 744762,
            "descuento": 0.01,
            "IVA": 0
        },
        {
            "codigo": "dmCP5DfH2R",
            "total": 20,
            "valor_unitario": 29419,
            "descuento": 0.26,
            "IVA": 5
        },
        {
            "codigo": "Xgc3QCrgdD",
            "total": 2,
            "valor_unitario": 239888,
            "descuento": 0.27,
            "IVA": 19
        },
        {
            "codigo": "9ZAC9v63oT",
            "total": 18,
            "valor_unitario": 472710,
            "descuento": 0.21,
            "IVA": 5
        },
        {
            "codigo": "dVzd7A9MJ2",
            "total": 12,
            "valor_unitario": 551807,
            "descuento": 0.03,
            "IVA": 0
        },
        {
            "codigo": "c0CK0fsAig",
            "total": 12,
            "valor_unitario": 248148,
            "descuento": 0.1,
            "IVA": 5
        },
        {
            "codigo": "nG1kYTJf87",
            "total": 19,
            "valor_unitario": 213482,
            "descuento": 0.08,
            "IVA": 0
        }
    ]
}