{
    "empresa_nit": "987654321",
    "empresa_ciudad": "TUNJA",
    "empresa_sede": "terminal",
    "empresa_nombre": "FrutiBarato",
    "fecha_hora": "2020-09-21 19:10:42",
    "factura_num": "01006",
    "ciente_numero": 249693734,
    "pago_tipo": "TRANFERENCIA",
    "productos": [
        {
            "codigo": "o61VN2zBFQ",
            "total": 9,
            "valor_unitario": 201257,
            "descuento": 0.26,
            "IVA": 19
        },
        {
            "codigo": "aM5H17i4vD",
            "total": 16,
            "valor_unitario": 19550,
            "descuento": 0.43,
            "IVA": 0
        },
        {
            "codigo": "gi0FK7Qx9y",
            "total": 16,
            "valor_unitario": 167191,
            "descuento": 0.49,
            "IVA": 19
        },
        {
            "codigo": "p5yuNbPcKb",
            "total": 9,
            "valor_unitario": 527988,
            "descuento": 0.05,
            "IVA": 5
        },
        {
            "codigo": "qVNJbsqeAw",
            "total": 19,
            "valor_unitario": 63938,
            "descuento": 0.2,
            "IVA": 5
        },
        {
            "codigo": "8bPwz5JSB4",
            "total": 10,
            "valor_unitario": 513580,
            "descuento": 0.32,
            "IVA": 5
        },
        {
            "codigo": "0itK5ZngqM",
            "total": 7,
            "valor_unitario": 88734,
            "descuento": 0.02,
            "IVA": 19
        },
        {
            "codigo": "rBWR5SZgCr",
            "total": 4,
            "valor_unitario": 424401,
            "descuento": 0.08,
            "IVA": 19
        },
        {
            "codigo": "7aCX18L5lg",
            "total": 15,
            "valor_unitario": 270686,
            "descuento": 0.14,
            "IVA": 0
        },
        {
            "codigo": "GENPJIVu42",
            "total": 16,
            "valor_unitario": 573940,
            "descuento": 0.23,
            "IVA": 19
        }
    ]
}