{
    "empresa_nit": "987654321",
    "empresa_ciudad": "TUNJA",
    "empresa_sede": "autopista",
    "empresa_nombre": "FrutiBarato",
    "fecha_hora": "2024-01-19 13:44:07",
    "factura_num": "01264",
    "ciente_numero": 169744520,
    "pago_tipo": "EFECTIVO",
    "productos": [
        {
            "codigo": "UHHK1XWM9G",
            "total": 14,
            "valor_unitario": 179931,
            "descuento": 0.06,
            "IVA": 0
        },
        {
            "codigo": "docSQBVFM1",
            "total": 16,
            "valor_unitario": 809144,
            "descuento": 0.01,
            "IVA": 19
        },
        {
            "codigo": "VoWugy1PHZ",
            "total": 20,
            "valor_unitario": 528793,
            "descuento": 0.15,
            "IVA": 19
        },
        {
            "codigo": "2KTl6LiaF5",
            "total": 4,
            "valor_unitario": 145701,
            "descuento": 0.43,
            "IVA": 0
        },
        {
            "codigo": "M2fi7BPlcg",
            "total": 15,
            "valor_unitario": 10839,
            "descuento": 0.18,
            "IVA": 5
        },
        {
            "codigo": "WbgotgFrDj",
            "total": 14,
            "valor_unitario": 733821,
            "descuento": 0.39,
            "IVA": 19
        },
        {
            "codigo": "rGwMtukHJf",
            "total": 19,
            "valor_unitario": 578227,
            "descuento": 0.37,
            "IVA": 19
        },
        {
            "codigo": "kIvIkgXXh2",
            "total": 16,
            "valor_unitario": 275308,
            "descuento": 0.22,
            "IVA": 0
        },
        {
            "codigo": "fi5PJzVSHe",
            "total": 13,
            "valor_unitario": 216632,
            "descuento": 0.33,
            "IVA": 0
        },
        {
            "codigo": "dg1PAI3pCo",
            "total": 10,
            "valor_unitario": 707963,
            "descuento": 0.22,
            "IVA": 19
        },
        {
            "codigo": "lqQK7mYY73",
            "total": 9,
            "valor_unitario": 770942,
            "descuento": 0.21,
            "IVA": 0
        },
        {
            "codigo": "ltnuc0QI24",
            "total": 4,
            "valor_unitario": 100608,
            "descuento": 0.14,
            "IVA": 19
        },
        {
            "codigo": "vSBInOOCX6",
            "total": 19,
            "valor_unitario": 83607,
            "descuento": 0.33,
            "IVA": 5
        },
        {
            "codigo": "u9Npp9LHdW",
            "total": 2,
            "valor_unitario": 915887,
            "descuento": 0.3,
            "IVA": 19
        },
        {
            "codigo": "DhYoHBZgZH",
            "total": 9,
            "valor_unitario": 901794,
            "descuento": 0.19,
            "IVA": 19
        },
        {
            "codigo": "2Ws8cicymj",
            "total": 6,
            "valor_unitario": 301220,
            "descuento": 0.22,
            "IVA": 5
        },
        {
            "codigo": "O5wPW7m60G",
            "total": 10,
            "valor_unitario": 448194,
            "descuento": 0.48,
            "IVA": 19
        },
        {
            "codigo": "gorFZJrs0A",
            "total": 11,
            "valor_unitario": 849883,
            "descuento": 0.35,
            "IVA": 5
        },
        {
            "codigo": "nb6axUMkYx",
            "total": 9,
            "valor_unitario": 363937,
            "descuento": 0.45,
            "IVA": 19
        },
        {
            "codigo": "vLoljFnHe9",
            "total": 18,
            "valor_unitario": 169725,
            "descuento": 0.1,
            "IVA": 0
        }
    ]
}