{
    "empresa_nit": "987654321",
    "empresa_ciudad": "BARRANQUILLA",
    "empresa_sede": "alcaldia",
    "empresa_nombre": "FrutiBarato",
    "fecha_hora": "2023-11-21 04:56:31",
    "factura_num": "01432",
    "ciente_numero": 41953173,
    "pago_tipo": "EFECTIVO",
    "productos": [
        {
            "codigo": "acaC9tkWAp",
            "total": 14,
            "valor_unitario": 338764,
            "descuento": 0.45,
            "IVA": 19
        },
        {
            "codigo": "qqbwBeKnGO",
            "total": 3,
            "valor_unitario": 935190,
            "descuento": 0.27,
            "IVA": 5
        }
    ]
}