{
    "empresa_nit": "987654321",
    "empresa_ciudad": "MEDELLIN",
    "empresa_sede": "aeropuerto",
    "empresa_nombre": "FrutiBarato",
    "fecha_hora": "2024-11-04 07:37:30",
    "factura_num": "01335",
    "ciente_numero": 378776842,
    "pago_tipo": "TAR.CREDITO",
    "productos": [
        {
            "codigo": "rnwocDSPsV",
            "total": 2,
            "valor_unitario": 829933,
            "descuento": 0.4,
            "IVA": 0
        },
        {
            "codigo": "9k5m4xwBF7",
            "total": 11,
            "valor_unitario": 205733,
            "descuento": 0.42,
            "IVA": 19
        },
        {
            "codigo": "1PbLX3KFDE",
            "total": 11,
            "valor_unitario": 598496,
            "descuento": 0.24,
            "IVA": 0
        },
        {
            "codigo": "AUNFMmXQzL",
            "total": 1,
            "valor_unitario": 381941,
            "descuento": 0.01,
            "IVA": 19
        },
        {
            "codigo": "zhu8I7QR56",
            "total": 3,
            "valor_unitario": 760411,
            "descuento": 0.28,
            "IVA": 19
        },
        {
            "codigo": "5DvJQWDuKO",
            "total": 19,
            "valor_unitario": 979910,
            "descuento": 0.3,
            "IVA": 0
        },
        {
            "codigo": "Fs2d9teTr6",
            "total": 20,
            "valor_unitario": 503703,
            "descuento": 0.25,
            "IVA": 5
        },
        {
            "codigo": "vkhbz3hiVc",
            "total": 16,
            "valor_unitario": 152455,
            "descuento": 0.09,
            "IVA": 19
        },
        {
            "codigo": "dqYScI6ehX",
            "total": 17,
            "valor_unitario": 669510,
            "descuento": 0.35,
            "IVA": 19
        },
        {
            "codigo": "scqH8fsZqW",
            "total": 17,
            "valor_unitario": 875658,
            "descuento": 0.07,
            "IVA": 19
        }
    ]
}