{
    "empresa_nit": "987654321",
    "empresa_ciudad": "BARRANQUILLA",
    "empresa_sede": "centro",
    "empresa_nombre": "FrutiBarato",
    "fecha_hora": "2023-02-03 09:30:27",
    "factura_num": "01211",
    "ciente_numero": 510122222,
    "pago_tipo": "EFECTIVO",
    "productos": [
        {
            "codigo": "0w1WICl148",
            "total": 17,
            "valor_unitario": 858964,
            "descuento": 0.46,
            "IVA": 0
        },
        {
            "codigo": "LUeuDwmh0t",
            "total": 9,
            "valor_unitario": 627575,
            "descuento": 0.18,
            "IVA": 19
        },
        {
            "codigo": "A4DPlHIbUw",
            "total": 7,
            "valor_unitario": 359400,
            "descuento": 0.4,
            "IVA": 0
        },
        {
            "codigo": "uPcgDMuqDF",
            "total": 14,
            "valor_unitario": 889571,
            "descuento": 0.03,
            "IVA": 19
        },
        {
            "codigo": "F1gLtYw4vu",
            "total": 7,
            "valor_unitario": 21989,
            "descuento": 0.4,
            "IVA": 5
        },
        {
            "codigo": "oZkl5czyaA",
            "total": 14,
            "valor_unitario": 725055,
            "descuento": 0.39,
            "IVA": 0
        },
        {
            "codigo": "kwWbZTPsFF",
            "total": 19,
            "valor_unitario": 827537,
            "descuento": 0.38,
            "IVA": 5
        },
        {
            "codigo": "lDobQ1dGHo",
            "total": 4,
            "valor_unitario": 357342,
            "descuento": 0.11,
            "IVA": 5
        },
        {
            "codigo": "LzRevupssa",
            "total": 17,
            "valor_unitario": 239607,
            "descuento": 0.38,
            "IVA": 0
        },
        {
            "codigo": "ZcG1zWzc1B",
            "total": 19,
            "valor_unitario": 738052,
            "descuento": 0.08,
            "IVA": 5
        },
        {
            "codigo": "kOba76vyyu",
            "total": 7,
            "valor_unitario": 275793,
            "descuento": 0.07,
            "IVA": 5
        },
        {
            "codigo": "qMbDNhkGjF",
            "total": 2,
            "valor_unitario": 963989,
            "descuento": 0.24,
            "IVA": 19
        }
    ]
}