{
    "empresa_nit": "987654321",
    "empresa_ciudad": "TUNJA",
    "empresa_sede": "centro",
    "empresa_nombre": "FrutiBarato",
    "fecha_hora": "2023-09-26 02:44:17",
    "factura_num": "01035",
    "ciente_numero": 863532350,
    "pago_tipo": "TAR.DEBITO",
    "productos": [
        {
            "codigo": "TGY21dlKOu",
            "total": 18,
            "valor_unitario": 612127,
            "descuento": 0.48,
            "IVA": 5
        },
        {
            "codigo": "8CGpiGqfPu",
            "total": 2,
            "valor_unitario": 536055,
            "descuento": 0.22,
            "IVA": 0
        },
        {
            "codigo": "gyW7XCMKRI",
            "total": 1,
            "valor_unitario": 528423,
            "descuento": 0.1,
            "IVA": 19
        },
        {
            "codigo": "UwkVkBRnX5",
            "total": 12,
            "valor_unitario": 531649,
            "descuento": 0.33,
            "IVA": 0
        },
        {
            "codigo": "67lBosvvA4",
            "total": 17,
            "valor_unitario": 377196,
            "descuento": 0.42,
            "IVA": 0
        },
        {
            "codigo": "1kbzmpv38m",
            "total": 18,
            "valor_unitario": 720554,
            "descuento": 0.22,
            "IVA": 5
        },
        {
            "codigo": "8Wj0vcjTge",
            "total": 9,
            "valor_unitario": 14754,
            "descuento": 0.25,
            "IVA": 0
        },
        {
            "codigo": "Nt0FN0kPNH",
            "total": 15,
            "valor_unitario": 420450,
            "descuento": 0.07,
            "IVA": 19
        },
        {
            "codigo": "3ysds4RXhI",
            "total": 5,
            "valor_unitario": 653345,
            "descuento": 0.46,
            "IVA": 0
        }
    ]
}