{
    "empresa_nit": "987654321",
    "empresa_ciudad": "MEDELLIN",
    "empresa_sede": "alcaldia",
    "empresa_nombre": "FrutiBarato",
    "fecha_hora": "2023-05-23 12:00:11",
    "factura_num": "01353",
    "ciente_numero": 646936412,
    "pago_tipo": "TRANFERENCIA",
    "productos": [
        {
            "codigo": "2Ta647VasP",
            "total": 13,
            "valor_unitario": 407524,
            "descuento": 0.46,
            "IVA": 0
        },
        {
            "codigo": "PyyS2paXaR",
            "total": 16,
            "valor_unitario": 26032,
            "descuento": 0.18,
            "IVA": 19
        },
        {
            "codigo": "AYbeIRk0xi",
            "total": 2,
            "valor_unitario": 568959,
            "descuento": 0.11,
            "IVA": 0
        },
        {
            "codigo": "er5fphAgFU",
            "total": 5,
            "valor_unitario": 401345,
            "descuento": 0.43,
            "IVA": 0
        },
        {
            "codigo": "596IDxGTB0",
            "total": 19,
            "valor_unitario": 637269,
            "descuento": 0.29,
            "IVA": 0
        }
    ]
}