{
    "empresa_nit": "987654321",
    "empresa_ciudad": "BOGOTA",
    "empresa_sede": "plaza",
    "empresa_nombre": "FrutiBarato",
    "fecha_hora": "2021-06-13 06:03:02",
    "factura_num": "01013",
    "ciente_numero": 122491751,
    "pago_tipo": "EFECTIVO",
    "productos": [
        {
            "codigo": "VDsg3RqiQW",
            "total": 18,
            "valor_unitario": 169503,
            "descuento": 0.17,
            "IVA": 5
        },
        {
            "codigo": "lrgYYgKITe",
            "total": 12,
            "valor_unitario": 581808,
            "descuento": 0.29,
            "IVA": 0
        },
        {
            "codigo": "an0vIKJtCe",
            "total": 4,
            "valor_unitario": 580823,
            "descuento": 0.18,
            "IVA": 19
        },
        {
            "codigo": "Rx2jdAMmKk",
            "total": 6,
            "valor_unitario": 818994,
            "descuento": 0.07,
            "IVA": 5
        },
        {
            "codigo": "iHiQzybXlf",
            "total": 16,
            "valor_unitario": 435026,
            "descuento": 0.47,
            "IVA": 5
        },
        {
            "codigo": "r7jYbsGRIo",
            "total": 1,
            "valor_unitario": 414682,
            "descuento": 0.12,
            "IVA": 19
        },
        {
            "codigo": "sYvwddBQqM",
            "total": 12,
            "valor_unitario": 926047,
            "descuento": 0.05,
            "IVA": 0
        },
        {
            "codigo": "QvqplWxuTA",
            "total": 9,
            "valor_unitario": 31655,
            "descuento": 0.3,
            "IVA": 19
        },
        {
            "codigo": "8cniaibLR3",
            "total": 11,
            "valor_unitario": 653021,
            "descuento": 0.19,
            "IVA": 19
        },
        {
            "codigo": "EhzVOuU86y",
            "total": 9,
            "valor_unitario": 325073,
            "descuento": 0.15,
            "IVA": 5
        },
        {
            "codigo": "cbYDfuJ5f9",
            "total": 12,
            "valor_unitario": 644307,
            "descuento": 0.14,
            "IVA": 0
        }
    ]
}