{
    "empresa_nit": "987654321",
    "empresa_ciudad": "BOGOTA",
    "empresa_sede": "terminal",
    "empresa_nombre": "FrutiBarato",
    "fecha_hora": "2021-05-01 20:36:41",
    "factura_num": "01058",
    "ciente_numero": 160962978,
    "pago_tipo": "TAR.DEBITO",
    "productos": [
        {
            "codigo": "12bcJCUZoC",
            "total": 1,
            "valor_unitario": 427698,
            "descuento": 0.47,
            "IVA": 5
        },
        {
            "codigo": "3oQikQXu9j",
            "total": 11,
            "valor_unitario": 79262,
            "descuento": 0.2,
            "IVA": 5
        },
        {
            "codigo": "WggElWv0We",
            "total": 8,
            "valor_unitario": 169495,
            "descuento": 0.26,
            "IVA": 19
        }
    ]
}