{
    "empresa_nit": "987654321",
    "empresa_ciudad": "MEDELLIN",
    "empresa_sede": "autopista",
    "empresa_nombre": "FrutiBarato",
    "fecha_hora": "2025-03-02 10:40:32",
    "factura_num": "01063",
    "ciente_numero": 79437351,
    "pago_tipo": "TAR.DEBITO",
    "productos": [
        {
            "codigo": "IYiXQLZ19x",
            "total": 9,
            "valor_unitario": 360590,
            "descuento": 0.27,
            "IVA": 0
        },
        {
            "codigo": "AYYgZiPKvf",
            "total": 20,
            "valor_unitario": 886063,
            "descuento": 0.41,
            "IVA": 0
        },
        {
            "codigo": "Y7hvdX9UeA",
            "total": 7,
            "valor_unitario": 190955,
            "descuento": 0.32,
            "IVA": 19
        },
        {
            "codigo": "NylCyDIIZu",
            "total": 1,
            "valor_unitario": 955786,
            "descuento": 0.48,
            "IVA": 0
        },
        {
            "codigo": "sjLwio6EQq",
            "total": 8,
            "valor_unitario": 679878,
            "descuento": 0.26,
            "IVA": 0
        },
        {
            "codigo": "9bVj8uCeCi",
            "total": 10,
            "valor_unitario": 625205,
            "descuento": 0.08,
            "IVA": 5
        },
        {
            "codigo": "XpBOuXnWbd",
            "total": 20,
            "valor_unitario": 380220,
            "descuento": 0.18,
            "IVA": 5
        },
        {
            "codigo": "mz7ozUmG8r",
            "total": 14,
            "valor_unitario": 853282,
            "descuento": 0.34,
            "IVA": 19
        },
        {
            "codigo": "vxh650XxXz",
            "total": 11,
            "valor_unitario": 685101,
            "descuento": 0.42,
            "IVA": 5
        },
        {
            "codigo": "Qoh5oRdTyI",
            "total": 16,
            "valor_unitario": 82059,
            "descuento": 0.12,
            "IVA": 5
        },
        {
            "codigo": "dxINlNRZET",
            "total": 20,
            "valor_unitario": 134818,
            "descuento": 0.22,
            "IVA": 5
        },
        {
            "codigo": "a4MdvKr6Yh",
            "total": 7,
            "valor_unitario": 526375,
            "descuento": 0.29,
            "IVA": 5
        },
        {
            "codigo": "RBy4pcmtwk",
            "total": 10,
            "valor_unitario": 636375,
            "descuento": 0.38,
            "IVA": 19
        },
        {
            "codigo": "mivfQs6rxD",
            "total": 15,
            "valor_unitario": 514512,
            "descuento": 0.32,
            "IVA": 0
        },
        {
            "codigo": "ReRnX7oEQA",
            "total": 9,
            "valor_unitario": 229132,
            "descuento": 0.25,
            "IVA": 5
        },
        {
            "codigo": "xn59izM5ht",
            "total": 3,
            "valor_unitario": 410883,
            "descuento": 0.26,
            "IVA": 5
        },
        {
            "codigo": "kESulRyN6z",
            "total": 8,
            "valor_unitario": 236505,
            "descuento": 0.0,
            "IVA": 5
        },
        {
            "codigo": "Y5Yoc1dwyC",
            "total": 6,
            "valor_unitario": 4618,
            "descuento": 0.33,
            "IVA": 0
        }
    ]
}