{
    "empresa_nit": "987654321",
    "empresa_ciudad": "TUNJA",
    "empresa_sede": "plaza",
    "empresa_nombre": "FrutiBarato",
    "fecha_hora": "2023-09-10 02:08:55",
    "factura_num": "01245",
    "ciente_numero": 680040809,
    "pago_tipo": "TAR.DEBITO",
    "productos": [
        {
            "codigo": "Dbbm28Dzfd",
            "total": 10,
            "valor_unitario": 786856,
            "descuento": 0.31,
            "IVA": 5
        },
        {
            "codigo": "Hg2ha0v0SN",
            "total": 6,
            "valor_unitario": 331230,
            "descuento": 0.32,
            "IVA": 0
        },
        {
            "codigo": "f4WkZqbMYs",
            "total": 6,
            "valor_unitario": 583332,
            "descuento": 0.48,
            "IVA": 0
        },
        {
            "codigo": "JMBbiFCEDt",
            "total": 2,
            "valor_unitario": 890610,
            "descuento": 0.41,
            "IVA": 0
        },
        {
            "codigo": "zfUHLtqOA1",
            "total": 3,
            "valor_unitario": 497050,
            "descuento": 0.33,
            "IVA": 0
        },
        {
            "codigo": "phgFLcFFUe",
            "total": 13,
            "valor_unitario": 716505,
            "descuento": 0.24,
            "IVA": 0
        },
        {
            "codigo": "qZymUjBfRk",
            "total": 13,
            "valor_unitario": 841026,
            "descuento": 0.36,
            "IVA": 19
        },
        {
            "codigo": "8HnjUJcxqU",
            "total": 9,
            "valor_unitario": 823850,
            "descuento": 0.24,
            "IVA": 19
        },
        {
            "codigo": "bF0oXS3HcR",
            "total": 5,
            "valor_unitario": 454206,
            "descuento": 0.24,
            "IVA": 5
        },
        {
            "codigo": "5TIPDaqeB9",
            "total": 14,
            "valor_unitario": 418286,
            "descuento": 0.13,
            "IVA": 0
        },
        {
            "codigo": "RlBiiAU0Jm",
            "total": 9,
            "valor_unitario": 168337,
            "descuento": 0.26,
            "IVA": 5
        },
        {
            "codigo": "G5HYBRUle2",
            "total": 16,
            "valor_unitario": 912667,
            "descuento": 0.5,
            "IVA": 0
        },
        {
            "codigo": "MnVzQFZY8n",
            "total": 9,
            "valor_unitario": 25078,
            "descuento": 0.0,
            "IVA": 19
        },
        {
            "codigo": "AeKAZE28z6",
            "total": 9,
            "valor_unitario": 168591,
            "descuento": 0.19,
            "IVA": 0
        },
        {
            "codigo": "AoOvvxDxxm",
            "total": 6,
            "valor_unitario": 183134,
            "descuento": 0.45,
            "IVA": 19
        },
        {
            "codigo": "hrHT2BKXNC",
            "total": 16,
            "valor_unitario": 222902,
            "descuento": 0.38,
            "IVA": 0
        },
        {
            "codigo": "FWZ06sgFec",
            "total": 14,
            "valor_unitario": 565914,
            "descuento": 0.28,
            "IVA": 5
        },
        {
            "codigo": "ORRYCo0X2g",
            "total": 4,
            "valor_unitario": 935838,
            "descuento": 0.11,
            "IVA": 19
        }
    ]
}