{
    "empresa_nit": "987654321",
    "empresa_ciudad": "BARRANQUILLA",
    "empresa_sede": "autopista",
    "empresa_nombre": "FrutiBarato",
    "fecha_hora": "2021-12-25 00:03:25",
    "factura_num": "01225",
    "ciente_numero": 504966144,
    "pago_tipo": "TAR.DEBITO",
    "productos": [
        {
            "codigo": "AFRrb4dHge",
            "total": 5,
            "valor_unitario": 339769,
            "descuento": 0.06,
            "IVA": 5
        },
        {
            "codigo": "6DBNjeV974",
            "total": 13,
            "valor_unitario": 400475,
            "descuento": 0.05,
            "IVA": 19
        },
        {
            "codigo": "nbHWbZM9My",
            "total": 5,
            "valor_unitario": 3212,
            "descuento": 0.23,
            "IVA": 5
        },
        {
            "codigo": "JMh2eCVOq3",
            "total": 11,
            "valor_unitario": 660328,
            "descuento": 0.25,
            "IVA": 5
        },
        {
            "codigo": "Mxzke1EGBF",
            "total": 17,
            "valor_unitario": 423252,
            "descuento": 0.15,
            "IVA": 0
        }
    ]
}