{
    "empresa_nit": "987654321",
    "empresa_ciudad": "MEDELLIN",
    "empresa_sede": "centro",
    "empresa_nombre": "FrutiBarato",
    "fecha_hora": "2021-02-28 05:19:26",
    "factura_num": "01273",
    "ciente_numero": 224096805,
    "pago_tipo": "EFECTIVO",
    "productos": [
        {
            "codigo": "wU5c5pn0FG",
            "total": 2,
            "valor_unitario": 363248,
            "descuento": 0.22,
            "IVA": 0
        },
        {
            "codigo": "5zcHNi6SBZ",
            "total": 4,
            "valor_unitario": 269299,
            "descuento": 0.36,
            "IVA": 19
        },
        {
            "codigo": "Guv3NzNUYd",
            "total": 10,
            "valor_unitario": 679495,
            "descuento": 0.09,
            "IVA": 5
        },
        {
            "codigo": "m0TAzgCd4z",
            "total": 16,
            "valor_unitario": 156152,
            "descuento": 0.45,
            "IVA": 5
        },
        {
            "codigo": "lKUTjrrRsG",
            "total": 15,
            "valor_unitario": 441853,
            "descuento": 0.19,
            "IVA": 0
        },
        {
            "codigo": "aDX9k7Fx6H",
            "total": 12,
            "valor_unitario": 472997,
            "descuento": 0.33,
            "IVA": 0
        },
        {
            "codigo": "vSVOlZY334",
            "total": 17,
            "valor_unitario": 456128,
            "descuento": 0.37,
            "IVA": 5
        },
        {
            "codigo": "BmioDrmjtM",
            "total": 14,
            "valor_unitario": 52221,
            "descuento": 0.21,
            "IVA": 0
        },
        {
            "codigo": "txN6Ck7mfT",
            "total": 11,
            "valor_unitario": 951793,
            "descuento": 0.42,
            "IVA": 19
        },
        {
            "codigo": "Nc1AitLnYp",
            "total": 15,
            "valor_unitario": 567676,
            "descuento": 0.49,
            "IVA": 5
        },
        {
            "codigo": "1Oqf9WRQNX",
            "total": 2,
            "valor_unitario": 858703,
            "descuento": 0.26,
            "IVA": 0
        },
        {
            "codigo": "Hv8BMmQVqA",
            "total": 16,
            "valor_unitario": 657201,
            "descuento": 0.18,
            "IVA": 19
        },
        {
            "codigo": "jnfDY6qAPT",
            "total": 18,
            "valor_unitario": 447740,
            "descuento": 0.29,
            "IVA": 0
        },
        {
            "codigo": "86mcO4xFDI",
            "total": 15,
            "valor_unitario": 270865,
            "descuento": 0.14,
            "IVA": 19
        },
        {
            "codigo": "YDrKPogiWa",
            "total": 16,
            "valor_unitario": 300419,
            "descuento": 0.08,
            "IVA": 19
        },
        {
            "codigo": "WNIlb1j4Qj",
            "total": 19,
            "valor_unitario": 249523,
            "descuento": 0.43,
            "IVA": 0
        }
    ]
}