{
    "empresa_nit": "987654321",
    "empresa_ciudad": "TUNJA",
    "empresa_sede": "alcaldia",
    "empresa_nombre": "FrutiBarato",
    "fecha_hora": "2022-02-18 23:29:10",
    "factura_num": "00121",
    "ciente_numero": 839902603,
    "pago_tipo": "TAR.CREDITO",
    "productos": [
        {
            "codigo": "DsjZYFtqzk",
            "total": 17,
            "valor_unitario": 411550,
            "descuento": 0.39,
            "IVA": 19
        },
        {
            "codigo": "D0yiIZwwqN",
            "total": 14,
            "valor_unitario": 941589,
            "descuento": 0.48,
            "IVA": 5
        },
        {
            "codigo": "DKKAVqGmS6",
            "total": 15,
            "valor_unitario": 238867,
            "descuento": 0.39,
            "IVA": 5
        },
        {
            "codigo": "wUncJ5DcJ9",
            "total": 11,
            "valor_unitario": 815964,
            "descuento": 0.44,
            "IVA": 5
        },
        {
            "codigo": "EMpbR9xY51",
            "total": 1,
            "valor_unitario": 484201,
            "descuento": 0.39,
            "IVA": 19
        },
        {
            "codigo": "UJ1Pc5yZpj",
            "total": 10,
            "valor_unitario": 308431,
            "descuento": 0.29,
            "IVA": 0
        },
        {
            "codigo": "GuKvMRvVU8",
            "total": 1,
            "valor_unitario": 693886,
            "descuento": 0.44,
            "IVA": 0
        },
        {
            "codigo": "5h8uWOKjPW",
            "total": 20,
            "valor_unitario": 33687,
            "descuento": 0.02,
            "IVA": 19
        },
        {
            "codigo": "ajw7xDl3ey",
            "total": 6,
            "valor_unitario": 279798,
            "descuento": 0.33,
            "IVA": 0
        },
        {
            "codigo": "e1JI1i9KAD",
            "total": 2,
            "valor_unitario": 165420,
            "descuento": 0.19,
            "IVA": 0
        },
        {
            "codigo": "BSemmOVmRQ",
            "total": 9,
            "valor_unitario": 518660,
            "descuento": 0.14,
            "IVA": 19
        },
        {
            "codigo": "mFRni61c5L",
            "total": 7,
            "valor_unitario": 136254,
            "descuento": 0.19,
            "IVA": 0
        },
        {
            "codigo": "0E02X1NWrk",
            "total": 5,
            "valor_unitario": 792101,
            "descuento": 0.04,
            "IVA": 19
        },
        {
            "codigo": "qUaLfF76nJ",
            "total": 15,
            "valor_unitario": 794049,
            "descuento": 0.42,
            "IVA": 0
        }
    ]
}