{
    "empresa_nit": "987654321",
    "empresa_ciudad": "BOGOTA",
    "empresa_sede": "terminal",
    "empresa_nombre": "FrutiBarato",
    "fecha_hora": "2023-04-29 11:08:06",
    "factura_num": "01052",
    "ciente_numero": 286547831,
    "pago_tipo": "TRANFERENCIA",
    "productos": [
        {
            "codigo": "Q6MavlZl3w",
            "total": 9,
            "valor_unitario": 790678,
            "descuento": 0.24,
            "IVA": 19
        },
        {
            "codigo": "0E1FRWJOIQ",
            "total": 7,
            "valor_unitario": 515925,
            "descuento": 0.43,
            "IVA": 0
        },
        {
            "codigo": "uSGhqQvZD1",
            "total": 18,
            "valor_unitario": 466976,
            "descuento": 0.03,
            "IVA": 19
        },
        {
            "codigo": "SIpmvi49zG",
            "total": 16,
            "valor_unitario": 424475,
            "descuento": 0.13,
            "IVA": 19
        },
        {
            "codigo": "4jDxssMSZ3",
            "total": 3,
            "valor_unitario": 733909,
            "descuento": 0.03,
            "IVA": 19
        },
        {
            "codigo": "T1ADHUZflh",
            "total": 7,
            "valor_unitario": 711637,
            "descuento": 0.01,
            "IVA": 19
        },
        {
            "codigo": "lalpyhkgXW",
            "total": 1,
            "valor_unitario": 902464,
            "descuento": 0.27,
            "IVA": 5
        },
        {
            "codigo": "NURkNdEsSH",
            "total": 18,
            "valor_unitario": 495722,
            "descuento": 0.2,
            "IVA": 0
        },
        {
            "codigo": "hoKhq6GR5N",
            "total": 10,
            "valor_unitario": 525198,
            "descuento": 0.45,
            "IVA": 0
        },
        {
            "codigo": "cojdWzFCYv",
            "total": 13,
            "valor_unitario": 90199,
            "descuento": 0.2,
            "IVA": 0
        },
        {
            "codigo": "pS8byJP7Qv",
            "total": 18,
            "valor_unitario": 772508,
            "descuento": 0.07,
            "IVA": 19
        },
        {
            "codigo": "RoLmLNV4qO",
            "total": 7,
            "valor_unitario": 503894,
            "descuento": 0.02,
            "IVA": 5
        },
        {
            "codigo": "llDMphiESP",
            "total": 15,
            "valor_unitario": 409916,
            "descuento": 0.31,
            "IVA": 0
        },
        {
            "codigo": "GG5naaTEMy",
            "total": 16,
            "valor_unitario": 879275,
            "descuento": 0.33,
            "IVA": 0
        }
    ]
}