{
    "empresa_nit": "987654321",
    "empresa_ciudad": "TUNJA",
    "empresa_sede": "autopista",
    "empresa_nombre": "FrutiBarato",
    "fecha_hora": "2022-12-15 13:15:57",
    "factura_num": "01403",
    "ciente_numero": 565992565,
    "pago_tipo": "TRANFERENCIA",
    "productos": [
        {
            "codigo": "7WuRm8HQt0",
            "total": 8,
            "valor_unitario": 395257,
            "descuento": 0.24,
            "IVA": 19
        },
        {
            "codigo": "tM0otmfErg",
            "total": 19,
            "valor_unitario": 612941,
            "descuento": 0.32,
            "IVA": 0
        },
        {
            "codigo": "WCCB2KLrjo",
            "total": 8,
            "valor_unitario": 408348,
            "descuento": 0.19,
            "IVA": 19
        },
        {
            "codigo": "csPGfOFyZw",
            "total": 15,
            "valor_unitario": 69912,
            "descuento": 0.49,
            "IVA": 5
        },
        {
            "codigo": "ysRYi9RhxZ",
            "total": 16,
            "valor_unitario": 53025,
            "descuento": 0.37,
            "IVA": 19
        },
        {
            "codigo": "guE20foHEn",
            "total": 10,
            "valor_unitario": 271882,
            "descuento": 0.09,
            "IVA": 5
        }
    ]
}