{
    "empresa_nit": "987654321",
    "empresa_ciudad": "TUNJA",
    "empresa_sede": "plaza",
    "empresa_nombre": "FrutiBarato",
    "fecha_hora": "2021-10-29 04:22:33",
    "factura_num": "00103",
    "ciente_numero": 798276800,
    "pago_tipo": "TRANFERENCIA",
    "productos": [
        {
            "codigo": "IGYwJSZbj4",
            "total": 20,
            "valor_unitario": 691201,
            "descuento": 0.44,
            "IVA": 5
        },
        {
            "codigo": "XHYStEcI6h",
            "total": 1,
            "valor_unitario": 692612,
            "descuento": 0.02,
            "IVA": 0
        },
        {
            "codigo": "gvZDC0tr7a",
            "total": 14,
            "valor_unitario": 514109,
            "descuento": 0.24,
            "IVA": 0
        },
        {
            "codigo": "ufxaqkmwxF",
            "total": 7,
            "valor_unitario": 841686,
            "descuento": 0.3,
            "IVA": 5
        },
        {
            "codigo": "ehmGg2Gc5W",
            "total": 1,
            "valor_unitario": 999052,
            "descuento": 0.45,
            "IVA": 0
        },
        {
            "codigo": "I4aZ2HCFaj",
            "total": 11,
            "valor_unitario": 871684,
            "descuento": 0.1,
            "IVA": 0
        },
        {
            "codigo": "NzW6CzGs2U",
            "total": 4,
            "valor_unitario": 699081,
            "descuento": 0.19,
            "IVA": 19
        },
        {
            "codigo": "po2Q3rsFtU",
            "total": 9,
            "valor_unitario": 445161,
            "descuento": 0.46,
            "IVA": 0
        },
        {
            "codigo": "z2tX0DKtIL",
            "total": 12,
            "valor_unitario": 122810,
            "descuento": 0.16,
            "IVA": 5
        },
        {
            "codigo": "0E4IGNYT47",
            "total": 1,
            "valor_unitario": 781956,
            "descuento": 0.34,
            "IVA": 19
        },
        {
            "codigo": "AuXbhRt4UV",
            "total": 11,
            "valor_unitario": 658748,
            "descuento": 0.33,
            "IVA": 19
        },
        {
            "codigo": "pwzVY8VlH1",
            "total": 13,
            "valor_unitario": 520838,
            "descuento": 0.48,
            "IVA": 19
        }
    ]
}