{
    "empresa_nit": "987654321",
    "empresa_ciudad": "MEDELLIN",
    "empresa_sede": "centro",
    "empresa_nombre": "FrutiBarato",
    "fecha_hora": "2023-05-10 21:32:44",
    "factura_num": "01378",
    "ciente_numero": 959997383,
    "pago_tipo": "TAR.CREDITO",
    "productos": [
        {
            "codigo": "3R30eUV2S3",
            "total": 9,
            "valor_unitario": 325776,
            "descuento": 0.42,
            "IVA": 19
        },
        {
            "codigo": "7C3YFheWWa",
            "total": 15,
            "valor_unitario": 248346,
            "descuento": 0.03,
            "IVA": 0
        },
        {
            "codigo": "TtuRQQugz5",
            "total": 13,
            "valor_unitario": 881626,
            "descuento": 0.38,
            "IVA": 0
        },
        {
            "codigo": "Sawq0X8jrX",
            "total": 14,
            "valor_unitario": 166005,
            "descuento": 0.23,
            "IVA": 19
        },
        {
            "codigo": "eBJKQZ6c3a",
            "total": 9,
            "valor_unitario": 86843,
            "descuento": 0.37,
            "IVA": 19
        },
        {
            "codigo": "afGp4uroGC",
            "total": 19,
            "valor_unitario": 874159,
            "descuento": 0.06,
            "IVA": 0
        },
        {
            "codigo": "e8T1IdY5Iz",
            "total": 6,
            "valor_unitario": 348110,
            "descuento": 0.43,
            "IVA": 5
        },
        {
            "codigo": "cBZIqKQhgk",
            "total": 7,
            "valor_unitario": 437155,
            "descuento": 0.22,
            "IVA": 5
        },
        {
            "codigo": "vm1hiaT5aM",
            "total": 3,
            "valor_unitario": 163095,
            "descuento": 0.2,
            "IVA": 5
        },
        {
            "codigo": "XcovK5KSzP",
            "total": 11,
            "valor_unitario": 576990,
            "descuento": 0.43,
            "IVA": 19
        },
        {
            "codigo": "S9vYzeEo7Z",
            "total": 1,
            "valor_unitario": 810673,
            "descuento": 0.07,
            "IVA": 19
        }
    ]
}