{
    "empresa_nit": "987654321",
    "empresa_ciudad": "BARRANQUILLA",
    "empresa_sede": "autopista",
    "empresa_nombre": "FrutiBarato",
    "fecha_hora": "2024-12-20 22:37:27",
    "factura_num": "01247",
    "ciente_numero": 826385162,
    "pago_tipo": "EFECTIVO",
    "productos": [
        {
            "codigo": "AhUlS9s1F6",
            "total": 1,
            "valor_unitario": 770397,
            "descuento": 0.15,
            "IVA": 19
        },
        {
            "codigo": "SfIoNXBuxW",
            "total": 4,
            "valor_unitario": 71895,
            "descuento": 0.45,
            "IVA": 5
        },
        {
            "codigo": "AhfmqtHp9d",
            "total": 8,
            "valor_unitario": 650318,
            "descuento": 0.1,
            "IVA": 0
        },
        {
            "codigo": "8R8r2eW84h",
            "total": 19,
            "valor_unitario": 671639,
            "descuento": 0.09,
            "IVA": 0
        },
        {
            "codigo": "DieKFObBIu",
            "total": 16,
            "valor_unitario": 513188,
            "descuento": 0.26,
            "IVA": 5
        },
        {
            "codigo": "6yRbCu1H55",
            "total": 13,
            "valor_unitario": 968989,
            "descuento": 0.49,
            "IVA": 19
        },
        {
            "codigo": "twdHZCpJXE",
            "total": 17,
            "valor_unitario": 702179,
            "descuento": 0.15,
            "IVA": 5
        },
        {
            "codigo": "rD2iOHvPjS",
            "total": 18,
            "valor_unitario": 526905,
            "descuento": 0.48,
            "IVA": 5
        },
        {
            "codigo": "ylP3MNvZ2F",
            "total": 2,
            "valor_unitario": 852937,
            "descuento": 0.38,
            "IVA": 0
        },
        {
            "codigo": "cFi4CI5qAe",
            "total": 1,
            "valor_unitario": 268715,
            "descuento": 0.1,
            "IVA": 5
        }
    ]
}