{
    "empresa_nit": "987654321",
    "empresa_ciudad": "TUNJA",
    "empresa_sede": "autopista",
    "empresa_nombre": "FrutiBarato",
    "fecha_hora": "2023-06-08 07:41:57",
    "factura_num": "01123",
    "ciente_numero": 303372246,
    "pago_tipo": "TRANFERENCIA",
    "productos": [
        {
            "codigo": "2ZqWJmbsru",
            "total": 12,
            "valor_unitario": 45481,
            "descuento": 0.25,
            "IVA": 5
        },
        {
            "codigo": "dXUEmyDz8B",
            "total": 3,
            "valor_unitario": 686295,
            "descuento": 0.01,
            "IVA": 0
        }
    ]
}