{
    "empresa_nit": "987654321",
    "empresa_ciudad": "TUNJA",
    "empresa_sede": "centro",
    "empresa_nombre": "FrutiBarato",
    "fecha_hora": "2022-03-27 03:38:23",
    "factura_num": "01447",
    "ciente_numero": 516053937,
    "pago_tipo": "TAR.CREDITO",
    "productos": [
        {
            "codigo": "ZKv8DFqQwy",
            "total": 1,
            "valor_unitario": 548973,
            "descuento": 0.19,
            "IVA": 5
        },
        {
            "codigo": "TFYVC39iVk",
            "total": 19,
            "valor_unitario": 590229,
            "descuento": 0.13,
            "IVA": 5
        },
        {
            "codigo": "sNzr6pWcKZ",
            "total": 10,
            "valor_unitario": 25976,
            "descuento": 0.3,
            "IVA": 5
        },
        {
            "codigo": "q00nVZCEjg",
            "total": 3,
            "valor_unitario": 102225,
            "descuento": 0.31,
            "IVA": 0
        },
        {
            "codigo": "zwOHvTUfDF",
            "total": 19,
            "valor_unitario": 245262,
            "descuento": 0.05,
            "IVA": 0
        },
        {
            "codigo": "NWuRzbNEDQ",
            "total": 15,
            "valor_unitario": 192555,
            "descuento": 0.49,
            "IVA": 5
        },
        {
            "codigo": "BVvznw0j3W",
            "total": 17,
            "valor_unitario": 873426,
            "descuento": 0.08,
            "IVA": 19
        },
        {
            "codigo": "q6zFGRz3Tg",
            "total": 13,
            "valor_unitario": 904644,
            "descuento": 0.16,
            "IVA": 19
        },
        {
            "codigo": "mOBrahwFR3",
            "total": 19,
            "valor_unitario": 734742,
            "descuento": 0.5,
            "IVA": 5
        },
        {
            "codigo": "bJuV7S2Dj2",
            "total": 8,
            "valor_unitario": 189859,
            "descuento": 0.05,
            "IVA": 0
        },
        {
            "codigo": "XBM5uTgCyE",
            "total": 13,
            "valor_unitario": 688442,
            "descuento": 0.19,
            "IVA": 5
        },
        {
            "codigo": "vVEuxzBiJh",
            "total": 18,
            "valor_unitario": 634045,
            "descuento": 0.25,
            "IVA": 19
        },
        {
            "codigo": "pBavTVhyQ5",
            "total": 8,
            "valor_unitario": 899418,
            "descuento": 0.44,
            "IVA": 0
        },
        {
            "codigo": "1lsaai77N5",
            "total": 11,
            "valor_unitario": 452258,
            "descuento": 0.14,
            "IVA": 19
        },
        {
            "codigo": "w7BRVrbwy4",
            "total": 3,
            "valor_unitario": 740960,
            "descuento": 0.41,
            "IVA": 19
        }
    ]
}