{
    "empresa_nit": "987654321",
    "empresa_ciudad": "MEDELLIN",
    "empresa_sede": "aeropuerto",
    "empresa_nombre": "FrutiBarato",
    "fecha_hora": "2020-11-15 05:45:26",
    "factura_num": "01277",
    "ciente_numero": 337192374,
    "pago_tipo": "TAR.DEBITO",
    "productos": [
        {
            "codigo": "dJUhYFM9ky",
            "total": 6,
            "valor_unitario": 397376,
            "descuento": 0.06,
            "IVA": 19
        },
        {
            "codigo": "qCNxHXeoRL",
            "total": 1,
            "valor_unitario": 636041,
            "descuento": 0.1,
            "IVA": 19
        },
        {
            "codigo": "vimVhTPwW6",
            "total": 13,
            "valor_unitario": 280221,
            "descuento": 0.37,
            "IVA": 5
        },
        {
            "codigo": "VvFoAnwUQ6",
            "total": 19,
            "valor_unitario": 71375,
            "descuento": 0.41,
            "IVA": 5
        }
    ]
}