{
    "empresa_nit": "987654321",
    "empresa_ciudad": "BOGOTA",
    "empresa_sede": "terminal",
    "empresa_nombre": "FrutiBarato",
    "fecha_hora": "2024-11-11 17:58:46",
    "factura_num": "01242",
    "ciente_numero": 160312135,
    "pago_tipo": "EFECTIVO",
    "productos": [
        {
            "codigo": "Uq0jVGnZzp",
            "total": 2,
            "valor_unitario": 729322,
            "descuento": 0.15,
            "IVA": 5
        },
        {
            "codigo": "B8DpiHTdPS",
            "total": 10,
            "valor_unitario": 86035,
            "descuento": 0.2,
            "IVA": 5
        },
        {
            "codigo": "TliYrG7iNh",
            "total": 20,
            "valor_unitario": 898995,
            "descuento": 0.48,
            "IVA": 5
        },
        {
            "codigo": "J5WjkY3rHc",
            "total": 3,
            "valor_unitario": 716436,
            "descuento": 0.02,
            "IVA": 0
        },
        {
            "codigo": "yeCiqwSkzV",
            "total": 6,
            "valor_unitario": 879483,
            "descuento": 0.21,
            "IVA": 0
        },
        {
            "codigo": "ncDehDSNWC",
            "total": 5,
            "valor_unitario": 888731,
            "descuento": 0.38,
            "IVA": 5
        },
        {
            "codigo": "V5YLP184Nu",
            "total": 10,
            "valor_unitario": 4620,
            "descuento": 0.14,
            "IVA": 0
        },
        {
            "codigo": "enSBHLcY3J",
            "total": 8,
            "valor_unitario": 642515,
            "descuento": 0.41,
            "IVA": 0
        },
        {
            "codigo": "uNzYobCzGr",
            "total": 9,
            "valor_unitario": 740087,
            "descuento": 0.38,
            "IVA": 0
        },
        {
            "codigo": "GjRvUVxIvV",
            "total": 17,
            "valor_unitario": 964844,
            "descuento": 0.05,
            "IVA": 19
        },
        {
            "codigo": "2quu0Icmow",
            "total": 16,
            "valor_unitario": 741741,
            "descuento": 0.45,
            "IVA": 0
        },
        {
            "codigo": "OayJNnt3hw",
            "total": 19,
            "valor_unitario": 121955,
            "descuento": 0.07,
            "IVA": 5
        },
        {
            "codigo": "qBFmBQUSSX",
            "total": 20,
            "valor_unitario": 858693,
            "descuento": 0.11,
            "IVA": 19
        },
        {
            "codigo": "pnLR8foaD3",
            "total": 7,
            "valor_unitario": 549680,
            "descuento": 0.11,
            "IVA": 5
        },
        {
            "codigo": "J1FQhoO3xt",
            "total": 2,
            "valor_unitario": 602698,
            "descuento": 0.47,
            "IVA": 19
        },
        {
            "codigo": "gCI6ZKmqXn",
            "total": 13,
            "valor_unitario": 928222,
            "descuento": 0.17,
            "IVA": 19
        },
        {
            "codigo": "Bzwp5hdN1Q",
            "total": 5,
            "valor_unitario": 246377,
            "descuento": 0.45,
            "IVA": 19
        },
        {
            "codigo": "a9LUxMAmJ9",
            "total": 2,
            "valor_unitario": 588116,
            "descuento": 0.3,
            "IVA": 0
        },
        {
            "codigo": "fmBH1vy0IS",
            "total": 4,
            "valor_unitario": 122424,
            "descuento": 0.28,
            "IVA": 19
        }
    ]
}