{
    "empresa_nit": "987654321",
    "empresa_ciudad": "MEDELLIN",
    "empresa_sede": "autopista",
    "empresa_nombre": "FrutiBarato",
    "fecha_hora": "2021-04-02 22:27:29",
    "factura_num": "01276",
    "ciente_numero": 724955961,
    "pago_tipo": "TRANFERENCIA",
    "productos": [
        {
            "codigo": "yrBTBnNgCZ",
            "total": 12,
            "valor_unitario": 207551,
            "descuento": 0.27,
            "IVA": 19
        },
        {
            "codigo": "FtRJXn5wag",
            "total": 9,
            "valor_unitario": 545368,
            "descuento": 0.34,
            "IVA": 0
        },
        {
            "codigo": "rCL1dZWvYX",
            "total": 10,
            "valor_unitario": 411300,
            "descuento": 0.12,
            "IVA": 19
        },
        {
            "codigo": "v6ghf3C31s",
            "total": 17,
            "valor_unitario": 340861,
            "descuento": 0.34,
            "IVA": 0
        },
        {
            "codigo": "OS2ZkLu5ic",
            "total": 10,
            "valor_unitario": 147715,
            "descuento": 0.41,
            "IVA": 5
        }
    ]
}