{
    "empresa_nit": "987654321",
    "empresa_ciudad": "MEDELLIN",
    "empresa_sede": "aeropuerto",
    "empresa_nombre": "FrutiBarato",
    "fecha_hora": "2024-12-31 21:05:50",
    "factura_num": "01155",
    "ciente_numero": 74268325,
    "pago_tipo": "EFECTIVO",
    "productos": [
        {
            "codigo": "bc67pKdGGz",
            "total": 15,
            "valor_unitario": 248601,
            "descuento": 0.04,
            "IVA": 0
        },
        {
            "codigo": "GI1iJjEOlz",
            "total": 9,
            "valor_unitario": 461565,
            "descuento": 0.09,
            "IVA": 5
        },
        {
            "codigo": "dNxLwVGcLi",
            "total": 18,
            "valor_unitario": 548111,
            "descuento": 0.3,
            "IVA": 5
        },
        {
            "codigo": "8cUennZE6W",
            "total": 6,
            "valor_unitario": 964471,
            "descuento": 0.39,
            "IVA": 0
        },
        {
            "codigo": "CKfy746jFs",
            "total": 17,
            "valor_unitario": 632128,
            "descuento": 0.07,
            "IVA": 19
        },
        {
            "codigo": "DDBL5mW5Qr",
            "total": 15,
            "valor_unitario": 966182,
            "descuento": 0.49,
            "IVA": 5
        },
        {
            "codigo": "d5PJ2Ib47l",
            "total": 20,
            "valor_unitario": 820410,
            "descuento": 0.25,
            "IVA": 0
        },
        {
            "codigo": "T72UaKU3QK",
            "total": 2,
            "valor_unitario": 844958,
            "descuento": 0.16,
            "IVA": 0
        },
        {
            "codigo": "970KPQhJrw",
            "total": 3,
            "valor_unitario": 730526,
            "descuento": 0.44,
            "IVA": 0
        },
        {
            "codigo": "BIk1f0QREl",
            "total": 19,
            "valor_unitario": 671533,
            "descuento": 0.09,
            "IVA": 0
        },
        {
            "codigo": "ryujpsOCOf",
            "total": 17,
            "valor_unitario": 703023,
            "descuento": 0.35,
            "IVA": 0
        },
        {
            "codigo": "OiLqJAqi9b",
            "total": 9,
            "valor_unitario": 871924,
            "descuento": 0.2,
            "IVA": 19
        },
        {
            "codigo": "PMZt7xKw9H",
            "total": 20,
            "valor_unitario": 993951,
            "descuento": 0.1,
            "IVA": 5
        },
        {
            "codigo": "652TX0tO1f",
            "total": 10,
            "valor_unitario": 306777,
            "descuento": 0.48,
            "IVA": 5
        },
        {
            "codigo": "mE5uzofk8N",
            "total": 2,
            "valor_unitario": 252104,
            "descuento": 0.07,
            "IVA": 5
        },
        {
            "codigo": "WNp2fqn4Ge",
            "total": 20,
            "valor_unitario": 55035,
            "descuento": 0.48,
            "IVA": 19
        }
    ]
}