{
    "empresa_nit": "987654321",
    "empresa_ciudad": "MEDELLIN",
    "empresa_sede": "terminal",
    "empresa_nombre": "FrutiBarato",
    "fecha_hora": "2024-08-02 19:15:19",
    "factura_num": "01045",
    "ciente_numero": 954012230,
    "pago_tipo": "TAR.DEBITO",
    "productos": [
        {
            "codigo": "S5yyLBimgf",
            "total": 7,
            "valor_unitario": 628871,
            "descuento": 0.29,
            "IVA": 5
        },
        {
            "codigo": "VwpZOQM2d5",
            "total": 2,
            "valor_unitario": 638762,
            "descuento": 0.01,
            "IVA": 19
        },
        {
            "codigo": "mViv4x7Utg",
            "total": 15,
            "valor_unitario": 489009,
            "descuento": 0.38,
            "IVA": 0
        },
        {
            "codigo": "Og7sLyjiVP",
            "total": 3,
            "valor_unitario": 461455,
            "descuento": 0.39,
            "IVA": 19
        },
        {
            "codigo": "rIUBK8w2ji",
            "total": 12,
            "valor_unitario": 126235,
            "descuento": 0.11,
            "IVA": 19
        }
    ]
}