{
    "empresa_nit": "987654321",
    "empresa_ciudad": "BOGOTA",
    "empresa_sede": "aeropuerto",
    "empresa_nombre": "FrutiBarato",
    "fecha_hora": "2020-11-14 23:35:48",
    "factura_num": "01305",
    "ciente_numero": 930608298,
    "pago_tipo": "TAR.CREDITO",
    "productos": [
        {
            "codigo": "cDgCuNQl8X",
            "total": 5,
            "valor_unitario": 954461,
            "descuento": 0.44,
            "IVA": 0
        },
        {
            "codigo": "ZJTDD61cad",
            "total": 12,
            "valor_unitario": 732701,
            "descuento": 0.42,
            "IVA": 5
        },
        {
            "codigo": "mmT9jRVaec",
            "total": 18,
            "valor_unitario": 474047,
            "descuento": 0.0,
            "IVA": 5
        },
        {
            "codigo": "NSbW2lIQRl",
            "total": 12,
            "valor_unitario": 939168,
            "descuento": 0.26,
            "IVA": 19
        },
        {
            "codigo": "ChQjQGVFSB",
            "total": 17,
            "valor_unitario": 134895,
            "descuento": 0.43,
            "IVA": 0
        },
        {
            "codigo": "jeAJ5Dcmp9",
            "total": 7,
            "valor_unitario": 617252,
            "descuento": 0.22,
            "IVA": 0
        },
        {
            "codigo": "c0DPzAiDZt",
            "total": 4,
            "valor_unitario": 499168,
            "descuento": 0.47,
            "IVA": 19
        },
        {
            "codigo": "gfNY1YvESl",
            "total": 3,
            "valor_unitario": 714326,
            "descuento": 0.21,
            "IVA": 19
        },
        {
            "codigo": "DyZdFfRXYu",
            "total": 15,
            "valor_unitario": 657158,
            "descuento": 0.26,
            "IVA": 0
        },
        {
            "codigo": "iNfAOfKEK8",
            "total": 7,
            "valor_unitario": 876761,
            "descuento": 0.1,
            "IVA": 0
        }
    ]
}