{
    "empresa_nit": "987654321",
    "empresa_ciudad": "BOGOTA",
    "empresa_sede": "terminal",
    "empresa_nombre": "FrutiBarato",
    "fecha_hora": "2020-04-11 00:00:04",
    "factura_num": "01393",
    "ciente_numero": 773324446,
    "pago_tipo": "TAR.CREDITO",
    "productos": [
        {
            "codigo": "7zj7CEQLKp",
            "total": 7,
            "valor_unitario": 392015,
            "descuento": 0.22,
            "IVA": 19
        },
        {
            "codigo": "q2yNS816i4",
            "total": 3,
            "valor_unitario": 577791,
            "descuento": 0.23,
            "IVA": 0
        },
        {
            "codigo": "2aD4jfge1Y",
            "total": 18,
            "valor_unitario": 381140,
            "descuento": 0.34,
            "IVA": 19
        },
        {
            "codigo": "F0vKOTaZdK",
            "total": 14,
            "valor_unitario": 595068,
            "descuento": 0.22,
            "IVA": 19
        },
        {
            "codigo": "0oull7d6cB",
            "total": 3,
            "valor_unitario": 60030,
            "descuento": 0.29,
            "IVA": 0
        },
        {
            "codigo": "E0VFdn1jdz",
            "total": 20,
            "valor_unitario": 389273,
            "descuento": 0.39,
            "IVA": 0
        },
        {
            "codigo": "Hm4ZRhSNNp",
            "total": 11,
            "valor_unitario": 584530,
            "descuento": 0.4,
            "IVA": 19
        },
        {
            "codigo": "483qirsZz8",
            "total": 1,
            "valor_unitario": 209273,
            "descuento": 0.06,
            "IVA": 0
        },
        {
            "codigo": "knK8dLvIZL",
            "total": 12,
            "valor_unitario": 479786,
            "descuento": 0.06,
            "IVA": 0
        },
        {
            "codigo": "llcAkEIJ7o",
            "total": 5,
            "valor_unitario": 614093,
            "descuento": 0.4,
            "IVA": 19
        },
        {
            "codigo": "C6NYDIonEJ",
            "total": 9,
            "valor_unitario": 486985,
            "descuento": 0.15,
            "IVA": 0
        },
        {
            "codigo": "53qhdSb3Hd",
            "total": 5,
            "valor_unitario": 647836,
            "descuento": 0.17,
            "IVA": 19
        },
        {
            "codigo": "4o5yyrpU1P",
            "total": 4,
            "valor_unitario": 396983,
            "descuento": 0.47,
            "IVA": 19
        }
    ]
}