{
    "empresa_nit": "987654321",
    "empresa_ciudad": "BOGOTA",
    "empresa_sede": "alcaldia",
    "empresa_nombre": "FrutiBarato",
    "fecha_hora": "2023-10-05 03:53:47",
    "factura_num": "01171",
    "ciente_numero": 7788733,
    "pago_tipo": "TAR.CREDITO",
    "productos": [
        {
            "codigo": "2ov5Q22PVU",
            "total": 4,
            "valor_unitario": 619895,
            "descuento": 0.32,
            "IVA": 19
        },
        {
            "codigo": "WqGL8ybMWa",
            "total": 20,
            "valor_unitario": 137864,
            "descuento": 0.33,
            "IVA": 5
        },
        {
            "codigo": "7IFfksnpG9",
            "total": 7,
            "valor_unitario": 818814,
            "descuento": 0.12,
            "IVA": 5
        },
        {
            "codigo": "tIzbDXbJfr",
            "total": 9,
            "valor_unitario": 100812,
            "descuento": 0.3,
            "IVA": 0
        },
        {
            "codigo": "8JqmfYrvve",
            "total": 5,
            "valor_unitario": 503081,
            "descuento": 0.39,
            "IVA": 19
        },
        {
            "codigo": "KjCC3dlq6z",
            "total": 1,
            "valor_unitario": 192352,
            "descuento": 0.34,
            "IVA": 0
        },
        {
            "codigo": "nWz29yyaQZ",
            "total": 15,
            "valor_unitario": 700538,
            "descuento": 0.42,
            "IVA": 0
        },
        {
            "codigo": "UgMlufXTny",
            "total": 4,
            "valor_unitario": 932297,
            "descuento": 0.21,
            "IVA": 19
        }
    ]
}