{
    "empresa_nit": "987654321",
    "empresa_ciudad": "BOGOTA",
    "empresa_sede": "centro",
    "empresa_nombre": "FrutiBarato",
    "fecha_hora": "2022-05-16 06:11:21",
    "factura_num": "01350",
    "ciente_numero": 91416424,
    "pago_tipo": "EFECTIVO",
    "productos": [
        {
            "codigo": "LpI8RfAUFJ",
            "total": 7,
            "valor_unitario": 939754,
            "descuento": 0.0,
            "IVA": 0
        },
        {
            "codigo": "qYcHxFvxOu",
            "total": 14,
            "valor_unitario": 620885,
            "descuento": 0.23,
            "IVA": 19
        },
        {
            "codigo": "FOImQm1Q9g",
            "total": 1,
            "valor_unitario": 231508,
            "descuento": 0.48,
            "IVA": 0
        },
        {
            "codigo": "0zF9ohKIut",
            "total": 16,
            "valor_unitario": 394582,
            "descuento": 0.02,
            "IVA": 5
        },
        {
            "codigo": "iv7UfjOWGE",
            "total": 2,
            "valor_unitario": 557142,
            "descuento": 0.12,
            "IVA": 19
        },
        {
            "codigo": "SvA6ScGgGk",
            "total": 14,
            "valor_unitario": 658151,
            "descuento": 0.32,
            "IVA": 19
        },
        {
            "codigo": "RVt62vlcgB",
            "total": 5,
            "valor_unitario": 156939,
            "descuento": 0.41,
            "IVA": 19
        },
        {
            "codigo": "S8vqEHeJLm",
            "total": 2,
            "valor_unitario": 229541,
            "descuento": 0.06,
            "IVA": 0
        },
        {
            "codigo": "AZZYOwB85C",
            "total": 14,
            "valor_unitario": 473902,
            "descuento": 0.5,
            "IVA": 5
        },
        {
            "codigo": "9tWqRMIABv",
            "total": 8,
            "valor_unitario": 160959,
            "descuento": 0.18,
            "IVA": 0
        },
        {
            "codigo": "x3EyAlMZ0s",
            "total": 15,
            "valor_unitario": 471233,
            "descuento": 0.27,
            "IVA": 0
        }
    ]
}