{
    "empresa_nit": "987654321",
    "empresa_ciudad": "BARRANQUILLA",
    "empresa_sede": "terminal",
    "empresa_nombre": "FrutiBarato",
    "fecha_hora": "2023-11-01 23:37:49",
    "factura_num": "01289",
    "ciente_numero": 741430287,
    "pago_tipo": "EFECTIVO",
    "productos": [
        {
            "codigo": "qUK1LyYhfS",
            "total": 14,
            "valor_unitario": 556743,
            "descuento": 0.38,
            "IVA": 5
        },
        {
            "codigo": "9aR0l0mm0D",
            "total": 6,
            "valor_unitario": 166181,
            "descuento": 0.42,
            "IVA": 19
        }
    ]
}