{
    "empresa_nit": "987654321",
    "empresa_ciudad": "MEDELLIN",
    "empresa_sede": "autopista",
    "empresa_nombre": "FrutiBarato",
    "fecha_hora": "2024-11-02 04:36:48",
    "factura_num": "01175",
    "ciente_numero": 350409315,
    "pago_tipo": "TAR.CREDITO",
    "productos": [
        {
            "codigo": "WxSSMh0MYF",
            "total": 19,
            "valor_unitario": 724218,
            "descuento": 0.5,
            "IVA": 0
        },
        {
            "codigo": "AVXWQaE8qG",
            "total": 20,
            "valor_unitario": 350844,
            "descuento": 0.19,
            "IVA": 0
        },
        {
            "codigo": "JJiMjaah5G",
            "total": 9,
            "valor_unitario": 899090,
            "descuento": 0.18,
            "IVA": 0
        },
        {
            "codigo": "UwPRhFawwG",
            "total": 19,
            "valor_unitario": 911971,
            "descuento": 0.02,
            "IVA": 5
        },
        {
            "codigo": "2zTtXSjGKw",
            "total": 15,
            "valor_unitario": 782747,
            "descuento": 0.26,
            "IVA": 5
        },
        {
            "codigo": "t9jksvv39p",
            "total": 11,
            "valor_unitario": 516883,
            "descuento": 0.21,
            "IVA": 19
        },
        {
            "codigo": "GdA2fsgFmo",
            "total": 11,
            "valor_unitario": 95115,
            "descuento": 0.38,
            "IVA": 0
        },
        {
            "codigo": "qb9PPZM9Rh",
            "total": 17,
            "valor_unitario": 732326,
            "descuento": 0.5,
            "IVA": 19
        },
        {
            "codigo": "L9Rdr0VuKb",
            "total": 14,
            "valor_unitario": 912860,
            "descuento": 0.31,
            "IVA": 0
        },
        {
            "codigo": "AlUGbFs5ub",
            "total": 18,
            "valor_unitario": 736321,
            "descuento": 0.42,
            "IVA": 19
        },
        {
            "codigo": "5ArnB6tJmI",
            "total": 2,
            "valor_unitario": 363469,
            "descuento": 0.35,
            "IVA": 0
        },
        {
            "codigo": "E8oy86MmHj",
            "total": 12,
            "valor_unitario": 492326,
            "descuento": 0.01,
            "IVA": 0
        }
    ]
}