{
    "empresa_nit": "987654321",
    "empresa_ciudad": "MEDELLIN",
    "empresa_sede": "alcaldia",
    "empresa_nombre": "FrutiBarato",
    "fecha_hora": "2022-05-23 06:17:34",
    "factura_num": "01385",
    "ciente_numero": 477201428,
    "pago_tipo": "EFECTIVO",
    "productos": [
        {
            "codigo": "7AqmFQIPpk",
            "total": 9,
            "valor_unitario": 887619,
            "descuento": 0.13,
            "IVA": 19
        },
        {
            "codigo": "NqRWrn3Kod",
            "total": 3,
            "valor_unitario": 181885,
            "descuento": 0.02,
            "IVA": 0
        },
        {
            "codigo": "RtOYgUTHwu",
            "total": 3,
            "valor_unitario": 60094,
            "descuento": 0.28,
            "IVA": 19
        },
        {
            "codigo": "hiXxq11y2X",
            "total": 8,
            "valor_unitario": 859968,
            "descuento": 0.17,
            "IVA": 0
        },
        {
            "codigo": "mtro74ujIz",
            "total": 17,
            "valor_unitario": 413537,
            "descuento": 0.29,
            "IVA": 5
        },
        {
            "codigo": "68b8emJwSW",
            "total": 12,
            "valor_unitario": 84234,
            "descuento": 0.39,
            "IVA": 19
        },
        {
            "codigo": "4gx2i0lFp1",
            "total": 13,
            "valor_unitario": 389495,
            "descuento": 0.36,
            "IVA": 0
        },
        {
            "codigo": "BbYj6iiOeg",
            "total": 17,
            "valor_unitario": 788221,
            "descuento": 0.01,
            "IVA": 5
        },
        {
            "codigo": "fkGhvx2bfW",
            "total": 10,
            "valor_unitario": 98255,
            "descuento": 0.33,
            "IVA": 5
        },
        {
            "codigo": "fiNz3BBtnC",
            "total": 12,
            "valor_unitario": 56859,
            "descuento": 0.42,
            "IVA": 5
        }
    ]
}