{
    "empresa_nit": "987654321",
    "empresa_ciudad": "CALI",
    "empresa_sede": "plaza",
    "empresa_nombre": "FrutiBarato",
    "fecha_hora": "2024-11-07 18:07:55",
    "factura_num": "01118",
    "ciente_numero": 665887859,
    "pago_tipo": "TAR.DEBITO",
    "productos": [
        {
            "codigo": "1WnYWVyEpH",
            "total": 5,
            "valor_unitario": 738278,
            "descuento": 0.18,
            "IVA": 19
        },
        {
            "codigo": "TWxVnubrle",
            "total": 15,
            "valor_unitario": 410047,
            "descuento": 0.03,
            "IVA": 0
        },
        {
            "codigo": "YouxcJ0Xtj",
            "total": 9,
            "valor_unitario": 462793,
            "descuento": 0.2,
            "IVA": 19
        },
        {
            "codigo": "2AY4i9rlmH",
            "total": 11,
            "valor_unitario": 829821,
            "descuento": 0.43,
            "IVA": 19
        }
    ]
}