{
    "empresa_nit": "987654321",
    "empresa_ciudad": "MEDELLIN",
    "empresa_sede": "alcaldia",
    "empresa_nombre": "FrutiBarato",
    "fecha_hora": "2024-02-23 18:09:59",
    "factura_num": "01004",
    "ciente_numero": 651634534,
    "pago_tipo": "TRANFERENCIA",
    "productos": [
        {
            "codigo": "8Hg1TsEhUu",
            "total": 4,
            "valor_unitario": 245762,
            "descuento": 0.13,
            "IVA": 5
        },
        {
            "codigo": "9k7xO3ysm1",
            "total": 6,
            "valor_unitario": 323406,
            "descuento": 0.18,
            "IVA": 5
        },
        {
            "codigo": "8SafpJz8lE",
            "total": 1,
            "valor_unitario": 110269,
            "descuento": 0.21,
            "IVA": 19
        },
        {
            "codigo": "ew0InOPB6S",
            "total": 16,
            "valor_unitario": 658807,
            "descuento": 0.09,
            "IVA": 19
        },
        {
            "codigo": "ENkPVAdZ6H",
            "total": 5,
            "valor_unitario": 137189,
            "descuento": 0.07,
            "IVA": 19
        },
        {
            "codigo": "qCyM7K7ITe",
            "total": 8,
            "valor_unitario": 198366,
            "descuento": 0.38,
            "IVA": 5
        },
        {
            "codigo": "xw3G5vfHMz",
            "total": 4,
            "valor_unitario": 305515,
            "descuento": 0.4,
            "IVA": 19
        },
        {
            "codigo": "5aP3g0iGWB",
            "total": 18,
            "valor_unitario": 18890,
            "descuento": 0.12,
            "IVA": 5
        },
        {
            "codigo": "ovcu8Hc0lA",
            "total": 10,
            "valor_unitario": 97444,
            "descuento": 0.49,
            "IVA": 5
        },
        {
            "codigo": "ya8laV4MeG",
            "total": 11,
            "valor_unitario": 785076,
            "descuento": 0.19,
            "IVA": 19
        },
        {
            "codigo": "BhqQN3NHZF",
            "total": 17,
            "valor_unitario": 387450,
            "descuento": 0.47,
            "IVA": 19
        },
        {
            "codigo": "AUmPuHOfmw",
            "total": 5,
            "valor_unitario": 127594,
            "descuento": 0.05,
            "IVA": 5
        },
        {
            "codigo": "MNayzQvSyz",
            "total": 2,
            "valor_unitario": 594026,
            "descuento": 0.12,
            "IVA": 19
        },
        {
            "codigo": "VrmRvjAPSg",
            "total": 15,
            "valor_unitario": 49798,
            "descuento": 0.18,
            "IVA": 19
        },
        {
            "codigo": "blGcvQAen7",
            "total": 18,
            "valor_unitario": 961645,
            "descuento": 0.27,
            "IVA": 0
        },
        {
            "codigo": "MKNv0ScKe7",
            "total": 6,
            "valor_unitario": 488058,
            "descuento": 0.44,
            "IVA": 19
        }
    ]
}