{
    "empresa_nit": "987654321",
    "empresa_ciudad": "MEDELLIN",
    "empresa_sede": "terminal",
    "empresa_nombre": "FrutiBarato",
    "fecha_hora": "2021-01-27 14:14:56",
    "factura_num": "01017",
    "ciente_numero": 872254882,
    "pago_tipo": "TAR.CREDITO",
    "productos": [
        {
            "codigo": "9uvYjB3SX2",
            "total": 20,
            "valor_unitario": 639329,
            "descuento": 0.14,
            "IVA": 0
        },
        {
            "codigo": "7wfEPkKftj",
            "total": 12,
            "valor_unitario": 722804,
            "descuento": 0.47,
            "IVA": 19
        },
        {
            "codigo": "hmZ65vjXMx",
            "total": 20,
            "valor_unitario": 695647,
            "descuento": 0.35,
            "IVA": 0
        },
        {
            "codigo": "7e15wOYYTp",
            "total": 11,
            "valor_unitario": 26706,
            "descuento": 0.34,
            "IVA": 5
        },
        {
            "codigo": "5SgOPmFJau",
            "total": 17,
            "valor_unitario": 90587,
            "descuento": 0.34,
            "IVA": 19
        },
        {
            "codigo": "3wWmMb7Q70",
            "total": 15,
            "valor_unitario": 38856,
            "descuento": 0.37,
            "IVA": 19
        },
        {
            "codigo": "3wSXbSxxsQ",
            "total": 18,
            "valor_unitario": 376852,
            "descuento": 0.14,
            "IVA": 5
        },
        {
            "codigo": "7k5pqoinhn",
            "total": 16,
            "valor_unitario": 97877,
            "descuento": 0.07,
            "IVA": 0
        },
        {
            "codigo": "mprMsqpwq2",
            "total": 16,
            "valor_unitario": 555589,
            "descuento": 0.2,
            "IVA": 0
        },
        {
            "codigo": "ydHnEwnrJ2",
            "total": 5,
            "valor_unitario": 949104,
            "descuento": 0.14,
            "IVA": 19
        },
        {
            "codigo": "IXTleWiqGm",
            "total": 10,
            "valor_unitario": 77398,
            "descuento": 0.44,
            "IVA": 0
        },
        {
            "codigo": "P2Ge324Lxa",
            "total": 13,
            "valor_unitario": 941995,
            "descuento": 0.13,
            "IVA": 0
        },
        {
            "codigo": "0Au9DNR6xU",
            "total": 1,
            "valor_unitario": 352528,
            "descuento": 0.25,
            "IVA": 19
        }
    ]
}