{
    "empresa_nit": "987654321",
    "empresa_ciudad": "MEDELLIN",
    "empresa_sede": "autopista",
    "empresa_nombre": "FrutiBarato",
    "fecha_hora": "2023-07-25 14:16:06",
    "factura_num": "01156",
    "ciente_numero": 457265141,
    "pago_tipo": "EFECTIVO",
    "productos": [
        {
            "codigo": "826oIU8qhK",
            "total": 7,
            "valor_unitario": 473829,
            "descuento": 0.15,
            "IVA": 0
        },
        {
            "codigo": "gts3zCVytW",
            "total": 19,
            "valor_unitario": 450316,
            "descuento": 0.1,
            "IVA": 5
        },
        {
            "codigo": "Yn4PVgPuq1",
            "total": 14,
            "valor_unitario": 434785,
            "descuento": 0.02,
            "IVA": 5
        },
        {
            "codigo": "gO26Ihoss7",
            "total": 16,
            "valor_unitario": 180325,
            "descuento": 0.26,
            "IVA": 19
        },
        {
            "codigo": "3vi0daBDkg",
            "total": 8,
            "valor_unitario": 432316,
            "descuento": 0.08,
            "IVA": 19
        },
        {
            "codigo": "6FVnszUWL7",
            "total": 15,
            "valor_unitario": 169913,
            "descuento": 0.46,
            "IVA": 5
        },
        {
            "codigo": "YBu3cVnNJN",
            "total": 6,
            "valor_unitario": 88111,
            "descuento": 0.04,
            "IVA": 5
        },
        {
            "codigo": "b1RCHjWlKD",
            "total": 10,
            "valor_unitario": 680498,
            "descuento": 0.3,
            "IVA": 5
        },
        {
            "codigo": "mALKynCWoS",
            "total": 20,
            "valor_unitario": 657143,
            "descuento": 0.02,
            "IVA": 0
        },
        {
            "codigo": "yjs1vJSQ1q",
            "total": 15,
            "valor_unitario": 7654,
            "descuento": 0.31,
            "IVA": 19
        },
        {
            "codigo": "nwxScVh8UL",
            "total": 11,
            "valor_unitario": 198881,
            "descuento": 0.21,
            "IVA": 5
        }
    ]
}