{
    "empresa_nit": "987654321",
    "empresa_ciudad": "TUNJA",
    "empresa_sede": "autopista",
    "empresa_nombre": "FrutiBarato",
    "fecha_hora": "2021-02-21 21:48:02",
    "factura_num": "01122",
    "ciente_numero": 307713609,
    "pago_tipo": "TRANFERENCIA",
    "productos": [
        {
            "codigo": "fc09YOFYWZ",
            "total": 13,
            "valor_unitario": 227752,
            "descuento": 0.17,
            "IVA": 0
        },
        {
            "codigo": "lESVerCdpG",
            "total": 18,
            "valor_unitario": 923141,
            "descuento": 0.05,
            "IVA": 19
        },
        {
            "codigo": "PXYIDgosDk",
            "total": 15,
            "valor_unitario": 94852,
            "descuento": 0.1,
            "IVA": 0
        },
        {
            "codigo": "lViGnWhVl2",
            "total": 16,
            "valor_unitario": 313019,
            "descuento": 0.05,
            "IVA": 0
        },
        {
            "codigo": "z7HrPkWxki",
            "total": 17,
            "valor_unitario": 169355,
            "descuento": 0.44,
            "IVA": 5
        },
        {
            "codigo": "h1dXtLamaP",
            "total": 14,
            "valor_unitario": 115472,
            "descuento": 0.39,
            "IVA": 5
        },
        {
            "codigo": "OCmfJC9LWe",
            "total": 13,
            "valor_unitario": 672094,
            "descuento": 0.11,
            "IVA": 5
        }
    ]
}