{
    "empresa_nit": "987654321",
    "empresa_ciudad": "MEDELLIN",
    "empresa_sede": "aeropuerto",
    "empresa_nombre": "FrutiBarato",
    "fecha_hora": "2021-02-25 03:14:48",
    "factura_num": "01230",
    "ciente_numero": 722952847,
    "pago_tipo": "EFECTIVO",
    "productos": [
        {
            "codigo": "Bz1iWy0RB2",
            "total": 15,
            "valor_unitario": 578911,
            "descuento": 0.48,
            "IVA": 5
        },
        {
            "codigo": "YFECSzTTCl",
            "total": 3,
            "valor_unitario": 476829,
            "descuento": 0.02,
            "IVA": 19
        },
        {
            "codigo": "LWjl3xChdh",
            "total": 9,
            "valor_unitario": 358888,
            "descuento": 0.0,
            "IVA": 19
        },
        {
            "codigo": "9inn8rAlJz",
            "total": 1,
            "valor_unitario": 737551,
            "descuento": 0.29,
            "IVA": 0
        },
        {
            "codigo": "de4h1on0f4",
            "total": 1,
            "valor_unitario": 604084,
            "descuento": 0.3,
            "IVA": 0
        },
        {
            "codigo": "cUMa8Y6r3x",
            "total": 4,
            "valor_unitario": 485340,
            "descuento": 0.4,
            "IVA": 5
        },
        {
            "codigo": "jLd92Y1jNL",
            "total": 17,
            "valor_unitario": 844884,
            "descuento": 0.3,
            "IVA": 0
        },
        {
            "codigo": "a1xcR3N0T7",
            "total": 7,
            "valor_unitario": 637460,
            "descuento": 0.14,
            "IVA": 0
        }
    ]
}