{
    "empresa_nit": "987654321",
    "empresa_ciudad": "MEDELLIN",
    "empresa_sede": "plaza",
    "empresa_nombre": "FrutiBarato",
    "fecha_hora": "2023-06-29 14:24:09",
    "factura_num": "01146",
    "ciente_numero": 587619196,
    "pago_tipo": "EFECTIVO",
    "productos": [
        {
            "codigo": "D75yYJuK1g",
            "total": 2,
            "valor_unitario": 836162,
            "descuento": 0.02,
            "IVA": 5
        },
        {
            "codigo": "1gu1Cd0oEi",
            "total": 9,
            "valor_unitario": 677614,
            "descuento": 0.13,
            "IVA": 19
        },
        {
            "codigo": "YbIktyQxlN",
            "total": 19,
            "valor_unitario": 832187,
            "descuento": 0.26,
            "IVA": 0
        },
        {
            "codigo": "25VRFMqKSS",
            "total": 10,
            "valor_unitario": 390631,
            "descuento": 0.28,
            "IVA": 19
        },
        {
            "codigo": "KjSB7zaMxh",
            "total": 12,
            "valor_unitario": 627602,
            "descuento": 0.0,
            "IVA": 5
        },
        {
            "codigo": "lZkVMsxjt8",
            "total": 3,
            "valor_unitario": 817894,
            "descuento": 0.27,
            "IVA": 19
        },
        {
            "codigo": "Hcy5jPHJZa",
            "total": 20,
            "valor_unitario": 789584,
            "descuento": 0.18,
            "IVA": 19
        },
        {
            "codigo": "83VT7nYRWy",
            "total": 14,
            "valor_unitario": 850465,
            "descuento": 0.39,
            "IVA": 0
        },
        {
            "codigo": "fnNWCY0ezd",
            "total": 20,
            "valor_unitario": 466186,
            "descuento": 0.39,
            "IVA": 19
        },
        {
            "codigo": "qrt6iDyIq9",
            "total": 15,
            "valor_unitario": 572962,
            "descuento": 0.06,
            "IVA": 0
        },
        {
            "codigo": "bbNehDRlrl",
            "total": 5,
            "valor_unitario": 249572,
            "descuento": 0.42,
            "IVA": 19
        },
        {
            "codigo": "2xQf1wrwCh",
            "total": 9,
            "valor_unitario": 207809,
            "descuento": 0.3,
            "IVA": 19
        },
        {
            "codigo": "aqTbSmaMMy",
            "total": 15,
            "valor_unitario": 301989,
            "descuento": 0.44,
            "IVA": 19
        }
    ]
}