{
    "empresa_nit": "987654321",
    "empresa_ciudad": "MEDELLIN",
    "empresa_sede": "plaza",
    "empresa_nombre": "FrutiBarato",
    "fecha_hora": "2020-09-10 06:46:02",
    "factura_num": "01183",
    "ciente_numero": 309959958,
    "pago_tipo": "EFECTIVO",
    "productos": [
        {
            "codigo": "3Lzz8PViof",
            "total": 9,
            "valor_unitario": 357576,
            "descuento": 0.12,
            "IVA": 0
        },
        {
            "codigo": "e9GHmauVPC",
            "total": 6,
            "valor_unitario": 243034,
            "descuento": 0.4,
            "IVA": 0
        },
        {
            "codigo": "nDXCK7dAR1",
            "total": 17,
            "valor_unitario": 851838,
            "descuento": 0.18,
            "IVA": 19
        },
        {
            "codigo": "Mmee1Pg1L1",
            "total": 8,
            "valor_unitario": 556239,
            "descuento": 0.45,
            "IVA": 19
        },
        {
            "codigo": "kymmJhmAwo",
            "total": 7,
            "valor_unitario": 83491,
            "descuento": 0.14,
            "IVA": 0
        },
        {
            "codigo": "QSm3pMyqN7",
            "total": 4,
            "valor_unitario": 857430,
            "descuento": 0.4,
            "IVA": 0
        },
        {
            "codigo": "48RNpBFePN",
            "total": 2,
            "valor_unitario": 745176,
            "descuento": 0.43,
            "IVA": 19
        },
        {
            "codigo": "SgYkmNFsWo",
            "total": 14,
            "valor_unitario": 474486,
            "descuento": 0.04,
            "IVA": 19
        },
        {
            "codigo": "HvHhvofpp1",
            "total": 17,
            "valor_unitario": 987050,
            "descuento": 0.39,
            "IVA": 5
        },
        {
            "codigo": "mIIVqj3w60",
            "total": 18,
            "valor_unitario": 481015,
            "descuento": 0.29,
            "IVA": 0
        },
        {
            "codigo": "kszwIxjtNx",
            "total": 5,
            "valor_unitario": 743457,
            "descuento": 0.45,
            "IVA": 0
        }
    ]
}