{
    "empresa_nit": "987654321",
    "empresa_ciudad": "TUNJA",
    "empresa_sede": "aeropuerto",
    "empresa_nombre": "FrutiBarato",
    "fecha_hora": "2024-09-16 17:28:57",
    "factura_num": "01448",
    "ciente_numero": 805272409,
    "pago_tipo": "TAR.CREDITO",
    "productos": [
        {
            "codigo": "Yf75CuB2wl",
            "total": 10,
            "valor_unitario": 1588,
            "descuento": 0.2,
            "IVA": 0
        },
        {
            "codigo": "PdbkmWXup2",
            "total": 8,
            "valor_unitario": 877085,
            "descuento": 0.47,
            "IVA": 19
        },
        {
            "codigo": "OMpDZYb8IR",
            "total": 20,
            "valor_unitario": 882936,
            "descuento": 0.28,
            "IVA": 19
        },
        {
            "codigo": "8eeX6dRjFF",
            "total": 1,
            "valor_unitario": 537798,
            "descuento": 0.05,
            "IVA": 5
        },
        {
            "codigo": "n8bkZ66WNT",
            "total": 20,
            "valor_unitario": 982114,
            "descuento": 0.26,
            "IVA": 19
        },
        {
            "codigo": "Qlu7flIogD",
            "total": 14,
            "valor_unitario": 500081,
            "descuento": 0.26,
            "IVA": 0
        },
        {
            "codigo": "yyvoaPpdgz",
            "total": 6,
            "valor_unitario": 974832,
            "descuento": 0.24,
            "IVA": 19
        },
        {
            "codigo": "St9icwJ93a",
            "total": 10,
            "valor_unitario": 380621,
            "descuento": 0.43,
            "IVA": 19
        }
    ]
}