{
    "empresa_nit": "987654321",
    "empresa_ciudad": "CALI",
    "empresa_sede": "autopista",
    "empresa_nombre": "FrutiBarato",
    "fecha_hora": "2023-08-21 13:50:43",
    "factura_num": "01179",
    "ciente_numero": 412865805,
    "pago_tipo": "EFECTIVO",
    "productos": [
        {
            "codigo": "VwcHPe8t7Z",
            "total": 13,
            "valor_unitario": 20562,
            "descuento": 0.25,
            "IVA": 5
        },
        {
            "codigo": "63QnI81jcW",
            "total": 10,
            "valor_unitario": 171491,
            "descuento": 0.32,
            "IVA": 0
        },
        {
            "codigo": "WxijNUJMjU",
            "total": 1,
            "valor_unitario": 347444,
            "descuento": 0.35,
            "IVA": 5
        },
        {
            "codigo": "rtD1e7LIEl",
            "total": 7,
            "valor_unitario": 501552,
            "descuento": 0.39,
            "IVA": 5
        },
        {
            "codigo": "UeZIvnH06s",
            "total": 6,
            "valor_unitario": 779750,
            "descuento": 0.42,
            "IVA": 0
        },
        {
            "codigo": "q6GyCvK5s3",
            "total": 3,
            "valor_unitario": 537163,
            "descuento": 0.49,
            "IVA": 0
        }
    ]
}