{
    "empresa_nit": "987654321",
    "empresa_ciudad": "MEDELLIN",
    "empresa_sede": "alcaldia",
    "empresa_nombre": "FrutiBarato",
    "fecha_hora": "2020-11-18 10:27:52",
    "factura_num": "01391",
    "ciente_numero": 172921031,
    "pago_tipo": "TRANFERENCIA",
    "productos": [
        {
            "codigo": "x1w4EbBvi3",
            "total": 7,
            "valor_unitario": 552632,
            "descuento": 0.21,
            "IVA": 5
        },
        {
            "codigo": "LAlaBgTLp7",
            "total": 12,
            "valor_unitario": 974286,
            "descuento": 0.17,
            "IVA": 5
        },
        {
            "codigo": "A8jdb7EX5B",
            "total": 14,
            "valor_unitario": 688376,
            "descuento": 0.12,
            "IVA": 5
        },
        {
            "codigo": "jV6KzZb1kS",
            "total": 15,
            "valor_unitario": 823207,
            "descuento": 0.45,
            "IVA": 5
        },
        {
            "codigo": "vnpyqLrqaO",
            "total": 3,
            "valor_unitario": 675446,
            "descuento": 0.18,
            "IVA": 0
        },
        {
            "codigo": "8rWaTqwUfU",
            "total": 20,
            "valor_unitario": 824181,
            "descuento": 0.04,
            "IVA": 5
        },
        {
            "codigo": "R0eXPn6sOt",
            "total": 14,
            "valor_unitario": 365306,
            "descuento": 0.5,
            "IVA": 19
        },
        {
            "codigo": "JxRhGiiKbE",
            "total": 15,
            "valor_unitario": 254641,
            "descuento": 0.0,
            "IVA": 0
        },
        {
            "codigo": "gcrAtLtvcR",
            "total": 12,
            "valor_unitario": 156630,
            "descuento": 0.02,
            "IVA": 19
        },
        {
            "codigo": "ljJkjF3qWp",
            "total": 9,
            "valor_unitario": 56294,
            "descuento": 0.19,
            "IVA": 0
        },
        {
            "codigo": "vyCgzWIkx5",
            "total": 18,
            "valor_unitario": 553762,
            "descuento": 0.31,
            "IVA": 0
        }
    ]
}