{
    "empresa_nit": "987654321",
    "empresa_ciudad": "BARRANQUILLA",
    "empresa_sede": "autopista",
    "empresa_nombre": "FrutiBarato",
    "fecha_hora": "2020-07-21 02:47:47",
    "factura_num": "01030",
    "ciente_numero": 737516728,
    "pago_tipo": "TAR.CREDITO",
    "productos": [
        {
            "codigo": "9lEBfiaerh",
            "total": 12,
            "valor_unitario": 876131,
            "descuento": 0.29,
            "IVA": 19
        },
        {
            "codigo": "O4bYcLDt8S",
            "total": 20,
            "valor_unitario": 422889,
            "descuento": 0.09,
            "IVA": 0
        },
        {
            "codigo": "ia9nVoM246",
            "total": 14,
            "valor_unitario": 888581,
            "descuento": 0.16,
            "IVA": 19
        },
        {
            "codigo": "YQxQ0ovtWq",
            "total": 17,
            "valor_unitario": 308741,
            "descuento": 0.43,
            "IVA": 5
        },
        {
            "codigo": "uf3zWzQkLN",
            "total": 11,
            "valor_unitario": 204046,
            "descuento": 0.19,
            "IVA": 5
        },
        {
            "codigo": "qdVLBPBEoZ",
            "total": 1,
            "valor_unitario": 369561,
            "descuento": 0.05,
            "IVA": 5
        },
        {
            "codigo": "23hzEcDO6U",
            "total": 16,
            "valor_unitario": 154839,
            "descuento": 0.08,
            "IVA": 0
        },
        {
            "codigo": "sqpL46sy0U",
            "total": 10,
            "valor_unitario": 706664,
            "descuento": 0.43,
            "IVA": 5
        },
        {
            "codigo": "kwxXLluw58",
            "total": 15,
            "valor_unitario": 671824,
            "descuento": 0.38,
            "IVA": 5
        },
        {
            "codigo": "LSDoGouyaq",
            "total": 3,
            "valor_unitario": 368734,
            "descuento": 0.46,
            "IVA": 0
        },
        {
            "codigo": "4v1D1aRwKq",
            "total": 13,
            "valor_unitario": 187089,
            "descuento": 0.36,
            "IVA": 19
        },
        {
            "codigo": "U3zYTXKGd8",
            "total": 3,
            "valor_unitario": 769236,
            "descuento": 0.44,
            "IVA": 19
        },
        {
            "codigo": "obEfmqP2UW",
            "total": 7,
            "valor_unitario": 521851,
            "descuento": 0.03,
            "IVA": 5
        },
        {
            "codigo": "VH10BDyoNK",
            "total": 11,
            "valor_unitario": 593246,
            "descuento": 0.46,
            "IVA": 19
        },
        {
            "codigo": "YQRRkpddqD",
            "total": 17,
            "valor_unitario": 778518,
            "descuento": 0.33,
            "IVA": 5
        },
        {
            "codigo": "PGjL3EtaTn",
            "total": 3,
            "valor_unitario": 681416,
            "descuento": 0.14,
            "IVA": 0
        },
        {
            "codigo": "QalGHPNBcA",
            "total": 17,
            "valor_unitario": 51641,
            "descuento": 0.29,
            "IVA": 19
        },
        {
            "codigo": "Nj7pTsSibG",
            "total": 3,
            "valor_unitario": 599794,
            "descuento": 0.04,
            "IVA": 5
        }
    ]
}