{
    "empresa_nit": "987654321",
    "empresa_ciudad": "BOGOTA",
    "empresa_sede": "centro",
    "empresa_nombre": "FrutiBarato",
    "fecha_hora": "2024-03-27 16:53:10",
    "factura_num": "01093",
    "ciente_numero": 400333930,
    "pago_tipo": "EFECTIVO",
    "productos": [
        {
            "codigo": "SBbBRfG5ga",
            "total": 7,
            "valor_unitario": 850554,
            "descuento": 0.4,
            "IVA": 19
        },
        {
            "codigo": "Gy8kdc2aTD",
            "total": 15,
            "valor_unitario": 126781,
            "descuento": 0.11,
            "IVA": 19
        },
        {
            "codigo": "73nfMrszEZ",
            "total": 17,
            "valor_unitario": 328945,
            "descuento": 0.48,
            "IVA": 19
        },
        {
            "codigo": "zUsFMWsybp",
            "total": 10,
            "valor_unitario": 336772,
            "descuento": 0.2,
            "IVA": 5
        },
        {
            "codigo": "2ZkVf8zM4W",
            "total": 11,
            "valor_unitario": 987300,
            "descuento": 0.43,
            "IVA": 0
        },
        {
            "codigo": "rhGg1ZuYF4",
            "total": 1,
            "valor_unitario": 919835,
            "descuento": 0.07,
            "IVA": 5
        },
        {
            "codigo": "ffWJo1lFft",
            "total": 3,
            "valor_unitario": 85877,
            "descuento": 0.12,
            "IVA": 5
        },
        {
            "codigo": "F4Qi0roHav",
            "total": 7,
            "valor_unitario": 553962,
            "descuento": 0.18,
            "IVA": 19
        }
    ]
}