{
    "empresa_nit": "987654321",
    "empresa_ciudad": "MEDELLIN",
    "empresa_sede": "centro",
    "empresa_nombre": "FrutiBarato",
    "fecha_hora": "2021-01-05 15:10:08",
    "factura_num": "01170",
    "ciente_numero": 188518733,
    "pago_tipo": "TAR.DEBITO",
    "productos": [
        {
            "codigo": "e637B4iVXH",
            "total": 1,
            "valor_unitario": 456166,
            "descuento": 0.01,
            "IVA": 0
        },
        {
            "codigo": "YmSked0qkM",
            "total": 17,
            "valor_unitario": 247894,
            "descuento": 0.32,
            "IVA": 0
        },
        {
            "codigo": "du60mIMowN",
            "total": 2,
            "valor_unitario": 300036,
            "descuento": 0.04,
            "IVA": 5
        },
        {
            "codigo": "pWW9Hv6UoP",
            "total": 8,
            "valor_unitario": 326855,
            "descuento": 0.38,
            "IVA": 5
        },
        {
            "codigo": "71xaXNVV7J",
            "total": 5,
            "valor_unitario": 577890,
            "descuento": 0.02,
            "IVA": 0
        },
        {
            "codigo": "Lm1OHUEnML",
            "total": 18,
            "valor_unitario": 526229,
            "descuento": 0.19,
            "IVA": 19
        },
        {
            "codigo": "09NmvJLSBH",
            "total": 17,
            "valor_unitario": 940552,
            "descuento": 0.46,
            "IVA": 0
        },
        {
            "codigo": "25hS1FzavQ",
            "total": 16,
            "valor_unitario": 61664,
            "descuento": 0.49,
            "IVA": 5
        },
        {
            "codigo": "K9kgmspUeO",
            "total": 20,
            "valor_unitario": 394771,
            "descuento": 0.2,
            "IVA": 0
        },
        {
            "codigo": "tNWakfKqEU",
            "total": 13,
            "valor_unitario": 137069,
            "descuento": 0.15,
            "IVA": 5
        },
        {
            "codigo": "NlC8Gbkgsu",
            "total": 12,
            "valor_unitario": 860049,
            "descuento": 0.31,
            "IVA": 0
        },
        {
            "codigo": "soP9pPIGs9",
            "total": 10,
            "valor_unitario": 508199,
            "descuento": 0.38,
            "IVA": 0
        },
        {
            "codigo": "Wyyr0F8I8Z",
            "total": 9,
            "valor_unitario": 544885,
            "descuento": 0.32,
            "IVA": 0
        },
        {
            "codigo": "4WpUyNTVHb",
            "total": 3,
            "valor_unitario": 468285,
            "descuento": 0.36,
            "IVA": 0
        }
    ]
}