{
    "empresa_nit": "987654321",
    "empresa_ciudad": "BARRANQUILLA",
    "empresa_sede": "alcaldia",
    "empresa_nombre": "FrutiBarato",
    "fecha_hora": "2025-01-03 08:07:48",
    "factura_num": "00011",
    "ciente_numero": 234078396,
    "pago_tipo": "EFECTIVO",
    "productos": [
        {
            "codigo": "Dvnijjo18Z",
            "total": 5,
            "valor_unitario": 664138,
            "descuento": 0.02,
            "IVA": 5
        },
        {
            "codigo": "KGO8IyNtPw",
            "total": 12,
            "valor_unitario": 41977,
            "descuento": 0.49,
            "IVA": 5
        },
        {
            "codigo": "FV7D6qT3mJ",
            "total": 9,
            "valor_unitario": 518555,
            "descuento": 0.09,
            "IVA": 5
        },
        {
            "codigo": "UT7kFZvT5R",
            "total": 13,
            "valor_unitario": 658842,
            "descuento": 0.09,
            "IVA": 5
        },
        {
            "codigo": "u3zKJztMfI",
            "total": 11,
            "valor_unitario": 670774,
            "descuento": 0.16,
            "IVA": 5
        },
        {
            "codigo": "FI1OB9DeAH",
            "total": 5,
            "valor_unitario": 879719,
            "descuento": 0.42,
            "IVA": 19
        },
        {
            "codigo": "AyIkBCTo9g",
            "total": 20,
            "valor_unitario": 88629,
            "descuento": 0.23,
            "IVA": 5
        },
        {
            "codigo": "TfthSgrk6V",
            "total": 15,
            "valor_unitario": 949773,
            "descuento": 0.37,
            "IVA": 0
        },
        {
            "codigo": "aKl3twHzHk",
            "total": 14,
            "valor_unitario": 324462,
            "descuento": 0.1,
            "IVA": 19
        },
        {
            "codigo": "dE6NUbillO",
            "total": 12,
            "valor_unitario": 728168,
            "descuento": 0.39,
            "IVA": 0
        },
        {
            "codigo": "Pdjo1oEHp4",
            "total": 2,
            "valor_unitario": 272570,
            "descuento": 0.37,
            "IVA": 5
        },
        {
            "codigo": "qtAIXbWmVR",
            "total": 9,
            "valor_unitario": 313801,
            "descuento": 0.15,
            "IVA": 0
        },
        {
            "codigo": "4YVTm7bU57",
            "total": 10,
            "valor_unitario": 348398,
            "descuento": 0.25,
            "IVA": 19
        },
        {
            "codigo": "GQo7ZLP3Pr",
            "total": 15,
            "valor_unitario": 108225,
            "descuento": 0.17,
            "IVA": 0
        },
        {
            "codigo": "YE6T9N3O0o",
            "total": 18,
            "valor_unitario": 786895,
            "descuento": 0.18,
            "IVA": 0
        },
        {
            "codigo": "yGinLdlZc7",
            "total": 7,
            "valor_unitario": 115793,
            "descuento": 0.27,
            "IVA": 0
        },
        {
            "codigo": "Rj1n2AtIw5",
            "total": 8,
            "valor_unitario": 132836,
            "descuento": 0.44,
            "IVA": 0
        },
        {
            "codigo": "Ip1YLij3vY",
            "total": 2,
            "valor_unitario": 610179,
            "descuento": 0.19,
            "IVA": 5
        }
    ]
}