{
    "empresa_nit": "987654321",
    "empresa_ciudad": "BOGOTA",
    "empresa_sede": "plaza",
    "empresa_nombre": "FrutiBarato",
    "fecha_hora": "2022-09-27 21:34:28",
    "factura_num": "00106",
    "ciente_numero": 535982906,
    "pago_tipo": "TAR.CREDITO",
    "productos": [
        {
            "codigo": "IkWDafjGnt",
            "total": 13,
            "valor_unitario": 342597,
            "descuento": 0.07,
            "IVA": 5
        },
        {
            "codigo": "brFANzyX3P",
            "total": 15,
            "valor_unitario": 873315,
            "descuento": 0.47,
            "IVA": 0
        },
        {
            "codigo": "GQbYoS8kgo",
            "total": 2,
            "valor_unitario": 523758,
            "descuento": 0.1,
            "IVA": 19
        },
        {
            "codigo": "DpzGYJPrtK",
            "total": 6,
            "valor_unitario": 108854,
            "descuento": 0.13,
            "IVA": 5
        },
        {
            "codigo": "foxly4pvTl",
            "total": 11,
            "valor_unitario": 100742,
            "descuento": 0.38,
            "IVA": 19
        }
    ]
}