{
    "empresa_nit": "987654321",
    "empresa_ciudad": "CALI",
    "empresa_sede": "centro",
    "empresa_nombre": "FrutiBarato",
    "fecha_hora": "2021-01-29 21:51:00",
    "factura_num": "01021",
    "ciente_numero": 138429412,
    "pago_tipo": "TRANFERENCIA",
    "productos": [
        {
            "codigo": "m0Ypze56HH",
            "total": 16,
            "valor_unitario": 332924,
            "descuento": 0.24,
            "IVA": 5
        },
        {
            "codigo": "mY6wZFbcXS",
            "total": 6,
            "valor_unitario": 511145,
            "descuento": 0.42,
            "IVA": 5
        },
        {
            "codigo": "7obGRTB7bK",
            "total": 1,
            "valor_unitario": 556242,
            "descuento": 0.42,
            "IVA": 5
        },
        {
            "codigo": "8roATDSnBZ",
            "total": 6,
            "valor_unitario": 57950,
            "descuento": 0.32,
            "IVA": 19
        },
        {
            "codigo": "e1kFmixOsT",
            "total": 17,
            "valor_unitario": 103598,
            "descuento": 0.11,
            "IVA": 5
        },
        {
            "codigo": "p3cShf6r7m",
            "total": 16,
            "valor_unitario": 812448,
            "descuento": 0.09,
            "IVA": 0
        },
        {
            "codigo": "l03AIDtJ8N",
            "total": 5,
            "valor_unitario": 12105,
            "descuento": 0.17,
            "IVA": 5
        }
    ]
}