{
    "empresa_nit": "987654321",
    "empresa_ciudad": "BOGOTA",
    "empresa_sede": "autopista",
    "empresa_nombre": "FrutiBarato",
    "fecha_hora": "2023-10-10 05:07:51",
    "factura_num": "01142",
    "ciente_numero": 321832256,
    "pago_tipo": "TAR.CREDITO",
    "productos": [
        {
            "codigo": "hWpOwpluXk",
            "total": 11,
            "valor_unitario": 221199,
            "descuento": 0.28,
            "IVA": 19
        },
        {
            "codigo": "fxpFPDJk6l",
            "total": 5,
            "valor_unitario": 684263,
            "descuento": 0.23,
            "IVA": 0
        },
        {
            "codigo": "CLAeYhKuRc",
            "total": 20,
            "valor_unitario": 941220,
            "descuento": 0.41,
            "IVA": 19
        },
        {
            "codigo": "funZpkrwJV",
            "total": 14,
            "valor_unitario": 31378,
            "descuento": 0.1,
            "IVA": 5
        },
        {
            "codigo": "GjxtrALmkv",
            "total": 13,
            "valor_unitario": 478870,
            "descuento": 0.27,
            "IVA": 0
        },
        {
            "codigo": "MLjjS3BY3k",
            "total": 20,
            "valor_unitario": 899619,
            "descuento": 0.45,
            "IVA": 5
        },
        {
            "codigo": "JF49fjKsi7",
            "total": 7,
            "valor_unitario": 658680,
            "descuento": 0.1,
            "IVA": 19
        },
        {
            "codigo": "PNP2vSjYBD",
            "total": 18,
            "valor_unitario": 531242,
            "descuento": 0.14,
            "IVA": 19
        },
        {
            "codigo": "Fd0sZfbkRZ",
            "total": 7,
            "valor_unitario": 836533,
            "descuento": 0.15,
            "IVA": 0
        },
        {
            "codigo": "RBaIrCUfMs",
            "total": 2,
            "valor_unitario": 370260,
            "descuento": 0.49,
            "IVA": 5
        },
        {
            "codigo": "Q0tUsQt4GL",
            "total": 4,
            "valor_unitario": 768064,
            "descuento": 0.14,
            "IVA": 5
        },
        {
            "codigo": "tMMHBzAOjI",
            "total": 8,
            "valor_unitario": 951621,
            "descuento": 0.03,
            "IVA": 5
        },
        {
            "codigo": "boph9ta0oB",
            "total": 17,
            "valor_unitario": 401301,
            "descuento": 0.04,
            "IVA": 5
        },
        {
            "codigo": "qTk3JLHNqJ",
            "total": 17,
            "valor_unitario": 283203,
            "descuento": 0.2,
            "IVA": 0
        },
        {
            "codigo": "H3Lh6oy0Xi",
            "total": 2,
            "valor_unitario": 407362,
            "descuento": 0.12,
            "IVA": 19
        },
        {
            "codigo": "V0y3ljhifY",
            "total": 20,
            "valor_unitario": 676647,
            "descuento": 0.27,
            "IVA": 19
        },
        {
            "codigo": "q3QVqmA0kf",
            "total": 6,
            "valor_unitario": 481760,
            "descuento": 0.17,
            "IVA": 0
        }
    ]
}