{
    "empresa_nit": "987654321",
    "empresa_ciudad": "BARRANQUILLA",
    "empresa_sede": "terminal",
    "empresa_nombre": "FrutiBarato",
    "fecha_hora": "2024-10-14 17:38:12",
    "factura_num": "00014",
    "ciente_numero": 760243054,
    "pago_tipo": "TAR.DEBITO",
    "productos": [
        {
            "codigo": "zFzujr1Nxn",
            "total": 12,
            "valor_unitario": 323178,
            "descuento": 0.2,
            "IVA": 0
        },
        {
            "codigo": "poGt2UTnDd",
            "total": 4,
            "valor_unitario": 427041,
            "descuento": 0.12,
            "IVA": 5
        },
        {
            "codigo": "9lNuR1npJQ",
            "total": 11,
            "valor_unitario": 419278,
            "descuento": 0.44,
            "IVA": 19
        },
        {
            "codigo": "rKIVEdOCnH",
            "total": 12,
            "valor_unitario": 235732,
            "descuento": 0.39,
            "IVA": 19
        },
        {
            "codigo": "CesAyqOHVb",
            "total": 9,
            "valor_unitario": 117023,
            "descuento": 0.31,
            "IVA": 19
        },
        {
            "codigo": "1ebG9aHwki",
            "total": 15,
            "valor_unitario": 214756,
            "descuento": 0.24,
            "IVA": 5
        },
        {
            "codigo": "HIUYcGdHrt",
            "total": 1,
            "valor_unitario": 252443,
            "descuento": 0.08,
            "IVA": 0
        },
        {
            "codigo": "07Un5SkErg",
            "total": 13,
            "valor_unitario": 846009,
            "descuento": 0.1,
            "IVA": 5
        },
        {
            "codigo": "ZLGyQf672t",
            "total": 11,
            "valor_unitario": 189227,
            "descuento": 0.4,
            "IVA": 0
        },
        {
            "codigo": "16jqBwYZ23",
            "total": 14,
            "valor_unitario": 477180,
            "descuento": 0.23,
            "IVA": 5
        },
        {
            "codigo": "24pEmHx3mY",
            "total": 10,
            "valor_unitario": 74532,
            "descuento": 0.3,
            "IVA": 0
        },
        {
            "codigo": "DfN8Wr7Xrs",
            "total": 8,
            "valor_unitario": 197805,
            "descuento": 0.48,
            "IVA": 19
        },
        {
            "codigo": "n3DROq0OOu",
            "total": 18,
            "valor_unitario": 277087,
            "descuento": 0.24,
            "IVA": 5
        },
        {
            "codigo": "CTvoKq5DbM",
            "total": 2,
            "valor_unitario": 854612,
            "descuento": 0.17,
            "IVA": 5
        }
    ]
}