{
    "empresa_nit": "987654321",
    "empresa_ciudad": "MEDELLIN",
    "empresa_sede": "autopista",
    "empresa_nombre": "FrutiBarato",
    "fecha_hora": "2020-10-05 18:03:52",
    "factura_num": "01322",
    "ciente_numero": 7739296,
    "pago_tipo": "TRANFERENCIA",
    "productos": [
        {
            "codigo": "v7CaRzwIwA",
            "total": 19,
            "valor_unitario": 726957,
            "descuento": 0.02,
            "IVA": 19
        },
        {
            "codigo": "2AxtdjmlGP",
            "total": 8,
            "valor_unitario": 913752,
            "descuento": 0.39,
            "IVA": 5
        },
        {
            "codigo": "NR9eciZTxO",
            "total": 9,
            "valor_unitario": 782702,
            "descuento": 0.11,
            "IVA": 0
        },
        {
            "codigo": "XkXgj2j7bX",
            "total": 9,
            "valor_unitario": 887173,
            "descuento": 0.21,
            "IVA": 19
        },
        {
            "codigo": "PdDhMmBX1w",
            "total": 16,
            "valor_unitario": 166155,
            "descuento": 0.14,
            "IVA": 5
        },
        {
            "codigo": "peQQA8kZD9",
            "total": 19,
            "valor_unitario": 795969,
            "descuento": 0.14,
            "IVA": 19
        },
        {
            "codigo": "09G3gXrL8z",
            "total": 2,
            "valor_unitario": 715951,
            "descuento": 0.31,
            "IVA": 5
        },
        {
            "codigo": "7bdcJmKswq",
            "total": 20,
            "valor_unitario": 311171,
            "descuento": 0.15,
            "IVA": 19
        },
        {
            "codigo": "brGPXx2fcJ",
            "total": 10,
            "valor_unitario": 77657,
            "descuento": 0.26,
            "IVA": 0
        },
        {
            "codigo": "x8XZtqy7ud",
            "total": 3,
            "valor_unitario": 52520,
            "descuento": 0.01,
            "IVA": 5
        },
        {
            "codigo": "JCFWemaG3k",
            "total": 20,
            "valor_unitario": 576769,
            "descuento": 0.15,
            "IVA": 5
        },
        {
            "codigo": "1rW2lAOnMH",
            "total": 3,
            "valor_unitario": 890738,
            "descuento": 0.14,
            "IVA": 0
        },
        {
            "codigo": "QUBTPzIrjV",
            "total": 8,
            "valor_unitario": 317640,
            "descuento": 0.23,
            "IVA": 19
        },
        {
            "codigo": "P1MyafbimC",
            "total": 18,
            "valor_unitario": 488716,
            "descuento": 0.48,
            "IVA": 0
        },
        {
            "codigo": "G5noGilSV4",
            "total": 20,
            "valor_unitario": 117702,
            "descuento": 0.16,
            "IVA": 19
        },
        {
            "codigo": "57ut8vQPcg",
            "total": 9,
            "valor_unitario": 543941,
            "descuento": 0.22,
            "IVA": 5
        },
        {
            "codigo": "RHEgxmcUl7",
            "total": 1,
            "valor_unitario": 474538,
            "descuento": 0.47,
            "IVA": 5
        },
        {
            "codigo": "bvsD3Fonnt",
            "total": 16,
            "valor_unitario": 690174,
            "descuento": 0.03,
            "IVA": 0
        },
        {
            "codigo": "69CACCLwSk",
            "total": 14,
            "valor_unitario": 317688,
            "descuento": 0.06,
            "IVA": 5
        },
        {
            "codigo": "1rZlKj7R8s",
            "total": 20,
            "valor_unitario": 261224,
            "descuento": 0.42,
            "IVA": 0
        }
    ]
}