{
    "empresa_nit": "987654321",
    "empresa_ciudad": "TUNJA",
    "empresa_sede": "centro",
    "empresa_nombre": "FrutiBarato",
    "fecha_hora": "2020-03-12 19:53:14",
    "factura_num": "01288",
    "ciente_numero": 469604085,
    "pago_tipo": "TAR.DEBITO",
    "productos": [
        {
            "codigo": "eoAHjbo0W4",
            "total": 16,
            "valor_unitario": 365174,
            "descuento": 0.01,
            "IVA": 19
        },
        {
            "codigo": "Fh35mMCIMe",
            "total": 1,
            "valor_unitario": 702419,
            "descuento": 0.33,
            "IVA": 5
        },
        {
            "codigo": "1b4EEE3btv",
            "total": 4,
            "valor_unitario": 540836,
            "descuento": 0.29,
            "IVA": 19
        },
        {
            "codigo": "aJCp7GVDNl",
            "total": 9,
            "valor_unitario": 118524,
            "descuento": 0.09,
            "IVA": 19
        },
        {
            "codigo": "ZvUeU22NP6",
            "total": 19,
            "valor_unitario": 471095,
            "descuento": 0.41,
            "IVA": 0
        },
        {
            "codigo": "fQ3iGs3vvE",
            "total": 13,
            "valor_unitario": 652159,
            "descuento": 0.26,
            "IVA": 0
        },
        {
            "codigo": "kEtbrhmGb7",
            "total": 3,
            "valor_unitario": 829866,
            "descuento": 0.1,
            "IVA": 0
        },
        {
            "codigo": "Hs4KI4p8hV",
            "total": 11,
            "valor_unitario": 464087,
            "descuento": 0.36,
            "IVA": 0
        },
        {
            "codigo": "dHrFk2BFpa",
            "total": 6,
            "valor_unitario": 606657,
            "descuento": 0.43,
            "IVA": 5
        },
        {
            "codigo": "I5gbADjmXH",
            "total": 13,
            "valor_unitario": 344329,
            "descuento": 0.28,
            "IVA": 19
        },
        {
            "codigo": "rnybVTNRtY",
            "total": 7,
            "valor_unitario": 712249,
            "descuento": 0.02,
            "IVA": 5
        },
        {
            "codigo": "MN9uNC4JWJ",
            "total": 15,
            "valor_unitario": 822096,
            "descuento": 0.26,
            "IVA": 5
        },
        {
            "codigo": "W0CReYs4Pe",
            "total": 20,
            "valor_unitario": 281324,
            "descuento": 0.07,
            "IVA": 19
        }
    ]
}