{
    "empresa_nit": "987654321",
    "empresa_ciudad": "CALI",
    "empresa_sede": "aeropuerto",
    "empresa_nombre": "FrutiBarato",
    "fecha_hora": "2025-02-03 11:57:31",
    "factura_num": "01049",
    "ciente_numero": 966749525,
    "pago_tipo": "TAR.DEBITO",
    "productos": [
        {
            "codigo": "mBaPnkKfQd",
            "total": 13,
            "valor_unitario": 526232,
            "descuento": 0.46,
            "IVA": 0
        },
        {
            "codigo": "NorwgkrQrX",
            "total": 9,
            "valor_unitario": 592026,
            "descuento": 0.34,
            "IVA": 0
        },
        {
            "codigo": "gVaWD14FFB",
            "total": 12,
            "valor_unitario": 945783,
            "descuento": 0.42,
            "IVA": 19
        },
        {
            "codigo": "SS9vyBknRv",
            "total": 8,
            "valor_unitario": 217579,
            "descuento": 0.17,
            "IVA": 19
        },
        {
            "codigo": "dRuOgfNxjF",
            "total": 19,
            "valor_unitario": 701808,
            "descuento": 0.23,
            "IVA": 5
        },
        {
            "codigo": "WIlMlREEwv",
            "total": 2,
            "valor_unitario": 174711,
            "descuento": 0.46,
            "IVA": 5
        },
        {
            "codigo": "5OtUO3i7q4",
            "total": 7,
            "valor_unitario": 402485,
            "descuento": 0.23,
            "IVA": 19
        },
        {
            "codigo": "HQTfMH8CiS",
            "total": 15,
            "valor_unitario": 619941,
            "descuento": 0.32,
            "IVA": 0
        },
        {
            "codigo": "F652Ne99OG",
            "total": 5,
            "valor_unitario": 139642,
            "descuento": 0.28,
            "IVA": 5
        },
        {
            "codigo": "HDv6zv1s0d",
            "total": 3,
            "valor_unitario": 947302,
            "descuento": 0.07,
            "IVA": 5
        },
        {
            "codigo": "HNiKPtFcWX",
            "total": 5,
            "valor_unitario": 104999,
            "descuento": 0.45,
            "IVA": 0
        },
        {
            "codigo": "NNwsP4Qj9s",
            "total": 17,
            "valor_unitario": 43170,
            "descuento": 0.07,
            "IVA": 5
        },
        {
            "codigo": "CrDUQSkpyP",
            "total": 19,
            "valor_unitario": 798208,
            "descuento": 0.18,
            "IVA": 5
        },
        {
            "codigo": "OXIn41nr8d",
            "total": 13,
            "valor_unitario": 200164,
            "descuento": 0.08,
            "IVA": 5
        },
        {
            "codigo": "RnzhVQu03X",
            "total": 19,
            "valor_unitario": 889847,
            "descuento": 0.34,
            "IVA": 0
        },
        {
            "codigo": "V3Jwg33TcP",
            "total": 12,
            "valor_unitario": 926957,
            "descuento": 0.03,
            "IVA": 19
        },
        {
            "codigo": "LnAJbguV0j",
            "total": 12,
            "valor_unitario": 225010,
            "descuento": 0.46,
            "IVA": 19
        },
        {
            "codigo": "Pqarcn2QFl",
            "total": 10,
            "valor_unitario": 475026,
            "descuento": 0.14,
            "IVA": 5
        },
        {
            "codigo": "jo0RwAABNS",
            "total": 9,
            "valor_unitario": 671204,
            "descuento": 0.08,
            "IVA": 5
        },
        {
            "codigo": "h6zZNyG7wo",
            "total": 14,
            "valor_unitario": 209236,
            "descuento": 0.01,
            "IVA": 5
        }
    ]
}