{
    "empresa_nit": "987654321",
    "empresa_ciudad": "MEDELLIN",
    "empresa_sede": "autopista",
    "empresa_nombre": "FrutiBarato",
    "fecha_hora": "2025-02-17 13:10:20",
    "factura_num": "01303",
    "ciente_numero": 869812712,
    "pago_tipo": "TRANFERENCIA",
    "productos": [
        {
            "codigo": "T9aIsA0TVK",
            "total": 19,
            "valor_unitario": 115268,
            "descuento": 0.09,
            "IVA": 5
        },
        {
            "codigo": "gR4BZKD0Kc",
            "total": 14,
            "valor_unitario": 859603,
            "descuento": 0.11,
            "IVA": 0
        },
        {
            "codigo": "4RqwCse4VE",
            "total": 9,
            "valor_unitario": 48700,
            "descuento": 0.03,
            "IVA": 19
        },
        {
            "codigo": "cuumathV19",
            "total": 9,
            "valor_unitario": 477943,
            "descuento": 0.04,
            "IVA": 19
        },
        {
            "codigo": "T4qpCD7xy1",
            "total": 6,
            "valor_unitario": 113992,
            "descuento": 0.36,
            "IVA": 19
        },
        {
            "codigo": "18vrWTNddS",
            "total": 1,
            "valor_unitario": 62107,
            "descuento": 0.2,
            "IVA": 0
        }
    ]
}