{
    "empresa_nit": "987654321",
    "empresa_ciudad": "BARRANQUILLA",
    "empresa_sede": "autopista",
    "empresa_nombre": "FrutiBarato",
    "fecha_hora": "2023-02-05 13:13:17",
    "factura_num": "01381",
    "ciente_numero": 961058374,
    "pago_tipo": "EFECTIVO",
    "productos": [
        {
            "codigo": "kQ47kP63VG",
            "total": 20,
            "valor_unitario": 28185,
            "descuento": 0.02,
            "IVA": 0
        },
        {
            "codigo": "WLIqv6MRcE",
            "total": 18,
            "valor_unitario": 612820,
            "descuento": 0.1,
            "IVA": 19
        },
        {
            "codigo": "7ID1edCngZ",
            "total": 12,
            "valor_unitario": 246622,
            "descuento": 0.33,
            "IVA": 19
        },
        {
            "codigo": "5LgzdXMEbd",
            "total": 4,
            "valor_unitario": 140311,
            "descuento": 0.04,
            "IVA": 19
        },
        {
            "codigo": "52ptsuva3x",
            "total": 17,
            "valor_unitario": 912901,
            "descuento": 0.46,
            "IVA": 19
        },
        {
            "codigo": "r9r9lSjwvk",
            "total": 4,
            "valor_unitario": 494816,
            "descuento": 0.19,
            "IVA": 0
        },
        {
            "codigo": "hM5hgu754f",
            "total": 16,
            "valor_unitario": 666520,
            "descuento": 0.26,
            "IVA": 19
        },
        {
            "codigo": "mSnXfYxGVy",
            "total": 8,
            "valor_unitario": 558785,
            "descuento": 0.47,
            "IVA": 19
        },
        {
            "codigo": "OJxbusFf98",
            "total": 18,
            "valor_unitario": 185626,
            "descuento": 0.27,
            "IVA": 19
        },
        {
            "codigo": "x1Y0G3a7bt",
            "total": 4,
            "valor_unitario": 803145,
            "descuento": 0.15,
            "IVA": 5
        },
        {
            "codigo": "UO1taZYrF4",
            "total": 20,
            "valor_unitario": 317134,
            "descuento": 0.5,
            "IVA": 0
        },
        {
            "codigo": "t5qb5QRfKO",
            "total": 12,
            "valor_unitario": 65915,
            "descuento": 0.07,
            "IVA": 19
        },
        {
            "codigo": "CG08iQITq2",
            "total": 16,
            "valor_unitario": 663758,
            "descuento": 0.44,
            "IVA": 0
        },
        {
            "codigo": "q0NR8yMCdu",
            "total": 3,
            "valor_unitario": 624601,
            "descuento": 0.34,
            "IVA": 19
        },
        {
            "codigo": "lP3WsOdijS",
            "total": 20,
            "valor_unitario": 612318,
            "descuento": 0.34,
            "IVA": 19
        },
        {
            "codigo": "G8JIjEfQdW",
            "total": 5,
            "valor_unitario": 304661,
            "descuento": 0.25,
            "IVA": 0
        },
        {
            "codigo": "X2JQNBJkcp",
            "total": 17,
            "valor_unitario": 218926,
            "descuento": 0.04,
            "IVA": 0
        },
        {
            "codigo": "BKOrLRbD6s",
            "total": 7,
            "valor_unitario": 358372,
            "descuento": 0.16,
            "IVA": 0
        }
    ]
}