{
    "empresa_nit": "987654321",
    "empresa_ciudad": "MEDELLIN",
    "empresa_sede": "plaza",
    "empresa_nombre": "FrutiBarato",
    "fecha_hora": "2022-08-20 09:18:01",
    "factura_num": "01287",
    "ciente_numero": 179141155,
    "pago_tipo": "TAR.CREDITO",
    "productos": [
        {
            "codigo": "x56z8VF10j",
            "total": 8,
            "valor_unitario": 81390,
            "descuento": 0.36,
            "IVA": 19
        },
        {
            "codigo": "NhfSkwmAKE",
            "total": 14,
            "valor_unitario": 297866,
            "descuento": 0.03,
            "IVA": 19
        },
        {
            "codigo": "CjfHeDHmXe",
            "total": 13,
            "valor_unitario": 696932,
            "descuento": 0.1,
            "IVA": 5
        },
        {
            "codigo": "9kzTddypEy",
            "total": 19,
            "valor_unitario": 788018,
            "descuento": 0.34,
            "IVA": 0
        },
        {
            "codigo": "QihjmrnOeM",
            "total": 17,
            "valor_unitario": 475677,
            "descuento": 0.32,
            "IVA": 19
        },
        {
            "codigo": "8bpMiH7Hqg",
            "total": 9,
            "valor_unitario": 910668,
            "descuento": 0.02,
            "IVA": 0
        },
        {
            "codigo": "77BXO9WAwZ",
            "total": 7,
            "valor_unitario": 218792,
            "descuento": 0.12,
            "IVA": 5
        },
        {
            "codigo": "j7IKc0POsR",
            "total": 8,
            "valor_unitario": 85003,
            "descuento": 0.14,
            "IVA": 5
        },
        {
            "codigo": "kg0TA6xZFQ",
            "total": 6,
            "valor_unitario": 356142,
            "descuento": 0.43,
            "IVA": 19
        }
    ]
}