{
    "empresa_nit": "987654321",
    "empresa_ciudad": "MEDELLIN",
    "empresa_sede": "plaza",
    "empresa_nombre": "FrutiBarato",
    "fecha_hora": "2024-06-27 23:27:57",
    "factura_num": "01250",
    "ciente_numero": 703666409,
    "pago_tipo": "TRANFERENCIA",
    "productos": [
        {
            "codigo": "nizIv098wk",
            "total": 13,
            "valor_unitario": 431636,
            "descuento": 0.41,
            "IVA": 19
        },
        {
            "codigo": "qRkeb5kpP9",
            "total": 18,
            "valor_unitario": 917761,
            "descuento": 0.45,
            "IVA": 5
        },
        {
            "codigo": "UyU5R3dXxx",
            "total": 13,
            "valor_unitario": 530391,
            "descuento": 0.16,
            "IVA": 19
        },
        {
            "codigo": "1QQ37Rv9t1",
            "total": 13,
            "valor_unitario": 403569,
            "descuento": 0.03,
            "IVA": 19
        },
        {
            "codigo": "uVv6h7CAON",
            "total": 12,
            "valor_unitario": 629230,
            "descuento": 0.08,
            "IVA": 5
        },
        {
            "codigo": "7mHAe6T2TS",
            "total": 1,
            "valor_unitario": 542185,
            "descuento": 0.27,
            "IVA": 5
        },
        {
            "codigo": "FH0FrhDUoX",
            "total": 5,
            "valor_unitario": 789152,
            "descuento": 0.44,
            "IVA": 5
        },
        {
            "codigo": "oiyMs9Mw6E",
            "total": 10,
            "valor_unitario": 375666,
            "descuento": 0.02,
            "IVA": 19
        },
        {
            "codigo": "P52RxGZqiu",
            "total": 4,
            "valor_unitario": 752945,
            "descuento": 0.07,
            "IVA": 5
        },
        {
            "codigo": "eVkYd6XUYG",
            "total": 11,
            "valor_unitario": 658540,
            "descuento": 0.22,
            "IVA": 0
        },
        {
            "codigo": "mxTgOntXRT",
            "total": 4,
            "valor_unitario": 853482,
            "descuento": 0.4,
            "IVA": 0
        },
        {
            "codigo": "TTFwAnQg6R",
            "total": 10,
            "valor_unitario": 886282,
            "descuento": 0.23,
            "IVA": 5
        },
        {
            "codigo": "TCx7P0BQuG",
            "total": 6,
            "valor_unitario": 783265,
            "descuento": 0.19,
            "IVA": 0
        },
        {
            "codigo": "ATCY3xBwUk",
            "total": 1,
            "valor_unitario": 934872,
            "descuento": 0.01,
            "IVA": 19
        }
    ]
}