{
    "empresa_nit": "987654321",
    "empresa_ciudad": "BOGOTA",
    "empresa_sede": "autopista",
    "empresa_nombre": "FrutiBarato",
    "fecha_hora": "2020-07-06 18:09:06",
    "factura_num": "01088",
    "ciente_numero": 497851645,
    "pago_tipo": "TRANFERENCIA",
    "productos": [
        {
            "codigo": "YO8V0n36OR",
            "total": 8,
            "valor_unitario": 34190,
            "descuento": 0.3,
            "IVA": 0
        },
        {
            "codigo": "FIIyaUDeA5",
            "total": 18,
            "valor_unitario": 280528,
            "descuento": 0.47,
            "IVA": 5
        },
        {
            "codigo": "NA1bTCMYqZ",
            "total": 1,
            "valor_unitario": 715813,
            "descuento": 0.26,
            "IVA": 0
        },
        {
            "codigo": "wdH2mtJlUL",
            "total": 20,
            "valor_unitario": 777228,
            "descuento": 0.48,
            "IVA": 0
        },
        {
            "codigo": "vZgH3CJ2zm",
            "total": 2,
            "valor_unitario": 240465,
            "descuento": 0.29,
            "IVA": 5
        },
        {
            "codigo": "Msz2uWaxZW",
            "total": 18,
            "valor_unitario": 785310,
            "descuento": 0.41,
            "IVA": 19
        },
        {
            "codigo": "nJik42vkta",
            "total": 15,
            "valor_unitario": 683751,
            "descuento": 0.38,
            "IVA": 19
        },
        {
            "codigo": "okIcXIRseZ",
            "total": 17,
            "valor_unitario": 946997,
            "descuento": 0.33,
            "IVA": 5
        },
        {
            "codigo": "0c91PpeZ0F",
            "total": 17,
            "valor_unitario": 656892,
            "descuento": 0.48,
            "IVA": 5
        },
        {
            "codigo": "4j3sWtRvfY",
            "total": 2,
            "valor_unitario": 581712,
            "descuento": 0.28,
            "IVA": 5
        },
        {
            "codigo": "p6DXoLZg54",
            "total": 3,
            "valor_unitario": 171140,
            "descuento": 0.27,
            "IVA": 5
        },
        {
            "codigo": "Kv7izKiYZc",
            "total": 17,
            "valor_unitario": 521526,
            "descuento": 0.16,
            "IVA": 0
        },
        {
            "codigo": "Hobm379W5y",
            "total": 1,
            "valor_unitario": 535813,
            "descuento": 0.33,
            "IVA": 19
        },
        {
            "codigo": "WyXsizWF33",
            "total": 5,
            "valor_unitario": 268527,
            "descuento": 0.06,
            "IVA": 5
        },
        {
            "codigo": "z4M6QDz3Fy",
            "total": 5,
            "valor_unitario": 551609,
            "descuento": 0.06,
            "IVA": 19
        }
    ]
}