{
    "empresa_nit": "987654321",
    "empresa_ciudad": "TUNJA",
    "empresa_sede": "terminal",
    "empresa_nombre": "FrutiBarato",
    "fecha_hora": "2022-09-15 09:01:36",
    "factura_num": "01048",
    "ciente_numero": 467867699,
    "pago_tipo": "TAR.CREDITO",
    "productos": [
        {
            "codigo": "582JPSvSqy",
            "total": 3,
            "valor_unitario": 865540,
            "descuento": 0.34,
            "IVA": 0
        },
        {
            "codigo": "nHHTCcUWJ0",
            "total": 13,
            "valor_unitario": 763072,
            "descuento": 0.11,
            "IVA": 0
        },
        {
            "codigo": "sep9GjhlTi",
            "total": 10,
            "valor_unitario": 626498,
            "descuento": 0.19,
            "IVA": 0
        },
        {
            "codigo": "crfovxY0NI",
            "total": 15,
            "valor_unitario": 79201,
            "descuento": 0.4,
            "IVA": 5
        },
        {
            "codigo": "KbWmHYIOZR",
            "total": 8,
            "valor_unitario": 262404,
            "descuento": 0.47,
            "IVA": 19
        },
        {
            "codigo": "Di3YE2aT8d",
            "total": 6,
            "valor_unitario": 951809,
            "descuento": 0.12,
            "IVA": 0
        },
        {
            "codigo": "6DVTjiiw9n",
            "total": 10,
            "valor_unitario": 486498,
            "descuento": 0.28,
            "IVA": 5
        },
        {
            "codigo": "mYYyLQfpNX",
            "total": 6,
            "valor_unitario": 529581,
            "descuento": 0.2,
            "IVA": 0
        },
        {
            "codigo": "pzk8TMliC6",
            "total": 13,
            "valor_unitario": 339027,
            "descuento": 0.0,
            "IVA": 5
        },
        {
            "codigo": "PMogAjCU1p",
            "total": 12,
            "valor_unitario": 77541,
            "descuento": 0.2,
            "IVA": 19
        },
        {
            "codigo": "A2iJWZC9mH",
            "total": 3,
            "valor_unitario": 445865,
            "descuento": 0.11,
            "IVA": 19
        },
        {
            "codigo": "AfZFo1SblW",
            "total": 3,
            "valor_unitario": 530370,
            "descuento": 0.48,
            "IVA": 0
        },
        {
            "codigo": "3zb8Bka44t",
            "total": 3,
            "valor_unitario": 901305,
            "descuento": 0.4,
            "IVA": 5
        },
        {
            "codigo": "ORMebdcK0H",
            "total": 15,
            "valor_unitario": 956886,
            "descuento": 0.03,
            "IVA": 19
        },
        {
            "codigo": "4Y8AKNznVf",
            "total": 8,
            "valor_unitario": 134019,
            "descuento": 0.18,
            "IVA": 5
        },
        {
            "codigo": "vczRtDZvmG",
            "total": 5,
            "valor_unitario": 885640,
            "descuento": 0.28,
            "IVA": 19
        }
    ]
}