{
    "empresa_nit": "987654321",
    "empresa_ciudad": "MEDELLIN",
    "empresa_sede": "plaza",
    "empresa_nombre": "FrutiBarato",
    "fecha_hora": "2023-08-09 22:04:15",
    "factura_num": "01132",
    "ciente_numero": 344967882,
    "pago_tipo": "TRANFERENCIA",
    "productos": [
        {
            "codigo": "uPQRXgtvq3",
            "total": 7,
            "valor_unitario": 905467,
            "descuento": 0.3,
            "IVA": 5
        },
        {
            "codigo": "zQ5jmFvLhi",
            "total": 1,
            "valor_unitario": 96117,
            "descuento": 0.48,
            "IVA": 19
        },
        {
            "codigo": "MrSxCZqaRk",
            "total": 5,
            "valor_unitario": 621220,
            "descuento": 0.44,
            "IVA": 0
        },
        {
            "codigo": "JONebCc6ex",
            "total": 11,
            "valor_unitario": 212300,
            "descuento": 0.03,
            "IVA": 0
        },
        {
            "codigo": "aPAdzeIpor",
            "total": 16,
            "valor_unitario": 602264,
            "descuento": 0.42,
            "IVA": 5
        },
        {
            "codigo": "6hkaGgvKIM",
            "total": 9,
            "valor_unitario": 226528,
            "descuento": 0.21,
            "IVA": 0
        },
        {
            "codigo": "erAzEjv9gF",
            "total": 13,
            "valor_unitario": 977447,
            "descuento": 0.05,
            "IVA": 19
        },
        {
            "codigo": "GF4N2ubVuz",
            "total": 20,
            "valor_unitario": 856239,
            "descuento": 0.37,
            "IVA": 0
        },
        {
            "codigo": "yUK8qffPE5",
            "total": 18,
            "valor_unitario": 603381,
            "descuento": 0.43,
            "IVA": 5
        }
    ]
}