{
    "empresa_nit": "987654321",
    "empresa_ciudad": "BARRANQUILLA",
    "empresa_sede": "alcaldia",
    "empresa_nombre": "FrutiBarato",
    "fecha_hora": "2021-12-25 16:56:05",
    "factura_num": "01011",
    "ciente_numero": 193302074,
    "pago_tipo": "TAR.DEBITO",
    "productos": [
        {
            "codigo": "ztrd7aIxAr",
            "total": 7,
            "valor_unitario": 416333,
            "descuento": 0.49,
            "IVA": 0
        },
        {
            "codigo": "suV3i8H69j",
            "total": 8,
            "valor_unitario": 26751,
            "descuento": 0.07,
            "IVA": 0
        },
        {
            "codigo": "dgB8I0gcKD",
            "total": 14,
            "valor_unitario": 194225,
            "descuento": 0.09,
            "IVA": 5
        },
        {
            "codigo": "m3amlBshyS",
            "total": 10,
            "valor_unitario": 663241,
            "descuento": 0.22,
            "IVA": 5
        },
        {
            "codigo": "Bj8YkYQknX",
            "total": 11,
            "valor_unitario": 125722,
            "descuento": 0.38,
            "IVA": 5
        },
        {
            "codigo": "wyO5Mp6hdg",
            "total": 5,
            "valor_unitario": 915481,
            "descuento": 0.32,
            "IVA": 19
        },
        {
            "codigo": "MSpTx7nTNS",
            "total": 3,
            "valor_unitario": 729302,
            "descuento": 0.42,
            "IVA": 0
        },
        {
            "codigo": "RyBE56Z7e7",
            "total": 1,
            "valor_unitario": 414896,
            "descuento": 0.12,
            "IVA": 5
        },
        {
            "codigo": "JI8LclC9mq",
            "total": 8,
            "valor_unitario": 937806,
            "descuento": 0.18,
            "IVA": 19
        },
        {
            "codigo": "CKBlBHX4k4",
            "total": 19,
            "valor_unitario": 35860,
            "descuento": 0.3,
            "IVA": 5
        },
        {
            "codigo": "w9UVON3VGF",
            "total": 3,
            "valor_unitario": 99016,
            "descuento": 0.48,
            "IVA": 19
        },
        {
            "codigo": "4GfqXtFWQW",
            "total": 13,
            "valor_unitario": 396014,
            "descuento": 0.49,
            "IVA": 5
        },
        {
            "codigo": "4qJ4AMXfFt",
            "total": 6,
            "valor_unitario": 270129,
            "descuento": 0.21,
            "IVA": 0
        },
        {
            "codigo": "8yHtzNnCHZ",
            "total": 14,
            "valor_unitario": 580931,
            "descuento": 0.4,
            "IVA": 19
        },
        {
            "codigo": "rtW83QSVnT",
            "total": 5,
            "valor_unitario": 44133,
            "descuento": 0.12,
            "IVA": 5
        }
    ]
}