{
    "empresa_nit": "987654321",
    "empresa_ciudad": "CALI",
    "empresa_sede": "centro",
    "empresa_nombre": "FrutiBarato",
    "fecha_hora": "2025-03-18 22:39:39",
    "factura_num": "01189",
    "ciente_numero": 66787712,
    "pago_tipo": "TAR.DEBITO",
    "productos": [
        {
            "codigo": "zFIjVSAF6R",
            "total": 11,
            "valor_unitario": 672128,
            "descuento": 0.47,
            "IVA": 19
        },
        {
            "codigo": "DDTIUOKAPs",
            "total": 19,
            "valor_unitario": 274653,
            "descuento": 0.32,
            "IVA": 19
        },
        {
            "codigo": "KanpHiMKif",
            "total": 6,
            "valor_unitario": 164687,
            "descuento": 0.22,
            "IVA": 19
        },
        {
            "codigo": "NM8PmhFCV8",
            "total": 16,
            "valor_unitario": 37760,
            "descuento": 0.02,
            "IVA": 0
        },
        {
            "codigo": "pAZZhXc3kT",
            "total": 18,
            "valor_unitario": 992451,
            "descuento": 0.16,
            "IVA": 5
        },
        {
            "codigo": "lmc1PjiIkS",
            "total": 10,
            "valor_unitario": 907382,
            "descuento": 0.39,
            "IVA": 5
        },
        {
            "codigo": "JAm8sZKCt9",
            "total": 14,
            "valor_unitario": 559396,
            "descuento": 0.04,
            "IVA": 19
        },
        {
            "codigo": "Fp5W95GsIg",
            "total": 10,
            "valor_unitario": 802179,
            "descuento": 0.26,
            "IVA": 5
        },
        {
            "codigo": "b6fEodq3kB",
            "total": 7,
            "valor_unitario": 599661,
            "descuento": 0.49,
            "IVA": 19
        },
        {
            "codigo": "waI0Yu7hBc",
            "total": 5,
            "valor_unitario": 398695,
            "descuento": 0.05,
            "IVA": 19
        },
        {
            "codigo": "IhzjzSH3ux",
            "total": 9,
            "valor_unitario": 239944,
            "descuento": 0.42,
            "IVA": 19
        },
        {
            "codigo": "UC07fYOrg6",
            "total": 12,
            "valor_unitario": 616260,
            "descuento": 0.4,
            "IVA": 0
        },
        {
            "codigo": "yQ1mn5uSqb",
            "total": 14,
            "valor_unitario": 698910,
            "descuento": 0.06,
            "IVA": 19
        },
        {
            "codigo": "Ac7kAo0XQU",
            "total": 7,
            "valor_unitario": 915926,
            "descuento": 0.28,
            "IVA": 0
        },
        {
            "codigo": "1jKuFHsLWc",
            "total": 17,
            "valor_unitario": 501535,
            "descuento": 0.38,
            "IVA": 5
        },
        {
            "codigo": "FWRrAD7OKH",
            "total": 5,
            "valor_unitario": 811606,
            "descuento": 0.11,
            "IVA": 19
        },
        {
            "codigo": "3OWBrAYT12",
            "total": 14,
            "valor_unitario": 229892,
            "descuento": 0.15,
            "IVA": 0
        },
        {
            "codigo": "n7IaVAe51Y",
            "total": 17,
            "valor_unitario": 511643,
            "descuento": 0.01,
            "IVA": 0
        }
    ]
}