{
    "empresa_nit": "987654321",
    "empresa_ciudad": "BARRANQUILLA",
    "empresa_sede": "plaza",
    "empresa_nombre": "FrutiBarato",
    "fecha_hora": "2022-09-14 19:39:57",
    "factura_num": "01086",
    "ciente_numero": 330964435,
    "pago_tipo": "TAR.CREDITO",
    "productos": [
        {
            "codigo": "hHpX23cogX",
            "total": 14,
            "valor_unitario": 580601,
            "descuento": 0.28,
            "IVA": 19
        },
        {
            "codigo": "5K9WoMkZiq",
            "total": 14,
            "valor_unitario": 706669,
            "descuento": 0.21,
            "IVA": 5
        },
        {
            "codigo": "jVHjkga32o",
            "total": 11,
            "valor_unitario": 90505,
            "descuento": 0.22,
            "IVA": 5
        },
        {
            "codigo": "LroCC0J1ia",
            "total": 10,
            "valor_unitario": 188047,
            "descuento": 0.45,
            "IVA": 0
        },
        {
            "codigo": "DEGSxNO0kz",
            "total": 3,
            "valor_unitario": 29847,
            "descuento": 0.48,
            "IVA": 0
        },
        {
            "codigo": "eWfPv29lBZ",
            "total": 15,
            "valor_unitario": 819945,
            "descuento": 0.25,
            "IVA": 5
        }
    ]
}