{
    "empresa_nit": "987654321",
    "empresa_ciudad": "TUNJA",
    "empresa_sede": "plaza",
    "empresa_nombre": "FrutiBarato",
    "fecha_hora": "2022-03-09 22:50:45",
    "factura_num": "01390",
    "ciente_numero": 30097926,
    "pago_tipo": "TRANFERENCIA",
    "productos": [
        {
            "codigo": "F7GhiWZpnD",
            "total": 14,
            "valor_unitario": 576149,
            "descuento": 0.39,
            "IVA": 5
        },
        {
            "codigo": "YdGHBAvuor",
            "total": 4,
            "valor_unitario": 198968,
            "descuento": 0.08,
            "IVA": 0
        },
        {
            "codigo": "ilDnZYUqfS",
            "total": 15,
            "valor_unitario": 260994,
            "descuento": 0.22,
            "IVA": 19
        },
        {
            "codigo": "tJN0L5Y1VZ",
            "total": 16,
            "valor_unitario": 220988,
            "descuento": 0.03,
            "IVA": 5
        },
        {
            "codigo": "vqhHIDi9Xz",
            "total": 6,
            "valor_unitario": 268284,
            "descuento": 0.01,
            "IVA": 19
        },
        {
            "codigo": "oqulUDcfPl",
            "total": 17,
            "valor_unitario": 175111,
            "descuento": 0.48,
            "IVA": 5
        },
        {
            "codigo": "1Z5fK7edAz",
            "total": 15,
            "valor_unitario": 553497,
            "descuento": 0.38,
            "IVA": 5
        },
        {
            "codigo": "AG8ToHLuGN",
            "total": 11,
            "valor_unitario": 633995,
            "descuento": 0.3,
            "IVA": 19
        },
        {
            "codigo": "WvNnFSyoc6",
            "total": 14,
            "valor_unitario": 469170,
            "descuento": 0.07,
            "IVA": 19
        },
        {
            "codigo": "yDY7JGchle",
            "total": 15,
            "valor_unitario": 977195,
            "descuento": 0.13,
            "IVA": 0
        },
        {
            "codigo": "nUXM9yZmqh",
            "total": 13,
            "valor_unitario": 248818,
            "descuento": 0.3,
            "IVA": 5
        },
        {
            "codigo": "yhyKQh1IYe",
            "total": 13,
            "valor_unitario": 292183,
            "descuento": 0.08,
            "IVA": 0
        },
        {
            "codigo": "eVLZLVeiPC",
            "total": 15,
            "valor_unitario": 977039,
            "descuento": 0.31,
            "IVA": 0
        },
        {
            "codigo": "8iAYevuCKP",
            "total": 8,
            "valor_unitario": 343170,
            "descuento": 0.5,
            "IVA": 19
        },
        {
            "codigo": "wdgoB3wzJz",
            "total": 1,
            "valor_unitario": 396129,
            "descuento": 0.44,
            "IVA": 0
        },
        {
            "codigo": "sTJ1noLZBu",
            "total": 8,
            "valor_unitario": 603440,
            "descuento": 0.17,
            "IVA": 19
        }
    ]
}