{
    "empresa_nit": "987654321",
    "empresa_ciudad": "CALI",
    "empresa_sede": "autopista",
    "empresa_nombre": "FrutiBarato",
    "fecha_hora": "2024-07-01 14:20:18",
    "factura_num": "01423",
    "ciente_numero": 139898634,
    "pago_tipo": "EFECTIVO",
    "productos": [
        {
            "codigo": "yWYtcOLozo",
            "total": 20,
            "valor_unitario": 456585,
            "descuento": 0.5,
            "IVA": 19
        },
        {
            "codigo": "pDzJbkR4WC",
            "total": 8,
            "valor_unitario": 208845,
            "descuento": 0.35,
            "IVA": 5
        },
        {
            "codigo": "8FafeSwAT4",
            "total": 17,
            "valor_unitario": 82587,
            "descuento": 0.25,
            "IVA": 0
        },
        {
            "codigo": "XjptpQVOne",
            "total": 7,
            "valor_unitario": 363873,
            "descuento": 0.39,
            "IVA": 5
        },
        {
            "codigo": "ms0YXJdbC4",
            "total": 1,
            "valor_unitario": 297900,
            "descuento": 0.14,
            "IVA": 19
        },
        {
            "codigo": "ceeHDbF23q",
            "total": 9,
            "valor_unitario": 865622,
            "descuento": 0.5,
            "IVA": 5
        },
        {
            "codigo": "mXrgHEYM40",
            "total": 6,
            "valor_unitario": 420678,
            "descuento": 0.05,
            "IVA": 19
        },
        {
            "codigo": "3pXeRUxVPP",
            "total": 11,
            "valor_unitario": 118233,
            "descuento": 0.19,
            "IVA": 0
        },
        {
            "codigo": "3kVTDLmScK",
            "total": 3,
            "valor_unitario": 949777,
            "descuento": 0.16,
            "IVA": 5
        },
        {
            "codigo": "pY9EpPK0Pw",
            "total": 2,
            "valor_unitario": 553825,
            "descuento": 0.22,
            "IVA": 19
        },
        {
            "codigo": "Sb11Wqr3IR",
            "total": 4,
            "valor_unitario": 693143,
            "descuento": 0.34,
            "IVA": 0
        },
        {
            "codigo": "jkDho6TWMe",
            "total": 19,
            "valor_unitario": 940161,
            "descuento": 0.29,
            "IVA": 0
        },
        {
            "codigo": "rEhsK5NKaz",
            "total": 15,
            "valor_unitario": 409014,
            "descuento": 0.44,
            "IVA": 19
        },
        {
            "codigo": "ujENU71pOz",
            "total": 19,
            "valor_unitario": 368951,
            "descuento": 0.12,
            "IVA": 19
        },
        {
            "codigo": "cPQ5MTGDVz",
            "total": 8,
            "valor_unitario": 48100,
            "descuento": 0.41,
            "IVA": 19
        }
    ]
}