{
    "empresa_nit": "987654321",
    "empresa_ciudad": "BARRANQUILLA",
    "empresa_sede": "plaza",
    "empresa_nombre": "FrutiBarato",
    "fecha_hora": "2020-08-28 17:53:38",
    "factura_num": "01031",
    "ciente_numero": 892247653,
    "pago_tipo": "EFECTIVO",
    "productos": [
        {
            "codigo": "8t7b4jhUOQ",
            "total": 18,
            "valor_unitario": 347923,
            "descuento": 0.29,
            "IVA": 5
        },
        {
            "codigo": "b4VSwiJAcS",
            "total": 8,
            "valor_unitario": 768108,
            "descuento": 0.42,
            "IVA": 19
        },
        {
            "codigo": "LMNdop1dlB",
            "total": 4,
            "valor_unitario": 630571,
            "descuento": 0.18,
            "IVA": 0
        },
        {
            "codigo": "MQezwii5JJ",
            "total": 14,
            "valor_unitario": 810322,
            "descuento": 0.21,
            "IVA": 0
        },
        {
            "codigo": "uP8lY2DYyH",
            "total": 1,
            "valor_unitario": 30390,
            "descuento": 0.31,
            "IVA": 0
        },
        {
            "codigo": "pqEq2okX3O",
            "total": 16,
            "valor_unitario": 486787,
            "descuento": 0.48,
            "IVA": 0
        }
    ]
}