{
    "empresa_nit": "987654321",
    "empresa_ciudad": "MEDELLIN",
    "empresa_sede": "autopista",
    "empresa_nombre": "FrutiBarato",
    "fecha_hora": "2020-11-01 05:20:23",
    "factura_num": "01285",
    "ciente_numero": 608735615,
    "pago_tipo": "TAR.CREDITO",
    "productos": [
        {
            "codigo": "UJB78BBUET",
            "total": 1,
            "valor_unitario": 349356,
            "descuento": 0.04,
            "IVA": 19
        },
        {
            "codigo": "j4pcmy03xc",
            "total": 19,
            "valor_unitario": 275268,
            "descuento": 0.15,
            "IVA": 5
        },
        {
            "codigo": "95n4VALHyj",
            "total": 11,
            "valor_unitario": 191184,
            "descuento": 0.4,
            "IVA": 19
        }
    ]
}