{
    "empresa_nit": "987654321",
    "empresa_ciudad": "BARRANQUILLA",
    "empresa_sede": "alcaldia",
    "empresa_nombre": "FrutiBarato",
    "fecha_hora": "2024-04-23 17:33:41",
    "factura_num": "01188",
    "ciente_numero": 52026778,
    "pago_tipo": "EFECTIVO",
    "productos": [
        {
            "codigo": "UWxxX1LJE1",
            "total": 8,
            "valor_unitario": 199438,
            "descuento": 0.12,
            "IVA": 0
        },
        {
            "codigo": "jUVGJUgxVv",
            "total": 7,
            "valor_unitario": 541821,
            "descuento": 0.38,
            "IVA": 19
        },
        {
            "codigo": "5ta9wC3EKX",
            "total": 19,
            "valor_unitario": 873559,
            "descuento": 0.18,
            "IVA": 19
        },
        {
            "codigo": "ptSpzBjptX",
            "total": 10,
            "valor_unitario": 49255,
            "descuento": 0.13,
            "IVA": 19
        },
        {
            "codigo": "KpuDwz1ZPB",
            "total": 5,
            "valor_unitario": 372822,
            "descuento": 0.33,
            "IVA": 0
        },
        {
            "codigo": "IRAKliKL9I",
            "total": 8,
            "valor_unitario": 449857,
            "descuento": 0.03,
            "IVA": 0
        },
        {
            "codigo": "l6CYFthOMj",
            "total": 6,
            "valor_unitario": 71009,
            "descuento": 0.17,
            "IVA": 5
        },
        {
            "codigo": "3G0yfP9a6E",
            "total": 19,
            "valor_unitario": 651463,
            "descuento": 0.01,
            "IVA": 5
        },
        {
            "codigo": "snyuyxmY2E",
            "total": 9,
            "valor_unitario": 835032,
            "descuento": 0.31,
            "IVA": 19
        },
        {
            "codigo": "FII0Hfm0ZR",
            "total": 13,
            "valor_unitario": 793708,
            "descuento": 0.38,
            "IVA": 0
        },
        {
            "codigo": "0VuizlamH0",
            "total": 18,
            "valor_unitario": 163771,
            "descuento": 0.3,
            "IVA": 0
        }
    ]
}