{
    "empresa_nit": "987654321",
    "empresa_ciudad": "BOGOTA",
    "empresa_sede": "terminal",
    "empresa_nombre": "FrutiBarato",
    "fecha_hora": "2020-06-03 05:44:39",
    "factura_num": "01139",
    "ciente_numero": 649522835,
    "pago_tipo": "TAR.CREDITO",
    "productos": [
        {
            "codigo": "dTA9nH4fAJ",
            "total": 15,
            "valor_unitario": 673308,
            "descuento": 0.1,
            "IVA": 5
        },
        {
            "codigo": "yzC2IgZSLk",
            "total": 11,
            "valor_unitario": 537392,
            "descuento": 0.08,
            "IVA": 5
        },
        {
            "codigo": "uSj0IbXTTt",
            "total": 15,
            "valor_unitario": 836274,
            "descuento": 0.03,
            "IVA": 19
        },
        {
            "codigo": "EmpMNpl1NR",
            "total": 11,
            "valor_unitario": 676060,
            "descuento": 0.2,
            "IVA": 5
        },
        {
            "codigo": "v72cbL2XZV",
            "total": 8,
            "valor_unitario": 16848,
            "descuento": 0.42,
            "IVA": 5
        },
        {
            "codigo": "SUBNS3088b",
            "total": 11,
            "valor_unitario": 703229,
            "descuento": 0.19,
            "IVA": 5
        },
        {
            "codigo": "j1heVbDDi3",
            "total": 12,
            "valor_unitario": 536936,
            "descuento": 0.38,
            "IVA": 0
        },
        {
            "codigo": "quMIzWpJ3n",
            "total": 15,
            "valor_unitario": 564199,
            "descuento": 0.16,
            "IVA": 19
        },
        {
            "codigo": "WbsUw9KA4w",
            "total": 11,
            "valor_unitario": 875570,
            "descuento": 0.14,
            "IVA": 19
        },
        {
            "codigo": "4iLBwEioSr",
            "total": 14,
            "valor_unitario": 364788,
            "descuento": 0.47,
            "IVA": 5
        },
        {
            "codigo": "mN1iK15RZg",
            "total": 6,
            "valor_unitario": 230033,
            "descuento": 0.47,
            "IVA": 19
        },
        {
            "codigo": "7IsFl4gxeT",
            "total": 19,
            "valor_unitario": 791772,
            "descuento": 0.34,
            "IVA": 19
        },
        {
            "codigo": "4d8S1nId8k",
            "total": 8,
            "valor_unitario": 855503,
            "descuento": 0.26,
            "IVA": 19
        }
    ]
}