{
    "empresa_nit": "987654321",
    "empresa_ciudad": "MEDELLIN",
    "empresa_sede": "aeropuerto",
    "empresa_nombre": "FrutiBarato",
    "fecha_hora": "2023-12-30 07:23:50",
    "factura_num": "01229",
    "ciente_numero": 421422249,
    "pago_tipo": "EFECTIVO",
    "productos": [
        {
            "codigo": "UKZ0auoDvM",
            "total": 5,
            "valor_unitario": 881830,
            "descuento": 0.43,
            "IVA": 5
        },
        {
            "codigo": "M44ZVjBP22",
            "total": 4,
            "valor_unitario": 401704,
            "descuento": 0.11,
            "IVA": 19
        },
        {
            "codigo": "qqNvMbJGjz",
            "total": 2,
            "valor_unitario": 588367,
            "descuento": 0.34,
            "IVA": 19
        },
        {
            "codigo": "XgBvjf1I9u",
            "total": 7,
            "valor_unitario": 553361,
            "descuento": 0.31,
            "IVA": 0
        },
        {
            "codigo": "T6HTMvKDzT",
            "total": 5,
            "valor_unitario": 539438,
            "descuento": 0.4,
            "IVA": 5
        },
        {
            "codigo": "JIIq6EF9Au",
            "total": 20,
            "valor_unitario": 172924,
            "descuento": 0.39,
            "IVA": 0
        },
        {
            "codigo": "h47P1ILqZ3",
            "total": 10,
            "valor_unitario": 908246,
            "descuento": 0.46,
            "IVA": 19
        },
        {
            "codigo": "BAUyzTjiAP",
            "total": 9,
            "valor_unitario": 588581,
            "descuento": 0.32,
            "IVA": 0
        },
        {
            "codigo": "5RBDAyjk8f",
            "total": 6,
            "valor_unitario": 512726,
            "descuento": 0.21,
            "IVA": 5
        },
        {
            "codigo": "AqaAl9UgJ5",
            "total": 20,
            "valor_unitario": 490558,
            "descuento": 0.25,
            "IVA": 0
        },
        {
            "codigo": "qizJGRlsEh",
            "total": 5,
            "valor_unitario": 582559,
            "descuento": 0.02,
            "IVA": 19
        },
        {
            "codigo": "7KJiFZiqy1",
            "total": 8,
            "valor_unitario": 532283,
            "descuento": 0.12,
            "IVA": 5
        },
        {
            "codigo": "WWNF0lMLJg",
            "total": 8,
            "valor_unitario": 378922,
            "descuento": 0.4,
            "IVA": 0
        },
        {
            "codigo": "ZIFMqSAVmS",
            "total": 12,
            "valor_unitario": 652560,
            "descuento": 0.1,
            "IVA": 0
        },
        {
            "codigo": "bZts890v2B",
            "total": 19,
            "valor_unitario": 963505,
            "descuento": 0.24,
            "IVA": 0
        },
        {
            "codigo": "fwAxrDIp64",
            "total": 9,
            "valor_unitario": 313810,
            "descuento": 0.35,
            "IVA": 0
        },
        {
            "codigo": "hRSiYRBwVp",
            "total": 15,
            "valor_unitario": 50942,
            "descuento": 0.3,
            "IVA": 0
        },
        {
            "codigo": "NR3xsLVqFF",
            "total": 1,
            "valor_unitario": 318688,
            "descuento": 0.32,
            "IVA": 0
        }
    ]
}