{
    "empresa_nit": "987654321",
    "empresa_ciudad": "BOGOTA",
    "empresa_sede": "terminal",
    "empresa_nombre": "FrutiBarato",
    "fecha_hora": "2021-10-18 16:46:48",
    "factura_num": "01347",
    "ciente_numero": 820349985,
    "pago_tipo": "TRANFERENCIA",
    "productos": [
        {
            "codigo": "C2uPCNeeDB",
            "total": 1,
            "valor_unitario": 760494,
            "descuento": 0.48,
            "IVA": 5
        },
        {
            "codigo": "kmN78YvnQF",
            "total": 5,
            "valor_unitario": 828917,
            "descuento": 0.44,
            "IVA": 0
        },
        {
            "codigo": "mHKCZArCqw",
            "total": 17,
            "valor_unitario": 84854,
            "descuento": 0.26,
            "IVA": 0
        },
        {
            "codigo": "L4DY7v5Lng",
            "total": 18,
            "valor_unitario": 303949,
            "descuento": 0.34,
            "IVA": 0
        },
        {
            "codigo": "lk7nTGkI6H",
            "total": 11,
            "valor_unitario": 219518,
            "descuento": 0.07,
            "IVA": 5
        },
        {
            "codigo": "JZbGlCROAQ",
            "total": 14,
            "valor_unitario": 732381,
            "descuento": 0.11,
            "IVA": 19
        },
        {
            "codigo": "8N6kvViQOd",
            "total": 3,
            "valor_unitario": 876161,
            "descuento": 0.47,
            "IVA": 5
        },
        {
            "codigo": "9GbtiUxG0g",
            "total": 9,
            "valor_unitario": 38559,
            "descuento": 0.41,
            "IVA": 5
        },
        {
            "codigo": "pJPwnGVPiB",
            "total": 20,
            "valor_unitario": 881192,
            "descuento": 0.42,
            "IVA": 5
        },
        {
            "codigo": "siTQ5MzxlA",
            "total": 18,
            "valor_unitario": 693637,
            "descuento": 0.13,
            "IVA": 5
        },
        {
            "codigo": "vjzd2yTasa",
            "total": 3,
            "valor_unitario": 534946,
            "descuento": 0.13,
            "IVA": 19
        },
        {
            "codigo": "Yvl720bb4I",
            "total": 18,
            "valor_unitario": 591473,
            "descuento": 0.46,
            "IVA": 5
        },
        {
            "codigo": "6ZT3a3DEhc",
            "total": 16,
            "valor_unitario": 859235,
            "descuento": 0.34,
            "IVA": 19
        },
        {
            "codigo": "hykbHB91Hl",
            "total": 6,
            "valor_unitario": 343915,
            "descuento": 0.44,
            "IVA": 5
        },
        {
            "codigo": "MhaWEQl0ex",
            "total": 18,
            "valor_unitario": 579501,
            "descuento": 0.24,
            "IVA": 0
        },
        {
            "codigo": "G1g93phG5V",
            "total": 17,
            "valor_unitario": 954413,
            "descuento": 0.1,
            "IVA": 0
        },
        {
            "codigo": "YoVoXzBCVC",
            "total": 8,
            "valor_unitario": 707521,
            "descuento": 0.39,
            "IVA": 0
        },
        {
            "codigo": "htAfBi0IMu",
            "total": 10,
            "valor_unitario": 919381,
            "descuento": 0.12,
            "IVA": 5
        }
    ]
}