{
    "empresa_nit": "987654321",
    "empresa_ciudad": "CALI",
    "empresa_sede": "centro",
    "empresa_nombre": "FrutiBarato",
    "fecha_hora": "2024-09-22 05:58:11",
    "factura_num": "01015",
    "ciente_numero": 83481227,
    "pago_tipo": "TAR.CREDITO",
    "productos": [
        {
            "codigo": "D9gT2byaSV",
            "total": 6,
            "valor_unitario": 816312,
            "descuento": 0.19,
            "IVA": 0
        },
        {
            "codigo": "0f6byZk6e7",
            "total": 10,
            "valor_unitario": 616120,
            "descuento": 0.36,
            "IVA": 5
        },
        {
            "codigo": "FFHv8jblDP",
            "total": 20,
            "valor_unitario": 492561,
            "descuento": 0.03,
            "IVA": 5
        },
        {
            "codigo": "jQ3BjJIX6r",
            "total": 7,
            "valor_unitario": 720847,
            "descuento": 0.29,
            "IVA": 5
        },
        {
            "codigo": "AYS19exAVV",
            "total": 11,
            "valor_unitario": 160625,
            "descuento": 0.18,
            "IVA": 0
        },
        {
            "codigo": "vh5N4t4p0I",
            "total": 4,
            "valor_unitario": 320071,
            "descuento": 0.02,
            "IVA": 0
        },
        {
            "codigo": "lSl1Z9wxLm",
            "total": 9,
            "valor_unitario": 865302,
            "descuento": 0.43,
            "IVA": 5
        },
        {
            "codigo": "nL87p040gG",
            "total": 8,
            "valor_unitario": 354107,
            "descuento": 0.36,
            "IVA": 19
        },
        {
            "codigo": "tUHwZqTbqL",
            "total": 5,
            "valor_unitario": 566537,
            "descuento": 0.17,
            "IVA": 5
        },
        {
            "codigo": "U1CaEatkW2",
            "total": 8,
            "valor_unitario": 334242,
            "descuento": 0.14,
            "IVA": 5
        },
        {
            "codigo": "Qk5exCO0uA",
            "total": 3,
            "valor_unitario": 664636,
            "descuento": 0.41,
            "IVA": 5
        },
        {
            "codigo": "8iFAkCu2pp",
            "total": 15,
            "valor_unitario": 269256,
            "descuento": 0.39,
            "IVA": 19
        },
        {
            "codigo": "ajHLhtV67B",
            "total": 13,
            "valor_unitario": 79909,
            "descuento": 0.3,
            "IVA": 0
        },
        {
            "codigo": "SVxrPMvEJZ",
            "total": 6,
            "valor_unitario": 177247,
            "descuento": 0.34,
            "IVA": 0
        }
    ]
}