{
    "empresa_nit": "987654321",
    "empresa_ciudad": "MEDELLIN",
    "empresa_sede": "terminal",
    "empresa_nombre": "FrutiBarato",
    "fecha_hora": "2023-07-19 21:01:28",
    "factura_num": "00109",
    "ciente_numero": 532000882,
    "pago_tipo": "EFECTIVO",
    "productos": [
        {
            "codigo": "O0fLKncEGp",
            "total": 9,
            "valor_unitario": 469164,
            "descuento": 0.09,
            "IVA": 5
        },
        {
            "codigo": "xcG6PGl7Y4",
            "total": 19,
            "valor_unitario": 586561,
            "descuento": 0.35,
            "IVA": 5
        },
        {
            "codigo": "2kyRenNFOA",
            "total": 20,
            "valor_unitario": 677707,
            "descuento": 0.35,
            "IVA": 0
        },
        {
            "codigo": "klhwEDNNd5",
            "total": 15,
            "valor_unitario": 319615,
            "descuento": 0.26,
            "IVA": 19
        },
        {
            "codigo": "0M21QeI55F",
            "total": 13,
            "valor_unitario": 796384,
            "descuento": 0.28,
            "IVA": 5
        }
    ]
}