{
    "empresa_nit": "123456789",
    "empresa_ciudad": "BOGOTA",
    "empresa_sede": "aeropuerto",
    "empresa_nombre": "MicroMercado El Mio",
    "fecha_hora": "2023-09-03 15:42:52",
    "factura_num": "01225",
    "ciente_numero": 855314857,
    "pago_tipo": "EFECTIVO",
    "productos": [
        {
            "codigo": "YUnuY6SCeI",
            "total": 17,
            "valor_unitario": 362405,
            "descuento": 0.07,
            "IVA": 5
        },
        {
            "codigo": "zVtWWu6x8d",
            "total": 3,
            "valor_unitario": 30092,
            "descuento": 0.33,
            "IVA": 19
        },
        {
            "codigo": "DbEcC8PCwi",
            "total": 6,
            "valor_unitario": 116114,
            "descuento": 0.48,
            "IVA": 19
        },
        {
            "codigo": "IjQs6Zjx7S",
            "total": 2,
            "valor_unitario": 401356,
            "descuento": 0.32,
            "IVA": 0
        },
        {
            "codigo": "jp4Bs5JzG4",
            "total": 9,
            "valor_unitario": 465483,
            "descuento": 0.29,
            "IVA": 0
        },
        {
            "codigo": "KJ5cBkZJ6b",
            "total": 19,
            "valor_unitario": 548122,
            "descuento": 0.29,
            "IVA": 5
        },
        {
            "codigo": "f1uEGYNWhs",
            "total": 8,
            "valor_unitario": 236662,
            "descuento": 0.05,
            "IVA": 0
        },
        {
            "codigo": "ClNcCXUqjU",
            "total": 13,
            "valor_unitario": 470389,
            "descuento": 0.34,
            "IVA": 0
        },
        {
            "codigo": "qtVXaWa8g2",
            "total": 17,
            "valor_unitario": 485516,
            "descuento": 0.35,
            "IVA": 19
        },
        {
            "codigo": "kBiVoplcrE",
            "total": 8,
            "valor_unitario": 976442,
            "descuento": 0.29,
            "IVA": 0
        },
        {
            "codigo": "YxCbMeOCDY",
            "total": 7,
            "valor_unitario": 24844,
            "descuento": 0.4,
            "IVA": 19
        },
        {
            "codigo": "f25QY6LpUP",
            "total": 10,
            "valor_unitario": 258615,
            "descuento": 0.12,
            "IVA": 19
        },
        {
            "codigo": "nbog19EL0z",
            "total": 6,
            "valor_unitario": 689892,
            "descuento": 0.23,
            "IVA": 0
        },
        {
            "codigo": "9k6RC2JluM",
            "total": 17,
            "valor_unitario": 989379,
            "descuento": 0.46,
            "IVA": 19
        },
        {
            "codigo": "xkm8910SFU",
            "total": 6,
            "valor_unitario": 15259,
            "descuento": 0.23,
            "IVA": 5
        },
        {
            "codigo": "OZ9CeWG5iG",
            "total": 12,
            "valor_unitario": 900596,
            "descuento": 0.44,
            "IVA": 5
        },
        {
            "codigo": "zsZc2T1cBN",
            "total": 17,
            "valor_unitario": 441013,
            "descuento": 0.22,
            "IVA": 19
        },
        {
            "codigo": "aU8BCqNveG",
            "total": 18,
            "valor_unitario": 844314,
            "descuento": 0.09,
            "IVA": 19
        },
        {
            "codigo": "YFCXAJC076",
            "total": 10,
            "valor_unitario": 789549,
            "descuento": 0.5,
            "IVA": 0
        }
    ]
}