{
    "empresa_nit": "123456789",
    "empresa_ciudad": "MEDELLIN",
    "empresa_sede": "alcaldia",
    "empresa_nombre": "MicroMercado El Mio",
    "fecha_hora": "2021-04-28 11:26:06",
    "factura_num": "01268",
    "ciente_numero": 762824602,
    "pago_tipo": "EFECTIVO",
    "productos": [
        {
            "codigo": "cBfQnqhlit",
            "total": 14,
            "valor_unitario": 441166,
            "descuento": 0.36,
            "IVA": 5
        },
        {
            "codigo": "R7AzG2wNL0",
            "total": 14,
            "valor_unitario": 556651,
            "descuento": 0.48,
            "IVA": 19
        },
        {
            "codigo": "GgoMmE9dam",
            "total": 10,
            "valor_unitario": 165480,
            "descuento": 0.16,
            "IVA": 5
        },
        {
            "codigo": "RcMnMjqUZI",
            "total": 20,
            "valor_unitario": 249039,
            "descuento": 0.11,
            "IVA": 19
        },
        {
            "codigo": "xZm4qKa3CT",
            "total": 16,
            "valor_unitario": 681574,
            "descuento": 0.37,
            "IVA": 0
        },
        {
            "codigo": "FW0dmzlg4k",
            "total": 16,
            "valor_unitario": 457259,
            "descuento": 0.11,
            "IVA": 0
        },
        {
            "codigo": "6AhJ62Egm4",
            "total": 8,
            "valor_unitario": 783104,
            "descuento": 0.34,
            "IVA": 0
        },
        {
            "codigo": "MNsyNJFxdh",
            "total": 4,
            "valor_unitario": 54104,
            "descuento": 0.2,
            "IVA": 5
        },
        {
            "codigo": "ewsb7Uol8l",
            "total": 5,
            "valor_unitario": 936417,
            "descuento": 0.27,
            "IVA": 5
        },
        {
            "codigo": "zeWjLtvCzf",
            "total": 19,
            "valor_unitario": 304938,
            "descuento": 0.37,
            "IVA": 0
        },
        {
            "codigo": "IY7AX2pE10",
            "total": 8,
            "valor_unitario": 74001,
            "descuento": 0.27,
            "IVA": 19
        },
        {
            "codigo": "YIadFtGo4r",
            "total": 19,
            "valor_unitario": 582334,
            "descuento": 0.16,
            "IVA": 5
        },
        {
            "codigo": "pcrvGjB3z0",
            "total": 6,
            "valor_unitario": 727742,
            "descuento": 0.3,
            "IVA": 19
        },
        {
            "codigo": "4G259hDtaX",
            "total": 14,
            "valor_unitario": 559368,
            "descuento": 0.48,
            "IVA": 0
        },
        {
            "codigo": "A19UL4Y44j",
            "total": 4,
            "valor_unitario": 664461,
            "descuento": 0.06,
            "IVA": 0
        },
        {
            "codigo": "vZGK7wLYGq",
            "total": 15,
            "valor_unitario": 788688,
            "descuento": 0.43,
            "IVA": 0
        },
        {
            "codigo": "NpD4vYtn4B",
            "total": 16,
            "valor_unitario": 523660,
            "descuento": 0.01,
            "IVA": 0
        }
    ]
}