{
    "empresa_nit": "123456789",
    "empresa_ciudad": "MEDELLIN",
    "empresa_sede": "alcaldia",
    "empresa_nombre": "MicroMercado El Mio",
    "fecha_hora": "2022-05-15 00:24:18",
    "factura_num": "01043",
    "ciente_numero": 230148314,
    "pago_tipo": "EFECTIVO",
    "productos": [
        {
            "codigo": "ilHHDRyphb",
            "total": 1,
            "valor_unitario": 184202,
            "descuento": 0.3,
            "IVA": 0
        },
        {
            "codigo": "U9WgScMHCq",
            "total": 1,
            "valor_unitario": 32949,
            "descuento": 0.26,
            "IVA": 19
        },
        {
            "codigo": "1NgpjCZoOZ",
            "total": 7,
            "valor_unitario": 267864,
            "descuento": 0.37,
            "IVA": 5
        }
    ]
}