{
    "empresa_nit": "123456789",
    "empresa_ciudad": "BARRANQUILLA",
    "empresa_sede": "plaza",
    "empresa_nombre": "MicroMercado El Mio",
    "fecha_hora": "2023-09-23 04:18:01",
    "factura_num": "01313",
    "ciente_numero": 412921559,
    "pago_tipo": "TAR.DEBITO",
    "productos": [
        {
            "codigo": "PQPvhRHL7D",
            "total": 11,
            "valor_unitario": 668593,
            "descuento": 0.4,
            "IVA": 19
        },
        {
            "codigo": "m6b2MdztAT",
            "total": 8,
            "valor_unitario": 345212,
            "descuento": 0.12,
            "IVA": 19
        },
        {
            "codigo": "hbIu42n7Ip",
            "total": 20,
            "valor_unitario": 830676,
            "descuento": 0.18,
            "IVA": 5
        },
        {
            "codigo": "ENEncQOtaY",
            "total": 8,
            "valor_unitario": 477798,
            "descuento": 0.34,
            "IVA": 5
        },
        {
            "codigo": "BtBoeIIHmc",
            "total": 2,
            "valor_unitario": 681259,
            "descuento": 0.36,
            "IVA": 0
        },
        {
            "codigo": "njXYucrJSK",
            "total": 19,
            "valor_unitario": 282166,
            "descuento": 0.5,
            "IVA": 0
        },
        {
            "codigo": "YddOuCI4ac",
            "total": 19,
            "valor_unitario": 118368,
            "descuento": 0.45,
            "IVA": 0
        },
        {
            "codigo": "s6v6lQb8zM",
            "total": 13,
            "valor_unitario": 940918,
            "descuento": 0.29,
            "IVA": 19
        },
        {
            "codigo": "TrX6QL7PYq",
            "total": 9,
            "valor_unitario": 461177,
            "descuento": 0.37,
            "IVA": 5
        },
        {
            "codigo": "xJkuMdCDpf",
            "total": 12,
            "valor_unitario": 932143,
            "descuento": 0.14,
            "IVA": 0
        },
        {
            "codigo": "OgCFOJbwgH",
            "total": 4,
            "valor_unitario": 680357,
            "descuento": 0.06,
            "IVA": 19
        },
        {
            "codigo": "UDAMX5RLAq",
            "total": 11,
            "valor_unitario": 985540,
            "descuento": 0.34,
            "IVA": 0
        },
        {
            "codigo": "2IrcdCN4vz",
            "total": 15,
            "valor_unitario": 26242,
            "descuento": 0.34,
            "IVA": 5
        },
        {
            "codigo": "WKoTkL1FvC",
            "total": 20,
            "valor_unitario": 127822,
            "descuento": 0.2,
            "IVA": 5
        },
        {
            "codigo": "pAhows9LKT",
            "total": 20,
            "valor_unitario": 715750,
            "descuento": 0.1,
            "IVA": 19
        },
        {
            "codigo": "YHJl2CSwRd",
            "total": 17,
            "valor_unitario": 836577,
            "descuento": 0.08,
            "IVA": 5
        },
        {
            "codigo": "chCOOhjDu9",
            "total": 18,
            "valor_unitario": 952472,
            "descuento": 0.37,
            "IVA": 0
        },
        {
            "codigo": "IIJKv6k6df",
            "total": 12,
            "valor_unitario": 460772,
            "descuento": 0.06,
            "IVA": 19
        },
        {
            "codigo": "K1e4eQG23y",
            "total": 9,
            "valor_unitario": 522637,
            "descuento": 0.18,
            "IVA": 0
        }
    ]
}