{
    "empresa_nit": "123456789",
    "empresa_ciudad": "BOGOTA",
    "empresa_sede": "autopista",
    "empresa_nombre": "MicroMercado El Mio",
    "fecha_hora": "2021-03-06 01:49:29",
    "factura_num": "01236",
    "ciente_numero": 979708426,
    "pago_tipo": "TAR.CREDITO",
    "productos": [
        {
            "codigo": "6PSIuDssmh",
            "total": 16,
            "valor_unitario": 652009,
            "descuento": 0.42,
            "IVA": 19
        },
        {
            "codigo": "iT5dav7PfA",
            "total": 15,
            "valor_unitario": 521660,
            "descuento": 0.11,
            "IVA": 19
        },
        {
            "codigo": "CrzJ5WeH5o",
            "total": 7,
            "valor_unitario": 105947,
            "descuento": 0.25,
            "IVA": 0
        },
        {
            "codigo": "OH8U3UIxfn",
            "total": 15,
            "valor_unitario": 802137,
            "descuento": 0.05,
            "IVA": 0
        },
        {
            "codigo": "DZZN2rIEcG",
            "total": 9,
            "valor_unitario": 247982,
            "descuento": 0.27,
            "IVA": 19
        },
        {
            "codigo": "aJ6tPNJ3UW",
            "total": 16,
            "valor_unitario": 559789,
            "descuento": 0.07,
            "IVA": 0
        },
        {
            "codigo": "sgpYfIBy94",
            "total": 3,
            "valor_unitario": 129747,
            "descuento": 0.1,
            "IVA": 5
        },
        {
            "codigo": "StejdKVPEz",
            "total": 7,
            "valor_unitario": 130861,
            "descuento": 0.38,
            "IVA": 19
        },
        {
            "codigo": "YNWJLLMw2E",
            "total": 11,
            "valor_unitario": 958902,
            "descuento": 0.37,
            "IVA": 5
        },
        {
            "codigo": "EqcOV0ReAc",
            "total": 20,
            "valor_unitario": 981250,
            "descuento": 0.04,
            "IVA": 19
        },
        {
            "codigo": "skGJjUU3OK",
            "total": 1,
            "valor_unitario": 775198,
            "descuento": 0.23,
            "IVA": 5
        },
        {
            "codigo": "Yy6ooxNrBA",
            "total": 18,
            "valor_unitario": 613569,
            "descuento": 0.42,
            "IVA": 5
        }
    ]
}