{
    "empresa_nit": "123456789",
    "empresa_ciudad": "TUNJA",
    "empresa_sede": "autopista",
    "empresa_nombre": "MicroMercado El Mio",
    "fecha_hora": "2020-08-06 02:05:36",
    "factura_num": "01155",
    "ciente_numero": 16419352,
    "pago_tipo": "TAR.DEBITO",
    "productos": [
        {
            "codigo": "MJ8QLLsMdO",
            "total": 12,
            "valor_unitario": 598112,
            "descuento": 0.19,
            "IVA": 0
        },
        {
            "codigo": "qe3d6eofkl",
            "total": 20,
            "valor_unitario": 30155,
            "descuento": 0.28,
            "IVA": 19
        },
        {
            "codigo": "qxdtaL9uzH",
            "total": 1,
            "valor_unitario": 367920,
            "descuento": 0.09,
            "IVA": 0
        },
        {
            "codigo": "Wl2eJIYDKm",
            "total": 6,
            "valor_unitario": 202257,
            "descuento": 0.01,
            "IVA": 5
        },
        {
            "codigo": "FT6e5CHxhB",
            "total": 10,
            "valor_unitario": 832929,
            "descuento": 0.45,
            "IVA": 0
        },
        {
            "codigo": "B8WnV7dEBI",
            "total": 15,
            "valor_unitario": 550045,
            "descuento": 0.28,
            "IVA": 19
        },
        {
            "codigo": "ZlY9wYhfRv",
            "total": 9,
            "valor_unitario": 130705,
            "descuento": 0.01,
            "IVA": 5
        },
        {
            "codigo": "es952NZr4a",
            "total": 15,
            "valor_unitario": 121732,
            "descuento": 0.44,
            "IVA": 0
        },
        {
            "codigo": "CrTQsI9mvX",
            "total": 10,
            "valor_unitario": 905617,
            "descuento": 0.11,
            "IVA": 5
        },
        {
            "codigo": "fMHhQM86ev",
            "total": 6,
            "valor_unitario": 665467,
            "descuento": 0.11,
            "IVA": 0
        },
        {
            "codigo": "gaxbTtB0Lo",
            "total": 14,
            "valor_unitario": 337270,
            "descuento": 0.35,
            "IVA": 0
        }
    ]
}