{
    "empresa_nit": "123456789",
    "empresa_ciudad": "CALI",
    "empresa_sede": "alcaldia",
    "empresa_nombre": "MicroMercado El Mio",
    "fecha_hora": "2024-03-16 03:44:12",
    "factura_num": "01390",
    "ciente_numero": 766042092,
    "pago_tipo": "EFECTIVO",
    "productos": [
        {
            "codigo": "n4fX8WD4RZ",
            "total": 17,
            "valor_unitario": 796029,
            "descuento": 0.07,
            "IVA": 0
        },
        {
            "codigo": "35YXLTHZZx",
            "total": 5,
            "valor_unitario": 545703,
            "descuento": 0.22,
            "IVA": 19
        },
        {
            "codigo": "iScedwsSzU",
            "total": 13,
            "valor_unitario": 203797,
            "descuento": 0.45,
            "IVA": 0
        },
        {
            "codigo": "e8o814S1UD",
            "total": 6,
            "valor_unitario": 226741,
            "descuento": 0.44,
            "IVA": 0
        },
        {
            "codigo": "FLDr1loymR",
            "total": 5,
            "valor_unitario": 434842,
            "descuento": 0.43,
            "IVA": 0
        },
        {
            "codigo": "UKHe6313Qo",
            "total": 11,
            "valor_unitario": 659839,
            "descuento": 0.1,
            "IVA": 19
        },
        {
            "codigo": "BkpGrNOd7v",
            "total": 8,
            "valor_unitario": 496114,
            "descuento": 0.21,
            "IVA": 5
        }
    ]
}