{
    "empresa_nit": "123456789",
    "empresa_ciudad": "BARRANQUILLA",
    "empresa_sede": "alcaldia",
    "empresa_nombre": "MicroMercado El Mio",
    "fecha_hora": "2023-05-13 02:05:39",
    "factura_num": "01312",
    "ciente_numero": 295984595,
    "pago_tipo": "TAR.CREDITO",
    "productos": [
        {
            "codigo": "NxGZT3HJhP",
            "total": 8,
            "valor_unitario": 960069,
            "descuento": 0.22,
            "IVA": 0
        },
        {
            "codigo": "oCKLXvpDBy",
            "total": 16,
            "valor_unitario": 971855,
            "descuento": 0.43,
            "IVA": 0
        },
        {
            "codigo": "F3KVJkOVKk",
            "total": 19,
            "valor_unitario": 641521,
            "descuento": 0.23,
            "IVA": 0
        },
        {
            "codigo": "JIw2J07hgp",
            "total": 20,
            "valor_unitario": 277837,
            "descuento": 0.29,
            "IVA": 0
        },
        {
            "codigo": "7clbMP3afn",
            "total": 4,
            "valor_unitario": 41037,
            "descuento": 0.41,
            "IVA": 0
        }
    ]
}