{
    "empresa_nit": "123456789",
    "empresa_ciudad": "TUNJA",
    "empresa_sede": "aeropuerto",
    "empresa_nombre": "MicroMercado El Mio",
    "fecha_hora": "2023-03-10 21:47:01",
    "factura_num": "01284",
    "ciente_numero": 70139384,
    "pago_tipo": "EFECTIVO",
    "productos": [
        {
            "codigo": "L8zlMBCVyI",
            "total": 6,
            "valor_unitario": 288932,
            "descuento": 0.05,
            "IVA": 5
        },
        {
            "codigo": "Hv9NN0pntX",
            "total": 13,
            "valor_unitario": 427775,
            "descuento": 0.26,
            "IVA": 5
        },
        {
            "codigo": "yuF1oe69Ms",
            "total": 5,
            "valor_unitario": 589319,
            "descuento": 0.29,
            "IVA": 19
        },
        {
            "codigo": "vSahI62qU3",
            "total": 13,
            "valor_unitario": 754486,
            "descuento": 0.03,
            "IVA": 5
        },
        {
            "codigo": "kHyXpahfXI",
            "total": 10,
            "valor_unitario": 36097,
            "descuento": 0.25,
            "IVA": 19
        },
        {
            "codigo": "KzpxVC1S7c",
            "total": 4,
            "valor_unitario": 452610,
            "descuento": 0.0,
            "IVA": 19
        },
        {
            "codigo": "FOQug0Imrr",
            "total": 5,
            "valor_unitario": 574936,
            "descuento": 0.01,
            "IVA": 0
        },
        {
            "codigo": "OHIdmhAbDQ",
            "total": 18,
            "valor_unitario": 937209,
            "descuento": 0.22,
            "IVA": 19
        },
        {
            "codigo": "KKxxpwnwwv",
            "total": 5,
            "valor_unitario": 169981,
            "descuento": 0.22,
            "IVA": 5
        },
        {
            "codigo": "UCDG8kHAnj",
            "total": 11,
            "valor_unitario": 793950,
            "descuento": 0.45,
            "IVA": 19
        },
        {
            "codigo": "UxI5EhIspk",
            "total": 9,
            "valor_unitario": 990501,
            "descuento": 0.44,
            "IVA": 19
        },
        {
            "codigo": "ZMrqTIr6Gn",
            "total": 20,
            "valor_unitario": 85114,
            "descuento": 0.21,
            "IVA": 0
        },
        {
            "codigo": "KHB7k88z1f",
            "total": 15,
            "valor_unitario": 265696,
            "descuento": 0.22,
            "IVA": 5
        },
        {
            "codigo": "2kMn3WomsI",
            "total": 13,
            "valor_unitario": 447942,
            "descuento": 0.12,
            "IVA": 0
        }
    ]
}