{
    "empresa_nit": "123456789",
    "empresa_ciudad": "BOGOTA",
    "empresa_sede": "aeropuerto",
    "empresa_nombre": "MicroMercado El Mio",
    "fecha_hora": "2022-02-09 15:25:41",
    "factura_num": "00103",
    "ciente_numero": 212145116,
    "pago_tipo": "TRANFERENCIA",
    "productos": [
        {
            "codigo": "llf2AQLKjO",
            "total": 4,
            "valor_unitario": 29433,
            "descuento": 0.41,
            "IVA": 0
        },
        {
            "codigo": "H66qRTclij",
            "total": 5,
            "valor_unitario": 970767,
            "descuento": 0.34,
            "IVA": 19
        },
        {
            "codigo": "ie8wERIfDd",
            "total": 4,
            "valor_unitario": 520548,
            "descuento": 0.08,
            "IVA": 19
        },
        {
            "codigo": "5KRpa227lL",
            "total": 8,
            "valor_unitario": 49942,
            "descuento": 0.41,
            "IVA": 5
        },
        {
            "codigo": "h1jjK7kFTs",
            "total": 15,
            "valor_unitario": 860109,
            "descuento": 0.49,
            "IVA": 19
        },
        {
            "codigo": "qzJQOl4uEm",
            "total": 3,
            "valor_unitario": 280122,
            "descuento": 0.01,
            "IVA": 19
        },
        {
            "codigo": "uua20KpJ3b",
            "total": 5,
            "valor_unitario": 848632,
            "descuento": 0.11,
            "IVA": 0
        },
        {
            "codigo": "kKrkmGvaub",
            "total": 14,
            "valor_unitario": 535615,
            "descuento": 0.2,
            "IVA": 0
        },
        {
            "codigo": "xswQLhv6Z4",
            "total": 17,
            "valor_unitario": 129799,
            "descuento": 0.06,
            "IVA": 19
        },
        {
            "codigo": "v1q0r2EqtE",
            "total": 12,
            "valor_unitario": 781023,
            "descuento": 0.41,
            "IVA": 5
        }
    ]
}