{
    "empresa_nit": "123456789",
    "empresa_ciudad": "CALI",
    "empresa_sede": "aeropuerto",
    "empresa_nombre": "MicroMercado El Mio",
    "fecha_hora": "2022-04-02 00:33:46",
    "factura_num": "01010",
    "ciente_numero": 702651022,
    "pago_tipo": "TRANFERENCIA",
    "productos": [
        {
            "codigo": "igmglHbIvo",
            "total": 6,
            "valor_unitario": 242818,
            "descuento": 0.16,
            "IVA": 19
        },
        {
            "codigo": "uffjREzv1z",
            "total": 16,
            "valor_unitario": 985446,
            "descuento": 0.28,
            "IVA": 5
        },
        {
            "codigo": "iWLCq3hxzf",
            "total": 12,
            "valor_unitario": 386866,
            "descuento": 0.07,
            "IVA": 0
        },
        {
            "codigo": "e0lZPiCr0R",
            "total": 5,
            "valor_unitario": 513000,
            "descuento": 0.17,
            "IVA": 19
        },
        {
            "codigo": "s84JYXdfxw",
            "total": 13,
            "valor_unitario": 609484,
            "descuento": 0.37,
            "IVA": 19
        },
        {
            "codigo": "kZtvMOn3BZ",
            "total": 20,
            "valor_unitario": 507479,
            "descuento": 0.39,
            "IVA": 5
        },
        {
            "codigo": "0LnpZEqmYg",
            "total": 2,
            "valor_unitario": 921943,
            "descuento": 0.35,
            "IVA": 5
        },
        {
            "codigo": "STXXqZEnOJ",
            "total": 4,
            "valor_unitario": 838672,
            "descuento": 0.03,
            "IVA": 5
        },
        {
            "codigo": "WUaLEjFJ33",
            "total": 15,
            "valor_unitario": 222864,
            "descuento": 0.06,
            "IVA": 5
        },
        {
            "codigo": "HTuMaL9Sfs",
            "total": 6,
            "valor_unitario": 268351,
            "descuento": 0.2,
            "IVA": 19
        },
        {
            "codigo": "ULHBR9QDwV",
            "total": 14,
            "valor_unitario": 149716,
            "descuento": 0.07,
            "IVA": 19
        },
        {
            "codigo": "YYgOhfowR1",
            "total": 2,
            "valor_unitario": 740667,
            "descuento": 0.47,
            "IVA": 5
        }
    ]
}