{
    "empresa_nit": "123456789",
    "empresa_ciudad": "BOGOTA",
    "empresa_sede": "autopista",
    "empresa_nombre": "MicroMercado El Mio",
    "fecha_hora": "2024-09-24 05:09:15",
    "factura_num": "01276",
    "ciente_numero": 370245375,
    "pago_tipo": "EFECTIVO",
    "productos": [
        {
            "codigo": "a7n1eYml8O",
            "total": 6,
            "valor_unitario": 712156,
            "descuento": 0.13,
            "IVA": 0
        },
        {
            "codigo": "qdIPepePSU",
            "total": 12,
            "valor_unitario": 751546,
            "descuento": 0.45,
            "IVA": 5
        },
        {
            "codigo": "kjIOUKjdKm",
            "total": 8,
            "valor_unitario": 433137,
            "descuento": 0.18,
            "IVA": 19
        },
        {
            "codigo": "chJSYgKjXs",
            "total": 2,
            "valor_unitario": 949138,
            "descuento": 0.08,
            "IVA": 19
        },
        {
            "codigo": "pZplCu91EI",
            "total": 8,
            "valor_unitario": 962536,
            "descuento": 0.2,
            "IVA": 19
        },
        {
            "codigo": "rpvKsPLMpf",
            "total": 10,
            "valor_unitario": 104210,
            "descuento": 0.22,
            "IVA": 0
        },
        {
            "codigo": "CW6nL9lqGy",
            "total": 10,
            "valor_unitario": 652981,
            "descuento": 0.08,
            "IVA": 19
        },
        {
            "codigo": "YUHG7XTSBK",
            "total": 1,
            "valor_unitario": 637419,
            "descuento": 0.31,
            "IVA": 5
        },
        {
            "codigo": "JkFjSLnuFc",
            "total": 12,
            "valor_unitario": 273940,
            "descuento": 0.46,
            "IVA": 0
        },
        {
            "codigo": "1EiJ3WJEQq",
            "total": 2,
            "valor_unitario": 811696,
            "descuento": 0.03,
            "IVA": 5
        },
        {
            "codigo": "sYcXZ9n5Uh",
            "total": 18,
            "valor_unitario": 61724,
            "descuento": 0.29,
            "IVA": 0
        },
        {
            "codigo": "jOKdP0e78m",
            "total": 7,
            "valor_unitario": 837012,
            "descuento": 0.31,
            "IVA": 5
        },
        {
            "codigo": "HCF2Dizc7f",
            "total": 1,
            "valor_unitario": 946827,
            "descuento": 0.23,
            "IVA": 5
        },
        {
            "codigo": "ah8LsEIMoA",
            "total": 1,
            "valor_unitario": 772898,
            "descuento": 0.01,
            "IVA": 5
        },
        {
            "codigo": "EjEK7gfxqD",
            "total": 6,
            "valor_unitario": 126877,
            "descuento": 0.02,
            "IVA": 19
        },
        {
            "codigo": "evb2QyDfcz",
            "total": 12,
            "valor_unitario": 153040,
            "descuento": 0.04,
            "IVA": 5
        },
        {
            "codigo": "dYgdymj6n7",
            "total": 5,
            "valor_unitario": 224297,
            "descuento": 0.12,
            "IVA": 19
        },
        {
            "codigo": "C92zl7erIJ",
            "total": 18,
            "valor_unitario": 617554,
            "descuento": 0.12,
            "IVA": 19
        },
        {
            "codigo": "VJuKwI9WNT",
            "total": 13,
            "valor_unitario": 985303,
            "descuento": 0.11,
            "IVA": 19
        }
    ]
}