{
    "empresa_nit": "123456789",
    "empresa_ciudad": "CALI",
    "empresa_sede": "autopista",
    "empresa_nombre": "MicroMercado El Mio",
    "fecha_hora": "2023-08-25 18:23:45",
    "factura_num": "01244",
    "ciente_numero": 406058251,
    "pago_tipo": "TAR.CREDITO",
    "productos": [
        {
            "codigo": "5SUSBXjOyH",
            "total": 5,
            "valor_unitario": 281278,
            "descuento": 0.49,
            "IVA": 0
        },
        {
            "codigo": "gziiHBgjMB",
            "total": 20,
            "valor_unitario": 494515,
            "descuento": 0.1,
            "IVA": 0
        },
        {
            "codigo": "RJbp7jFOgy",
            "total": 11,
            "valor_unitario": 991303,
            "descuento": 0.3,
            "IVA": 0
        },
        {
            "codigo": "jKKj47wyBq",
            "total": 11,
            "valor_unitario": 211928,
            "descuento": 0.03,
            "IVA": 0
        },
        {
            "codigo": "gGDXPfLvUB",
            "total": 19,
            "valor_unitario": 608036,
            "descuento": 0.41,
            "IVA": 0
        },
        {
            "codigo": "Fg6EPbBtcT",
            "total": 4,
            "valor_unitario": 612755,
            "descuento": 0.04,
            "IVA": 5
        },
        {
            "codigo": "0VmGPwEykg",
            "total": 14,
            "valor_unitario": 659232,
            "descuento": 0.42,
            "IVA": 19
        },
        {
            "codigo": "SgbkaCgz4U",
            "total": 1,
            "valor_unitario": 347461,
            "descuento": 0.35,
            "IVA": 0
        },
        {
            "codigo": "v9AUuHUjcS",
            "total": 9,
            "valor_unitario": 157099,
            "descuento": 0.17,
            "IVA": 19
        },
        {
            "codigo": "ntxYn9xf6s",
            "total": 11,
            "valor_unitario": 164147,
            "descuento": 0.34,
            "IVA": 5
        },
        {
            "codigo": "ry4dIbxkci",
            "total": 3,
            "valor_unitario": 34700,
            "descuento": 0.17,
            "IVA": 5
        },
        {
            "codigo": "NecXKEaQtU",
            "total": 8,
            "valor_unitario": 990239,
            "descuento": 0.27,
            "IVA": 5
        }
    ]
}