{
    "empresa_nit": "123456789",
    "empresa_ciudad": "MEDELLIN",
    "empresa_sede": "terminal",
    "empresa_nombre": "MicroMercado El Mio",
    "fecha_hora": "2023-05-12 08:09:29",
    "factura_num": "01220",
    "ciente_numero": 679537155,
    "pago_tipo": "TRANFERENCIA",
    "productos": [
        {
            "codigo": "eR7An5HGqN",
            "total": 16,
            "valor_unitario": 263638,
            "descuento": 0.26,
            "IVA": 19
        },
        {
            "codigo": "6PTS8c9Sqh",
            "total": 19,
            "valor_unitario": 339672,
            "descuento": 0.28,
            "IVA": 0
        },
        {
            "codigo": "FLHnWf71Wd",
            "total": 14,
            "valor_unitario": 56991,
            "descuento": 0.02,
            "IVA": 0
        },
        {
            "codigo": "0cRZmNMWkw",
            "total": 18,
            "valor_unitario": 870002,
            "descuento": 0.16,
            "IVA": 5
        },
        {
            "codigo": "XMPwaDS1x3",
            "total": 11,
            "valor_unitario": 74373,
            "descuento": 0.21,
            "IVA": 5
        },
        {
            "codigo": "SWPED50WSd",
            "total": 12,
            "valor_unitario": 835594,
            "descuento": 0.47,
            "IVA": 0
        }
    ]
}