{
    "empresa_nit": "123456789",
    "empresa_ciudad": "TUNJA",
    "empresa_sede": "plaza",
    "empresa_nombre": "MicroMercado El Mio",
    "fecha_hora": "2021-04-01 03:22:43",
    "factura_num": "01198",
    "ciente_numero": 501811653,
    "pago_tipo": "TAR.DEBITO",
    "productos": [
        {
            "codigo": "A4KANflGtn",
            "total": 8,
            "valor_unitario": 484544,
            "descuento": 0.32,
            "IVA": 5
        },
        {
            "codigo": "gRv8YCyEUO",
            "total": 5,
            "valor_unitario": 609710,
            "descuento": 0.33,
            "IVA": 19
        },
        {
            "codigo": "OCIlDZxve6",
            "total": 8,
            "valor_unitario": 286301,
            "descuento": 0.33,
            "IVA": 0
        },
        {
            "codigo": "R4D0SfRYe4",
            "total": 18,
            "valor_unitario": 865976,
            "descuento": 0.36,
            "IVA": 5
        },
        {
            "codigo": "bzsgeOwGRR",
            "total": 2,
            "valor_unitario": 80566,
            "descuento": 0.06,
            "IVA": 19
        },
        {
            "codigo": "cSLJDNUVQH",
            "total": 3,
            "valor_unitario": 554149,
            "descuento": 0.02,
            "IVA": 0
        },
        {
            "codigo": "N3cDNoyJ7u",
            "total": 4,
            "valor_unitario": 505767,
            "descuento": 0.43,
            "IVA": 0
        },
        {
            "codigo": "mWIc1uXBQp",
            "total": 4,
            "valor_unitario": 21157,
            "descuento": 0.24,
            "IVA": 5
        },
        {
            "codigo": "nuEKvhhjQG",
            "total": 18,
            "valor_unitario": 883194,
            "descuento": 0.09,
            "IVA": 0
        },
        {
            "codigo": "uKFuLEPUYk",
            "total": 4,
            "valor_unitario": 560324,
            "descuento": 0.36,
            "IVA": 19
        },
        {
            "codigo": "SZADnx8MGZ",
            "total": 7,
            "valor_unitario": 556306,
            "descuento": 0.4,
            "IVA": 19
        },
        {
            "codigo": "lklm8s7b54",
            "total": 4,
            "valor_unitario": 10541,
            "descuento": 0.25,
            "IVA": 5
        },
        {
            "codigo": "iJY3gZUywR",
            "total": 5,
            "valor_unitario": 840422,
            "descuento": 0.27,
            "IVA": 0
        },
        {
            "codigo": "jnTJDP5k6h",
            "total": 6,
            "valor_unitario": 892872,
            "descuento": 0.15,
            "IVA": 5
        },
        {
            "codigo": "p2804PlnwQ",
            "total": 13,
            "valor_unitario": 540540,
            "descuento": 0.12,
            "IVA": 0
        },
        {
            "codigo": "EcLYFpzUpP",
            "total": 5,
            "valor_unitario": 405849,
            "descuento": 0.32,
            "IVA": 19
        },
        {
            "codigo": "GKT70uvVo0",
            "total": 17,
            "valor_unitario": 418415,
            "descuento": 0.13,
            "IVA": 5
        },
        {
            "codigo": "GVVIKR7yVF",
            "total": 6,
            "valor_unitario": 609844,
            "descuento": 0.48,
            "IVA": 19
        }
    ]
}