{
    "empresa_nit": "123456789",
    "empresa_ciudad": "TUNJA",
    "empresa_sede": "autopista",
    "empresa_nombre": "MicroMercado El Mio",
    "fecha_hora": "2024-02-15 11:59:38",
    "factura_num": "01387",
    "ciente_numero": 521381717,
    "pago_tipo": "TAR.CREDITO",
    "productos": [
        {
            "codigo": "PKZAPhet6M",
            "total": 13,
            "valor_unitario": 637898,
            "descuento": 0.23,
            "IVA": 5
        },
        {
            "codigo": "UX40MAM7LQ",
            "total": 11,
            "valor_unitario": 2886,
            "descuento": 0.2,
            "IVA": 5
        },
        {
            "codigo": "q5KXJ2ZCWI",
            "total": 1,
            "valor_unitario": 852140,
            "descuento": 0.38,
            "IVA": 0
        },
        {
            "codigo": "rhV6qatVYh",
            "total": 3,
            "valor_unitario": 71392,
            "descuento": 0.25,
            "IVA": 5
        },
        {
            "codigo": "T7w04EDyGp",
            "total": 4,
            "valor_unitario": 87859,
            "descuento": 0.23,
            "IVA": 5
        },
        {
            "codigo": "FgfqdrPfNR",
            "total": 17,
            "valor_unitario": 582285,
            "descuento": 0.09,
            "IVA": 5
        },
        {
            "codigo": "jDdQXTXtFH",
            "total": 10,
            "valor_unitario": 608858,
            "descuento": 0.23,
            "IVA": 5
        },
        {
            "codigo": "jf7Fgxv1qd",
            "total": 18,
            "valor_unitario": 846066,
            "descuento": 0.35,
            "IVA": 5
        }
    ]
}