{
    "empresa_nit": "123456789",
    "empresa_ciudad": "MEDELLIN",
    "empresa_sede": "aeropuerto",
    "empresa_nombre": "MicroMercado El Mio",
    "fecha_hora": "2024-07-19 17:48:49",
    "factura_num": "01017",
    "ciente_numero": 193430727,
    "pago_tipo": "TRANFERENCIA",
    "productos": [
        {
            "codigo": "wwFkjPl9FR",
            "total": 19,
            "valor_unitario": 357747,
            "descuento": 0.0,
            "IVA": 5
        },
        {
            "codigo": "oLWCtee1DP",
            "total": 19,
            "valor_unitario": 433637,
            "descuento": 0.3,
            "IVA": 5
        },
        {
            "codigo": "DU8ABf1wbL",
            "total": 18,
            "valor_unitario": 410659,
            "descuento": 0.01,
            "IVA": 19
        },
        {
            "codigo": "Qcj44HLy62",
            "total": 18,
            "valor_unitario": 159785,
            "descuento": 0.38,
            "IVA": 5
        },
        {
            "codigo": "Bx56mUhtGu",
            "total": 1,
            "valor_unitario": 713579,
            "descuento": 0.24,
            "IVA": 0
        },
        {
            "codigo": "mnCKm5qO2S",
            "total": 16,
            "valor_unitario": 195508,
            "descuento": 0.4,
            "IVA": 5
        },
        {
            "codigo": "MRW2iegec2",
            "total": 7,
            "valor_unitario": 752685,
            "descuento": 0.22,
            "IVA": 19
        },
        {
            "codigo": "YDqcWrQ0gT",
            "total": 17,
            "valor_unitario": 550272,
            "descuento": 0.11,
            "IVA": 19
        },
        {
            "codigo": "YXzBypNYIa",
            "total": 7,
            "valor_unitario": 214780,
            "descuento": 0.18,
            "IVA": 5
        },
        {
            "codigo": "bcjvQBWYsB",
            "total": 5,
            "valor_unitario": 114518,
            "descuento": 0.43,
            "IVA": 19
        },
        {
            "codigo": "eUwEmcALC3",
            "total": 8,
            "valor_unitario": 875041,
            "descuento": 0.0,
            "IVA": 19
        },
        {
            "codigo": "1naRhK4FSl",
            "total": 13,
            "valor_unitario": 351505,
            "descuento": 0.11,
            "IVA": 5
        },
        {
            "codigo": "pKvOis0fRg",
            "total": 14,
            "valor_unitario": 885809,
            "descuento": 0.22,
            "IVA": 5
        },
        {
            "codigo": "KgdpKzMNEd",
            "total": 7,
            "valor_unitario": 834433,
            "descuento": 0.48,
            "IVA": 19
        },
        {
            "codigo": "QHuNIfyKEx",
            "total": 16,
            "valor_unitario": 139189,
            "descuento": 0.17,
            "IVA": 5
        },
        {
            "codigo": "1YRfB6kaCR",
            "total": 9,
            "valor_unitario": 892567,
            "descuento": 0.19,
            "IVA": 5
        },
        {
            "codigo": "yV5fr7n686",
            "total": 3,
            "valor_unitario": 250139,
            "descuento": 0.45,
            "IVA": 5
        },
        {
            "codigo": "wl8RzDhuuK",
            "total": 16,
            "valor_unitario": 448936,
            "descuento": 0.47,
            "IVA": 0
        },
        {
            "codigo": "8Dc3YqcupK",
            "total": 12,
            "valor_unitario": 876826,
            "descuento": 0.4,
            "IVA": 0
        }
    ]
}