{
    "empresa_nit": "123456789",
    "empresa_ciudad": "MEDELLIN",
    "empresa_sede": "alcaldia",
    "empresa_nombre": "MicroMercado El Mio",
    "fecha_hora": "2023-03-13 21:17:31",
    "factura_num": "01183",
    "ciente_numero": 834455147,
    "pago_tipo": "TAR.CREDITO",
    "productos": [
        {
            "codigo": "RkD92tCYrk",
            "total": 14,
            "valor_unitario": 649181,
            "descuento": 0.3,
            "IVA": 0
        },
        {
            "codigo": "UuuLyaHpR1",
            "total": 1,
            "valor_unitario": 922128,
            "descuento": 0.14,
            "IVA": 19
        },
        {
            "codigo": "QYzAOaQZnk",
            "total": 11,
            "valor_unitario": 928049,
            "descuento": 0.27,
            "IVA": 19
        },
        {
            "codigo": "I8mKLpfFA9",
            "total": 20,
            "valor_unitario": 950705,
            "descuento": 0.38,
            "IVA": 19
        },
        {
            "codigo": "LQABv7kdyU",
            "total": 5,
            "valor_unitario": 171948,
            "descuento": 0.12,
            "IVA": 5
        },
        {
            "codigo": "24dx7GNdpS",
            "total": 11,
            "valor_unitario": 28861,
            "descuento": 0.48,
            "IVA": 5
        },
        {
            "codigo": "JlqjJksQxN",
            "total": 11,
            "valor_unitario": 913505,
            "descuento": 0.16,
            "IVA": 19
        },
        {
            "codigo": "JYDklIRosq",
            "total": 2,
            "valor_unitario": 360307,
            "descuento": 0.28,
            "IVA": 5
        },
        {
            "codigo": "6EJ9P88oYe",
            "total": 3,
            "valor_unitario": 8931,
            "descuento": 0.39,
            "IVA": 19
        },
        {
            "codigo": "7swUT8szTK",
            "total": 11,
            "valor_unitario": 834054,
            "descuento": 0.45,
            "IVA": 0
        },
        {
            "codigo": "Sk0nSwR2g9",
            "total": 5,
            "valor_unitario": 216733,
            "descuento": 0.31,
            "IVA": 0
        }
    ]
}