{
    "empresa_nit": "123456789",
    "empresa_ciudad": "CALI",
    "empresa_sede": "autopista",
    "empresa_nombre": "MicroMercado El Mio",
    "fecha_hora": "2020-11-08 21:14:22",
    "factura_num": "01036",
    "ciente_numero": 777311992,
    "pago_tipo": "TAR.DEBITO",
    "productos": [
        {
            "codigo": "49Q7xDKs30",
            "total": 9,
            "valor_unitario": 389653,
            "descuento": 0.27,
            "IVA": 0
        },
        {
            "codigo": "prCucuA2fg",
            "total": 4,
            "valor_unitario": 393588,
            "descuento": 0.36,
            "IVA": 5
        },
        {
            "codigo": "OOIJ3ntiay",
            "total": 11,
            "valor_unitario": 96782,
            "descuento": 0.41,
            "IVA": 0
        },
        {
            "codigo": "pL5qFbkxKc",
            "total": 7,
            "valor_unitario": 996498,
            "descuento": 0.4,
            "IVA": 19
        },
        {
            "codigo": "0AGJRnqmBy",
            "total": 20,
            "valor_unitario": 878785,
            "descuento": 0.18,
            "IVA": 0
        },
        {
            "codigo": "xdIkkmssdN",
            "total": 6,
            "valor_unitario": 383799,
            "descuento": 0.04,
            "IVA": 0
        },
        {
            "codigo": "ihrpVmd2X7",
            "total": 20,
            "valor_unitario": 490227,
            "descuento": 0.21,
            "IVA": 0
        },
        {
            "codigo": "hOGttdQqAJ",
            "total": 9,
            "valor_unitario": 166552,
            "descuento": 0.28,
            "IVA": 5
        },
        {
            "codigo": "C6GX04VG1l",
            "total": 19,
            "valor_unitario": 121251,
            "descuento": 0.41,
            "IVA": 5
        },
        {
            "codigo": "ITafyrhr9W",
            "total": 16,
            "valor_unitario": 853327,
            "descuento": 0.22,
            "IVA": 5
        },
        {
            "codigo": "2k24aaRX9y",
            "total": 16,
            "valor_unitario": 787462,
            "descuento": 0.29,
            "IVA": 0
        },
        {
            "codigo": "tFg3woWQ7k",
            "total": 17,
            "valor_unitario": 523285,
            "descuento": 0.36,
            "IVA": 19
        },
        {
            "codigo": "iBtY3QV7mD",
            "total": 12,
            "valor_unitario": 896896,
            "descuento": 0.38,
            "IVA": 0
        },
        {
            "codigo": "9fHwcGw6Gk",
            "total": 2,
            "valor_unitario": 262987,
            "descuento": 0.19,
            "IVA": 0
        },
        {
            "codigo": "tjtfUKH8Hk",
            "total": 9,
            "valor_unitario": 506424,
            "descuento": 0.11,
            "IVA": 5
        },
        {
            "codigo": "neIWvT5351",
            "total": 6,
            "valor_unitario": 327836,
            "descuento": 0.5,
            "IVA": 5
        },
        {
            "codigo": "bPfiHfXUTh",
            "total": 4,
            "valor_unitario": 373184,
            "descuento": 0.42,
            "IVA": 19
        }
    ]
}