{
    "empresa_nit": "123456789",
    "empresa_ciudad": "BARRANQUILLA",
    "empresa_sede": "autopista",
    "empresa_nombre": "MicroMercado El Mio",
    "fecha_hora": "2020-02-15 20:06:39",
    "factura_num": "01393",
    "ciente_numero": 592587802,
    "pago_tipo": "TAR.CREDITO",
    "productos": [
        {
            "codigo": "nTGQJxfWKT",
            "total": 10,
            "valor_unitario": 991467,
            "descuento": 0.15,
            "IVA": 19
        },
        {
            "codigo": "7UFgJCD3ho",
            "total": 11,
            "valor_unitario": 510846,
            "descuento": 0.22,
            "IVA": 5
        },
        {
            "codigo": "CSVuXlqms4",
            "total": 5,
            "valor_unitario": 886035,
            "descuento": 0.37,
            "IVA": 0
        },
        {
            "codigo": "ilPDDpY1ig",
            "total": 12,
            "valor_unitario": 706234,
            "descuento": 0.37,
            "IVA": 5
        },
        {
            "codigo": "4DcvAn7Dqh",
            "total": 14,
            "valor_unitario": 74168,
            "descuento": 0.08,
            "IVA": 19
        },
        {
            "codigo": "rri24D75hP",
            "total": 8,
            "valor_unitario": 637180,
            "descuento": 0.2,
            "IVA": 0
        },
        {
            "codigo": "5f5Z2dEOii",
            "total": 13,
            "valor_unitario": 504794,
            "descuento": 0.32,
            "IVA": 0
        },
        {
            "codigo": "ClXLB3rT3m",
            "total": 12,
            "valor_unitario": 215367,
            "descuento": 0.29,
            "IVA": 5
        },
        {
            "codigo": "Sfuc9kSJ3o",
            "total": 13,
            "valor_unitario": 714246,
            "descuento": 0.49,
            "IVA": 5
        },
        {
            "codigo": "I028kehZYQ",
            "total": 6,
            "valor_unitario": 118372,
            "descuento": 0.18,
            "IVA": 19
        },
        {
            "codigo": "8rHcSBd9lI",
            "total": 1,
            "valor_unitario": 863093,
            "descuento": 0.37,
            "IVA": 5
        },
        {
            "codigo": "erwh9DU2VG",
            "total": 9,
            "valor_unitario": 645788,
            "descuento": 0.48,
            "IVA": 0
        },
        {
            "codigo": "XRlq246kcq",
            "total": 10,
            "valor_unitario": 398100,
            "descuento": 0.18,
            "IVA": 5
        }
    ]
}