{
    "empresa_nit": "123456789",
    "empresa_ciudad": "BARRANQUILLA",
    "empresa_sede": "terminal",
    "empresa_nombre": "MicroMercado El Mio",
    "fecha_hora": "2021-10-16 05:13:14",
    "factura_num": "01055",
    "ciente_numero": 915959131,
    "pago_tipo": "TAR.CREDITO",
    "productos": [
        {
            "codigo": "AefgHSfpWE",
            "total": 9,
            "valor_unitario": 987208,
            "descuento": 0.03,
            "IVA": 5
        },
        {
            "codigo": "6K62qOPMbD",
            "total": 9,
            "valor_unitario": 699672,
            "descuento": 0.21,
            "IVA": 0
        },
        {
            "codigo": "1mEuWVy2y9",
            "total": 1,
            "valor_unitario": 679674,
            "descuento": 0.21,
            "IVA": 0
        },
        {
            "codigo": "X0TAhM7Ru6",
            "total": 3,
            "valor_unitario": 228564,
            "descuento": 0.47,
            "IVA": 5
        },
        {
            "codigo": "0lcdDav4YY",
            "total": 17,
            "valor_unitario": 587172,
            "descuento": 0.23,
            "IVA": 5
        },
        {
            "codigo": "UvYwG7q7Dq",
            "total": 20,
            "valor_unitario": 116714,
            "descuento": 0.19,
            "IVA": 0
        }
    ]
}