{
    "empresa_nit": "123456789",
    "empresa_ciudad": "BOGOTA",
    "empresa_sede": "plaza",
    "empresa_nombre": "MicroMercado El Mio",
    "fecha_hora": "2022-11-07 04:15:58",
    "factura_num": "00100",
    "ciente_numero": 896829247,
    "pago_tipo": "TAR.DEBITO",
    "productos": [
        {
            "codigo": "NOPE2fmAl6",
            "total": 4,
            "valor_unitario": 798377,
            "descuento": 0.06,
            "IVA": 19
        },
        {
            "codigo": "KCsKqu6EpU",
            "total": 18,
            "valor_unitario": 634172,
            "descuento": 0.47,
            "IVA": 19
        },
        {
            "codigo": "TrIHVB0Od0",
            "total": 5,
            "valor_unitario": 444844,
            "descuento": 0.37,
            "IVA": 5
        },
        {
            "codigo": "eSW20rcKkY",
            "total": 15,
            "valor_unitario": 751181,
            "descuento": 0.33,
            "IVA": 0
        },
        {
            "codigo": "fJSxZZGC75",
            "total": 9,
            "valor_unitario": 134203,
            "descuento": 0.28,
            "IVA": 19
        },
        {
            "codigo": "zFoeJyvNkO",
            "total": 15,
            "valor_unitario": 72236,
            "descuento": 0.41,
            "IVA": 19
        },
        {
            "codigo": "dIr4zANuCy",
            "total": 6,
            "valor_unitario": 796563,
            "descuento": 0.48,
            "IVA": 0
        },
        {
            "codigo": "5Vri9mizrl",
            "total": 9,
            "valor_unitario": 135602,
            "descuento": 0.08,
            "IVA": 0
        },
        {
            "codigo": "tMX6bVTTOx",
            "total": 10,
            "valor_unitario": 723465,
            "descuento": 0.09,
            "IVA": 5
        },
        {
            "codigo": "EwcSh8vv38",
            "total": 2,
            "valor_unitario": 700590,
            "descuento": 0.24,
            "IVA": 19
        },
        {
            "codigo": "D0mtkO1wc0",
            "total": 19,
            "valor_unitario": 274756,
            "descuento": 0.29,
            "IVA": 5
        },
        {
            "codigo": "ORn9qE7PxW",
            "total": 12,
            "valor_unitario": 337347,
            "descuento": 0.18,
            "IVA": 19
        },
        {
            "codigo": "8GwwdtXx9d",
            "total": 16,
            "valor_unitario": 611632,
            "descuento": 0.34,
            "IVA": 19
        },
        {
            "codigo": "sOyZqP7ytL",
            "total": 1,
            "valor_unitario": 457637,
            "descuento": 0.48,
            "IVA": 19
        },
        {
            "codigo": "GUGIYVJlLf",
            "total": 19,
            "valor_unitario": 822006,
            "descuento": 0.47,
            "IVA": 19
        }
    ]
}