{
    "empresa_nit": "123456789",
    "empresa_ciudad": "BARRANQUILLA",
    "empresa_sede": "terminal",
    "empresa_nombre": "MicroMercado El Mio",
    "fecha_hora": "2020-08-22 08:48:09",
    "factura_num": "01368",
    "ciente_numero": 489077790,
    "pago_tipo": "TAR.DEBITO",
    "productos": [
        {
            "codigo": "f72L6ziq4a",
            "total": 5,
            "valor_unitario": 269650,
            "descuento": 0.42,
            "IVA": 0
        },
        {
            "codigo": "JuiBqMUsOw",
            "total": 20,
            "valor_unitario": 69110,
            "descuento": 0.45,
            "IVA": 0
        },
        {
            "codigo": "KROdjnq8FN",
            "total": 1,
            "valor_unitario": 344640,
            "descuento": 0.36,
            "IVA": 0
        },
        {
            "codigo": "T1FTi01OE4",
            "total": 2,
            "valor_unitario": 60639,
            "descuento": 0.1,
            "IVA": 5
        },
        {
            "codigo": "76ApWwxOak",
            "total": 4,
            "valor_unitario": 980836,
            "descuento": 0.43,
            "IVA": 0
        }
    ]
}