{
    "empresa_nit": "123456789",
    "empresa_ciudad": "MEDELLIN",
    "empresa_sede": "terminal",
    "empresa_nombre": "MicroMercado El Mio",
    "fecha_hora": "2021-06-16 05:48:52",
    "factura_num": "00114",
    "ciente_numero": 643830971,
    "pago_tipo": "TRANFERENCIA",
    "productos": [
        {
            "codigo": "SpqjMlFDCT",
            "total": 13,
            "valor_unitario": 17923,
            "descuento": 0.25,
            "IVA": 19
        },
        {
            "codigo": "Vai9pzax0f",
            "total": 14,
            "valor_unitario": 741815,
            "descuento": 0.14,
            "IVA": 5
        },
        {
            "codigo": "TPXhycgDQN",
            "total": 5,
            "valor_unitario": 41481,
            "descuento": 0.03,
            "IVA": 19
        },
        {
            "codigo": "32ljxw5l1j",
            "total": 6,
            "valor_unitario": 419443,
            "descuento": 0.43,
            "IVA": 0
        },
        {
            "codigo": "Kl66zLwPhW",
            "total": 5,
            "valor_unitario": 152427,
            "descuento": 0.31,
            "IVA": 5
        },
        {
            "codigo": "p8yej24Dgv",
            "total": 7,
            "valor_unitario": 184906,
            "descuento": 0.2,
            "IVA": 19
        },
        {
            "codigo": "QFyFPJXBql",
            "total": 20,
            "valor_unitario": 902713,
            "descuento": 0.44,
            "IVA": 5
        },
        {
            "codigo": "V3FnTlCpka",
            "total": 11,
            "valor_unitario": 180344,
            "descuento": 0.12,
            "IVA": 19
        },
        {
            "codigo": "FaZzh5Dcpz",
            "total": 19,
            "valor_unitario": 568815,
            "descuento": 0.39,
            "IVA": 0
        },
        {
            "codigo": "DcLb2P0R8W",
            "total": 8,
            "valor_unitario": 922972,
            "descuento": 0.28,
            "IVA": 0
        },
        {
            "codigo": "cOel1zKLmP",
            "total": 2,
            "valor_unitario": 670988,
            "descuento": 0.32,
            "IVA": 5
        },
        {
            "codigo": "dGrUoSvqJV",
            "total": 12,
            "valor_unitario": 368758,
            "descuento": 0.36,
            "IVA": 0
        },
        {
            "codigo": "aWjLQ3cSpw",
            "total": 11,
            "valor_unitario": 677660,
            "descuento": 0.38,
            "IVA": 5
        },
        {
            "codigo": "UVgRKUr7Ex",
            "total": 2,
            "valor_unitario": 83519,
            "descuento": 0.39,
            "IVA": 19
        },
        {
            "codigo": "kdFnUjAFpz",
            "total": 9,
            "valor_unitario": 891256,
            "descuento": 0.26,
            "IVA": 5
        },
        {
            "codigo": "uBCvPNcz7N",
            "total": 18,
            "valor_unitario": 876439,
            "descuento": 0.48,
            "IVA": 5
        },
        {
            "codigo": "YFVL7C6SKp",
            "total": 1,
            "valor_unitario": 685446,
            "descuento": 0.18,
            "IVA": 0
        }
    ]
}