{
    "empresa_nit": "123456789",
    "empresa_ciudad": "CALI",
    "empresa_sede": "centro",
    "empresa_nombre": "MicroMercado El Mio",
    "fecha_hora": "2020-07-01 22:45:21",
    "factura_num": "01384",
    "ciente_numero": 668730469,
    "pago_tipo": "TAR.DEBITO",
    "productos": [
        {
            "codigo": "voVNzJQaOX",
            "total": 11,
            "valor_unitario": 325687,
            "descuento": 0.3,
            "IVA": 19
        },
        {
            "codigo": "aQr21e3COY",
            "total": 8,
            "valor_unitario": 333161,
            "descuento": 0.37,
            "IVA": 5
        },
        {
            "codigo": "zC666yTL1n",
            "total": 16,
            "valor_unitario": 247061,
            "descuento": 0.29,
            "IVA": 0
        },
        {
            "codigo": "UhiyF6luPc",
            "total": 2,
            "valor_unitario": 289605,
            "descuento": 0.03,
            "IVA": 0
        },
        {
            "codigo": "aDrjhsDVC3",
            "total": 18,
            "valor_unitario": 238208,
            "descuento": 0.46,
            "IVA": 5
        },
        {
            "codigo": "bwdYaM05hU",
            "total": 4,
            "valor_unitario": 389276,
            "descuento": 0.24,
            "IVA": 5
        },
        {
            "codigo": "aGYjkBdJy7",
            "total": 19,
            "valor_unitario": 558355,
            "descuento": 0.03,
            "IVA": 5
        },
        {
            "codigo": "s9uSJJCEkF",
            "total": 14,
            "valor_unitario": 285419,
            "descuento": 0.16,
            "IVA": 19
        },
        {
            "codigo": "vOugvBNwe8",
            "total": 17,
            "valor_unitario": 262369,
            "descuento": 0.26,
            "IVA": 0
        },
        {
            "codigo": "Pz5kacS2ZN",
            "total": 6,
            "valor_unitario": 298412,
            "descuento": 0.49,
            "IVA": 19
        }
    ]
}