{
    "empresa_nit": "123456789",
    "empresa_ciudad": "MEDELLIN",
    "empresa_sede": "centro",
    "empresa_nombre": "MicroMercado El Mio",
    "fecha_hora": "2020-07-29 23:18:37",
    "factura_num": "01046",
    "ciente_numero": 710297799,
    "pago_tipo": "TRANFERENCIA",
    "productos": [
        {
            "codigo": "2BA8eKSP7v",
            "total": 2,
            "valor_unitario": 500892,
            "descuento": 0.17,
            "IVA": 5
        },
        {
            "codigo": "80Z1cPQStI",
            "total": 4,
            "valor_unitario": 180741,
            "descuento": 0.43,
            "IVA": 5
        },
        {
            "codigo": "Rh6cTVlban",
            "total": 10,
            "valor_unitario": 701412,
            "descuento": 0.27,
            "IVA": 0
        },
        {
            "codigo": "LwXWStgSYb",
            "total": 4,
            "valor_unitario": 557649,
            "descuento": 0.1,
            "IVA": 0
        },
        {
            "codigo": "Cdp71SqGb8",
            "total": 7,
            "valor_unitario": 553440,
            "descuento": 0.32,
            "IVA": 5
        },
        {
            "codigo": "PBszwEAeTu",
            "total": 12,
            "valor_unitario": 806703,
            "descuento": 0.2,
            "IVA": 0
        },
        {
            "codigo": "f3WaMxOnve",
            "total": 12,
            "valor_unitario": 784390,
            "descuento": 0.28,
            "IVA": 0
        }
    ]
}