{
    "empresa_nit": "123456789",
    "empresa_ciudad": "CALI",
    "empresa_sede": "aeropuerto",
    "empresa_nombre": "MicroMercado El Mio",
    "fecha_hora": "2024-09-16 09:07:55",
    "factura_num": "01088",
    "ciente_numero": 576448957,
    "pago_tipo": "TAR.DEBITO",
    "productos": [
        {
            "codigo": "W6WT5EHphx",
            "total": 8,
            "valor_unitario": 783125,
            "descuento": 0.11,
            "IVA": 0
        },
        {
            "codigo": "1KKAPSvIAZ",
            "total": 16,
            "valor_unitario": 23669,
            "descuento": 0.14,
            "IVA": 5
        },
        {
            "codigo": "R3fmW3HVwU",
            "total": 16,
            "valor_unitario": 144739,
            "descuento": 0.3,
            "IVA": 0
        }
    ]
}