{
    "empresa_nit": "123456789",
    "empresa_ciudad": "BOGOTA",
    "empresa_sede": "aeropuerto",
    "empresa_nombre": "MicroMercado El Mio",
    "fecha_hora": "2024-02-16 00:48:14",
    "factura_num": "01078",
    "ciente_numero": 823254921,
    "pago_tipo": "TAR.CREDITO",
    "productos": [
        {
            "codigo": "Q7BRxHzsFE",
            "total": 4,
            "valor_unitario": 280587,
            "descuento": 0.1,
            "IVA": 19
        },
        {
            "codigo": "Siq50qXzy2",
            "total": 7,
            "valor_unitario": 443173,
            "descuento": 0.39,
            "IVA": 19
        },
        {
            "codigo": "wwf9Nl1iQG",
            "total": 18,
            "valor_unitario": 742137,
            "descuento": 0.14,
            "IVA": 19
        },
        {
            "codigo": "Q4pnFocy69",
            "total": 1,
            "valor_unitario": 499641,
            "descuento": 0.5,
            "IVA": 0
        },
        {
            "codigo": "OORqiXerbj",
            "total": 5,
            "valor_unitario": 475260,
            "descuento": 0.24,
            "IVA": 19
        },
        {
            "codigo": "4V3MZoPITR",
            "total": 10,
            "valor_unitario": 142187,
            "descuento": 0.31,
            "IVA": 0
        },
        {
            "codigo": "kifsGxNAaa",
            "total": 3,
            "valor_unitario": 128458,
            "descuento": 0.08,
            "IVA": 0
        },
        {
            "codigo": "WCG326gbFY",
            "total": 3,
            "valor_unitario": 686703,
            "descuento": 0.22,
            "IVA": 19
        },
        {
            "codigo": "LH1ruHprls",
            "total": 5,
            "valor_unitario": 50899,
            "descuento": 0.46,
            "IVA": 0
        },
        {
            "codigo": "GwLblRGctc",
            "total": 18,
            "valor_unitario": 938514,
            "descuento": 0.4,
            "IVA": 5
        },
        {
            "codigo": "Fv0Py15v7k",
            "total": 10,
            "valor_unitario": 794155,
            "descuento": 0.24,
            "IVA": 19
        },
        {
            "codigo": "HB4Q8IECz3",
            "total": 5,
            "valor_unitario": 434780,
            "descuento": 0.24,
            "IVA": 0
        },
        {
            "codigo": "W2FLBMLRlf",
            "total": 19,
            "valor_unitario": 596241,
            "descuento": 0.21,
            "IVA": 5
        },
        {
            "codigo": "ji54rp94IC",
            "total": 5,
            "valor_unitario": 493294,
            "descuento": 0.05,
            "IVA": 0
        },
        {
            "codigo": "0KVWCS5hFx",
            "total": 12,
            "valor_unitario": 224430,
            "descuento": 0.14,
            "IVA": 5
        },
        {
            "codigo": "7uwQm7UqPv",
            "total": 18,
            "valor_unitario": 180251,
            "descuento": 0.04,
            "IVA": 5
        },
        {
            "codigo": "lAqAVUipeR",
            "total": 1,
            "valor_unitario": 805718,
            "descuento": 0.08,
            "IVA": 5
        },
        {
            "codigo": "lqCyvKhoJr",
            "total": 16,
            "valor_unitario": 288927,
            "descuento": 0.15,
            "IVA": 0
        },
        {
            "codigo": "7wuXtJigwm",
            "total": 7,
            "valor_unitario": 166887,
            "descuento": 0.34,
            "IVA": 0
        }
    ]
}