{
    "empresa_nit": "123456789",
    "empresa_ciudad": "TUNJA",
    "empresa_sede": "centro",
    "empresa_nombre": "MicroMercado El Mio",
    "fecha_hora": "2024-01-31 15:19:25",
    "factura_num": "00133",
    "ciente_numero": 519080809,
    "pago_tipo": "TRANFERENCIA",
    "productos": [
        {
            "codigo": "mUbYUS9ao8",
            "total": 1,
            "valor_unitario": 914579,
            "descuento": 0.0,
            "IVA": 0
        },
        {
            "codigo": "ZvxrGy3lxf",
            "total": 16,
            "valor_unitario": 682523,
            "descuento": 0.18,
            "IVA": 5
        },
        {
            "codigo": "gZOtRCGMTG",
            "total": 7,
            "valor_unitario": 886245,
            "descuento": 0.17,
            "IVA": 0
        },
        {
            "codigo": "COIopxuggh",
            "total": 5,
            "valor_unitario": 557540,
            "descuento": 0.03,
            "IVA": 0
        },
        {
            "codigo": "3AqlfAcryk",
            "total": 11,
            "valor_unitario": 426716,
            "descuento": 0.26,
            "IVA": 5
        },
        {
            "codigo": "4Ooa2z3bO1",
            "total": 11,
            "valor_unitario": 675707,
            "descuento": 0.09,
            "IVA": 19
        },
        {
            "codigo": "uwsoIMfvd6",
            "total": 8,
            "valor_unitario": 485613,
            "descuento": 0.02,
            "IVA": 19
        },
        {
            "codigo": "xywLCZWYlJ",
            "total": 3,
            "valor_unitario": 547771,
            "descuento": 0.22,
            "IVA": 19
        }
    ]
}