{
    "empresa_nit": "123456789",
    "empresa_ciudad": "CALI",
    "empresa_sede": "terminal",
    "empresa_nombre": "MicroMercado El Mio",
    "fecha_hora": "2021-04-03 02:23:21",
    "factura_num": "01045",
    "ciente_numero": 555204178,
    "pago_tipo": "EFECTIVO",
    "productos": [
        {
            "codigo": "9IyBSGOkYm",
            "total": 16,
            "valor_unitario": 422075,
            "descuento": 0.41,
            "IVA": 19
        },
        {
            "codigo": "lqOc7Bvp5V",
            "total": 18,
            "valor_unitario": 636512,
            "descuento": 0.45,
            "IVA": 0
        },
        {
            "codigo": "TZh8EiTfi7",
            "total": 1,
            "valor_unitario": 125843,
            "descuento": 0.33,
            "IVA": 19
        },
        {
            "codigo": "au4g0XGJXn",
            "total": 3,
            "valor_unitario": 535306,
            "descuento": 0.41,
            "IVA": 5
        },
        {
            "codigo": "4Pa9x5o0IM",
            "total": 17,
            "valor_unitario": 608684,
            "descuento": 0.43,
            "IVA": 5
        },
        {
            "codigo": "O4R8fzX0Ep",
            "total": 12,
            "valor_unitario": 571471,
            "descuento": 0.4,
            "IVA": 19
        },
        {
            "codigo": "VptxQStXwU",
            "total": 6,
            "valor_unitario": 171926,
            "descuento": 0.1,
            "IVA": 19
        },
        {
            "codigo": "ITanqxt8tp",
            "total": 5,
            "valor_unitario": 403920,
            "descuento": 0.42,
            "IVA": 0
        },
        {
            "codigo": "BIZ32H0UAu",
            "total": 9,
            "valor_unitario": 601934,
            "descuento": 0.39,
            "IVA": 5
        },
        {
            "codigo": "iuUDreIGqR",
            "total": 10,
            "valor_unitario": 932479,
            "descuento": 0.47,
            "IVA": 5
        }
    ]
}