{
    "empresa_nit": "123456789",
    "empresa_ciudad": "TUNJA",
    "empresa_sede": "centro",
    "empresa_nombre": "MicroMercado El Mio",
    "fecha_hora": "2023-10-10 23:34:55",
    "factura_num": "01163",
    "ciente_numero": 746942459,
    "pago_tipo": "TAR.DEBITO",
    "productos": [
        {
            "codigo": "kQHGxyYZU1",
            "total": 19,
            "valor_unitario": 902694,
            "descuento": 0.36,
            "IVA": 0
        },
        {
            "codigo": "7lX7VZ7kcO",
            "total": 15,
            "valor_unitario": 809244,
            "descuento": 0.41,
            "IVA": 19
        },
        {
            "codigo": "Ma9x5fSgRU",
            "total": 7,
            "valor_unitario": 537283,
            "descuento": 0.11,
            "IVA": 19
        },
        {
            "codigo": "hwfgzTNBaH",
            "total": 15,
            "valor_unitario": 379016,
            "descuento": 0.04,
            "IVA": 19
        },
        {
            "codigo": "ZWVutBwzKw",
            "total": 8,
            "valor_unitario": 80211,
            "descuento": 0.04,
            "IVA": 0
        },
        {
            "codigo": "tbtogcnM8t",
            "total": 11,
            "valor_unitario": 298072,
            "descuento": 0.17,
            "IVA": 19
        },
        {
            "codigo": "6ggMPgh23v",
            "total": 20,
            "valor_unitario": 898938,
            "descuento": 0.49,
            "IVA": 19
        },
        {
            "codigo": "yIdm72y91I",
            "total": 16,
            "valor_unitario": 47863,
            "descuento": 0.47,
            "IVA": 5
        },
        {
            "codigo": "JX9G5wr65X",
            "total": 11,
            "valor_unitario": 365488,
            "descuento": 0.29,
            "IVA": 0
        },
        {
            "codigo": "u8Z92ZgvQK",
            "total": 9,
            "valor_unitario": 861672,
            "descuento": 0.2,
            "IVA": 19
        }
    ]
}