{
    "empresa_nit": "123456789",
    "empresa_ciudad": "MEDELLIN",
    "empresa_sede": "centro",
    "empresa_nombre": "MicroMercado El Mio",
    "fecha_hora": "2021-01-16 16:45:10",
    "factura_num": "01113",
    "ciente_numero": 154345214,
    "pago_tipo": "TAR.CREDITO",
    "productos": [
        {
            "codigo": "pzSXXYqDZW",
            "total": 2,
            "valor_unitario": 586597,
            "descuento": 0.24,
            "IVA": 19
        },
        {
            "codigo": "8DMfiZi91K",
            "total": 9,
            "valor_unitario": 623216,
            "descuento": 0.24,
            "IVA": 0
        },
        {
            "codigo": "COucShRlhi",
            "total": 13,
            "valor_unitario": 628541,
            "descuento": 0.32,
            "IVA": 5
        },
        {
            "codigo": "eCRTcOyErb",
            "total": 15,
            "valor_unitario": 781671,
            "descuento": 0.15,
            "IVA": 0
        },
        {
            "codigo": "B2FybZX2Hz",
            "total": 11,
            "valor_unitario": 747285,
            "descuento": 0.11,
            "IVA": 19
        },
        {
            "codigo": "bL80KupMAR",
            "total": 3,
            "valor_unitario": 382612,
            "descuento": 0.5,
            "IVA": 0
        },
        {
            "codigo": "jBpcdklkjI",
            "total": 7,
            "valor_unitario": 546545,
            "descuento": 0.17,
            "IVA": 19
        }
    ]
}