{
    "empresa_nit": "123456789",
    "empresa_ciudad": "MEDELLIN",
    "empresa_sede": "terminal",
    "empresa_nombre": "MicroMercado El Mio",
    "fecha_hora": "2021-09-02 11:22:03",
    "factura_num": "00120",
    "ciente_numero": 407932838,
    "pago_tipo": "EFECTIVO",
    "productos": [
        {
            "codigo": "jsW0iFfiuA",
            "total": 4,
            "valor_unitario": 455290,
            "descuento": 0.25,
            "IVA": 5
        },
        {
            "codigo": "wtWcPwfZaM",
            "total": 14,
            "valor_unitario": 501153,
            "descuento": 0.1,
            "IVA": 19
        },
        {
            "codigo": "1pf73K9ouN",
            "total": 9,
            "valor_unitario": 784302,
            "descuento": 0.5,
            "IVA": 0
        },
        {
            "codigo": "Q5SUfifRJa",
            "total": 10,
            "valor_unitario": 949508,
            "descuento": 0.09,
            "IVA": 5
        },
        {
            "codigo": "plXE9ZlbOc",
            "total": 15,
            "valor_unitario": 364594,
            "descuento": 0.2,
            "IVA": 5
        }
    ]
}