{
    "empresa_nit": "123456789",
    "empresa_ciudad": "BOGOTA",
    "empresa_sede": "aeropuerto",
    "empresa_nombre": "MicroMercado El Mio",
    "fecha_hora": "2022-08-17 10:17:53",
    "factura_num": "00143",
    "ciente_numero": 127030815,
    "pago_tipo": "EFECTIVO",
    "productos": [
        {
            "codigo": "oI0ptD0EOt",
            "total": 17,
            "valor_unitario": 828928,
            "descuento": 0.13,
            "IVA": 0
        },
        {
            "codigo": "6uzm7Pb6oY",
            "total": 6,
            "valor_unitario": 143051,
            "descuento": 0.44,
            "IVA": 19
        },
        {
            "codigo": "d33JnztVYS",
            "total": 16,
            "valor_unitario": 907956,
            "descuento": 0.22,
            "IVA": 19
        },
        {
            "codigo": "xgJqi7VbzH",
            "total": 11,
            "valor_unitario": 122901,
            "descuento": 0.27,
            "IVA": 0
        },
        {
            "codigo": "Uul6p2XDYI",
            "total": 3,
            "valor_unitario": 329873,
            "descuento": 0.49,
            "IVA": 5
        },
        {
            "codigo": "2EXrnBprA1",
            "total": 5,
            "valor_unitario": 407634,
            "descuento": 0.41,
            "IVA": 5
        },
        {
            "codigo": "87P1qLrNga",
            "total": 11,
            "valor_unitario": 679630,
            "descuento": 0.12,
            "IVA": 19
        },
        {
            "codigo": "omim39js9a",
            "total": 13,
            "valor_unitario": 645830,
            "descuento": 0.02,
            "IVA": 5
        },
        {
            "codigo": "fFEaxkTULF",
            "total": 10,
            "valor_unitario": 206951,
            "descuento": 0.13,
            "IVA": 0
        },
        {
            "codigo": "eRLRhp8axP",
            "total": 1,
            "valor_unitario": 435796,
            "descuento": 0.26,
            "IVA": 5
        },
        {
            "codigo": "DfhBeUxG7h",
            "total": 14,
            "valor_unitario": 637699,
            "descuento": 0.45,
            "IVA": 19
        },
        {
            "codigo": "KlvcZDmoW8",
            "total": 7,
            "valor_unitario": 946961,
            "descuento": 0.41,
            "IVA": 19
        },
        {
            "codigo": "j4UfxyRufO",
            "total": 9,
            "valor_unitario": 804777,
            "descuento": 0.15,
            "IVA": 19
        },
        {
            "codigo": "XSmf6Kymnd",
            "total": 4,
            "valor_unitario": 175294,
            "descuento": 0.16,
            "IVA": 19
        },
        {
            "codigo": "6PYOfX97rR",
            "total": 20,
            "valor_unitario": 878072,
            "descuento": 0.38,
            "IVA": 0
        },
        {
            "codigo": "Cmq0Viz0a9",
            "total": 19,
            "valor_unitario": 987799,
            "descuento": 0.26,
            "IVA": 19
        },
        {
            "codigo": "MOB4vWHVZC",
            "total": 4,
            "valor_unitario": 843765,
            "descuento": 0.18,
            "IVA": 19
        },
        {
            "codigo": "dSAoYVO7PP",
            "total": 12,
            "valor_unitario": 300665,
            "descuento": 0.22,
            "IVA": 0
        }
    ]
}