{
    "empresa_nit": "123456789",
    "empresa_ciudad": "TUNJA",
    "empresa_sede": "terminal",
    "empresa_nombre": "MicroMercado El Mio",
    "fecha_hora": "2021-11-20 18:39:51",
    "factura_num": "01234",
    "ciente_numero": 246430306,
    "pago_tipo": "EFECTIVO",
    "productos": [
        {
            "codigo": "CJd1WwZYON",
            "total": 10,
            "valor_unitario": 375461,
            "descuento": 0.38,
            "IVA": 19
        },
        {
            "codigo": "fOvfYmiv8z",
            "total": 18,
            "valor_unitario": 679537,
            "descuento": 0.48,
            "IVA": 19
        },
        {
            "codigo": "8hGMs14qaw",
            "total": 4,
            "valor_unitario": 561155,
            "descuento": 0.48,
            "IVA": 0
        }
    ]
}