{
    "empresa_nit": "123456789",
    "empresa_ciudad": "CALI",
    "empresa_sede": "plaza",
    "empresa_nombre": "MicroMercado El Mio",
    "fecha_hora": "2025-03-13 08:06:54",
    "factura_num": "01405",
    "ciente_numero": 564816905,
    "pago_tipo": "TRANFERENCIA",
    "productos": [
        {
            "codigo": "Yn4OrZAh40",
            "total": 12,
            "valor_unitario": 43817,
            "descuento": 0.01,
            "IVA": 5
        },
        {
            "codigo": "lKG3nS6PqO",
            "total": 1,
            "valor_unitario": 106931,
            "descuento": 0.24,
            "IVA": 0
        },
        {
            "codigo": "jDftNnCPwe",
            "total": 10,
            "valor_unitario": 236596,
            "descuento": 0.23,
            "IVA": 19
        },
        {
            "codigo": "DJvXvnTINm",
            "total": 15,
            "valor_unitario": 970826,
            "descuento": 0.47,
            "IVA": 19
        },
        {
            "codigo": "PbU1Iv7rsB",
            "total": 15,
            "valor_unitario": 853824,
            "descuento": 0.31,
            "IVA": 0
        },
        {
            "codigo": "XypC3YLMgV",
            "total": 10,
            "valor_unitario": 929906,
            "descuento": 0.32,
            "IVA": 5
        },
        {
            "codigo": "0PmbaxxitN",
            "total": 18,
            "valor_unitario": 623671,
            "descuento": 0.07,
            "IVA": 0
        },
        {
            "codigo": "3Ix8A7dysE",
            "total": 8,
            "valor_unitario": 479584,
            "descuento": 0.28,
            "IVA": 0
        },
        {
            "codigo": "6ScjG4qTaD",
            "total": 16,
            "valor_unitario": 881789,
            "descuento": 0.35,
            "IVA": 0
        },
        {
            "codigo": "m1lLBQICS4",
            "total": 6,
            "valor_unitario": 158100,
            "descuento": 0.45,
            "IVA": 19
        },
        {
            "codigo": "bMsfGG9JeA",
            "total": 18,
            "valor_unitario": 938123,
            "descuento": 0.41,
            "IVA": 5
        }
    ]
}