{
    "empresa_nit": "123456789",
    "empresa_ciudad": "MEDELLIN",
    "empresa_sede": "plaza",
    "empresa_nombre": "MicroMercado El Mio",
    "fecha_hora": "2022-02-18 17:32:30",
    "factura_num": "01101",
    "ciente_numero": 504403533,
    "pago_tipo": "TAR.CREDITO",
    "productos": [
        {
            "codigo": "b8vL2kKAfr",
            "total": 2,
            "valor_unitario": 375382,
            "descuento": 0.11,
            "IVA": 0
        },
        {
            "codigo": "fBD2z5OeW5",
            "total": 10,
            "valor_unitario": 290297,
            "descuento": 0.31,
            "IVA": 0
        },
        {
            "codigo": "w8X65AeKFk",
            "total": 1,
            "valor_unitario": 750043,
            "descuento": 0.41,
            "IVA": 19
        },
        {
            "codigo": "7OuheXokLZ",
            "total": 15,
            "valor_unitario": 948829,
            "descuento": 0.43,
            "IVA": 19
        },
        {
            "codigo": "Elq9UVWEoV",
            "total": 2,
            "valor_unitario": 966798,
            "descuento": 0.35,
            "IVA": 5
        },
        {
            "codigo": "CLDSHzSyLf",
            "total": 5,
            "valor_unitario": 927841,
            "descuento": 0.42,
            "IVA": 19
        },
        {
            "codigo": "oWJJiRGs1N",
            "total": 6,
            "valor_unitario": 837050,
            "descuento": 0.25,
            "IVA": 5
        },
        {
            "codigo": "qvDHzbLb2x",
            "total": 5,
            "valor_unitario": 738046,
            "descuento": 0.0,
            "IVA": 19
        },
        {
            "codigo": "a1maAaNKmC",
            "total": 7,
            "valor_unitario": 451059,
            "descuento": 0.31,
            "IVA": 19
        },
        {
            "codigo": "QzGsQeCZuH",
            "total": 20,
            "valor_unitario": 421844,
            "descuento": 0.35,
            "IVA": 19
        },
        {
            "codigo": "QQggirSom3",
            "total": 17,
            "valor_unitario": 27714,
            "descuento": 0.01,
            "IVA": 0
        },
        {
            "codigo": "ojzTnsVvKy",
            "total": 15,
            "valor_unitario": 411661,
            "descuento": 0.03,
            "IVA": 0
        },
        {
            "codigo": "y2Ciwfd9CC",
            "total": 5,
            "valor_unitario": 759523,
            "descuento": 0.29,
            "IVA": 19
        },
        {
            "codigo": "sqDEnNZ8nq",
            "total": 17,
            "valor_unitario": 895510,
            "descuento": 0.09,
            "IVA": 0
        },
        {
            "codigo": "jRnagYU6kE",
            "total": 9,
            "valor_unitario": 905190,
            "descuento": 0.47,
            "IVA": 0
        },
        {
            "codigo": "mNb9qtEKSX",
            "total": 2,
            "valor_unitario": 725943,
            "descuento": 0.42,
            "IVA": 19
        },
        {
            "codigo": "sf4CJZzgAR",
            "total": 12,
            "valor_unitario": 743186,
            "descuento": 0.48,
            "IVA": 19
        },
        {
            "codigo": "sTakN1GvFH",
            "total": 17,
            "valor_unitario": 555098,
            "descuento": 0.24,
            "IVA": 0
        },
        {
            "codigo": "0MGEf3ApMp",
            "total": 9,
            "valor_unitario": 645047,
            "descuento": 0.06,
            "IVA": 5
        },
        {
            "codigo": "68UqX8jOxW",
            "total": 3,
            "valor_unitario": 453966,
            "descuento": 0.39,
            "IVA": 5
        }
    ]
}