{
    "empresa_nit": "123456789",
    "empresa_ciudad": "BARRANQUILLA",
    "empresa_sede": "centro",
    "empresa_nombre": "MicroMercado El Mio",
    "fecha_hora": "2024-12-07 00:37:15",
    "factura_num": "01093",
    "ciente_numero": 909149589,
    "pago_tipo": "EFECTIVO",
    "productos": [
        {
            "codigo": "ns64DXyeX6",
            "total": 20,
            "valor_unitario": 727491,
            "descuento": 0.33,
            "IVA": 5
        },
        {
            "codigo": "j4632VgBE9",
            "total": 13,
            "valor_unitario": 937866,
            "descuento": 0.07,
            "IVA": 19
        },
        {
            "codigo": "4JByT5jfI5",
            "total": 14,
            "valor_unitario": 76622,
            "descuento": 0.13,
            "IVA": 0
        },
        {
            "codigo": "WcY9AiMYEn",
            "total": 4,
            "valor_unitario": 2706,
            "descuento": 0.11,
            "IVA": 19
        }
    ]
}