{
    "empresa_nit": "123456789",
    "empresa_ciudad": "MEDELLIN",
    "empresa_sede": "terminal",
    "empresa_nombre": "MicroMercado El Mio",
    "fecha_hora": "2023-02-05 03:23:29",
    "factura_num": "01210",
    "ciente_numero": 751064570,
    "pago_tipo": "TRANFERENCIA",
    "productos": [
        {
            "codigo": "9kZP4c7Dzm",
            "total": 16,
            "valor_unitario": 665248,
            "descuento": 0.38,
            "IVA": 5
        },
        {
            "codigo": "vxcJStg3ld",
            "total": 4,
            "valor_unitario": 287010,
            "descuento": 0.04,
            "IVA": 0
        },
        {
            "codigo": "1QT7kCrRFC",
            "total": 19,
            "valor_unitario": 895579,
            "descuento": 0.27,
            "IVA": 19
        },
        {
            "codigo": "r7RVBDPE6r",
            "total": 6,
            "valor_unitario": 629112,
            "descuento": 0.42,
            "IVA": 0
        },
        {
            "codigo": "JTFlkI4no0",
            "total": 5,
            "valor_unitario": 376953,
            "descuento": 0.5,
            "IVA": 0
        },
        {
            "codigo": "bDsaBq1kMV",
            "total": 9,
            "valor_unitario": 664597,
            "descuento": 0.46,
            "IVA": 19
        },
        {
            "codigo": "gtshPkJLPP",
            "total": 8,
            "valor_unitario": 220656,
            "descuento": 0.36,
            "IVA": 5
        },
        {
            "codigo": "2IGJBdo2kX",
            "total": 15,
            "valor_unitario": 812019,
            "descuento": 0.5,
            "IVA": 5
        },
        {
            "codigo": "9TiATctTK2",
            "total": 9,
            "valor_unitario": 936547,
            "descuento": 0.18,
            "IVA": 0
        },
        {
            "codigo": "mKpiHfkTb8",
            "total": 4,
            "valor_unitario": 446626,
            "descuento": 0.01,
            "IVA": 5
        },
        {
            "codigo": "L0sfw4AKVn",
            "total": 2,
            "valor_unitario": 87253,
            "descuento": 0.2,
            "IVA": 19
        },
        {
            "codigo": "yjQeHY3628",
            "total": 6,
            "valor_unitario": 427391,
            "descuento": 0.11,
            "IVA": 19
        },
        {
            "codigo": "1kRQqRhpcG",
            "total": 19,
            "valor_unitario": 774176,
            "descuento": 0.33,
            "IVA": 19
        },
        {
            "codigo": "GI4bj24TGH",
            "total": 2,
            "valor_unitario": 114847,
            "descuento": 0.27,
            "IVA": 5
        },
        {
            "codigo": "tfy9wpV2Ov",
            "total": 18,
            "valor_unitario": 504323,
            "descuento": 0.02,
            "IVA": 5
        },
        {
            "codigo": "NPQgkTy5ya",
            "total": 16,
            "valor_unitario": 530944,
            "descuento": 0.36,
            "IVA": 5
        },
        {
            "codigo": "0IPFd254aB",
            "total": 19,
            "valor_unitario": 474148,
            "descuento": 0.05,
            "IVA": 19
        },
        {
            "codigo": "eUShl28v5o",
            "total": 12,
            "valor_unitario": 941534,
            "descuento": 0.4,
            "IVA": 5
        },
        {
            "codigo": "j8sbI5jKMZ",
            "total": 2,
            "valor_unitario": 617701,
            "descuento": 0.35,
            "IVA": 0
        },
        {
            "codigo": "F7KR9UQgqw",
            "total": 6,
            "valor_unitario": 598646,
            "descuento": 0.11,
            "IVA": 19
        }
    ]
}