{
    "empresa_nit": "123456789",
    "empresa_ciudad": "MEDELLIN",
    "empresa_sede": "alcaldia",
    "empresa_nombre": "MicroMercado El Mio",
    "fecha_hora": "2022-12-22 08:26:41",
    "factura_num": "01371",
    "ciente_numero": 544359663,
    "pago_tipo": "TAR.DEBITO",
    "productos": [
        {
            "codigo": "qGU6DTofe4",
            "total": 2,
            "valor_unitario": 184905,
            "descuento": 0.46,
            "IVA": 5
        },
        {
            "codigo": "maoQMXu6LP",
            "total": 2,
            "valor_unitario": 528820,
            "descuento": 0.21,
            "IVA": 0
        },
        {
            "codigo": "7WNrlMYC0A",
            "total": 19,
            "valor_unitario": 141191,
            "descuento": 0.13,
            "IVA": 5
        },
        {
            "codigo": "KYYhTQUMI7",
            "total": 8,
            "valor_unitario": 530659,
            "descuento": 0.31,
            "IVA": 19
        },
        {
            "codigo": "7ICINTXHKQ",
            "total": 15,
            "valor_unitario": 616351,
            "descuento": 0.23,
            "IVA": 5
        },
        {
            "codigo": "MrcoeyyV3K",
            "total": 1,
            "valor_unitario": 311046,
            "descuento": 0.03,
            "IVA": 5
        },
        {
            "codigo": "wrtcutsRKt",
            "total": 20,
            "valor_unitario": 893939,
            "descuento": 0.27,
            "IVA": 5
        },
        {
            "codigo": "QSzAThqOXT",
            "total": 10,
            "valor_unitario": 985533,
            "descuento": 0.03,
            "IVA": 0
        },
        {
            "codigo": "RFHR1rThU4",
            "total": 12,
            "valor_unitario": 167535,
            "descuento": 0.42,
            "IVA": 5
        },
        {
            "codigo": "Qp0t6AQQzT",
            "total": 13,
            "valor_unitario": 734357,
            "descuento": 0.44,
            "IVA": 19
        },
        {
            "codigo": "CRERbBmTnq",
            "total": 6,
            "valor_unitario": 149664,
            "descuento": 0.36,
            "IVA": 5
        },
        {
            "codigo": "swTzuvagqo",
            "total": 15,
            "valor_unitario": 640398,
            "descuento": 0.34,
            "IVA": 19
        },
        {
            "codigo": "aP4L9HPGYx",
            "total": 15,
            "valor_unitario": 184030,
            "descuento": 0.4,
            "IVA": 0
        },
        {
            "codigo": "NpSyeNGCNm",
            "total": 15,
            "valor_unitario": 802151,
            "descuento": 0.41,
            "IVA": 0
        },
        {
            "codigo": "S04CwC58F0",
            "total": 20,
            "valor_unitario": 918773,
            "descuento": 0.49,
            "IVA": 0
        }
    ]
}