{
    "empresa_nit": "123456789",
    "empresa_ciudad": "TUNJA",
    "empresa_sede": "alcaldia",
    "empresa_nombre": "MicroMercado El Mio",
    "fecha_hora": "2023-01-09 15:48:20",
    "factura_num": "01428",
    "ciente_numero": 498674128,
    "pago_tipo": "TAR.DEBITO",
    "productos": [
        {
            "codigo": "xu5ueRFthr",
            "total": 8,
            "valor_unitario": 563893,
            "descuento": 0.04,
            "IVA": 5
        },
        {
            "codigo": "MplzI4r7rP",
            "total": 15,
            "valor_unitario": 824378,
            "descuento": 0.06,
            "IVA": 0
        },
        {
            "codigo": "fH4TQdh7LI",
            "total": 13,
            "valor_unitario": 628564,
            "descuento": 0.1,
            "IVA": 0
        },
        {
            "codigo": "06qWZ0wlsf",
            "total": 16,
            "valor_unitario": 944789,
            "descuento": 0.21,
            "IVA": 19
        }
    ]
}