{
    "empresa_nit": "123456789",
    "empresa_ciudad": "TUNJA",
    "empresa_sede": "plaza",
    "empresa_nombre": "MicroMercado El Mio",
    "fecha_hora": "2021-02-16 16:29:03",
    "factura_num": "01343",
    "ciente_numero": 443196629,
    "pago_tipo": "EFECTIVO",
    "productos": [
        {
            "codigo": "bdvg61NPYd",
            "total": 8,
            "valor_unitario": 526873,
            "descuento": 0.38,
            "IVA": 5
        },
        {
            "codigo": "PhhrmGvHXo",
            "total": 13,
            "valor_unitario": 938323,
            "descuento": 0.48,
            "IVA": 19
        },
        {
            "codigo": "0edpuvpqye",
            "total": 19,
            "valor_unitario": 154762,
            "descuento": 0.18,
            "IVA": 5
        },
        {
            "codigo": "ozHmtOMlGa",
            "total": 5,
            "valor_unitario": 920714,
            "descuento": 0.46,
            "IVA": 19
        },
        {
            "codigo": "GHt8YQoCfn",
            "total": 18,
            "valor_unitario": 504533,
            "descuento": 0.34,
            "IVA": 0
        },
        {
            "codigo": "XZaaBAEV4R",
            "total": 13,
            "valor_unitario": 892126,
            "descuento": 0.01,
            "IVA": 5
        }
    ]
}