{
    "empresa_nit": "123456789",
    "empresa_ciudad": "BOGOTA",
    "empresa_sede": "terminal",
    "empresa_nombre": "MicroMercado El Mio",
    "fecha_hora": "2020-10-10 14:01:16",
    "factura_num": "01334",
    "ciente_numero": 84975773,
    "pago_tipo": "TAR.DEBITO",
    "productos": [
        {
            "codigo": "moyXnayWMk",
            "total": 11,
            "valor_unitario": 756844,
            "descuento": 0.31,
            "IVA": 19
        },
        {
            "codigo": "OWKfqzI18z",
            "total": 18,
            "valor_unitario": 514268,
            "descuento": 0.09,
            "IVA": 19
        },
        {
            "codigo": "Sit361rpsT",
            "total": 4,
            "valor_unitario": 595924,
            "descuento": 0.37,
            "IVA": 5
        },
        {
            "codigo": "cmEvmZSiX6",
            "total": 9,
            "valor_unitario": 997911,
            "descuento": 0.08,
            "IVA": 5
        },
        {
            "codigo": "pfPQuHJHVs",
            "total": 14,
            "valor_unitario": 707408,
            "descuento": 0.49,
            "IVA": 19
        },
        {
            "codigo": "ExBZ5o8arj",
            "total": 17,
            "valor_unitario": 692440,
            "descuento": 0.49,
            "IVA": 5
        },
        {
            "codigo": "wMHlcXfKAK",
            "total": 9,
            "valor_unitario": 589462,
            "descuento": 0.23,
            "IVA": 19
        },
        {
            "codigo": "kKtUlxT5Yi",
            "total": 6,
            "valor_unitario": 525370,
            "descuento": 0.3,
            "IVA": 19
        },
        {
            "codigo": "TsHIBMSdsU",
            "total": 18,
            "valor_unitario": 836930,
            "descuento": 0.28,
            "IVA": 19
        }
    ]
}