{
    "empresa_nit": "123456789",
    "empresa_ciudad": "CALI",
    "empresa_sede": "autopista",
    "empresa_nombre": "MicroMercado El Mio",
    "fecha_hora": "2023-04-29 01:33:11",
    "factura_num": "01122",
    "ciente_numero": 368350809,
    "pago_tipo": "TRANFERENCIA",
    "productos": [
        {
            "codigo": "38vP5S6mqy",
            "total": 17,
            "valor_unitario": 680150,
            "descuento": 0.47,
            "IVA": 19
        },
        {
            "codigo": "XnuAKTzT7u",
            "total": 19,
            "valor_unitario": 943162,
            "descuento": 0.39,
            "IVA": 5
        },
        {
            "codigo": "kubTzJLr2F",
            "total": 17,
            "valor_unitario": 583042,
            "descuento": 0.2,
            "IVA": 0
        },
        {
            "codigo": "Slz3fHfWQ7",
            "total": 14,
            "valor_unitario": 852826,
            "descuento": 0.31,
            "IVA": 19
        },
        {
            "codigo": "oEAAmvYfeZ",
            "total": 16,
            "valor_unitario": 877781,
            "descuento": 0.04,
            "IVA": 5
        },
        {
            "codigo": "wwRkUMUvJD",
            "total": 13,
            "valor_unitario": 353711,
            "descuento": 0.43,
            "IVA": 0
        }
    ]
}