{
    "empresa_nit": "123456789",
    "empresa_ciudad": "CALI",
    "empresa_sede": "centro",
    "empresa_nombre": "MicroMercado El Mio",
    "fecha_hora": "2022-12-24 03:34:04",
    "factura_num": "01219",
    "ciente_numero": 29002476,
    "pago_tipo": "TAR.DEBITO",
    "productos": [
        {
            "codigo": "BvCUJBOUol",
            "total": 8,
            "valor_unitario": 855519,
            "descuento": 0.29,
            "IVA": 19
        },
        {
            "codigo": "DUpzxDtXg7",
            "total": 1,
            "valor_unitario": 95532,
            "descuento": 0.34,
            "IVA": 19
        },
        {
            "codigo": "Q8pLIY3HKZ",
            "total": 10,
            "valor_unitario": 159182,
            "descuento": 0.07,
            "IVA": 0
        },
        {
            "codigo": "9OXopLP12p",
            "total": 9,
            "valor_unitario": 290639,
            "descuento": 0.3,
            "IVA": 5
        },
        {
            "codigo": "qEPsBwUlyH",
            "total": 18,
            "valor_unitario": 382453,
            "descuento": 0.22,
            "IVA": 0
        },
        {
            "codigo": "E6QTNSAIpL",
            "total": 8,
            "valor_unitario": 327798,
            "descuento": 0.24,
            "IVA": 19
        },
        {
            "codigo": "yyHYMQ8qpq",
            "total": 7,
            "valor_unitario": 817217,
            "descuento": 0.01,
            "IVA": 19
        },
        {
            "codigo": "SRQztXatgH",
            "total": 13,
            "valor_unitario": 636721,
            "descuento": 0.1,
            "IVA": 5
        },
        {
            "codigo": "JhKECTcv1O",
            "total": 7,
            "valor_unitario": 798904,
            "descuento": 0.41,
            "IVA": 5
        },
        {
            "codigo": "7VUuiU6HfV",
            "total": 11,
            "valor_unitario": 920115,
            "descuento": 0.22,
            "IVA": 0
        },
        {
            "codigo": "N0LktHhLpn",
            "total": 8,
            "valor_unitario": 859938,
            "descuento": 0.49,
            "IVA": 19
        },
        {
            "codigo": "E3CLMqUrmX",
            "total": 20,
            "valor_unitario": 748409,
            "descuento": 0.34,
            "IVA": 19
        },
        {
            "codigo": "VANWr0xohT",
            "total": 13,
            "valor_unitario": 632486,
            "descuento": 0.1,
            "IVA": 5
        },
        {
            "codigo": "cBCn1tZXwS",
            "total": 16,
            "valor_unitario": 683048,
            "descuento": 0.33,
            "IVA": 19
        },
        {
            "codigo": "NSrFI5taWd",
            "total": 10,
            "valor_unitario": 192261,
            "descuento": 0.31,
            "IVA": 0
        },
        {
            "codigo": "n7bBsmuLw8",
            "total": 13,
            "valor_unitario": 923981,
            "descuento": 0.29,
            "IVA": 19
        }
    ]
}