{
    "empresa_nit": "123456789",
    "empresa_ciudad": "MEDELLIN",
    "empresa_sede": "centro",
    "empresa_nombre": "MicroMercado El Mio",
    "fecha_hora": "2022-01-13 16:01:09",
    "factura_num": "01135",
    "ciente_numero": 721836824,
    "pago_tipo": "TRANFERENCIA",
    "productos": [
        {
            "codigo": "zdAEJqvDRr",
            "total": 8,
            "valor_unitario": 140052,
            "descuento": 0.06,
            "IVA": 5
        },
        {
            "codigo": "pr7uAhGXnK",
            "total": 15,
            "valor_unitario": 401845,
            "descuento": 0.39,
            "IVA": 0
        },
        {
            "codigo": "zckFVEtV0b",
            "total": 14,
            "valor_unitario": 582491,
            "descuento": 0.31,
            "IVA": 19
        },
        {
            "codigo": "yQK3KImFZj",
            "total": 1,
            "valor_unitario": 810698,
            "descuento": 0.49,
            "IVA": 19
        },
        {
            "codigo": "kufOgU4sTd",
            "total": 5,
            "valor_unitario": 303463,
            "descuento": 0.15,
            "IVA": 0
        },
        {
            "codigo": "DLHORVbgXh",
            "total": 15,
            "valor_unitario": 810787,
            "descuento": 0.47,
            "IVA": 5
        },
        {
            "codigo": "TnpAdeJDCa",
            "total": 1,
            "valor_unitario": 839049,
            "descuento": 0.15,
            "IVA": 0
        },
        {
            "codigo": "Y7l8LLT4qX",
            "total": 14,
            "valor_unitario": 365396,
            "descuento": 0.17,
            "IVA": 5
        },
        {
            "codigo": "I89lEI4Dt1",
            "total": 14,
            "valor_unitario": 482064,
            "descuento": 0.09,
            "IVA": 19
        },
        {
            "codigo": "pFQibST8dO",
            "total": 4,
            "valor_unitario": 96500,
            "descuento": 0.17,
            "IVA": 5
        },
        {
            "codigo": "3Y5e0wnD14",
            "total": 2,
            "valor_unitario": 76694,
            "descuento": 0.38,
            "IVA": 19
        },
        {
            "codigo": "xiNV4L9zVx",
            "total": 17,
            "valor_unitario": 384667,
            "descuento": 0.01,
            "IVA": 5
        },
        {
            "codigo": "TyJeRTE5eV",
            "total": 11,
            "valor_unitario": 652164,
            "descuento": 0.18,
            "IVA": 5
        },
        {
            "codigo": "N7Jc6bMT1O",
            "total": 16,
            "valor_unitario": 880331,
            "descuento": 0.02,
            "IVA": 5
        }
    ]
}