{
    "empresa_nit": "123456789",
    "empresa_ciudad": "MEDELLIN",
    "empresa_sede": "terminal",
    "empresa_nombre": "MicroMercado El Mio",
    "fecha_hora": "2024-09-28 00:27:51",
    "factura_num": "01097",
    "ciente_numero": 887002880,
    "pago_tipo": "TRANFERENCIA",
    "productos": [
        {
            "codigo": "5Nywjk1uIt",
            "total": 14,
            "valor_unitario": 158704,
            "descuento": 0.18,
            "IVA": 0
        },
        {
            "codigo": "L83TSZcKFV",
            "total": 8,
            "valor_unitario": 965000,
            "descuento": 0.44,
            "IVA": 5
        },
        {
            "codigo": "Igfa7TYoIJ",
            "total": 12,
            "valor_unitario": 125630,
            "descuento": 0.42,
            "IVA": 5
        },
        {
            "codigo": "O6lc4DFe4x",
            "total": 13,
            "valor_unitario": 642845,
            "descuento": 0.01,
            "IVA": 5
        },
        {
            "codigo": "SX7hGxvnoE",
            "total": 5,
            "valor_unitario": 108758,
            "descuento": 0.29,
            "IVA": 0
        },
        {
            "codigo": "d7FYOJKnhb",
            "total": 6,
            "valor_unitario": 277313,
            "descuento": 0.33,
            "IVA": 5
        },
        {
            "codigo": "tnS7B8H5eX",
            "total": 12,
            "valor_unitario": 329613,
            "descuento": 0.03,
            "IVA": 5
        },
        {
            "codigo": "hdsXugHYqy",
            "total": 1,
            "valor_unitario": 973998,
            "descuento": 0.16,
            "IVA": 19
        },
        {
            "codigo": "nw1CXveYCE",
            "total": 19,
            "valor_unitario": 851415,
            "descuento": 0.37,
            "IVA": 0
        },
        {
            "codigo": "F4pP5thwbd",
            "total": 11,
            "valor_unitario": 361802,
            "descuento": 0.17,
            "IVA": 19
        },
        {
            "codigo": "HBoyiy70OA",
            "total": 11,
            "valor_unitario": 525991,
            "descuento": 0.42,
            "IVA": 5
        },
        {
            "codigo": "2iZ6aY4eFH",
            "total": 14,
            "valor_unitario": 54028,
            "descuento": 0.25,
            "IVA": 5
        },
        {
            "codigo": "XUOqYu0KzZ",
            "total": 14,
            "valor_unitario": 735284,
            "descuento": 0.35,
            "IVA": 0
        },
        {
            "codigo": "3Aq7yBjQxU",
            "total": 8,
            "valor_unitario": 843147,
            "descuento": 0.47,
            "IVA": 19
        },
        {
            "codigo": "yKzIeyHNTh",
            "total": 14,
            "valor_unitario": 227570,
            "descuento": 0.29,
            "IVA": 19
        },
        {
            "codigo": "LKY4QS85iq",
            "total": 12,
            "valor_unitario": 503626,
            "descuento": 0.26,
            "IVA": 19
        },
        {
            "codigo": "ErXiTjwc5h",
            "total": 15,
            "valor_unitario": 324882,
            "descuento": 0.4,
            "IVA": 19
        },
        {
            "codigo": "jM5RSuEWts",
            "total": 4,
            "valor_unitario": 6854,
            "descuento": 0.1,
            "IVA": 0
        },
        {
            "codigo": "WnP5XzwHyC",
            "total": 15,
            "valor_unitario": 943510,
            "descuento": 0.41,
            "IVA": 0
        },
        {
            "codigo": "g3XIfR0BuA",
            "total": 10,
            "valor_unitario": 596964,
            "descuento": 0.25,
            "IVA": 5
        }
    ]
}