{
    "empresa_nit": "123456789",
    "empresa_ciudad": "MEDELLIN",
    "empresa_sede": "plaza",
    "empresa_nombre": "MicroMercado El Mio",
    "fecha_hora": "2021-02-05 06:52:36",
    "factura_num": "00110",
    "ciente_numero": 902900903,
    "pago_tipo": "TAR.CREDITO",
    "productos": [
        {
            "codigo": "X4wRtXpQHB",
            "total": 4,
            "valor_unitario": 403225,
            "descuento": 0.29,
            "IVA": 5
        },
        {
            "codigo": "0Z4RgKiWpY",
            "total": 16,
            "valor_unitario": 119427,
            "descuento": 0.35,
            "IVA": 0
        },
        {
            "codigo": "PUDzppXDIh",
            "total": 8,
            "valor_unitario": 993121,
            "descuento": 0.04,
            "IVA": 19
        },
        {
            "codigo": "osUtaA9b1I",
            "total": 7,
            "valor_unitario": 790642,
            "descuento": 0.17,
            "IVA": 19
        },
        {
            "codigo": "0wgjr4dQla",
            "total": 5,
            "valor_unitario": 959732,
            "descuento": 0.28,
            "IVA": 5
        },
        {
            "codigo": "HhmPD7GLF5",
            "total": 10,
            "valor_unitario": 202988,
            "descuento": 0.24,
            "IVA": 5
        },
        {
            "codigo": "aPehRSacQZ",
            "total": 8,
            "valor_unitario": 826069,
            "descuento": 0.18,
            "IVA": 5
        },
        {
            "codigo": "6dfqgpFaLd",
            "total": 18,
            "valor_unitario": 775705,
            "descuento": 0.47,
            "IVA": 5
        },
        {
            "codigo": "tacTo4X4vw",
            "total": 6,
            "valor_unitario": 306535,
            "descuento": 0.34,
            "IVA": 19
        },
        {
            "codigo": "q1plJb5OKf",
            "total": 2,
            "valor_unitario": 567614,
            "descuento": 0.26,
            "IVA": 19
        },
        {
            "codigo": "KBBzifqQYQ",
            "total": 20,
            "valor_unitario": 955911,
            "descuento": 0.24,
            "IVA": 0
        },
        {
            "codigo": "Aeq0UJMxwY",
            "total": 20,
            "valor_unitario": 902748,
            "descuento": 0.04,
            "IVA": 19
        }
    ]
}