{
    "empresa_nit": "123456789",
    "empresa_ciudad": "MEDELLIN",
    "empresa_sede": "aeropuerto",
    "empresa_nombre": "MicroMercado El Mio",
    "fecha_hora": "2022-07-23 17:27:52",
    "factura_num": "01199",
    "ciente_numero": 907624725,
    "pago_tipo": "TAR.CREDITO",
    "productos": [
        {
            "codigo": "M62oOqHRLD",
            "total": 16,
            "valor_unitario": 978704,
            "descuento": 0.05,
            "IVA": 19
        },
        {
            "codigo": "lhfcyOA3oc",
            "total": 14,
            "valor_unitario": 904413,
            "descuento": 0.45,
            "IVA": 0
        },
        {
            "codigo": "W9YNmgOCWf",
            "total": 2,
            "valor_unitario": 6674,
            "descuento": 0.44,
            "IVA": 0
        },
        {
            "codigo": "JunMC35C3e",
            "total": 7,
            "valor_unitario": 410772,
            "descuento": 0.36,
            "IVA": 19
        },
        {
            "codigo": "9TdYFMFbGo",
            "total": 17,
            "valor_unitario": 166075,
            "descuento": 0.16,
            "IVA": 0
        },
        {
            "codigo": "BHRoED53L7",
            "total": 16,
            "valor_unitario": 61219,
            "descuento": 0.11,
            "IVA": 0
        },
        {
            "codigo": "6o4pTrDSW2",
            "total": 5,
            "valor_unitario": 827417,
            "descuento": 0.43,
            "IVA": 19
        },
        {
            "codigo": "FAv8KXIbCh",
            "total": 19,
            "valor_unitario": 730327,
            "descuento": 0.39,
            "IVA": 0
        },
        {
            "codigo": "1KQ0fWdzIW",
            "total": 13,
            "valor_unitario": 645948,
            "descuento": 0.34,
            "IVA": 5
        },
        {
            "codigo": "EbokySM8zf",
            "total": 10,
            "valor_unitario": 739695,
            "descuento": 0.01,
            "IVA": 0
        },
        {
            "codigo": "j6UmISD4R0",
            "total": 6,
            "valor_unitario": 566986,
            "descuento": 0.48,
            "IVA": 5
        },
        {
            "codigo": "pHCqD1wTTK",
            "total": 19,
            "valor_unitario": 595305,
            "descuento": 0.05,
            "IVA": 19
        },
        {
            "codigo": "VPFErpVsXn",
            "total": 11,
            "valor_unitario": 222313,
            "descuento": 0.49,
            "IVA": 0
        },
        {
            "codigo": "vnumuoj5c8",
            "total": 10,
            "valor_unitario": 115264,
            "descuento": 0.28,
            "IVA": 19
        },
        {
            "codigo": "l8kSprTclu",
            "total": 17,
            "valor_unitario": 441884,
            "descuento": 0.47,
            "IVA": 0
        },
        {
            "codigo": "TrYmVHTm3B",
            "total": 4,
            "valor_unitario": 506577,
            "descuento": 0.27,
            "IVA": 5
        },
        {
            "codigo": "BfScE2kn7t",
            "total": 11,
            "valor_unitario": 190861,
            "descuento": 0.31,
            "IVA": 0
        },
        {
            "codigo": "84ZD4EKVFC",
            "total": 2,
            "valor_unitario": 867710,
            "descuento": 0.44,
            "IVA": 19
        }
    ]
}