{
    "empresa_nit": "123456789",
    "empresa_ciudad": "TUNJA",
    "empresa_sede": "aeropuerto",
    "empresa_nombre": "MicroMercado El Mio",
    "fecha_hora": "2025-01-21 05:12:20",
    "factura_num": "01195",
    "ciente_numero": 821728735,
    "pago_tipo": "EFECTIVO",
    "productos": [
        {
            "codigo": "98V8oyPxrK",
            "total": 19,
            "valor_unitario": 528066,
            "descuento": 0.11,
            "IVA": 5
        },
        {
            "codigo": "v714ZCMQDf",
            "total": 12,
            "valor_unitario": 960673,
            "descuento": 0.12,
            "IVA": 19
        },
        {
            "codigo": "MmOlDbXH6Z",
            "total": 9,
            "valor_unitario": 773950,
            "descuento": 0.27,
            "IVA": 0
        },
        {
            "codigo": "vuXRYsCbUw",
            "total": 9,
            "valor_unitario": 110162,
            "descuento": 0.38,
            "IVA": 0
        },
        {
            "codigo": "dnejkLKt0B",
            "total": 4,
            "valor_unitario": 913219,
            "descuento": 0.34,
            "IVA": 0
        },
        {
            "codigo": "Q62B613Ggx",
            "total": 20,
            "valor_unitario": 679077,
            "descuento": 0.39,
            "IVA": 5
        },
        {
            "codigo": "NLWNtqx5Yi",
            "total": 5,
            "valor_unitario": 665319,
            "descuento": 0.2,
            "IVA": 5
        },
        {
            "codigo": "T6IpmhiY5f",
            "total": 2,
            "valor_unitario": 961815,
            "descuento": 0.19,
            "IVA": 0
        },
        {
            "codigo": "4x0T0IpnHn",
            "total": 6,
            "valor_unitario": 42001,
            "descuento": 0.14,
            "IVA": 0
        },
        {
            "codigo": "XJ9TVlc9za",
            "total": 1,
            "valor_unitario": 787688,
            "descuento": 0.22,
            "IVA": 19
        },
        {
            "codigo": "y6BsJTSznM",
            "total": 20,
            "valor_unitario": 359034,
            "descuento": 0.45,
            "IVA": 0
        },
        {
            "codigo": "0qijFPp0pE",
            "total": 13,
            "valor_unitario": 90366,
            "descuento": 0.09,
            "IVA": 5
        },
        {
            "codigo": "D7k1C3aXqs",
            "total": 7,
            "valor_unitario": 885987,
            "descuento": 0.09,
            "IVA": 5
        },
        {
            "codigo": "Q6I9KyN8Oc",
            "total": 3,
            "valor_unitario": 19853,
            "descuento": 0.09,
            "IVA": 5
        },
        {
            "codigo": "xJpwCmHL3o",
            "total": 8,
            "valor_unitario": 987729,
            "descuento": 0.0,
            "IVA": 0
        },
        {
            "codigo": "80qNILj4Zx",
            "total": 5,
            "valor_unitario": 498773,
            "descuento": 0.19,
            "IVA": 19
        },
        {
            "codigo": "VzSiUeoE4A",
            "total": 10,
            "valor_unitario": 420403,
            "descuento": 0.25,
            "IVA": 5
        }
    ]
}