{
    "empresa_nit": "123456789",
    "empresa_ciudad": "TUNJA",
    "empresa_sede": "aeropuerto",
    "empresa_nombre": "MicroMercado El Mio",
    "fecha_hora": "2022-11-04 17:23:46",
    "factura_num": "01270",
    "ciente_numero": 547008973,
    "pago_tipo": "TRANFERENCIA",
    "productos": [
        {
            "codigo": "wc2PUGzVuY",
            "total": 4,
            "valor_unitario": 4021,
            "descuento": 0.28,
            "IVA": 0
        },
        {
            "codigo": "2u8bnye2Cv",
            "total": 20,
            "valor_unitario": 230053,
            "descuento": 0.27,
            "IVA": 0
        },
        {
            "codigo": "P37WUD5Fpy",
            "total": 17,
            "valor_unitario": 312636,
            "descuento": 0.15,
            "IVA": 0
        },
        {
            "codigo": "NJKmShRUKa",
            "total": 12,
            "valor_unitario": 345501,
            "descuento": 0.33,
            "IVA": 19
        },
        {
            "codigo": "wmNIXeMhHN",
            "total": 9,
            "valor_unitario": 154692,
            "descuento": 0.36,
            "IVA": 19
        },
        {
            "codigo": "4TC9sM5Nii",
            "total": 14,
            "valor_unitario": 574968,
            "descuento": 0.33,
            "IVA": 0
        },
        {
            "codigo": "VBNM8ycsNL",
            "total": 8,
            "valor_unitario": 246083,
            "descuento": 0.41,
            "IVA": 19
        },
        {
            "codigo": "oAQT10tnrK",
            "total": 3,
            "valor_unitario": 776894,
            "descuento": 0.29,
            "IVA": 0
        },
        {
            "codigo": "5A175cJFse",
            "total": 14,
            "valor_unitario": 261645,
            "descuento": 0.1,
            "IVA": 19
        },
        {
            "codigo": "6KJzL4A70x",
            "total": 19,
            "valor_unitario": 759794,
            "descuento": 0.23,
            "IVA": 0
        },
        {
            "codigo": "cwBrFk6xOo",
            "total": 9,
            "valor_unitario": 908635,
            "descuento": 0.23,
            "IVA": 0
        },
        {
            "codigo": "8Chu9Q5smq",
            "total": 13,
            "valor_unitario": 108475,
            "descuento": 0.08,
            "IVA": 19
        },
        {
            "codigo": "yCodlUMYne",
            "total": 11,
            "valor_unitario": 90331,
            "descuento": 0.23,
            "IVA": 0
        },
        {
            "codigo": "LDv1OzIzMU",
            "total": 9,
            "valor_unitario": 59457,
            "descuento": 0.18,
            "IVA": 19
        },
        {
            "codigo": "GbNgefwSZm",
            "total": 16,
            "valor_unitario": 144279,
            "descuento": 0.48,
            "IVA": 5
        },
        {
            "codigo": "LvVT1rgJf6",
            "total": 14,
            "valor_unitario": 138664,
            "descuento": 0.48,
            "IVA": 0
        },
        {
            "codigo": "4a1Ql6zmX5",
            "total": 18,
            "valor_unitario": 485888,
            "descuento": 0.25,
            "IVA": 5
        },
        {
            "codigo": "ORoOLrI5KJ",
            "total": 9,
            "valor_unitario": 523736,
            "descuento": 0.38,
            "IVA": 19
        },
        {
            "codigo": "MdvqlFzEN0",
            "total": 12,
            "valor_unitario": 384300,
            "descuento": 0.21,
            "IVA": 0
        },
        {
            "codigo": "FYvG3osTaM",
            "total": 18,
            "valor_unitario": 816640,
            "descuento": 0.17,
            "IVA": 5
        }
    ]
}