{
    "empresa_nit": "123456789",
    "empresa_ciudad": "BOGOTA",
    "empresa_sede": "centro",
    "empresa_nombre": "MicroMercado El Mio",
    "fecha_hora": "2021-09-08 08:37:55",
    "factura_num": "01052",
    "ciente_numero": 741026322,
    "pago_tipo": "TAR.DEBITO",
    "productos": [
        {
            "codigo": "PDCgdTQWg0",
            "total": 5,
            "valor_unitario": 847184,
            "descuento": 0.06,
            "IVA": 5
        },
        {
            "codigo": "fNfsE3bqcw",
            "total": 6,
            "valor_unitario": 645936,
            "descuento": 0.12,
            "IVA": 5
        },
        {
            "codigo": "TrAHmAvD0B",
            "total": 16,
            "valor_unitario": 766235,
            "descuento": 0.14,
            "IVA": 19
        },
        {
            "codigo": "tpf2iX5hNY",
            "total": 17,
            "valor_unitario": 231428,
            "descuento": 0.26,
            "IVA": 0
        },
        {
            "codigo": "Pb3HTIaJAL",
            "total": 2,
            "valor_unitario": 877255,
            "descuento": 0.35,
            "IVA": 0
        },
        {
            "codigo": "z2rWeuV4Jp",
            "total": 20,
            "valor_unitario": 394406,
            "descuento": 0.46,
            "IVA": 19
        },
        {
            "codigo": "JhylzKGPzs",
            "total": 12,
            "valor_unitario": 804435,
            "descuento": 0.16,
            "IVA": 19
        },
        {
            "codigo": "GGCLwDc4NX",
            "total": 3,
            "valor_unitario": 375187,
            "descuento": 0.13,
            "IVA": 5
        },
        {
            "codigo": "1skqPAz70A",
            "total": 6,
            "valor_unitario": 676298,
            "descuento": 0.35,
            "IVA": 19
        },
        {
            "codigo": "MPKvQI2Uxh",
            "total": 2,
            "valor_unitario": 420667,
            "descuento": 0.4,
            "IVA": 5
        },
        {
            "codigo": "JnVoAC4eel",
            "total": 4,
            "valor_unitario": 377655,
            "descuento": 0.27,
            "IVA": 5
        },
        {
            "codigo": "ms9qzpUc5Q",
            "total": 4,
            "valor_unitario": 151448,
            "descuento": 0.21,
            "IVA": 0
        },
        {
            "codigo": "HzIAljwZHQ",
            "total": 7,
            "valor_unitario": 584968,
            "descuento": 0.08,
            "IVA": 5
        },
        {
            "codigo": "pdtjTq8Gjz",
            "total": 15,
            "valor_unitario": 837728,
            "descuento": 0.39,
            "IVA": 19
        }
    ]
}