{
    "empresa_nit": "123456789",
    "empresa_ciudad": "BOGOTA",
    "empresa_sede": "autopista",
    "empresa_nombre": "MicroMercado El Mio",
    "fecha_hora": "2023-03-26 15:51:56",
    "factura_num": "00011",
    "ciente_numero": 112994508,
    "pago_tipo": "TRANFERENCIA",
    "productos": [
        {
            "codigo": "ebk4ha5Q9Q",
            "total": 18,
            "valor_unitario": 316612,
            "descuento": 0.05,
            "IVA": 5
        },
        {
            "codigo": "XCTcXBg1xX",
            "total": 4,
            "valor_unitario": 998573,
            "descuento": 0.4,
            "IVA": 0
        },
        {
            "codigo": "fYGVIxzYzE",
            "total": 4,
            "valor_unitario": 891082,
            "descuento": 0.32,
            "IVA": 5
        },
        {
            "codigo": "8p709hWJZB",
            "total": 10,
            "valor_unitario": 282583,
            "descuento": 0.1,
            "IVA": 19
        },
        {
            "codigo": "or3I4IoSys",
            "total": 2,
            "valor_unitario": 978740,
            "descuento": 0.33,
            "IVA": 0
        },
        {
            "codigo": "oxioFXtaGR",
            "total": 6,
            "valor_unitario": 900303,
            "descuento": 0.08,
            "IVA": 5
        },
        {
            "codigo": "aV8DQ328dC",
            "total": 15,
            "valor_unitario": 760455,
            "descuento": 0.48,
            "IVA": 19
        },
        {
            "codigo": "gUNCe64dMD",
            "total": 5,
            "valor_unitario": 465734,
            "descuento": 0.27,
            "IVA": 0
        },
        {
            "codigo": "OQWcdRLN5i",
            "total": 12,
            "valor_unitario": 720503,
            "descuento": 0.01,
            "IVA": 5
        },
        {
            "codigo": "zYZbLOVYZC",
            "total": 16,
            "valor_unitario": 628973,
            "descuento": 0.01,
            "IVA": 5
        },
        {
            "codigo": "Qc083Jg3aC",
            "total": 1,
            "valor_unitario": 494515,
            "descuento": 0.11,
            "IVA": 5
        }
    ]
}