{
    "empresa_nit": "123456789",
    "empresa_ciudad": "TUNJA",
    "empresa_sede": "plaza",
    "empresa_nombre": "MicroMercado El Mio",
    "fecha_hora": "2023-04-29 06:30:51",
    "factura_num": "01152",
    "ciente_numero": 908093163,
    "pago_tipo": "TAR.DEBITO",
    "productos": [
        {
            "codigo": "iYdhTLdwPN",
            "total": 17,
            "valor_unitario": 246252,
            "descuento": 0.35,
            "IVA": 5
        },
        {
            "codigo": "eufWx3iryN",
            "total": 10,
            "valor_unitario": 813297,
            "descuento": 0.23,
            "IVA": 5
        },
        {
            "codigo": "ZMrK3muWJv",
            "total": 19,
            "valor_unitario": 81341,
            "descuento": 0.2,
            "IVA": 19
        },
        {
            "codigo": "cX1HpPV8lm",
            "total": 18,
            "valor_unitario": 20214,
            "descuento": 0.07,
            "IVA": 5
        },
        {
            "codigo": "ipXO30qH8D",
            "total": 13,
            "valor_unitario": 832382,
            "descuento": 0.04,
            "IVA": 19
        },
        {
            "codigo": "aCNaW0aDkm",
            "total": 15,
            "valor_unitario": 948208,
            "descuento": 0.19,
            "IVA": 19
        },
        {
            "codigo": "Yj0XmlbD3I",
            "total": 15,
            "valor_unitario": 984762,
            "descuento": 0.46,
            "IVA": 19
        }
    ]
}