{
    "empresa_nit": "123456789",
    "empresa_ciudad": "BARRANQUILLA",
    "empresa_sede": "plaza",
    "empresa_nombre": "MicroMercado El Mio",
    "fecha_hora": "2021-04-26 00:26:36",
    "factura_num": "01344",
    "ciente_numero": 817464231,
    "pago_tipo": "TRANFERENCIA",
    "productos": [
        {
            "codigo": "dbVKSJ1Bjd",
            "total": 11,
            "valor_unitario": 45391,
            "descuento": 0.2,
            "IVA": 0
        },
        {
            "codigo": "iHZfvJTCRh",
            "total": 9,
            "valor_unitario": 647242,
            "descuento": 0.36,
            "IVA": 0
        },
        {
            "codigo": "Zg0NGA4wkT",
            "total": 2,
            "valor_unitario": 983404,
            "descuento": 0.33,
            "IVA": 19
        },
        {
            "codigo": "myfukKyHPn",
            "total": 15,
            "valor_unitario": 516677,
            "descuento": 0.36,
            "IVA": 19
        },
        {
            "codigo": "jMsDkyseal",
            "total": 9,
            "valor_unitario": 794301,
            "descuento": 0.0,
            "IVA": 0
        },
        {
            "codigo": "XgqC0kEaPq",
            "total": 8,
            "valor_unitario": 667578,
            "descuento": 0.34,
            "IVA": 0
        },
        {
            "codigo": "22Rbzjrtsk",
            "total": 18,
            "valor_unitario": 875334,
            "descuento": 0.29,
            "IVA": 0
        },
        {
            "codigo": "XSsvPsIzSj",
            "total": 8,
            "valor_unitario": 804139,
            "descuento": 0.06,
            "IVA": 0
        },
        {
            "codigo": "Rjrfu7xNWC",
            "total": 19,
            "valor_unitario": 491177,
            "descuento": 0.45,
            "IVA": 5
        },
        {
            "codigo": "CKuXzIn0Ob",
            "total": 20,
            "valor_unitario": 237660,
            "descuento": 0.47,
            "IVA": 0
        },
        {
            "codigo": "z24M3DnqDL",
            "total": 10,
            "valor_unitario": 192984,
            "descuento": 0.19,
            "IVA": 19
        },
        {
            "codigo": "FyukWSr1GK",
            "total": 16,
            "valor_unitario": 271155,
            "descuento": 0.29,
            "IVA": 0
        },
        {
            "codigo": "8YLBA4TVUH",
            "total": 2,
            "valor_unitario": 560199,
            "descuento": 0.22,
            "IVA": 5
        },
        {
            "codigo": "yyLsWpHVtM",
            "total": 11,
            "valor_unitario": 513359,
            "descuento": 0.21,
            "IVA": 5
        },
        {
            "codigo": "JtAseoDua9",
            "total": 14,
            "valor_unitario": 853791,
            "descuento": 0.3,
            "IVA": 19
        },
        {
            "codigo": "5XoVjw1yqO",
            "total": 10,
            "valor_unitario": 645479,
            "descuento": 0.22,
            "IVA": 19
        }
    ]
}