{
    "empresa_nit": "123456789",
    "empresa_ciudad": "BARRANQUILLA",
    "empresa_sede": "alcaldia",
    "empresa_nombre": "MicroMercado El Mio",
    "fecha_hora": "2020-02-19 22:15:26",
    "factura_num": "01056",
    "ciente_numero": 385393838,
    "pago_tipo": "EFECTIVO",
    "productos": [
        {
            "codigo": "5NqWwSdLXH",
            "total": 9,
            "valor_unitario": 953852,
            "descuento": 0.17,
            "IVA": 0
        },
        {
            "codigo": "Oz3AulJM1t",
            "total": 14,
            "valor_unitario": 477663,
            "descuento": 0.11,
            "IVA": 19
        },
        {
            "codigo": "Q8WKDt1STt",
            "total": 17,
            "valor_unitario": 586854,
            "descuento": 0.32,
            "IVA": 0
        },
        {
            "codigo": "qv89MajbCp",
            "total": 3,
            "valor_unitario": 604868,
            "descuento": 0.48,
            "IVA": 19
        },
        {
            "codigo": "p3QbLr5Bdb",
            "total": 1,
            "valor_unitario": 373512,
            "descuento": 0.46,
            "IVA": 0
        },
        {
            "codigo": "zi3XKKJvRO",
            "total": 20,
            "valor_unitario": 713392,
            "descuento": 0.11,
            "IVA": 0
        },
        {
            "codigo": "5CCNzx53LD",
            "total": 3,
            "valor_unitario": 327185,
            "descuento": 0.18,
            "IVA": 0
        }
    ]
}