{
    "empresa_nit": "123456789",
    "empresa_ciudad": "TUNJA",
    "empresa_sede": "plaza",
    "empresa_nombre": "MicroMercado El Mio",
    "fecha_hora": "2022-02-02 16:32:08",
    "factura_num": "01188",
    "ciente_numero": 28629783,
    "pago_tipo": "TAR.DEBITO",
    "productos": [
        {
            "codigo": "sNa25jGUvC",
            "total": 2,
            "valor_unitario": 512202,
            "descuento": 0.43,
            "IVA": 0
        },
        {
            "codigo": "BO3BjWClGy",
            "total": 3,
            "valor_unitario": 397987,
            "descuento": 0.33,
            "IVA": 19
        },
        {
            "codigo": "jQrVRy0xYl",
            "total": 12,
            "valor_unitario": 604209,
            "descuento": 0.09,
            "IVA": 5
        },
        {
            "codigo": "a4qUfbD8oQ",
            "total": 19,
            "valor_unitario": 133710,
            "descuento": 0.21,
            "IVA": 5
        },
        {
            "codigo": "g1A7C4r9Sq",
            "total": 15,
            "valor_unitario": 486029,
            "descuento": 0.08,
            "IVA": 19
        },
        {
            "codigo": "cJFQRX8FzB",
            "total": 17,
            "valor_unitario": 280078,
            "descuento": 0.12,
            "IVA": 0
        },
        {
            "codigo": "OqIG2DeTPL",
            "total": 12,
            "valor_unitario": 389191,
            "descuento": 0.0,
            "IVA": 5
        },
        {
            "codigo": "pVXOdHWAVh",
            "total": 16,
            "valor_unitario": 591788,
            "descuento": 0.4,
            "IVA": 5
        },
        {
            "codigo": "3eqBx1Ti7q",
            "total": 4,
            "valor_unitario": 420006,
            "descuento": 0.19,
            "IVA": 0
        },
        {
            "codigo": "TZrLO59Z2V",
            "total": 8,
            "valor_unitario": 115604,
            "descuento": 0.27,
            "IVA": 19
        }
    ]
}