{
    "empresa_nit": "123456789",
    "empresa_ciudad": "BARRANQUILLA",
    "empresa_sede": "aeropuerto",
    "empresa_nombre": "MicroMercado El Mio",
    "fecha_hora": "2023-08-07 02:05:41",
    "factura_num": "01167",
    "ciente_numero": 542653874,
    "pago_tipo": "TAR.CREDITO",
    "productos": [
        {
            "codigo": "VgxZNvWgBq",
            "total": 2,
            "valor_unitario": 780295,
            "descuento": 0.04,
            "IVA": 5
        },
        {
            "codigo": "zgyafV605t",
            "total": 11,
            "valor_unitario": 634055,
            "descuento": 0.43,
            "IVA": 0
        },
        {
            "codigo": "xFqvehJCC0",
            "total": 14,
            "valor_unitario": 94091,
            "descuento": 0.5,
            "IVA": 19
        },
        {
            "codigo": "zajwoGpbGp",
            "total": 6,
            "valor_unitario": 914395,
            "descuento": 0.21,
            "IVA": 0
        },
        {
            "codigo": "W17taRYRDK",
            "total": 10,
            "valor_unitario": 8081,
            "descuento": 0.28,
            "IVA": 0
        }
    ]
}