{
    "empresa_nit": "123456789",
    "empresa_ciudad": "BOGOTA",
    "empresa_sede": "autopista",
    "empresa_nombre": "MicroMercado El Mio",
    "fecha_hora": "2023-12-26 17:01:51",
    "factura_num": "01038",
    "ciente_numero": 511032373,
    "pago_tipo": "TAR.CREDITO",
    "productos": [
        {
            "codigo": "y7ppXpDm3v",
            "total": 15,
            "valor_unitario": 863202,
            "descuento": 0.11,
            "IVA": 5
        },
        {
            "codigo": "aTJGf1sDMT",
            "total": 6,
            "valor_unitario": 504382,
            "descuento": 0.04,
            "IVA": 0
        },
        {
            "codigo": "YNhe4oePWY",
            "total": 20,
            "valor_unitario": 630817,
            "descuento": 0.07,
            "IVA": 0
        },
        {
            "codigo": "NPVZJ3ZEUP",
            "total": 20,
            "valor_unitario": 49174,
            "descuento": 0.28,
            "IVA": 5
        },
        {
            "codigo": "OyBBc7LPBl",
            "total": 17,
            "valor_unitario": 528521,
            "descuento": 0.13,
            "IVA": 0
        },
        {
            "codigo": "y3TG6cj2UX",
            "total": 20,
            "valor_unitario": 591316,
            "descuento": 0.18,
            "IVA": 19
        },
        {
            "codigo": "0Gm85PZlzq",
            "total": 10,
            "valor_unitario": 217873,
            "descuento": 0.45,
            "IVA": 0
        },
        {
            "codigo": "3C2dV6OuFu",
            "total": 13,
            "valor_unitario": 606868,
            "descuento": 0.31,
            "IVA": 5
        },
        {
            "codigo": "J124SkketE",
            "total": 7,
            "valor_unitario": 34933,
            "descuento": 0.05,
            "IVA": 0
        },
        {
            "codigo": "DlzRyagNSV",
            "total": 5,
            "valor_unitario": 35479,
            "descuento": 0.08,
            "IVA": 19
        },
        {
            "codigo": "EnoiD1Ki7n",
            "total": 18,
            "valor_unitario": 905810,
            "descuento": 0.27,
            "IVA": 19
        },
        {
            "codigo": "Ej1kqKDYyc",
            "total": 11,
            "valor_unitario": 305212,
            "descuento": 0.2,
            "IVA": 19
        },
        {
            "codigo": "fYfrOGxKjN",
            "total": 8,
            "valor_unitario": 241194,
            "descuento": 0.04,
            "IVA": 5
        },
        {
            "codigo": "svnUFAzKHQ",
            "total": 8,
            "valor_unitario": 407990,
            "descuento": 0.38,
            "IVA": 5
        }
    ]
}