{
    "empresa_nit": "123456789",
    "empresa_ciudad": "BARRANQUILLA",
    "empresa_sede": "centro",
    "empresa_nombre": "MicroMercado El Mio",
    "fecha_hora": "2021-11-14 03:04:53",
    "factura_num": "01400",
    "ciente_numero": 295240324,
    "pago_tipo": "TAR.DEBITO",
    "productos": [
        {
            "codigo": "XMus2nUiid",
            "total": 16,
            "valor_unitario": 634694,
            "descuento": 0.22,
            "IVA": 0
        },
        {
            "codigo": "XmaZ0rDqgF",
            "total": 17,
            "valor_unitario": 543231,
            "descuento": 0.31,
            "IVA": 5
        },
        {
            "codigo": "hlA5310Zo8",
            "total": 19,
            "valor_unitario": 890791,
            "descuento": 0.38,
            "IVA": 19
        }
    ]
}