{
    "empresa_nit": "123456789",
    "empresa_ciudad": "TUNJA",
    "empresa_sede": "terminal",
    "empresa_nombre": "MicroMercado El Mio",
    "fecha_hora": "2022-02-14 05:26:35",
    "factura_num": "01370",
    "ciente_numero": 539715388,
    "pago_tipo": "EFECTIVO",
    "productos": [
        {
            "codigo": "kVTEMTZmWX",
            "total": 11,
            "valor_unitario": 395666,
            "descuento": 0.18,
            "IVA": 5
        },
        {
            "codigo": "92MoVOOlvB",
            "total": 17,
            "valor_unitario": 952223,
            "descuento": 0.36,
            "IVA": 0
        },
        {
            "codigo": "RqsLhQLsFx",
            "total": 20,
            "valor_unitario": 701166,
            "descuento": 0.45,
            "IVA": 5
        },
        {
            "codigo": "0bfdiqL72d",
            "total": 17,
            "valor_unitario": 121544,
            "descuento": 0.08,
            "IVA": 5
        },
        {
            "codigo": "hboQXXEtRb",
            "total": 3,
            "valor_unitario": 966012,
            "descuento": 0.32,
            "IVA": 0
        },
        {
            "codigo": "AehKsEiyFN",
            "total": 20,
            "valor_unitario": 869426,
            "descuento": 0.03,
            "IVA": 19
        },
        {
            "codigo": "aw2e8hhKBV",
            "total": 19,
            "valor_unitario": 961553,
            "descuento": 0.06,
            "IVA": 19
        },
        {
            "codigo": "NGfD7llEyi",
            "total": 12,
            "valor_unitario": 225670,
            "descuento": 0.38,
            "IVA": 0
        },
        {
            "codigo": "cCTtmpTs9f",
            "total": 17,
            "valor_unitario": 68388,
            "descuento": 0.49,
            "IVA": 19
        },
        {
            "codigo": "5gK7yyIj8N",
            "total": 19,
            "valor_unitario": 703530,
            "descuento": 0.23,
            "IVA": 0
        }
    ]
}