{
    "empresa_nit": "123456789",
    "empresa_ciudad": "MEDELLIN",
    "empresa_sede": "alcaldia",
    "empresa_nombre": "MicroMercado El Mio",
    "fecha_hora": "2024-10-03 17:26:45",
    "factura_num": "01242",
    "ciente_numero": 336864986,
    "pago_tipo": "TRANFERENCIA",
    "productos": [
        {
            "codigo": "iKlm3dUYjP",
            "total": 5,
            "valor_unitario": 61321,
            "descuento": 0.09,
            "IVA": 5
        },
        {
            "codigo": "ExpZp2dMPF",
            "total": 2,
            "valor_unitario": 392623,
            "descuento": 0.14,
            "IVA": 0
        },
        {
            "codigo": "lXeF0SlQC4",
            "total": 6,
            "valor_unitario": 919914,
            "descuento": 0.2,
            "IVA": 5
        },
        {
            "codigo": "g4VcfHfqeb",
            "total": 15,
            "valor_unitario": 155436,
            "descuento": 0.02,
            "IVA": 19
        },
        {
            "codigo": "xOIIXECMK4",
            "total": 16,
            "valor_unitario": 510700,
            "descuento": 0.27,
            "IVA": 19
        },
        {
            "codigo": "M1zpr60ZgR",
            "total": 12,
            "valor_unitario": 200066,
            "descuento": 0.21,
            "IVA": 19
        },
        {
            "codigo": "KW19oWxHTt",
            "total": 14,
            "valor_unitario": 240545,
            "descuento": 0.14,
            "IVA": 0
        }
    ]
}