{
    "empresa_nit": "123456789",
    "empresa_ciudad": "CALI",
    "empresa_sede": "plaza",
    "empresa_nombre": "MicroMercado El Mio",
    "fecha_hora": "2023-05-09 11:12:42",
    "factura_num": "01075",
    "ciente_numero": 906892323,
    "pago_tipo": "EFECTIVO",
    "productos": [
        {
            "codigo": "viy7pNFwvi",
            "total": 17,
            "valor_unitario": 808872,
            "descuento": 0.4,
            "IVA": 0
        },
        {
            "codigo": "WP7ixdwVAh",
            "total": 13,
            "valor_unitario": 141490,
            "descuento": 0.45,
            "IVA": 0
        },
        {
            "codigo": "RSp3dwanD0",
            "total": 14,
            "valor_unitario": 673659,
            "descuento": 0.31,
            "IVA": 19
        },
        {
            "codigo": "FA662m48g3",
            "total": 7,
            "valor_unitario": 407655,
            "descuento": 0.38,
            "IVA": 0
        },
        {
            "codigo": "QJIsaQ6OSP",
            "total": 13,
            "valor_unitario": 831101,
            "descuento": 0.46,
            "IVA": 19
        },
        {
            "codigo": "wGksUw1Xj6",
            "total": 5,
            "valor_unitario": 329729,
            "descuento": 0.25,
            "IVA": 19
        },
        {
            "codigo": "JEONqGKGtI",
            "total": 7,
            "valor_unitario": 356328,
            "descuento": 0.45,
            "IVA": 0
        },
        {
            "codigo": "h76thiYhYm",
            "total": 5,
            "valor_unitario": 114237,
            "descuento": 0.34,
            "IVA": 0
        }
    ]
}