{
    "empresa_nit": "123456789",
    "empresa_ciudad": "BARRANQUILLA",
    "empresa_sede": "autopista",
    "empresa_nombre": "MicroMercado El Mio",
    "fecha_hora": "2023-03-07 12:36:05",
    "factura_num": "01235",
    "ciente_numero": 743519444,
    "pago_tipo": "TRANFERENCIA",
    "productos": [
        {
            "codigo": "4pz7wdamnx",
            "total": 5,
            "valor_unitario": 107742,
            "descuento": 0.17,
            "IVA": 0
        },
        {
            "codigo": "Q2UYBw1ZBx",
            "total": 17,
            "valor_unitario": 413690,
            "descuento": 0.36,
            "IVA": 0
        },
        {
            "codigo": "q92zx01QGQ",
            "total": 15,
            "valor_unitario": 709059,
            "descuento": 0.18,
            "IVA": 19
        },
        {
            "codigo": "02XgdQlt1N",
            "total": 2,
            "valor_unitario": 839355,
            "descuento": 0.42,
            "IVA": 19
        },
        {
            "codigo": "4B6Y4ykJfd",
            "total": 17,
            "valor_unitario": 135102,
            "descuento": 0.34,
            "IVA": 5
        },
        {
            "codigo": "vbwdcvpoBr",
            "total": 1,
            "valor_unitario": 254977,
            "descuento": 0.35,
            "IVA": 19
        },
        {
            "codigo": "jMRYIkxB4q",
            "total": 18,
            "valor_unitario": 879819,
            "descuento": 0.12,
            "IVA": 0
        },
        {
            "codigo": "VVcgNV0eBP",
            "total": 16,
            "valor_unitario": 424112,
            "descuento": 0.47,
            "IVA": 19
        }
    ]
}