{
    "empresa_nit": "123456789",
    "empresa_ciudad": "BARRANQUILLA",
    "empresa_sede": "centro",
    "empresa_nombre": "MicroMercado El Mio",
    "fecha_hora": "2021-04-10 04:25:32",
    "factura_num": "01103",
    "ciente_numero": 117361789,
    "pago_tipo": "TAR.DEBITO",
    "productos": [
        {
            "codigo": "QB2J34T8nl",
            "total": 9,
            "valor_unitario": 318163,
            "descuento": 0.39,
            "IVA": 19
        },
        {
            "codigo": "TwDTYfN3bg",
            "total": 9,
            "valor_unitario": 154507,
            "descuento": 0.28,
            "IVA": 19
        },
        {
            "codigo": "5aRTqdJveM",
            "total": 3,
            "valor_unitario": 16180,
            "descuento": 0.05,
            "IVA": 5
        },
        {
            "codigo": "XfbmIavc1K",
            "total": 16,
            "valor_unitario": 624647,
            "descuento": 0.03,
            "IVA": 19
        },
        {
            "codigo": "zNcvusk4mm",
            "total": 6,
            "valor_unitario": 844985,
            "descuento": 0.03,
            "IVA": 19
        },
        {
            "codigo": "13sAtWtFl7",
            "total": 1,
            "valor_unitario": 194513,
            "descuento": 0.01,
            "IVA": 5
        },
        {
            "codigo": "IY74iUiWZj",
            "total": 18,
            "valor_unitario": 926409,
            "descuento": 0.04,
            "IVA": 5
        },
        {
            "codigo": "jq2T4pi4IN",
            "total": 19,
            "valor_unitario": 339584,
            "descuento": 0.07,
            "IVA": 0
        },
        {
            "codigo": "OZD6tqW9wP",
            "total": 4,
            "valor_unitario": 708546,
            "descuento": 0.34,
            "IVA": 5
        }
    ]
}