{
    "empresa_nit": "123456789",
    "empresa_ciudad": "BOGOTA",
    "empresa_sede": "alcaldia",
    "empresa_nombre": "MicroMercado El Mio",
    "fecha_hora": "2024-07-11 17:31:34",
    "factura_num": "01206",
    "ciente_numero": 453998958,
    "pago_tipo": "TAR.DEBITO",
    "productos": [
        {
            "codigo": "xekfezrncJ",
            "total": 1,
            "valor_unitario": 725083,
            "descuento": 0.22,
            "IVA": 0
        },
        {
            "codigo": "AFSkKRLnv3",
            "total": 12,
            "valor_unitario": 481248,
            "descuento": 0.3,
            "IVA": 0
        },
        {
            "codigo": "trtmJGdn6J",
            "total": 16,
            "valor_unitario": 8546,
            "descuento": 0.4,
            "IVA": 0
        },
        {
            "codigo": "CrHI8Jffv7",
            "total": 11,
            "valor_unitario": 417597,
            "descuento": 0.21,
            "IVA": 19
        },
        {
            "codigo": "fYiDint9SZ",
            "total": 1,
            "valor_unitario": 398322,
            "descuento": 0.48,
            "IVA": 19
        }
    ]
}