{
    "empresa_nit": "123456789",
    "empresa_ciudad": "BARRANQUILLA",
    "empresa_sede": "autopista",
    "empresa_nombre": "MicroMercado El Mio",
    "fecha_hora": "2023-01-18 12:16:20",
    "factura_num": "01316",
    "ciente_numero": 331523054,
    "pago_tipo": "EFECTIVO",
    "productos": [
        {
            "codigo": "1zuyaMiKt2",
            "total": 16,
            "valor_unitario": 487560,
            "descuento": 0.21,
            "IVA": 19
        },
        {
            "codigo": "DvSlYVcn24",
            "total": 7,
            "valor_unitario": 673344,
            "descuento": 0.47,
            "IVA": 0
        },
        {
            "codigo": "fsWZP85fAn",
            "total": 8,
            "valor_unitario": 635318,
            "descuento": 0.29,
            "IVA": 0
        },
        {
            "codigo": "4TGWCWOQhp",
            "total": 6,
            "valor_unitario": 775658,
            "descuento": 0.09,
            "IVA": 19
        },
        {
            "codigo": "67FxIAnavG",
            "total": 15,
            "valor_unitario": 210139,
            "descuento": 0.23,
            "IVA": 19
        },
        {
            "codigo": "r1C5kdmXbQ",
            "total": 1,
            "valor_unitario": 966038,
            "descuento": 0.18,
            "IVA": 0
        },
        {
            "codigo": "Uc0z9oVzY1",
            "total": 18,
            "valor_unitario": 430829,
            "descuento": 0.05,
            "IVA": 19
        },
        {
            "codigo": "MUHo52ImPy",
            "total": 3,
            "valor_unitario": 193424,
            "descuento": 0.35,
            "IVA": 19
        },
        {
            "codigo": "zMJrAtL8FM",
            "total": 20,
            "valor_unitario": 246909,
            "descuento": 0.37,
            "IVA": 5
        }
    ]
}