{
    "empresa_nit": "123456789",
    "empresa_ciudad": "CALI",
    "empresa_sede": "centro",
    "empresa_nombre": "MicroMercado El Mio",
    "fecha_hora": "2022-05-10 05:58:23",
    "factura_num": "00139",
    "ciente_numero": 922040551,
    "pago_tipo": "EFECTIVO",
    "productos": [
        {
            "codigo": "bYBXvs1sct",
            "total": 6,
            "valor_unitario": 608351,
            "descuento": 0.33,
            "IVA": 0
        },
        {
            "codigo": "AIhGBx6XP3",
            "total": 5,
            "valor_unitario": 233935,
            "descuento": 0.45,
            "IVA": 5
        },
        {
            "codigo": "t8nQEfxV4d",
            "total": 20,
            "valor_unitario": 633820,
            "descuento": 0.23,
            "IVA": 19
        },
        {
            "codigo": "Wzb0NK6Nab",
            "total": 13,
            "valor_unitario": 429049,
            "descuento": 0.4,
            "IVA": 19
        },
        {
            "codigo": "5rQo61dDmR",
            "total": 10,
            "valor_unitario": 380320,
            "descuento": 0.03,
            "IVA": 19
        },
        {
            "codigo": "gGVLFgrdMT",
            "total": 15,
            "valor_unitario": 17360,
            "descuento": 0.28,
            "IVA": 19
        },
        {
            "codigo": "6XQdclRVSI",
            "total": 12,
            "valor_unitario": 580318,
            "descuento": 0.23,
            "IVA": 5
        },
        {
            "codigo": "F1ze0JMtoi",
            "total": 20,
            "valor_unitario": 653830,
            "descuento": 0.1,
            "IVA": 5
        },
        {
            "codigo": "4L0hV4VXS1",
            "total": 6,
            "valor_unitario": 603869,
            "descuento": 0.44,
            "IVA": 19
        },
        {
            "codigo": "7tHoD2kTOO",
            "total": 17,
            "valor_unitario": 809233,
            "descuento": 0.23,
            "IVA": 5
        }
    ]
}