{
    "empresa_nit": "123456789",
    "empresa_ciudad": "BOGOTA",
    "empresa_sede": "centro",
    "empresa_nombre": "MicroMercado El Mio",
    "fecha_hora": "2020-12-11 00:51:04",
    "factura_num": "01337",
    "ciente_numero": 38647019,
    "pago_tipo": "EFECTIVO",
    "productos": [
        {
            "codigo": "Or1GGodgVt",
            "total": 12,
            "valor_unitario": 788883,
            "descuento": 0.37,
            "IVA": 19
        },
        {
            "codigo": "NQkMMaUmrF",
            "total": 15,
            "valor_unitario": 52070,
            "descuento": 0.4,
            "IVA": 5
        },
        {
            "codigo": "vKgoonkz88",
            "total": 20,
            "valor_unitario": 540736,
            "descuento": 0.03,
            "IVA": 5
        },
        {
            "codigo": "RfMzWbOW66",
            "total": 14,
            "valor_unitario": 175496,
            "descuento": 0.07,
            "IVA": 0
        }
    ]
}