{
    "empresa_nit": "123456789",
    "empresa_ciudad": "MEDELLIN",
    "empresa_sede": "terminal",
    "empresa_nombre": "MicroMercado El Mio",
    "fecha_hora": "2022-10-28 04:46:10",
    "factura_num": "01392",
    "ciente_numero": 850651065,
    "pago_tipo": "EFECTIVO",
    "productos": [
        {
            "codigo": "KKbWqn941O",
            "total": 13,
            "valor_unitario": 822431,
            "descuento": 0.02,
            "IVA": 5
        },
        {
            "codigo": "Gdd3NSS0OV",
            "total": 20,
            "valor_unitario": 403460,
            "descuento": 0.47,
            "IVA": 19
        },
        {
            "codigo": "RsxwC8m5LS",
            "total": 15,
            "valor_unitario": 566524,
            "descuento": 0.15,
            "IVA": 0
        },
        {
            "codigo": "foeTsjDHlK",
            "total": 3,
            "valor_unitario": 687578,
            "descuento": 0.06,
            "IVA": 0
        },
        {
            "codigo": "K5dmDfmoBt",
            "total": 6,
            "valor_unitario": 100250,
            "descuento": 0.07,
            "IVA": 0
        },
        {
            "codigo": "f7Pw70y81A",
            "total": 6,
            "valor_unitario": 2281,
            "descuento": 0.28,
            "IVA": 19
        },
        {
            "codigo": "bA1LUQ0NBR",
            "total": 20,
            "valor_unitario": 457363,
            "descuento": 0.3,
            "IVA": 0
        },
        {
            "codigo": "OZ2zzQPQbJ",
            "total": 19,
            "valor_unitario": 925273,
            "descuento": 0.17,
            "IVA": 0
        },
        {
            "codigo": "r0tZ34he02",
            "total": 19,
            "valor_unitario": 561004,
            "descuento": 0.28,
            "IVA": 0
        },
        {
            "codigo": "IkuzXtCHoH",
            "total": 5,
            "valor_unitario": 375999,
            "descuento": 0.23,
            "IVA": 19
        },
        {
            "codigo": "DDJkrGjy0y",
            "total": 16,
            "valor_unitario": 231997,
            "descuento": 0.39,
            "IVA": 5
        },
        {
            "codigo": "pc8VBFDApU",
            "total": 6,
            "valor_unitario": 98051,
            "descuento": 0.0,
            "IVA": 19
        },
        {
            "codigo": "dh19GS2MPU",
            "total": 8,
            "valor_unitario": 81147,
            "descuento": 0.26,
            "IVA": 19
        },
        {
            "codigo": "w1M64m1J1b",
            "total": 12,
            "valor_unitario": 488802,
            "descuento": 0.39,
            "IVA": 19
        },
        {
            "codigo": "let42QwVic",
            "total": 5,
            "valor_unitario": 160505,
            "descuento": 0.26,
            "IVA": 19
        },
        {
            "codigo": "vXLGZQwHD1",
            "total": 14,
            "valor_unitario": 395843,
            "descuento": 0.02,
            "IVA": 0
        },
        {
            "codigo": "Oa64a6EAi0",
            "total": 1,
            "valor_unitario": 552834,
            "descuento": 0.47,
            "IVA": 19
        },
        {
            "codigo": "Sy3APVfeAN",
            "total": 6,
            "valor_unitario": 472304,
            "descuento": 0.15,
            "IVA": 0
        },
        {
            "codigo": "SgZbFFwSoE",
            "total": 14,
            "valor_unitario": 977678,
            "descuento": 0.08,
            "IVA": 0
        },
        {
            "codigo": "a70KWkR4zZ",
            "total": 13,
            "valor_unitario": 599454,
            "descuento": 0.18,
            "IVA": 5
        }
    ]
}