{
    "empresa_nit": "123456789",
    "empresa_ciudad": "CALI",
    "empresa_sede": "plaza",
    "empresa_nombre": "MicroMercado El Mio",
    "fecha_hora": "2021-04-05 21:50:45",
    "factura_num": "01156",
    "ciente_numero": 555894049,
    "pago_tipo": "TAR.CREDITO",
    "productos": [
        {
            "codigo": "9XWwE6Tiik",
            "total": 3,
            "valor_unitario": 989683,
            "descuento": 0.08,
            "IVA": 19
        },
        {
            "codigo": "OPCJggMILw",
            "total": 5,
            "valor_unitario": 817412,
            "descuento": 0.48,
            "IVA": 19
        },
        {
            "codigo": "9UQsHblBZu",
            "total": 15,
            "valor_unitario": 664498,
            "descuento": 0.26,
            "IVA": 0
        },
        {
            "codigo": "I8qwKHtV33",
            "total": 1,
            "valor_unitario": 20371,
            "descuento": 0.44,
            "IVA": 0
        },
        {
            "codigo": "R9auxgsZJE",
            "total": 2,
            "valor_unitario": 669366,
            "descuento": 0.05,
            "IVA": 5
        },
        {
            "codigo": "Iw16admyUF",
            "total": 15,
            "valor_unitario": 428121,
            "descuento": 0.2,
            "IVA": 19
        },
        {
            "codigo": "wG50nTPTLs",
            "total": 3,
            "valor_unitario": 366073,
            "descuento": 0.31,
            "IVA": 5
        },
        {
            "codigo": "CtA1neaAm1",
            "total": 7,
            "valor_unitario": 770431,
            "descuento": 0.39,
            "IVA": 0
        }
    ]
}