{
    "empresa_nit": "123456789",
    "empresa_ciudad": "MEDELLIN",
    "empresa_sede": "centro",
    "empresa_nombre": "MicroMercado El Mio",
    "fecha_hora": "2021-12-02 07:47:32",
    "factura_num": "01315",
    "ciente_numero": 837191579,
    "pago_tipo": "TRANFERENCIA",
    "productos": [
        {
            "codigo": "0ZPbuEeZF3",
            "total": 1,
            "valor_unitario": 917442,
            "descuento": 0.07,
            "IVA": 5
        },
        {
            "codigo": "zfwp4Xx2D9",
            "total": 16,
            "valor_unitario": 127557,
            "descuento": 0.28,
            "IVA": 0
        },
        {
            "codigo": "ELFp22jmlm",
            "total": 20,
            "valor_unitario": 34277,
            "descuento": 0.41,
            "IVA": 0
        },
        {
            "codigo": "sbZ263JzGn",
            "total": 10,
            "valor_unitario": 921184,
            "descuento": 0.11,
            "IVA": 19
        },
        {
            "codigo": "IuaMUyfRjs",
            "total": 5,
            "valor_unitario": 95063,
            "descuento": 0.18,
            "IVA": 0
        },
        {
            "codigo": "c9ZW0DZFqP",
            "total": 9,
            "valor_unitario": 195424,
            "descuento": 0.43,
            "IVA": 19
        },
        {
            "codigo": "ptZJ4jo16Q",
            "total": 20,
            "valor_unitario": 283124,
            "descuento": 0.33,
            "IVA": 19
        },
        {
            "codigo": "yEtmaAFBbY",
            "total": 13,
            "valor_unitario": 431515,
            "descuento": 0.14,
            "IVA": 0
        },
        {
            "codigo": "j5sYRlzMjm",
            "total": 2,
            "valor_unitario": 546341,
            "descuento": 0.13,
            "IVA": 5
        },
        {
            "codigo": "G1Z0k8MKqt",
            "total": 8,
            "valor_unitario": 353611,
            "descuento": 0.23,
            "IVA": 19
        },
        {
            "codigo": "IUxDtn4sxo",
            "total": 4,
            "valor_unitario": 422506,
            "descuento": 0.25,
            "IVA": 5
        },
        {
            "codigo": "cAmq915ERI",
            "total": 15,
            "valor_unitario": 640101,
            "descuento": 0.1,
            "IVA": 19
        },
        {
            "codigo": "gX5AQO4Gkn",
            "total": 18,
            "valor_unitario": 258294,
            "descuento": 0.36,
            "IVA": 19
        },
        {
            "codigo": "zZleaSbefy",
            "total": 11,
            "valor_unitario": 734684,
            "descuento": 0.08,
            "IVA": 19
        },
        {
            "codigo": "59dLVGfwNQ",
            "total": 8,
            "valor_unitario": 988144,
            "descuento": 0.3,
            "IVA": 19
        },
        {
            "codigo": "Peiosw6A6B",
            "total": 19,
            "valor_unitario": 390422,
            "descuento": 0.2,
            "IVA": 19
        },
        {
            "codigo": "QjMkeTVYV6",
            "total": 3,
            "valor_unitario": 769781,
            "descuento": 0.35,
            "IVA": 5
        },
        {
            "codigo": "FmTdr55zQt",
            "total": 4,
            "valor_unitario": 791710,
            "descuento": 0.02,
            "IVA": 19
        }
    ]
}