{
    "empresa_nit": "123456789",
    "empresa_ciudad": "BOGOTA",
    "empresa_sede": "alcaldia",
    "empresa_nombre": "MicroMercado El Mio",
    "fecha_hora": "2020-02-08 16:06:34",
    "factura_num": "01104",
    "ciente_numero": 680135160,
    "pago_tipo": "TAR.CREDITO",
    "productos": [
        {
            "codigo": "CpUUnJnn9V",
            "total": 17,
            "valor_unitario": 798742,
            "descuento": 0.01,
            "IVA": 5
        },
        {
            "codigo": "G5zTE0Zcrh",
            "total": 3,
            "valor_unitario": 376340,
            "descuento": 0.21,
            "IVA": 0
        },
        {
            "codigo": "0KGkXJc2gu",
            "total": 13,
            "valor_unitario": 628648,
            "descuento": 0.24,
            "IVA": 19
        },
        {
            "codigo": "7Chti8yjYG",
            "total": 12,
            "valor_unitario": 638094,
            "descuento": 0.12,
            "IVA": 5
        },
        {
            "codigo": "ytPe8XTz7L",
            "total": 2,
            "valor_unitario": 867055,
            "descuento": 0.47,
            "IVA": 19
        },
        {
            "codigo": "qSVtJT96ij",
            "total": 14,
            "valor_unitario": 892872,
            "descuento": 0.27,
            "IVA": 19
        },
        {
            "codigo": "uMCnqHmjWM",
            "total": 6,
            "valor_unitario": 895492,
            "descuento": 0.26,
            "IVA": 19
        },
        {
            "codigo": "yH9skxz5Yw",
            "total": 16,
            "valor_unitario": 305062,
            "descuento": 0.24,
            "IVA": 19
        }
    ]
}