{
    "empresa_nit": "123456789",
    "empresa_ciudad": "BOGOTA",
    "empresa_sede": "alcaldia",
    "empresa_nombre": "MicroMercado El Mio",
    "fecha_hora": "2020-04-06 22:42:34",
    "factura_num": "01134",
    "ciente_numero": 266108953,
    "pago_tipo": "TRANFERENCIA",
    "productos": [
        {
            "codigo": "RjDLj1upCj",
            "total": 9,
            "valor_unitario": 630300,
            "descuento": 0.11,
            "IVA": 5
        },
        {
            "codigo": "ZPnIdwzwso",
            "total": 5,
            "valor_unitario": 950384,
            "descuento": 0.29,
            "IVA": 0
        },
        {
            "codigo": "GpJ2rCoM9Y",
            "total": 12,
            "valor_unitario": 417377,
            "descuento": 0.36,
            "IVA": 19
        },
        {
            "codigo": "ILn4tTQD81",
            "total": 11,
            "valor_unitario": 242665,
            "descuento": 0.27,
            "IVA": 19
        },
        {
            "codigo": "LYcvB3ZBUo",
            "total": 11,
            "valor_unitario": 884717,
            "descuento": 0.23,
            "IVA": 0
        },
        {
            "codigo": "EMeiEvhaKq",
            "total": 20,
            "valor_unitario": 282536,
            "descuento": 0.45,
            "IVA": 0
        },
        {
            "codigo": "TEvAzWjGyi",
            "total": 16,
            "valor_unitario": 959500,
            "descuento": 0.33,
            "IVA": 0
        },
        {
            "codigo": "Sst4IgY6iD",
            "total": 5,
            "valor_unitario": 250032,
            "descuento": 0.29,
            "IVA": 19
        },
        {
            "codigo": "0Bl4GPMOmX",
            "total": 16,
            "valor_unitario": 691172,
            "descuento": 0.05,
            "IVA": 5
        },
        {
            "codigo": "Skhz75iW1a",
            "total": 20,
            "valor_unitario": 699066,
            "descuento": 0.49,
            "IVA": 5
        }
    ]
}