{
    "empresa_nit": "123456789",
    "empresa_ciudad": "CALI",
    "empresa_sede": "autopista",
    "empresa_nombre": "MicroMercado El Mio",
    "fecha_hora": "2022-06-14 19:23:05",
    "factura_num": "01280",
    "ciente_numero": 120576849,
    "pago_tipo": "TAR.CREDITO",
    "productos": [
        {
            "codigo": "JnlhgrmzYl",
            "total": 11,
            "valor_unitario": 590269,
            "descuento": 0.27,
            "IVA": 19
        },
        {
            "codigo": "jnHUfkHsVw",
            "total": 4,
            "valor_unitario": 924550,
            "descuento": 0.46,
            "IVA": 0
        },
        {
            "codigo": "zPYbEslEi3",
            "total": 3,
            "valor_unitario": 569908,
            "descuento": 0.32,
            "IVA": 19
        },
        {
            "codigo": "SOZ9boRz9S",
            "total": 5,
            "valor_unitario": 565947,
            "descuento": 0.31,
            "IVA": 0
        },
        {
            "codigo": "uQnG9FGEOn",
            "total": 10,
            "valor_unitario": 999104,
            "descuento": 0.08,
            "IVA": 5
        },
        {
            "codigo": "luMjGrKTfg",
            "total": 9,
            "valor_unitario": 56502,
            "descuento": 0.37,
            "IVA": 19
        },
        {
            "codigo": "Htmqdhqyb4",
            "total": 2,
            "valor_unitario": 481289,
            "descuento": 0.13,
            "IVA": 0
        },
        {
            "codigo": "abAGBqbG2S",
            "total": 4,
            "valor_unitario": 154523,
            "descuento": 0.09,
            "IVA": 19
        },
        {
            "codigo": "Z5HTikBW31",
            "total": 6,
            "valor_unitario": 139696,
            "descuento": 0.32,
            "IVA": 0
        },
        {
            "codigo": "Ks2VrX9O2I",
            "total": 12,
            "valor_unitario": 397656,
            "descuento": 0.26,
            "IVA": 0
        },
        {
            "codigo": "Fy9nQzt94a",
            "total": 3,
            "valor_unitario": 744048,
            "descuento": 0.04,
            "IVA": 5
        },
        {
            "codigo": "d4CrdbfWR8",
            "total": 3,
            "valor_unitario": 299572,
            "descuento": 0.18,
            "IVA": 5
        },
        {
            "codigo": "1QLXRiEYz0",
            "total": 18,
            "valor_unitario": 668907,
            "descuento": 0.15,
            "IVA": 19
        },
        {
            "codigo": "vP2kvpbnBV",
            "total": 15,
            "valor_unitario": 436160,
            "descuento": 0.02,
            "IVA": 5
        },
        {
            "codigo": "7mdqdT7p8b",
            "total": 12,
            "valor_unitario": 10856,
            "descuento": 0.4,
            "IVA": 0
        },
        {
            "codigo": "Jmirv9jyeV",
            "total": 18,
            "valor_unitario": 194770,
            "descuento": 0.12,
            "IVA": 19
        },
        {
            "codigo": "G9cM969MNX",
            "total": 14,
            "valor_unitario": 685557,
            "descuento": 0.25,
            "IVA": 0
        },
        {
            "codigo": "OWyVs7a3gj",
            "total": 2,
            "valor_unitario": 470640,
            "descuento": 0.3,
            "IVA": 5
        },
        {
            "codigo": "6EeSYEAnin",
            "total": 10,
            "valor_unitario": 10713,
            "descuento": 0.04,
            "IVA": 19
        },
        {
            "codigo": "qUqUPXzjUS",
            "total": 15,
            "valor_unitario": 470686,
            "descuento": 0.23,
            "IVA": 5
        }
    ]
}