{
    "empresa_nit": "123456789",
    "empresa_ciudad": "TUNJA",
    "empresa_sede": "autopista",
    "empresa_nombre": "MicroMercado El Mio",
    "fecha_hora": "2023-09-25 01:24:29",
    "factura_num": "01033",
    "ciente_numero": 787094461,
    "pago_tipo": "TAR.DEBITO",
    "productos": [
        {
            "codigo": "mC7hRp4mQP",
            "total": 2,
            "valor_unitario": 370572,
            "descuento": 0.3,
            "IVA": 0
        },
        {
            "codigo": "sWFCxJwR7H",
            "total": 13,
            "valor_unitario": 860692,
            "descuento": 0.5,
            "IVA": 19
        },
        {
            "codigo": "6qQOWPUuTX",
            "total": 17,
            "valor_unitario": 523919,
            "descuento": 0.34,
            "IVA": 19
        },
        {
            "codigo": "BuqUPkr29w",
            "total": 7,
            "valor_unitario": 901165,
            "descuento": 0.4,
            "IVA": 5
        },
        {
            "codigo": "5PKwvDY8RU",
            "total": 15,
            "valor_unitario": 953333,
            "descuento": 0.3,
            "IVA": 5
        },
        {
            "codigo": "txXNLeIiT4",
            "total": 11,
            "valor_unitario": 440912,
            "descuento": 0.05,
            "IVA": 0
        },
        {
            "codigo": "r8ndVzM8Mb",
            "total": 11,
            "valor_unitario": 308151,
            "descuento": 0.11,
            "IVA": 19
        },
        {
            "codigo": "nE9jLXjQPL",
            "total": 1,
            "valor_unitario": 956473,
            "descuento": 0.03,
            "IVA": 19
        },
        {
            "codigo": "crhGkaqcnL",
            "total": 4,
            "valor_unitario": 720467,
            "descuento": 0.3,
            "IVA": 0
        },
        {
            "codigo": "EpEvr3Eeh1",
            "total": 16,
            "valor_unitario": 649316,
            "descuento": 0.36,
            "IVA": 5
        },
        {
            "codigo": "B3pwHN2tcE",
            "total": 4,
            "valor_unitario": 682338,
            "descuento": 0.35,
            "IVA": 19
        },
        {
            "codigo": "mydq05lLaO",
            "total": 19,
            "valor_unitario": 412602,
            "descuento": 0.05,
            "IVA": 5
        },
        {
            "codigo": "sxEtDkJi3I",
            "total": 19,
            "valor_unitario": 747795,
            "descuento": 0.13,
            "IVA": 5
        },
        {
            "codigo": "ylGgGFfIcC",
            "total": 3,
            "valor_unitario": 601180,
            "descuento": 0.26,
            "IVA": 5
        },
        {
            "codigo": "3n8MWwzZKK",
            "total": 8,
            "valor_unitario": 58280,
            "descuento": 0.1,
            "IVA": 5
        },
        {
            "codigo": "smafYomGh1",
            "total": 2,
            "valor_unitario": 992108,
            "descuento": 0.3,
            "IVA": 19
        },
        {
            "codigo": "rgZPraqQEf",
            "total": 19,
            "valor_unitario": 104874,
            "descuento": 0.3,
            "IVA": 19
        },
        {
            "codigo": "0Wv8rCvkak",
            "total": 2,
            "valor_unitario": 179154,
            "descuento": 0.07,
            "IVA": 5
        }
    ]
}