{
    "empresa_nit": "123456789",
    "empresa_ciudad": "TUNJA",
    "empresa_sede": "terminal",
    "empresa_nombre": "MicroMercado El Mio",
    "fecha_hora": "2022-06-10 14:06:34",
    "factura_num": "01165",
    "ciente_numero": 315738555,
    "pago_tipo": "TAR.DEBITO",
    "productos": [
        {
            "codigo": "xpIHicefSC",
            "total": 3,
            "valor_unitario": 450146,
            "descuento": 0.04,
            "IVA": 5
        },
        {
            "codigo": "MpwdlO3aZ9",
            "total": 1,
            "valor_unitario": 962061,
            "descuento": 0.43,
            "IVA": 5
        },
        {
            "codigo": "mi9lyXN07r",
            "total": 11,
            "valor_unitario": 729696,
            "descuento": 0.25,
            "IVA": 0
        },
        {
            "codigo": "OqSLIP32Ca",
            "total": 17,
            "valor_unitario": 641626,
            "descuento": 0.43,
            "IVA": 0
        },
        {
            "codigo": "A1phE0iXbF",
            "total": 10,
            "valor_unitario": 448374,
            "descuento": 0.12,
            "IVA": 0
        },
        {
            "codigo": "PR3xqnJ1C2",
            "total": 12,
            "valor_unitario": 930380,
            "descuento": 0.31,
            "IVA": 0
        }
    ]
}