{
    "empresa_nit": "123456789",
    "empresa_ciudad": "TUNJA",
    "empresa_sede": "autopista",
    "empresa_nombre": "MicroMercado El Mio",
    "fecha_hora": "2020-09-26 10:12:30",
    "factura_num": "01369",
    "ciente_numero": 461504998,
    "pago_tipo": "TAR.CREDITO",
    "productos": [
        {
            "codigo": "bCe3bhSuGW",
            "total": 17,
            "valor_unitario": 483172,
            "descuento": 0.11,
            "IVA": 0
        },
        {
            "codigo": "e6jTGvcUrm",
            "total": 16,
            "valor_unitario": 845622,
            "descuento": 0.43,
            "IVA": 19
        },
        {
            "codigo": "NZn1vJ3SUF",
            "total": 11,
            "valor_unitario": 355317,
            "descuento": 0.34,
            "IVA": 19
        },
        {
            "codigo": "SXS6K4f1BF",
            "total": 10,
            "valor_unitario": 11265,
            "descuento": 0.2,
            "IVA": 0
        },
        {
            "codigo": "sBraQZn6PH",
            "total": 13,
            "valor_unitario": 187449,
            "descuento": 0.13,
            "IVA": 5
        },
        {
            "codigo": "d8vouW27zJ",
            "total": 1,
            "valor_unitario": 559432,
            "descuento": 0.25,
            "IVA": 19
        },
        {
            "codigo": "xbxfUmgpVp",
            "total": 10,
            "valor_unitario": 24939,
            "descuento": 0.39,
            "IVA": 5
        },
        {
            "codigo": "zFD6m8vM3g",
            "total": 19,
            "valor_unitario": 556287,
            "descuento": 0.22,
            "IVA": 19
        },
        {
            "codigo": "xXucAtj3Re",
            "total": 18,
            "valor_unitario": 423122,
            "descuento": 0.29,
            "IVA": 0
        },
        {
            "codigo": "825vnoZo0T",
            "total": 17,
            "valor_unitario": 661101,
            "descuento": 0.06,
            "IVA": 0
        },
        {
            "codigo": "c2PATxayVk",
            "total": 10,
            "valor_unitario": 99079,
            "descuento": 0.13,
            "IVA": 0
        },
        {
            "codigo": "jQK6Xva1MU",
            "total": 7,
            "valor_unitario": 712260,
            "descuento": 0.5,
            "IVA": 19
        },
        {
            "codigo": "CMV9srrq7l",
            "total": 3,
            "valor_unitario": 351051,
            "descuento": 0.24,
            "IVA": 19
        },
        {
            "codigo": "sSwMhYu4BJ",
            "total": 12,
            "valor_unitario": 350459,
            "descuento": 0.19,
            "IVA": 0
        },
        {
            "codigo": "fclNT8S2L8",
            "total": 1,
            "valor_unitario": 850449,
            "descuento": 0.35,
            "IVA": 5
        },
        {
            "codigo": "YuZssAChBW",
            "total": 19,
            "valor_unitario": 544416,
            "descuento": 0.08,
            "IVA": 0
        },
        {
            "codigo": "LFUGblANGS",
            "total": 17,
            "valor_unitario": 596445,
            "descuento": 0.21,
            "IVA": 19
        }
    ]
}