{
    "empresa_nit": "123456789",
    "empresa_ciudad": "BARRANQUILLA",
    "empresa_sede": "alcaldia",
    "empresa_nombre": "MicroMercado El Mio",
    "fecha_hora": "2021-12-30 10:25:16",
    "factura_num": "00014",
    "ciente_numero": 559347335,
    "pago_tipo": "TRANFERENCIA",
    "productos": [
        {
            "codigo": "olc5y091Ec",
            "total": 8,
            "valor_unitario": 591099,
            "descuento": 0.14,
            "IVA": 19
        },
        {
            "codigo": "0jHr5dIOZr",
            "total": 10,
            "valor_unitario": 786636,
            "descuento": 0.39,
            "IVA": 0
        },
        {
            "codigo": "qjB0iwy4QE",
            "total": 17,
            "valor_unitario": 236170,
            "descuento": 0.31,
            "IVA": 5
        },
        {
            "codigo": "5G5vzbtheb",
            "total": 6,
            "valor_unitario": 705908,
            "descuento": 0.26,
            "IVA": 19
        },
        {
            "codigo": "ZbPSGorWKq",
            "total": 20,
            "valor_unitario": 583516,
            "descuento": 0.16,
            "IVA": 5
        },
        {
            "codigo": "UuE8ZGPU5i",
            "total": 13,
            "valor_unitario": 45750,
            "descuento": 0.34,
            "IVA": 5
        },
        {
            "codigo": "HRobyZtSgZ",
            "total": 8,
            "valor_unitario": 367467,
            "descuento": 0.27,
            "IVA": 5
        },
        {
            "codigo": "82r0AQcH7p",
            "total": 14,
            "valor_unitario": 931571,
            "descuento": 0.45,
            "IVA": 0
        },
        {
            "codigo": "ZJo5uZmMvk",
            "total": 1,
            "valor_unitario": 788825,
            "descuento": 0.4,
            "IVA": 19
        },
        {
            "codigo": "hTrZikcNiT",
            "total": 20,
            "valor_unitario": 200788,
            "descuento": 0.05,
            "IVA": 5
        },
        {
            "codigo": "q9zDN7HzbZ",
            "total": 7,
            "valor_unitario": 979071,
            "descuento": 0.02,
            "IVA": 0
        }
    ]
}