{
    "empresa_nit": "123456789",
    "empresa_ciudad": "CALI",
    "empresa_sede": "plaza",
    "empresa_nombre": "MicroMercado El Mio",
    "fecha_hora": "2021-01-27 07:22:32",
    "factura_num": "01193",
    "ciente_numero": 206773946,
    "pago_tipo": "TAR.DEBITO",
    "productos": [
        {
            "codigo": "5rDAhdIWb2",
            "total": 4,
            "valor_unitario": 289320,
            "descuento": 0.18,
            "IVA": 5
        },
        {
            "codigo": "MgLJ36mOQT",
            "total": 20,
            "valor_unitario": 446351,
            "descuento": 0.39,
            "IVA": 5
        },
        {
            "codigo": "SfEJEVtXg8",
            "total": 19,
            "valor_unitario": 645686,
            "descuento": 0.26,
            "IVA": 19
        },
        {
            "codigo": "hyKzqCNrsT",
            "total": 4,
            "valor_unitario": 295888,
            "descuento": 0.44,
            "IVA": 0
        },
        {
            "codigo": "9WnGAOpBAr",
            "total": 4,
            "valor_unitario": 756617,
            "descuento": 0.43,
            "IVA": 0
        },
        {
            "codigo": "TECwzC4zYZ",
            "total": 19,
            "valor_unitario": 522459,
            "descuento": 0.25,
            "IVA": 19
        },
        {
            "codigo": "Vr6CSXL3st",
            "total": 12,
            "valor_unitario": 430106,
            "descuento": 0.33,
            "IVA": 0
        },
        {
            "codigo": "TZAInKHbdl",
            "total": 20,
            "valor_unitario": 562489,
            "descuento": 0.11,
            "IVA": 5
        },
        {
            "codigo": "Z9ZsdCrOWP",
            "total": 18,
            "valor_unitario": 959001,
            "descuento": 0.49,
            "IVA": 19
        },
        {
            "codigo": "a3Bt9S3hXP",
            "total": 10,
            "valor_unitario": 265027,
            "descuento": 0.33,
            "IVA": 19
        },
        {
            "codigo": "Up1HmXUyVu",
            "total": 7,
            "valor_unitario": 990229,
            "descuento": 0.16,
            "IVA": 0
        },
        {
            "codigo": "S9fO186682",
            "total": 6,
            "valor_unitario": 391056,
            "descuento": 0.38,
            "IVA": 19
        },
        {
            "codigo": "8fTBMzHIL9",
            "total": 17,
            "valor_unitario": 73383,
            "descuento": 0.16,
            "IVA": 0
        },
        {
            "codigo": "lMvMGk5sgj",
            "total": 8,
            "valor_unitario": 73546,
            "descuento": 0.23,
            "IVA": 0
        },
        {
            "codigo": "RFkW2Q28Pj",
            "total": 3,
            "valor_unitario": 648385,
            "descuento": 0.3,
            "IVA": 19
        },
        {
            "codigo": "KajXL33cTv",
            "total": 12,
            "valor_unitario": 778306,
            "descuento": 0.38,
            "IVA": 5
        },
        {
            "codigo": "goTJi77dRg",
            "total": 1,
            "valor_unitario": 87427,
            "descuento": 0.4,
            "IVA": 19
        }
    ]
}