{
    "empresa_nit": "123456789",
    "empresa_ciudad": "BARRANQUILLA",
    "empresa_sede": "aeropuerto",
    "empresa_nombre": "MicroMercado El Mio",
    "fecha_hora": "2020-07-08 19:30:15",
    "factura_num": "01348",
    "ciente_numero": 647528572,
    "pago_tipo": "TRANFERENCIA",
    "productos": [
        {
            "codigo": "tE0mBdSeDL",
            "total": 12,
            "valor_unitario": 687927,
            "descuento": 0.29,
            "IVA": 0
        },
        {
            "codigo": "yMlY0DS6Hj",
            "total": 6,
            "valor_unitario": 136868,
            "descuento": 0.1,
            "IVA": 5
        },
        {
            "codigo": "NvvGSSTXxh",
            "total": 10,
            "valor_unitario": 103358,
            "descuento": 0.2,
            "IVA": 0
        },
        {
            "codigo": "kpgzAcH5m9",
            "total": 8,
            "valor_unitario": 142243,
            "descuento": 0.14,
            "IVA": 5
        },
        {
            "codigo": "gAaZWD04fD",
            "total": 9,
            "valor_unitario": 813717,
            "descuento": 0.29,
            "IVA": 5
        },
        {
            "codigo": "zN3SMvXCNi",
            "total": 13,
            "valor_unitario": 456791,
            "descuento": 0.46,
            "IVA": 19
        },
        {
            "codigo": "WaB2XelrBW",
            "total": 12,
            "valor_unitario": 221799,
            "descuento": 0.11,
            "IVA": 5
        },
        {
            "codigo": "3z3GWvKhTg",
            "total": 6,
            "valor_unitario": 543673,
            "descuento": 0.47,
            "IVA": 5
        },
        {
            "codigo": "xCOBPlcS5K",
            "total": 9,
            "valor_unitario": 819005,
            "descuento": 0.0,
            "IVA": 5
        },
        {
            "codigo": "hZynpGUnHv",
            "total": 8,
            "valor_unitario": 365330,
            "descuento": 0.19,
            "IVA": 5
        },
        {
            "codigo": "cAOkFrZrAd",
            "total": 18,
            "valor_unitario": 534875,
            "descuento": 0.17,
            "IVA": 0
        },
        {
            "codigo": "8CdBljMPsC",
            "total": 16,
            "valor_unitario": 100900,
            "descuento": 0.32,
            "IVA": 19
        },
        {
            "codigo": "3WJ6DbrpxF",
            "total": 8,
            "valor_unitario": 486894,
            "descuento": 0.36,
            "IVA": 0
        },
        {
            "codigo": "inPB39nDge",
            "total": 19,
            "valor_unitario": 43873,
            "descuento": 0.08,
            "IVA": 5
        },
        {
            "codigo": "zEdnHWNhZD",
            "total": 2,
            "valor_unitario": 752563,
            "descuento": 0.21,
            "IVA": 0
        },
        {
            "codigo": "9c80AsYEWY",
            "total": 6,
            "valor_unitario": 597650,
            "descuento": 0.36,
            "IVA": 5
        },
        {
            "codigo": "LfB8U1HNrR",
            "total": 1,
            "valor_unitario": 646789,
            "descuento": 0.24,
            "IVA": 0
        },
        {
            "codigo": "A7VrhBjSTa",
            "total": 16,
            "valor_unitario": 115289,
            "descuento": 0.47,
            "IVA": 19
        }
    ]
}