{
    "empresa_nit": "123456789",
    "empresa_ciudad": "CALI",
    "empresa_sede": "terminal",
    "empresa_nombre": "MicroMercado El Mio",
    "fecha_hora": "2023-05-01 16:34:49",
    "factura_num": "01066",
    "ciente_numero": 689277714,
    "pago_tipo": "TAR.CREDITO",
    "productos": [
        {
            "codigo": "MYLIs6bfiF",
            "total": 2,
            "valor_unitario": 567122,
            "descuento": 0.09,
            "IVA": 5
        },
        {
            "codigo": "O8UjIYviTC",
            "total": 1,
            "valor_unitario": 112934,
            "descuento": 0.36,
            "IVA": 19
        },
        {
            "codigo": "AIog3SpAlq",
            "total": 1,
            "valor_unitario": 363295,
            "descuento": 0.07,
            "IVA": 0
        },
        {
            "codigo": "HFK1WdZCgF",
            "total": 10,
            "valor_unitario": 743857,
            "descuento": 0.41,
            "IVA": 5
        }
    ]
}