{
    "empresa_nit": "123456789",
    "empresa_ciudad": "CALI",
    "empresa_sede": "alcaldia",
    "empresa_nombre": "MicroMercado El Mio",
    "fecha_hora": "2022-08-31 16:41:55",
    "factura_num": "01357",
    "ciente_numero": 920110900,
    "pago_tipo": "TAR.CREDITO",
    "productos": [
        {
            "codigo": "3R5Eaj1jNi",
            "total": 17,
            "valor_unitario": 961058,
            "descuento": 0.37,
            "IVA": 19
        },
        {
            "codigo": "FSFkDQetjT",
            "total": 14,
            "valor_unitario": 106148,
            "descuento": 0.08,
            "IVA": 5
        },
        {
            "codigo": "IvCSt1rr0a",
            "total": 2,
            "valor_unitario": 842127,
            "descuento": 0.33,
            "IVA": 19
        },
        {
            "codigo": "VXcFl9ZWe6",
            "total": 20,
            "valor_unitario": 916140,
            "descuento": 0.39,
            "IVA": 19
        },
        {
            "codigo": "fJHKADcPuG",
            "total": 10,
            "valor_unitario": 449308,
            "descuento": 0.39,
            "IVA": 19
        },
        {
            "codigo": "oehXRXGZNa",
            "total": 14,
            "valor_unitario": 953232,
            "descuento": 0.09,
            "IVA": 5
        },
        {
            "codigo": "DkDJWYMdcU",
            "total": 7,
            "valor_unitario": 792416,
            "descuento": 0.07,
            "IVA": 5
        },
        {
            "codigo": "r1lP4YRhcI",
            "total": 4,
            "valor_unitario": 802925,
            "descuento": 0.38,
            "IVA": 5
        },
        {
            "codigo": "GNaprqwu5D",
            "total": 5,
            "valor_unitario": 250610,
            "descuento": 0.36,
            "IVA": 19
        },
        {
            "codigo": "tDu8qcyoBr",
            "total": 20,
            "valor_unitario": 959577,
            "descuento": 0.1,
            "IVA": 19
        },
        {
            "codigo": "2LJD5ELK5f",
            "total": 18,
            "valor_unitario": 817425,
            "descuento": 0.25,
            "IVA": 5
        },
        {
            "codigo": "CLlJhTJ99t",
            "total": 1,
            "valor_unitario": 685091,
            "descuento": 0.1,
            "IVA": 19
        },
        {
            "codigo": "KN4DgLmEBr",
            "total": 14,
            "valor_unitario": 973690,
            "descuento": 0.16,
            "IVA": 0
        },
        {
            "codigo": "qF7FUdZ5n9",
            "total": 20,
            "valor_unitario": 656355,
            "descuento": 0.46,
            "IVA": 19
        },
        {
            "codigo": "qxGvn9H2UY",
            "total": 9,
            "valor_unitario": 682674,
            "descuento": 0.48,
            "IVA": 5
        }
    ]
}