{
    "empresa_nit": "123456789",
    "empresa_ciudad": "BOGOTA",
    "empresa_sede": "autopista",
    "empresa_nombre": "MicroMercado El Mio",
    "fecha_hora": "2024-11-21 22:51:27",
    "factura_num": "01087",
    "ciente_numero": 837042683,
    "pago_tipo": "TAR.CREDITO",
    "productos": [
        {
            "codigo": "r1UoqxDkBc",
            "total": 6,
            "valor_unitario": 880942,
            "descuento": 0.06,
            "IVA": 5
        },
        {
            "codigo": "hmTV86ahWr",
            "total": 15,
            "valor_unitario": 752037,
            "descuento": 0.39,
            "IVA": 19
        },
        {
            "codigo": "xboZMS3zB4",
            "total": 5,
            "valor_unitario": 688508,
            "descuento": 0.12,
            "IVA": 0
        },
        {
            "codigo": "XEWHF6XRBm",
            "total": 9,
            "valor_unitario": 339971,
            "descuento": 0.45,
            "IVA": 0
        },
        {
            "codigo": "jbYkcvGFa9",
            "total": 4,
            "valor_unitario": 106282,
            "descuento": 0.35,
            "IVA": 0
        },
        {
            "codigo": "pPBjg0sicX",
            "total": 17,
            "valor_unitario": 298627,
            "descuento": 0.06,
            "IVA": 0
        },
        {
            "codigo": "iUOErKsvEO",
            "total": 2,
            "valor_unitario": 284550,
            "descuento": 0.18,
            "IVA": 19
        },
        {
            "codigo": "0mK0seurrF",
            "total": 4,
            "valor_unitario": 816339,
            "descuento": 0.14,
            "IVA": 19
        },
        {
            "codigo": "4epdZL1Rq2",
            "total": 14,
            "valor_unitario": 667050,
            "descuento": 0.3,
            "IVA": 19
        },
        {
            "codigo": "txVY2dcENh",
            "total": 8,
            "valor_unitario": 823002,
            "descuento": 0.41,
            "IVA": 0
        },
        {
            "codigo": "0m5AFyanPQ",
            "total": 12,
            "valor_unitario": 86722,
            "descuento": 0.34,
            "IVA": 0
        },
        {
            "codigo": "vBy4Msgt2U",
            "total": 1,
            "valor_unitario": 865031,
            "descuento": 0.45,
            "IVA": 5
        },
        {
            "codigo": "tXRm93A731",
            "total": 3,
            "valor_unitario": 644344,
            "descuento": 0.23,
            "IVA": 19
        },
        {
            "codigo": "ATTCjUukG2",
            "total": 17,
            "valor_unitario": 908843,
            "descuento": 0.23,
            "IVA": 19
        }
    ]
}