{
    "empresa_nit": "123456789",
    "empresa_ciudad": "TUNJA",
    "empresa_sede": "plaza",
    "empresa_nombre": "MicroMercado El Mio",
    "fecha_hora": "2024-08-29 00:21:26",
    "factura_num": "00116",
    "ciente_numero": 199686570,
    "pago_tipo": "TRANFERENCIA",
    "productos": [
        {
            "codigo": "HOLnApFzun",
            "total": 3,
            "valor_unitario": 297625,
            "descuento": 0.13,
            "IVA": 5
        },
        {
            "codigo": "lxS3Mh9Tkd",
            "total": 19,
            "valor_unitario": 594963,
            "descuento": 0.23,
            "IVA": 5
        },
        {
            "codigo": "IqgDMZtLii",
            "total": 14,
            "valor_unitario": 838895,
            "descuento": 0.43,
            "IVA": 5
        }
    ]
}