{
    "empresa_nit": "123456789",
    "empresa_ciudad": "BARRANQUILLA",
    "empresa_sede": "alcaldia",
    "empresa_nombre": "MicroMercado El Mio",
    "fecha_hora": "2022-11-20 05:40:57",
    "factura_num": "01340",
    "ciente_numero": 291297303,
    "pago_tipo": "TRANFERENCIA",
    "productos": [
        {
            "codigo": "rdlPnDt5Ci",
            "total": 15,
            "valor_unitario": 159132,
            "descuento": 0.12,
            "IVA": 19
        },
        {
            "codigo": "2g9wMjKacb",
            "total": 16,
            "valor_unitario": 254093,
            "descuento": 0.32,
            "IVA": 19
        },
        {
            "codigo": "clwnMAPuOk",
            "total": 9,
            "valor_unitario": 665728,
            "descuento": 0.11,
            "IVA": 5
        },
        {
            "codigo": "wfbuSwXVxB",
            "total": 20,
            "valor_unitario": 40514,
            "descuento": 0.39,
            "IVA": 19
        },
        {
            "codigo": "5kfVEGQBgt",
            "total": 6,
            "valor_unitario": 223153,
            "descuento": 0.17,
            "IVA": 0
        },
        {
            "codigo": "gXH4U78QgJ",
            "total": 19,
            "valor_unitario": 609416,
            "descuento": 0.24,
            "IVA": 0
        },
        {
            "codigo": "78c5jNlMIS",
            "total": 17,
            "valor_unitario": 517544,
            "descuento": 0.08,
            "IVA": 19
        },
        {
            "codigo": "s2PHKDQGa0",
            "total": 5,
            "valor_unitario": 550942,
            "descuento": 0.26,
            "IVA": 19
        },
        {
            "codigo": "DXQ849WU1M",
            "total": 14,
            "valor_unitario": 537500,
            "descuento": 0.39,
            "IVA": 5
        },
        {
            "codigo": "sF2YA04arV",
            "total": 17,
            "valor_unitario": 851227,
            "descuento": 0.19,
            "IVA": 19
        },
        {
            "codigo": "sLw8vx0M31",
            "total": 20,
            "valor_unitario": 311827,
            "descuento": 0.28,
            "IVA": 19
        },
        {
            "codigo": "pVQ7IRizVv",
            "total": 19,
            "valor_unitario": 253995,
            "descuento": 0.13,
            "IVA": 5
        },
        {
            "codigo": "Tt0uL2Q13n",
            "total": 11,
            "valor_unitario": 196405,
            "descuento": 0.38,
            "IVA": 0
        },
        {
            "codigo": "RpXRGMgBkW",
            "total": 15,
            "valor_unitario": 936357,
            "descuento": 0.22,
            "IVA": 5
        },
        {
            "codigo": "Y0lF2SUXOm",
            "total": 11,
            "valor_unitario": 763981,
            "descuento": 0.24,
            "IVA": 0
        },
        {
            "codigo": "FMA4ogLksF",
            "total": 11,
            "valor_unitario": 416643,
            "descuento": 0.31,
            "IVA": 0
        },
        {
            "codigo": "PLxC659SER",
            "total": 7,
            "valor_unitario": 178004,
            "descuento": 0.04,
            "IVA": 19
        },
        {
            "codigo": "xWXMdKzv4I",
            "total": 10,
            "valor_unitario": 806228,
            "descuento": 0.32,
            "IVA": 0
        },
        {
            "codigo": "RcjGmAILpI",
            "total": 20,
            "valor_unitario": 152268,
            "descuento": 0.4,
            "IVA": 19
        }
    ]
}