{
    "empresa_nit": "123456789",
    "empresa_ciudad": "CALI",
    "empresa_sede": "autopista",
    "empresa_nombre": "MicroMercado El Mio",
    "fecha_hora": "2021-05-26 23:39:48",
    "factura_num": "01189",
    "ciente_numero": 470587965,
    "pago_tipo": "TAR.DEBITO",
    "productos": [
        {
            "codigo": "9kz4jCK9dj",
            "total": 5,
            "valor_unitario": 744806,
            "descuento": 0.04,
            "IVA": 0
        },
        {
            "codigo": "KkpCZMmjej",
            "total": 12,
            "valor_unitario": 2122,
            "descuento": 0.27,
            "IVA": 19
        },
        {
            "codigo": "ay9AxjB9Tx",
            "total": 11,
            "valor_unitario": 964569,
            "descuento": 0.33,
            "IVA": 0
        },
        {
            "codigo": "iMZHCGw92P",
            "total": 10,
            "valor_unitario": 917791,
            "descuento": 0.43,
            "IVA": 0
        },
        {
            "codigo": "wXUMlMZNLO",
            "total": 7,
            "valor_unitario": 434617,
            "descuento": 0.0,
            "IVA": 5
        },
        {
            "codigo": "aOi218trdj",
            "total": 5,
            "valor_unitario": 575309,
            "descuento": 0.47,
            "IVA": 5
        },
        {
            "codigo": "9giro8D8nf",
            "total": 19,
            "valor_unitario": 28475,
            "descuento": 0.5,
            "IVA": 0
        },
        {
            "codigo": "8ziBz7DHUs",
            "total": 6,
            "valor_unitario": 671637,
            "descuento": 0.38,
            "IVA": 5
        },
        {
            "codigo": "miY2NHX8jq",
            "total": 14,
            "valor_unitario": 894535,
            "descuento": 0.04,
            "IVA": 5
        },
        {
            "codigo": "S64ofkKRI4",
            "total": 10,
            "valor_unitario": 112572,
            "descuento": 0.21,
            "IVA": 5
        },
        {
            "codigo": "eVfqVZZal2",
            "total": 14,
            "valor_unitario": 274265,
            "descuento": 0.2,
            "IVA": 5
        },
        {
            "codigo": "H0rPqj8Biy",
            "total": 11,
            "valor_unitario": 209727,
            "descuento": 0.41,
            "IVA": 5
        },
        {
            "codigo": "gukJaqfWhC",
            "total": 12,
            "valor_unitario": 952637,
            "descuento": 0.48,
            "IVA": 19
        },
        {
            "codigo": "sFFaKlL7gu",
            "total": 3,
            "valor_unitario": 225723,
            "descuento": 0.49,
            "IVA": 5
        },
        {
            "codigo": "yRULriyu7o",
            "total": 9,
            "valor_unitario": 541116,
            "descuento": 0.43,
            "IVA": 5
        },
        {
            "codigo": "MN2dwy7evw",
            "total": 12,
            "valor_unitario": 737293,
            "descuento": 0.15,
            "IVA": 5
        },
        {
            "codigo": "cAmvSN6NrF",
            "total": 20,
            "valor_unitario": 331421,
            "descuento": 0.36,
            "IVA": 0
        },
        {
            "codigo": "SaPhuVHXRd",
            "total": 9,
            "valor_unitario": 743527,
            "descuento": 0.36,
            "IVA": 0
        },
        {
            "codigo": "OsqS8I2pmc",
            "total": 16,
            "valor_unitario": 989649,
            "descuento": 0.16,
            "IVA": 5
        },
        {
            "codigo": "LPOykeNY7n",
            "total": 9,
            "valor_unitario": 964824,
            "descuento": 0.02,
            "IVA": 0
        }
    ]
}