{
    "empresa_nit": "123456789",
    "empresa_ciudad": "TUNJA",
    "empresa_sede": "autopista",
    "empresa_nombre": "MicroMercado El Mio",
    "fecha_hora": "2021-01-13 12:51:54",
    "factura_num": "01068",
    "ciente_numero": 334743934,
    "pago_tipo": "TRANFERENCIA",
    "productos": [
        {
            "codigo": "obKI8aJ2ax",
            "total": 17,
            "valor_unitario": 895911,
            "descuento": 0.22,
            "IVA": 5
        },
        {
            "codigo": "IjL3wWcCL7",
            "total": 9,
            "valor_unitario": 345997,
            "descuento": 0.32,
            "IVA": 0
        },
        {
            "codigo": "08jYmtRilG",
            "total": 17,
            "valor_unitario": 873570,
            "descuento": 0.2,
            "IVA": 5
        }
    ]
}