{
    "empresa_nit": "123456789",
    "empresa_ciudad": "TUNJA",
    "empresa_sede": "alcaldia",
    "empresa_nombre": "MicroMercado El Mio",
    "fecha_hora": "2021-05-25 16:19:22",
    "factura_num": "01082",
    "ciente_numero": 886220412,
    "pago_tipo": "EFECTIVO",
    "productos": [
        {
            "codigo": "CWxaXTIC4N",
            "total": 5,
            "valor_unitario": 190543,
            "descuento": 0.08,
            "IVA": 0
        },
        {
            "codigo": "IFUsa1WwXK",
            "total": 1,
            "valor_unitario": 732356,
            "descuento": 0.03,
            "IVA": 0
        },
        {
            "codigo": "a5MIn8W5V3",
            "total": 16,
            "valor_unitario": 772529,
            "descuento": 0.07,
            "IVA": 0
        },
        {
            "codigo": "BCWVe6x6Jx",
            "total": 12,
            "valor_unitario": 356882,
            "descuento": 0.45,
            "IVA": 19
        },
        {
            "codigo": "sOBcs77RlT",
            "total": 6,
            "valor_unitario": 184671,
            "descuento": 0.07,
            "IVA": 19
        },
        {
            "codigo": "7uwjnIIp5r",
            "total": 10,
            "valor_unitario": 776137,
            "descuento": 0.18,
            "IVA": 19
        },
        {
            "codigo": "o5fSqOJ4Rf",
            "total": 4,
            "valor_unitario": 842305,
            "descuento": 0.15,
            "IVA": 19
        },
        {
            "codigo": "s6L5lLeYNu",
            "total": 18,
            "valor_unitario": 458086,
            "descuento": 0.11,
            "IVA": 0
        },
        {
            "codigo": "3uoGsdTfV4",
            "total": 2,
            "valor_unitario": 309200,
            "descuento": 0.06,
            "IVA": 5
        },
        {
            "codigo": "QH0ba2dUc2",
            "total": 1,
            "valor_unitario": 79483,
            "descuento": 0.34,
            "IVA": 0
        },
        {
            "codigo": "9WxpclGEaq",
            "total": 6,
            "valor_unitario": 539566,
            "descuento": 0.34,
            "IVA": 19
        },
        {
            "codigo": "DxK5Zgpktb",
            "total": 17,
            "valor_unitario": 135778,
            "descuento": 0.34,
            "IVA": 5
        },
        {
            "codigo": "bFm71JSlwS",
            "total": 17,
            "valor_unitario": 390225,
            "descuento": 0.19,
            "IVA": 5
        }
    ]
}