{
    "empresa_nit": "123456789",
    "empresa_ciudad": "BOGOTA",
    "empresa_sede": "autopista",
    "empresa_nombre": "MicroMercado El Mio",
    "fecha_hora": "2022-12-09 16:29:19",
    "factura_num": "01003",
    "ciente_numero": 123656919,
    "pago_tipo": "TRANFERENCIA",
    "productos": [
        {
            "codigo": "qyOAhAMadH",
            "total": 5,
            "valor_unitario": 491687,
            "descuento": 0.29,
            "IVA": 19
        },
        {
            "codigo": "OXhC56nUWX",
            "total": 8,
            "valor_unitario": 401216,
            "descuento": 0.07,
            "IVA": 0
        },
        {
            "codigo": "dtPvksLIzd",
            "total": 19,
            "valor_unitario": 392996,
            "descuento": 0.17,
            "IVA": 19
        },
        {
            "codigo": "G4et8yteAX",
            "total": 5,
            "valor_unitario": 101532,
            "descuento": 0.02,
            "IVA": 19
        },
        {
            "codigo": "I3n5Z8l0jC",
            "total": 16,
            "valor_unitario": 361332,
            "descuento": 0.32,
            "IVA": 5
        },
        {
            "codigo": "UxCkV7F5VC",
            "total": 16,
            "valor_unitario": 410308,
            "descuento": 0.45,
            "IVA": 5
        },
        {
            "codigo": "17y23pgCZm",
            "total": 6,
            "valor_unitario": 684258,
            "descuento": 0.09,
            "IVA": 5
        },
        {
            "codigo": "zKLjqCERwf",
            "total": 4,
            "valor_unitario": 545142,
            "descuento": 0.19,
            "IVA": 0
        },
        {
            "codigo": "HD0MXqHu9u",
            "total": 13,
            "valor_unitario": 462264,
            "descuento": 0.44,
            "IVA": 5
        },
        {
            "codigo": "XZI0DTpKRX",
            "total": 3,
            "valor_unitario": 819853,
            "descuento": 0.14,
            "IVA": 19
        },
        {
            "codigo": "qMo9gUpLzP",
            "total": 18,
            "valor_unitario": 859021,
            "descuento": 0.19,
            "IVA": 5
        }
    ]
}