{
    "empresa_nit": "123456789",
    "empresa_ciudad": "TUNJA",
    "empresa_sede": "plaza",
    "empresa_nombre": "MicroMercado El Mio",
    "fecha_hora": "2021-01-21 03:59:56",
    "factura_num": "00001",
    "ciente_numero": 432280051,
    "pago_tipo": "TAR.DEBITO",
    "productos": [
        {
            "codigo": "srbKBad7Bm",
            "total": 10,
            "valor_unitario": 121121,
            "descuento": 0.09,
            "IVA": 19
        },
        {
            "codigo": "NzH90zy2Hw",
            "total": 19,
            "valor_unitario": 132316,
            "descuento": 0.33,
            "IVA": 5
        },
        {
            "codigo": "Hm0bgwKKf6",
            "total": 4,
            "valor_unitario": 365191,
            "descuento": 0.09,
            "IVA": 5
        },
        {
            "codigo": "fNwqbqtFKa",
            "total": 13,
            "valor_unitario": 146948,
            "descuento": 0.0,
            "IVA": 19
        },
        {
            "codigo": "oxULKMwAHW",
            "total": 15,
            "valor_unitario": 249417,
            "descuento": 0.33,
            "IVA": 5
        },
        {
            "codigo": "55f5Ww0Vyq",
            "total": 18,
            "valor_unitario": 357948,
            "descuento": 0.21,
            "IVA": 0
        },
        {
            "codigo": "8L8bV1lahD",
            "total": 9,
            "valor_unitario": 547322,
            "descuento": 0.4,
            "IVA": 5
        },
        {
            "codigo": "ALUUgbnfR9",
            "total": 6,
            "valor_unitario": 297225,
            "descuento": 0.17,
            "IVA": 0
        },
        {
            "codigo": "CCQEZHwJpp",
            "total": 1,
            "valor_unitario": 842335,
            "descuento": 0.2,
            "IVA": 5
        },
        {
            "codigo": "U2Hf2hM6iX",
            "total": 13,
            "valor_unitario": 106003,
            "descuento": 0.04,
            "IVA": 5
        },
        {
            "codigo": "HbRod8S6W2",
            "total": 3,
            "valor_unitario": 842396,
            "descuento": 0.49,
            "IVA": 0
        }
    ]
}