{
    "empresa_nit": "123456789",
    "empresa_ciudad": "TUNJA",
    "empresa_sede": "plaza",
    "empresa_nombre": "MicroMercado El Mio",
    "fecha_hora": "2022-01-14 15:39:14",
    "factura_num": "01227",
    "ciente_numero": 181748326,
    "pago_tipo": "EFECTIVO",
    "productos": [
        {
            "codigo": "js2vk2qNuY",
            "total": 19,
            "valor_unitario": 906706,
            "descuento": 0.07,
            "IVA": 19
        },
        {
            "codigo": "DyXOl85m5p",
            "total": 6,
            "valor_unitario": 531799,
            "descuento": 0.01,
            "IVA": 5
        },
        {
            "codigo": "2EsrvLZ26J",
            "total": 6,
            "valor_unitario": 672938,
            "descuento": 0.13,
            "IVA": 0
        },
        {
            "codigo": "1u63F2yd2v",
            "total": 3,
            "valor_unitario": 700319,
            "descuento": 0.1,
            "IVA": 5
        },
        {
            "codigo": "HZsXNXqMIq",
            "total": 15,
            "valor_unitario": 979003,
            "descuento": 0.37,
            "IVA": 0
        },
        {
            "codigo": "4VR4ZG1Jp8",
            "total": 20,
            "valor_unitario": 209855,
            "descuento": 0.18,
            "IVA": 19
        },
        {
            "codigo": "EzdC83MhUH",
            "total": 4,
            "valor_unitario": 776502,
            "descuento": 0.41,
            "IVA": 19
        }
    ]
}