{
    "empresa_nit": "123456789",
    "empresa_ciudad": "BOGOTA",
    "empresa_sede": "centro",
    "empresa_nombre": "MicroMercado El Mio",
    "fecha_hora": "2022-10-06 10:15:36",
    "factura_num": "01289",
    "ciente_numero": 350826663,
    "pago_tipo": "TAR.DEBITO",
    "productos": [
        {
            "codigo": "8t2BOPeilR",
            "total": 4,
            "valor_unitario": 11352,
            "descuento": 0.33,
            "IVA": 0
        },
        {
            "codigo": "F6I7gd3VQq",
            "total": 16,
            "valor_unitario": 37079,
            "descuento": 0.29,
            "IVA": 5
        }
    ]
}