{
    "empresa_nit": "123456789",
    "empresa_ciudad": "BARRANQUILLA",
    "empresa_sede": "terminal",
    "empresa_nombre": "MicroMercado El Mio",
    "fecha_hora": "2021-11-06 16:06:31",
    "factura_num": "01209",
    "ciente_numero": 198374754,
    "pago_tipo": "TRANFERENCIA",
    "productos": [
        {
            "codigo": "2wtDTMatpa",
            "total": 18,
            "valor_unitario": 15498,
            "descuento": 0.35,
            "IVA": 19
        },
        {
            "codigo": "Km2pkj6nNd",
            "total": 9,
            "valor_unitario": 614179,
            "descuento": 0.44,
            "IVA": 19
        },
        {
            "codigo": "HmJSz6FgaQ",
            "total": 4,
            "valor_unitario": 517340,
            "descuento": 0.46,
            "IVA": 5
        }
    ]
}