{
    "empresa_nit": "123456789",
    "empresa_ciudad": "BARRANQUILLA",
    "empresa_sede": "autopista",
    "empresa_nombre": "MicroMercado El Mio",
    "fecha_hora": "2020-07-04 11:44:50",
    "factura_num": "01258",
    "ciente_numero": 368616139,
    "pago_tipo": "TRANFERENCIA",
    "productos": [
        {
            "codigo": "9vStcm5WWZ",
            "total": 7,
            "valor_unitario": 32956,
            "descuento": 0.39,
            "IVA": 19
        },
        {
            "codigo": "ZmEacn9QRH",
            "total": 18,
            "valor_unitario": 177875,
            "descuento": 0.15,
            "IVA": 5
        },
        {
            "codigo": "i4hCMYfm7N",
            "total": 6,
            "valor_unitario": 569592,
            "descuento": 0.32,
            "IVA": 19
        },
        {
            "codigo": "Cb321lCukR",
            "total": 13,
            "valor_unitario": 878917,
            "descuento": 0.35,
            "IVA": 5
        },
        {
            "codigo": "wOIdjZe6XW",
            "total": 8,
            "valor_unitario": 766885,
            "descuento": 0.03,
            "IVA": 5
        },
        {
            "codigo": "MHjKDtaumg",
            "total": 4,
            "valor_unitario": 32023,
            "descuento": 0.47,
            "IVA": 5
        },
        {
            "codigo": "LHWrJTwUKe",
            "total": 2,
            "valor_unitario": 113538,
            "descuento": 0.1,
            "IVA": 5
        },
        {
            "codigo": "ikPkz9coup",
            "total": 20,
            "valor_unitario": 213970,
            "descuento": 0.11,
            "IVA": 0
        },
        {
            "codigo": "2qfruwzImF",
            "total": 4,
            "valor_unitario": 493037,
            "descuento": 0.28,
            "IVA": 5
        },
        {
            "codigo": "j1f4RHZMik",
            "total": 19,
            "valor_unitario": 781948,
            "descuento": 0.18,
            "IVA": 0
        },
        {
            "codigo": "S8w3lT2gGH",
            "total": 17,
            "valor_unitario": 240232,
            "descuento": 0.39,
            "IVA": 0
        },
        {
            "codigo": "fGuzv06UQM",
            "total": 5,
            "valor_unitario": 924939,
            "descuento": 0.3,
            "IVA": 0
        },
        {
            "codigo": "FUldkoUYXD",
            "total": 19,
            "valor_unitario": 494907,
            "descuento": 0.1,
            "IVA": 0
        },
        {
            "codigo": "AnD4b8uoGY",
            "total": 9,
            "valor_unitario": 417353,
            "descuento": 0.4,
            "IVA": 5
        },
        {
            "codigo": "2DYAtbk7dE",
            "total": 6,
            "valor_unitario": 360489,
            "descuento": 0.3,
            "IVA": 19
        },
        {
            "codigo": "tj1PGE8tSg",
            "total": 2,
            "valor_unitario": 207004,
            "descuento": 0.13,
            "IVA": 19
        },
        {
            "codigo": "mXVehjV2E3",
            "total": 13,
            "valor_unitario": 609091,
            "descuento": 0.36,
            "IVA": 19
        },
        {
            "codigo": "8AEc5QN7li",
            "total": 4,
            "valor_unitario": 458368,
            "descuento": 0.08,
            "IVA": 0
        },
        {
            "codigo": "6603jAdfH7",
            "total": 17,
            "valor_unitario": 803908,
            "descuento": 0.46,
            "IVA": 5
        }
    ]
}