{
    "empresa_nit": "123456789",
    "empresa_ciudad": "TUNJA",
    "empresa_sede": "centro",
    "empresa_nombre": "MicroMercado El Mio",
    "fecha_hora": "2022-01-09 00:20:14",
    "factura_num": "01261",
    "ciente_numero": 652918090,
    "pago_tipo": "EFECTIVO",
    "productos": [
        {
            "codigo": "93Ry0M29jr",
            "total": 15,
            "valor_unitario": 33419,
            "descuento": 0.1,
            "IVA": 5
        },
        {
            "codigo": "r9fxr7xoij",
            "total": 14,
            "valor_unitario": 959353,
            "descuento": 0.14,
            "IVA": 0
        },
        {
            "codigo": "zZOBOlVb8k",
            "total": 3,
            "valor_unitario": 224484,
            "descuento": 0.0,
            "IVA": 19
        },
        {
            "codigo": "uaXKAxCJPg",
            "total": 3,
            "valor_unitario": 825149,
            "descuento": 0.41,
            "IVA": 5
        },
        {
            "codigo": "a4GupxMTJ9",
            "total": 1,
            "valor_unitario": 217440,
            "descuento": 0.22,
            "IVA": 5
        },
        {
            "codigo": "0FXXgaWww0",
            "total": 9,
            "valor_unitario": 571022,
            "descuento": 0.46,
            "IVA": 5
        },
        {
            "codigo": "9poBI6Hyog",
            "total": 4,
            "valor_unitario": 355572,
            "descuento": 0.24,
            "IVA": 19
        }
    ]
}