{
    "empresa_nit": "123456789",
    "empresa_ciudad": "TUNJA",
    "empresa_sede": "autopista",
    "empresa_nombre": "MicroMercado El Mio",
    "fecha_hora": "2022-05-14 18:38:36",
    "factura_num": "01415",
    "ciente_numero": 390480271,
    "pago_tipo": "TAR.CREDITO",
    "productos": [
        {
            "codigo": "18DV2gkaMg",
            "total": 2,
            "valor_unitario": 713670,
            "descuento": 0.1,
            "IVA": 5
        },
        {
            "codigo": "6H4jQlpaix",
            "total": 19,
            "valor_unitario": 919882,
            "descuento": 0.2,
            "IVA": 19
        },
        {
            "codigo": "Az9F2JnZKU",
            "total": 11,
            "valor_unitario": 784287,
            "descuento": 0.42,
            "IVA": 19
        },
        {
            "codigo": "MzS7dwixEc",
            "total": 7,
            "valor_unitario": 464040,
            "descuento": 0.44,
            "IVA": 5
        },
        {
            "codigo": "7wlpfrpzEk",
            "total": 19,
            "valor_unitario": 540255,
            "descuento": 0.36,
            "IVA": 5
        },
        {
            "codigo": "qodT4DXw4a",
            "total": 18,
            "valor_unitario": 358392,
            "descuento": 0.27,
            "IVA": 5
        },
        {
            "codigo": "eUrf10u0wP",
            "total": 8,
            "valor_unitario": 13504,
            "descuento": 0.22,
            "IVA": 0
        },
        {
            "codigo": "NdxPFcHADa",
            "total": 20,
            "valor_unitario": 965448,
            "descuento": 0.5,
            "IVA": 0
        },
        {
            "codigo": "431tda8nwj",
            "total": 5,
            "valor_unitario": 223006,
            "descuento": 0.05,
            "IVA": 5
        },
        {
            "codigo": "znEz30Qt1K",
            "total": 19,
            "valor_unitario": 257769,
            "descuento": 0.48,
            "IVA": 5
        },
        {
            "codigo": "c9fAjsj5Ls",
            "total": 20,
            "valor_unitario": 455713,
            "descuento": 0.09,
            "IVA": 0
        },
        {
            "codigo": "OUOpEBpb9O",
            "total": 5,
            "valor_unitario": 778179,
            "descuento": 0.29,
            "IVA": 0
        },
        {
            "codigo": "88gqXIWK8m",
            "total": 1,
            "valor_unitario": 840109,
            "descuento": 0.07,
            "IVA": 0
        },
        {
            "codigo": "Je7l5BcIwG",
            "total": 2,
            "valor_unitario": 184353,
            "descuento": 0.11,
            "IVA": 0
        },
        {
            "codigo": "lyMGapu8oe",
            "total": 6,
            "valor_unitario": 94946,
            "descuento": 0.29,
            "IVA": 5
        },
        {
            "codigo": "bTbTgRRSeS",
            "total": 15,
            "valor_unitario": 238642,
            "descuento": 0.14,
            "IVA": 5
        },
        {
            "codigo": "JXSqHZc1Kz",
            "total": 5,
            "valor_unitario": 794824,
            "descuento": 0.13,
            "IVA": 0
        }
    ]
}