{
    "empresa_nit": "123456789",
    "empresa_ciudad": "TUNJA",
    "empresa_sede": "plaza",
    "empresa_nombre": "MicroMercado El Mio",
    "fecha_hora": "2020-10-10 12:09:15",
    "factura_num": "01358",
    "ciente_numero": 592997607,
    "pago_tipo": "TAR.DEBITO",
    "productos": [
        {
            "codigo": "pK7GpkLaFB",
            "total": 13,
            "valor_unitario": 611547,
            "descuento": 0.44,
            "IVA": 19
        },
        {
            "codigo": "WZmjEJNjyH",
            "total": 4,
            "valor_unitario": 447371,
            "descuento": 0.16,
            "IVA": 19
        },
        {
            "codigo": "xqrv4qPqa2",
            "total": 4,
            "valor_unitario": 324175,
            "descuento": 0.02,
            "IVA": 19
        },
        {
            "codigo": "aORznEn3rs",
            "total": 4,
            "valor_unitario": 342919,
            "descuento": 0.32,
            "IVA": 5
        },
        {
            "codigo": "txyRd6zPQ1",
            "total": 9,
            "valor_unitario": 632806,
            "descuento": 0.43,
            "IVA": 19
        },
        {
            "codigo": "72qL775qLQ",
            "total": 3,
            "valor_unitario": 273876,
            "descuento": 0.25,
            "IVA": 5
        },
        {
            "codigo": "P0FVNf71l6",
            "total": 3,
            "valor_unitario": 829148,
            "descuento": 0.49,
            "IVA": 0
        },
        {
            "codigo": "mX3Pvb4vTB",
            "total": 14,
            "valor_unitario": 31778,
            "descuento": 0.48,
            "IVA": 19
        },
        {
            "codigo": "WS3DIpwNq7",
            "total": 2,
            "valor_unitario": 188718,
            "descuento": 0.07,
            "IVA": 5
        },
        {
            "codigo": "05dQokAMjo",
            "total": 1,
            "valor_unitario": 526954,
            "descuento": 0.25,
            "IVA": 0
        },
        {
            "codigo": "aPuBl6dp9f",
            "total": 12,
            "valor_unitario": 607653,
            "descuento": 0.35,
            "IVA": 19
        },
        {
            "codigo": "bLfYJXjsXu",
            "total": 6,
            "valor_unitario": 359945,
            "descuento": 0.37,
            "IVA": 5
        },
        {
            "codigo": "f8tvsGP8kK",
            "total": 13,
            "valor_unitario": 41433,
            "descuento": 0.23,
            "IVA": 5
        },
        {
            "codigo": "8bY72xyFu3",
            "total": 18,
            "valor_unitario": 447010,
            "descuento": 0.16,
            "IVA": 0
        },
        {
            "codigo": "5j6dZ08IgB",
            "total": 12,
            "valor_unitario": 717154,
            "descuento": 0.45,
            "IVA": 0
        },
        {
            "codigo": "Jb3iYbmuPd",
            "total": 9,
            "valor_unitario": 354251,
            "descuento": 0.03,
            "IVA": 0
        },
        {
            "codigo": "Hi8Bcu6x4i",
            "total": 3,
            "valor_unitario": 274179,
            "descuento": 0.39,
            "IVA": 5
        },
        {
            "codigo": "jsboD3tErf",
            "total": 17,
            "valor_unitario": 208316,
            "descuento": 0.24,
            "IVA": 0
        },
        {
            "codigo": "qEZrv3lWDy",
            "total": 4,
            "valor_unitario": 953362,
            "descuento": 0.47,
            "IVA": 5
        },
        {
            "codigo": "AqsbmweMvA",
            "total": 10,
            "valor_unitario": 41565,
            "descuento": 0.41,
            "IVA": 5
        }
    ]
}