{
    "empresa_nit": "123456789",
    "empresa_ciudad": "BARRANQUILLA",
    "empresa_sede": "alcaldia",
    "empresa_nombre": "MicroMercado El Mio",
    "fecha_hora": "2023-07-20 16:00:23",
    "factura_num": "01110",
    "ciente_numero": 694808302,
    "pago_tipo": "TAR.CREDITO",
    "productos": [
        {
            "codigo": "OleHjBmoaQ",
            "total": 3,
            "valor_unitario": 394365,
            "descuento": 0.08,
            "IVA": 5
        },
        {
            "codigo": "0xU3naZVPN",
            "total": 13,
            "valor_unitario": 407941,
            "descuento": 0.42,
            "IVA": 5
        },
        {
            "codigo": "KCGtPMXBZL",
            "total": 16,
            "valor_unitario": 922492,
            "descuento": 0.19,
            "IVA": 19
        },
        {
            "codigo": "NluGTtsKPf",
            "total": 15,
            "valor_unitario": 895427,
            "descuento": 0.03,
            "IVA": 19
        },
        {
            "codigo": "rT45Y00st7",
            "total": 13,
            "valor_unitario": 445246,
            "descuento": 0.02,
            "IVA": 5
        },
        {
            "codigo": "1Bu3Znt4kK",
            "total": 8,
            "valor_unitario": 755641,
            "descuento": 0.49,
            "IVA": 19
        },
        {
            "codigo": "k8oc6ll7SQ",
            "total": 1,
            "valor_unitario": 8758,
            "descuento": 0.34,
            "IVA": 19
        },
        {
            "codigo": "iCCPaLT2oC",
            "total": 9,
            "valor_unitario": 935823,
            "descuento": 0.21,
            "IVA": 19
        },
        {
            "codigo": "nVhtrOScL7",
            "total": 12,
            "valor_unitario": 748035,
            "descuento": 0.47,
            "IVA": 19
        },
        {
            "codigo": "9TYMVFrZTZ",
            "total": 16,
            "valor_unitario": 269914,
            "descuento": 0.27,
            "IVA": 0
        },
        {
            "codigo": "SKg9W0ljOz",
            "total": 3,
            "valor_unitario": 283348,
            "descuento": 0.31,
            "IVA": 5
        },
        {
            "codigo": "WzGQnWJBEP",
            "total": 10,
            "valor_unitario": 250920,
            "descuento": 0.05,
            "IVA": 19
        },
        {
            "codigo": "VEaBvgHZq4",
            "total": 10,
            "valor_unitario": 868775,
            "descuento": 0.07,
            "IVA": 0
        },
        {
            "codigo": "oKH1kTYRQG",
            "total": 2,
            "valor_unitario": 59004,
            "descuento": 0.08,
            "IVA": 5
        },
        {
            "codigo": "awntTY9laU",
            "total": 5,
            "valor_unitario": 419571,
            "descuento": 0.08,
            "IVA": 0
        },
        {
            "codigo": "UBvkdvKILm",
            "total": 12,
            "valor_unitario": 890045,
            "descuento": 0.15,
            "IVA": 5
        },
        {
            "codigo": "SCsSp5HPeB",
            "total": 8,
            "valor_unitario": 638386,
            "descuento": 0.05,
            "IVA": 19
        }
    ]
}