{
    "empresa_nit": "123456789",
    "empresa_ciudad": "BARRANQUILLA",
    "empresa_sede": "alcaldia",
    "empresa_nombre": "MicroMercado El Mio",
    "fecha_hora": "2024-05-26 23:51:48",
    "factura_num": "01071",
    "ciente_numero": 223812291,
    "pago_tipo": "TAR.CREDITO",
    "productos": [
        {
            "codigo": "57QDl2oco2",
            "total": 12,
            "valor_unitario": 963932,
            "descuento": 0.14,
            "IVA": 5
        },
        {
            "codigo": "CmbfTGE44y",
            "total": 8,
            "valor_unitario": 268566,
            "descuento": 0.26,
            "IVA": 5
        },
        {
            "codigo": "RC3Kxl68uI",
            "total": 10,
            "valor_unitario": 291871,
            "descuento": 0.33,
            "IVA": 19
        },
        {
            "codigo": "2OrjKs0CeI",
            "total": 3,
            "valor_unitario": 953257,
            "descuento": 0.3,
            "IVA": 5
        },
        {
            "codigo": "L8RIfn1doG",
            "total": 13,
            "valor_unitario": 399445,
            "descuento": 0.02,
            "IVA": 19
        },
        {
            "codigo": "pdxmXwsLIz",
            "total": 2,
            "valor_unitario": 386354,
            "descuento": 0.12,
            "IVA": 19
        },
        {
            "codigo": "CVKdr7AZN8",
            "total": 5,
            "valor_unitario": 381656,
            "descuento": 0.48,
            "IVA": 0
        },
        {
            "codigo": "FXoiaRwfZY",
            "total": 18,
            "valor_unitario": 219548,
            "descuento": 0.11,
            "IVA": 5
        },
        {
            "codigo": "sguRS5Phyq",
            "total": 20,
            "valor_unitario": 228978,
            "descuento": 0.12,
            "IVA": 0
        },
        {
            "codigo": "2hiz0TJILn",
            "total": 13,
            "valor_unitario": 572678,
            "descuento": 0.31,
            "IVA": 19
        },
        {
            "codigo": "RoyJ8EnyNQ",
            "total": 7,
            "valor_unitario": 395263,
            "descuento": 0.38,
            "IVA": 19
        },
        {
            "codigo": "eUjv7r9dmU",
            "total": 4,
            "valor_unitario": 830175,
            "descuento": 0.41,
            "IVA": 5
        },
        {
            "codigo": "hHPucZ7DqS",
            "total": 9,
            "valor_unitario": 175416,
            "descuento": 0.22,
            "IVA": 5
        },
        {
            "codigo": "629oapyg0r",
            "total": 10,
            "valor_unitario": 408298,
            "descuento": 0.26,
            "IVA": 5
        },
        {
            "codigo": "XKcTf8xsgU",
            "total": 15,
            "valor_unitario": 344511,
            "descuento": 0.49,
            "IVA": 19
        },
        {
            "codigo": "innb9YHkmE",
            "total": 18,
            "valor_unitario": 257398,
            "descuento": 0.35,
            "IVA": 5
        },
        {
            "codigo": "lKA3tyXgfa",
            "total": 1,
            "valor_unitario": 850433,
            "descuento": 0.44,
            "IVA": 0
        },
        {
            "codigo": "eLWvkhLEPe",
            "total": 20,
            "valor_unitario": 696174,
            "descuento": 0.4,
            "IVA": 0
        },
        {
            "codigo": "k4Duim3e5t",
            "total": 9,
            "valor_unitario": 819407,
            "descuento": 0.14,
            "IVA": 19
        }
    ]
}