{
    "empresa_nit": "123456789",
    "empresa_ciudad": "MEDELLIN",
    "empresa_sede": "autopista",
    "empresa_nombre": "MicroMercado El Mio",
    "fecha_hora": "2022-06-01 08:48:15",
    "factura_num": "01041",
    "ciente_numero": 485506971,
    "pago_tipo": "TAR.DEBITO",
    "productos": [
        {
            "codigo": "XG5gpdIlAg",
            "total": 14,
            "valor_unitario": 765279,
            "descuento": 0.02,
            "IVA": 5
        },
        {
            "codigo": "ayKEM85dgO",
            "total": 15,
            "valor_unitario": 605944,
            "descuento": 0.15,
            "IVA": 19
        },
        {
            "codigo": "ZYAZHfHyZa",
            "total": 11,
            "valor_unitario": 146062,
            "descuento": 0.47,
            "IVA": 19
        },
        {
            "codigo": "XSRxmUFJIF",
            "total": 19,
            "valor_unitario": 190936,
            "descuento": 0.45,
            "IVA": 5
        },
        {
            "codigo": "EXKG0HBXny",
            "total": 7,
            "valor_unitario": 315628,
            "descuento": 0.46,
            "IVA": 0
        },
        {
            "codigo": "maEplrpomp",
            "total": 7,
            "valor_unitario": 240407,
            "descuento": 0.09,
            "IVA": 19
        },
        {
            "codigo": "9AwceMef2T",
            "total": 18,
            "valor_unitario": 259561,
            "descuento": 0.18,
            "IVA": 0
        },
        {
            "codigo": "flQ5IwxmJV",
            "total": 5,
            "valor_unitario": 526182,
            "descuento": 0.4,
            "IVA": 0
        },
        {
            "codigo": "GWMEkmQqAP",
            "total": 15,
            "valor_unitario": 880296,
            "descuento": 0.43,
            "IVA": 0
        },
        {
            "codigo": "aixZAFiEQp",
            "total": 20,
            "valor_unitario": 415639,
            "descuento": 0.44,
            "IVA": 0
        },
        {
            "codigo": "1JlSJ9ax11",
            "total": 12,
            "valor_unitario": 589284,
            "descuento": 0.09,
            "IVA": 5
        },
        {
            "codigo": "0alGHM8GLO",
            "total": 6,
            "valor_unitario": 360199,
            "descuento": 0.15,
            "IVA": 5
        },
        {
            "codigo": "3c9Ui48fHE",
            "total": 16,
            "valor_unitario": 719521,
            "descuento": 0.29,
            "IVA": 5
        },
        {
            "codigo": "VYdNeAvNjy",
            "total": 15,
            "valor_unitario": 353208,
            "descuento": 0.33,
            "IVA": 5
        },
        {
            "codigo": "iP8f3PzyDB",
            "total": 6,
            "valor_unitario": 740732,
            "descuento": 0.42,
            "IVA": 19
        },
        {
            "codigo": "mWiiZJEbP0",
            "total": 5,
            "valor_unitario": 561804,
            "descuento": 0.14,
            "IVA": 19
        },
        {
            "codigo": "WIJcOmDRUA",
            "total": 10,
            "valor_unitario": 667399,
            "descuento": 0.49,
            "IVA": 0
        },
        {
            "codigo": "wlc12DJFQZ",
            "total": 11,
            "valor_unitario": 456039,
            "descuento": 0.19,
            "IVA": 19
        },
        {
            "codigo": "Id1HhA5gAn",
            "total": 16,
            "valor_unitario": 224047,
            "descuento": 0.1,
            "IVA": 0
        },
        {
            "codigo": "XvvHMGnCSB",
            "total": 3,
            "valor_unitario": 928803,
            "descuento": 0.29,
            "IVA": 0
        }
    ]
}