{
    "empresa_nit": "123456789",
    "empresa_ciudad": "MEDELLIN",
    "empresa_sede": "terminal",
    "empresa_nombre": "MicroMercado El Mio",
    "fecha_hora": "2020-03-14 02:33:03",
    "factura_num": "01238",
    "ciente_numero": 683966155,
    "pago_tipo": "TAR.CREDITO",
    "productos": [
        {
            "codigo": "bhFmZpfz5H",
            "total": 6,
            "valor_unitario": 429127,
            "descuento": 0.15,
            "IVA": 5
        },
        {
            "codigo": "Ifs9HeTZDv",
            "total": 7,
            "valor_unitario": 227006,
            "descuento": 0.38,
            "IVA": 0
        },
        {
            "codigo": "qUdxwfWruB",
            "total": 3,
            "valor_unitario": 979499,
            "descuento": 0.25,
            "IVA": 5
        },
        {
            "codigo": "AeOtWxXjAG",
            "total": 13,
            "valor_unitario": 316655,
            "descuento": 0.18,
            "IVA": 19
        },
        {
            "codigo": "m2zC47QoN8",
            "total": 15,
            "valor_unitario": 270191,
            "descuento": 0.04,
            "IVA": 0
        },
        {
            "codigo": "PZ4KoCX2G4",
            "total": 16,
            "valor_unitario": 905235,
            "descuento": 0.16,
            "IVA": 0
        },
        {
            "codigo": "edqRMNfLPD",
            "total": 17,
            "valor_unitario": 775447,
            "descuento": 0.0,
            "IVA": 5
        },
        {
            "codigo": "dyYU28Puam",
            "total": 1,
            "valor_unitario": 48792,
            "descuento": 0.02,
            "IVA": 19
        },
        {
            "codigo": "OkWBXulNaD",
            "total": 12,
            "valor_unitario": 270369,
            "descuento": 0.16,
            "IVA": 0
        },
        {
            "codigo": "ywv5sBBq3I",
            "total": 9,
            "valor_unitario": 165197,
            "descuento": 0.37,
            "IVA": 5
        },
        {
            "codigo": "EPy5e2rDwA",
            "total": 6,
            "valor_unitario": 160849,
            "descuento": 0.38,
            "IVA": 19
        },
        {
            "codigo": "sSLuhKsrQd",
            "total": 10,
            "valor_unitario": 658395,
            "descuento": 0.07,
            "IVA": 19
        },
        {
            "codigo": "3oo82qm8M3",
            "total": 13,
            "valor_unitario": 332159,
            "descuento": 0.14,
            "IVA": 0
        },
        {
            "codigo": "qLbsb3cQXh",
            "total": 17,
            "valor_unitario": 927308,
            "descuento": 0.04,
            "IVA": 19
        },
        {
            "codigo": "bkcg6JeklV",
            "total": 5,
            "valor_unitario": 455219,
            "descuento": 0.28,
            "IVA": 19
        },
        {
            "codigo": "zcfL1nxF58",
            "total": 11,
            "valor_unitario": 997252,
            "descuento": 0.13,
            "IVA": 0
        },
        {
            "codigo": "QnFFhKGyVB",
            "total": 18,
            "valor_unitario": 603999,
            "descuento": 0.2,
            "IVA": 19
        },
        {
            "codigo": "wH90F704lC",
            "total": 1,
            "valor_unitario": 84465,
            "descuento": 0.32,
            "IVA": 5
        },
        {
            "codigo": "uNavqEOobu",
            "total": 13,
            "valor_unitario": 428479,
            "descuento": 0.32,
            "IVA": 19
        }
    ]
}