{
    "empresa_nit": "123456789",
    "empresa_ciudad": "BARRANQUILLA",
    "empresa_sede": "terminal",
    "empresa_nombre": "MicroMercado El Mio",
    "fecha_hora": "2021-10-23 23:20:58",
    "factura_num": "01229",
    "ciente_numero": 735162913,
    "pago_tipo": "TAR.DEBITO",
    "productos": [
        {
            "codigo": "IAro1zHwXw",
            "total": 16,
            "valor_unitario": 959085,
            "descuento": 0.01,
            "IVA": 0
        },
        {
            "codigo": "5I8jNQFAeB",
            "total": 15,
            "valor_unitario": 22505,
            "descuento": 0.38,
            "IVA": 0
        },
        {
            "codigo": "whmFGeeWbw",
            "total": 8,
            "valor_unitario": 236073,
            "descuento": 0.28,
            "IVA": 0
        },
        {
            "codigo": "1L1fBziW8g",
            "total": 9,
            "valor_unitario": 498762,
            "descuento": 0.46,
            "IVA": 19
        },
        {
            "codigo": "AuXKJ58J2Y",
            "total": 6,
            "valor_unitario": 27447,
            "descuento": 0.16,
            "IVA": 0
        },
        {
            "codigo": "ko5e7JbIiQ",
            "total": 1,
            "valor_unitario": 960801,
            "descuento": 0.25,
            "IVA": 0
        },
        {
            "codigo": "g4KggFdJmz",
            "total": 11,
            "valor_unitario": 56303,
            "descuento": 0.42,
            "IVA": 19
        },
        {
            "codigo": "fvllbhq91N",
            "total": 11,
            "valor_unitario": 84035,
            "descuento": 0.15,
            "IVA": 19
        },
        {
            "codigo": "bWvdf1Pl95",
            "total": 9,
            "valor_unitario": 70380,
            "descuento": 0.08,
            "IVA": 5
        },
        {
            "codigo": "63crT3wgL7",
            "total": 15,
            "valor_unitario": 622987,
            "descuento": 0.31,
            "IVA": 0
        },
        {
            "codigo": "yRAxkXZ28T",
            "total": 9,
            "valor_unitario": 190965,
            "descuento": 0.42,
            "IVA": 19
        },
        {
            "codigo": "KX86zyQ45k",
            "total": 17,
            "valor_unitario": 83174,
            "descuento": 0.19,
            "IVA": 19
        },
        {
            "codigo": "Chtug6ST3X",
            "total": 10,
            "valor_unitario": 481892,
            "descuento": 0.22,
            "IVA": 5
        },
        {
            "codigo": "HV2m9ZfTWR",
            "total": 1,
            "valor_unitario": 218248,
            "descuento": 0.03,
            "IVA": 0
        }
    ]
}