{
    "empresa_nit": "123456789",
    "empresa_ciudad": "BARRANQUILLA",
    "empresa_sede": "alcaldia",
    "empresa_nombre": "MicroMercado El Mio",
    "fecha_hora": "2024-03-24 23:08:47",
    "factura_num": "01314",
    "ciente_numero": 607868294,
    "pago_tipo": "EFECTIVO",
    "productos": [
        {
            "codigo": "SyyGxElMZK",
            "total": 9,
            "valor_unitario": 831288,
            "descuento": 0.23,
            "IVA": 5
        },
        {
            "codigo": "2IPXkRljBr",
            "total": 9,
            "valor_unitario": 495365,
            "descuento": 0.1,
            "IVA": 5
        },
        {
            "codigo": "RouGLCXQRo",
            "total": 8,
            "valor_unitario": 398524,
            "descuento": 0.22,
            "IVA": 0
        },
        {
            "codigo": "whRU7uF3Cm",
            "total": 7,
            "valor_unitario": 171945,
            "descuento": 0.32,
            "IVA": 0
        },
        {
            "codigo": "dEw6MJxPMr",
            "total": 15,
            "valor_unitario": 815468,
            "descuento": 0.16,
            "IVA": 5
        },
        {
            "codigo": "T6qgqgWwCy",
            "total": 8,
            "valor_unitario": 330888,
            "descuento": 0.49,
            "IVA": 5
        },
        {
            "codigo": "0prNIda9yv",
            "total": 19,
            "valor_unitario": 779921,
            "descuento": 0.44,
            "IVA": 19
        },
        {
            "codigo": "oOLQzV9EXl",
            "total": 2,
            "valor_unitario": 903751,
            "descuento": 0.48,
            "IVA": 19
        },
        {
            "codigo": "0YcCvjmMj7",
            "total": 8,
            "valor_unitario": 849128,
            "descuento": 0.44,
            "IVA": 19
        },
        {
            "codigo": "I82Gko1IK9",
            "total": 7,
            "valor_unitario": 838234,
            "descuento": 0.2,
            "IVA": 19
        },
        {
            "codigo": "3YyC01eLVx",
            "total": 17,
            "valor_unitario": 142656,
            "descuento": 0.26,
            "IVA": 0
        },
        {
            "codigo": "1pXuqxcEky",
            "total": 11,
            "valor_unitario": 406737,
            "descuento": 0.41,
            "IVA": 19
        },
        {
            "codigo": "UBZEg7g613",
            "total": 10,
            "valor_unitario": 674882,
            "descuento": 0.04,
            "IVA": 5
        },
        {
            "codigo": "7fD4wuKTWJ",
            "total": 3,
            "valor_unitario": 482939,
            "descuento": 0.47,
            "IVA": 5
        }
    ]
}