{
    "empresa_nit": "123456789",
    "empresa_ciudad": "BOGOTA",
    "empresa_sede": "plaza",
    "empresa_nombre": "MicroMercado El Mio",
    "fecha_hora": "2021-11-08 22:28:29",
    "factura_num": "01366",
    "ciente_numero": 948662363,
    "pago_tipo": "TAR.CREDITO",
    "productos": [
        {
            "codigo": "SZSt31AftU",
            "total": 3,
            "valor_unitario": 232764,
            "descuento": 0.2,
            "IVA": 5
        },
        {
            "codigo": "iR2yexYLnC",
            "total": 7,
            "valor_unitario": 419568,
            "descuento": 0.35,
            "IVA": 19
        },
        {
            "codigo": "1CT2rrxXlP",
            "total": 10,
            "valor_unitario": 21508,
            "descuento": 0.46,
            "IVA": 5
        },
        {
            "codigo": "eSqxXdScFz",
            "total": 10,
            "valor_unitario": 943468,
            "descuento": 0.18,
            "IVA": 19
        },
        {
            "codigo": "V3nasjwICa",
            "total": 12,
            "valor_unitario": 948906,
            "descuento": 0.35,
            "IVA": 19
        },
        {
            "codigo": "8uPTwfrE1b",
            "total": 14,
            "valor_unitario": 361268,
            "descuento": 0.05,
            "IVA": 5
        },
        {
            "codigo": "aPkfg4nLld",
            "total": 19,
            "valor_unitario": 641762,
            "descuento": 0.17,
            "IVA": 19
        },
        {
            "codigo": "YSNsNg62hR",
            "total": 15,
            "valor_unitario": 982107,
            "descuento": 0.33,
            "IVA": 19
        },
        {
            "codigo": "dXiuoPMpXJ",
            "total": 8,
            "valor_unitario": 684641,
            "descuento": 0.3,
            "IVA": 5
        },
        {
            "codigo": "XA4Dsqm2pe",
            "total": 4,
            "valor_unitario": 585931,
            "descuento": 0.48,
            "IVA": 19
        },
        {
            "codigo": "tx1ed0Y7cT",
            "total": 2,
            "valor_unitario": 558681,
            "descuento": 0.11,
            "IVA": 5
        }
    ]
}