{
    "empresa_nit": "123456789",
    "empresa_ciudad": "TUNJA",
    "empresa_sede": "terminal",
    "empresa_nombre": "MicroMercado El Mio",
    "fecha_hora": "2024-04-19 06:54:43",
    "factura_num": "01021",
    "ciente_numero": 596391402,
    "pago_tipo": "TAR.DEBITO",
    "productos": [
        {
            "codigo": "z8HdWelJ3p",
            "total": 15,
            "valor_unitario": 90487,
            "descuento": 0.36,
            "IVA": 5
        },
        {
            "codigo": "Gz2atwmCN2",
            "total": 9,
            "valor_unitario": 735767,
            "descuento": 0.06,
            "IVA": 5
        },
        {
            "codigo": "XFr2hiiaru",
            "total": 19,
            "valor_unitario": 186561,
            "descuento": 0.31,
            "IVA": 5
        },
        {
            "codigo": "535N4r3hLV",
            "total": 1,
            "valor_unitario": 151616,
            "descuento": 0.09,
            "IVA": 5
        },
        {
            "codigo": "ebXTXBr5gG",
            "total": 19,
            "valor_unitario": 45565,
            "descuento": 0.01,
            "IVA": 19
        },
        {
            "codigo": "OzLaQVX8Mx",
            "total": 17,
            "valor_unitario": 353266,
            "descuento": 0.0,
            "IVA": 5
        },
        {
            "codigo": "tUTWewjOUT",
            "total": 20,
            "valor_unitario": 186743,
            "descuento": 0.12,
            "IVA": 19
        },
        {
            "codigo": "dQsv5lrgP4",
            "total": 11,
            "valor_unitario": 490887,
            "descuento": 0.46,
            "IVA": 0
        },
        {
            "codigo": "VTnpkmSd5s",
            "total": 12,
            "valor_unitario": 355825,
            "descuento": 0.42,
            "IVA": 5
        },
        {
            "codigo": "sLIDG5XkxF",
            "total": 18,
            "valor_unitario": 870744,
            "descuento": 0.19,
            "IVA": 0
        },
        {
            "codigo": "K3iDFKueTd",
            "total": 12,
            "valor_unitario": 700039,
            "descuento": 0.06,
            "IVA": 0
        },
        {
            "codigo": "7Ugwei5XcW",
            "total": 6,
            "valor_unitario": 704510,
            "descuento": 0.27,
            "IVA": 19
        }
    ]
}