{
    "empresa_nit": "123456789",
    "empresa_ciudad": "MEDELLIN",
    "empresa_sede": "autopista",
    "empresa_nombre": "MicroMercado El Mio",
    "fecha_hora": "2021-01-27 14:39:42",
    "factura_num": "01177",
    "ciente_numero": 131582241,
    "pago_tipo": "TAR.CREDITO",
    "productos": [
        {
            "codigo": "xaTHUPORFy",
            "total": 9,
            "valor_unitario": 727328,
            "descuento": 0.03,
            "IVA": 0
        },
        {
            "codigo": "BeiM5f8SZk",
            "total": 6,
            "valor_unitario": 203182,
            "descuento": 0.09,
            "IVA": 0
        },
        {
            "codigo": "UWnkdds8sQ",
            "total": 7,
            "valor_unitario": 233480,
            "descuento": 0.23,
            "IVA": 5
        },
        {
            "codigo": "bQM51ZBB2K",
            "total": 3,
            "valor_unitario": 591619,
            "descuento": 0.0,
            "IVA": 5
        },
        {
            "codigo": "f44hXLjnGc",
            "total": 17,
            "valor_unitario": 764860,
            "descuento": 0.09,
            "IVA": 5
        }
    ]
}