{
    "empresa_nit": "123456789",
    "empresa_ciudad": "BARRANQUILLA",
    "empresa_sede": "autopista",
    "empresa_nombre": "MicroMercado El Mio",
    "fecha_hora": "2022-01-04 07:22:37",
    "factura_num": "00138",
    "ciente_numero": 857022524,
    "pago_tipo": "TRANFERENCIA",
    "productos": [
        {
            "codigo": "R1CkUt0BTH",
            "total": 2,
            "valor_unitario": 934429,
            "descuento": 0.0,
            "IVA": 19
        },
        {
            "codigo": "MZv52xTqNF",
            "total": 12,
            "valor_unitario": 51452,
            "descuento": 0.16,
            "IVA": 19
        },
        {
            "codigo": "9Tjais2LjI",
            "total": 12,
            "valor_unitario": 839506,
            "descuento": 0.34,
            "IVA": 19
        },
        {
            "codigo": "95T7xqEnXf",
            "total": 15,
            "valor_unitario": 146772,
            "descuento": 0.47,
            "IVA": 0
        },
        {
            "codigo": "pyJK1hizt5",
            "total": 4,
            "valor_unitario": 414041,
            "descuento": 0.3,
            "IVA": 19
        },
        {
            "codigo": "ygpSy4KrSh",
            "total": 11,
            "valor_unitario": 142744,
            "descuento": 0.18,
            "IVA": 0
        }
    ]
}