{
    "empresa_nit": "123456789",
    "empresa_ciudad": "TUNJA",
    "empresa_sede": "autopista",
    "empresa_nombre": "MicroMercado El Mio",
    "fecha_hora": "2022-12-19 14:58:59",
    "factura_num": "01081",
    "ciente_numero": 767810123,
    "pago_tipo": "TAR.CREDITO",
    "productos": [
        {
            "codigo": "AaE3dEZ75n",
            "total": 2,
            "valor_unitario": 921129,
            "descuento": 0.21,
            "IVA": 5
        },
        {
            "codigo": "JO2RFrVkZD",
            "total": 16,
            "valor_unitario": 556047,
            "descuento": 0.39,
            "IVA": 5
        },
        {
            "codigo": "9B1d3pr0nU",
            "total": 17,
            "valor_unitario": 737128,
            "descuento": 0.3,
            "IVA": 5
        },
        {
            "codigo": "dKWYrPkfHm",
            "total": 11,
            "valor_unitario": 318941,
            "descuento": 0.21,
            "IVA": 5
        },
        {
            "codigo": "QSeezwWkiW",
            "total": 1,
            "valor_unitario": 518593,
            "descuento": 0.49,
            "IVA": 0
        },
        {
            "codigo": "D7895RFQPw",
            "total": 1,
            "valor_unitario": 359306,
            "descuento": 0.29,
            "IVA": 5
        },
        {
            "codigo": "wvoLTP54et",
            "total": 20,
            "valor_unitario": 891012,
            "descuento": 0.34,
            "IVA": 5
        },
        {
            "codigo": "I1aAjNADM1",
            "total": 15,
            "valor_unitario": 910040,
            "descuento": 0.37,
            "IVA": 0
        },
        {
            "codigo": "OAAvmyywvF",
            "total": 8,
            "valor_unitario": 317695,
            "descuento": 0.45,
            "IVA": 0
        }
    ]
}