{
    "empresa_nit": "123456789",
    "empresa_ciudad": "BOGOTA",
    "empresa_sede": "aeropuerto",
    "empresa_nombre": "MicroMercado El Mio",
    "fecha_hora": "2021-04-02 03:12:13",
    "factura_num": "01002",
    "ciente_numero": 431359694,
    "pago_tipo": "TAR.DEBITO",
    "productos": [
        {
            "codigo": "5l1mV7QYpL",
            "total": 12,
            "valor_unitario": 771117,
            "descuento": 0.4,
            "IVA": 0
        },
        {
            "codigo": "9o3E0tzbjn",
            "total": 9,
            "valor_unitario": 673530,
            "descuento": 0.02,
            "IVA": 0
        },
        {
            "codigo": "Zx5OyoQ9I2",
            "total": 1,
            "valor_unitario": 905524,
            "descuento": 0.4,
            "IVA": 19
        },
        {
            "codigo": "o5wREM10ND",
            "total": 19,
            "valor_unitario": 859837,
            "descuento": 0.1,
            "IVA": 0
        },
        {
            "codigo": "LXi1yRQKf5",
            "total": 15,
            "valor_unitario": 559018,
            "descuento": 0.04,
            "IVA": 0
        },
        {
            "codigo": "TfBTuOnEbP",
            "total": 18,
            "valor_unitario": 970413,
            "descuento": 0.42,
            "IVA": 5
        },
        {
            "codigo": "T9UrpmKvRw",
            "total": 19,
            "valor_unitario": 441083,
            "descuento": 0.36,
            "IVA": 0
        },
        {
            "codigo": "6LfkXY1wQh",
            "total": 9,
            "valor_unitario": 724301,
            "descuento": 0.29,
            "IVA": 19
        },
        {
            "codigo": "VCa7Fr9yOg",
            "total": 8,
            "valor_unitario": 932198,
            "descuento": 0.33,
            "IVA": 5
        },
        {
            "codigo": "zBxVVHvYqx",
            "total": 17,
            "valor_unitario": 59621,
            "descuento": 0.32,
            "IVA": 5
        },
        {
            "codigo": "U5lB0X6ojG",
            "total": 19,
            "valor_unitario": 534483,
            "descuento": 0.49,
            "IVA": 0
        },
        {
            "codigo": "UWWROsyMC3",
            "total": 2,
            "valor_unitario": 842147,
            "descuento": 0.46,
            "IVA": 19
        },
        {
            "codigo": "NOirKQEQK5",
            "total": 18,
            "valor_unitario": 294173,
            "descuento": 0.23,
            "IVA": 5
        },
        {
            "codigo": "tYOMR9PFO2",
            "total": 3,
            "valor_unitario": 206851,
            "descuento": 0.13,
            "IVA": 5
        },
        {
            "codigo": "tAOL9c85XQ",
            "total": 14,
            "valor_unitario": 202597,
            "descuento": 0.05,
            "IVA": 0
        },
        {
            "codigo": "Q1iNNbmTf4",
            "total": 6,
            "valor_unitario": 691533,
            "descuento": 0.35,
            "IVA": 19
        },
        {
            "codigo": "yAkPw3ldmB",
            "total": 2,
            "valor_unitario": 631132,
            "descuento": 0.13,
            "IVA": 0
        }
    ]
}