{
    "empresa_nit": "123456789",
    "empresa_ciudad": "TUNJA",
    "empresa_sede": "alcaldia",
    "empresa_nombre": "MicroMercado El Mio",
    "fecha_hora": "2021-09-30 01:44:09",
    "factura_num": "01205",
    "ciente_numero": 356991981,
    "pago_tipo": "TAR.DEBITO",
    "productos": [
        {
            "codigo": "XVE7NjESoG",
            "total": 7,
            "valor_unitario": 836371,
            "descuento": 0.24,
            "IVA": 19
        },
        {
            "codigo": "UKubf1EHKx",
            "total": 15,
            "valor_unitario": 381634,
            "descuento": 0.43,
            "IVA": 0
        },
        {
            "codigo": "kpvlI0UUq8",
            "total": 15,
            "valor_unitario": 625111,
            "descuento": 0.12,
            "IVA": 5
        },
        {
            "codigo": "HHc1QFVMYS",
            "total": 12,
            "valor_unitario": 864286,
            "descuento": 0.0,
            "IVA": 0
        },
        {
            "codigo": "Rc7FMu6Zvp",
            "total": 6,
            "valor_unitario": 325724,
            "descuento": 0.11,
            "IVA": 19
        },
        {
            "codigo": "FwXpayLcUU",
            "total": 10,
            "valor_unitario": 795379,
            "descuento": 0.19,
            "IVA": 5
        },
        {
            "codigo": "KBZUVNLsXL",
            "total": 1,
            "valor_unitario": 630887,
            "descuento": 0.35,
            "IVA": 5
        },
        {
            "codigo": "LWFf3IUzST",
            "total": 3,
            "valor_unitario": 889416,
            "descuento": 0.26,
            "IVA": 19
        },
        {
            "codigo": "EtAxV7zS0f",
            "total": 12,
            "valor_unitario": 498171,
            "descuento": 0.05,
            "IVA": 19
        },
        {
            "codigo": "N7q2hPhkvA",
            "total": 18,
            "valor_unitario": 837345,
            "descuento": 0.33,
            "IVA": 19
        },
        {
            "codigo": "GbkVyvddPc",
            "total": 20,
            "valor_unitario": 808490,
            "descuento": 0.27,
            "IVA": 19
        },
        {
            "codigo": "TSGkn7wtTF",
            "total": 5,
            "valor_unitario": 761055,
            "descuento": 0.03,
            "IVA": 0
        },
        {
            "codigo": "x3ejd1Xafc",
            "total": 18,
            "valor_unitario": 799159,
            "descuento": 0.45,
            "IVA": 5
        },
        {
            "codigo": "6xdh1XHOdW",
            "total": 1,
            "valor_unitario": 445131,
            "descuento": 0.08,
            "IVA": 0
        },
        {
            "codigo": "fiyLNXV9wE",
            "total": 19,
            "valor_unitario": 440021,
            "descuento": 0.16,
            "IVA": 19
        },
        {
            "codigo": "kM04u6Rqrm",
            "total": 8,
            "valor_unitario": 411871,
            "descuento": 0.36,
            "IVA": 5
        },
        {
            "codigo": "NHyPtC66Rh",
            "total": 9,
            "valor_unitario": 622069,
            "descuento": 0.35,
            "IVA": 0
        },
        {
            "codigo": "OmpfU0MRd4",
            "total": 7,
            "valor_unitario": 428991,
            "descuento": 0.21,
            "IVA": 5
        }
    ]
}