{
    "empresa_nit": "123456789",
    "empresa_ciudad": "BARRANQUILLA",
    "empresa_sede": "autopista",
    "empresa_nombre": "MicroMercado El Mio",
    "fecha_hora": "2021-05-04 18:19:14",
    "factura_num": "01053",
    "ciente_numero": 281177192,
    "pago_tipo": "TAR.CREDITO",
    "productos": [
        {
            "codigo": "ZGAKZtjf0x",
            "total": 10,
            "valor_unitario": 893857,
            "descuento": 0.44,
            "IVA": 0
        },
        {
            "codigo": "TqyoS0bKyn",
            "total": 7,
            "valor_unitario": 410097,
            "descuento": 0.4,
            "IVA": 0
        },
        {
            "codigo": "PBfAHqti7c",
            "total": 2,
            "valor_unitario": 416231,
            "descuento": 0.09,
            "IVA": 5
        },
        {
            "codigo": "tgkb90QxHG",
            "total": 19,
            "valor_unitario": 122111,
            "descuento": 0.06,
            "IVA": 5
        },
        {
            "codigo": "Qbg4K4SsO2",
            "total": 14,
            "valor_unitario": 19283,
            "descuento": 0.1,
            "IVA": 0
        },
        {
            "codigo": "qrKn83Tc2m",
            "total": 8,
            "valor_unitario": 166621,
            "descuento": 0.26,
            "IVA": 19
        },
        {
            "codigo": "G0Ni3oyzq2",
            "total": 10,
            "valor_unitario": 783925,
            "descuento": 0.39,
            "IVA": 5
        },
        {
            "codigo": "VDt4RoZZ6V",
            "total": 17,
            "valor_unitario": 395851,
            "descuento": 0.47,
            "IVA": 5
        },
        {
            "codigo": "NBMDUnUK5n",
            "total": 3,
            "valor_unitario": 543938,
            "descuento": 0.3,
            "IVA": 19
        },
        {
            "codigo": "CKj714w8jS",
            "total": 13,
            "valor_unitario": 80099,
            "descuento": 0.14,
            "IVA": 5
        },
        {
            "codigo": "gYg4zAklrQ",
            "total": 7,
            "valor_unitario": 654531,
            "descuento": 0.1,
            "IVA": 0
        },
        {
            "codigo": "DDnDpQY6fP",
            "total": 12,
            "valor_unitario": 150700,
            "descuento": 0.07,
            "IVA": 19
        },
        {
            "codigo": "lzU8I7D8wQ",
            "total": 20,
            "valor_unitario": 986511,
            "descuento": 0.28,
            "IVA": 5
        },
        {
            "codigo": "u6gwmT2Cus",
            "total": 1,
            "valor_unitario": 606808,
            "descuento": 0.03,
            "IVA": 19
        },
        {
            "codigo": "xQO7BNROKa",
            "total": 7,
            "valor_unitario": 667564,
            "descuento": 0.2,
            "IVA": 0
        },
        {
            "codigo": "0zOgN1lfHu",
            "total": 20,
            "valor_unitario": 864993,
            "descuento": 0.3,
            "IVA": 5
        },
        {
            "codigo": "O6Xqhmffjl",
            "total": 9,
            "valor_unitario": 887824,
            "descuento": 0.27,
            "IVA": 19
        },
        {
            "codigo": "jVEpvDbCAS",
            "total": 6,
            "valor_unitario": 55500,
            "descuento": 0.42,
            "IVA": 0
        }
    ]
}