{
    "empresa_nit": "123456789",
    "empresa_ciudad": "CALI",
    "empresa_sede": "aeropuerto",
    "empresa_nombre": "MicroMercado El Mio",
    "fecha_hora": "2021-01-09 05:14:25",
    "factura_num": "01246",
    "ciente_numero": 776535312,
    "pago_tipo": "TAR.DEBITO",
    "productos": [
        {
            "codigo": "Oisoxk2UbQ",
            "total": 13,
            "valor_unitario": 41765,
            "descuento": 0.44,
            "IVA": 5
        },
        {
            "codigo": "fZVdmhb0Cp",
            "total": 7,
            "valor_unitario": 591391,
            "descuento": 0.18,
            "IVA": 0
        },
        {
            "codigo": "RcADqGHdg0",
            "total": 2,
            "valor_unitario": 668132,
            "descuento": 0.23,
            "IVA": 0
        },
        {
            "codigo": "lMDhxqSmqz",
            "total": 20,
            "valor_unitario": 570197,
            "descuento": 0.08,
            "IVA": 0
        },
        {
            "codigo": "HNh0Ny6pmi",
            "total": 17,
            "valor_unitario": 913783,
            "descuento": 0.11,
            "IVA": 0
        },
        {
            "codigo": "fmT8HM2IZy",
            "total": 14,
            "valor_unitario": 508297,
            "descuento": 0.11,
            "IVA": 5
        },
        {
            "codigo": "luOyUmt5vG",
            "total": 15,
            "valor_unitario": 526830,
            "descuento": 0.12,
            "IVA": 0
        },
        {
            "codigo": "90QuaJK2cO",
            "total": 12,
            "valor_unitario": 315289,
            "descuento": 0.33,
            "IVA": 0
        },
        {
            "codigo": "fRB626Zn5E",
            "total": 3,
            "valor_unitario": 979788,
            "descuento": 0.34,
            "IVA": 5
        },
        {
            "codigo": "miDUccBmry",
            "total": 16,
            "valor_unitario": 854629,
            "descuento": 0.17,
            "IVA": 5
        },
        {
            "codigo": "3z5xAeeldq",
            "total": 1,
            "valor_unitario": 861703,
            "descuento": 0.07,
            "IVA": 5
        }
    ]
}