{
    "empresa_nit": "123456789",
    "empresa_ciudad": "MEDELLIN",
    "empresa_sede": "autopista",
    "empresa_nombre": "MicroMercado El Mio",
    "fecha_hora": "2023-01-02 00:32:44",
    "factura_num": "01194",
    "ciente_numero": 491750414,
    "pago_tipo": "TAR.DEBITO",
    "productos": [
        {
            "codigo": "np3MqG4iQv",
            "total": 18,
            "valor_unitario": 397074,
            "descuento": 0.32,
            "IVA": 19
        },
        {
            "codigo": "JzVszB1n6l",
            "total": 13,
            "valor_unitario": 122684,
            "descuento": 0.09,
            "IVA": 19
        },
        {
            "codigo": "4pFrHQNEfV",
            "total": 18,
            "valor_unitario": 989284,
            "descuento": 0.01,
            "IVA": 5
        },
        {
            "codigo": "yevR2oJkos",
            "total": 15,
            "valor_unitario": 418610,
            "descuento": 0.48,
            "IVA": 0
        },
        {
            "codigo": "pnmKioHCyu",
            "total": 11,
            "valor_unitario": 321902,
            "descuento": 0.28,
            "IVA": 19
        },
        {
            "codigo": "2XhSDWmPbT",
            "total": 4,
            "valor_unitario": 766534,
            "descuento": 0.21,
            "IVA": 19
        },
        {
            "codigo": "xXX8PF3kEn",
            "total": 15,
            "valor_unitario": 667889,
            "descuento": 0.08,
            "IVA": 0
        },
        {
            "codigo": "Belr9ovz3C",
            "total": 15,
            "valor_unitario": 485714,
            "descuento": 0.4,
            "IVA": 19
        },
        {
            "codigo": "OFaw6ZTWh7",
            "total": 11,
            "valor_unitario": 87542,
            "descuento": 0.4,
            "IVA": 19
        },
        {
            "codigo": "Hs9f0GPVcb",
            "total": 1,
            "valor_unitario": 556423,
            "descuento": 0.22,
            "IVA": 0
        },
        {
            "codigo": "YsPNSYMYPc",
            "total": 20,
            "valor_unitario": 194216,
            "descuento": 0.05,
            "IVA": 0
        },
        {
            "codigo": "dHDVrsQtWT",
            "total": 9,
            "valor_unitario": 591315,
            "descuento": 0.38,
            "IVA": 0
        },
        {
            "codigo": "Yh7sdkL64l",
            "total": 19,
            "valor_unitario": 396062,
            "descuento": 0.15,
            "IVA": 0
        },
        {
            "codigo": "6FjOTF6GXa",
            "total": 17,
            "valor_unitario": 932901,
            "descuento": 0.17,
            "IVA": 19
        },
        {
            "codigo": "yNVgp7smmR",
            "total": 9,
            "valor_unitario": 883694,
            "descuento": 0.23,
            "IVA": 0
        },
        {
            "codigo": "kAUFmu29l5",
            "total": 2,
            "valor_unitario": 639271,
            "descuento": 0.22,
            "IVA": 5
        },
        {
            "codigo": "Gp9nMIwlSG",
            "total": 14,
            "valor_unitario": 269297,
            "descuento": 0.37,
            "IVA": 5
        },
        {
            "codigo": "VsisBUebkO",
            "total": 2,
            "valor_unitario": 643596,
            "descuento": 0.43,
            "IVA": 0
        },
        {
            "codigo": "bUkj72aOlq",
            "total": 6,
            "valor_unitario": 459102,
            "descuento": 0.4,
            "IVA": 19
        }
    ]
}