{
    "empresa_nit": "123456789",
    "empresa_ciudad": "BOGOTA",
    "empresa_sede": "alcaldia",
    "empresa_nombre": "MicroMercado El Mio",
    "fecha_hora": "2021-08-20 00:28:44",
    "factura_num": "01157",
    "ciente_numero": 19270273,
    "pago_tipo": "TRANFERENCIA",
    "productos": [
        {
            "codigo": "Chsh4esJ4N",
            "total": 2,
            "valor_unitario": 131270,
            "descuento": 0.14,
            "IVA": 5
        },
        {
            "codigo": "6VroqcjInK",
            "total": 4,
            "valor_unitario": 352449,
            "descuento": 0.44,
            "IVA": 0
        },
        {
            "codigo": "VktPLKXh70",
            "total": 19,
            "valor_unitario": 552919,
            "descuento": 0.12,
            "IVA": 5
        },
        {
            "codigo": "c8dMZFSTIA",
            "total": 20,
            "valor_unitario": 751039,
            "descuento": 0.45,
            "IVA": 5
        },
        {
            "codigo": "ESqXth7aNh",
            "total": 3,
            "valor_unitario": 878671,
            "descuento": 0.09,
            "IVA": 19
        },
        {
            "codigo": "09G8iZUt8R",
            "total": 1,
            "valor_unitario": 646688,
            "descuento": 0.24,
            "IVA": 5
        },
        {
            "codigo": "1ORjF5SwkB",
            "total": 18,
            "valor_unitario": 416902,
            "descuento": 0.23,
            "IVA": 0
        },
        {
            "codigo": "z0y2TXpgOi",
            "total": 19,
            "valor_unitario": 754081,
            "descuento": 0.23,
            "IVA": 5
        },
        {
            "codigo": "9BSB7EPODH",
            "total": 18,
            "valor_unitario": 922939,
            "descuento": 0.44,
            "IVA": 0
        },
        {
            "codigo": "qLOkhiqQba",
            "total": 2,
            "valor_unitario": 935076,
            "descuento": 0.11,
            "IVA": 5
        },
        {
            "codigo": "miTxFN0Z9o",
            "total": 1,
            "valor_unitario": 961020,
            "descuento": 0.44,
            "IVA": 5
        },
        {
            "codigo": "5BCxQ7dZ2h",
            "total": 15,
            "valor_unitario": 627200,
            "descuento": 0.11,
            "IVA": 19
        },
        {
            "codigo": "O9Xme3i4Fe",
            "total": 7,
            "valor_unitario": 554298,
            "descuento": 0.01,
            "IVA": 5
        },
        {
            "codigo": "FPXdbAxuSG",
            "total": 8,
            "valor_unitario": 762609,
            "descuento": 0.47,
            "IVA": 0
        },
        {
            "codigo": "tXlI6647IF",
            "total": 12,
            "valor_unitario": 39316,
            "descuento": 0.09,
            "IVA": 19
        },
        {
            "codigo": "fUNlsIQmHy",
            "total": 19,
            "valor_unitario": 195771,
            "descuento": 0.07,
            "IVA": 5
        }
    ]
}