{
    "empresa_nit": "123456789",
    "empresa_ciudad": "CALI",
    "empresa_sede": "terminal",
    "empresa_nombre": "MicroMercado El Mio",
    "fecha_hora": "2022-02-10 21:26:54",
    "factura_num": "01251",
    "ciente_numero": 450800003,
    "pago_tipo": "EFECTIVO",
    "productos": [
        {
            "codigo": "Uvz1ifanxO",
            "total": 4,
            "valor_unitario": 231148,
            "descuento": 0.35,
            "IVA": 5
        },
        {
            "codigo": "IcNdIUA8WO",
            "total": 2,
            "valor_unitario": 855275,
            "descuento": 0.12,
            "IVA": 19
        },
        {
            "codigo": "jmM2GqS79Q",
            "total": 7,
            "valor_unitario": 443294,
            "descuento": 0.28,
            "IVA": 0
        },
        {
            "codigo": "o4oxSPQHJb",
            "total": 9,
            "valor_unitario": 405905,
            "descuento": 0.43,
            "IVA": 0
        },
        {
            "codigo": "fkPH3P11Ua",
            "total": 4,
            "valor_unitario": 961849,
            "descuento": 0.34,
            "IVA": 5
        },
        {
            "codigo": "BbhxU0pXxj",
            "total": 6,
            "valor_unitario": 327390,
            "descuento": 0.31,
            "IVA": 19
        },
        {
            "codigo": "AT5rsmVhtE",
            "total": 6,
            "valor_unitario": 968849,
            "descuento": 0.43,
            "IVA": 5
        },
        {
            "codigo": "5FQ3pahkxV",
            "total": 12,
            "valor_unitario": 447615,
            "descuento": 0.5,
            "IVA": 0
        },
        {
            "codigo": "tY4h8VLhiQ",
            "total": 11,
            "valor_unitario": 65553,
            "descuento": 0.11,
            "IVA": 5
        },
        {
            "codigo": "l242qvSTuV",
            "total": 8,
            "valor_unitario": 578803,
            "descuento": 0.33,
            "IVA": 5
        },
        {
            "codigo": "8jH39YGjrh",
            "total": 3,
            "valor_unitario": 853309,
            "descuento": 0.05,
            "IVA": 19
        },
        {
            "codigo": "JHS9YiVCJ3",
            "total": 19,
            "valor_unitario": 488852,
            "descuento": 0.22,
            "IVA": 0
        },
        {
            "codigo": "aeZ7Eutk54",
            "total": 20,
            "valor_unitario": 705595,
            "descuento": 0.3,
            "IVA": 19
        },
        {
            "codigo": "wXN6yYxmxK",
            "total": 1,
            "valor_unitario": 434131,
            "descuento": 0.33,
            "IVA": 5
        },
        {
            "codigo": "ahhYm4phpE",
            "total": 1,
            "valor_unitario": 407844,
            "descuento": 0.03,
            "IVA": 19
        },
        {
            "codigo": "L32R8fK97f",
            "total": 18,
            "valor_unitario": 529575,
            "descuento": 0.32,
            "IVA": 0
        },
        {
            "codigo": "q7aRGbkkFG",
            "total": 7,
            "valor_unitario": 847355,
            "descuento": 0.0,
            "IVA": 5
        }
    ]
}