{
    "empresa_nit": "123456789",
    "empresa_ciudad": "CALI",
    "empresa_sede": "terminal",
    "empresa_nombre": "MicroMercado El Mio",
    "fecha_hora": "2024-05-31 06:23:03",
    "factura_num": "01099",
    "ciente_numero": 783641411,
    "pago_tipo": "TRANFERENCIA",
    "productos": [
        {
            "codigo": "wwPZYPhdDD",
            "total": 8,
            "valor_unitario": 520203,
            "descuento": 0.02,
            "IVA": 0
        },
        {
            "codigo": "X8r7XzmZxa",
            "total": 15,
            "valor_unitario": 598682,
            "descuento": 0.29,
            "IVA": 5
        },
        {
            "codigo": "ZhtbYnEIdV",
            "total": 14,
            "valor_unitario": 605212,
            "descuento": 0.1,
            "IVA": 0
        },
        {
            "codigo": "r7KNNIl1ER",
            "total": 13,
            "valor_unitario": 75454,
            "descuento": 0.19,
            "IVA": 19
        },
        {
            "codigo": "PVORfulAo2",
            "total": 4,
            "valor_unitario": 590748,
            "descuento": 0.49,
            "IVA": 0
        },
        {
            "codigo": "hQVXHTBzj9",
            "total": 4,
            "valor_unitario": 517450,
            "descuento": 0.34,
            "IVA": 0
        },
        {
            "codigo": "nc31xpPpYU",
            "total": 15,
            "valor_unitario": 964061,
            "descuento": 0.1,
            "IVA": 5
        },
        {
            "codigo": "nn9XShxVm8",
            "total": 13,
            "valor_unitario": 832274,
            "descuento": 0.07,
            "IVA": 19
        },
        {
            "codigo": "3nZEVtaLtz",
            "total": 13,
            "valor_unitario": 782372,
            "descuento": 0.38,
            "IVA": 0
        },
        {
            "codigo": "WkaWfIqMpc",
            "total": 11,
            "valor_unitario": 268637,
            "descuento": 0.48,
            "IVA": 0
        },
        {
            "codigo": "E2eLpfPopM",
            "total": 6,
            "valor_unitario": 866684,
            "descuento": 0.21,
            "IVA": 5
        }
    ]
}