{
    "empresa_nit": "123456789",
    "empresa_ciudad": "MEDELLIN",
    "empresa_sede": "centro",
    "empresa_nombre": "MicroMercado El Mio",
    "fecha_hora": "2021-03-24 04:09:38",
    "factura_num": "01271",
    "ciente_numero": 852032225,
    "pago_tipo": "TRANFERENCIA",
    "productos": [
        {
            "codigo": "BNOdG2PgVz",
            "total": 11,
            "valor_unitario": 410115,
            "descuento": 0.45,
            "IVA": 19
        },
        {
            "codigo": "jlt2mxQNKu",
            "total": 18,
            "valor_unitario": 538539,
            "descuento": 0.36,
            "IVA": 5
        },
        {
            "codigo": "ZXunuJmRDB",
            "total": 3,
            "valor_unitario": 750405,
            "descuento": 0.33,
            "IVA": 19
        },
        {
            "codigo": "GWFShyVb0q",
            "total": 19,
            "valor_unitario": 414471,
            "descuento": 0.47,
            "IVA": 19
        },
        {
            "codigo": "J4xh5uvfTU",
            "total": 15,
            "valor_unitario": 253483,
            "descuento": 0.13,
            "IVA": 0
        },
        {
            "codigo": "LnsVxSJD0C",
            "total": 10,
            "valor_unitario": 792218,
            "descuento": 0.44,
            "IVA": 0
        },
        {
            "codigo": "jbQrcpCm8e",
            "total": 8,
            "valor_unitario": 469937,
            "descuento": 0.46,
            "IVA": 19
        },
        {
            "codigo": "T6vMUgdsv1",
            "total": 1,
            "valor_unitario": 270138,
            "descuento": 0.21,
            "IVA": 0
        },
        {
            "codigo": "cTnlHLL0O2",
            "total": 3,
            "valor_unitario": 590767,
            "descuento": 0.19,
            "IVA": 5
        },
        {
            "codigo": "PGfJ7ufLcQ",
            "total": 2,
            "valor_unitario": 148562,
            "descuento": 0.41,
            "IVA": 19
        }
    ]
}