{
    "empresa_nit": "123456789",
    "empresa_ciudad": "TUNJA",
    "empresa_sede": "centro",
    "empresa_nombre": "MicroMercado El Mio",
    "fecha_hora": "2020-07-02 02:25:11",
    "factura_num": "01372",
    "ciente_numero": 127943753,
    "pago_tipo": "TRANFERENCIA",
    "productos": [
        {
            "codigo": "KDQtauAvbX",
            "total": 6,
            "valor_unitario": 716738,
            "descuento": 0.34,
            "IVA": 5
        },
        {
            "codigo": "ghbqi6XYnx",
            "total": 3,
            "valor_unitario": 417614,
            "descuento": 0.33,
            "IVA": 5
        },
        {
            "codigo": "S1J2aKdtdp",
            "total": 16,
            "valor_unitario": 441074,
            "descuento": 0.11,
            "IVA": 5
        },
        {
            "codigo": "D1iHgcoeBw",
            "total": 12,
            "valor_unitario": 31388,
            "descuento": 0.5,
            "IVA": 19
        },
        {
            "codigo": "VjGx9A7IAG",
            "total": 18,
            "valor_unitario": 188321,
            "descuento": 0.43,
            "IVA": 19
        },
        {
            "codigo": "8im57Hkjpy",
            "total": 14,
            "valor_unitario": 508451,
            "descuento": 0.12,
            "IVA": 19
        },
        {
            "codigo": "gS4wQiJsDf",
            "total": 4,
            "valor_unitario": 211183,
            "descuento": 0.3,
            "IVA": 19
        }
    ]
}