{
    "empresa_nit": "123456789",
    "empresa_ciudad": "CALI",
    "empresa_sede": "plaza",
    "empresa_nombre": "MicroMercado El Mio",
    "fecha_hora": "2022-08-22 06:31:07",
    "factura_num": "01282",
    "ciente_numero": 168142872,
    "pago_tipo": "TAR.CREDITO",
    "productos": [
        {
            "codigo": "pEHcfWlgnB",
            "total": 7,
            "valor_unitario": 580277,
            "descuento": 0.44,
            "IVA": 5
        },
        {
            "codigo": "b9cXpjn5tb",
            "total": 7,
            "valor_unitario": 977135,
            "descuento": 0.38,
            "IVA": 19
        },
        {
            "codigo": "4wErEGFFow",
            "total": 2,
            "valor_unitario": 425814,
            "descuento": 0.26,
            "IVA": 0
        },
        {
            "codigo": "ngCnKmpUYW",
            "total": 7,
            "valor_unitario": 451782,
            "descuento": 0.34,
            "IVA": 0
        },
        {
            "codigo": "CnguDxzMqE",
            "total": 14,
            "valor_unitario": 795344,
            "descuento": 0.38,
            "IVA": 19
        },
        {
            "codigo": "d7IpcXfFXC",
            "total": 17,
            "valor_unitario": 790728,
            "descuento": 0.04,
            "IVA": 0
        }
    ]
}