{
    "empresa_nit": "123456789",
    "empresa_ciudad": "BARRANQUILLA",
    "empresa_sede": "terminal",
    "empresa_nombre": "MicroMercado El Mio",
    "fecha_hora": "2022-04-01 05:45:30",
    "factura_num": "01190",
    "ciente_numero": 879698795,
    "pago_tipo": "EFECTIVO",
    "productos": [
        {
            "codigo": "bHMAfdZb48",
            "total": 10,
            "valor_unitario": 997462,
            "descuento": 0.1,
            "IVA": 5
        },
        {
            "codigo": "b5WBLpgDBg",
            "total": 6,
            "valor_unitario": 997092,
            "descuento": 0.17,
            "IVA": 19
        },
        {
            "codigo": "Y8YbAi1cO3",
            "total": 5,
            "valor_unitario": 259260,
            "descuento": 0.0,
            "IVA": 0
        },
        {
            "codigo": "tG3EHZcamZ",
            "total": 11,
            "valor_unitario": 124497,
            "descuento": 0.08,
            "IVA": 5
        },
        {
            "codigo": "tVEbhR51TP",
            "total": 16,
            "valor_unitario": 764147,
            "descuento": 0.34,
            "IVA": 19
        },
        {
            "codigo": "0UhegJaEuO",
            "total": 12,
            "valor_unitario": 54062,
            "descuento": 0.04,
            "IVA": 5
        },
        {
            "codigo": "a9WmO6PjXD",
            "total": 3,
            "valor_unitario": 627502,
            "descuento": 0.29,
            "IVA": 0
        },
        {
            "codigo": "ixKwWy1une",
            "total": 10,
            "valor_unitario": 213211,
            "descuento": 0.42,
            "IVA": 19
        },
        {
            "codigo": "WJ45cScGkh",
            "total": 3,
            "valor_unitario": 644050,
            "descuento": 0.34,
            "IVA": 0
        },
        {
            "codigo": "XHOo3lRLXq",
            "total": 15,
            "valor_unitario": 836916,
            "descuento": 0.18,
            "IVA": 5
        },
        {
            "codigo": "JRa5cdwMcs",
            "total": 1,
            "valor_unitario": 545716,
            "descuento": 0.02,
            "IVA": 5
        },
        {
            "codigo": "KgtRmHDTpp",
            "total": 4,
            "valor_unitario": 624134,
            "descuento": 0.24,
            "IVA": 5
        },
        {
            "codigo": "DZXyMaF40k",
            "total": 13,
            "valor_unitario": 558460,
            "descuento": 0.01,
            "IVA": 0
        },
        {
            "codigo": "FIypseBWOp",
            "total": 9,
            "valor_unitario": 540979,
            "descuento": 0.07,
            "IVA": 5
        },
        {
            "codigo": "s4UnTuTWKA",
            "total": 2,
            "valor_unitario": 269092,
            "descuento": 0.31,
            "IVA": 5
        },
        {
            "codigo": "GglIqCAFgc",
            "total": 15,
            "valor_unitario": 39983,
            "descuento": 0.19,
            "IVA": 0
        },
        {
            "codigo": "OnturjhwKc",
            "total": 4,
            "valor_unitario": 522340,
            "descuento": 0.09,
            "IVA": 0
        },
        {
            "codigo": "coB3ZeAHSD",
            "total": 4,
            "valor_unitario": 532567,
            "descuento": 0.43,
            "IVA": 5
        },
        {
            "codigo": "IA2QBDS9IV",
            "total": 5,
            "valor_unitario": 412478,
            "descuento": 0.34,
            "IVA": 5
        },
        {
            "codigo": "D2urGDOxFr",
            "total": 5,
            "valor_unitario": 344600,
            "descuento": 0.04,
            "IVA": 5
        }
    ]
}