{
    "empresa_nit": "123456789",
    "empresa_ciudad": "BOGOTA",
    "empresa_sede": "aeropuerto",
    "empresa_nombre": "MicroMercado El Mio",
    "fecha_hora": "2023-04-23 03:52:27",
    "factura_num": "01214",
    "ciente_numero": 403664215,
    "pago_tipo": "EFECTIVO",
    "productos": [
        {
            "codigo": "Gakd885CEW",
            "total": 5,
            "valor_unitario": 122605,
            "descuento": 0.19,
            "IVA": 19
        },
        {
            "codigo": "nmlWEebh9i",
            "total": 13,
            "valor_unitario": 41362,
            "descuento": 0.19,
            "IVA": 0
        },
        {
            "codigo": "25vdgsfIV7",
            "total": 5,
            "valor_unitario": 450129,
            "descuento": 0.49,
            "IVA": 19
        },
        {
            "codigo": "n8zPW2WVIA",
            "total": 4,
            "valor_unitario": 8713,
            "descuento": 0.09,
            "IVA": 19
        },
        {
            "codigo": "9PJNjjZUhY",
            "total": 16,
            "valor_unitario": 425209,
            "descuento": 0.5,
            "IVA": 0
        },
        {
            "codigo": "fM2XnWrVYa",
            "total": 19,
            "valor_unitario": 662737,
            "descuento": 0.13,
            "IVA": 0
        },
        {
            "codigo": "c7ZAla2f8D",
            "total": 13,
            "valor_unitario": 526663,
            "descuento": 0.07,
            "IVA": 0
        },
        {
            "codigo": "gWe3wsD8Wk",
            "total": 13,
            "valor_unitario": 594622,
            "descuento": 0.11,
            "IVA": 0
        },
        {
            "codigo": "9DWs6o0Uek",
            "total": 10,
            "valor_unitario": 314356,
            "descuento": 0.18,
            "IVA": 5
        },
        {
            "codigo": "2i3zpSkhLk",
            "total": 11,
            "valor_unitario": 528399,
            "descuento": 0.24,
            "IVA": 5
        },
        {
            "codigo": "tGnzprj4kd",
            "total": 20,
            "valor_unitario": 434402,
            "descuento": 0.42,
            "IVA": 5
        },
        {
            "codigo": "aTt2jmVF9K",
            "total": 19,
            "valor_unitario": 537652,
            "descuento": 0.12,
            "IVA": 19
        },
        {
            "codigo": "gglP8uzQcR",
            "total": 20,
            "valor_unitario": 622333,
            "descuento": 0.38,
            "IVA": 19
        },
        {
            "codigo": "R7Jetig6Ks",
            "total": 20,
            "valor_unitario": 565998,
            "descuento": 0.45,
            "IVA": 5
        },
        {
            "codigo": "Y2yeemEZHD",
            "total": 19,
            "valor_unitario": 722926,
            "descuento": 0.33,
            "IVA": 19
        },
        {
            "codigo": "NlUKgVrG0K",
            "total": 8,
            "valor_unitario": 163834,
            "descuento": 0.5,
            "IVA": 0
        },
        {
            "codigo": "6HGFLL0m3b",
            "total": 11,
            "valor_unitario": 502967,
            "descuento": 0.37,
            "IVA": 5
        },
        {
            "codigo": "UtMFMGlZms",
            "total": 1,
            "valor_unitario": 235966,
            "descuento": 0.1,
            "IVA": 19
        },
        {
            "codigo": "JreeBnsqqb",
            "total": 16,
            "valor_unitario": 143444,
            "descuento": 0.48,
            "IVA": 5
        },
        {
            "codigo": "lfCuIw8YUa",
            "total": 15,
            "valor_unitario": 162239,
            "descuento": 0.34,
            "IVA": 19
        }
    ]
}