{
    "empresa_nit": "123456789",
    "empresa_ciudad": "BOGOTA",
    "empresa_sede": "alcaldia",
    "empresa_nombre": "MicroMercado El Mio",
    "fecha_hora": "2020-10-13 12:21:18",
    "factura_num": "01142",
    "ciente_numero": 333596770,
    "pago_tipo": "TRANFERENCIA",
    "productos": [
        {
            "codigo": "QOzuAO6t88",
            "total": 7,
            "valor_unitario": 287396,
            "descuento": 0.34,
            "IVA": 5
        },
        {
            "codigo": "opQESKwCYt",
            "total": 2,
            "valor_unitario": 156269,
            "descuento": 0.45,
            "IVA": 0
        },
        {
            "codigo": "FyoKidYk8s",
            "total": 9,
            "valor_unitario": 557579,
            "descuento": 0.39,
            "IVA": 0
        },
        {
            "codigo": "eY3ohJSJQw",
            "total": 7,
            "valor_unitario": 119682,
            "descuento": 0.32,
            "IVA": 19
        },
        {
            "codigo": "gaTd1f4qDv",
            "total": 1,
            "valor_unitario": 481979,
            "descuento": 0.15,
            "IVA": 19
        },
        {
            "codigo": "DL4ernTVdN",
            "total": 15,
            "valor_unitario": 222710,
            "descuento": 0.1,
            "IVA": 5
        },
        {
            "codigo": "TEqaSQbI0D",
            "total": 10,
            "valor_unitario": 655962,
            "descuento": 0.11,
            "IVA": 5
        },
        {
            "codigo": "Ca5vSNuTd4",
            "total": 8,
            "valor_unitario": 240429,
            "descuento": 0.06,
            "IVA": 5
        },
        {
            "codigo": "IqIjTtWxjD",
            "total": 19,
            "valor_unitario": 862306,
            "descuento": 0.45,
            "IVA": 0
        },
        {
            "codigo": "KDDOsq2tqX",
            "total": 17,
            "valor_unitario": 453448,
            "descuento": 0.19,
            "IVA": 19
        },
        {
            "codigo": "s6X0VGagzE",
            "total": 10,
            "valor_unitario": 966798,
            "descuento": 0.29,
            "IVA": 5
        },
        {
            "codigo": "gF3gvdWZow",
            "total": 5,
            "valor_unitario": 624477,
            "descuento": 0.19,
            "IVA": 5
        },
        {
            "codigo": "KP9zRHntwU",
            "total": 19,
            "valor_unitario": 841803,
            "descuento": 0.08,
            "IVA": 19
        },
        {
            "codigo": "NkPlw1jUZr",
            "total": 20,
            "valor_unitario": 827443,
            "descuento": 0.23,
            "IVA": 5
        },
        {
            "codigo": "ToOflKjqIJ",
            "total": 1,
            "valor_unitario": 144978,
            "descuento": 0.47,
            "IVA": 19
        },
        {
            "codigo": "hrgzDJhBHK",
            "total": 18,
            "valor_unitario": 522408,
            "descuento": 0.14,
            "IVA": 0
        },
        {
            "codigo": "3lJJ5B3JlP",
            "total": 13,
            "valor_unitario": 577280,
            "descuento": 0.16,
            "IVA": 0
        },
        {
            "codigo": "wFBj6OU8oN",
            "total": 7,
            "valor_unitario": 983266,
            "descuento": 0.49,
            "IVA": 19
        }
    ]
}