{
    "empresa_nit": "123456789",
    "empresa_ciudad": "TUNJA",
    "empresa_sede": "autopista",
    "empresa_nombre": "MicroMercado El Mio",
    "fecha_hora": "2020-03-08 07:29:33",
    "factura_num": "01149",
    "ciente_numero": 180288507,
    "pago_tipo": "TRANFERENCIA",
    "productos": [
        {
            "codigo": "QUkgIltCJO",
            "total": 6,
            "valor_unitario": 562737,
            "descuento": 0.05,
            "IVA": 0
        },
        {
            "codigo": "i4ggmqETfB",
            "total": 8,
            "valor_unitario": 808201,
            "descuento": 0.26,
            "IVA": 5
        }
    ]
}