{
    "empresa_nit": "123456789",
    "empresa_ciudad": "BOGOTA",
    "empresa_sede": "plaza",
    "empresa_nombre": "MicroMercado El Mio",
    "fecha_hora": "2021-06-13 03:53:04",
    "factura_num": "01404",
    "ciente_numero": 12139024,
    "pago_tipo": "EFECTIVO",
    "productos": [
        {
            "codigo": "jryEkauDmX",
            "total": 13,
            "valor_unitario": 716964,
            "descuento": 0.44,
            "IVA": 5
        },
        {
            "codigo": "H6IRpJsGv8",
            "total": 6,
            "valor_unitario": 266625,
            "descuento": 0.0,
            "IVA": 0
        },
        {
            "codigo": "rF1T2FaYOY",
            "total": 9,
            "valor_unitario": 955326,
            "descuento": 0.49,
            "IVA": 0
        },
        {
            "codigo": "uQ5QuPpKd4",
            "total": 13,
            "valor_unitario": 672047,
            "descuento": 0.07,
            "IVA": 19
        },
        {
            "codigo": "THYkqydaaj",
            "total": 14,
            "valor_unitario": 364196,
            "descuento": 0.07,
            "IVA": 5
        },
        {
            "codigo": "t2ax2u8fQZ",
            "total": 11,
            "valor_unitario": 57584,
            "descuento": 0.03,
            "IVA": 19
        },
        {
            "codigo": "LE2cNPfK7h",
            "total": 17,
            "valor_unitario": 468589,
            "descuento": 0.11,
            "IVA": 19
        },
        {
            "codigo": "iTWPfnqL9W",
            "total": 16,
            "valor_unitario": 993547,
            "descuento": 0.06,
            "IVA": 19
        },
        {
            "codigo": "kWDZsf8cpJ",
            "total": 7,
            "valor_unitario": 303496,
            "descuento": 0.14,
            "IVA": 5
        },
        {
            "codigo": "0Vm2FJ3DpA",
            "total": 19,
            "valor_unitario": 695805,
            "descuento": 0.31,
            "IVA": 5
        },
        {
            "codigo": "cuUPMztrv4",
            "total": 5,
            "valor_unitario": 728818,
            "descuento": 0.11,
            "IVA": 5
        },
        {
            "codigo": "8zmWYx1L9z",
            "total": 14,
            "valor_unitario": 429245,
            "descuento": 0.3,
            "IVA": 19
        }
    ]
}