{
    "empresa_nit": "123456789",
    "empresa_ciudad": "CALI",
    "empresa_sede": "autopista",
    "empresa_nombre": "MicroMercado El Mio",
    "fecha_hora": "2023-10-09 12:46:43",
    "factura_num": "00121",
    "ciente_numero": 304706450,
    "pago_tipo": "TAR.CREDITO",
    "productos": [
        {
            "codigo": "CcT0v3yTy3",
            "total": 4,
            "valor_unitario": 888061,
            "descuento": 0.2,
            "IVA": 0
        },
        {
            "codigo": "pwmzQAqiFa",
            "total": 1,
            "valor_unitario": 405302,
            "descuento": 0.17,
            "IVA": 19
        },
        {
            "codigo": "GaHEDanhoy",
            "total": 13,
            "valor_unitario": 371415,
            "descuento": 0.24,
            "IVA": 19
        },
        {
            "codigo": "3xdraIz50i",
            "total": 14,
            "valor_unitario": 868050,
            "descuento": 0.48,
            "IVA": 5
        },
        {
            "codigo": "etpsOBTdUA",
            "total": 5,
            "valor_unitario": 13759,
            "descuento": 0.48,
            "IVA": 19
        },
        {
            "codigo": "8UoZ4nCWKA",
            "total": 11,
            "valor_unitario": 500209,
            "descuento": 0.49,
            "IVA": 19
        },
        {
            "codigo": "6I8REoTmmr",
            "total": 15,
            "valor_unitario": 980451,
            "descuento": 0.24,
            "IVA": 0
        },
        {
            "codigo": "HTYYMvINbN",
            "total": 17,
            "valor_unitario": 196154,
            "descuento": 0.1,
            "IVA": 0
        },
        {
            "codigo": "7d9nngcqt5",
            "total": 17,
            "valor_unitario": 927323,
            "descuento": 0.34,
            "IVA": 0
        }
    ]
}