{
    "empresa_nit": "123456789",
    "empresa_ciudad": "MEDELLIN",
    "empresa_sede": "autopista",
    "empresa_nombre": "MicroMercado El Mio",
    "fecha_hora": "2020-06-29 22:57:41",
    "factura_num": "01013",
    "ciente_numero": 829141590,
    "pago_tipo": "EFECTIVO",
    "productos": [
        {
            "codigo": "kYGxv7P8Uw",
            "total": 17,
            "valor_unitario": 280983,
            "descuento": 0.16,
            "IVA": 5
        },
        {
            "codigo": "qDw2q0nPUF",
            "total": 20,
            "valor_unitario": 453876,
            "descuento": 0.43,
            "IVA": 5
        },
        {
            "codigo": "oZEfb19Wg1",
            "total": 8,
            "valor_unitario": 187579,
            "descuento": 0.15,
            "IVA": 5
        },
        {
            "codigo": "1aO9qSUTIw",
            "total": 3,
            "valor_unitario": 800791,
            "descuento": 0.03,
            "IVA": 5
        },
        {
            "codigo": "KqwEVUjExU",
            "total": 19,
            "valor_unitario": 916152,
            "descuento": 0.5,
            "IVA": 19
        },
        {
            "codigo": "gUpTm6sUB2",
            "total": 8,
            "valor_unitario": 904564,
            "descuento": 0.12,
            "IVA": 0
        }
    ]
}