{
    "empresa_nit": "123456789",
    "empresa_ciudad": "TUNJA",
    "empresa_sede": "centro",
    "empresa_nombre": "MicroMercado El Mio",
    "fecha_hora": "2022-04-27 11:55:17",
    "factura_num": "01345",
    "ciente_numero": 919665526,
    "pago_tipo": "TAR.DEBITO",
    "productos": [
        {
            "codigo": "5O4hvszoiw",
            "total": 4,
            "valor_unitario": 994084,
            "descuento": 0.39,
            "IVA": 19
        },
        {
            "codigo": "AbVdAUZCRF",
            "total": 12,
            "valor_unitario": 374802,
            "descuento": 0.05,
            "IVA": 0
        },
        {
            "codigo": "kHDzrDLzXd",
            "total": 19,
            "valor_unitario": 3300,
            "descuento": 0.27,
            "IVA": 0
        },
        {
            "codigo": "EraLAonz72",
            "total": 18,
            "valor_unitario": 86065,
            "descuento": 0.13,
            "IVA": 0
        },
        {
            "codigo": "y07C6ePp6D",
            "total": 3,
            "valor_unitario": 442095,
            "descuento": 0.49,
            "IVA": 5
        },
        {
            "codigo": "l1D3CqRmY2",
            "total": 16,
            "valor_unitario": 446843,
            "descuento": 0.19,
            "IVA": 5
        },
        {
            "codigo": "xQaoAI6eUM",
            "total": 17,
            "valor_unitario": 939901,
            "descuento": 0.36,
            "IVA": 19
        },
        {
            "codigo": "qD7vhfaEC3",
            "total": 9,
            "valor_unitario": 851992,
            "descuento": 0.34,
            "IVA": 19
        },
        {
            "codigo": "R3dw3x7Ams",
            "total": 10,
            "valor_unitario": 61101,
            "descuento": 0.43,
            "IVA": 5
        },
        {
            "codigo": "Wew5iyZSl2",
            "total": 4,
            "valor_unitario": 836933,
            "descuento": 0.32,
            "IVA": 19
        },
        {
            "codigo": "7Nlf6LfK5c",
            "total": 19,
            "valor_unitario": 621886,
            "descuento": 0.46,
            "IVA": 0
        },
        {
            "codigo": "V7Vzrex7VK",
            "total": 18,
            "valor_unitario": 801872,
            "descuento": 0.42,
            "IVA": 19
        },
        {
            "codigo": "oYOZ8MdDlI",
            "total": 3,
            "valor_unitario": 948404,
            "descuento": 0.49,
            "IVA": 19
        },
        {
            "codigo": "BkUzKHYQc9",
            "total": 16,
            "valor_unitario": 360902,
            "descuento": 0.39,
            "IVA": 5
        },
        {
            "codigo": "IX3p9NIBi0",
            "total": 12,
            "valor_unitario": 44097,
            "descuento": 0.2,
            "IVA": 0
        },
        {
            "codigo": "lQlK0aZeUA",
            "total": 6,
            "valor_unitario": 138484,
            "descuento": 0.07,
            "IVA": 0
        },
        {
            "codigo": "UTPVMNq6Z1",
            "total": 1,
            "valor_unitario": 828939,
            "descuento": 0.14,
            "IVA": 19
        },
        {
            "codigo": "7QApd0v9gk",
            "total": 6,
            "valor_unitario": 896918,
            "descuento": 0.19,
            "IVA": 0
        }
    ]
}