{
    "empresa_nit": "123456789",
    "empresa_ciudad": "MEDELLIN",
    "empresa_sede": "terminal",
    "empresa_nombre": "MicroMercado El Mio",
    "fecha_hora": "2024-11-26 15:18:29",
    "factura_num": "01217",
    "ciente_numero": 484136513,
    "pago_tipo": "EFECTIVO",
    "productos": [
        {
            "codigo": "1K00ySWUBl",
            "total": 7,
            "valor_unitario": 184936,
            "descuento": 0.19,
            "IVA": 19
        },
        {
            "codigo": "S5eOSR0Xnf",
            "total": 1,
            "valor_unitario": 593818,
            "descuento": 0.35,
            "IVA": 5
        },
        {
            "codigo": "kDWUZCJETM",
            "total": 10,
            "valor_unitario": 586658,
            "descuento": 0.37,
            "IVA": 5
        },
        {
            "codigo": "jobihV7g73",
            "total": 12,
            "valor_unitario": 432338,
            "descuento": 0.09,
            "IVA": 19
        },
        {
            "codigo": "gen6JFWMbP",
            "total": 20,
            "valor_unitario": 86285,
            "descuento": 0.39,
            "IVA": 0
        },
        {
            "codigo": "19Obu9msx4",
            "total": 4,
            "valor_unitario": 229134,
            "descuento": 0.13,
            "IVA": 5
        },
        {
            "codigo": "cpxBq2nkiD",
            "total": 7,
            "valor_unitario": 809497,
            "descuento": 0.38,
            "IVA": 19
        },
        {
            "codigo": "ur0kC00dNM",
            "total": 13,
            "valor_unitario": 97163,
            "descuento": 0.27,
            "IVA": 5
        },
        {
            "codigo": "D32XLsClfp",
            "total": 11,
            "valor_unitario": 128844,
            "descuento": 0.02,
            "IVA": 5
        },
        {
            "codigo": "t7uzWjH85z",
            "total": 6,
            "valor_unitario": 15145,
            "descuento": 0.05,
            "IVA": 5
        },
        {
            "codigo": "uEQcSlzrQp",
            "total": 12,
            "valor_unitario": 289658,
            "descuento": 0.44,
            "IVA": 19
        },
        {
            "codigo": "gn914t09hO",
            "total": 9,
            "valor_unitario": 455144,
            "descuento": 0.36,
            "IVA": 19
        },
        {
            "codigo": "4AY6uj4iDw",
            "total": 10,
            "valor_unitario": 832986,
            "descuento": 0.07,
            "IVA": 5
        },
        {
            "codigo": "zZhS66dl1e",
            "total": 15,
            "valor_unitario": 208396,
            "descuento": 0.11,
            "IVA": 5
        },
        {
            "codigo": "fS2PDSEoUe",
            "total": 19,
            "valor_unitario": 725297,
            "descuento": 0.17,
            "IVA": 5
        },
        {
            "codigo": "UdjyOtpzPN",
            "total": 11,
            "valor_unitario": 924278,
            "descuento": 0.2,
            "IVA": 19
        }
    ]
}