{
    "empresa_nit": "123456789",
    "empresa_ciudad": "BOGOTA",
    "empresa_sede": "aeropuerto",
    "empresa_nombre": "MicroMercado El Mio",
    "fecha_hora": "2020-09-23 12:37:21",
    "factura_num": "01065",
    "ciente_numero": 752327270,
    "pago_tipo": "TAR.DEBITO",
    "productos": [
        {
            "codigo": "ta7noIUhQ6",
            "total": 16,
            "valor_unitario": 107866,
            "descuento": 0.37,
            "IVA": 0
        },
        {
            "codigo": "0g4aGurrsN",
            "total": 4,
            "valor_unitario": 687735,
            "descuento": 0.19,
            "IVA": 0
        },
        {
            "codigo": "LvWqG92bEM",
            "total": 2,
            "valor_unitario": 53498,
            "descuento": 0.48,
            "IVA": 5
        },
        {
            "codigo": "TbTT4d63wX",
            "total": 15,
            "valor_unitario": 519435,
            "descuento": 0.11,
            "IVA": 5
        },
        {
            "codigo": "C9Wpm38k8m",
            "total": 18,
            "valor_unitario": 617850,
            "descuento": 0.44,
            "IVA": 19
        }
    ]
}