{
    "empresa_nit": "123456789",
    "empresa_ciudad": "TUNJA",
    "empresa_sede": "autopista",
    "empresa_nombre": "MicroMercado El Mio",
    "fecha_hora": "2024-11-12 05:57:36",
    "factura_num": "01147",
    "ciente_numero": 756906437,
    "pago_tipo": "TRANFERENCIA",
    "productos": [
        {
            "codigo": "a57PeZrDVs",
            "total": 2,
            "valor_unitario": 377421,
            "descuento": 0.3,
            "IVA": 19
        },
        {
            "codigo": "HalP4k1bTj",
            "total": 15,
            "valor_unitario": 669673,
            "descuento": 0.46,
            "IVA": 0
        },
        {
            "codigo": "9dIEYX3kTl",
            "total": 13,
            "valor_unitario": 915193,
            "descuento": 0.49,
            "IVA": 5
        },
        {
            "codigo": "ihsAVKqebk",
            "total": 19,
            "valor_unitario": 988640,
            "descuento": 0.1,
            "IVA": 19
        },
        {
            "codigo": "TnEGKT2sKK",
            "total": 19,
            "valor_unitario": 377288,
            "descuento": 0.36,
            "IVA": 0
        },
        {
            "codigo": "Nfgy3A7OwO",
            "total": 5,
            "valor_unitario": 127245,
            "descuento": 0.3,
            "IVA": 5
        },
        {
            "codigo": "xOPnOUnOCx",
            "total": 13,
            "valor_unitario": 436298,
            "descuento": 0.19,
            "IVA": 0
        },
        {
            "codigo": "TrB6oCoKpQ",
            "total": 9,
            "valor_unitario": 724934,
            "descuento": 0.07,
            "IVA": 19
        },
        {
            "codigo": "xxhz11st20",
            "total": 20,
            "valor_unitario": 134272,
            "descuento": 0.35,
            "IVA": 0
        },
        {
            "codigo": "NrOAUuen0A",
            "total": 3,
            "valor_unitario": 249391,
            "descuento": 0.2,
            "IVA": 0
        },
        {
            "codigo": "TxgdBBLMm7",
            "total": 20,
            "valor_unitario": 183985,
            "descuento": 0.26,
            "IVA": 19
        },
        {
            "codigo": "GDldITE2BI",
            "total": 18,
            "valor_unitario": 975320,
            "descuento": 0.16,
            "IVA": 19
        },
        {
            "codigo": "6rMxFdK8P6",
            "total": 6,
            "valor_unitario": 236294,
            "descuento": 0.35,
            "IVA": 5
        },
        {
            "codigo": "xlAS156V4Q",
            "total": 17,
            "valor_unitario": 294152,
            "descuento": 0.08,
            "IVA": 5
        },
        {
            "codigo": "4ZwHsLeanl",
            "total": 16,
            "valor_unitario": 381895,
            "descuento": 0.35,
            "IVA": 19
        },
        {
            "codigo": "cE2HA6ubQJ",
            "total": 19,
            "valor_unitario": 513238,
            "descuento": 0.34,
            "IVA": 0
        },
        {
            "codigo": "ZBDUQtz0lW",
            "total": 13,
            "valor_unitario": 505890,
            "descuento": 0.02,
            "IVA": 0
        },
        {
            "codigo": "PkMHiYEuKH",
            "total": 19,
            "valor_unitario": 939336,
            "descuento": 0.19,
            "IVA": 19
        },
        {
            "codigo": "tYiaIB23x1",
            "total": 6,
            "valor_unitario": 870593,
            "descuento": 0.26,
            "IVA": 0
        }
    ]
}