{
    "empresa_nit": "123456789",
    "empresa_ciudad": "BARRANQUILLA",
    "empresa_sede": "autopista",
    "empresa_nombre": "MicroMercado El Mio",
    "fecha_hora": "2021-11-20 11:23:34",
    "factura_num": "01448",
    "ciente_numero": 17858274,
    "pago_tipo": "TAR.DEBITO",
    "productos": [
        {
            "codigo": "jsSb8eIcRu",
            "total": 8,
            "valor_unitario": 214944,
            "descuento": 0.49,
            "IVA": 5
        },
        {
            "codigo": "Tokcd83GGu",
            "total": 10,
            "valor_unitario": 916169,
            "descuento": 0.46,
            "IVA": 19
        },
        {
            "codigo": "hNyNiWYW8m",
            "total": 14,
            "valor_unitario": 498326,
            "descuento": 0.4,
            "IVA": 0
        },
        {
            "codigo": "stCoPd96ik",
            "total": 14,
            "valor_unitario": 341736,
            "descuento": 0.36,
            "IVA": 19
        },
        {
            "codigo": "6BKT0JDxVG",
            "total": 17,
            "valor_unitario": 111350,
            "descuento": 0.4,
            "IVA": 0
        },
        {
            "codigo": "3fBrFtZYnc",
            "total": 2,
            "valor_unitario": 632224,
            "descuento": 0.09,
            "IVA": 19
        }
    ]
}