{
    "empresa_nit": "123456789",
    "empresa_ciudad": "BARRANQUILLA",
    "empresa_sede": "centro",
    "empresa_nombre": "MicroMercado El Mio",
    "fecha_hora": "2025-02-15 10:12:59",
    "factura_num": "01339",
    "ciente_numero": 361640785,
    "pago_tipo": "TAR.CREDITO",
    "productos": [
        {
            "codigo": "dXwL2vbSTM",
            "total": 12,
            "valor_unitario": 103347,
            "descuento": 0.43,
            "IVA": 5
        },
        {
            "codigo": "hF5vSQaOlu",
            "total": 15,
            "valor_unitario": 819784,
            "descuento": 0.34,
            "IVA": 5
        },
        {
            "codigo": "72qA6tRPCh",
            "total": 17,
            "valor_unitario": 800882,
            "descuento": 0.01,
            "IVA": 19
        }
    ]
}