{
    "empresa_nit": "123456789",
    "empresa_ciudad": "MEDELLIN",
    "empresa_sede": "plaza",
    "empresa_nombre": "MicroMercado El Mio",
    "fecha_hora": "2022-08-12 09:11:04",
    "factura_num": "00115",
    "ciente_numero": 388680478,
    "pago_tipo": "EFECTIVO",
    "productos": [
        {
            "codigo": "MYmrX5keWR",
            "total": 6,
            "valor_unitario": 583785,
            "descuento": 0.25,
            "IVA": 5
        },
        {
            "codigo": "Bsz2A6Bsks",
            "total": 8,
            "valor_unitario": 912105,
            "descuento": 0.31,
            "IVA": 19
        }
    ]
}