{
    "empresa_nit": "123456789",
    "empresa_ciudad": "BARRANQUILLA",
    "empresa_sede": "plaza",
    "empresa_nombre": "MicroMercado El Mio",
    "fecha_hora": "2021-10-01 07:26:29",
    "factura_num": "01073",
    "ciente_numero": 142388531,
    "pago_tipo": "EFECTIVO",
    "productos": [
        {
            "codigo": "zGz7E5iAfZ",
            "total": 1,
            "valor_unitario": 139823,
            "descuento": 0.09,
            "IVA": 5
        },
        {
            "codigo": "icEs1B2tWs",
            "total": 13,
            "valor_unitario": 857506,
            "descuento": 0.39,
            "IVA": 5
        },
        {
            "codigo": "qebv6KdHcS",
            "total": 18,
            "valor_unitario": 927181,
            "descuento": 0.05,
            "IVA": 19
        },
        {
            "codigo": "4Plq42NxlV",
            "total": 14,
            "valor_unitario": 550923,
            "descuento": 0.19,
            "IVA": 5
        },
        {
            "codigo": "STwHGAWYmk",
            "total": 8,
            "valor_unitario": 259122,
            "descuento": 0.25,
            "IVA": 0
        },
        {
            "codigo": "3gdiozrP0T",
            "total": 16,
            "valor_unitario": 174506,
            "descuento": 0.22,
            "IVA": 0
        },
        {
            "codigo": "EJk7EVkBn4",
            "total": 19,
            "valor_unitario": 86446,
            "descuento": 0.46,
            "IVA": 0
        },
        {
            "codigo": "6zS9UTgUSa",
            "total": 2,
            "valor_unitario": 733291,
            "descuento": 0.03,
            "IVA": 19
        },
        {
            "codigo": "eNDiY70LW2",
            "total": 14,
            "valor_unitario": 781712,
            "descuento": 0.14,
            "IVA": 0
        },
        {
            "codigo": "JDHdtm1Yfv",
            "total": 19,
            "valor_unitario": 865547,
            "descuento": 0.03,
            "IVA": 19
        },
        {
            "codigo": "cbm6tj5OGJ",
            "total": 15,
            "valor_unitario": 333294,
            "descuento": 0.48,
            "IVA": 19
        },
        {
            "codigo": "7OGkTp8G97",
            "total": 7,
            "valor_unitario": 196783,
            "descuento": 0.34,
            "IVA": 5
        },
        {
            "codigo": "A1JR23ZtK5",
            "total": 1,
            "valor_unitario": 853182,
            "descuento": 0.36,
            "IVA": 5
        },
        {
            "codigo": "JYq5cFgJDB",
            "total": 9,
            "valor_unitario": 425358,
            "descuento": 0.11,
            "IVA": 5
        },
        {
            "codigo": "69Gu7LLNSH",
            "total": 19,
            "valor_unitario": 767709,
            "descuento": 0.25,
            "IVA": 5
        }
    ]
}