{
    "empresa_nit": "123456789",
    "empresa_ciudad": "BARRANQUILLA",
    "empresa_sede": "alcaldia",
    "empresa_nombre": "MicroMercado El Mio",
    "fecha_hora": "2022-01-09 02:10:52",
    "factura_num": "01362",
    "ciente_numero": 694739978,
    "pago_tipo": "EFECTIVO",
    "productos": [
        {
            "codigo": "njpqYyiwyL",
            "total": 14,
            "valor_unitario": 610888,
            "descuento": 0.01,
            "IVA": 0
        },
        {
            "codigo": "Sg9Ny98Rw8",
            "total": 15,
            "valor_unitario": 691145,
            "descuento": 0.04,
            "IVA": 19
        },
        {
            "codigo": "0LfucJ8s29",
            "total": 15,
            "valor_unitario": 934640,
            "descuento": 0.05,
            "IVA": 19
        },
        {
            "codigo": "qmpNEFeUEu",
            "total": 13,
            "valor_unitario": 74968,
            "descuento": 0.18,
            "IVA": 19
        },
        {
            "codigo": "g7tZrqMmcE",
            "total": 11,
            "valor_unitario": 705632,
            "descuento": 0.27,
            "IVA": 5
        },
        {
            "codigo": "gc4RdrZiPG",
            "total": 3,
            "valor_unitario": 609208,
            "descuento": 0.46,
            "IVA": 0
        },
        {
            "codigo": "hW8kVqbEwR",
            "total": 12,
            "valor_unitario": 340997,
            "descuento": 0.19,
            "IVA": 0
        },
        {
            "codigo": "ntitNGYhwJ",
            "total": 20,
            "valor_unitario": 950451,
            "descuento": 0.02,
            "IVA": 5
        },
        {
            "codigo": "9AsyRVAT6b",
            "total": 14,
            "valor_unitario": 494210,
            "descuento": 0.13,
            "IVA": 5
        },
        {
            "codigo": "WybFpIAPAz",
            "total": 11,
            "valor_unitario": 526211,
            "descuento": 0.16,
            "IVA": 5
        },
        {
            "codigo": "O4sqc6hKCe",
            "total": 5,
            "valor_unitario": 232791,
            "descuento": 0.45,
            "IVA": 5
        },
        {
            "codigo": "jRXgX4bSfK",
            "total": 11,
            "valor_unitario": 177128,
            "descuento": 0.02,
            "IVA": 5
        },
        {
            "codigo": "CI0avR7ua8",
            "total": 15,
            "valor_unitario": 599879,
            "descuento": 0.31,
            "IVA": 19
        },
        {
            "codigo": "2w0tZf7Quv",
            "total": 4,
            "valor_unitario": 173977,
            "descuento": 0.07,
            "IVA": 5
        },
        {
            "codigo": "b4ALltrAYI",
            "total": 4,
            "valor_unitario": 700882,
            "descuento": 0.04,
            "IVA": 19
        },
        {
            "codigo": "gRLzy9BzaK",
            "total": 18,
            "valor_unitario": 554024,
            "descuento": 0.07,
            "IVA": 19
        },
        {
            "codigo": "Fq2DB6nGNi",
            "total": 8,
            "valor_unitario": 58735,
            "descuento": 0.18,
            "IVA": 0
        },
        {
            "codigo": "B4vOo2wSo4",
            "total": 12,
            "valor_unitario": 137737,
            "descuento": 0.02,
            "IVA": 19
        }
    ]
}