{
    "empresa_nit": "123456789",
    "empresa_ciudad": "TUNJA",
    "empresa_sede": "plaza",
    "empresa_nombre": "MicroMercado El Mio",
    "fecha_hora": "2024-09-17 07:56:12",
    "factura_num": "01375",
    "ciente_numero": 58703104,
    "pago_tipo": "TRANFERENCIA",
    "productos": [
        {
            "codigo": "zSg6jUo5xg",
            "total": 15,
            "valor_unitario": 4185,
            "descuento": 0.23,
            "IVA": 0
        },
        {
            "codigo": "p6X7ylcQdK",
            "total": 17,
            "valor_unitario": 945405,
            "descuento": 0.49,
            "IVA": 5
        },
        {
            "codigo": "vaYPBvdu9f",
            "total": 20,
            "valor_unitario": 631848,
            "descuento": 0.05,
            "IVA": 19
        },
        {
            "codigo": "Tp7pxHfB47",
            "total": 18,
            "valor_unitario": 209963,
            "descuento": 0.33,
            "IVA": 19
        },
        {
            "codigo": "N1tUsQaE4L",
            "total": 11,
            "valor_unitario": 10919,
            "descuento": 0.14,
            "IVA": 0
        },
        {
            "codigo": "hX2jH7uAn9",
            "total": 1,
            "valor_unitario": 852395,
            "descuento": 0.07,
            "IVA": 0
        },
        {
            "codigo": "q96ih7UcHA",
            "total": 9,
            "valor_unitario": 427719,
            "descuento": 0.41,
            "IVA": 19
        },
        {
            "codigo": "YDVHijIkq3",
            "total": 9,
            "valor_unitario": 349479,
            "descuento": 0.07,
            "IVA": 19
        },
        {
            "codigo": "uqbggcfg2e",
            "total": 6,
            "valor_unitario": 177827,
            "descuento": 0.25,
            "IVA": 5
        },
        {
            "codigo": "3OV1s3Xk7N",
            "total": 18,
            "valor_unitario": 961244,
            "descuento": 0.21,
            "IVA": 5
        },
        {
            "codigo": "Coy7suGjJA",
            "total": 8,
            "valor_unitario": 865415,
            "descuento": 0.24,
            "IVA": 0
        },
        {
            "codigo": "VJEeup3xu1",
            "total": 7,
            "valor_unitario": 90413,
            "descuento": 0.07,
            "IVA": 0
        },
        {
            "codigo": "Jl6jeEg4c8",
            "total": 19,
            "valor_unitario": 402512,
            "descuento": 0.26,
            "IVA": 0
        },
        {
            "codigo": "AxvH8rbZqC",
            "total": 19,
            "valor_unitario": 25187,
            "descuento": 0.06,
            "IVA": 19
        }
    ]
}