{
    "empresa_nit": "123456789",
    "empresa_ciudad": "TUNJA",
    "empresa_sede": "alcaldia",
    "empresa_nombre": "MicroMercado El Mio",
    "fecha_hora": "2023-12-24 21:28:35",
    "factura_num": "01326",
    "ciente_numero": 255207589,
    "pago_tipo": "TAR.CREDITO",
    "productos": [
        {
            "codigo": "WKqwJruCOP",
            "total": 10,
            "valor_unitario": 276049,
            "descuento": 0.17,
            "IVA": 5
        },
        {
            "codigo": "RBl6HVGXKv",
            "total": 12,
            "valor_unitario": 370597,
            "descuento": 0.41,
            "IVA": 19
        },
        {
            "codigo": "r1jl6V2ZHb",
            "total": 5,
            "valor_unitario": 569913,
            "descuento": 0.41,
            "IVA": 0
        }
    ]
}