{
    "empresa_nit": "123456789",
    "empresa_ciudad": "CALI",
    "empresa_sede": "terminal",
    "empresa_nombre": "MicroMercado El Mio",
    "fecha_hora": "2021-02-25 20:44:01",
    "factura_num": "01237",
    "ciente_numero": 375457729,
    "pago_tipo": "TAR.DEBITO",
    "productos": [
        {
            "codigo": "GLlO6FLyCS",
            "total": 1,
            "valor_unitario": 950440,
            "descuento": 0.2,
            "IVA": 0
        },
        {
            "codigo": "IRWIZMC976",
            "total": 7,
            "valor_unitario": 887152,
            "descuento": 0.08,
            "IVA": 5
        },
        {
            "codigo": "iA6huNADr7",
            "total": 13,
            "valor_unitario": 629735,
            "descuento": 0.36,
            "IVA": 19
        },
        {
            "codigo": "N3OIjNze4l",
            "total": 17,
            "valor_unitario": 830535,
            "descuento": 0.29,
            "IVA": 5
        },
        {
            "codigo": "pRTqymTnAP",
            "total": 11,
            "valor_unitario": 878553,
            "descuento": 0.48,
            "IVA": 19
        },
        {
            "codigo": "vy6yJuWwKP",
            "total": 1,
            "valor_unitario": 169572,
            "descuento": 0.06,
            "IVA": 0
        },
        {
            "codigo": "xGn1gXPNbV",
            "total": 19,
            "valor_unitario": 270218,
            "descuento": 0.02,
            "IVA": 19
        },
        {
            "codigo": "kuwHlZbKyV",
            "total": 17,
            "valor_unitario": 11970,
            "descuento": 0.36,
            "IVA": 5
        },
        {
            "codigo": "BefgbC18um",
            "total": 1,
            "valor_unitario": 571935,
            "descuento": 0.15,
            "IVA": 5
        },
        {
            "codigo": "J8Ah3pmsEr",
            "total": 2,
            "valor_unitario": 589164,
            "descuento": 0.19,
            "IVA": 19
        }
    ]
}