{
    "empresa_nit": "123456789",
    "empresa_ciudad": "CALI",
    "empresa_sede": "aeropuerto",
    "empresa_nombre": "MicroMercado El Mio",
    "fecha_hora": "2022-04-20 03:53:03",
    "factura_num": "01333",
    "ciente_numero": 145412945,
    "pago_tipo": "EFECTIVO",
    "productos": [
        {
            "codigo": "6AjKAQcqJT",
            "total": 4,
            "valor_unitario": 558791,
            "descuento": 0.05,
            "IVA": 0
        },
        {
            "codigo": "MaB04eP95w",
            "total": 17,
            "valor_unitario": 426278,
            "descuento": 0.29,
            "IVA": 19
        },
        {
            "codigo": "e62VfTOyBg",
            "total": 2,
            "valor_unitario": 16851,
            "descuento": 0.06,
            "IVA": 19
        },
        {
            "codigo": "WCXBah0xgq",
            "total": 2,
            "valor_unitario": 831053,
            "descuento": 0.17,
            "IVA": 5
        },
        {
            "codigo": "DVGn84GhbA",
            "total": 5,
            "valor_unitario": 330849,
            "descuento": 0.29,
            "IVA": 19
        },
        {
            "codigo": "RuJP2eUPBj",
            "total": 10,
            "valor_unitario": 351225,
            "descuento": 0.11,
            "IVA": 5
        },
        {
            "codigo": "QUWgOlkcj7",
            "total": 5,
            "valor_unitario": 337925,
            "descuento": 0.31,
            "IVA": 0
        },
        {
            "codigo": "AjwDK2MCCh",
            "total": 9,
            "valor_unitario": 112535,
            "descuento": 0.48,
            "IVA": 5
        },
        {
            "codigo": "daQpMfdGLM",
            "total": 8,
            "valor_unitario": 324710,
            "descuento": 0.49,
            "IVA": 19
        },
        {
            "codigo": "43Hln3MlbM",
            "total": 11,
            "valor_unitario": 387913,
            "descuento": 0.42,
            "IVA": 5
        },
        {
            "codigo": "1qdMmPXMkW",
            "total": 3,
            "valor_unitario": 7624,
            "descuento": 0.24,
            "IVA": 19
        },
        {
            "codigo": "r9XNnOZSrq",
            "total": 14,
            "valor_unitario": 5038,
            "descuento": 0.06,
            "IVA": 5
        }
    ]
}