{
    "empresa_nit": "123456789",
    "empresa_ciudad": "TUNJA",
    "empresa_sede": "aeropuerto",
    "empresa_nombre": "MicroMercado El Mio",
    "fecha_hora": "2024-06-20 06:36:40",
    "factura_num": "01000",
    "ciente_numero": 548938975,
    "pago_tipo": "TAR.DEBITO",
    "productos": [
        {
            "codigo": "BhVhPopD8A",
            "total": 11,
            "valor_unitario": 587993,
            "descuento": 0.33,
            "IVA": 0
        },
        {
            "codigo": "vhgUuAzRnT",
            "total": 7,
            "valor_unitario": 641623,
            "descuento": 0.38,
            "IVA": 5
        },
        {
            "codigo": "nJGnUWn7ot",
            "total": 4,
            "valor_unitario": 731256,
            "descuento": 0.23,
            "IVA": 5
        },
        {
            "codigo": "pBI2J0BV9L",
            "total": 6,
            "valor_unitario": 67456,
            "descuento": 0.29,
            "IVA": 19
        },
        {
            "codigo": "4V6OBJQq7n",
            "total": 17,
            "valor_unitario": 884378,
            "descuento": 0.23,
            "IVA": 0
        },
        {
            "codigo": "THs2Niimrr",
            "total": 2,
            "valor_unitario": 892960,
            "descuento": 0.28,
            "IVA": 19
        },
        {
            "codigo": "Pp6i7rfocO",
            "total": 5,
            "valor_unitario": 491272,
            "descuento": 0.2,
            "IVA": 0
        },
        {
            "codigo": "27XREUe9Wf",
            "total": 8,
            "valor_unitario": 198081,
            "descuento": 0.25,
            "IVA": 5
        },
        {
            "codigo": "ots7q6pWHC",
            "total": 14,
            "valor_unitario": 157054,
            "descuento": 0.42,
            "IVA": 19
        },
        {
            "codigo": "Wyq380Tkx9",
            "total": 6,
            "valor_unitario": 816164,
            "descuento": 0.38,
            "IVA": 5
        },
        {
            "codigo": "rp9oXvAKgk",
            "total": 20,
            "valor_unitario": 215604,
            "descuento": 0.45,
            "IVA": 5
        },
        {
            "codigo": "Yp0Tq9oDgc",
            "total": 19,
            "valor_unitario": 970206,
            "descuento": 0.04,
            "IVA": 19
        },
        {
            "codigo": "xJta4NSkrd",
            "total": 7,
            "valor_unitario": 929691,
            "descuento": 0.47,
            "IVA": 5
        },
        {
            "codigo": "WbT1IZUusz",
            "total": 9,
            "valor_unitario": 801875,
            "descuento": 0.31,
            "IVA": 0
        },
        {
            "codigo": "djn1pfPFcH",
            "total": 9,
            "valor_unitario": 622171,
            "descuento": 0.03,
            "IVA": 5
        },
        {
            "codigo": "1ngG5rkIZY",
            "total": 17,
            "valor_unitario": 320006,
            "descuento": 0.36,
            "IVA": 19
        },
        {
            "codigo": "jTrR0DgDQt",
            "total": 16,
            "valor_unitario": 751208,
            "descuento": 0.25,
            "IVA": 19
        },
        {
            "codigo": "zGXzCUojb8",
            "total": 19,
            "valor_unitario": 348590,
            "descuento": 0.15,
            "IVA": 5
        },
        {
            "codigo": "YMJ9cOlATz",
            "total": 13,
            "valor_unitario": 393615,
            "descuento": 0.04,
            "IVA": 0
        }
    ]
}