{
    "empresa_nit": "123456789",
    "empresa_ciudad": "BOGOTA",
    "empresa_sede": "terminal",
    "empresa_nombre": "MicroMercado El Mio",
    "fecha_hora": "2023-06-15 04:24:58",
    "factura_num": "01148",
    "ciente_numero": 890706548,
    "pago_tipo": "TRANFERENCIA",
    "productos": [
        {
            "codigo": "Lrcbd7H7QY",
            "total": 6,
            "valor_unitario": 695626,
            "descuento": 0.19,
            "IVA": 0
        },
        {
            "codigo": "tGVgXppYRR",
            "total": 13,
            "valor_unitario": 588701,
            "descuento": 0.26,
            "IVA": 0
        },
        {
            "codigo": "bzfPwVlEUZ",
            "total": 20,
            "valor_unitario": 190734,
            "descuento": 0.04,
            "IVA": 19
        },
        {
            "codigo": "PV2ykP9IxW",
            "total": 14,
            "valor_unitario": 364707,
            "descuento": 0.38,
            "IVA": 19
        },
        {
            "codigo": "VBbhEEgPUa",
            "total": 7,
            "valor_unitario": 683512,
            "descuento": 0.12,
            "IVA": 19
        },
        {
            "codigo": "o2S6k8ikWu",
            "total": 10,
            "valor_unitario": 787876,
            "descuento": 0.07,
            "IVA": 5
        },
        {
            "codigo": "QPQm4fXTqx",
            "total": 20,
            "valor_unitario": 318292,
            "descuento": 0.1,
            "IVA": 0
        },
        {
            "codigo": "jlWDenOR0h",
            "total": 15,
            "valor_unitario": 615930,
            "descuento": 0.03,
            "IVA": 0
        }
    ]
}