{
    "empresa_nit": "123456789",
    "empresa_ciudad": "BARRANQUILLA",
    "empresa_sede": "plaza",
    "empresa_nombre": "MicroMercado El Mio",
    "fecha_hora": "2020-03-30 00:21:03",
    "factura_num": "00135",
    "ciente_numero": 251988458,
    "pago_tipo": "EFECTIVO",
    "productos": [
        {
            "codigo": "XquW419gDE",
            "total": 19,
            "valor_unitario": 815387,
            "descuento": 0.35,
            "IVA": 5
        },
        {
            "codigo": "UfLSEHnWB3",
            "total": 5,
            "valor_unitario": 466205,
            "descuento": 0.03,
            "IVA": 19
        },
        {
            "codigo": "opfOhAlMsl",
            "total": 15,
            "valor_unitario": 57629,
            "descuento": 0.5,
            "IVA": 5
        },
        {
            "codigo": "jhseNQ7QtD",
            "total": 14,
            "valor_unitario": 783032,
            "descuento": 0.35,
            "IVA": 19
        },
        {
            "codigo": "INa2ja91yo",
            "total": 6,
            "valor_unitario": 425723,
            "descuento": 0.05,
            "IVA": 0
        },
        {
            "codigo": "bP2dSaqBbg",
            "total": 5,
            "valor_unitario": 792568,
            "descuento": 0.28,
            "IVA": 5
        },
        {
            "codigo": "QZJ4ZNsfOA",
            "total": 3,
            "valor_unitario": 114797,
            "descuento": 0.23,
            "IVA": 5
        },
        {
            "codigo": "NsB4RqGE1R",
            "total": 19,
            "valor_unitario": 387521,
            "descuento": 0.47,
            "IVA": 19
        }
    ]
}