{
    "empresa_nit": "123456789",
    "empresa_ciudad": "BARRANQUILLA",
    "empresa_sede": "alcaldia",
    "empresa_nombre": "MicroMercado El Mio",
    "fecha_hora": "2024-09-20 04:03:04",
    "factura_num": "01422",
    "ciente_numero": 312827835,
    "pago_tipo": "TAR.DEBITO",
    "productos": [
        {
            "codigo": "jMzRP8Kg7E",
            "total": 13,
            "valor_unitario": 115432,
            "descuento": 0.41,
            "IVA": 19
        },
        {
            "codigo": "Dm9puScCbw",
            "total": 14,
            "valor_unitario": 811078,
            "descuento": 0.41,
            "IVA": 0
        },
        {
            "codigo": "7GriRYq0Pu",
            "total": 2,
            "valor_unitario": 332818,
            "descuento": 0.42,
            "IVA": 19
        },
        {
            "codigo": "XW2cXVLjyU",
            "total": 12,
            "valor_unitario": 287580,
            "descuento": 0.28,
            "IVA": 19
        },
        {
            "codigo": "q6Ygjbdd1o",
            "total": 12,
            "valor_unitario": 603967,
            "descuento": 0.29,
            "IVA": 0
        },
        {
            "codigo": "9sDqMHvAaB",
            "total": 6,
            "valor_unitario": 296485,
            "descuento": 0.06,
            "IVA": 0
        },
        {
            "codigo": "4RHQEV95Ul",
            "total": 4,
            "valor_unitario": 109948,
            "descuento": 0.12,
            "IVA": 5
        },
        {
            "codigo": "HDpnodrGkE",
            "total": 9,
            "valor_unitario": 77215,
            "descuento": 0.37,
            "IVA": 5
        },
        {
            "codigo": "6s2wMAXBC9",
            "total": 5,
            "valor_unitario": 971229,
            "descuento": 0.23,
            "IVA": 5
        },
        {
            "codigo": "nvwIN7h337",
            "total": 17,
            "valor_unitario": 812748,
            "descuento": 0.43,
            "IVA": 5
        },
        {
            "codigo": "SsELJLB2v2",
            "total": 13,
            "valor_unitario": 553626,
            "descuento": 0.46,
            "IVA": 5
        },
        {
            "codigo": "3r5QlAAxBj",
            "total": 6,
            "valor_unitario": 383378,
            "descuento": 0.39,
            "IVA": 19
        }
    ]
}