{
    "empresa_nit": "123456789",
    "empresa_ciudad": "MEDELLIN",
    "empresa_sede": "terminal",
    "empresa_nombre": "MicroMercado El Mio",
    "fecha_hora": "2020-08-08 11:57:17",
    "factura_num": "01442",
    "ciente_numero": 171524997,
    "pago_tipo": "TRANFERENCIA",
    "productos": [
        {
            "codigo": "ESCLGQQ1NY",
            "total": 5,
            "valor_unitario": 337296,
            "descuento": 0.21,
            "IVA": 5
        },
        {
            "codigo": "80Lfxq4JpQ",
            "total": 15,
            "valor_unitario": 966054,
            "descuento": 0.3,
            "IVA": 5
        },
        {
            "codigo": "yIUrVorDKd",
            "total": 3,
            "valor_unitario": 692551,
            "descuento": 0.02,
            "IVA": 0
        },
        {
            "codigo": "Brd6o3GKmF",
            "total": 13,
            "valor_unitario": 763829,
            "descuento": 0.21,
            "IVA": 5
        },
        {
            "codigo": "wEHnj2ZopW",
            "total": 4,
            "valor_unitario": 432035,
            "descuento": 0.03,
            "IVA": 0
        },
        {
            "codigo": "WutUosEVdr",
            "total": 7,
            "valor_unitario": 146012,
            "descuento": 0.41,
            "IVA": 19
        },
        {
            "codigo": "MBnjEF9vLh",
            "total": 9,
            "valor_unitario": 773470,
            "descuento": 0.04,
            "IVA": 5
        },
        {
            "codigo": "5UwuJhuQaZ",
            "total": 12,
            "valor_unitario": 499449,
            "descuento": 0.32,
            "IVA": 19
        },
        {
            "codigo": "GjYRnlnAsj",
            "total": 11,
            "valor_unitario": 903898,
            "descuento": 0.32,
            "IVA": 5
        },
        {
            "codigo": "6gLlOhpgxA",
            "total": 9,
            "valor_unitario": 786012,
            "descuento": 0.09,
            "IVA": 0
        },
        {
            "codigo": "TIGxk9S0dI",
            "total": 6,
            "valor_unitario": 201535,
            "descuento": 0.08,
            "IVA": 0
        },
        {
            "codigo": "NvA4OAA4OI",
            "total": 13,
            "valor_unitario": 62719,
            "descuento": 0.09,
            "IVA": 0
        },
        {
            "codigo": "sUgzDUUmYH",
            "total": 8,
            "valor_unitario": 316652,
            "descuento": 0.37,
            "IVA": 0
        },
        {
            "codigo": "e8TJQ855zT",
            "total": 16,
            "valor_unitario": 398052,
            "descuento": 0.35,
            "IVA": 5
        },
        {
            "codigo": "3b9iU3a4Dw",
            "total": 4,
            "valor_unitario": 218732,
            "descuento": 0.32,
            "IVA": 19
        },
        {
            "codigo": "FvOUF0hbjD",
            "total": 6,
            "valor_unitario": 600263,
            "descuento": 0.45,
            "IVA": 19
        },
        {
            "codigo": "pnAGoCavvb",
            "total": 4,
            "valor_unitario": 180205,
            "descuento": 0.21,
            "IVA": 5
        }
    ]
}