{
    "empresa_nit": "123456789",
    "empresa_ciudad": "TUNJA",
    "empresa_sede": "autopista",
    "empresa_nombre": "MicroMercado El Mio",
    "fecha_hora": "2020-04-01 12:11:55",
    "factura_num": "00106",
    "ciente_numero": 105219309,
    "pago_tipo": "TAR.DEBITO",
    "productos": [
        {
            "codigo": "Cv2S9HMIpA",
            "total": 9,
            "valor_unitario": 57147,
            "descuento": 0.09,
            "IVA": 19
        },
        {
            "codigo": "uXj842UOsW",
            "total": 13,
            "valor_unitario": 79617,
            "descuento": 0.49,
            "IVA": 0
        },
        {
            "codigo": "PfC4fdUYxM",
            "total": 9,
            "valor_unitario": 15217,
            "descuento": 0.05,
            "IVA": 19
        },
        {
            "codigo": "5EwIP95ld5",
            "total": 10,
            "valor_unitario": 659555,
            "descuento": 0.33,
            "IVA": 19
        },
        {
            "codigo": "ycpHBsXFAX",
            "total": 5,
            "valor_unitario": 140938,
            "descuento": 0.19,
            "IVA": 5
        },
        {
            "codigo": "fcp5bEBiTx",
            "total": 15,
            "valor_unitario": 882196,
            "descuento": 0.31,
            "IVA": 0
        },
        {
            "codigo": "lK1p2jidva",
            "total": 13,
            "valor_unitario": 349227,
            "descuento": 0.3,
            "IVA": 19
        },
        {
            "codigo": "yyWAM7tK14",
            "total": 5,
            "valor_unitario": 282452,
            "descuento": 0.09,
            "IVA": 5
        }
    ]
}