{
    "empresa_nit": "123456789",
    "empresa_ciudad": "BOGOTA",
    "empresa_sede": "terminal",
    "empresa_nombre": "MicroMercado El Mio",
    "fecha_hora": "2021-12-13 04:22:48",
    "factura_num": "01376",
    "ciente_numero": 822415456,
    "pago_tipo": "TAR.DEBITO",
    "productos": [
        {
            "codigo": "EBO6Pp7Ebl",
            "total": 19,
            "valor_unitario": 827693,
            "descuento": 0.31,
            "IVA": 19
        },
        {
            "codigo": "sQyKwAFUWP",
            "total": 11,
            "valor_unitario": 207856,
            "descuento": 0.04,
            "IVA": 0
        },
        {
            "codigo": "5WniayV2Z1",
            "total": 14,
            "valor_unitario": 499700,
            "descuento": 0.34,
            "IVA": 0
        }
    ]
}