{
    "empresa_nit": "123456789",
    "empresa_ciudad": "TUNJA",
    "empresa_sede": "alcaldia",
    "empresa_nombre": "MicroMercado El Mio",
    "fecha_hora": "2021-03-22 07:42:16",
    "factura_num": "00113",
    "ciente_numero": 669531645,
    "pago_tipo": "TAR.CREDITO",
    "productos": [
        {
            "codigo": "2H4kiaXpfO",
            "total": 8,
            "valor_unitario": 11528,
            "descuento": 0.19,
            "IVA": 19
        },
        {
            "codigo": "7dJuBJBpgP",
            "total": 1,
            "valor_unitario": 947926,
            "descuento": 0.41,
            "IVA": 19
        },
        {
            "codigo": "x0q6YGDBlZ",
            "total": 17,
            "valor_unitario": 236887,
            "descuento": 0.18,
            "IVA": 0
        },
        {
            "codigo": "g7MR3uIHLj",
            "total": 11,
            "valor_unitario": 377379,
            "descuento": 0.45,
            "IVA": 5
        },
        {
            "codigo": "1ibYqUlEnz",
            "total": 14,
            "valor_unitario": 42602,
            "descuento": 0.41,
            "IVA": 0
        },
        {
            "codigo": "HiNR5BUK5z",
            "total": 10,
            "valor_unitario": 336567,
            "descuento": 0.04,
            "IVA": 5
        },
        {
            "codigo": "1AYlkQkrKk",
            "total": 11,
            "valor_unitario": 273651,
            "descuento": 0.35,
            "IVA": 0
        },
        {
            "codigo": "jIs6t3CDkU",
            "total": 6,
            "valor_unitario": 616141,
            "descuento": 0.04,
            "IVA": 5
        },
        {
            "codigo": "ykbK465UNw",
            "total": 10,
            "valor_unitario": 826234,
            "descuento": 0.17,
            "IVA": 19
        },
        {
            "codigo": "9FtOESfLMd",
            "total": 2,
            "valor_unitario": 430370,
            "descuento": 0.01,
            "IVA": 5
        },
        {
            "codigo": "f1Og0tqlJj",
            "total": 6,
            "valor_unitario": 286867,
            "descuento": 0.1,
            "IVA": 19
        },
        {
            "codigo": "t9FHkfk8mc",
            "total": 11,
            "valor_unitario": 718055,
            "descuento": 0.3,
            "IVA": 0
        },
        {
            "codigo": "Pxx4NWleFf",
            "total": 18,
            "valor_unitario": 35570,
            "descuento": 0.31,
            "IVA": 5
        },
        {
            "codigo": "jrWKHwQcwV",
            "total": 17,
            "valor_unitario": 391637,
            "descuento": 0.26,
            "IVA": 19
        },
        {
            "codigo": "9feRHfv3Ma",
            "total": 9,
            "valor_unitario": 339025,
            "descuento": 0.05,
            "IVA": 0
        },
        {
            "codigo": "jPy1QORI0n",
            "total": 17,
            "valor_unitario": 905832,
            "descuento": 0.46,
            "IVA": 5
        }
    ]
}