{
    "empresa_nit": "123456789",
    "empresa_ciudad": "MEDELLIN",
    "empresa_sede": "centro",
    "empresa_nombre": "MicroMercado El Mio",
    "fecha_hora": "2024-01-28 21:32:00",
    "factura_num": "01253",
    "ciente_numero": 418816486,
    "pago_tipo": "TAR.CREDITO",
    "productos": [
        {
            "codigo": "WmBmb78h06",
            "total": 16,
            "valor_unitario": 462479,
            "descuento": 0.42,
            "IVA": 0
        },
        {
            "codigo": "NdGwqsHMca",
            "total": 7,
            "valor_unitario": 607145,
            "descuento": 0.34,
            "IVA": 19
        },
        {
            "codigo": "xaJyf0GZ6V",
            "total": 12,
            "valor_unitario": 983628,
            "descuento": 0.49,
            "IVA": 0
        },
        {
            "codigo": "amQT5uOG1b",
            "total": 2,
            "valor_unitario": 229363,
            "descuento": 0.29,
            "IVA": 19
        },
        {
            "codigo": "YBkAsKxmsX",
            "total": 1,
            "valor_unitario": 380104,
            "descuento": 0.26,
            "IVA": 19
        },
        {
            "codigo": "XEXa2w7GIY",
            "total": 10,
            "valor_unitario": 988887,
            "descuento": 0.4,
            "IVA": 0
        },
        {
            "codigo": "GlC5X06f73",
            "total": 2,
            "valor_unitario": 740817,
            "descuento": 0.39,
            "IVA": 0
        },
        {
            "codigo": "szEx4kuIOG",
            "total": 12,
            "valor_unitario": 653593,
            "descuento": 0.25,
            "IVA": 19
        },
        {
            "codigo": "4tb1gRUTmi",
            "total": 18,
            "valor_unitario": 761577,
            "descuento": 0.09,
            "IVA": 5
        },
        {
            "codigo": "YSohTI8Fii",
            "total": 19,
            "valor_unitario": 697841,
            "descuento": 0.09,
            "IVA": 5
        },
        {
            "codigo": "TSPrHOe3e9",
            "total": 11,
            "valor_unitario": 191773,
            "descuento": 0.29,
            "IVA": 5
        },
        {
            "codigo": "VbAfIHlade",
            "total": 3,
            "valor_unitario": 89545,
            "descuento": 0.13,
            "IVA": 0
        },
        {
            "codigo": "kWrtx2IsXX",
            "total": 1,
            "valor_unitario": 743620,
            "descuento": 0.37,
            "IVA": 0
        },
        {
            "codigo": "JQ1mFinLMY",
            "total": 9,
            "valor_unitario": 998495,
            "descuento": 0.13,
            "IVA": 0
        },
        {
            "codigo": "OMhcRH72Yz",
            "total": 15,
            "valor_unitario": 549317,
            "descuento": 0.31,
            "IVA": 19
        },
        {
            "codigo": "jUvSaXMJyK",
            "total": 1,
            "valor_unitario": 278796,
            "descuento": 0.24,
            "IVA": 0
        },
        {
            "codigo": "vhzCzjlxQU",
            "total": 19,
            "valor_unitario": 146878,
            "descuento": 0.48,
            "IVA": 5
        },
        {
            "codigo": "CpEGnAixve",
            "total": 19,
            "valor_unitario": 684863,
            "descuento": 0.11,
            "IVA": 5
        },
        {
            "codigo": "L09rLallP0",
            "total": 11,
            "valor_unitario": 756113,
            "descuento": 0.45,
            "IVA": 0
        }
    ]
}