{
    "empresa_nit": "123456789",
    "empresa_ciudad": "CALI",
    "empresa_sede": "terminal",
    "empresa_nombre": "MicroMercado El Mio",
    "fecha_hora": "2022-04-10 17:35:45",
    "factura_num": "01328",
    "ciente_numero": 141994058,
    "pago_tipo": "EFECTIVO",
    "productos": [
        {
            "codigo": "OCgkkloJSl",
            "total": 5,
            "valor_unitario": 134710,
            "descuento": 0.43,
            "IVA": 19
        },
        {
            "codigo": "cCGS7eKZLn",
            "total": 17,
            "valor_unitario": 607377,
            "descuento": 0.13,
            "IVA": 19
        },
        {
            "codigo": "UE9gAzhT9j",
            "total": 20,
            "valor_unitario": 265359,
            "descuento": 0.28,
            "IVA": 0
        },
        {
            "codigo": "GZHiGAn8we",
            "total": 16,
            "valor_unitario": 494999,
            "descuento": 0.06,
            "IVA": 19
        }
    ]
}