{
    "empresa_nit": "123456789",
    "empresa_ciudad": "CALI",
    "empresa_sede": "centro",
    "empresa_nombre": "MicroMercado El Mio",
    "fecha_hora": "2022-11-15 09:43:11",
    "factura_num": "01172",
    "ciente_numero": 359202206,
    "pago_tipo": "TAR.DEBITO",
    "productos": [
        {
            "codigo": "G48OZiotnR",
            "total": 12,
            "valor_unitario": 557162,
            "descuento": 0.29,
            "IVA": 5
        },
        {
            "codigo": "mGsZt8nFi3",
            "total": 7,
            "valor_unitario": 177412,
            "descuento": 0.21,
            "IVA": 5
        },
        {
            "codigo": "xMxRS6nlRs",
            "total": 12,
            "valor_unitario": 798020,
            "descuento": 0.06,
            "IVA": 5
        },
        {
            "codigo": "pthunnWjZt",
            "total": 10,
            "valor_unitario": 340853,
            "descuento": 0.04,
            "IVA": 19
        },
        {
            "codigo": "gkj5szBk2P",
            "total": 4,
            "valor_unitario": 174340,
            "descuento": 0.16,
            "IVA": 0
        },
        {
            "codigo": "K14whO6UDD",
            "total": 7,
            "valor_unitario": 445700,
            "descuento": 0.12,
            "IVA": 5
        },
        {
            "codigo": "Mjxm8PDF7F",
            "total": 6,
            "valor_unitario": 350326,
            "descuento": 0.29,
            "IVA": 19
        },
        {
            "codigo": "M2GNtHZAZC",
            "total": 3,
            "valor_unitario": 345162,
            "descuento": 0.36,
            "IVA": 19
        },
        {
            "codigo": "sAq9cVMVJW",
            "total": 6,
            "valor_unitario": 681117,
            "descuento": 0.42,
            "IVA": 19
        }
    ]
}