{
    "empresa_nit": "123456789",
    "empresa_ciudad": "BARRANQUILLA",
    "empresa_sede": "alcaldia",
    "empresa_nombre": "MicroMercado El Mio",
    "fecha_hora": "2021-10-30 03:15:50",
    "factura_num": "01222",
    "ciente_numero": 659219240,
    "pago_tipo": "TRANFERENCIA",
    "productos": [
        {
            "codigo": "qE94G2YDuJ",
            "total": 12,
            "valor_unitario": 705460,
            "descuento": 0.15,
            "IVA": 5
        },
        {
            "codigo": "qlcCKH4DuS",
            "total": 15,
            "valor_unitario": 729852,
            "descuento": 0.16,
            "IVA": 0
        },
        {
            "codigo": "Qxn9dtxWPm",
            "total": 4,
            "valor_unitario": 712905,
            "descuento": 0.02,
            "IVA": 0
        },
        {
            "codigo": "GRf46HxVFS",
            "total": 18,
            "valor_unitario": 441144,
            "descuento": 0.21,
            "IVA": 5
        },
        {
            "codigo": "pfGeF0xzz6",
            "total": 16,
            "valor_unitario": 494311,
            "descuento": 0.4,
            "IVA": 19
        },
        {
            "codigo": "BwLuxnLeLr",
            "total": 10,
            "valor_unitario": 815977,
            "descuento": 0.34,
            "IVA": 19
        },
        {
            "codigo": "N0zt5mmFHW",
            "total": 1,
            "valor_unitario": 731994,
            "descuento": 0.47,
            "IVA": 5
        },
        {
            "codigo": "7EWuCu3Bxg",
            "total": 3,
            "valor_unitario": 37887,
            "descuento": 0.19,
            "IVA": 19
        },
        {
            "codigo": "JsiQLzdLfR",
            "total": 4,
            "valor_unitario": 997261,
            "descuento": 0.39,
            "IVA": 19
        },
        {
            "codigo": "qn8D3AhkVa",
            "total": 6,
            "valor_unitario": 918656,
            "descuento": 0.1,
            "IVA": 5
        },
        {
            "codigo": "MYyvOnLzk9",
            "total": 6,
            "valor_unitario": 811403,
            "descuento": 0.07,
            "IVA": 19
        },
        {
            "codigo": "33iiu6HxwA",
            "total": 16,
            "valor_unitario": 931614,
            "descuento": 0.17,
            "IVA": 5
        },
        {
            "codigo": "8Ic8OxFi2z",
            "total": 13,
            "valor_unitario": 818727,
            "descuento": 0.2,
            "IVA": 19
        }
    ]
}