{
    "empresa_nit": "123456789",
    "empresa_ciudad": "BOGOTA",
    "empresa_sede": "alcaldia",
    "empresa_nombre": "MicroMercado El Mio",
    "fecha_hora": "2023-04-20 02:12:08",
    "factura_num": "01083",
    "ciente_numero": 485059473,
    "pago_tipo": "TRANFERENCIA",
    "productos": [
        {
            "codigo": "OInA79lvhl",
            "total": 3,
            "valor_unitario": 250597,
            "descuento": 0.18,
            "IVA": 19
        },
        {
            "codigo": "FzdRMeGfkv",
            "total": 16,
            "valor_unitario": 521062,
            "descuento": 0.15,
            "IVA": 5
        },
        {
            "codigo": "bRaXYOijgV",
            "total": 4,
            "valor_unitario": 8690,
            "descuento": 0.12,
            "IVA": 5
        },
        {
            "codigo": "LDC2f7pkfJ",
            "total": 7,
            "valor_unitario": 681224,
            "descuento": 0.44,
            "IVA": 5
        },
        {
            "codigo": "hYast1u3wA",
            "total": 1,
            "valor_unitario": 79496,
            "descuento": 0.47,
            "IVA": 5
        },
        {
            "codigo": "hRhSYk6P38",
            "total": 10,
            "valor_unitario": 849488,
            "descuento": 0.02,
            "IVA": 19
        },
        {
            "codigo": "Yl9GnNu7zg",
            "total": 8,
            "valor_unitario": 789149,
            "descuento": 0.27,
            "IVA": 0
        },
        {
            "codigo": "JuNe501YIY",
            "total": 5,
            "valor_unitario": 364340,
            "descuento": 0.13,
            "IVA": 5
        }
    ]
}