{
    "empresa_nit": "123456789",
    "empresa_ciudad": "CALI",
    "empresa_sede": "alcaldia",
    "empresa_nombre": "MicroMercado El Mio",
    "fecha_hora": "2021-02-20 15:02:20",
    "factura_num": "01317",
    "ciente_numero": 338183641,
    "pago_tipo": "EFECTIVO",
    "productos": [
        {
            "codigo": "sPMyWLqNSI",
            "total": 10,
            "valor_unitario": 392245,
            "descuento": 0.3,
            "IVA": 0
        },
        {
            "codigo": "bDjEndIXmn",
            "total": 14,
            "valor_unitario": 170167,
            "descuento": 0.4,
            "IVA": 0
        },
        {
            "codigo": "AdqESauQn0",
            "total": 1,
            "valor_unitario": 501845,
            "descuento": 0.41,
            "IVA": 5
        },
        {
            "codigo": "CiTZkYhqWb",
            "total": 7,
            "valor_unitario": 48645,
            "descuento": 0.27,
            "IVA": 0
        },
        {
            "codigo": "ow50hNomHo",
            "total": 4,
            "valor_unitario": 418379,
            "descuento": 0.49,
            "IVA": 0
        },
        {
            "codigo": "9MYDBh3Zrg",
            "total": 20,
            "valor_unitario": 371573,
            "descuento": 0.47,
            "IVA": 5
        },
        {
            "codigo": "6ofAgtx2VQ",
            "total": 5,
            "valor_unitario": 25218,
            "descuento": 0.22,
            "IVA": 5
        },
        {
            "codigo": "d3VttEM4hr",
            "total": 4,
            "valor_unitario": 545816,
            "descuento": 0.37,
            "IVA": 19
        },
        {
            "codigo": "JPv7Dvxo0T",
            "total": 12,
            "valor_unitario": 503204,
            "descuento": 0.09,
            "IVA": 5
        },
        {
            "codigo": "ENF2W5lSUL",
            "total": 18,
            "valor_unitario": 859588,
            "descuento": 0.1,
            "IVA": 0
        },
        {
            "codigo": "1NHLJEMFk8",
            "total": 20,
            "valor_unitario": 517413,
            "descuento": 0.17,
            "IVA": 5
        },
        {
            "codigo": "YKs6i5U3Wl",
            "total": 20,
            "valor_unitario": 543218,
            "descuento": 0.49,
            "IVA": 0
        },
        {
            "codigo": "C10nGwvJOJ",
            "total": 12,
            "valor_unitario": 117609,
            "descuento": 0.24,
            "IVA": 19
        },
        {
            "codigo": "2jolT6Dzaw",
            "total": 17,
            "valor_unitario": 214343,
            "descuento": 0.09,
            "IVA": 19
        },
        {
            "codigo": "DSFVNcWxDQ",
            "total": 3,
            "valor_unitario": 877736,
            "descuento": 0.27,
            "IVA": 5
        },
        {
            "codigo": "suqC8HVhse",
            "total": 14,
            "valor_unitario": 511175,
            "descuento": 0.13,
            "IVA": 0
        },
        {
            "codigo": "yyaktzE5wc",
            "total": 3,
            "valor_unitario": 478114,
            "descuento": 0.5,
            "IVA": 19
        },
        {
            "codigo": "HxZeABp1rF",
            "total": 4,
            "valor_unitario": 765568,
            "descuento": 0.1,
            "IVA": 0
        },
        {
            "codigo": "LkLCg8dUFj",
            "total": 12,
            "valor_unitario": 828533,
            "descuento": 0.45,
            "IVA": 0
        }
    ]
}