{
    "empresa_nit": "123456789",
    "empresa_ciudad": "MEDELLIN",
    "empresa_sede": "terminal",
    "empresa_nombre": "MicroMercado El Mio",
    "fecha_hora": "2023-03-02 03:06:15",
    "factura_num": "01070",
    "ciente_numero": 229062924,
    "pago_tipo": "TAR.CREDITO",
    "productos": [
        {
            "codigo": "CVBoBF3jPU",
            "total": 5,
            "valor_unitario": 957357,
            "descuento": 0.15,
            "IVA": 19
        },
        {
            "codigo": "b4SSHrKsSB",
            "total": 1,
            "valor_unitario": 551382,
            "descuento": 0.05,
            "IVA": 19
        },
        {
            "codigo": "Lpi91rAKz8",
            "total": 1,
            "valor_unitario": 564817,
            "descuento": 0.3,
            "IVA": 0
        },
        {
            "codigo": "m9uTBVOsvv",
            "total": 10,
            "valor_unitario": 873238,
            "descuento": 0.21,
            "IVA": 0
        },
        {
            "codigo": "L0pm0GXtzE",
            "total": 12,
            "valor_unitario": 841733,
            "descuento": 0.35,
            "IVA": 5
        },
        {
            "codigo": "sArpXbmOja",
            "total": 1,
            "valor_unitario": 158702,
            "descuento": 0.1,
            "IVA": 5
        }
    ]
}