{
    "empresa_nit": "123456789",
    "empresa_ciudad": "BARRANQUILLA",
    "empresa_sede": "centro",
    "empresa_nombre": "MicroMercado El Mio",
    "fecha_hora": "2021-04-22 17:49:54",
    "factura_num": "01269",
    "ciente_numero": 197213451,
    "pago_tipo": "EFECTIVO",
    "productos": [
        {
            "codigo": "VI9Y4ZxrZ6",
            "total": 9,
            "valor_unitario": 570405,
            "descuento": 0.01,
            "IVA": 0
        },
        {
            "codigo": "Rp9NmYb5l5",
            "total": 5,
            "valor_unitario": 376894,
            "descuento": 0.06,
            "IVA": 5
        },
        {
            "codigo": "mjXlAvSjlt",
            "total": 16,
            "valor_unitario": 896186,
            "descuento": 0.32,
            "IVA": 19
        },
        {
            "codigo": "KvrZFnvoNx",
            "total": 1,
            "valor_unitario": 804917,
            "descuento": 0.07,
            "IVA": 5
        },
        {
            "codigo": "HPhpF4v9jj",
            "total": 6,
            "valor_unitario": 446433,
            "descuento": 0.23,
            "IVA": 5
        },
        {
            "codigo": "jkAkCRAoj6",
            "total": 9,
            "valor_unitario": 61541,
            "descuento": 0.37,
            "IVA": 5
        },
        {
            "codigo": "QtQk4rBNZZ",
            "total": 15,
            "valor_unitario": 226940,
            "descuento": 0.01,
            "IVA": 0
        },
        {
            "codigo": "rZKEtWEslm",
            "total": 2,
            "valor_unitario": 916497,
            "descuento": 0.34,
            "IVA": 19
        }
    ]
}