{
    "empresa_nit": "123456789",
    "empresa_ciudad": "CALI",
    "empresa_sede": "alcaldia",
    "empresa_nombre": "MicroMercado El Mio",
    "fecha_hora": "2022-02-06 18:35:30",
    "factura_num": "01069",
    "ciente_numero": 284299337,
    "pago_tipo": "EFECTIVO",
    "productos": [
        {
            "codigo": "U4jPKiTvR1",
            "total": 10,
            "valor_unitario": 861963,
            "descuento": 0.49,
            "IVA": 0
        },
        {
            "codigo": "27nJpxRNJ2",
            "total": 11,
            "valor_unitario": 310024,
            "descuento": 0.3,
            "IVA": 5
        },
        {
            "codigo": "Pukey4NtwK",
            "total": 5,
            "valor_unitario": 579071,
            "descuento": 0.26,
            "IVA": 5
        },
        {
            "codigo": "ZBpVBN9yYE",
            "total": 14,
            "valor_unitario": 595700,
            "descuento": 0.33,
            "IVA": 0
        },
        {
            "codigo": "CgvF8k4jrm",
            "total": 8,
            "valor_unitario": 464712,
            "descuento": 0.19,
            "IVA": 0
        },
        {
            "codigo": "6r9SMrVerx",
            "total": 6,
            "valor_unitario": 448671,
            "descuento": 0.45,
            "IVA": 0
        },
        {
            "codigo": "LVfvA5a3tS",
            "total": 14,
            "valor_unitario": 977910,
            "descuento": 0.44,
            "IVA": 0
        }
    ]
}