{
    "empresa_nit": "123456789",
    "empresa_ciudad": "BOGOTA",
    "empresa_sede": "autopista",
    "empresa_nombre": "MicroMercado El Mio",
    "fecha_hora": "2024-12-09 09:07:53",
    "factura_num": "01241",
    "ciente_numero": 241034278,
    "pago_tipo": "EFECTIVO",
    "productos": [
        {
            "codigo": "cNPXHqXnW5",
            "total": 7,
            "valor_unitario": 783377,
            "descuento": 0.47,
            "IVA": 0
        },
        {
            "codigo": "vmBOhXuZn0",
            "total": 16,
            "valor_unitario": 219024,
            "descuento": 0.29,
            "IVA": 19
        },
        {
            "codigo": "xoHGdnOyvh",
            "total": 6,
            "valor_unitario": 305381,
            "descuento": 0.38,
            "IVA": 19
        },
        {
            "codigo": "Hn5vZgjBlC",
            "total": 2,
            "valor_unitario": 1317,
            "descuento": 0.33,
            "IVA": 5
        },
        {
            "codigo": "RayvwPQ9Ix",
            "total": 15,
            "valor_unitario": 509386,
            "descuento": 0.28,
            "IVA": 19
        },
        {
            "codigo": "Qje38dIODe",
            "total": 11,
            "valor_unitario": 28278,
            "descuento": 0.3,
            "IVA": 19
        },
        {
            "codigo": "UtwhBdRcdd",
            "total": 16,
            "valor_unitario": 409965,
            "descuento": 0.33,
            "IVA": 19
        },
        {
            "codigo": "NB5MhAyCL2",
            "total": 14,
            "valor_unitario": 185849,
            "descuento": 0.15,
            "IVA": 5
        },
        {
            "codigo": "bDZKqqiRJm",
            "total": 5,
            "valor_unitario": 16910,
            "descuento": 0.48,
            "IVA": 5
        },
        {
            "codigo": "uu5N7T8Lxf",
            "total": 1,
            "valor_unitario": 550694,
            "descuento": 0.0,
            "IVA": 19
        },
        {
            "codigo": "6ch0O2G5TV",
            "total": 1,
            "valor_unitario": 741353,
            "descuento": 0.31,
            "IVA": 5
        },
        {
            "codigo": "CPNY73alPk",
            "total": 3,
            "valor_unitario": 46182,
            "descuento": 0.28,
            "IVA": 19
        },
        {
            "codigo": "RvFUHMWv0O",
            "total": 19,
            "valor_unitario": 995501,
            "descuento": 0.25,
            "IVA": 19
        },
        {
            "codigo": "G1Ob0AuG13",
            "total": 4,
            "valor_unitario": 998189,
            "descuento": 0.28,
            "IVA": 5
        }
    ]
}