{
    "empresa_nit": "123456789",
    "empresa_ciudad": "BARRANQUILLA",
    "empresa_sede": "aeropuerto",
    "empresa_nombre": "MicroMercado El Mio",
    "fecha_hora": "2021-03-09 18:12:39",
    "factura_num": "01346",
    "ciente_numero": 271414320,
    "pago_tipo": "TAR.DEBITO",
    "productos": [
        {
            "codigo": "lq7nDQhSz9",
            "total": 13,
            "valor_unitario": 74624,
            "descuento": 0.15,
            "IVA": 5
        },
        {
            "codigo": "N8BTZYnfm1",
            "total": 20,
            "valor_unitario": 388527,
            "descuento": 0.04,
            "IVA": 5
        },
        {
            "codigo": "RfDKVtXhoW",
            "total": 2,
            "valor_unitario": 834088,
            "descuento": 0.05,
            "IVA": 5
        },
        {
            "codigo": "2ilPef3TP1",
            "total": 18,
            "valor_unitario": 265992,
            "descuento": 0.25,
            "IVA": 5
        },
        {
            "codigo": "9J1mlQ9SxK",
            "total": 4,
            "valor_unitario": 341951,
            "descuento": 0.29,
            "IVA": 0
        },
        {
            "codigo": "y8UzrwojFu",
            "total": 17,
            "valor_unitario": 762577,
            "descuento": 0.32,
            "IVA": 5
        },
        {
            "codigo": "jDlBnxsalg",
            "total": 1,
            "valor_unitario": 19601,
            "descuento": 0.26,
            "IVA": 19
        },
        {
            "codigo": "jJWKRtdATF",
            "total": 4,
            "valor_unitario": 913171,
            "descuento": 0.18,
            "IVA": 5
        },
        {
            "codigo": "5PfNuP7Z04",
            "total": 14,
            "valor_unitario": 370466,
            "descuento": 0.21,
            "IVA": 0
        },
        {
            "codigo": "yoQcj9LnSy",
            "total": 1,
            "valor_unitario": 640403,
            "descuento": 0.16,
            "IVA": 19
        },
        {
            "codigo": "wnC6Ij7QQY",
            "total": 8,
            "valor_unitario": 342424,
            "descuento": 0.42,
            "IVA": 5
        },
        {
            "codigo": "ebFtcjSsmZ",
            "total": 2,
            "valor_unitario": 405487,
            "descuento": 0.21,
            "IVA": 5
        },
        {
            "codigo": "kcmuLCu2wd",
            "total": 9,
            "valor_unitario": 839483,
            "descuento": 0.19,
            "IVA": 5
        },
        {
            "codigo": "BrAuCiftVJ",
            "total": 8,
            "valor_unitario": 834206,
            "descuento": 0.23,
            "IVA": 5
        },
        {
            "codigo": "fXKO2aBzu5",
            "total": 7,
            "valor_unitario": 441077,
            "descuento": 0.37,
            "IVA": 19
        }
    ]
}