{
    "empresa_nit": "123456789",
    "empresa_ciudad": "TUNJA",
    "empresa_sede": "aeropuerto",
    "empresa_nombre": "MicroMercado El Mio",
    "fecha_hora": "2022-05-17 09:56:55",
    "factura_num": "01438",
    "ciente_numero": 20477616,
    "pago_tipo": "TAR.CREDITO",
    "productos": [
        {
            "codigo": "bwgVcfMlOk",
            "total": 11,
            "valor_unitario": 241641,
            "descuento": 0.41,
            "IVA": 19
        },
        {
            "codigo": "DleCTOQoir",
            "total": 8,
            "valor_unitario": 554908,
            "descuento": 0.0,
            "IVA": 5
        },
        {
            "codigo": "WBYIXRg8IQ",
            "total": 17,
            "valor_unitario": 463586,
            "descuento": 0.07,
            "IVA": 0
        },
        {
            "codigo": "P6Sj1LbdCm",
            "total": 19,
            "valor_unitario": 784459,
            "descuento": 0.32,
            "IVA": 19
        },
        {
            "codigo": "mjDBqo2Xf3",
            "total": 12,
            "valor_unitario": 77408,
            "descuento": 0.21,
            "IVA": 19
        },
        {
            "codigo": "6OWlmKIwkc",
            "total": 7,
            "valor_unitario": 186816,
            "descuento": 0.39,
            "IVA": 0
        }
    ]
}