{
    "empresa_nit": "123456789",
    "empresa_ciudad": "CALI",
    "empresa_sede": "autopista",
    "empresa_nombre": "MicroMercado El Mio",
    "fecha_hora": "2020-04-17 20:43:55",
    "factura_num": "01347",
    "ciente_numero": 156743960,
    "pago_tipo": "TAR.DEBITO",
    "productos": [
        {
            "codigo": "4XofFV6Lar",
            "total": 5,
            "valor_unitario": 833622,
            "descuento": 0.25,
            "IVA": 0
        },
        {
            "codigo": "Q9tPwu88bf",
            "total": 5,
            "valor_unitario": 547017,
            "descuento": 0.17,
            "IVA": 0
        },
        {
            "codigo": "7cPNIB6zGR",
            "total": 14,
            "valor_unitario": 679199,
            "descuento": 0.14,
            "IVA": 0
        },
        {
            "codigo": "069GXgyEwb",
            "total": 10,
            "valor_unitario": 475654,
            "descuento": 0.49,
            "IVA": 19
        },
        {
            "codigo": "m3c7zr5y8B",
            "total": 18,
            "valor_unitario": 404964,
            "descuento": 0.21,
            "IVA": 19
        },
        {
            "codigo": "pm940rOIv5",
            "total": 15,
            "valor_unitario": 369422,
            "descuento": 0.2,
            "IVA": 0
        },
        {
            "codigo": "q5DGIJoH90",
            "total": 15,
            "valor_unitario": 782815,
            "descuento": 0.38,
            "IVA": 0
        },
        {
            "codigo": "CutsJvyCtk",
            "total": 14,
            "valor_unitario": 687387,
            "descuento": 0.22,
            "IVA": 0
        },
        {
            "codigo": "L0AZJkNeDy",
            "total": 6,
            "valor_unitario": 695090,
            "descuento": 0.41,
            "IVA": 5
        },
        {
            "codigo": "e72Qf5qtff",
            "total": 10,
            "valor_unitario": 233235,
            "descuento": 0.48,
            "IVA": 0
        },
        {
            "codigo": "P27l4qAQF0",
            "total": 20,
            "valor_unitario": 877057,
            "descuento": 0.46,
            "IVA": 5
        }
    ]
}