{
    "empresa_nit": "123456789",
    "empresa_ciudad": "TUNJA",
    "empresa_sede": "alcaldia",
    "empresa_nombre": "MicroMercado El Mio",
    "fecha_hora": "2020-04-23 07:13:45",
    "factura_num": "01016",
    "ciente_numero": 190491227,
    "pago_tipo": "EFECTIVO",
    "productos": [
        {
            "codigo": "wyK4bnX1Ot",
            "total": 9,
            "valor_unitario": 162388,
            "descuento": 0.18,
            "IVA": 5
        },
        {
            "codigo": "uc9m4RhozI",
            "total": 9,
            "valor_unitario": 748409,
            "descuento": 0.05,
            "IVA": 0
        },
        {
            "codigo": "198J2UG5Cn",
            "total": 20,
            "valor_unitario": 633008,
            "descuento": 0.18,
            "IVA": 0
        },
        {
            "codigo": "G1x94q9tDv",
            "total": 1,
            "valor_unitario": 930037,
            "descuento": 0.32,
            "IVA": 5
        },
        {
            "codigo": "8WRyZOUjnw",
            "total": 14,
            "valor_unitario": 450071,
            "descuento": 0.25,
            "IVA": 5
        },
        {
            "codigo": "GtOcrhAWWo",
            "total": 19,
            "valor_unitario": 507471,
            "descuento": 0.01,
            "IVA": 5
        },
        {
            "codigo": "b4k4t7DydI",
            "total": 13,
            "valor_unitario": 160186,
            "descuento": 0.01,
            "IVA": 0
        },
        {
            "codigo": "Vy4RRp7Id9",
            "total": 11,
            "valor_unitario": 519917,
            "descuento": 0.14,
            "IVA": 5
        },
        {
            "codigo": "ly20zWg6yS",
            "total": 18,
            "valor_unitario": 897087,
            "descuento": 0.22,
            "IVA": 5
        },
        {
            "codigo": "xhntWjsNXm",
            "total": 10,
            "valor_unitario": 913211,
            "descuento": 0.31,
            "IVA": 0
        },
        {
            "codigo": "Nd8zOJxKaH",
            "total": 4,
            "valor_unitario": 537364,
            "descuento": 0.14,
            "IVA": 0
        },
        {
            "codigo": "kYzEPUuDMB",
            "total": 12,
            "valor_unitario": 92438,
            "descuento": 0.32,
            "IVA": 0
        },
        {
            "codigo": "2q84lvhNAW",
            "total": 18,
            "valor_unitario": 934737,
            "descuento": 0.08,
            "IVA": 5
        },
        {
            "codigo": "MPHbincWFu",
            "total": 20,
            "valor_unitario": 740968,
            "descuento": 0.13,
            "IVA": 5
        },
        {
            "codigo": "3sft1kIr4i",
            "total": 6,
            "valor_unitario": 575813,
            "descuento": 0.17,
            "IVA": 5
        },
        {
            "codigo": "P0DC5IZlMv",
            "total": 2,
            "valor_unitario": 623196,
            "descuento": 0.11,
            "IVA": 5
        },
        {
            "codigo": "mQn2uTqd3W",
            "total": 18,
            "valor_unitario": 331762,
            "descuento": 0.01,
            "IVA": 19
        },
        {
            "codigo": "xLAccJfHCi",
            "total": 5,
            "valor_unitario": 253816,
            "descuento": 0.43,
            "IVA": 19
        }
    ]
}