{
    "empresa_nit": "123456789",
    "empresa_ciudad": "TUNJA",
    "empresa_sede": "terminal",
    "empresa_nombre": "MicroMercado El Mio",
    "fecha_hora": "2020-12-22 01:43:15",
    "factura_num": "01197",
    "ciente_numero": 652864295,
    "pago_tipo": "TAR.DEBITO",
    "productos": [
        {
            "codigo": "0noIvMfR2k",
            "total": 18,
            "valor_unitario": 295246,
            "descuento": 0.14,
            "IVA": 19
        },
        {
            "codigo": "sAZK3Y9csJ",
            "total": 9,
            "valor_unitario": 579037,
            "descuento": 0.12,
            "IVA": 0
        },
        {
            "codigo": "qyZP9c6ipB",
            "total": 1,
            "valor_unitario": 505543,
            "descuento": 0.17,
            "IVA": 5
        },
        {
            "codigo": "9SJZJtBaPE",
            "total": 12,
            "valor_unitario": 585159,
            "descuento": 0.45,
            "IVA": 19
        },
        {
            "codigo": "dAlGgaxITt",
            "total": 7,
            "valor_unitario": 843261,
            "descuento": 0.49,
            "IVA": 19
        },
        {
            "codigo": "h3SOW51BLF",
            "total": 9,
            "valor_unitario": 840381,
            "descuento": 0.27,
            "IVA": 5
        },
        {
            "codigo": "tNRAJ6NuEm",
            "total": 3,
            "valor_unitario": 481748,
            "descuento": 0.2,
            "IVA": 19
        }
    ]
}