{
    "empresa_nit": "123456789",
    "empresa_ciudad": "CALI",
    "empresa_sede": "centro",
    "empresa_nombre": "MicroMercado El Mio",
    "fecha_hora": "2024-04-07 19:00:08",
    "factura_num": "01182",
    "ciente_numero": 728673331,
    "pago_tipo": "TRANFERENCIA",
    "productos": [
        {
            "codigo": "T54QsSkgtI",
            "total": 20,
            "valor_unitario": 497965,
            "descuento": 0.29,
            "IVA": 5
        },
        {
            "codigo": "8sVCG1eBae",
            "total": 17,
            "valor_unitario": 112456,
            "descuento": 0.3,
            "IVA": 0
        },
        {
            "codigo": "YJDv3F3E2e",
            "total": 16,
            "valor_unitario": 417307,
            "descuento": 0.22,
            "IVA": 0
        },
        {
            "codigo": "L0gQLi0KgW",
            "total": 16,
            "valor_unitario": 332418,
            "descuento": 0.36,
            "IVA": 19
        },
        {
            "codigo": "cmSXxC1woA",
            "total": 13,
            "valor_unitario": 379051,
            "descuento": 0.04,
            "IVA": 5
        },
        {
            "codigo": "D343uYNzwp",
            "total": 1,
            "valor_unitario": 814902,
            "descuento": 0.47,
            "IVA": 5
        },
        {
            "codigo": "gz0grRu7bZ",
            "total": 20,
            "valor_unitario": 434344,
            "descuento": 0.38,
            "IVA": 19
        },
        {
            "codigo": "2oNDHcUuxQ",
            "total": 20,
            "valor_unitario": 830536,
            "descuento": 0.32,
            "IVA": 0
        },
        {
            "codigo": "3y8BFHAwBZ",
            "total": 4,
            "valor_unitario": 665252,
            "descuento": 0.31,
            "IVA": 0
        },
        {
            "codigo": "H4F4GRAOcV",
            "total": 16,
            "valor_unitario": 531511,
            "descuento": 0.2,
            "IVA": 0
        },
        {
            "codigo": "bkBaq1MYbY",
            "total": 7,
            "valor_unitario": 581541,
            "descuento": 0.07,
            "IVA": 0
        },
        {
            "codigo": "7h2oHhkGWh",
            "total": 10,
            "valor_unitario": 800109,
            "descuento": 0.32,
            "IVA": 5
        },
        {
            "codigo": "UqupQW1GYb",
            "total": 18,
            "valor_unitario": 969484,
            "descuento": 0.3,
            "IVA": 5
        },
        {
            "codigo": "atkBezrZHM",
            "total": 6,
            "valor_unitario": 466255,
            "descuento": 0.08,
            "IVA": 19
        },
        {
            "codigo": "fVMMVix6Sm",
            "total": 15,
            "valor_unitario": 797282,
            "descuento": 0.46,
            "IVA": 0
        },
        {
            "codigo": "9DzTgKz5uP",
            "total": 14,
            "valor_unitario": 980526,
            "descuento": 0.14,
            "IVA": 0
        },
        {
            "codigo": "9vNqP2vpwa",
            "total": 18,
            "valor_unitario": 229026,
            "descuento": 0.06,
            "IVA": 5
        },
        {
            "codigo": "cMAPYm9Qy6",
            "total": 20,
            "valor_unitario": 755017,
            "descuento": 0.24,
            "IVA": 19
        }
    ]
}