{
    "empresa_nit": "123456789",
    "empresa_ciudad": "TUNJA",
    "empresa_sede": "terminal",
    "empresa_nombre": "MicroMercado El Mio",
    "fecha_hora": "2021-10-03 21:31:07",
    "factura_num": "01260",
    "ciente_numero": 8213775,
    "pago_tipo": "TAR.CREDITO",
    "productos": [
        {
            "codigo": "FerQixs8co",
            "total": 18,
            "valor_unitario": 610877,
            "descuento": 0.03,
            "IVA": 19
        },
        {
            "codigo": "0p1xtnVnD7",
            "total": 17,
            "valor_unitario": 753043,
            "descuento": 0.24,
            "IVA": 5
        }
    ]
}