{
    "empresa_nit": "123456789",
    "empresa_ciudad": "CALI",
    "empresa_sede": "aeropuerto",
    "empresa_nombre": "MicroMercado El Mio",
    "fecha_hora": "2021-06-21 21:13:38",
    "factura_num": "01124",
    "ciente_numero": 307667213,
    "pago_tipo": "EFECTIVO",
    "productos": [
        {
            "codigo": "Ex3KuVI2Uj",
            "total": 15,
            "valor_unitario": 284204,
            "descuento": 0.33,
            "IVA": 5
        },
        {
            "codigo": "oZbymKujgd",
            "total": 6,
            "valor_unitario": 879808,
            "descuento": 0.44,
            "IVA": 5
        },
        {
            "codigo": "tf1HNX8YDD",
            "total": 18,
            "valor_unitario": 519901,
            "descuento": 0.14,
            "IVA": 19
        },
        {
            "codigo": "bZJny9Siu0",
            "total": 8,
            "valor_unitario": 573810,
            "descuento": 0.29,
            "IVA": 5
        },
        {
            "codigo": "BCK40DLSbh",
            "total": 1,
            "valor_unitario": 811073,
            "descuento": 0.25,
            "IVA": 19
        },
        {
            "codigo": "Nb4B10KpmQ",
            "total": 11,
            "valor_unitario": 722318,
            "descuento": 0.45,
            "IVA": 5
        },
        {
            "codigo": "a4KNEn0kt9",
            "total": 9,
            "valor_unitario": 257852,
            "descuento": 0.0,
            "IVA": 19
        },
        {
            "codigo": "utAJqRonwq",
            "total": 1,
            "valor_unitario": 467062,
            "descuento": 0.16,
            "IVA": 5
        },
        {
            "codigo": "6q9qRQ5wxa",
            "total": 2,
            "valor_unitario": 2482,
            "descuento": 0.19,
            "IVA": 0
        },
        {
            "codigo": "qlJrUhGFbX",
            "total": 10,
            "valor_unitario": 194597,
            "descuento": 0.37,
            "IVA": 5
        },
        {
            "codigo": "EWB0fIvyQx",
            "total": 1,
            "valor_unitario": 39327,
            "descuento": 0.05,
            "IVA": 5
        },
        {
            "codigo": "qOUuzDs6Jk",
            "total": 13,
            "valor_unitario": 176616,
            "descuento": 0.24,
            "IVA": 0
        },
        {
            "codigo": "vSGm25MmHM",
            "total": 6,
            "valor_unitario": 477948,
            "descuento": 0.13,
            "IVA": 19
        },
        {
            "codigo": "TKPtEtN08z",
            "total": 6,
            "valor_unitario": 940840,
            "descuento": 0.35,
            "IVA": 5
        }
    ]
}