{
    "empresa_nit": "123456789",
    "empresa_ciudad": "MEDELLIN",
    "empresa_sede": "aeropuerto",
    "empresa_nombre": "MicroMercado El Mio",
    "fecha_hora": "2024-04-25 02:11:23",
    "factura_num": "01285",
    "ciente_numero": 187368177,
    "pago_tipo": "EFECTIVO",
    "productos": [
        {
            "codigo": "VFU4ccgLdc",
            "total": 11,
            "valor_unitario": 710676,
            "descuento": 0.12,
            "IVA": 0
        },
        {
            "codigo": "VvIl5a85I1",
            "total": 18,
            "valor_unitario": 260694,
            "descuento": 0.48,
            "IVA": 0
        },
        {
            "codigo": "ZnyNfSQakZ",
            "total": 17,
            "valor_unitario": 447335,
            "descuento": 0.05,
            "IVA": 0
        },
        {
            "codigo": "KDuMI67dZu",
            "total": 4,
            "valor_unitario": 900035,
            "descuento": 0.19,
            "IVA": 0
        },
        {
            "codigo": "BlqAnrpeOG",
            "total": 3,
            "valor_unitario": 263842,
            "descuento": 0.08,
            "IVA": 5
        }
    ]
}