{
    "empresa_nit": "123456789",
    "empresa_ciudad": "BOGOTA",
    "empresa_sede": "alcaldia",
    "empresa_nombre": "MicroMercado El Mio",
    "fecha_hora": "2023-06-18 02:46:50",
    "factura_num": "01240",
    "ciente_numero": 86261193,
    "pago_tipo": "TAR.CREDITO",
    "productos": [
        {
            "codigo": "jvZKpainzA",
            "total": 10,
            "valor_unitario": 236805,
            "descuento": 0.14,
            "IVA": 5
        },
        {
            "codigo": "17tnxYR13M",
            "total": 20,
            "valor_unitario": 861447,
            "descuento": 0.16,
            "IVA": 0
        },
        {
            "codigo": "mD569qnHoG",
            "total": 1,
            "valor_unitario": 207479,
            "descuento": 0.43,
            "IVA": 5
        },
        {
            "codigo": "QOpqPMjYAr",
            "total": 1,
            "valor_unitario": 456603,
            "descuento": 0.39,
            "IVA": 5
        },
        {
            "codigo": "HBwn0wKM6Q",
            "total": 16,
            "valor_unitario": 214670,
            "descuento": 0.36,
            "IVA": 0
        },
        {
            "codigo": "vMqDz8c8tU",
            "total": 11,
            "valor_unitario": 736743,
            "descuento": 0.26,
            "IVA": 5
        },
        {
            "codigo": "sL6EfEbVd5",
            "total": 12,
            "valor_unitario": 241881,
            "descuento": 0.02,
            "IVA": 5
        },
        {
            "codigo": "aqwDg4gWL8",
            "total": 4,
            "valor_unitario": 46911,
            "descuento": 0.06,
            "IVA": 19
        },
        {
            "codigo": "ltHdBgqOUB",
            "total": 11,
            "valor_unitario": 201227,
            "descuento": 0.07,
            "IVA": 5
        }
    ]
}