{
    "empresa_nit": "123456789",
    "empresa_ciudad": "CALI",
    "empresa_sede": "alcaldia",
    "empresa_nombre": "MicroMercado El Mio",
    "fecha_hora": "2021-11-06 16:31:25",
    "factura_num": "01128",
    "ciente_numero": 265597163,
    "pago_tipo": "TAR.CREDITO",
    "productos": [
        {
            "codigo": "J7OXfuD04P",
            "total": 18,
            "valor_unitario": 621590,
            "descuento": 0.49,
            "IVA": 19
        },
        {
            "codigo": "iuryfKaaHv",
            "total": 10,
            "valor_unitario": 658362,
            "descuento": 0.22,
            "IVA": 19
        },
        {
            "codigo": "wgJjJKp1k0",
            "total": 19,
            "valor_unitario": 805539,
            "descuento": 0.24,
            "IVA": 5
        },
        {
            "codigo": "aZcFs01zw5",
            "total": 8,
            "valor_unitario": 299664,
            "descuento": 0.39,
            "IVA": 5
        },
        {
            "codigo": "2MIdNdQTO0",
            "total": 8,
            "valor_unitario": 676069,
            "descuento": 0.26,
            "IVA": 0
        },
        {
            "codigo": "qxxPuge1Lj",
            "total": 4,
            "valor_unitario": 271892,
            "descuento": 0.4,
            "IVA": 0
        },
        {
            "codigo": "O2sYNr7Ltz",
            "total": 3,
            "valor_unitario": 326294,
            "descuento": 0.15,
            "IVA": 0
        },
        {
            "codigo": "J8l7dSD7cs",
            "total": 14,
            "valor_unitario": 399476,
            "descuento": 0.16,
            "IVA": 19
        },
        {
            "codigo": "bFLsn4Y8op",
            "total": 15,
            "valor_unitario": 350405,
            "descuento": 0.08,
            "IVA": 19
        },
        {
            "codigo": "JDY9aFeGT0",
            "total": 10,
            "valor_unitario": 865177,
            "descuento": 0.02,
            "IVA": 0
        }
    ]
}