{
    "empresa_nit": "123456789",
    "empresa_ciudad": "BARRANQUILLA",
    "empresa_sede": "autopista",
    "empresa_nombre": "MicroMercado El Mio",
    "fecha_hora": "2020-11-22 01:17:46",
    "factura_num": "01187",
    "ciente_numero": 417618032,
    "pago_tipo": "TAR.DEBITO",
    "productos": [
        {
            "codigo": "k5hEziyHi6",
            "total": 9,
            "valor_unitario": 240955,
            "descuento": 0.16,
            "IVA": 5
        },
        {
            "codigo": "17wDrqz4po",
            "total": 6,
            "valor_unitario": 767587,
            "descuento": 0.16,
            "IVA": 19
        },
        {
            "codigo": "r0fBMRLdZk",
            "total": 16,
            "valor_unitario": 901847,
            "descuento": 0.26,
            "IVA": 5
        },
        {
            "codigo": "LFFcRG9AwB",
            "total": 7,
            "valor_unitario": 423590,
            "descuento": 0.4,
            "IVA": 19
        },
        {
            "codigo": "6a5RzEglKy",
            "total": 7,
            "valor_unitario": 225848,
            "descuento": 0.4,
            "IVA": 19
        },
        {
            "codigo": "1w5bNfhxji",
            "total": 20,
            "valor_unitario": 968205,
            "descuento": 0.41,
            "IVA": 0
        }
    ]
}