{
    "empresa_nit": "123456789",
    "empresa_ciudad": "TUNJA",
    "empresa_sede": "centro",
    "empresa_nombre": "MicroMercado El Mio",
    "fecha_hora": "2020-05-17 12:13:31",
    "factura_num": "00126",
    "ciente_numero": 930378476,
    "pago_tipo": "TAR.DEBITO",
    "productos": [
        {
            "codigo": "w7UPhaIx2t",
            "total": 12,
            "valor_unitario": 388816,
            "descuento": 0.17,
            "IVA": 5
        },
        {
            "codigo": "VX1bxwV9rs",
            "total": 20,
            "valor_unitario": 553203,
            "descuento": 0.48,
            "IVA": 19
        },
        {
            "codigo": "vlnCCJAv5I",
            "total": 14,
            "valor_unitario": 23182,
            "descuento": 0.03,
            "IVA": 5
        },
        {
            "codigo": "9zvtzXRFBI",
            "total": 19,
            "valor_unitario": 437948,
            "descuento": 0.04,
            "IVA": 0
        },
        {
            "codigo": "J46Yb77AJI",
            "total": 11,
            "valor_unitario": 80876,
            "descuento": 0.31,
            "IVA": 19
        },
        {
            "codigo": "DHc6ABbGlU",
            "total": 3,
            "valor_unitario": 200650,
            "descuento": 0.47,
            "IVA": 19
        },
        {
            "codigo": "LdiLX6xR10",
            "total": 12,
            "valor_unitario": 951408,
            "descuento": 0.33,
            "IVA": 0
        },
        {
            "codigo": "x6whdi4DxB",
            "total": 11,
            "valor_unitario": 473489,
            "descuento": 0.24,
            "IVA": 19
        },
        {
            "codigo": "ReB4nOJPhV",
            "total": 1,
            "valor_unitario": 51114,
            "descuento": 0.17,
            "IVA": 0
        },
        {
            "codigo": "FA39cvYKZi",
            "total": 9,
            "valor_unitario": 883365,
            "descuento": 0.19,
            "IVA": 19
        },
        {
            "codigo": "t0uFcJDF1a",
            "total": 20,
            "valor_unitario": 788839,
            "descuento": 0.24,
            "IVA": 5
        },
        {
            "codigo": "XCfLUQK5uN",
            "total": 4,
            "valor_unitario": 255548,
            "descuento": 0.22,
            "IVA": 19
        },
        {
            "codigo": "ihyZeynG7s",
            "total": 10,
            "valor_unitario": 556614,
            "descuento": 0.48,
            "IVA": 0
        },
        {
            "codigo": "MFoFMfaHWV",
            "total": 4,
            "valor_unitario": 538319,
            "descuento": 0.04,
            "IVA": 5
        },
        {
            "codigo": "R6mQJjpRjE",
            "total": 15,
            "valor_unitario": 54616,
            "descuento": 0.14,
            "IVA": 19
        },
        {
            "codigo": "tRuGmNisNc",
            "total": 7,
            "valor_unitario": 778048,
            "descuento": 0.07,
            "IVA": 0
        },
        {
            "codigo": "z3N6qaANwo",
            "total": 10,
            "valor_unitario": 217528,
            "descuento": 0.26,
            "IVA": 0
        },
        {
            "codigo": "7UHs0mBgmu",
            "total": 12,
            "valor_unitario": 995268,
            "descuento": 0.37,
            "IVA": 0
        },
        {
            "codigo": "9ESr21kQxO",
            "total": 13,
            "valor_unitario": 209976,
            "descuento": 0.49,
            "IVA": 19
        },
        {
            "codigo": "JVjxvNHBlo",
            "total": 3,
            "valor_unitario": 346399,
            "descuento": 0.22,
            "IVA": 5
        }
    ]
}