{
    "empresa_nit": "123456789",
    "empresa_ciudad": "BARRANQUILLA",
    "empresa_sede": "centro",
    "empresa_nombre": "MicroMercado El Mio",
    "fecha_hora": "2024-03-01 13:34:48",
    "factura_num": "01218",
    "ciente_numero": 116094737,
    "pago_tipo": "TRANFERENCIA",
    "productos": [
        {
            "codigo": "YUb8Co73L4",
            "total": 14,
            "valor_unitario": 275791,
            "descuento": 0.32,
            "IVA": 5
        },
        {
            "codigo": "UZlgB4Wdiq",
            "total": 2,
            "valor_unitario": 946856,
            "descuento": 0.47,
            "IVA": 0
        },
        {
            "codigo": "3CicRfuNbN",
            "total": 11,
            "valor_unitario": 680232,
            "descuento": 0.06,
            "IVA": 19
        },
        {
            "codigo": "uGwx69gvFK",
            "total": 6,
            "valor_unitario": 995927,
            "descuento": 0.12,
            "IVA": 19
        },
        {
            "codigo": "fEgJR19xMI",
            "total": 1,
            "valor_unitario": 499760,
            "descuento": 0.17,
            "IVA": 19
        },
        {
            "codigo": "jYYJOUu6Cy",
            "total": 11,
            "valor_unitario": 885813,
            "descuento": 0.15,
            "IVA": 19
        },
        {
            "codigo": "m8fxtTj5q8",
            "total": 18,
            "valor_unitario": 317380,
            "descuento": 0.34,
            "IVA": 19
        },
        {
            "codigo": "FtXi10uefW",
            "total": 16,
            "valor_unitario": 274700,
            "descuento": 0.37,
            "IVA": 5
        },
        {
            "codigo": "xTyNRJVY6B",
            "total": 4,
            "valor_unitario": 978906,
            "descuento": 0.24,
            "IVA": 19
        },
        {
            "codigo": "VRRV3jrNJA",
            "total": 9,
            "valor_unitario": 562955,
            "descuento": 0.37,
            "IVA": 5
        },
        {
            "codigo": "uY5SUBfZl6",
            "total": 9,
            "valor_unitario": 275938,
            "descuento": 0.3,
            "IVA": 19
        }
    ]
}