{
    "empresa_nit": "123456789",
    "empresa_ciudad": "BARRANQUILLA",
    "empresa_sede": "plaza",
    "empresa_nombre": "MicroMercado El Mio",
    "fecha_hora": "2023-12-07 21:32:13",
    "factura_num": "01207",
    "ciente_numero": 296691343,
    "pago_tipo": "EFECTIVO",
    "productos": [
        {
            "codigo": "HC73eRX8AZ",
            "total": 5,
            "valor_unitario": 277516,
            "descuento": 0.48,
            "IVA": 19
        },
        {
            "codigo": "5ceve7bTR3",
            "total": 13,
            "valor_unitario": 527883,
            "descuento": 0.34,
            "IVA": 5
        },
        {
            "codigo": "vl20yMJI5T",
            "total": 12,
            "valor_unitario": 841785,
            "descuento": 0.27,
            "IVA": 19
        },
        {
            "codigo": "87NbHButIi",
            "total": 7,
            "valor_unitario": 827525,
            "descuento": 0.08,
            "IVA": 19
        },
        {
            "codigo": "v8URc6mOtu",
            "total": 11,
            "valor_unitario": 850246,
            "descuento": 0.29,
            "IVA": 19
        },
        {
            "codigo": "LZHisMK4tK",
            "total": 13,
            "valor_unitario": 98807,
            "descuento": 0.27,
            "IVA": 5
        },
        {
            "codigo": "xXnhe2Ira4",
            "total": 15,
            "valor_unitario": 887985,
            "descuento": 0.13,
            "IVA": 0
        },
        {
            "codigo": "n7scUursFQ",
            "total": 3,
            "valor_unitario": 277764,
            "descuento": 0.17,
            "IVA": 19
        },
        {
            "codigo": "J7VZb63VYj",
            "total": 1,
            "valor_unitario": 387838,
            "descuento": 0.29,
            "IVA": 19
        },
        {
            "codigo": "2LVKYypvRg",
            "total": 3,
            "valor_unitario": 602152,
            "descuento": 0.2,
            "IVA": 0
        },
        {
            "codigo": "yCWMesWIER",
            "total": 17,
            "valor_unitario": 762012,
            "descuento": 0.4,
            "IVA": 0
        },
        {
            "codigo": "jnw3bz1xE7",
            "total": 13,
            "valor_unitario": 134712,
            "descuento": 0.23,
            "IVA": 5
        },
        {
            "codigo": "Wewcp8EwGn",
            "total": 6,
            "valor_unitario": 316760,
            "descuento": 0.22,
            "IVA": 5
        }
    ]
}