{
    "empresa_nit": "123456789",
    "empresa_ciudad": "BARRANQUILLA",
    "empresa_sede": "aeropuerto",
    "empresa_nombre": "MicroMercado El Mio",
    "fecha_hora": "2022-03-22 02:52:59",
    "factura_num": "01175",
    "ciente_numero": 290894236,
    "pago_tipo": "EFECTIVO",
    "productos": [
        {
            "codigo": "7hJwvCOtoO",
            "total": 20,
            "valor_unitario": 401837,
            "descuento": 0.01,
            "IVA": 0
        },
        {
            "codigo": "vKhtPlHVlL",
            "total": 14,
            "valor_unitario": 415511,
            "descuento": 0.02,
            "IVA": 5
        },
        {
            "codigo": "traZVJyjvJ",
            "total": 14,
            "valor_unitario": 816830,
            "descuento": 0.4,
            "IVA": 5
        },
        {
            "codigo": "2G3so1TIu8",
            "total": 19,
            "valor_unitario": 379346,
            "descuento": 0.37,
            "IVA": 0
        },
        {
            "codigo": "OnnG1IjwEk",
            "total": 10,
            "valor_unitario": 302566,
            "descuento": 0.27,
            "IVA": 19
        },
        {
            "codigo": "gfoi8ZpB8Y",
            "total": 3,
            "valor_unitario": 562412,
            "descuento": 0.42,
            "IVA": 0
        },
        {
            "codigo": "o39aNDw0e2",
            "total": 15,
            "valor_unitario": 48322,
            "descuento": 0.15,
            "IVA": 0
        }
    ]
}