{
    "empresa_nit": "123456789",
    "empresa_ciudad": "MEDELLIN",
    "empresa_sede": "autopista",
    "empresa_nombre": "MicroMercado El Mio",
    "fecha_hora": "2024-10-23 09:33:39",
    "factura_num": "01374",
    "ciente_numero": 377962769,
    "pago_tipo": "TAR.CREDITO",
    "productos": [
        {
            "codigo": "kCavLLM9d4",
            "total": 20,
            "valor_unitario": 418346,
            "descuento": 0.27,
            "IVA": 0
        },
        {
            "codigo": "o8TpX6gZ4E",
            "total": 9,
            "valor_unitario": 14909,
            "descuento": 0.24,
            "IVA": 0
        },
        {
            "codigo": "3743Db7NY9",
            "total": 12,
            "valor_unitario": 208806,
            "descuento": 0.4,
            "IVA": 0
        },
        {
            "codigo": "lzU9I5VfTS",
            "total": 3,
            "valor_unitario": 872098,
            "descuento": 0.16,
            "IVA": 5
        },
        {
            "codigo": "cOlNBElPHJ",
            "total": 4,
            "valor_unitario": 606877,
            "descuento": 0.36,
            "IVA": 19
        },
        {
            "codigo": "fQvZOD7MEp",
            "total": 6,
            "valor_unitario": 576357,
            "descuento": 0.28,
            "IVA": 0
        },
        {
            "codigo": "WVQiC9L464",
            "total": 8,
            "valor_unitario": 259027,
            "descuento": 0.17,
            "IVA": 19
        },
        {
            "codigo": "FVAKWMMCJU",
            "total": 11,
            "valor_unitario": 630459,
            "descuento": 0.23,
            "IVA": 5
        },
        {
            "codigo": "XbHr44LE9W",
            "total": 19,
            "valor_unitario": 600672,
            "descuento": 0.45,
            "IVA": 0
        },
        {
            "codigo": "YmlcevShyB",
            "total": 2,
            "valor_unitario": 97812,
            "descuento": 0.04,
            "IVA": 19
        },
        {
            "codigo": "t7rDUcuLsb",
            "total": 8,
            "valor_unitario": 254786,
            "descuento": 0.31,
            "IVA": 5
        },
        {
            "codigo": "O9r00I8W2q",
            "total": 18,
            "valor_unitario": 655503,
            "descuento": 0.47,
            "IVA": 5
        },
        {
            "codigo": "apOqS7zod1",
            "total": 16,
            "valor_unitario": 423619,
            "descuento": 0.28,
            "IVA": 0
        },
        {
            "codigo": "ofSk3RZWnE",
            "total": 6,
            "valor_unitario": 986350,
            "descuento": 0.29,
            "IVA": 19
        },
        {
            "codigo": "Liv7zChbvb",
            "total": 8,
            "valor_unitario": 194363,
            "descuento": 0.02,
            "IVA": 19
        },
        {
            "codigo": "LdD9tgmA9a",
            "total": 19,
            "valor_unitario": 604094,
            "descuento": 0.14,
            "IVA": 19
        },
        {
            "codigo": "6rAbfiFUbM",
            "total": 4,
            "valor_unitario": 385627,
            "descuento": 0.16,
            "IVA": 0
        },
        {
            "codigo": "DpE9DaIRZP",
            "total": 18,
            "valor_unitario": 971885,
            "descuento": 0.31,
            "IVA": 0
        }
    ]
}