{
    "empresa_nit": "123456789",
    "empresa_ciudad": "MEDELLIN",
    "empresa_sede": "centro",
    "empresa_nombre": "MicroMercado El Mio",
    "fecha_hora": "2022-12-11 19:50:10",
    "factura_num": "01329",
    "ciente_numero": 357274120,
    "pago_tipo": "EFECTIVO",
    "productos": [
        {
            "codigo": "kICLMSnScX",
            "total": 6,
            "valor_unitario": 786736,
            "descuento": 0.26,
            "IVA": 0
        },
        {
            "codigo": "9J97LH5Dg0",
            "total": 15,
            "valor_unitario": 661270,
            "descuento": 0.25,
            "IVA": 19
        },
        {
            "codigo": "rrx90XpSxJ",
            "total": 15,
            "valor_unitario": 175035,
            "descuento": 0.14,
            "IVA": 5
        },
        {
            "codigo": "zDwv3Cg4JW",
            "total": 15,
            "valor_unitario": 643784,
            "descuento": 0.12,
            "IVA": 0
        },
        {
            "codigo": "oWYYHigBJS",
            "total": 15,
            "valor_unitario": 980929,
            "descuento": 0.26,
            "IVA": 19
        },
        {
            "codigo": "0x66cuAcWA",
            "total": 16,
            "valor_unitario": 118402,
            "descuento": 0.02,
            "IVA": 5
        },
        {
            "codigo": "NuwwY6flV0",
            "total": 3,
            "valor_unitario": 413556,
            "descuento": 0.11,
            "IVA": 19
        },
        {
            "codigo": "bEnDUPuVUN",
            "total": 17,
            "valor_unitario": 353412,
            "descuento": 0.46,
            "IVA": 0
        },
        {
            "codigo": "kF7GS86cGy",
            "total": 12,
            "valor_unitario": 555064,
            "descuento": 0.02,
            "IVA": 19
        },
        {
            "codigo": "r0Qlro2XR0",
            "total": 9,
            "valor_unitario": 35272,
            "descuento": 0.22,
            "IVA": 5
        },
        {
            "codigo": "QxYalrpjDi",
            "total": 6,
            "valor_unitario": 208570,
            "descuento": 0.45,
            "IVA": 19
        },
        {
            "codigo": "kbBC94EmtJ",
            "total": 8,
            "valor_unitario": 476945,
            "descuento": 0.19,
            "IVA": 19
        },
        {
            "codigo": "ptJpoyDwe9",
            "total": 5,
            "valor_unitario": 51651,
            "descuento": 0.21,
            "IVA": 19
        },
        {
            "codigo": "97MIVoaJuU",
            "total": 9,
            "valor_unitario": 885964,
            "descuento": 0.25,
            "IVA": 19
        },
        {
            "codigo": "bhyzWmkAkZ",
            "total": 1,
            "valor_unitario": 671405,
            "descuento": 0.26,
            "IVA": 5
        },
        {
            "codigo": "OBlfzkn1Wh",
            "total": 9,
            "valor_unitario": 991994,
            "descuento": 0.4,
            "IVA": 0
        },
        {
            "codigo": "PsLOyz9f3N",
            "total": 17,
            "valor_unitario": 354342,
            "descuento": 0.46,
            "IVA": 5
        },
        {
            "codigo": "62kenzeIMM",
            "total": 7,
            "valor_unitario": 965131,
            "descuento": 0.28,
            "IVA": 19
        },
        {
            "codigo": "48frJqVlDf",
            "total": 14,
            "valor_unitario": 209363,
            "descuento": 0.21,
            "IVA": 0
        },
        {
            "codigo": "A2W429pDkm",
            "total": 15,
            "valor_unitario": 43732,
            "descuento": 0.3,
            "IVA": 5
        }
    ]
}