{
    "empresa_nit": "123456789",
    "empresa_ciudad": "CALI",
    "empresa_sede": "autopista",
    "empresa_nombre": "MicroMercado El Mio",
    "fecha_hora": "2021-01-02 20:34:50",
    "factura_num": "01015",
    "ciente_numero": 304149960,
    "pago_tipo": "EFECTIVO",
    "productos": [
        {
            "codigo": "M8LuHrTzc1",
            "total": 18,
            "valor_unitario": 636343,
            "descuento": 0.38,
            "IVA": 0
        },
        {
            "codigo": "ghXYZvghOx",
            "total": 10,
            "valor_unitario": 754503,
            "descuento": 0.1,
            "IVA": 5
        },
        {
            "codigo": "JQD1RlRTKl",
            "total": 4,
            "valor_unitario": 793719,
            "descuento": 0.06,
            "IVA": 0
        },
        {
            "codigo": "HBJrUtHwqG",
            "total": 9,
            "valor_unitario": 197056,
            "descuento": 0.02,
            "IVA": 19
        },
        {
            "codigo": "Yw68hBxD69",
            "total": 14,
            "valor_unitario": 69248,
            "descuento": 0.4,
            "IVA": 19
        },
        {
            "codigo": "dmBqoaR1U3",
            "total": 13,
            "valor_unitario": 894746,
            "descuento": 0.46,
            "IVA": 5
        },
        {
            "codigo": "22AljkVU6N",
            "total": 17,
            "valor_unitario": 703735,
            "descuento": 0.33,
            "IVA": 0
        },
        {
            "codigo": "En63OmAjPu",
            "total": 2,
            "valor_unitario": 332639,
            "descuento": 0.36,
            "IVA": 5
        },
        {
            "codigo": "JNEvJQPRPh",
            "total": 17,
            "valor_unitario": 761514,
            "descuento": 0.07,
            "IVA": 19
        },
        {
            "codigo": "EYmx0yMLiT",
            "total": 17,
            "valor_unitario": 203193,
            "descuento": 0.02,
            "IVA": 0
        },
        {
            "codigo": "MhZ0SeY76l",
            "total": 6,
            "valor_unitario": 696406,
            "descuento": 0.3,
            "IVA": 0
        },
        {
            "codigo": "iEInvgPRIq",
            "total": 15,
            "valor_unitario": 432600,
            "descuento": 0.22,
            "IVA": 0
        },
        {
            "codigo": "OoeD8hNWiH",
            "total": 1,
            "valor_unitario": 155133,
            "descuento": 0.47,
            "IVA": 0
        }
    ]
}