{
    "empresa_nit": "123456789",
    "empresa_ciudad": "BARRANQUILLA",
    "empresa_sede": "autopista",
    "empresa_nombre": "MicroMercado El Mio",
    "fecha_hora": "2024-12-11 03:32:19",
    "factura_num": "01336",
    "ciente_numero": 623211239,
    "pago_tipo": "TAR.CREDITO",
    "productos": [
        {
            "codigo": "GNLU3fY4vV",
            "total": 14,
            "valor_unitario": 488385,
            "descuento": 0.23,
            "IVA": 0
        },
        {
            "codigo": "dBfAdpN6zU",
            "total": 14,
            "valor_unitario": 280425,
            "descuento": 0.39,
            "IVA": 19
        },
        {
            "codigo": "0NJBtqd1UA",
            "total": 13,
            "valor_unitario": 317147,
            "descuento": 0.43,
            "IVA": 19
        },
        {
            "codigo": "YyN5qfbVZZ",
            "total": 10,
            "valor_unitario": 219163,
            "descuento": 0.09,
            "IVA": 19
        },
        {
            "codigo": "r2rsQHOD3R",
            "total": 4,
            "valor_unitario": 933129,
            "descuento": 0.21,
            "IVA": 0
        },
        {
            "codigo": "6rypuBwJIi",
            "total": 10,
            "valor_unitario": 602775,
            "descuento": 0.3,
            "IVA": 5
        },
        {
            "codigo": "CzYpz9Rfdj",
            "total": 10,
            "valor_unitario": 999714,
            "descuento": 0.14,
            "IVA": 0
        },
        {
            "codigo": "Ni1H5ESL5C",
            "total": 16,
            "valor_unitario": 292792,
            "descuento": 0.2,
            "IVA": 19
        },
        {
            "codigo": "vSUwG7EtXT",
            "total": 7,
            "valor_unitario": 920761,
            "descuento": 0.36,
            "IVA": 5
        },
        {
            "codigo": "C67ITn7rOQ",
            "total": 10,
            "valor_unitario": 158093,
            "descuento": 0.3,
            "IVA": 19
        }
    ]
}