{
    "empresa_nit": "123456789",
    "empresa_ciudad": "CALI",
    "empresa_sede": "plaza",
    "empresa_nombre": "MicroMercado El Mio",
    "fecha_hora": "2020-04-05 04:22:10",
    "factura_num": "00013",
    "ciente_numero": 441624965,
    "pago_tipo": "TAR.DEBITO",
    "productos": [
        {
            "codigo": "w5hyfNXctA",
            "total": 3,
            "valor_unitario": 106569,
            "descuento": 0.18,
            "IVA": 0
        },
        {
            "codigo": "rYijeP65T6",
            "total": 9,
            "valor_unitario": 144589,
            "descuento": 0.14,
            "IVA": 0
        },
        {
            "codigo": "68rt7cefgw",
            "total": 3,
            "valor_unitario": 423655,
            "descuento": 0.14,
            "IVA": 0
        },
        {
            "codigo": "gnd7QaVtQv",
            "total": 13,
            "valor_unitario": 47541,
            "descuento": 0.37,
            "IVA": 0
        },
        {
            "codigo": "zgiQk2Fhie",
            "total": 9,
            "valor_unitario": 949414,
            "descuento": 0.07,
            "IVA": 0
        },
        {
            "codigo": "HPNUMyAJqo",
            "total": 14,
            "valor_unitario": 499370,
            "descuento": 0.13,
            "IVA": 0
        },
        {
            "codigo": "rdnT5uXcmt",
            "total": 19,
            "valor_unitario": 296249,
            "descuento": 0.22,
            "IVA": 5
        },
        {
            "codigo": "CvOsgAVwBo",
            "total": 3,
            "valor_unitario": 287491,
            "descuento": 0.45,
            "IVA": 19
        },
        {
            "codigo": "iPZNjrseZY",
            "total": 14,
            "valor_unitario": 36949,
            "descuento": 0.46,
            "IVA": 0
        },
        {
            "codigo": "7LXoSWXEsk",
            "total": 5,
            "valor_unitario": 734474,
            "descuento": 0.2,
            "IVA": 19
        },
        {
            "codigo": "CGIW50DpT0",
            "total": 17,
            "valor_unitario": 612771,
            "descuento": 0.17,
            "IVA": 0
        },
        {
            "codigo": "1PEZk8pWtB",
            "total": 2,
            "valor_unitario": 380388,
            "descuento": 0.4,
            "IVA": 19
        },
        {
            "codigo": "TgvFULpBEJ",
            "total": 13,
            "valor_unitario": 914946,
            "descuento": 0.47,
            "IVA": 5
        }
    ]
}