{
    "empresa_nit": "123456789",
    "empresa_ciudad": "BARRANQUILLA",
    "empresa_sede": "plaza",
    "empresa_nombre": "MicroMercado El Mio",
    "fecha_hora": "2022-09-01 11:46:03",
    "factura_num": "01184",
    "ciente_numero": 214311344,
    "pago_tipo": "TRANFERENCIA",
    "productos": [
        {
            "codigo": "W6kHz7E9jX",
            "total": 17,
            "valor_unitario": 317623,
            "descuento": 0.2,
            "IVA": 5
        },
        {
            "codigo": "yjDHBmKPfJ",
            "total": 14,
            "valor_unitario": 417279,
            "descuento": 0.49,
            "IVA": 5
        },
        {
            "codigo": "M0TZpI8QIw",
            "total": 18,
            "valor_unitario": 342345,
            "descuento": 0.18,
            "IVA": 5
        },
        {
            "codigo": "ir48idi5kP",
            "total": 20,
            "valor_unitario": 963950,
            "descuento": 0.38,
            "IVA": 19
        },
        {
            "codigo": "JR5lQGkG0k",
            "total": 8,
            "valor_unitario": 795274,
            "descuento": 0.09,
            "IVA": 0
        },
        {
            "codigo": "oUyXb5XYK9",
            "total": 20,
            "valor_unitario": 369377,
            "descuento": 0.29,
            "IVA": 5
        },
        {
            "codigo": "BK1fROg9CQ",
            "total": 12,
            "valor_unitario": 757679,
            "descuento": 0.26,
            "IVA": 19
        },
        {
            "codigo": "QgF2Y6Wp96",
            "total": 6,
            "valor_unitario": 962647,
            "descuento": 0.01,
            "IVA": 0
        },
        {
            "codigo": "ovIphNMNIU",
            "total": 5,
            "valor_unitario": 78036,
            "descuento": 0.45,
            "IVA": 0
        },
        {
            "codigo": "7VxJWxIvv0",
            "total": 9,
            "valor_unitario": 564395,
            "descuento": 0.19,
            "IVA": 0
        },
        {
            "codigo": "a289aP4R5u",
            "total": 15,
            "valor_unitario": 333694,
            "descuento": 0.46,
            "IVA": 5
        },
        {
            "codigo": "B9IJAaza02",
            "total": 17,
            "valor_unitario": 739407,
            "descuento": 0.47,
            "IVA": 0
        },
        {
            "codigo": "rvov04ElmH",
            "total": 5,
            "valor_unitario": 556958,
            "descuento": 0.02,
            "IVA": 19
        },
        {
            "codigo": "KzlvCJjV4q",
            "total": 3,
            "valor_unitario": 726398,
            "descuento": 0.26,
            "IVA": 0
        },
        {
            "codigo": "uSbYBi1tsZ",
            "total": 18,
            "valor_unitario": 387625,
            "descuento": 0.07,
            "IVA": 0
        },
        {
            "codigo": "LJfCqdg2nr",
            "total": 9,
            "valor_unitario": 94141,
            "descuento": 0.11,
            "IVA": 19
        }
    ]
}