{
    "empresa_nit": "123456789",
    "empresa_ciudad": "CALI",
    "empresa_sede": "alcaldia",
    "empresa_nombre": "MicroMercado El Mio",
    "fecha_hora": "2023-06-19 16:02:30",
    "factura_num": "01186",
    "ciente_numero": 123268133,
    "pago_tipo": "TAR.DEBITO",
    "productos": [
        {
            "codigo": "l7ziVJooeZ",
            "total": 14,
            "valor_unitario": 164374,
            "descuento": 0.33,
            "IVA": 5
        },
        {
            "codigo": "hI02eb7dY3",
            "total": 3,
            "valor_unitario": 995643,
            "descuento": 0.3,
            "IVA": 5
        },
        {
            "codigo": "hCEhGAK3P9",
            "total": 16,
            "valor_unitario": 343777,
            "descuento": 0.24,
            "IVA": 0
        },
        {
            "codigo": "OdqoVpCZr6",
            "total": 5,
            "valor_unitario": 693079,
            "descuento": 0.48,
            "IVA": 0
        },
        {
            "codigo": "cQcToLC4pU",
            "total": 6,
            "valor_unitario": 215279,
            "descuento": 0.06,
            "IVA": 5
        },
        {
            "codigo": "24b0GaSTWn",
            "total": 10,
            "valor_unitario": 935428,
            "descuento": 0.4,
            "IVA": 19
        },
        {
            "codigo": "cvCeErsLos",
            "total": 5,
            "valor_unitario": 435283,
            "descuento": 0.43,
            "IVA": 19
        }
    ]
}