{
    "empresa_nit": "123456789",
    "empresa_ciudad": "TUNJA",
    "empresa_sede": "alcaldia",
    "empresa_nombre": "MicroMercado El Mio",
    "fecha_hora": "2023-01-02 16:30:41",
    "factura_num": "01178",
    "ciente_numero": 94447576,
    "pago_tipo": "TAR.DEBITO",
    "productos": [
        {
            "codigo": "6Jc1U6nmyE",
            "total": 9,
            "valor_unitario": 262550,
            "descuento": 0.15,
            "IVA": 5
        },
        {
            "codigo": "2CC9h7EsyP",
            "total": 13,
            "valor_unitario": 117159,
            "descuento": 0.42,
            "IVA": 19
        },
        {
            "codigo": "OBx3qia82w",
            "total": 15,
            "valor_unitario": 495824,
            "descuento": 0.26,
            "IVA": 0
        },
        {
            "codigo": "GsQBL9TmBP",
            "total": 19,
            "valor_unitario": 19507,
            "descuento": 0.42,
            "IVA": 0
        }
    ]
}