{
    "empresa_nit": "123456789",
    "empresa_ciudad": "CALI",
    "empresa_sede": "alcaldia",
    "empresa_nombre": "MicroMercado El Mio",
    "fecha_hora": "2021-03-31 00:24:49",
    "factura_num": "01158",
    "ciente_numero": 425243978,
    "pago_tipo": "TRANFERENCIA",
    "productos": [
        {
            "codigo": "Lo8bJMTEJX",
            "total": 18,
            "valor_unitario": 444709,
            "descuento": 0.32,
            "IVA": 19
        },
        {
            "codigo": "4n7buzRToI",
            "total": 1,
            "valor_unitario": 306931,
            "descuento": 0.09,
            "IVA": 5
        },
        {
            "codigo": "v51KIJHXZW",
            "total": 19,
            "valor_unitario": 983842,
            "descuento": 0.34,
            "IVA": 5
        }
    ]
}