{
    "empresa_nit": "123456789",
    "empresa_ciudad": "CALI",
    "empresa_sede": "autopista",
    "empresa_nombre": "MicroMercado El Mio",
    "fecha_hora": "2025-01-01 09:54:52",
    "factura_num": "01256",
    "ciente_numero": 766254513,
    "pago_tipo": "TRANFERENCIA",
    "productos": [
        {
            "codigo": "1vHVMTO5GK",
            "total": 10,
            "valor_unitario": 141229,
            "descuento": 0.04,
            "IVA": 0
        },
        {
            "codigo": "Wo5ZifFxDp",
            "total": 1,
            "valor_unitario": 253088,
            "descuento": 0.17,
            "IVA": 19
        },
        {
            "codigo": "XZWQGYBfmp",
            "total": 17,
            "valor_unitario": 944801,
            "descuento": 0.06,
            "IVA": 0
        },
        {
            "codigo": "QcZN0ODbJS",
            "total": 10,
            "valor_unitario": 205928,
            "descuento": 0.44,
            "IVA": 19
        },
        {
            "codigo": "jxjjVSwAD5",
            "total": 19,
            "valor_unitario": 737427,
            "descuento": 0.38,
            "IVA": 5
        },
        {
            "codigo": "zewl9fz96O",
            "total": 15,
            "valor_unitario": 108840,
            "descuento": 0.1,
            "IVA": 5
        },
        {
            "codigo": "MiiWYMGdkM",
            "total": 9,
            "valor_unitario": 759736,
            "descuento": 0.23,
            "IVA": 0
        },
        {
            "codigo": "oub9tCNHtw",
            "total": 15,
            "valor_unitario": 52778,
            "descuento": 0.17,
            "IVA": 5
        },
        {
            "codigo": "XAxWO2sf9K",
            "total": 7,
            "valor_unitario": 973947,
            "descuento": 0.28,
            "IVA": 5
        },
        {
            "codigo": "wgGCwGgJg7",
            "total": 19,
            "valor_unitario": 626203,
            "descuento": 0.5,
            "IVA": 5
        },
        {
            "codigo": "qdjNF82iXE",
            "total": 3,
            "valor_unitario": 297137,
            "descuento": 0.03,
            "IVA": 5
        },
        {
            "codigo": "62GHMbvpiP",
            "total": 18,
            "valor_unitario": 470069,
            "descuento": 0.07,
            "IVA": 19
        },
        {
            "codigo": "mrSfkgZT80",
            "total": 1,
            "valor_unitario": 2017,
            "descuento": 0.43,
            "IVA": 5
        },
        {
            "codigo": "jyI2Gxujzi",
            "total": 6,
            "valor_unitario": 769462,
            "descuento": 0.32,
            "IVA": 19
        },
        {
            "codigo": "bOL7g7EVqg",
            "total": 13,
            "valor_unitario": 866284,
            "descuento": 0.0,
            "IVA": 0
        },
        {
            "codigo": "UtjAcBgivm",
            "total": 1,
            "valor_unitario": 806373,
            "descuento": 0.08,
            "IVA": 5
        },
        {
            "codigo": "ESumQ5IyWb",
            "total": 17,
            "valor_unitario": 922036,
            "descuento": 0.42,
            "IVA": 19
        }
    ]
}