{
    "empresa_nit": "123456789",
    "empresa_ciudad": "BARRANQUILLA",
    "empresa_sede": "aeropuerto",
    "empresa_nombre": "MicroMercado El Mio",
    "fecha_hora": "2020-01-11 11:52:25",
    "factura_num": "01445",
    "ciente_numero": 83964282,
    "pago_tipo": "EFECTIVO",
    "productos": [
        {
            "codigo": "GrugDOtju3",
            "total": 4,
            "valor_unitario": 321034,
            "descuento": 0.48,
            "IVA": 5
        },
        {
            "codigo": "q5oB2j0icy",
            "total": 8,
            "valor_unitario": 271395,
            "descuento": 0.01,
            "IVA": 5
        },
        {
            "codigo": "iqy6Y7IW7A",
            "total": 8,
            "valor_unitario": 918667,
            "descuento": 0.3,
            "IVA": 5
        },
        {
            "codigo": "b45QfVFUxC",
            "total": 15,
            "valor_unitario": 905122,
            "descuento": 0.14,
            "IVA": 5
        },
        {
            "codigo": "Psy1M4Glob",
            "total": 5,
            "valor_unitario": 746270,
            "descuento": 0.46,
            "IVA": 19
        },
        {
            "codigo": "SdhEwylXqt",
            "total": 8,
            "valor_unitario": 491915,
            "descuento": 0.38,
            "IVA": 19
        },
        {
            "codigo": "Bf2ycVTAFi",
            "total": 11,
            "valor_unitario": 470889,
            "descuento": 0.24,
            "IVA": 0
        },
        {
            "codigo": "Z7GMEZ3pdt",
            "total": 11,
            "valor_unitario": 464524,
            "descuento": 0.02,
            "IVA": 0
        },
        {
            "codigo": "YnUf8IrLmO",
            "total": 15,
            "valor_unitario": 725539,
            "descuento": 0.31,
            "IVA": 0
        },
        {
            "codigo": "lte5itcjtG",
            "total": 3,
            "valor_unitario": 332405,
            "descuento": 0.14,
            "IVA": 5
        },
        {
            "codigo": "wwLUTYFp77",
            "total": 19,
            "valor_unitario": 581239,
            "descuento": 0.17,
            "IVA": 19
        },
        {
            "codigo": "TfIG0ojpW0",
            "total": 10,
            "valor_unitario": 589468,
            "descuento": 0.36,
            "IVA": 0
        },
        {
            "codigo": "CjkT1YyENW",
            "total": 1,
            "valor_unitario": 404940,
            "descuento": 0.34,
            "IVA": 0
        },
        {
            "codigo": "X7dBp26l2e",
            "total": 13,
            "valor_unitario": 537552,
            "descuento": 0.13,
            "IVA": 0
        },
        {
            "codigo": "Cg1bJncYW0",
            "total": 15,
            "valor_unitario": 25902,
            "descuento": 0.21,
            "IVA": 5
        },
        {
            "codigo": "AhUykjQ8a5",
            "total": 19,
            "valor_unitario": 291232,
            "descuento": 0.23,
            "IVA": 0
        },
        {
            "codigo": "ziCs54Igje",
            "total": 4,
            "valor_unitario": 870097,
            "descuento": 0.14,
            "IVA": 19
        },
        {
            "codigo": "yxbbEeVEMl",
            "total": 9,
            "valor_unitario": 355039,
            "descuento": 0.01,
            "IVA": 19
        }
    ]
}