{
    "empresa_nit": "123456789",
    "empresa_ciudad": "BARRANQUILLA",
    "empresa_sede": "aeropuerto",
    "empresa_nombre": "MicroMercado El Mio",
    "fecha_hora": "2024-03-18 20:40:31",
    "factura_num": "01381",
    "ciente_numero": 952403958,
    "pago_tipo": "TAR.CREDITO",
    "productos": [
        {
            "codigo": "LKQnbjMQAD",
            "total": 18,
            "valor_unitario": 115682,
            "descuento": 0.42,
            "IVA": 19
        },
        {
            "codigo": "kjktXZSrii",
            "total": 11,
            "valor_unitario": 660871,
            "descuento": 0.12,
            "IVA": 19
        },
        {
            "codigo": "WcNmVWIXuF",
            "total": 10,
            "valor_unitario": 225215,
            "descuento": 0.4,
            "IVA": 19
        },
        {
            "codigo": "i7kQbKoe7r",
            "total": 12,
            "valor_unitario": 901612,
            "descuento": 0.06,
            "IVA": 5
        },
        {
            "codigo": "JYCa91JsIq",
            "total": 14,
            "valor_unitario": 193053,
            "descuento": 0.19,
            "IVA": 0
        },
        {
            "codigo": "WRiemTi09x",
            "total": 1,
            "valor_unitario": 72175,
            "descuento": 0.29,
            "IVA": 19
        },
        {
            "codigo": "SBMkResm8H",
            "total": 10,
            "valor_unitario": 225705,
            "descuento": 0.1,
            "IVA": 5
        },
        {
            "codigo": "sIJA72ty93",
            "total": 14,
            "valor_unitario": 306858,
            "descuento": 0.41,
            "IVA": 0
        },
        {
            "codigo": "WyEuj1vtpK",
            "total": 18,
            "valor_unitario": 799006,
            "descuento": 0.36,
            "IVA": 5
        },
        {
            "codigo": "lhV3om1xpp",
            "total": 5,
            "valor_unitario": 866180,
            "descuento": 0.38,
            "IVA": 0
        }
    ]
}