{
    "empresa_nit": "123456789",
    "empresa_ciudad": "TUNJA",
    "empresa_sede": "plaza",
    "empresa_nombre": "MicroMercado El Mio",
    "fecha_hora": "2023-06-30 04:15:16",
    "factura_num": "01074",
    "ciente_numero": 212133154,
    "pago_tipo": "EFECTIVO",
    "productos": [
        {
            "codigo": "7NY89dtSX8",
            "total": 20,
            "valor_unitario": 531803,
            "descuento": 0.0,
            "IVA": 5
        },
        {
            "codigo": "CGbVWsHa86",
            "total": 6,
            "valor_unitario": 987607,
            "descuento": 0.25,
            "IVA": 19
        },
        {
            "codigo": "UNOwKeTNuZ",
            "total": 1,
            "valor_unitario": 852512,
            "descuento": 0.07,
            "IVA": 0
        },
        {
            "codigo": "o0Dl5gQs0t",
            "total": 10,
            "valor_unitario": 616086,
            "descuento": 0.17,
            "IVA": 19
        },
        {
            "codigo": "ZQvFxNSurz",
            "total": 11,
            "valor_unitario": 896010,
            "descuento": 0.33,
            "IVA": 0
        },
        {
            "codigo": "ouKZnOrZ5a",
            "total": 1,
            "valor_unitario": 454978,
            "descuento": 0.39,
            "IVA": 5
        },
        {
            "codigo": "YFtv6hfiG4",
            "total": 11,
            "valor_unitario": 871221,
            "descuento": 0.34,
            "IVA": 5
        },
        {
            "codigo": "VgDFTKyYFa",
            "total": 10,
            "valor_unitario": 103270,
            "descuento": 0.35,
            "IVA": 5
        },
        {
            "codigo": "zApPiqxJxw",
            "total": 17,
            "valor_unitario": 340517,
            "descuento": 0.02,
            "IVA": 19
        },
        {
            "codigo": "9ql1QUtMol",
            "total": 13,
            "valor_unitario": 614383,
            "descuento": 0.37,
            "IVA": 5
        },
        {
            "codigo": "MGpifbhA4U",
            "total": 5,
            "valor_unitario": 621862,
            "descuento": 0.12,
            "IVA": 5
        },
        {
            "codigo": "2OgQRZftGm",
            "total": 18,
            "valor_unitario": 868274,
            "descuento": 0.42,
            "IVA": 5
        },
        {
            "codigo": "VTk9dlFnss",
            "total": 6,
            "valor_unitario": 814032,
            "descuento": 0.17,
            "IVA": 0
        },
        {
            "codigo": "3eSFL7ceYI",
            "total": 8,
            "valor_unitario": 55934,
            "descuento": 0.17,
            "IVA": 0
        },
        {
            "codigo": "2WOozQCozP",
            "total": 14,
            "valor_unitario": 877816,
            "descuento": 0.45,
            "IVA": 0
        },
        {
            "codigo": "V5lc7NiVTP",
            "total": 9,
            "valor_unitario": 123543,
            "descuento": 0.08,
            "IVA": 5
        },
        {
            "codigo": "uOqlJ6DAOF",
            "total": 14,
            "valor_unitario": 95334,
            "descuento": 0.21,
            "IVA": 19
        },
        {
            "codigo": "N0caMmifHz",
            "total": 9,
            "valor_unitario": 460833,
            "descuento": 0.34,
            "IVA": 5
        },
        {
            "codigo": "woRUMiDwCy",
            "total": 6,
            "valor_unitario": 955933,
            "descuento": 0.25,
            "IVA": 0
        },
        {
            "codigo": "rtSWL2Pcak",
            "total": 12,
            "valor_unitario": 726422,
            "descuento": 0.32,
            "IVA": 19
        }
    ]
}