{
    "empresa_nit": "123456789",
    "empresa_ciudad": "BARRANQUILLA",
    "empresa_sede": "alcaldia",
    "empresa_nombre": "MicroMercado El Mio",
    "fecha_hora": "2021-11-21 11:07:31",
    "factura_num": "01436",
    "ciente_numero": 59022903,
    "pago_tipo": "EFECTIVO",
    "productos": [
        {
            "codigo": "fOeB2RzUuk",
            "total": 20,
            "valor_unitario": 652384,
            "descuento": 0.16,
            "IVA": 0
        },
        {
            "codigo": "yUOdg45yr8",
            "total": 4,
            "valor_unitario": 540040,
            "descuento": 0.24,
            "IVA": 0
        },
        {
            "codigo": "liXsXLtCY7",
            "total": 3,
            "valor_unitario": 367271,
            "descuento": 0.17,
            "IVA": 0
        },
        {
            "codigo": "VaWVH13XNL",
            "total": 8,
            "valor_unitario": 647998,
            "descuento": 0.27,
            "IVA": 0
        },
        {
            "codigo": "j2cOAvB2F7",
            "total": 3,
            "valor_unitario": 926951,
            "descuento": 0.02,
            "IVA": 19
        },
        {
            "codigo": "2yXR27NuU5",
            "total": 11,
            "valor_unitario": 812356,
            "descuento": 0.38,
            "IVA": 19
        },
        {
            "codigo": "gWdiG7BbZB",
            "total": 9,
            "valor_unitario": 45147,
            "descuento": 0.13,
            "IVA": 0
        }
    ]
}