{
    "empresa_nit": "123456789",
    "empresa_ciudad": "TUNJA",
    "empresa_sede": "terminal",
    "empresa_nombre": "MicroMercado El Mio",
    "fecha_hora": "2020-11-02 15:37:26",
    "factura_num": "01391",
    "ciente_numero": 378156400,
    "pago_tipo": "TAR.CREDITO",
    "productos": [
        {
            "codigo": "JZ0ESLoNXc",
            "total": 13,
            "valor_unitario": 90053,
            "descuento": 0.07,
            "IVA": 0
        },
        {
            "codigo": "9BsVA5rAFb",
            "total": 16,
            "valor_unitario": 904220,
            "descuento": 0.49,
            "IVA": 0
        },
        {
            "codigo": "SddhuHt4UB",
            "total": 9,
            "valor_unitario": 61238,
            "descuento": 0.47,
            "IVA": 19
        },
        {
            "codigo": "TKmNrutoOe",
            "total": 16,
            "valor_unitario": 639900,
            "descuento": 0.16,
            "IVA": 0
        },
        {
            "codigo": "RpaV1KY6uS",
            "total": 19,
            "valor_unitario": 190973,
            "descuento": 0.07,
            "IVA": 5
        },
        {
            "codigo": "N8wVZtsMtr",
            "total": 9,
            "valor_unitario": 362951,
            "descuento": 0.43,
            "IVA": 5
        },
        {
            "codigo": "o3cEekzxme",
            "total": 1,
            "valor_unitario": 9083,
            "descuento": 0.2,
            "IVA": 19
        },
        {
            "codigo": "FCE93qp0ox",
            "total": 3,
            "valor_unitario": 585660,
            "descuento": 0.42,
            "IVA": 0
        },
        {
            "codigo": "4aFOJoC3iN",
            "total": 6,
            "valor_unitario": 951355,
            "descuento": 0.35,
            "IVA": 5
        },
        {
            "codigo": "wPBkPLiZcv",
            "total": 5,
            "valor_unitario": 816809,
            "descuento": 0.26,
            "IVA": 0
        },
        {
            "codigo": "kTdUH40nsX",
            "total": 15,
            "valor_unitario": 231743,
            "descuento": 0.23,
            "IVA": 19
        },
        {
            "codigo": "RN17t4FilD",
            "total": 12,
            "valor_unitario": 644808,
            "descuento": 0.11,
            "IVA": 5
        },
        {
            "codigo": "TjClMR23qi",
            "total": 15,
            "valor_unitario": 51757,
            "descuento": 0.04,
            "IVA": 19
        },
        {
            "codigo": "6QKBn1Jg8w",
            "total": 15,
            "valor_unitario": 204437,
            "descuento": 0.24,
            "IVA": 19
        },
        {
            "codigo": "HTIgZm72Oh",
            "total": 1,
            "valor_unitario": 418392,
            "descuento": 0.22,
            "IVA": 5
        }
    ]
}