{
    "empresa_nit": "123456789",
    "empresa_ciudad": "BARRANQUILLA",
    "empresa_sede": "centro",
    "empresa_nombre": "MicroMercado El Mio",
    "fecha_hora": "2024-10-25 22:02:19",
    "factura_num": "01399",
    "ciente_numero": 65084937,
    "pago_tipo": "TAR.CREDITO",
    "productos": [
        {
            "codigo": "Tb9ibMGkgR",
            "total": 1,
            "valor_unitario": 682986,
            "descuento": 0.33,
            "IVA": 0
        },
        {
            "codigo": "sANp3WKSBT",
            "total": 11,
            "valor_unitario": 683266,
            "descuento": 0.14,
            "IVA": 0
        },
        {
            "codigo": "3S26bUWK8P",
            "total": 14,
            "valor_unitario": 213078,
            "descuento": 0.12,
            "IVA": 5
        },
        {
            "codigo": "c3io0HloSd",
            "total": 4,
            "valor_unitario": 165635,
            "descuento": 0.11,
            "IVA": 5
        },
        {
            "codigo": "3WQWFyUu95",
            "total": 4,
            "valor_unitario": 349744,
            "descuento": 0.22,
            "IVA": 19
        },
        {
            "codigo": "89U3Xx400r",
            "total": 9,
            "valor_unitario": 915314,
            "descuento": 0.37,
            "IVA": 19
        },
        {
            "codigo": "GO0bgDYnaj",
            "total": 13,
            "valor_unitario": 413088,
            "descuento": 0.41,
            "IVA": 19
        },
        {
            "codigo": "RpBju6KQuR",
            "total": 6,
            "valor_unitario": 589529,
            "descuento": 0.4,
            "IVA": 5
        },
        {
            "codigo": "ZlDTK087Zp",
            "total": 18,
            "valor_unitario": 746783,
            "descuento": 0.12,
            "IVA": 0
        },
        {
            "codigo": "j5DrYMZrUy",
            "total": 18,
            "valor_unitario": 899741,
            "descuento": 0.21,
            "IVA": 19
        },
        {
            "codigo": "FPazzrHaiU",
            "total": 8,
            "valor_unitario": 928467,
            "descuento": 0.38,
            "IVA": 19
        },
        {
            "codigo": "HSy0ilnP9l",
            "total": 12,
            "valor_unitario": 230570,
            "descuento": 0.02,
            "IVA": 0
        }
    ]
}