{
    "empresa_nit": "123456789",
    "empresa_ciudad": "CALI",
    "empresa_sede": "centro",
    "empresa_nombre": "MicroMercado El Mio",
    "fecha_hora": "2024-06-24 05:59:03",
    "factura_num": "01123",
    "ciente_numero": 327923110,
    "pago_tipo": "EFECTIVO",
    "productos": [
        {
            "codigo": "yS0GzlTaA7",
            "total": 1,
            "valor_unitario": 533580,
            "descuento": 0.25,
            "IVA": 5
        },
        {
            "codigo": "de3Yicaeiw",
            "total": 16,
            "valor_unitario": 880952,
            "descuento": 0.38,
            "IVA": 19
        },
        {
            "codigo": "SdZHYJmqwj",
            "total": 14,
            "valor_unitario": 561722,
            "descuento": 0.28,
            "IVA": 5
        },
        {
            "codigo": "oiPZ0vsvFJ",
            "total": 19,
            "valor_unitario": 201304,
            "descuento": 0.48,
            "IVA": 0
        },
        {
            "codigo": "ditnpjNrFS",
            "total": 11,
            "valor_unitario": 720196,
            "descuento": 0.14,
            "IVA": 0
        },
        {
            "codigo": "swrihma3S7",
            "total": 14,
            "valor_unitario": 313102,
            "descuento": 0.46,
            "IVA": 5
        },
        {
            "codigo": "dvqXeagEGF",
            "total": 19,
            "valor_unitario": 293610,
            "descuento": 0.36,
            "IVA": 5
        },
        {
            "codigo": "SPEDzmXSlC",
            "total": 3,
            "valor_unitario": 588259,
            "descuento": 0.2,
            "IVA": 19
        },
        {
            "codigo": "hkMi38dRIS",
            "total": 4,
            "valor_unitario": 163628,
            "descuento": 0.19,
            "IVA": 19
        },
        {
            "codigo": "xUyUY43YKg",
            "total": 16,
            "valor_unitario": 320369,
            "descuento": 0.15,
            "IVA": 19
        },
        {
            "codigo": "oNnwz1W8NI",
            "total": 19,
            "valor_unitario": 494891,
            "descuento": 0.49,
            "IVA": 0
        },
        {
            "codigo": "Lw07XwNrni",
            "total": 13,
            "valor_unitario": 167388,
            "descuento": 0.12,
            "IVA": 5
        },
        {
            "codigo": "MXGwsQGVFX",
            "total": 5,
            "valor_unitario": 708395,
            "descuento": 0.22,
            "IVA": 5
        },
        {
            "codigo": "D8kTMRI4Rj",
            "total": 5,
            "valor_unitario": 525658,
            "descuento": 0.25,
            "IVA": 0
        },
        {
            "codigo": "cbUPLE4FPp",
            "total": 8,
            "valor_unitario": 11134,
            "descuento": 0.18,
            "IVA": 19
        },
        {
            "codigo": "4w6Y8nVZ2R",
            "total": 9,
            "valor_unitario": 722234,
            "descuento": 0.25,
            "IVA": 19
        },
        {
            "codigo": "YASZzNvrCw",
            "total": 9,
            "valor_unitario": 554302,
            "descuento": 0.02,
            "IVA": 19
        },
        {
            "codigo": "wtK5asKMjE",
            "total": 2,
            "valor_unitario": 182089,
            "descuento": 0.13,
            "IVA": 0
        },
        {
            "codigo": "ydrfMvxTB7",
            "total": 8,
            "valor_unitario": 994687,
            "descuento": 0.06,
            "IVA": 5
        }
    ]
}