{
    "empresa_nit": "123456789",
    "empresa_ciudad": "MEDELLIN",
    "empresa_sede": "plaza",
    "empresa_nombre": "MicroMercado El Mio",
    "fecha_hora": "2022-06-12 13:11:22",
    "factura_num": "01388",
    "ciente_numero": 806731058,
    "pago_tipo": "TAR.DEBITO",
    "productos": [
        {
            "codigo": "Bex17N7to5",
            "total": 3,
            "valor_unitario": 252186,
            "descuento": 0.31,
            "IVA": 0
        },
        {
            "codigo": "IijLomNaNF",
            "total": 20,
            "valor_unitario": 690645,
            "descuento": 0.09,
            "IVA": 5
        },
        {
            "codigo": "moUdzQJFPs",
            "total": 6,
            "valor_unitario": 955344,
            "descuento": 0.06,
            "IVA": 5
        },
        {
            "codigo": "OLiPmgvZbH",
            "total": 5,
            "valor_unitario": 25747,
            "descuento": 0.32,
            "IVA": 5
        },
        {
            "codigo": "jMqZ5EIc9k",
            "total": 18,
            "valor_unitario": 756308,
            "descuento": 0.33,
            "IVA": 5
        },
        {
            "codigo": "rerVQomuG2",
            "total": 20,
            "valor_unitario": 621365,
            "descuento": 0.35,
            "IVA": 0
        },
        {
            "codigo": "SIIh884AJx",
            "total": 6,
            "valor_unitario": 582584,
            "descuento": 0.38,
            "IVA": 0
        },
        {
            "codigo": "4ifQr0CRX9",
            "total": 14,
            "valor_unitario": 618782,
            "descuento": 0.46,
            "IVA": 19
        },
        {
            "codigo": "EXx0iMYT99",
            "total": 19,
            "valor_unitario": 136601,
            "descuento": 0.02,
            "IVA": 19
        },
        {
            "codigo": "x11RkwakuF",
            "total": 11,
            "valor_unitario": 214543,
            "descuento": 0.14,
            "IVA": 5
        }
    ]
}