{
    "empresa_nit": "123456789",
    "empresa_ciudad": "CALI",
    "empresa_sede": "terminal",
    "empresa_nombre": "MicroMercado El Mio",
    "fecha_hora": "2023-09-26 06:14:50",
    "factura_num": "01160",
    "ciente_numero": 491186808,
    "pago_tipo": "TAR.DEBITO",
    "productos": [
        {
            "codigo": "QFOEca0KgW",
            "total": 18,
            "valor_unitario": 727560,
            "descuento": 0.21,
            "IVA": 19
        },
        {
            "codigo": "qnXD3ovfeD",
            "total": 8,
            "valor_unitario": 430402,
            "descuento": 0.24,
            "IVA": 19
        },
        {
            "codigo": "jrxNM0Me9g",
            "total": 14,
            "valor_unitario": 646678,
            "descuento": 0.08,
            "IVA": 19
        },
        {
            "codigo": "GlO9Y6GRob",
            "total": 12,
            "valor_unitario": 277995,
            "descuento": 0.27,
            "IVA": 5
        }
    ]
}