{
    "empresa_nit": "123456789",
    "empresa_ciudad": "MEDELLIN",
    "empresa_sede": "centro",
    "empresa_nombre": "MicroMercado El Mio",
    "fecha_hora": "2020-10-16 08:41:47",
    "factura_num": "01154",
    "ciente_numero": 929752553,
    "pago_tipo": "TAR.DEBITO",
    "productos": [
        {
            "codigo": "VHxMHW7vym",
            "total": 1,
            "valor_unitario": 400278,
            "descuento": 0.49,
            "IVA": 19
        },
        {
            "codigo": "Z6bpVGwDQz",
            "total": 6,
            "valor_unitario": 532120,
            "descuento": 0.29,
            "IVA": 0
        },
        {
            "codigo": "gx4oaZo2kf",
            "total": 3,
            "valor_unitario": 472230,
            "descuento": 0.2,
            "IVA": 0
        },
        {
            "codigo": "GBimUzSvPn",
            "total": 8,
            "valor_unitario": 697462,
            "descuento": 0.2,
            "IVA": 0
        },
        {
            "codigo": "wnHYRFkFvf",
            "total": 13,
            "valor_unitario": 12752,
            "descuento": 0.13,
            "IVA": 5
        },
        {
            "codigo": "GbPCiLanLJ",
            "total": 6,
            "valor_unitario": 246283,
            "descuento": 0.31,
            "IVA": 19
        },
        {
            "codigo": "0kj1a28ebn",
            "total": 18,
            "valor_unitario": 664114,
            "descuento": 0.5,
            "IVA": 19
        },
        {
            "codigo": "mExxwSNldj",
            "total": 15,
            "valor_unitario": 554057,
            "descuento": 0.09,
            "IVA": 0
        },
        {
            "codigo": "DA4NRfzt8o",
            "total": 3,
            "valor_unitario": 516451,
            "descuento": 0.3,
            "IVA": 0
        },
        {
            "codigo": "22oIAlBOQS",
            "total": 18,
            "valor_unitario": 698039,
            "descuento": 0.28,
            "IVA": 0
        },
        {
            "codigo": "lThPlLDB62",
            "total": 7,
            "valor_unitario": 703350,
            "descuento": 0.12,
            "IVA": 0
        },
        {
            "codigo": "Ue4sZDsjcT",
            "total": 8,
            "valor_unitario": 357659,
            "descuento": 0.38,
            "IVA": 5
        },
        {
            "codigo": "LtYN9sirq8",
            "total": 20,
            "valor_unitario": 692590,
            "descuento": 0.2,
            "IVA": 5
        }
    ]
}