{
    "empresa_nit": "123456789",
    "empresa_ciudad": "MEDELLIN",
    "empresa_sede": "autopista",
    "empresa_nombre": "MicroMercado El Mio",
    "fecha_hora": "2020-11-25 10:47:44",
    "factura_num": "01109",
    "ciente_numero": 275493847,
    "pago_tipo": "EFECTIVO",
    "productos": [
        {
            "codigo": "oIWzmfguDW",
            "total": 20,
            "valor_unitario": 710643,
            "descuento": 0.11,
            "IVA": 5
        },
        {
            "codigo": "PHyBAi5o0v",
            "total": 13,
            "valor_unitario": 212390,
            "descuento": 0.49,
            "IVA": 5
        },
        {
            "codigo": "jkQmWpjXXP",
            "total": 10,
            "valor_unitario": 998358,
            "descuento": 0.05,
            "IVA": 0
        },
        {
            "codigo": "BgGqIePH82",
            "total": 10,
            "valor_unitario": 151054,
            "descuento": 0.45,
            "IVA": 19
        },
        {
            "codigo": "EWcrsnsiCP",
            "total": 11,
            "valor_unitario": 157056,
            "descuento": 0.29,
            "IVA": 0
        },
        {
            "codigo": "CRh0Z2Z4Ye",
            "total": 4,
            "valor_unitario": 751162,
            "descuento": 0.16,
            "IVA": 0
        },
        {
            "codigo": "gI8FjCtwwb",
            "total": 7,
            "valor_unitario": 920283,
            "descuento": 0.19,
            "IVA": 5
        },
        {
            "codigo": "UYfbwo0W5r",
            "total": 9,
            "valor_unitario": 517265,
            "descuento": 0.48,
            "IVA": 19
        },
        {
            "codigo": "FIHRvkihIb",
            "total": 5,
            "valor_unitario": 442979,
            "descuento": 0.31,
            "IVA": 19
        },
        {
            "codigo": "NQYcjE5xR5",
            "total": 19,
            "valor_unitario": 893951,
            "descuento": 0.38,
            "IVA": 0
        },
        {
            "codigo": "y9M7rmKb3N",
            "total": 2,
            "valor_unitario": 139557,
            "descuento": 0.23,
            "IVA": 5
        },
        {
            "codigo": "xsZcXrL2Nd",
            "total": 18,
            "valor_unitario": 100037,
            "descuento": 0.17,
            "IVA": 0
        }
    ]
}