{
    "empresa_nit": "123456789",
    "empresa_ciudad": "CALI",
    "empresa_sede": "autopista",
    "empresa_nombre": "MicroMercado El Mio",
    "fecha_hora": "2020-12-22 05:52:32",
    "factura_num": "01164",
    "ciente_numero": 80059065,
    "pago_tipo": "EFECTIVO",
    "productos": [
        {
            "codigo": "UFWuIyzx2a",
            "total": 13,
            "valor_unitario": 635884,
            "descuento": 0.46,
            "IVA": 5
        },
        {
            "codigo": "UdPjBid4zo",
            "total": 7,
            "valor_unitario": 32120,
            "descuento": 0.03,
            "IVA": 5
        },
        {
            "codigo": "TZxdBzB6HC",
            "total": 9,
            "valor_unitario": 836939,
            "descuento": 0.19,
            "IVA": 5
        },
        {
            "codigo": "Sk4snIUUoT",
            "total": 10,
            "valor_unitario": 387380,
            "descuento": 0.29,
            "IVA": 0
        },
        {
            "codigo": "WHpSLO8ExE",
            "total": 10,
            "valor_unitario": 372257,
            "descuento": 0.45,
            "IVA": 0
        },
        {
            "codigo": "iH2VC7JVFp",
            "total": 17,
            "valor_unitario": 442026,
            "descuento": 0.01,
            "IVA": 0
        },
        {
            "codigo": "vlGs6SMMYE",
            "total": 8,
            "valor_unitario": 890641,
            "descuento": 0.31,
            "IVA": 5
        },
        {
            "codigo": "pif5KuNxdy",
            "total": 19,
            "valor_unitario": 216601,
            "descuento": 0.04,
            "IVA": 19
        },
        {
            "codigo": "ti0C7Cc3k3",
            "total": 1,
            "valor_unitario": 392072,
            "descuento": 0.2,
            "IVA": 0
        },
        {
            "codigo": "4ps8cE3q0b",
            "total": 4,
            "valor_unitario": 353507,
            "descuento": 0.05,
            "IVA": 5
        },
        {
            "codigo": "CvI7pbOWhL",
            "total": 9,
            "valor_unitario": 891080,
            "descuento": 0.21,
            "IVA": 0
        },
        {
            "codigo": "H2QoGMkcrC",
            "total": 15,
            "valor_unitario": 551665,
            "descuento": 0.15,
            "IVA": 0
        },
        {
            "codigo": "1gJO3hlw6Y",
            "total": 11,
            "valor_unitario": 176913,
            "descuento": 0.12,
            "IVA": 5
        }
    ]
}