{
    "empresa_nit": "123456789",
    "empresa_ciudad": "BARRANQUILLA",
    "empresa_sede": "plaza",
    "empresa_nombre": "MicroMercado El Mio",
    "fecha_hora": "2023-12-16 09:38:56",
    "factura_num": "01435",
    "ciente_numero": 421493968,
    "pago_tipo": "EFECTIVO",
    "productos": [
        {
            "codigo": "z6vdVMvm4M",
            "total": 7,
            "valor_unitario": 203023,
            "descuento": 0.46,
            "IVA": 5
        },
        {
            "codigo": "0wav1fgO1I",
            "total": 11,
            "valor_unitario": 188352,
            "descuento": 0.2,
            "IVA": 0
        },
        {
            "codigo": "emCcSOS4xh",
            "total": 6,
            "valor_unitario": 742651,
            "descuento": 0.15,
            "IVA": 0
        },
        {
            "codigo": "klt0FeRFEt",
            "total": 16,
            "valor_unitario": 970909,
            "descuento": 0.2,
            "IVA": 19
        },
        {
            "codigo": "bGFTyhD2OZ",
            "total": 10,
            "valor_unitario": 724413,
            "descuento": 0.12,
            "IVA": 5
        },
        {
            "codigo": "juOkeBeCCo",
            "total": 2,
            "valor_unitario": 114264,
            "descuento": 0.14,
            "IVA": 19
        },
        {
            "codigo": "6BUuuJO8ji",
            "total": 10,
            "valor_unitario": 609248,
            "descuento": 0.01,
            "IVA": 5
        },
        {
            "codigo": "F2L7nIZyQw",
            "total": 19,
            "valor_unitario": 962237,
            "descuento": 0.25,
            "IVA": 19
        },
        {
            "codigo": "mvlvlk5VGF",
            "total": 19,
            "valor_unitario": 538901,
            "descuento": 0.34,
            "IVA": 0
        },
        {
            "codigo": "ct4vxBr2lZ",
            "total": 8,
            "valor_unitario": 988918,
            "descuento": 0.29,
            "IVA": 0
        },
        {
            "codigo": "j8T6oXIrv3",
            "total": 7,
            "valor_unitario": 225694,
            "descuento": 0.23,
            "IVA": 5
        }
    ]
}