{
    "empresa_nit": "123456789",
    "empresa_ciudad": "TUNJA",
    "empresa_sede": "terminal",
    "empresa_nombre": "MicroMercado El Mio",
    "fecha_hora": "2022-05-05 11:29:41",
    "factura_num": "01040",
    "ciente_numero": 855273953,
    "pago_tipo": "TRANFERENCIA",
    "productos": [
        {
            "codigo": "86V8XaV6Lm",
            "total": 4,
            "valor_unitario": 17058,
            "descuento": 0.06,
            "IVA": 5
        },
        {
            "codigo": "eOvIUoOq5P",
            "total": 8,
            "valor_unitario": 472741,
            "descuento": 0.0,
            "IVA": 5
        },
        {
            "codigo": "DkC4q7gALA",
            "total": 1,
            "valor_unitario": 148871,
            "descuento": 0.2,
            "IVA": 0
        },
        {
            "codigo": "XreHfjfPcB",
            "total": 3,
            "valor_unitario": 796433,
            "descuento": 0.44,
            "IVA": 5
        },
        {
            "codigo": "gF2J2Vps8p",
            "total": 7,
            "valor_unitario": 231958,
            "descuento": 0.25,
            "IVA": 19
        },
        {
            "codigo": "4moqgXxp6e",
            "total": 1,
            "valor_unitario": 258663,
            "descuento": 0.2,
            "IVA": 19
        },
        {
            "codigo": "yV4iL0resl",
            "total": 1,
            "valor_unitario": 566087,
            "descuento": 0.08,
            "IVA": 19
        },
        {
            "codigo": "FLpwPlzjlM",
            "total": 5,
            "valor_unitario": 188849,
            "descuento": 0.4,
            "IVA": 0
        },
        {
            "codigo": "I0CLbMjseg",
            "total": 20,
            "valor_unitario": 873657,
            "descuento": 0.16,
            "IVA": 0
        },
        {
            "codigo": "IHZkwTKpxg",
            "total": 10,
            "valor_unitario": 592511,
            "descuento": 0.25,
            "IVA": 19
        },
        {
            "codigo": "Dl9WETUWne",
            "total": 6,
            "valor_unitario": 622507,
            "descuento": 0.08,
            "IVA": 5
        },
        {
            "codigo": "Epw7u3nEGz",
            "total": 13,
            "valor_unitario": 416275,
            "descuento": 0.13,
            "IVA": 19
        }
    ]
}