{
    "empresa_nit": "123456789",
    "empresa_ciudad": "BOGOTA",
    "empresa_sede": "aeropuerto",
    "empresa_nombre": "MicroMercado El Mio",
    "fecha_hora": "2023-05-05 23:10:13",
    "factura_num": "01278",
    "ciente_numero": 632722037,
    "pago_tipo": "TRANFERENCIA",
    "productos": [
        {
            "codigo": "tx0fI8hQuz",
            "total": 15,
            "valor_unitario": 603072,
            "descuento": 0.03,
            "IVA": 19
        },
        {
            "codigo": "q2LIo270n3",
            "total": 6,
            "valor_unitario": 711348,
            "descuento": 0.0,
            "IVA": 5
        },
        {
            "codigo": "qpGClyPU8y",
            "total": 10,
            "valor_unitario": 404107,
            "descuento": 0.47,
            "IVA": 5
        },
        {
            "codigo": "VQ6AENDAxZ",
            "total": 15,
            "valor_unitario": 195843,
            "descuento": 0.35,
            "IVA": 5
        },
        {
            "codigo": "YSY9V2RXw7",
            "total": 4,
            "valor_unitario": 143546,
            "descuento": 0.33,
            "IVA": 19
        },
        {
            "codigo": "NrnuYUTAPc",
            "total": 9,
            "valor_unitario": 97947,
            "descuento": 0.16,
            "IVA": 5
        },
        {
            "codigo": "lz5vGkTOiM",
            "total": 13,
            "valor_unitario": 799156,
            "descuento": 0.46,
            "IVA": 0
        },
        {
            "codigo": "Sc6cxvOzjA",
            "total": 1,
            "valor_unitario": 293687,
            "descuento": 0.21,
            "IVA": 0
        },
        {
            "codigo": "qfobLmWfza",
            "total": 13,
            "valor_unitario": 896743,
            "descuento": 0.41,
            "IVA": 5
        },
        {
            "codigo": "n2i6ha2ywq",
            "total": 1,
            "valor_unitario": 848310,
            "descuento": 0.02,
            "IVA": 5
        },
        {
            "codigo": "VNyJcPVDGw",
            "total": 15,
            "valor_unitario": 584364,
            "descuento": 0.14,
            "IVA": 5
        },
        {
            "codigo": "rq5jmouQeW",
            "total": 17,
            "valor_unitario": 329693,
            "descuento": 0.06,
            "IVA": 5
        }
    ]
}