{
    "empresa_nit": "123456789",
    "empresa_ciudad": "BARRANQUILLA",
    "empresa_sede": "centro",
    "empresa_nombre": "MicroMercado El Mio",
    "fecha_hora": "2024-08-31 18:11:17",
    "factura_num": "01201",
    "ciente_numero": 544349399,
    "pago_tipo": "TAR.DEBITO",
    "productos": [
        {
            "codigo": "fJBfrbClmu",
            "total": 3,
            "valor_unitario": 354468,
            "descuento": 0.47,
            "IVA": 5
        },
        {
            "codigo": "1YoRjHSQkk",
            "total": 12,
            "valor_unitario": 499560,
            "descuento": 0.49,
            "IVA": 5
        },
        {
            "codigo": "Ct0b4Oqzf3",
            "total": 8,
            "valor_unitario": 681425,
            "descuento": 0.29,
            "IVA": 19
        },
        {
            "codigo": "6fbP97jf18",
            "total": 10,
            "valor_unitario": 135760,
            "descuento": 0.16,
            "IVA": 19
        },
        {
            "codigo": "4CVLGyOpJI",
            "total": 16,
            "valor_unitario": 500908,
            "descuento": 0.33,
            "IVA": 5
        },
        {
            "codigo": "hegcBFzFfd",
            "total": 11,
            "valor_unitario": 694877,
            "descuento": 0.26,
            "IVA": 0
        },
        {
            "codigo": "7mm6EAyhPm",
            "total": 3,
            "valor_unitario": 188656,
            "descuento": 0.09,
            "IVA": 5
        }
    ]
}