{
    "empresa_nit": "123456789",
    "empresa_ciudad": "CALI",
    "empresa_sede": "alcaldia",
    "empresa_nombre": "MicroMercado El Mio",
    "fecha_hora": "2023-05-24 09:17:01",
    "factura_num": "01305",
    "ciente_numero": 298924321,
    "pago_tipo": "TRANFERENCIA",
    "productos": [
        {
            "codigo": "vw4aOFXF4t",
            "total": 17,
            "valor_unitario": 788648,
            "descuento": 0.02,
            "IVA": 5
        },
        {
            "codigo": "y4DcKJ4B9l",
            "total": 17,
            "valor_unitario": 338695,
            "descuento": 0.27,
            "IVA": 0
        },
        {
            "codigo": "U0IQrgC6tV",
            "total": 15,
            "valor_unitario": 614254,
            "descuento": 0.01,
            "IVA": 19
        },
        {
            "codigo": "CNrXAhZMkK",
            "total": 18,
            "valor_unitario": 332798,
            "descuento": 0.09,
            "IVA": 0
        },
        {
            "codigo": "zlyYTutEBZ",
            "total": 15,
            "valor_unitario": 85294,
            "descuento": 0.07,
            "IVA": 5
        },
        {
            "codigo": "pgD8qMjkPE",
            "total": 18,
            "valor_unitario": 101476,
            "descuento": 0.28,
            "IVA": 5
        },
        {
            "codigo": "djInJ2YZA0",
            "total": 12,
            "valor_unitario": 444365,
            "descuento": 0.13,
            "IVA": 19
        },
        {
            "codigo": "6AKv8c5DdK",
            "total": 18,
            "valor_unitario": 493747,
            "descuento": 0.23,
            "IVA": 19
        },
        {
            "codigo": "rWbBEQGkI3",
            "total": 1,
            "valor_unitario": 972403,
            "descuento": 0.44,
            "IVA": 5
        },
        {
            "codigo": "9itfSYQrmb",
            "total": 17,
            "valor_unitario": 802178,
            "descuento": 0.23,
            "IVA": 19
        },
        {
            "codigo": "HJiPsfmz1y",
            "total": 14,
            "valor_unitario": 644669,
            "descuento": 0.1,
            "IVA": 0
        },
        {
            "codigo": "tybDN6jQov",
            "total": 16,
            "valor_unitario": 37179,
            "descuento": 0.28,
            "IVA": 0
        },
        {
            "codigo": "kOyIrWymQA",
            "total": 20,
            "valor_unitario": 309887,
            "descuento": 0.06,
            "IVA": 5
        },
        {
            "codigo": "Ty8bzf9vci",
            "total": 15,
            "valor_unitario": 254680,
            "descuento": 0.37,
            "IVA": 5
        },
        {
            "codigo": "u6RZbixaNJ",
            "total": 10,
            "valor_unitario": 35000,
            "descuento": 0.38,
            "IVA": 5
        },
        {
            "codigo": "mQKLVH4tee",
            "total": 4,
            "valor_unitario": 407740,
            "descuento": 0.24,
            "IVA": 0
        },
        {
            "codigo": "sUvkNHicgE",
            "total": 7,
            "valor_unitario": 474889,
            "descuento": 0.03,
            "IVA": 5
        },
        {
            "codigo": "76rPVK99FW",
            "total": 14,
            "valor_unitario": 361483,
            "descuento": 0.14,
            "IVA": 5
        },
        {
            "codigo": "xBN3v20jjv",
            "total": 10,
            "valor_unitario": 756091,
            "descuento": 0.33,
            "IVA": 5
        }
    ]
}