{
    "empresa_nit": "123456789",
    "empresa_ciudad": "BARRANQUILLA",
    "empresa_sede": "autopista",
    "empresa_nombre": "MicroMercado El Mio",
    "fecha_hora": "2022-10-24 03:42:59",
    "factura_num": "01091",
    "ciente_numero": 756243696,
    "pago_tipo": "TRANFERENCIA",
    "productos": [
        {
            "codigo": "eKGMCOEHmZ",
            "total": 3,
            "valor_unitario": 979609,
            "descuento": 0.08,
            "IVA": 19
        },
        {
            "codigo": "lDR4v7rGdn",
            "total": 10,
            "valor_unitario": 269518,
            "descuento": 0.14,
            "IVA": 0
        }
    ]
}