{
    "empresa_nit": "123456789",
    "empresa_ciudad": "TUNJA",
    "empresa_sede": "centro",
    "empresa_nombre": "MicroMercado El Mio",
    "fecha_hora": "2023-07-31 22:21:13",
    "factura_num": "01215",
    "ciente_numero": 748037470,
    "pago_tipo": "TAR.DEBITO",
    "productos": [
        {
            "codigo": "4ipjoYvanf",
            "total": 15,
            "valor_unitario": 474325,
            "descuento": 0.23,
            "IVA": 0
        },
        {
            "codigo": "lMqJo2ZTWL",
            "total": 3,
            "valor_unitario": 91255,
            "descuento": 0.32,
            "IVA": 5
        },
        {
            "codigo": "EK2jUbbyD1",
            "total": 6,
            "valor_unitario": 978000,
            "descuento": 0.19,
            "IVA": 19
        },
        {
            "codigo": "hlb0t4slwv",
            "total": 19,
            "valor_unitario": 664888,
            "descuento": 0.4,
            "IVA": 19
        },
        {
            "codigo": "q14swx424Q",
            "total": 7,
            "valor_unitario": 544191,
            "descuento": 0.2,
            "IVA": 5
        },
        {
            "codigo": "Gb0Yztmoqi",
            "total": 3,
            "valor_unitario": 271405,
            "descuento": 0.23,
            "IVA": 19
        },
        {
            "codigo": "cQaX07jrxh",
            "total": 3,
            "valor_unitario": 704725,
            "descuento": 0.01,
            "IVA": 5
        }
    ]
}