{
    "empresa_nit": "123456789",
    "empresa_ciudad": "BOGOTA",
    "empresa_sede": "terminal",
    "empresa_nombre": "MicroMercado El Mio",
    "fecha_hora": "2023-04-27 16:31:06",
    "factura_num": "00128",
    "ciente_numero": 141398474,
    "pago_tipo": "TAR.DEBITO",
    "productos": [
        {
            "codigo": "Ykh1K7J5dX",
            "total": 18,
            "valor_unitario": 48145,
            "descuento": 0.5,
            "IVA": 19
        },
        {
            "codigo": "P4dor6Y8Va",
            "total": 20,
            "valor_unitario": 230955,
            "descuento": 0.5,
            "IVA": 0
        },
        {
            "codigo": "5kwxyWZMkK",
            "total": 9,
            "valor_unitario": 684121,
            "descuento": 0.25,
            "IVA": 19
        },
        {
            "codigo": "RkkamF17gM",
            "total": 11,
            "valor_unitario": 932573,
            "descuento": 0.03,
            "IVA": 19
        },
        {
            "codigo": "2e5IAye4xP",
            "total": 2,
            "valor_unitario": 166866,
            "descuento": 0.21,
            "IVA": 0
        },
        {
            "codigo": "F7jyStbD51",
            "total": 15,
            "valor_unitario": 699568,
            "descuento": 0.23,
            "IVA": 19
        },
        {
            "codigo": "o5baqHQ1kN",
            "total": 14,
            "valor_unitario": 13297,
            "descuento": 0.0,
            "IVA": 19
        },
        {
            "codigo": "i4SpJm1B9N",
            "total": 15,
            "valor_unitario": 471601,
            "descuento": 0.08,
            "IVA": 19
        },
        {
            "codigo": "aCEzhIVH53",
            "total": 11,
            "valor_unitario": 634369,
            "descuento": 0.43,
            "IVA": 19
        },
        {
            "codigo": "7zJsGHZt6Q",
            "total": 12,
            "valor_unitario": 475676,
            "descuento": 0.32,
            "IVA": 0
        },
        {
            "codigo": "ASE9wvl2UH",
            "total": 3,
            "valor_unitario": 157565,
            "descuento": 0.29,
            "IVA": 5
        },
        {
            "codigo": "xw4Hev5z9Y",
            "total": 1,
            "valor_unitario": 943168,
            "descuento": 0.5,
            "IVA": 5
        },
        {
            "codigo": "wCcGcEjTUH",
            "total": 4,
            "valor_unitario": 819176,
            "descuento": 0.17,
            "IVA": 19
        },
        {
            "codigo": "r9vklCPdDA",
            "total": 12,
            "valor_unitario": 832546,
            "descuento": 0.2,
            "IVA": 0
        },
        {
            "codigo": "UkcPeQPI9H",
            "total": 16,
            "valor_unitario": 994826,
            "descuento": 0.43,
            "IVA": 5
        },
        {
            "codigo": "c3IrP6mwvZ",
            "total": 5,
            "valor_unitario": 150787,
            "descuento": 0.37,
            "IVA": 0
        }
    ]
}