{
    "empresa_nit": "123456789",
    "empresa_ciudad": "CALI",
    "empresa_sede": "centro",
    "empresa_nombre": "MicroMercado El Mio",
    "fecha_hora": "2022-01-12 21:51:06",
    "factura_num": "01063",
    "ciente_numero": 676653886,
    "pago_tipo": "TAR.DEBITO",
    "productos": [
        {
            "codigo": "okgkEHdMgg",
            "total": 17,
            "valor_unitario": 827978,
            "descuento": 0.2,
            "IVA": 0
        },
        {
            "codigo": "hQIOT8gUTK",
            "total": 3,
            "valor_unitario": 79136,
            "descuento": 0.09,
            "IVA": 0
        },
        {
            "codigo": "FaCtKN6bz9",
            "total": 13,
            "valor_unitario": 526910,
            "descuento": 0.41,
            "IVA": 5
        },
        {
            "codigo": "kyouI0G7wh",
            "total": 8,
            "valor_unitario": 720073,
            "descuento": 0.24,
            "IVA": 19
        },
        {
            "codigo": "OyA0QUcsVi",
            "total": 7,
            "valor_unitario": 901825,
            "descuento": 0.33,
            "IVA": 19
        },
        {
            "codigo": "0xNnzCzdyW",
            "total": 3,
            "valor_unitario": 985098,
            "descuento": 0.45,
            "IVA": 0
        },
        {
            "codigo": "Nhd3W2nZyG",
            "total": 12,
            "valor_unitario": 21063,
            "descuento": 0.38,
            "IVA": 0
        },
        {
            "codigo": "e6757lDPoY",
            "total": 13,
            "valor_unitario": 642069,
            "descuento": 0.27,
            "IVA": 19
        },
        {
            "codigo": "5Z6RLbSlJ8",
            "total": 8,
            "valor_unitario": 219452,
            "descuento": 0.06,
            "IVA": 5
        },
        {
            "codigo": "viQYHSoq66",
            "total": 9,
            "valor_unitario": 216547,
            "descuento": 0.29,
            "IVA": 0
        },
        {
            "codigo": "FjOt911mLt",
            "total": 3,
            "valor_unitario": 748400,
            "descuento": 0.13,
            "IVA": 19
        }
    ]
}