{
    "empresa_nit": "123456789",
    "empresa_ciudad": "TUNJA",
    "empresa_sede": "autopista",
    "empresa_nombre": "MicroMercado El Mio",
    "fecha_hora": "2021-03-03 05:42:06",
    "factura_num": "01166",
    "ciente_numero": 436087097,
    "pago_tipo": "TAR.CREDITO",
    "productos": [
        {
            "codigo": "VOBb1lsgQJ",
            "total": 17,
            "valor_unitario": 779376,
            "descuento": 0.35,
            "IVA": 19
        },
        {
            "codigo": "ufbNRvAoZz",
            "total": 7,
            "valor_unitario": 610069,
            "descuento": 0.3,
            "IVA": 0
        },
        {
            "codigo": "Ch8IWjvPU6",
            "total": 5,
            "valor_unitario": 967617,
            "descuento": 0.0,
            "IVA": 0
        },
        {
            "codigo": "ATuYjxftkA",
            "total": 4,
            "valor_unitario": 547518,
            "descuento": 0.03,
            "IVA": 19
        },
        {
            "codigo": "VkcWhxypoq",
            "total": 14,
            "valor_unitario": 575003,
            "descuento": 0.17,
            "IVA": 0
        },
        {
            "codigo": "xMA6pBmP2c",
            "total": 13,
            "valor_unitario": 815331,
            "descuento": 0.4,
            "IVA": 0
        },
        {
            "codigo": "tbZnMC0FbX",
            "total": 16,
            "valor_unitario": 287471,
            "descuento": 0.07,
            "IVA": 5
        },
        {
            "codigo": "bSJYOsQlMc",
            "total": 18,
            "valor_unitario": 173182,
            "descuento": 0.09,
            "IVA": 0
        },
        {
            "codigo": "eZbDOF4PiG",
            "total": 20,
            "valor_unitario": 940470,
            "descuento": 0.27,
            "IVA": 0
        }
    ]
}