{
    "empresa_nit": "123456789",
    "empresa_ciudad": "MEDELLIN",
    "empresa_sede": "terminal",
    "empresa_nombre": "MicroMercado El Mio",
    "fecha_hora": "2023-01-14 14:46:52",
    "factura_num": "01335",
    "ciente_numero": 544839276,
    "pago_tipo": "EFECTIVO",
    "productos": [
        {
            "codigo": "p30IeGOCmn",
            "total": 12,
            "valor_unitario": 864575,
            "descuento": 0.39,
            "IVA": 19
        },
        {
            "codigo": "FXHtSn9yND",
            "total": 9,
            "valor_unitario": 837092,
            "descuento": 0.5,
            "IVA": 0
        },
        {
            "codigo": "vXdGB8xJjn",
            "total": 8,
            "valor_unitario": 61736,
            "descuento": 0.5,
            "IVA": 19
        },
        {
            "codigo": "1nzYYs734m",
            "total": 4,
            "valor_unitario": 444904,
            "descuento": 0.42,
            "IVA": 0
        },
        {
            "codigo": "pgMIjJmL63",
            "total": 18,
            "valor_unitario": 257075,
            "descuento": 0.15,
            "IVA": 19
        },
        {
            "codigo": "qCEpgTiTlC",
            "total": 4,
            "valor_unitario": 706791,
            "descuento": 0.37,
            "IVA": 19
        },
        {
            "codigo": "yyB5PThiRP",
            "total": 18,
            "valor_unitario": 430946,
            "descuento": 0.22,
            "IVA": 19
        },
        {
            "codigo": "EL5Eo6G5FR",
            "total": 14,
            "valor_unitario": 8232,
            "descuento": 0.23,
            "IVA": 19
        },
        {
            "codigo": "ul2Q4yu50u",
            "total": 10,
            "valor_unitario": 112670,
            "descuento": 0.28,
            "IVA": 19
        },
        {
            "codigo": "kqYzXy1sRc",
            "total": 6,
            "valor_unitario": 728331,
            "descuento": 0.43,
            "IVA": 0
        }
    ]
}