{
    "empresa_nit": "123456789",
    "empresa_ciudad": "BARRANQUILLA",
    "empresa_sede": "autopista",
    "empresa_nombre": "MicroMercado El Mio",
    "fecha_hora": "2020-08-29 22:33:09",
    "factura_num": "01420",
    "ciente_numero": 923772844,
    "pago_tipo": "TRANFERENCIA",
    "productos": [
        {
            "codigo": "RY6mNHt7R8",
            "total": 2,
            "valor_unitario": 48553,
            "descuento": 0.32,
            "IVA": 19
        },
        {
            "codigo": "fB5Anr4SXq",
            "total": 12,
            "valor_unitario": 617394,
            "descuento": 0.26,
            "IVA": 5
        }
    ]
}