{
    "empresa_nit": "123456789",
    "empresa_ciudad": "CALI",
    "empresa_sede": "plaza",
    "empresa_nombre": "MicroMercado El Mio",
    "fecha_hora": "2023-12-31 08:09:32",
    "factura_num": "01265",
    "ciente_numero": 669498742,
    "pago_tipo": "EFECTIVO",
    "productos": [
        {
            "codigo": "FhyBGsOc2c",
            "total": 12,
            "valor_unitario": 812933,
            "descuento": 0.36,
            "IVA": 0
        },
        {
            "codigo": "auefP26ZKK",
            "total": 20,
            "valor_unitario": 625959,
            "descuento": 0.22,
            "IVA": 5
        },
        {
            "codigo": "bZ4zt0W017",
            "total": 5,
            "valor_unitario": 535503,
            "descuento": 0.26,
            "IVA": 0
        },
        {
            "codigo": "bTPULfafT6",
            "total": 3,
            "valor_unitario": 152887,
            "descuento": 0.46,
            "IVA": 0
        },
        {
            "codigo": "XDVfDvD7nO",
            "total": 19,
            "valor_unitario": 204407,
            "descuento": 0.25,
            "IVA": 0
        },
        {
            "codigo": "HzHexkjX6l",
            "total": 9,
            "valor_unitario": 76339,
            "descuento": 0.21,
            "IVA": 0
        },
        {
            "codigo": "yfAhXwGKLD",
            "total": 4,
            "valor_unitario": 58729,
            "descuento": 0.02,
            "IVA": 19
        },
        {
            "codigo": "SdXB6XE1t7",
            "total": 15,
            "valor_unitario": 193497,
            "descuento": 0.11,
            "IVA": 5
        },
        {
            "codigo": "7snKeBVjyj",
            "total": 14,
            "valor_unitario": 700692,
            "descuento": 0.39,
            "IVA": 19
        },
        {
            "codigo": "8IyhrAnhRy",
            "total": 20,
            "valor_unitario": 49954,
            "descuento": 0.08,
            "IVA": 19
        },
        {
            "codigo": "oqbm0oGw2G",
            "total": 15,
            "valor_unitario": 538303,
            "descuento": 0.05,
            "IVA": 19
        },
        {
            "codigo": "tZldXUKHCR",
            "total": 16,
            "valor_unitario": 64265,
            "descuento": 0.09,
            "IVA": 19
        },
        {
            "codigo": "a9Sti4Lf7Z",
            "total": 12,
            "valor_unitario": 598353,
            "descuento": 0.22,
            "IVA": 5
        },
        {
            "codigo": "sDb8Gr8uto",
            "total": 20,
            "valor_unitario": 488489,
            "descuento": 0.08,
            "IVA": 0
        },
        {
            "codigo": "MvSls9UGyF",
            "total": 9,
            "valor_unitario": 337451,
            "descuento": 0.31,
            "IVA": 0
        },
        {
            "codigo": "0X0g5imny4",
            "total": 4,
            "valor_unitario": 980117,
            "descuento": 0.2,
            "IVA": 0
        },
        {
            "codigo": "CBNbu87Fpl",
            "total": 13,
            "valor_unitario": 53876,
            "descuento": 0.49,
            "IVA": 5
        }
    ]
}