{
    "empresa_nit": "123456789",
    "empresa_ciudad": "MEDELLIN",
    "empresa_sede": "terminal",
    "empresa_nombre": "MicroMercado El Mio",
    "fecha_hora": "2023-04-05 17:08:09",
    "factura_num": "00117",
    "ciente_numero": 375324476,
    "pago_tipo": "EFECTIVO",
    "productos": [
        {
            "codigo": "d9WcF5j1fL",
            "total": 1,
            "valor_unitario": 658864,
            "descuento": 0.44,
            "IVA": 5
        },
        {
            "codigo": "LpkViAYrPP",
            "total": 19,
            "valor_unitario": 307928,
            "descuento": 0.15,
            "IVA": 19
        },
        {
            "codigo": "HGQgS1irWY",
            "total": 2,
            "valor_unitario": 630972,
            "descuento": 0.39,
            "IVA": 5
        },
        {
            "codigo": "sEj1iNactO",
            "total": 6,
            "valor_unitario": 462803,
            "descuento": 0.37,
            "IVA": 5
        },
        {
            "codigo": "d3BSdktGBJ",
            "total": 14,
            "valor_unitario": 12836,
            "descuento": 0.16,
            "IVA": 5
        },
        {
            "codigo": "x3PMmU4bds",
            "total": 1,
            "valor_unitario": 885311,
            "descuento": 0.46,
            "IVA": 5
        },
        {
            "codigo": "qlgYbC9yU5",
            "total": 1,
            "valor_unitario": 446023,
            "descuento": 0.22,
            "IVA": 0
        },
        {
            "codigo": "DOO0RqTOrB",
            "total": 8,
            "valor_unitario": 188615,
            "descuento": 0.19,
            "IVA": 19
        },
        {
            "codigo": "ziQPAldXg4",
            "total": 4,
            "valor_unitario": 354692,
            "descuento": 0.04,
            "IVA": 0
        },
        {
            "codigo": "kFI3ZMJCRT",
            "total": 18,
            "valor_unitario": 637736,
            "descuento": 0.25,
            "IVA": 0
        },
        {
            "codigo": "Jsco6L4bkF",
            "total": 20,
            "valor_unitario": 526993,
            "descuento": 0.13,
            "IVA": 5
        },
        {
            "codigo": "b8cdwESx56",
            "total": 5,
            "valor_unitario": 278332,
            "descuento": 0.16,
            "IVA": 5
        },
        {
            "codigo": "rFhWh3YmT1",
            "total": 6,
            "valor_unitario": 637567,
            "descuento": 0.07,
            "IVA": 0
        },
        {
            "codigo": "UMWdYdMYek",
            "total": 15,
            "valor_unitario": 150541,
            "descuento": 0.43,
            "IVA": 0
        },
        {
            "codigo": "EKm2EsELAw",
            "total": 13,
            "valor_unitario": 21425,
            "descuento": 0.01,
            "IVA": 0
        },
        {
            "codigo": "awbmOMwz5T",
            "total": 8,
            "valor_unitario": 288717,
            "descuento": 0.04,
            "IVA": 0
        },
        {
            "codigo": "HWpiRa6uX4",
            "total": 6,
            "valor_unitario": 576630,
            "descuento": 0.45,
            "IVA": 19
        }
    ]
}