{
    "empresa_nit": "123456789",
    "empresa_ciudad": "BOGOTA",
    "empresa_sede": "autopista",
    "empresa_nombre": "MicroMercado El Mio",
    "fecha_hora": "2024-05-06 11:10:23",
    "factura_num": "01252",
    "ciente_numero": 319083321,
    "pago_tipo": "TAR.DEBITO",
    "productos": [
        {
            "codigo": "twfLZM7h65",
            "total": 8,
            "valor_unitario": 936881,
            "descuento": 0.38,
            "IVA": 19
        },
        {
            "codigo": "jSB5jYd8s1",
            "total": 14,
            "valor_unitario": 622037,
            "descuento": 0.34,
            "IVA": 5
        },
        {
            "codigo": "9cW9hc16Cy",
            "total": 9,
            "valor_unitario": 157445,
            "descuento": 0.18,
            "IVA": 5
        },
        {
            "codigo": "wIszKyNyYN",
            "total": 6,
            "valor_unitario": 126616,
            "descuento": 0.08,
            "IVA": 19
        },
        {
            "codigo": "NRTjYyZZJP",
            "total": 7,
            "valor_unitario": 21951,
            "descuento": 0.23,
            "IVA": 19
        },
        {
            "codigo": "hg3Zu2rzQ8",
            "total": 13,
            "valor_unitario": 157026,
            "descuento": 0.43,
            "IVA": 0
        },
        {
            "codigo": "9335924oam",
            "total": 4,
            "valor_unitario": 271680,
            "descuento": 0.07,
            "IVA": 0
        },
        {
            "codigo": "doMXcmZ3Gb",
            "total": 6,
            "valor_unitario": 273905,
            "descuento": 0.25,
            "IVA": 0
        },
        {
            "codigo": "GMtJA0KsNn",
            "total": 12,
            "valor_unitario": 545066,
            "descuento": 0.35,
            "IVA": 0
        },
        {
            "codigo": "DMeZ7VO8z8",
            "total": 19,
            "valor_unitario": 154696,
            "descuento": 0.31,
            "IVA": 19
        },
        {
            "codigo": "ldH6K7usYK",
            "total": 1,
            "valor_unitario": 579740,
            "descuento": 0.07,
            "IVA": 5
        },
        {
            "codigo": "cXrkM40ks8",
            "total": 2,
            "valor_unitario": 900463,
            "descuento": 0.31,
            "IVA": 5
        },
        {
            "codigo": "P81UKiipxo",
            "total": 14,
            "valor_unitario": 744818,
            "descuento": 0.14,
            "IVA": 5
        }
    ]
}