{
    "empresa_nit": "123456789",
    "empresa_ciudad": "BARRANQUILLA",
    "empresa_sede": "autopista",
    "empresa_nombre": "MicroMercado El Mio",
    "fecha_hora": "2024-03-09 12:04:02",
    "factura_num": "01275",
    "ciente_numero": 752984598,
    "pago_tipo": "TAR.CREDITO",
    "productos": [
        {
            "codigo": "Jp37Tsk8zY",
            "total": 20,
            "valor_unitario": 746807,
            "descuento": 0.26,
            "IVA": 19
        },
        {
            "codigo": "FgjxDdwndB",
            "total": 16,
            "valor_unitario": 947999,
            "descuento": 0.44,
            "IVA": 0
        },
        {
            "codigo": "YVWYuDB5mE",
            "total": 2,
            "valor_unitario": 637274,
            "descuento": 0.22,
            "IVA": 19
        },
        {
            "codigo": "2thSPhFcnt",
            "total": 7,
            "valor_unitario": 837598,
            "descuento": 0.23,
            "IVA": 5
        },
        {
            "codigo": "6UuDvWDqmZ",
            "total": 20,
            "valor_unitario": 347650,
            "descuento": 0.34,
            "IVA": 19
        },
        {
            "codigo": "gpOubO1LY0",
            "total": 17,
            "valor_unitario": 880339,
            "descuento": 0.32,
            "IVA": 19
        },
        {
            "codigo": "vnS9tRZcDQ",
            "total": 13,
            "valor_unitario": 410136,
            "descuento": 0.27,
            "IVA": 0
        },
        {
            "codigo": "LaZmQzgpVT",
            "total": 13,
            "valor_unitario": 264683,
            "descuento": 0.43,
            "IVA": 19
        },
        {
            "codigo": "qp8L8O4LD9",
            "total": 4,
            "valor_unitario": 626730,
            "descuento": 0.47,
            "IVA": 19
        },
        {
            "codigo": "HUUAnenUnf",
            "total": 18,
            "valor_unitario": 383491,
            "descuento": 0.25,
            "IVA": 0
        },
        {
            "codigo": "Vgy2B949Ht",
            "total": 1,
            "valor_unitario": 509046,
            "descuento": 0.11,
            "IVA": 19
        },
        {
            "codigo": "Y6KdKta4xW",
            "total": 14,
            "valor_unitario": 835145,
            "descuento": 0.06,
            "IVA": 5
        },
        {
            "codigo": "bSiqP06CvE",
            "total": 8,
            "valor_unitario": 951422,
            "descuento": 0.48,
            "IVA": 0
        },
        {
            "codigo": "xFSwalQ0E4",
            "total": 17,
            "valor_unitario": 139768,
            "descuento": 0.39,
            "IVA": 19
        },
        {
            "codigo": "c8K5d61Q86",
            "total": 18,
            "valor_unitario": 740448,
            "descuento": 0.26,
            "IVA": 0
        },
        {
            "codigo": "2oNewznXbQ",
            "total": 13,
            "valor_unitario": 936481,
            "descuento": 0.28,
            "IVA": 5
        },
        {
            "codigo": "MRr20hWCw6",
            "total": 18,
            "valor_unitario": 832491,
            "descuento": 0.29,
            "IVA": 0
        },
        {
            "codigo": "NBTN104Vup",
            "total": 4,
            "valor_unitario": 428617,
            "descuento": 0.19,
            "IVA": 5
        },
        {
            "codigo": "jgpAzgCALY",
            "total": 8,
            "valor_unitario": 751710,
            "descuento": 0.47,
            "IVA": 19
        }
    ]
}