{
    "empresa_nit": "123456789",
    "empresa_ciudad": "BOGOTA",
    "empresa_sede": "autopista",
    "empresa_nombre": "MicroMercado El Mio",
    "fecha_hora": "2024-01-05 22:33:47",
    "factura_num": "01037",
    "ciente_numero": 693129524,
    "pago_tipo": "TAR.CREDITO",
    "productos": [
        {
            "codigo": "BBR95lE0uS",
            "total": 1,
            "valor_unitario": 416092,
            "descuento": 0.18,
            "IVA": 19
        },
        {
            "codigo": "HRuaTu14qD",
            "total": 16,
            "valor_unitario": 842390,
            "descuento": 0.29,
            "IVA": 19
        },
        {
            "codigo": "4zm8Pvtw3o",
            "total": 2,
            "valor_unitario": 583510,
            "descuento": 0.35,
            "IVA": 19
        },
        {
            "codigo": "Rn5AGgpvZW",
            "total": 15,
            "valor_unitario": 912782,
            "descuento": 0.14,
            "IVA": 5
        },
        {
            "codigo": "Ey7O41h586",
            "total": 17,
            "valor_unitario": 857003,
            "descuento": 0.16,
            "IVA": 0
        },
        {
            "codigo": "s0T63edang",
            "total": 7,
            "valor_unitario": 586390,
            "descuento": 0.35,
            "IVA": 19
        },
        {
            "codigo": "iENoozZ8U6",
            "total": 13,
            "valor_unitario": 418808,
            "descuento": 0.3,
            "IVA": 0
        },
        {
            "codigo": "Ej4Sl80r4x",
            "total": 6,
            "valor_unitario": 260592,
            "descuento": 0.32,
            "IVA": 19
        },
        {
            "codigo": "cYXKLaanFD",
            "total": 20,
            "valor_unitario": 113826,
            "descuento": 0.12,
            "IVA": 0
        },
        {
            "codigo": "MWnoRclT2c",
            "total": 2,
            "valor_unitario": 629283,
            "descuento": 0.06,
            "IVA": 0
        },
        {
            "codigo": "SrMolXhQUr",
            "total": 18,
            "valor_unitario": 988761,
            "descuento": 0.28,
            "IVA": 5
        },
        {
            "codigo": "hT49ST3Fcd",
            "total": 19,
            "valor_unitario": 220137,
            "descuento": 0.15,
            "IVA": 5
        },
        {
            "codigo": "2cugglcMuT",
            "total": 12,
            "valor_unitario": 840845,
            "descuento": 0.28,
            "IVA": 0
        },
        {
            "codigo": "aOxRTA1LKb",
            "total": 19,
            "valor_unitario": 114053,
            "descuento": 0.41,
            "IVA": 5
        },
        {
            "codigo": "x9C2Ust7Qb",
            "total": 20,
            "valor_unitario": 16270,
            "descuento": 0.18,
            "IVA": 5
        }
    ]
}