{
    "empresa_nit": "123456789",
    "empresa_ciudad": "CALI",
    "empresa_sede": "plaza",
    "empresa_nombre": "MicroMercado El Mio",
    "fecha_hora": "2022-02-14 21:18:23",
    "factura_num": "01208",
    "ciente_numero": 521261534,
    "pago_tipo": "EFECTIVO",
    "productos": [
        {
            "codigo": "byAuu6nLON",
            "total": 13,
            "valor_unitario": 25145,
            "descuento": 0.1,
            "IVA": 19
        },
        {
            "codigo": "kavV8IqzFT",
            "total": 18,
            "valor_unitario": 746648,
            "descuento": 0.04,
            "IVA": 0
        },
        {
            "codigo": "b3KKm85aOL",
            "total": 20,
            "valor_unitario": 795512,
            "descuento": 0.11,
            "IVA": 19
        },
        {
            "codigo": "cvXPFBhPfw",
            "total": 4,
            "valor_unitario": 703305,
            "descuento": 0.05,
            "IVA": 5
        },
        {
            "codigo": "6NbvFUQe64",
            "total": 12,
            "valor_unitario": 980634,
            "descuento": 0.48,
            "IVA": 0
        },
        {
            "codigo": "VEVTD3GWQJ",
            "total": 14,
            "valor_unitario": 877774,
            "descuento": 0.47,
            "IVA": 5
        },
        {
            "codigo": "cDKPOhv11s",
            "total": 12,
            "valor_unitario": 50906,
            "descuento": 0.06,
            "IVA": 0
        },
        {
            "codigo": "wvgJyoLOML",
            "total": 5,
            "valor_unitario": 158525,
            "descuento": 0.3,
            "IVA": 19
        },
        {
            "codigo": "i2P0JgmZz6",
            "total": 17,
            "valor_unitario": 673988,
            "descuento": 0.07,
            "IVA": 5
        },
        {
            "codigo": "MkHE0hN7I5",
            "total": 13,
            "valor_unitario": 97505,
            "descuento": 0.29,
            "IVA": 0
        },
        {
            "codigo": "l8UoEZ8zz3",
            "total": 10,
            "valor_unitario": 69739,
            "descuento": 0.14,
            "IVA": 19
        },
        {
            "codigo": "Z96Uu0uob1",
            "total": 14,
            "valor_unitario": 300680,
            "descuento": 0.08,
            "IVA": 5
        },
        {
            "codigo": "eF24oELn4A",
            "total": 11,
            "valor_unitario": 577303,
            "descuento": 0.36,
            "IVA": 5
        },
        {
            "codigo": "RY5gjS79P2",
            "total": 11,
            "valor_unitario": 895411,
            "descuento": 0.33,
            "IVA": 5
        },
        {
            "codigo": "5e5SPmMqH7",
            "total": 11,
            "valor_unitario": 199259,
            "descuento": 0.38,
            "IVA": 19
        },
        {
            "codigo": "CH4K3OkV8k",
            "total": 2,
            "valor_unitario": 272083,
            "descuento": 0.08,
            "IVA": 5
        },
        {
            "codigo": "iksW2zbx5B",
            "total": 9,
            "valor_unitario": 647353,
            "descuento": 0.14,
            "IVA": 5
        }
    ]
}