{
    "empresa_nit": "123456789",
    "empresa_ciudad": "BOGOTA",
    "empresa_sede": "alcaldia",
    "empresa_nombre": "MicroMercado El Mio",
    "fecha_hora": "2023-11-27 04:21:41",
    "factura_num": "01354",
    "ciente_numero": 491208937,
    "pago_tipo": "EFECTIVO",
    "productos": [
        {
            "codigo": "mIZrkHfHkC",
            "total": 1,
            "valor_unitario": 326737,
            "descuento": 0.05,
            "IVA": 0
        },
        {
            "codigo": "kDAWDOQMOg",
            "total": 18,
            "valor_unitario": 527961,
            "descuento": 0.24,
            "IVA": 19
        },
        {
            "codigo": "s0MIRyynE9",
            "total": 12,
            "valor_unitario": 385605,
            "descuento": 0.19,
            "IVA": 5
        },
        {
            "codigo": "tETGBBuiJq",
            "total": 12,
            "valor_unitario": 927033,
            "descuento": 0.06,
            "IVA": 0
        },
        {
            "codigo": "q8oI431Ncj",
            "total": 10,
            "valor_unitario": 141837,
            "descuento": 0.04,
            "IVA": 5
        },
        {
            "codigo": "iT2HjPmb0V",
            "total": 4,
            "valor_unitario": 825316,
            "descuento": 0.22,
            "IVA": 0
        },
        {
            "codigo": "xbUwfj9k6P",
            "total": 20,
            "valor_unitario": 484519,
            "descuento": 0.4,
            "IVA": 5
        },
        {
            "codigo": "uKkYnMrgPu",
            "total": 10,
            "valor_unitario": 819668,
            "descuento": 0.49,
            "IVA": 5
        },
        {
            "codigo": "LFBqlhV5D9",
            "total": 3,
            "valor_unitario": 114640,
            "descuento": 0.38,
            "IVA": 0
        },
        {
            "codigo": "FslsNu04v0",
            "total": 19,
            "valor_unitario": 896583,
            "descuento": 0.33,
            "IVA": 5
        },
        {
            "codigo": "kWjDlC1sHX",
            "total": 17,
            "valor_unitario": 230985,
            "descuento": 0.2,
            "IVA": 5
        },
        {
            "codigo": "ENvCZh16qE",
            "total": 10,
            "valor_unitario": 286078,
            "descuento": 0.22,
            "IVA": 5
        },
        {
            "codigo": "WqafAbTJND",
            "total": 7,
            "valor_unitario": 641393,
            "descuento": 0.12,
            "IVA": 0
        },
        {
            "codigo": "Lyhh9XcjjP",
            "total": 19,
            "valor_unitario": 367422,
            "descuento": 0.23,
            "IVA": 5
        },
        {
            "codigo": "ucXQ8AsxbL",
            "total": 15,
            "valor_unitario": 790716,
            "descuento": 0.43,
            "IVA": 0
        },
        {
            "codigo": "JsnH8d4yQ7",
            "total": 5,
            "valor_unitario": 825023,
            "descuento": 0.18,
            "IVA": 0
        },
        {
            "codigo": "e55BQ3gR0J",
            "total": 1,
            "valor_unitario": 809924,
            "descuento": 0.32,
            "IVA": 0
        },
        {
            "codigo": "HSyh50wb0H",
            "total": 8,
            "valor_unitario": 496455,
            "descuento": 0.05,
            "IVA": 5
        },
        {
            "codigo": "Zs4HuxHj3u",
            "total": 13,
            "valor_unitario": 15237,
            "descuento": 0.08,
            "IVA": 5
        },
        {
            "codigo": "TmIiyB5BGx",
            "total": 4,
            "valor_unitario": 882574,
            "descuento": 0.22,
            "IVA": 5
        }
    ]
}