{
    "empresa_nit": "123456789",
    "empresa_ciudad": "MEDELLIN",
    "empresa_sede": "autopista",
    "empresa_nombre": "MicroMercado El Mio",
    "fecha_hora": "2023-02-25 15:24:56",
    "factura_num": "01414",
    "ciente_numero": 116529056,
    "pago_tipo": "TAR.CREDITO",
    "productos": [
        {
            "codigo": "D671viq3V1",
            "total": 6,
            "valor_unitario": 814673,
            "descuento": 0.01,
            "IVA": 0
        },
        {
            "codigo": "XgiX37poYj",
            "total": 14,
            "valor_unitario": 279805,
            "descuento": 0.13,
            "IVA": 5
        },
        {
            "codigo": "aAyg8G2BQp",
            "total": 11,
            "valor_unitario": 804194,
            "descuento": 0.43,
            "IVA": 0
        },
        {
            "codigo": "iPRHDlxKQC",
            "total": 9,
            "valor_unitario": 953107,
            "descuento": 0.05,
            "IVA": 19
        },
        {
            "codigo": "4Bqx8LiTXH",
            "total": 8,
            "valor_unitario": 716300,
            "descuento": 0.07,
            "IVA": 0
        },
        {
            "codigo": "twP4rFiYQN",
            "total": 18,
            "valor_unitario": 857421,
            "descuento": 0.01,
            "IVA": 19
        },
        {
            "codigo": "oHvbWjPv98",
            "total": 16,
            "valor_unitario": 814544,
            "descuento": 0.12,
            "IVA": 0
        },
        {
            "codigo": "ucR90Ooj9n",
            "total": 12,
            "valor_unitario": 481286,
            "descuento": 0.38,
            "IVA": 19
        },
        {
            "codigo": "CcdDVyo32d",
            "total": 11,
            "valor_unitario": 704320,
            "descuento": 0.49,
            "IVA": 0
        },
        {
            "codigo": "vdqvdP95y5",
            "total": 3,
            "valor_unitario": 406669,
            "descuento": 0.18,
            "IVA": 0
        },
        {
            "codigo": "yPRl7S0cg7",
            "total": 1,
            "valor_unitario": 664938,
            "descuento": 0.14,
            "IVA": 19
        },
        {
            "codigo": "k3Xhqs0wRw",
            "total": 7,
            "valor_unitario": 591051,
            "descuento": 0.33,
            "IVA": 0
        },
        {
            "codigo": "iTtEMqchu7",
            "total": 9,
            "valor_unitario": 818504,
            "descuento": 0.07,
            "IVA": 19
        },
        {
            "codigo": "nGxg8ASwH0",
            "total": 7,
            "valor_unitario": 658203,
            "descuento": 0.08,
            "IVA": 5
        },
        {
            "codigo": "NfUdvdBW6D",
            "total": 8,
            "valor_unitario": 81606,
            "descuento": 0.29,
            "IVA": 19
        }
    ]
}