{
    "empresa_nit": "123456789",
    "empresa_ciudad": "CALI",
    "empresa_sede": "terminal",
    "empresa_nombre": "MicroMercado El Mio",
    "fecha_hora": "2025-01-08 01:11:40",
    "factura_num": "01051",
    "ciente_numero": 483832728,
    "pago_tipo": "TAR.CREDITO",
    "productos": [
        {
            "codigo": "aFgQfH5amL",
            "total": 16,
            "valor_unitario": 149214,
            "descuento": 0.15,
            "IVA": 19
        },
        {
            "codigo": "bEXkhtUxrM",
            "total": 14,
            "valor_unitario": 604586,
            "descuento": 0.44,
            "IVA": 0
        },
        {
            "codigo": "c1ioGhqzw3",
            "total": 4,
            "valor_unitario": 106870,
            "descuento": 0.4,
            "IVA": 0
        },
        {
            "codigo": "BhjIqSsObo",
            "total": 8,
            "valor_unitario": 761775,
            "descuento": 0.24,
            "IVA": 19
        },
        {
            "codigo": "G7RebI2giT",
            "total": 16,
            "valor_unitario": 53819,
            "descuento": 0.06,
            "IVA": 0
        },
        {
            "codigo": "4Qm5ue90M3",
            "total": 4,
            "valor_unitario": 559281,
            "descuento": 0.35,
            "IVA": 19
        },
        {
            "codigo": "98lJBAmQo2",
            "total": 18,
            "valor_unitario": 217027,
            "descuento": 0.16,
            "IVA": 0
        },
        {
            "codigo": "SXWWwgcQFH",
            "total": 15,
            "valor_unitario": 34707,
            "descuento": 0.1,
            "IVA": 19
        },
        {
            "codigo": "P20FNcSRla",
            "total": 19,
            "valor_unitario": 874527,
            "descuento": 0.26,
            "IVA": 0
        },
        {
            "codigo": "re1h9aARVP",
            "total": 11,
            "valor_unitario": 800096,
            "descuento": 0.11,
            "IVA": 19
        },
        {
            "codigo": "rxsAHoNZDO",
            "total": 10,
            "valor_unitario": 898511,
            "descuento": 0.16,
            "IVA": 19
        },
        {
            "codigo": "qF8ql5NpB9",
            "total": 17,
            "valor_unitario": 707878,
            "descuento": 0.4,
            "IVA": 5
        },
        {
            "codigo": "NF6zwtq4ea",
            "total": 18,
            "valor_unitario": 974771,
            "descuento": 0.29,
            "IVA": 5
        },
        {
            "codigo": "meeL9LgifN",
            "total": 11,
            "valor_unitario": 524299,
            "descuento": 0.39,
            "IVA": 5
        },
        {
            "codigo": "mxfjW8jT7Q",
            "total": 11,
            "valor_unitario": 625710,
            "descuento": 0.31,
            "IVA": 5
        }
    ]
}