{
    "empresa_nit": "123456789",
    "empresa_ciudad": "BOGOTA",
    "empresa_sede": "alcaldia",
    "empresa_nombre": "MicroMercado El Mio",
    "fecha_hora": "2021-11-17 21:08:05",
    "factura_num": "01293",
    "ciente_numero": 856612053,
    "pago_tipo": "TRANFERENCIA",
    "productos": [
        {
            "codigo": "EdAz0Wkfj3",
            "total": 11,
            "valor_unitario": 876902,
            "descuento": 0.42,
            "IVA": 19
        },
        {
            "codigo": "sttrER8l0t",
            "total": 8,
            "valor_unitario": 624369,
            "descuento": 0.24,
            "IVA": 0
        },
        {
            "codigo": "Oo6ceg0R4r",
            "total": 3,
            "valor_unitario": 937859,
            "descuento": 0.0,
            "IVA": 19
        },
        {
            "codigo": "YKS3yYq1v7",
            "total": 14,
            "valor_unitario": 948810,
            "descuento": 0.21,
            "IVA": 0
        }
    ]
}