{
    "empresa_nit": "123456789",
    "empresa_ciudad": "BARRANQUILLA",
    "empresa_sede": "centro",
    "empresa_nombre": "MicroMercado El Mio",
    "fecha_hora": "2020-03-24 18:09:06",
    "factura_num": "01412",
    "ciente_numero": 654170835,
    "pago_tipo": "EFECTIVO",
    "productos": [
        {
            "codigo": "UMuJ0Xq4kh",
            "total": 2,
            "valor_unitario": 884633,
            "descuento": 0.09,
            "IVA": 0
        },
        {
            "codigo": "k5X0LEzZh1",
            "total": 14,
            "valor_unitario": 338854,
            "descuento": 0.25,
            "IVA": 5
        },
        {
            "codigo": "VtDfhISOii",
            "total": 3,
            "valor_unitario": 171112,
            "descuento": 0.07,
            "IVA": 19
        },
        {
            "codigo": "GviBJSOqXa",
            "total": 7,
            "valor_unitario": 281499,
            "descuento": 0.27,
            "IVA": 19
        },
        {
            "codigo": "GsMTmRBp3Y",
            "total": 14,
            "valor_unitario": 382164,
            "descuento": 0.37,
            "IVA": 0
        },
        {
            "codigo": "0FTe2bMDoo",
            "total": 16,
            "valor_unitario": 756171,
            "descuento": 0.44,
            "IVA": 19
        },
        {
            "codigo": "uhizwczyu3",
            "total": 3,
            "valor_unitario": 968614,
            "descuento": 0.42,
            "IVA": 0
        },
        {
            "codigo": "5k5UU0mc24",
            "total": 18,
            "valor_unitario": 63035,
            "descuento": 0.3,
            "IVA": 19
        },
        {
            "codigo": "iRCcPgFS8G",
            "total": 11,
            "valor_unitario": 106620,
            "descuento": 0.44,
            "IVA": 5
        },
        {
            "codigo": "Gbt1a9UbJF",
            "total": 9,
            "valor_unitario": 473044,
            "descuento": 0.43,
            "IVA": 0
        },
        {
            "codigo": "f98s4tz5cU",
            "total": 4,
            "valor_unitario": 716599,
            "descuento": 0.45,
            "IVA": 5
        },
        {
            "codigo": "mGRCEPIWCT",
            "total": 2,
            "valor_unitario": 296648,
            "descuento": 0.27,
            "IVA": 0
        },
        {
            "codigo": "4F7K6Z3Lkn",
            "total": 14,
            "valor_unitario": 978334,
            "descuento": 0.43,
            "IVA": 19
        },
        {
            "codigo": "C2onxXVYy4",
            "total": 5,
            "valor_unitario": 317306,
            "descuento": 0.43,
            "IVA": 0
        },
        {
            "codigo": "p9FHC10SLO",
            "total": 16,
            "valor_unitario": 208403,
            "descuento": 0.15,
            "IVA": 19
        },
        {
            "codigo": "rXKnxmMLwC",
            "total": 16,
            "valor_unitario": 321246,
            "descuento": 0.37,
            "IVA": 19
        },
        {
            "codigo": "4LBzGPhdlG",
            "total": 2,
            "valor_unitario": 948143,
            "descuento": 0.23,
            "IVA": 5
        }
    ]
}