{
    "empresa_nit": "123456789",
    "empresa_ciudad": "TUNJA",
    "empresa_sede": "terminal",
    "empresa_nombre": "MicroMercado El Mio",
    "fecha_hora": "2020-06-18 12:04:01",
    "factura_num": "01407",
    "ciente_numero": 32419626,
    "pago_tipo": "TRANFERENCIA",
    "productos": [
        {
            "codigo": "0CzUBIclzz",
            "total": 10,
            "valor_unitario": 627398,
            "descuento": 0.39,
            "IVA": 0
        },
        {
            "codigo": "TwLSChX26x",
            "total": 3,
            "valor_unitario": 910488,
            "descuento": 0.45,
            "IVA": 0
        },
        {
            "codigo": "mXTDYKZt5n",
            "total": 10,
            "valor_unitario": 667221,
            "descuento": 0.09,
            "IVA": 19
        },
        {
            "codigo": "NwJjeRN5va",
            "total": 6,
            "valor_unitario": 579518,
            "descuento": 0.49,
            "IVA": 5
        },
        {
            "codigo": "KYpLtCjZV1",
            "total": 14,
            "valor_unitario": 348715,
            "descuento": 0.4,
            "IVA": 19
        }
    ]
}