{
    "empresa_nit": "123456789",
    "empresa_ciudad": "BARRANQUILLA",
    "empresa_sede": "aeropuerto",
    "empresa_nombre": "MicroMercado El Mio",
    "fecha_hora": "2023-01-01 05:54:45",
    "factura_num": "01044",
    "ciente_numero": 403376386,
    "pago_tipo": "TRANFERENCIA",
    "productos": [
        {
            "codigo": "VJmt9sAV7S",
            "total": 7,
            "valor_unitario": 280082,
            "descuento": 0.48,
            "IVA": 19
        },
        {
            "codigo": "VmhK9UKe3w",
            "total": 8,
            "valor_unitario": 380181,
            "descuento": 0.3,
            "IVA": 19
        },
        {
            "codigo": "xNkGWThUTD",
            "total": 18,
            "valor_unitario": 427554,
            "descuento": 0.07,
            "IVA": 0
        },
        {
            "codigo": "WryOwSrilu",
            "total": 10,
            "valor_unitario": 70030,
            "descuento": 0.11,
            "IVA": 19
        },
        {
            "codigo": "XsNWWw6c4w",
            "total": 13,
            "valor_unitario": 264602,
            "descuento": 0.3,
            "IVA": 5
        },
        {
            "codigo": "IQ4ecoShrt",
            "total": 20,
            "valor_unitario": 13922,
            "descuento": 0.07,
            "IVA": 0
        },
        {
            "codigo": "kWpsBRSATO",
            "total": 15,
            "valor_unitario": 130067,
            "descuento": 0.3,
            "IVA": 19
        },
        {
            "codigo": "x05IBOAJ5k",
            "total": 17,
            "valor_unitario": 786859,
            "descuento": 0.38,
            "IVA": 0
        },
        {
            "codigo": "16e1oMhuG5",
            "total": 18,
            "valor_unitario": 975478,
            "descuento": 0.33,
            "IVA": 0
        },
        {
            "codigo": "2DZOPIpIL3",
            "total": 12,
            "valor_unitario": 428772,
            "descuento": 0.32,
            "IVA": 19
        },
        {
            "codigo": "L9azimxHli",
            "total": 12,
            "valor_unitario": 536331,
            "descuento": 0.01,
            "IVA": 0
        },
        {
            "codigo": "7BV9SbrN0S",
            "total": 13,
            "valor_unitario": 4667,
            "descuento": 0.26,
            "IVA": 5
        },
        {
            "codigo": "pC05G5S8uv",
            "total": 12,
            "valor_unitario": 929049,
            "descuento": 0.25,
            "IVA": 19
        },
        {
            "codigo": "ahzqoUsyfm",
            "total": 9,
            "valor_unitario": 114795,
            "descuento": 0.04,
            "IVA": 5
        },
        {
            "codigo": "mmPEOBcJQ2",
            "total": 14,
            "valor_unitario": 268744,
            "descuento": 0.06,
            "IVA": 19
        },
        {
            "codigo": "S6JEHefLfk",
            "total": 13,
            "valor_unitario": 136718,
            "descuento": 0.05,
            "IVA": 5
        },
        {
            "codigo": "e5DXVdX8jT",
            "total": 1,
            "valor_unitario": 134926,
            "descuento": 0.06,
            "IVA": 19
        },
        {
            "codigo": "Ke1tqfm6cD",
            "total": 4,
            "valor_unitario": 247863,
            "descuento": 0.17,
            "IVA": 19
        },
        {
            "codigo": "Jr2nvXF8qh",
            "total": 10,
            "valor_unitario": 749357,
            "descuento": 0.02,
            "IVA": 19
        },
        {
            "codigo": "SEnJUUx0Sr",
            "total": 8,
            "valor_unitario": 708188,
            "descuento": 0.19,
            "IVA": 5
        }
    ]
}