{
    "empresa_nit": "123456789",
    "empresa_ciudad": "BOGOTA",
    "empresa_sede": "plaza",
    "empresa_nombre": "MicroMercado El Mio",
    "fecha_hora": "2022-10-15 08:24:54",
    "factura_num": "01446",
    "ciente_numero": 449599228,
    "pago_tipo": "EFECTIVO",
    "productos": [
        {
            "codigo": "s6c682jz8O",
            "total": 3,
            "valor_unitario": 659393,
            "descuento": 0.32,
            "IVA": 0
        },
        {
            "codigo": "IrRUQOzsIH",
            "total": 9,
            "valor_unitario": 186212,
            "descuento": 0.21,
            "IVA": 5
        },
        {
            "codigo": "fAhaD2B4V6",
            "total": 8,
            "valor_unitario": 526061,
            "descuento": 0.38,
            "IVA": 19
        },
        {
            "codigo": "sAFaI9VOm1",
            "total": 1,
            "valor_unitario": 571983,
            "descuento": 0.31,
            "IVA": 5
        },
        {
            "codigo": "5A2wbENogk",
            "total": 7,
            "valor_unitario": 56501,
            "descuento": 0.38,
            "IVA": 19
        },
        {
            "codigo": "adlk4oDRVa",
            "total": 16,
            "valor_unitario": 181873,
            "descuento": 0.42,
            "IVA": 5
        },
        {
            "codigo": "xx3y5WTFzU",
            "total": 4,
            "valor_unitario": 136069,
            "descuento": 0.16,
            "IVA": 5
        },
        {
            "codigo": "eBd2Jh2jRm",
            "total": 16,
            "valor_unitario": 635195,
            "descuento": 0.37,
            "IVA": 5
        },
        {
            "codigo": "ksoutnLL6M",
            "total": 19,
            "valor_unitario": 722820,
            "descuento": 0.06,
            "IVA": 19
        },
        {
            "codigo": "gjKGALozeI",
            "total": 20,
            "valor_unitario": 223527,
            "descuento": 0.42,
            "IVA": 5
        }
    ]
}