{
    "empresa_nit": "123456789",
    "empresa_ciudad": "BARRANQUILLA",
    "empresa_sede": "alcaldia",
    "empresa_nombre": "MicroMercado El Mio",
    "fecha_hora": "2022-05-21 05:38:15",
    "factura_num": "01385",
    "ciente_numero": 50818572,
    "pago_tipo": "TRANFERENCIA",
    "productos": [
        {
            "codigo": "qnlrxddvvQ",
            "total": 13,
            "valor_unitario": 24018,
            "descuento": 0.08,
            "IVA": 19
        },
        {
            "codigo": "Ian3ARL1eJ",
            "total": 17,
            "valor_unitario": 417310,
            "descuento": 0.39,
            "IVA": 19
        },
        {
            "codigo": "nuTm2XcJgS",
            "total": 2,
            "valor_unitario": 465763,
            "descuento": 0.36,
            "IVA": 5
        }
    ]
}