{
    "empresa_nit": "123456789",
    "empresa_ciudad": "BOGOTA",
    "empresa_sede": "autopista",
    "empresa_nombre": "MicroMercado El Mio",
    "fecha_hora": "2021-02-21 10:52:10",
    "factura_num": "01022",
    "ciente_numero": 712523255,
    "pago_tipo": "TAR.DEBITO",
    "productos": [
        {
            "codigo": "fh4tRaiztO",
            "total": 10,
            "valor_unitario": 17925,
            "descuento": 0.2,
            "IVA": 19
        },
        {
            "codigo": "pErLt9wwNc",
            "total": 3,
            "valor_unitario": 460039,
            "descuento": 0.19,
            "IVA": 5
        },
        {
            "codigo": "qIKdyxVynu",
            "total": 19,
            "valor_unitario": 754743,
            "descuento": 0.26,
            "IVA": 0
        },
        {
            "codigo": "DFNk3fu8qE",
            "total": 17,
            "valor_unitario": 439041,
            "descuento": 0.38,
            "IVA": 5
        },
        {
            "codigo": "1MaL5YkkMF",
            "total": 17,
            "valor_unitario": 758382,
            "descuento": 0.01,
            "IVA": 19
        },
        {
            "codigo": "Rv7RISod9k",
            "total": 1,
            "valor_unitario": 139620,
            "descuento": 0.11,
            "IVA": 0
        },
        {
            "codigo": "GYmEbqMFr9",
            "total": 1,
            "valor_unitario": 253582,
            "descuento": 0.34,
            "IVA": 19
        },
        {
            "codigo": "98Tfj93JTS",
            "total": 7,
            "valor_unitario": 596444,
            "descuento": 0.25,
            "IVA": 0
        },
        {
            "codigo": "01ZTUH3pbW",
            "total": 13,
            "valor_unitario": 655345,
            "descuento": 0.4,
            "IVA": 19
        },
        {
            "codigo": "XW5oJLraZe",
            "total": 6,
            "valor_unitario": 177269,
            "descuento": 0.41,
            "IVA": 19
        },
        {
            "codigo": "k2zsA8Q1mP",
            "total": 20,
            "valor_unitario": 77956,
            "descuento": 0.17,
            "IVA": 5
        },
        {
            "codigo": "jaEUbRBN3w",
            "total": 13,
            "valor_unitario": 25178,
            "descuento": 0.44,
            "IVA": 19
        },
        {
            "codigo": "687JtWd5Tw",
            "total": 20,
            "valor_unitario": 945376,
            "descuento": 0.27,
            "IVA": 19
        },
        {
            "codigo": "yNC0P2jSUI",
            "total": 5,
            "valor_unitario": 920362,
            "descuento": 0.21,
            "IVA": 19
        },
        {
            "codigo": "Dw1QsG7UY6",
            "total": 7,
            "valor_unitario": 472287,
            "descuento": 0.22,
            "IVA": 19
        },
        {
            "codigo": "6VHTdfUmfN",
            "total": 6,
            "valor_unitario": 5170,
            "descuento": 0.43,
            "IVA": 5
        },
        {
            "codigo": "tcT54mOnGZ",
            "total": 4,
            "valor_unitario": 905112,
            "descuento": 0.14,
            "IVA": 19
        },
        {
            "codigo": "5eTxI4G6QG",
            "total": 10,
            "valor_unitario": 687083,
            "descuento": 0.01,
            "IVA": 19
        },
        {
            "codigo": "afnvo1ey54",
            "total": 11,
            "valor_unitario": 684937,
            "descuento": 0.27,
            "IVA": 5
        },
        {
            "codigo": "dUoh1CrWsh",
            "total": 15,
            "valor_unitario": 662678,
            "descuento": 0.38,
            "IVA": 0
        }
    ]
}