{
    "empresa_nit": "123456789",
    "empresa_ciudad": "TUNJA",
    "empresa_sede": "aeropuerto",
    "empresa_nombre": "MicroMercado El Mio",
    "fecha_hora": "2021-01-12 16:10:28",
    "factura_num": "00124",
    "ciente_numero": 936308139,
    "pago_tipo": "TAR.CREDITO",
    "productos": [
        {
            "codigo": "cw7Ev6nAps",
            "total": 12,
            "valor_unitario": 460234,
            "descuento": 0.04,
            "IVA": 5
        },
        {
            "codigo": "dWTJvAssGj",
            "total": 13,
            "valor_unitario": 18157,
            "descuento": 0.09,
            "IVA": 5
        },
        {
            "codigo": "wLdOENEiDI",
            "total": 16,
            "valor_unitario": 421336,
            "descuento": 0.19,
            "IVA": 5
        },
        {
            "codigo": "MgtYwrJ2ah",
            "total": 10,
            "valor_unitario": 773505,
            "descuento": 0.24,
            "IVA": 5
        },
        {
            "codigo": "VqMounIJ1l",
            "total": 4,
            "valor_unitario": 881689,
            "descuento": 0.17,
            "IVA": 5
        },
        {
            "codigo": "uZtWWyn0b5",
            "total": 10,
            "valor_unitario": 659040,
            "descuento": 0.33,
            "IVA": 0
        },
        {
            "codigo": "0WYPAUMfvB",
            "total": 17,
            "valor_unitario": 595523,
            "descuento": 0.14,
            "IVA": 19
        },
        {
            "codigo": "eo1kEGytSB",
            "total": 8,
            "valor_unitario": 228956,
            "descuento": 0.42,
            "IVA": 19
        },
        {
            "codigo": "iLE2crH6qR",
            "total": 8,
            "valor_unitario": 179921,
            "descuento": 0.02,
            "IVA": 5
        },
        {
            "codigo": "9a0tQCGbmt",
            "total": 16,
            "valor_unitario": 974142,
            "descuento": 0.15,
            "IVA": 19
        },
        {
            "codigo": "4OAMQhqjSI",
            "total": 5,
            "valor_unitario": 872561,
            "descuento": 0.24,
            "IVA": 5
        },
        {
            "codigo": "wRdG47ApXg",
            "total": 13,
            "valor_unitario": 626300,
            "descuento": 0.39,
            "IVA": 0
        },
        {
            "codigo": "1bvXcuygVc",
            "total": 6,
            "valor_unitario": 430560,
            "descuento": 0.46,
            "IVA": 19
        },
        {
            "codigo": "OnB6fuNopm",
            "total": 13,
            "valor_unitario": 370634,
            "descuento": 0.4,
            "IVA": 0
        },
        {
            "codigo": "WPoxxx6vbw",
            "total": 13,
            "valor_unitario": 693283,
            "descuento": 0.19,
            "IVA": 19
        },
        {
            "codigo": "ITFYqzHxrv",
            "total": 13,
            "valor_unitario": 643019,
            "descuento": 0.31,
            "IVA": 5
        },
        {
            "codigo": "U6f2Jzabiq",
            "total": 9,
            "valor_unitario": 907753,
            "descuento": 0.45,
            "IVA": 19
        },
        {
            "codigo": "W2vXToZcR5",
            "total": 3,
            "valor_unitario": 108097,
            "descuento": 0.32,
            "IVA": 5
        },
        {
            "codigo": "4ton2CznRd",
            "total": 1,
            "valor_unitario": 422060,
            "descuento": 0.38,
            "IVA": 0
        }
    ]
}