{
    "empresa_nit": "123456789",
    "empresa_ciudad": "TUNJA",
    "empresa_sede": "aeropuerto",
    "empresa_nombre": "MicroMercado El Mio",
    "fecha_hora": "2021-11-12 08:15:00",
    "factura_num": "01120",
    "ciente_numero": 893147500,
    "pago_tipo": "TAR.DEBITO",
    "productos": [
        {
            "codigo": "mrJqUmSTtC",
            "total": 8,
            "valor_unitario": 66151,
            "descuento": 0.47,
            "IVA": 5
        },
        {
            "codigo": "gThgpJYWMT",
            "total": 18,
            "valor_unitario": 480066,
            "descuento": 0.0,
            "IVA": 5
        },
        {
            "codigo": "ArIM6qdZuG",
            "total": 11,
            "valor_unitario": 407312,
            "descuento": 0.41,
            "IVA": 19
        },
        {
            "codigo": "lm6HsHjdDC",
            "total": 4,
            "valor_unitario": 276976,
            "descuento": 0.44,
            "IVA": 0
        },
        {
            "codigo": "hYo5cM613z",
            "total": 10,
            "valor_unitario": 324584,
            "descuento": 0.23,
            "IVA": 5
        },
        {
            "codigo": "Cync9eCNmM",
            "total": 1,
            "valor_unitario": 801209,
            "descuento": 0.15,
            "IVA": 0
        },
        {
            "codigo": "CQCmXVIgbw",
            "total": 17,
            "valor_unitario": 221776,
            "descuento": 0.01,
            "IVA": 19
        },
        {
            "codigo": "C1J6F7MMfr",
            "total": 16,
            "valor_unitario": 573655,
            "descuento": 0.01,
            "IVA": 0
        },
        {
            "codigo": "FgxxvqlKeq",
            "total": 9,
            "valor_unitario": 242161,
            "descuento": 0.49,
            "IVA": 5
        },
        {
            "codigo": "wCF4tBzbqJ",
            "total": 16,
            "valor_unitario": 775320,
            "descuento": 0.3,
            "IVA": 19
        },
        {
            "codigo": "bqAMFH7HKn",
            "total": 11,
            "valor_unitario": 109795,
            "descuento": 0.17,
            "IVA": 19
        },
        {
            "codigo": "ymrZOMeuts",
            "total": 19,
            "valor_unitario": 328424,
            "descuento": 0.14,
            "IVA": 19
        },
        {
            "codigo": "UxfcW5zLBX",
            "total": 2,
            "valor_unitario": 67554,
            "descuento": 0.23,
            "IVA": 19
        },
        {
            "codigo": "XTNbZD6RDR",
            "total": 1,
            "valor_unitario": 225211,
            "descuento": 0.34,
            "IVA": 5
        },
        {
            "codigo": "Dhgl9xZX8T",
            "total": 17,
            "valor_unitario": 964312,
            "descuento": 0.0,
            "IVA": 19
        },
        {
            "codigo": "L80UabbXn8",
            "total": 15,
            "valor_unitario": 728445,
            "descuento": 0.4,
            "IVA": 0
        },
        {
            "codigo": "Irf9MPX0Q4",
            "total": 9,
            "valor_unitario": 695450,
            "descuento": 0.28,
            "IVA": 5
        },
        {
            "codigo": "B5sq6hngZo",
            "total": 10,
            "valor_unitario": 954836,
            "descuento": 0.32,
            "IVA": 5
        },
        {
            "codigo": "qoKCu9cINL",
            "total": 18,
            "valor_unitario": 493347,
            "descuento": 0.14,
            "IVA": 19
        },
        {
            "codigo": "kXQiGFDgS2",
            "total": 4,
            "valor_unitario": 690828,
            "descuento": 0.34,
            "IVA": 19
        }
    ]
}