{
    "empresa_nit": "123456789",
    "empresa_ciudad": "TUNJA",
    "empresa_sede": "alcaldia",
    "empresa_nombre": "MicroMercado El Mio",
    "fecha_hora": "2020-09-14 13:43:14",
    "factura_num": "01136",
    "ciente_numero": 815327609,
    "pago_tipo": "TRANFERENCIA",
    "productos": [
        {
            "codigo": "46ua5sq9TE",
            "total": 13,
            "valor_unitario": 100278,
            "descuento": 0.22,
            "IVA": 0
        },
        {
            "codigo": "d5kNXcQrn5",
            "total": 6,
            "valor_unitario": 352547,
            "descuento": 0.13,
            "IVA": 5
        },
        {
            "codigo": "hPOQQeT6v9",
            "total": 5,
            "valor_unitario": 117861,
            "descuento": 0.24,
            "IVA": 19
        },
        {
            "codigo": "LEmurUmHOW",
            "total": 17,
            "valor_unitario": 172612,
            "descuento": 0.4,
            "IVA": 0
        },
        {
            "codigo": "bzJE8f5tyF",
            "total": 8,
            "valor_unitario": 269524,
            "descuento": 0.32,
            "IVA": 0
        },
        {
            "codigo": "KjCD10vj25",
            "total": 5,
            "valor_unitario": 646723,
            "descuento": 0.28,
            "IVA": 5
        },
        {
            "codigo": "3D70Ag9drT",
            "total": 14,
            "valor_unitario": 277402,
            "descuento": 0.1,
            "IVA": 19
        },
        {
            "codigo": "7SnZscvLih",
            "total": 1,
            "valor_unitario": 289016,
            "descuento": 0.07,
            "IVA": 19
        },
        {
            "codigo": "4Ls5WNOdDS",
            "total": 7,
            "valor_unitario": 587157,
            "descuento": 0.01,
            "IVA": 5
        }
    ]
}