{
    "empresa_nit": "123456789",
    "empresa_ciudad": "TUNJA",
    "empresa_sede": "terminal",
    "empresa_nombre": "MicroMercado El Mio",
    "fecha_hora": "2025-01-10 08:54:46",
    "factura_num": "01425",
    "ciente_numero": 911434882,
    "pago_tipo": "TRANFERENCIA",
    "productos": [
        {
            "codigo": "olRWyV1z53",
            "total": 18,
            "valor_unitario": 28514,
            "descuento": 0.36,
            "IVA": 0
        },
        {
            "codigo": "MAAqQHUjC1",
            "total": 7,
            "valor_unitario": 378912,
            "descuento": 0.39,
            "IVA": 5
        },
        {
            "codigo": "UYn84cNY5x",
            "total": 3,
            "valor_unitario": 171575,
            "descuento": 0.39,
            "IVA": 5
        },
        {
            "codigo": "kZ4RVHKcgN",
            "total": 6,
            "valor_unitario": 544477,
            "descuento": 0.34,
            "IVA": 5
        },
        {
            "codigo": "omyp7gVd1a",
            "total": 14,
            "valor_unitario": 549243,
            "descuento": 0.01,
            "IVA": 19
        },
        {
            "codigo": "6MmiKPlRW2",
            "total": 11,
            "valor_unitario": 176991,
            "descuento": 0.31,
            "IVA": 0
        }
    ]
}