{
    "empresa_nit": "123456789",
    "empresa_ciudad": "CALI",
    "empresa_sede": "aeropuerto",
    "empresa_nombre": "MicroMercado El Mio",
    "fecha_hora": "2022-03-20 18:57:41",
    "factura_num": "01049",
    "ciente_numero": 985173594,
    "pago_tipo": "TAR.CREDITO",
    "productos": [
        {
            "codigo": "5bwoh6otny",
            "total": 5,
            "valor_unitario": 785843,
            "descuento": 0.17,
            "IVA": 0
        },
        {
            "codigo": "gcgLkMHXSU",
            "total": 12,
            "valor_unitario": 211097,
            "descuento": 0.03,
            "IVA": 0
        },
        {
            "codigo": "q0tHlq4udc",
            "total": 17,
            "valor_unitario": 192526,
            "descuento": 0.04,
            "IVA": 0
        },
        {
            "codigo": "ykTH0aLtYt",
            "total": 19,
            "valor_unitario": 756573,
            "descuento": 0.11,
            "IVA": 5
        },
        {
            "codigo": "DJuvbGLplm",
            "total": 15,
            "valor_unitario": 597767,
            "descuento": 0.12,
            "IVA": 0
        },
        {
            "codigo": "swdpXyRk8q",
            "total": 8,
            "valor_unitario": 783633,
            "descuento": 0.39,
            "IVA": 19
        },
        {
            "codigo": "VRuxbgvBPi",
            "total": 9,
            "valor_unitario": 856724,
            "descuento": 0.11,
            "IVA": 0
        },
        {
            "codigo": "Z1NavHnrN5",
            "total": 18,
            "valor_unitario": 758078,
            "descuento": 0.41,
            "IVA": 5
        }
    ]
}