{
    "empresa_nit": "123456789",
    "empresa_ciudad": "BARRANQUILLA",
    "empresa_sede": "autopista",
    "empresa_nombre": "MicroMercado El Mio",
    "fecha_hora": "2025-03-14 18:21:05",
    "factura_num": "01129",
    "ciente_numero": 157168083,
    "pago_tipo": "EFECTIVO",
    "productos": [
        {
            "codigo": "TLczDpgc5d",
            "total": 18,
            "valor_unitario": 778611,
            "descuento": 0.24,
            "IVA": 0
        },
        {
            "codigo": "A4yVcELQ5A",
            "total": 16,
            "valor_unitario": 454925,
            "descuento": 0.34,
            "IVA": 0
        }
    ]
}