{
    "empresa_nit": "123456789",
    "empresa_ciudad": "BOGOTA",
    "empresa_sede": "centro",
    "empresa_nombre": "MicroMercado El Mio",
    "fecha_hora": "2021-05-20 19:10:25",
    "factura_num": "01020",
    "ciente_numero": 520024170,
    "pago_tipo": "TRANFERENCIA",
    "productos": [
        {
            "codigo": "b0zY0LwZlM",
            "total": 7,
            "valor_unitario": 781932,
            "descuento": 0.13,
            "IVA": 5
        },
        {
            "codigo": "UW0VR5VFNF",
            "total": 7,
            "valor_unitario": 963556,
            "descuento": 0.06,
            "IVA": 0
        },
        {
            "codigo": "65kiXDJpQA",
            "total": 13,
            "valor_unitario": 358361,
            "descuento": 0.19,
            "IVA": 19
        },
        {
            "codigo": "EZw8R35msk",
            "total": 20,
            "valor_unitario": 430656,
            "descuento": 0.27,
            "IVA": 0
        },
        {
            "codigo": "fQKyJMWsmw",
            "total": 17,
            "valor_unitario": 90317,
            "descuento": 0.11,
            "IVA": 0
        },
        {
            "codigo": "BOLTrsCO2B",
            "total": 8,
            "valor_unitario": 384810,
            "descuento": 0.2,
            "IVA": 19
        },
        {
            "codigo": "PWddAQXYYk",
            "total": 2,
            "valor_unitario": 663355,
            "descuento": 0.45,
            "IVA": 0
        },
        {
            "codigo": "0yOJbPhwtC",
            "total": 13,
            "valor_unitario": 291145,
            "descuento": 0.45,
            "IVA": 5
        },
        {
            "codigo": "kLgZiY62qo",
            "total": 11,
            "valor_unitario": 238473,
            "descuento": 0.16,
            "IVA": 0
        },
        {
            "codigo": "aHr4HF7Doc",
            "total": 15,
            "valor_unitario": 677339,
            "descuento": 0.17,
            "IVA": 19
        },
        {
            "codigo": "hyjHlvJuW5",
            "total": 3,
            "valor_unitario": 383259,
            "descuento": 0.5,
            "IVA": 19
        },
        {
            "codigo": "mkg4P6BU2w",
            "total": 5,
            "valor_unitario": 612126,
            "descuento": 0.38,
            "IVA": 19
        },
        {
            "codigo": "XvPnaWk4R3",
            "total": 3,
            "valor_unitario": 621300,
            "descuento": 0.3,
            "IVA": 19
        },
        {
            "codigo": "YVemRIzaVP",
            "total": 3,
            "valor_unitario": 210685,
            "descuento": 0.28,
            "IVA": 5
        },
        {
            "codigo": "dep5u2xVDI",
            "total": 14,
            "valor_unitario": 526502,
            "descuento": 0.02,
            "IVA": 5
        },
        {
            "codigo": "RhvyQFzBPq",
            "total": 11,
            "valor_unitario": 377872,
            "descuento": 0.32,
            "IVA": 0
        },
        {
            "codigo": "AITJZBS1Bo",
            "total": 14,
            "valor_unitario": 716608,
            "descuento": 0.28,
            "IVA": 5
        },
        {
            "codigo": "PtIWvZT3mZ",
            "total": 17,
            "valor_unitario": 983208,
            "descuento": 0.19,
            "IVA": 19
        }
    ]
}