{
    "empresa_nit": "123456789",
    "empresa_ciudad": "BARRANQUILLA",
    "empresa_sede": "plaza",
    "empresa_nombre": "MicroMercado El Mio",
    "fecha_hora": "2020-05-16 15:05:12",
    "factura_num": "01057",
    "ciente_numero": 708745770,
    "pago_tipo": "TRANFERENCIA",
    "productos": [
        {
            "codigo": "06afdyYWtJ",
            "total": 7,
            "valor_unitario": 409915,
            "descuento": 0.22,
            "IVA": 0
        },
        {
            "codigo": "muz8EnSmYi",
            "total": 20,
            "valor_unitario": 439709,
            "descuento": 0.03,
            "IVA": 5
        },
        {
            "codigo": "UrIVb0XYdl",
            "total": 11,
            "valor_unitario": 508449,
            "descuento": 0.16,
            "IVA": 5
        },
        {
            "codigo": "Eb6iZ3ae0Q",
            "total": 6,
            "valor_unitario": 500344,
            "descuento": 0.04,
            "IVA": 5
        },
        {
            "codigo": "YO5lOxs8Xi",
            "total": 14,
            "valor_unitario": 521073,
            "descuento": 0.44,
            "IVA": 0
        },
        {
            "codigo": "ZMlKF8nz5q",
            "total": 10,
            "valor_unitario": 717168,
            "descuento": 0.27,
            "IVA": 5
        },
        {
            "codigo": "WIWRBBRZdz",
            "total": 13,
            "valor_unitario": 208973,
            "descuento": 0.28,
            "IVA": 19
        },
        {
            "codigo": "xF47vjbyRl",
            "total": 9,
            "valor_unitario": 324843,
            "descuento": 0.13,
            "IVA": 0
        }
    ]
}