{
    "empresa_nit": "123456789",
    "empresa_ciudad": "BOGOTA",
    "empresa_sede": "autopista",
    "empresa_nombre": "MicroMercado El Mio",
    "fecha_hora": "2022-07-16 17:09:06",
    "factura_num": "01076",
    "ciente_numero": 178502815,
    "pago_tipo": "EFECTIVO",
    "productos": [
        {
            "codigo": "Y4lD4TtIDc",
            "total": 17,
            "valor_unitario": 432658,
            "descuento": 0.12,
            "IVA": 5
        },
        {
            "codigo": "JSFjMrh6BY",
            "total": 1,
            "valor_unitario": 233549,
            "descuento": 0.22,
            "IVA": 19
        },
        {
            "codigo": "oxvzzWs88Q",
            "total": 14,
            "valor_unitario": 7180,
            "descuento": 0.41,
            "IVA": 5
        },
        {
            "codigo": "0v4D8wsVkO",
            "total": 3,
            "valor_unitario": 380209,
            "descuento": 0.35,
            "IVA": 19
        },
        {
            "codigo": "tweLIN8TV1",
            "total": 8,
            "valor_unitario": 404412,
            "descuento": 0.45,
            "IVA": 0
        },
        {
            "codigo": "QFwQA0SZCN",
            "total": 19,
            "valor_unitario": 734914,
            "descuento": 0.21,
            "IVA": 5
        },
        {
            "codigo": "cC67N5aes4",
            "total": 11,
            "valor_unitario": 908351,
            "descuento": 0.05,
            "IVA": 19
        }
    ]
}