{
    "empresa_nit": "123456789",
    "empresa_ciudad": "BARRANQUILLA",
    "empresa_sede": "aeropuerto",
    "empresa_nombre": "MicroMercado El Mio",
    "fecha_hora": "2023-04-02 11:58:54",
    "factura_num": "01060",
    "ciente_numero": 189341048,
    "pago_tipo": "TRANFERENCIA",
    "productos": [
        {
            "codigo": "u7dHKBB4Ep",
            "total": 13,
            "valor_unitario": 156626,
            "descuento": 0.32,
            "IVA": 0
        },
        {
            "codigo": "ltETfMoIwH",
            "total": 20,
            "valor_unitario": 28065,
            "descuento": 0.03,
            "IVA": 5
        },
        {
            "codigo": "pzajjHlo6y",
            "total": 2,
            "valor_unitario": 40908,
            "descuento": 0.05,
            "IVA": 0
        },
        {
            "codigo": "WyXsge2ig5",
            "total": 4,
            "valor_unitario": 429527,
            "descuento": 0.47,
            "IVA": 0
        }
    ]
}