{
    "empresa_nit": "123456789",
    "empresa_ciudad": "MEDELLIN",
    "empresa_sede": "autopista",
    "empresa_nombre": "MicroMercado El Mio",
    "fecha_hora": "2024-08-05 18:22:34",
    "factura_num": "01230",
    "ciente_numero": 905864433,
    "pago_tipo": "EFECTIVO",
    "productos": [
        {
            "codigo": "C2txslduzN",
            "total": 16,
            "valor_unitario": 155020,
            "descuento": 0.25,
            "IVA": 0
        },
        {
            "codigo": "CiR2pw7EY4",
            "total": 15,
            "valor_unitario": 188444,
            "descuento": 0.28,
            "IVA": 19
        },
        {
            "codigo": "foI1WGNFFD",
            "total": 19,
            "valor_unitario": 669736,
            "descuento": 0.28,
            "IVA": 5
        },
        {
            "codigo": "XxlOh6WhfP",
            "total": 3,
            "valor_unitario": 296241,
            "descuento": 0.26,
            "IVA": 0
        },
        {
            "codigo": "1gPXlgnIpw",
            "total": 2,
            "valor_unitario": 626520,
            "descuento": 0.21,
            "IVA": 19
        },
        {
            "codigo": "lstzZnscPA",
            "total": 20,
            "valor_unitario": 864082,
            "descuento": 0.22,
            "IVA": 5
        },
        {
            "codigo": "BQrXm81lt2",
            "total": 13,
            "valor_unitario": 623093,
            "descuento": 0.43,
            "IVA": 0
        },
        {
            "codigo": "IOg5oQxE4G",
            "total": 19,
            "valor_unitario": 315341,
            "descuento": 0.24,
            "IVA": 19
        },
        {
            "codigo": "HyYeleg6nF",
            "total": 2,
            "valor_unitario": 802135,
            "descuento": 0.08,
            "IVA": 5
        }
    ]
}