{
    "empresa_nit": "123456789",
    "empresa_ciudad": "BARRANQUILLA",
    "empresa_sede": "terminal",
    "empresa_nombre": "MicroMercado El Mio",
    "fecha_hora": "2022-02-18 08:32:27",
    "factura_num": "00140",
    "ciente_numero": 481040655,
    "pago_tipo": "TAR.CREDITO",
    "productos": [
        {
            "codigo": "G0Y9PI5yrq",
            "total": 10,
            "valor_unitario": 499811,
            "descuento": 0.17,
            "IVA": 0
        },
        {
            "codigo": "0CEt4mE4em",
            "total": 4,
            "valor_unitario": 518144,
            "descuento": 0.12,
            "IVA": 19
        },
        {
            "codigo": "dSFVz8MC6k",
            "total": 3,
            "valor_unitario": 846814,
            "descuento": 0.39,
            "IVA": 5
        },
        {
            "codigo": "5LErZuR06c",
            "total": 6,
            "valor_unitario": 634202,
            "descuento": 0.29,
            "IVA": 5
        },
        {
            "codigo": "4inrHZstTT",
            "total": 13,
            "valor_unitario": 334367,
            "descuento": 0.42,
            "IVA": 0
        },
        {
            "codigo": "XY07WbEywl",
            "total": 17,
            "valor_unitario": 489573,
            "descuento": 0.18,
            "IVA": 5
        },
        {
            "codigo": "mitJdCN8kN",
            "total": 11,
            "valor_unitario": 146585,
            "descuento": 0.41,
            "IVA": 0
        },
        {
            "codigo": "PsgEXIecYV",
            "total": 10,
            "valor_unitario": 981796,
            "descuento": 0.03,
            "IVA": 19
        },
        {
            "codigo": "2F5bvMf5ua",
            "total": 15,
            "valor_unitario": 631784,
            "descuento": 0.37,
            "IVA": 19
        },
        {
            "codigo": "UL9Yun6TcI",
            "total": 19,
            "valor_unitario": 744024,
            "descuento": 0.22,
            "IVA": 19
        },
        {
            "codigo": "RJnhR7JNE9",
            "total": 16,
            "valor_unitario": 386800,
            "descuento": 0.23,
            "IVA": 19
        },
        {
            "codigo": "eZgU2h6cEM",
            "total": 10,
            "valor_unitario": 844856,
            "descuento": 0.37,
            "IVA": 19
        }
    ]
}