{
    "empresa_nit": "123456789",
    "empresa_ciudad": "CALI",
    "empresa_sede": "autopista",
    "empresa_nombre": "MicroMercado El Mio",
    "fecha_hora": "2024-11-04 18:53:27",
    "factura_num": "01062",
    "ciente_numero": 429189710,
    "pago_tipo": "EFECTIVO",
    "productos": [
        {
            "codigo": "II3kXAJues",
            "total": 8,
            "valor_unitario": 274048,
            "descuento": 0.29,
            "IVA": 5
        },
        {
            "codigo": "olR5j1jDSX",
            "total": 14,
            "valor_unitario": 450759,
            "descuento": 0.22,
            "IVA": 19
        },
        {
            "codigo": "A1tPrTYfD4",
            "total": 10,
            "valor_unitario": 696363,
            "descuento": 0.3,
            "IVA": 19
        },
        {
            "codigo": "XHPPEF8Ohe",
            "total": 2,
            "valor_unitario": 792333,
            "descuento": 0.32,
            "IVA": 19
        },
        {
            "codigo": "hHMhqValZ2",
            "total": 3,
            "valor_unitario": 474452,
            "descuento": 0.5,
            "IVA": 19
        },
        {
            "codigo": "SR9NXWN6nb",
            "total": 13,
            "valor_unitario": 753071,
            "descuento": 0.22,
            "IVA": 5
        },
        {
            "codigo": "VDL35W70GQ",
            "total": 6,
            "valor_unitario": 610183,
            "descuento": 0.21,
            "IVA": 19
        },
        {
            "codigo": "AvM2y9aM30",
            "total": 1,
            "valor_unitario": 677678,
            "descuento": 0.02,
            "IVA": 5
        },
        {
            "codigo": "BDUnpMRELc",
            "total": 2,
            "valor_unitario": 740714,
            "descuento": 0.39,
            "IVA": 19
        },
        {
            "codigo": "zXRBv4voyB",
            "total": 7,
            "valor_unitario": 353639,
            "descuento": 0.37,
            "IVA": 19
        },
        {
            "codigo": "iljPevzJey",
            "total": 19,
            "valor_unitario": 631137,
            "descuento": 0.4,
            "IVA": 5
        },
        {
            "codigo": "ptjMhwAlOr",
            "total": 9,
            "valor_unitario": 300535,
            "descuento": 0.09,
            "IVA": 5
        },
        {
            "codigo": "Og49GqxF80",
            "total": 12,
            "valor_unitario": 167756,
            "descuento": 0.03,
            "IVA": 0
        },
        {
            "codigo": "yuDk8b7fHL",
            "total": 12,
            "valor_unitario": 205096,
            "descuento": 0.16,
            "IVA": 19
        },
        {
            "codigo": "0mLEE1Qtxq",
            "total": 16,
            "valor_unitario": 218593,
            "descuento": 0.06,
            "IVA": 19
        },
        {
            "codigo": "HgqQ66Ry10",
            "total": 2,
            "valor_unitario": 690990,
            "descuento": 0.12,
            "IVA": 0
        },
        {
            "codigo": "XPt4gqwBAC",
            "total": 10,
            "valor_unitario": 944098,
            "descuento": 0.18,
            "IVA": 0
        },
        {
            "codigo": "J3ZvbkyqMx",
            "total": 1,
            "valor_unitario": 953219,
            "descuento": 0.46,
            "IVA": 5
        }
    ]
}