{
    "empresa_nit": "123456789",
    "empresa_ciudad": "TUNJA",
    "empresa_sede": "plaza",
    "empresa_nombre": "MicroMercado El Mio",
    "fecha_hora": "2020-03-26 16:31:14",
    "factura_num": "01296",
    "ciente_numero": 360303054,
    "pago_tipo": "TRANFERENCIA",
    "productos": [
        {
            "codigo": "tTjCqFIKsN",
            "total": 3,
            "valor_unitario": 731941,
            "descuento": 0.27,
            "IVA": 19
        },
        {
            "codigo": "hVR6Lm7c4k",
            "total": 3,
            "valor_unitario": 918527,
            "descuento": 0.33,
            "IVA": 0
        },
        {
            "codigo": "cqHT7h7I0b",
            "total": 7,
            "valor_unitario": 139624,
            "descuento": 0.16,
            "IVA": 5
        },
        {
            "codigo": "rQZhqTKLY3",
            "total": 8,
            "valor_unitario": 259216,
            "descuento": 0.14,
            "IVA": 19
        },
        {
            "codigo": "cXXtmGWi0e",
            "total": 2,
            "valor_unitario": 452942,
            "descuento": 0.07,
            "IVA": 5
        },
        {
            "codigo": "I4xvP49uXg",
            "total": 15,
            "valor_unitario": 503115,
            "descuento": 0.15,
            "IVA": 0
        }
    ]
}