{
    "empresa_nit": "123456789",
    "empresa_ciudad": "BARRANQUILLA",
    "empresa_sede": "alcaldia",
    "empresa_nombre": "MicroMercado El Mio",
    "fecha_hora": "2025-02-12 09:18:02",
    "factura_num": "01433",
    "ciente_numero": 149663226,
    "pago_tipo": "TAR.DEBITO",
    "productos": [
        {
            "codigo": "PfeBEzEKbt",
            "total": 2,
            "valor_unitario": 179819,
            "descuento": 0.2,
            "IVA": 19
        },
        {
            "codigo": "2ZNrZljbFX",
            "total": 13,
            "valor_unitario": 951206,
            "descuento": 0.41,
            "IVA": 19
        },
        {
            "codigo": "jEFZ10cLkg",
            "total": 16,
            "valor_unitario": 403060,
            "descuento": 0.2,
            "IVA": 0
        },
        {
            "codigo": "sqwFraZ56m",
            "total": 18,
            "valor_unitario": 948412,
            "descuento": 0.28,
            "IVA": 0
        },
        {
            "codigo": "v47mHa3A5N",
            "total": 20,
            "valor_unitario": 381618,
            "descuento": 0.2,
            "IVA": 0
        },
        {
            "codigo": "guz6qBtH0Q",
            "total": 8,
            "valor_unitario": 107428,
            "descuento": 0.29,
            "IVA": 19
        },
        {
            "codigo": "rrZHHEjsFk",
            "total": 16,
            "valor_unitario": 188036,
            "descuento": 0.27,
            "IVA": 19
        },
        {
            "codigo": "gBctsWquzZ",
            "total": 14,
            "valor_unitario": 647227,
            "descuento": 0.31,
            "IVA": 19
        },
        {
            "codigo": "0JsLOCerSg",
            "total": 12,
            "valor_unitario": 641761,
            "descuento": 0.45,
            "IVA": 19
        },
        {
            "codigo": "9Ivc5h0Jla",
            "total": 13,
            "valor_unitario": 489029,
            "descuento": 0.47,
            "IVA": 0
        },
        {
            "codigo": "nYllfo9J3I",
            "total": 6,
            "valor_unitario": 656468,
            "descuento": 0.11,
            "IVA": 19
        },
        {
            "codigo": "m7ZC23Y8Dk",
            "total": 10,
            "valor_unitario": 618771,
            "descuento": 0.48,
            "IVA": 5
        },
        {
            "codigo": "jWa3wBbvxy",
            "total": 8,
            "valor_unitario": 277818,
            "descuento": 0.28,
            "IVA": 0
        },
        {
            "codigo": "Iv7QBDc9Pg",
            "total": 16,
            "valor_unitario": 691467,
            "descuento": 0.05,
            "IVA": 5
        }
    ]
}