{
    "empresa_nit": "123456789",
    "empresa_ciudad": "CALI",
    "empresa_sede": "centro",
    "empresa_nombre": "MicroMercado El Mio",
    "fecha_hora": "2023-06-26 10:16:17",
    "factura_num": "01112",
    "ciente_numero": 117663343,
    "pago_tipo": "TAR.DEBITO",
    "productos": [
        {
            "codigo": "pkHKSxLxFo",
            "total": 12,
            "valor_unitario": 398850,
            "descuento": 0.13,
            "IVA": 19
        },
        {
            "codigo": "Gtfq1DSpkK",
            "total": 18,
            "valor_unitario": 596804,
            "descuento": 0.32,
            "IVA": 5
        },
        {
            "codigo": "fgzetYkQPp",
            "total": 12,
            "valor_unitario": 692072,
            "descuento": 0.1,
            "IVA": 0
        },
        {
            "codigo": "ISkgASub3n",
            "total": 6,
            "valor_unitario": 948778,
            "descuento": 0.2,
            "IVA": 0
        },
        {
            "codigo": "APjl2IfgBN",
            "total": 16,
            "valor_unitario": 703500,
            "descuento": 0.31,
            "IVA": 5
        }
    ]
}