{
    "empresa_nit": "123456789",
    "empresa_ciudad": "BOGOTA",
    "empresa_sede": "centro",
    "empresa_nombre": "MicroMercado El Mio",
    "fecha_hora": "2022-08-05 23:12:10",
    "factura_num": "01324",
    "ciente_numero": 345343904,
    "pago_tipo": "TAR.DEBITO",
    "productos": [
        {
            "codigo": "JJEn1f4A0X",
            "total": 16,
            "valor_unitario": 981871,
            "descuento": 0.1,
            "IVA": 5
        },
        {
            "codigo": "oYM4gClv9J",
            "total": 13,
            "valor_unitario": 77271,
            "descuento": 0.35,
            "IVA": 0
        },
        {
            "codigo": "vLANzUZveL",
            "total": 12,
            "valor_unitario": 893652,
            "descuento": 0.31,
            "IVA": 5
        },
        {
            "codigo": "Do94t8qHzE",
            "total": 13,
            "valor_unitario": 631924,
            "descuento": 0.02,
            "IVA": 5
        }
    ]
}