{
    "empresa_nit": "123456789",
    "empresa_ciudad": "CALI",
    "empresa_sede": "aeropuerto",
    "empresa_nombre": "MicroMercado El Mio",
    "fecha_hora": "2024-05-16 01:34:13",
    "factura_num": "00144",
    "ciente_numero": 272658209,
    "pago_tipo": "TRANFERENCIA",
    "productos": [
        {
            "codigo": "D8TPaAzS4E",
            "total": 15,
            "valor_unitario": 546425,
            "descuento": 0.42,
            "IVA": 19
        },
        {
            "codigo": "ertgQBcIGh",
            "total": 13,
            "valor_unitario": 623137,
            "descuento": 0.2,
            "IVA": 19
        },
        {
            "codigo": "uwVYU4K5Ak",
            "total": 14,
            "valor_unitario": 982192,
            "descuento": 0.35,
            "IVA": 0
        },
        {
            "codigo": "8bQGfdUO8f",
            "total": 13,
            "valor_unitario": 71861,
            "descuento": 0.4,
            "IVA": 19
        },
        {
            "codigo": "H9sOzFlgLA",
            "total": 11,
            "valor_unitario": 66508,
            "descuento": 0.24,
            "IVA": 19
        },
        {
            "codigo": "N3kKXUirXP",
            "total": 16,
            "valor_unitario": 474729,
            "descuento": 0.2,
            "IVA": 0
        },
        {
            "codigo": "SlNeiQBLJA",
            "total": 1,
            "valor_unitario": 265763,
            "descuento": 0.32,
            "IVA": 0
        },
        {
            "codigo": "Uqm3S1i6GR",
            "total": 15,
            "valor_unitario": 228656,
            "descuento": 0.33,
            "IVA": 5
        },
        {
            "codigo": "ybZcoKpw1Z",
            "total": 5,
            "valor_unitario": 945116,
            "descuento": 0.39,
            "IVA": 19
        },
        {
            "codigo": "DV3IqlyxXr",
            "total": 19,
            "valor_unitario": 607838,
            "descuento": 0.4,
            "IVA": 0
        },
        {
            "codigo": "q2nCjG0Bue",
            "total": 7,
            "valor_unitario": 537237,
            "descuento": 0.21,
            "IVA": 0
        }
    ]
}