{
    "empresa_nit": "123456789",
    "empresa_ciudad": "MEDELLIN",
    "empresa_sede": "plaza",
    "empresa_nombre": "MicroMercado El Mio",
    "fecha_hora": "2023-01-27 00:10:47",
    "factura_num": "01029",
    "ciente_numero": 641926459,
    "pago_tipo": "TAR.DEBITO",
    "productos": [
        {
            "codigo": "CEJ5xJ1wji",
            "total": 19,
            "valor_unitario": 554705,
            "descuento": 0.45,
            "IVA": 5
        },
        {
            "codigo": "FxbuOBiByi",
            "total": 20,
            "valor_unitario": 960055,
            "descuento": 0.2,
            "IVA": 0
        }
    ]
}