{
    "empresa_nit": "123456789",
    "empresa_ciudad": "BARRANQUILLA",
    "empresa_sede": "autopista",
    "empresa_nombre": "MicroMercado El Mio",
    "fecha_hora": "2022-04-09 00:04:48",
    "factura_num": "01380",
    "ciente_numero": 408849160,
    "pago_tipo": "TRANFERENCIA",
    "productos": [
        {
            "codigo": "oRFHhzKKgu",
            "total": 2,
            "valor_unitario": 660677,
            "descuento": 0.03,
            "IVA": 5
        },
        {
            "codigo": "4bnTfhxAOI",
            "total": 2,
            "valor_unitario": 323001,
            "descuento": 0.28,
            "IVA": 0
        },
        {
            "codigo": "MFA8wWOcxL",
            "total": 1,
            "valor_unitario": 942825,
            "descuento": 0.28,
            "IVA": 19
        },
        {
            "codigo": "9hcz7agcge",
            "total": 1,
            "valor_unitario": 824265,
            "descuento": 0.23,
            "IVA": 5
        },
        {
            "codigo": "B9SS8U6oa5",
            "total": 3,
            "valor_unitario": 540774,
            "descuento": 0.38,
            "IVA": 0
        }
    ]
}