{
    "empresa_nit": "123456789",
    "empresa_ciudad": "TUNJA",
    "empresa_sede": "plaza",
    "empresa_nombre": "MicroMercado El Mio",
    "fecha_hora": "2024-03-01 10:18:47",
    "factura_num": "01245",
    "ciente_numero": 820640214,
    "pago_tipo": "TRANFERENCIA",
    "productos": [
        {
            "codigo": "UmvHzcOAoP",
            "total": 19,
            "valor_unitario": 856684,
            "descuento": 0.45,
            "IVA": 19
        },
        {
            "codigo": "KRZ1DHXHGB",
            "total": 12,
            "valor_unitario": 91848,
            "descuento": 0.33,
            "IVA": 5
        },
        {
            "codigo": "QdEWlr711B",
            "total": 11,
            "valor_unitario": 118161,
            "descuento": 0.48,
            "IVA": 19
        },
        {
            "codigo": "wFJr3fWzl0",
            "total": 12,
            "valor_unitario": 638378,
            "descuento": 0.06,
            "IVA": 5
        },
        {
            "codigo": "GTolMwoJLc",
            "total": 10,
            "valor_unitario": 642524,
            "descuento": 0.15,
            "IVA": 0
        },
        {
            "codigo": "odHhGq4Jxi",
            "total": 15,
            "valor_unitario": 51809,
            "descuento": 0.38,
            "IVA": 19
        },
        {
            "codigo": "Wzhe9ivO7U",
            "total": 14,
            "valor_unitario": 964624,
            "descuento": 0.44,
            "IVA": 5
        },
        {
            "codigo": "ezH2V44zWB",
            "total": 1,
            "valor_unitario": 757246,
            "descuento": 0.22,
            "IVA": 0
        },
        {
            "codigo": "BtgfUKGLYp",
            "total": 17,
            "valor_unitario": 879010,
            "descuento": 0.32,
            "IVA": 19
        },
        {
            "codigo": "9sqrkPj8ND",
            "total": 2,
            "valor_unitario": 933702,
            "descuento": 0.25,
            "IVA": 19
        },
        {
            "codigo": "FXev597i27",
            "total": 7,
            "valor_unitario": 47521,
            "descuento": 0.14,
            "IVA": 19
        },
        {
            "codigo": "xDbqbPuQHu",
            "total": 14,
            "valor_unitario": 958923,
            "descuento": 0.35,
            "IVA": 19
        }
    ]
}