{
    "empresa_nit": "123456789",
    "empresa_ciudad": "TUNJA",
    "empresa_sede": "plaza",
    "empresa_nombre": "MicroMercado El Mio",
    "fecha_hora": "2020-05-19 04:48:10",
    "factura_num": "00129",
    "ciente_numero": 607806594,
    "pago_tipo": "TAR.CREDITO",
    "productos": [
        {
            "codigo": "I4yixtKmXC",
            "total": 13,
            "valor_unitario": 668215,
            "descuento": 0.37,
            "IVA": 19
        },
        {
            "codigo": "TQX26yi4wq",
            "total": 17,
            "valor_unitario": 145606,
            "descuento": 0.29,
            "IVA": 0
        },
        {
            "codigo": "ErJKppqZb3",
            "total": 6,
            "valor_unitario": 149697,
            "descuento": 0.13,
            "IVA": 0
        },
        {
            "codigo": "IBKaycfKb1",
            "total": 10,
            "valor_unitario": 663263,
            "descuento": 0.38,
            "IVA": 5
        },
        {
            "codigo": "DcsyMcZCok",
            "total": 9,
            "valor_unitario": 956615,
            "descuento": 0.17,
            "IVA": 0
        },
        {
            "codigo": "VxExDX9uVQ",
            "total": 15,
            "valor_unitario": 840632,
            "descuento": 0.29,
            "IVA": 5
        },
        {
            "codigo": "J8ARn0zKc9",
            "total": 8,
            "valor_unitario": 373234,
            "descuento": 0.42,
            "IVA": 0
        },
        {
            "codigo": "El8Rwl0OMy",
            "total": 17,
            "valor_unitario": 2702,
            "descuento": 0.24,
            "IVA": 19
        },
        {
            "codigo": "5MZrlzcUXq",
            "total": 2,
            "valor_unitario": 636760,
            "descuento": 0.37,
            "IVA": 0
        },
        {
            "codigo": "Sf3Z7gcHxM",
            "total": 11,
            "valor_unitario": 570924,
            "descuento": 0.43,
            "IVA": 0
        },
        {
            "codigo": "ViGltWXBmY",
            "total": 12,
            "valor_unitario": 181651,
            "descuento": 0.42,
            "IVA": 19
        },
        {
            "codigo": "4p2UuG3aNQ",
            "total": 16,
            "valor_unitario": 669767,
            "descuento": 0.1,
            "IVA": 19
        },
        {
            "codigo": "3SPNdGa1vg",
            "total": 2,
            "valor_unitario": 664283,
            "descuento": 0.28,
            "IVA": 0
        },
        {
            "codigo": "0PXa50Taeg",
            "total": 9,
            "valor_unitario": 847821,
            "descuento": 0.35,
            "IVA": 19
        },
        {
            "codigo": "DYw5hOpL1E",
            "total": 10,
            "valor_unitario": 278136,
            "descuento": 0.23,
            "IVA": 19
        }
    ]
}