{
    "empresa_nit": "123456789",
    "empresa_ciudad": "TUNJA",
    "empresa_sede": "terminal",
    "empresa_nombre": "MicroMercado El Mio",
    "fecha_hora": "2020-09-13 05:59:24",
    "factura_num": "01141",
    "ciente_numero": 794574038,
    "pago_tipo": "TAR.CREDITO",
    "productos": [
        {
            "codigo": "NVtALkp4e6",
            "total": 13,
            "valor_unitario": 528781,
            "descuento": 0.22,
            "IVA": 0
        },
        {
            "codigo": "gn6jlB2Nhv",
            "total": 17,
            "valor_unitario": 286308,
            "descuento": 0.44,
            "IVA": 5
        }
    ]
}