{
    "empresa_nit": "123456789",
    "empresa_ciudad": "TUNJA",
    "empresa_sede": "autopista",
    "empresa_nombre": "MicroMercado El Mio",
    "fecha_hora": "2024-05-23 15:20:28",
    "factura_num": "01249",
    "ciente_numero": 426409476,
    "pago_tipo": "TRANFERENCIA",
    "productos": [
        {
            "codigo": "dJ4b90qt22",
            "total": 6,
            "valor_unitario": 546115,
            "descuento": 0.46,
            "IVA": 19
        },
        {
            "codigo": "WVpCI5Y1p7",
            "total": 6,
            "valor_unitario": 519321,
            "descuento": 0.42,
            "IVA": 19
        },
        {
            "codigo": "CQpsFvzOV1",
            "total": 13,
            "valor_unitario": 433543,
            "descuento": 0.06,
            "IVA": 5
        },
        {
            "codigo": "v8UgNWGGQ7",
            "total": 13,
            "valor_unitario": 251498,
            "descuento": 0.21,
            "IVA": 5
        },
        {
            "codigo": "IQhgClYdmv",
            "total": 15,
            "valor_unitario": 496819,
            "descuento": 0.16,
            "IVA": 19
        },
        {
            "codigo": "vABoBUtPkK",
            "total": 15,
            "valor_unitario": 135337,
            "descuento": 0.19,
            "IVA": 19
        },
        {
            "codigo": "1y6skAEkTx",
            "total": 17,
            "valor_unitario": 586185,
            "descuento": 0.46,
            "IVA": 5
        },
        {
            "codigo": "JniufXnU4K",
            "total": 20,
            "valor_unitario": 969540,
            "descuento": 0.44,
            "IVA": 19
        },
        {
            "codigo": "rl2lI3gWxH",
            "total": 9,
            "valor_unitario": 650588,
            "descuento": 0.04,
            "IVA": 5
        },
        {
            "codigo": "rmykp1mEZE",
            "total": 19,
            "valor_unitario": 835834,
            "descuento": 0.29,
            "IVA": 0
        },
        {
            "codigo": "SEsK7os8v8",
            "total": 6,
            "valor_unitario": 571848,
            "descuento": 0.34,
            "IVA": 5
        },
        {
            "codigo": "w1xm5lbilC",
            "total": 17,
            "valor_unitario": 167161,
            "descuento": 0.07,
            "IVA": 19
        },
        {
            "codigo": "RhxDuoIt7L",
            "total": 13,
            "valor_unitario": 851864,
            "descuento": 0.13,
            "IVA": 0
        },
        {
            "codigo": "XpfyxsdF5P",
            "total": 17,
            "valor_unitario": 496437,
            "descuento": 0.26,
            "IVA": 5
        },
        {
            "codigo": "cFGlUClGvf",
            "total": 18,
            "valor_unitario": 941146,
            "descuento": 0.29,
            "IVA": 0
        }
    ]
}