{
    "empresa_nit": "123456789",
    "empresa_ciudad": "TUNJA",
    "empresa_sede": "plaza",
    "empresa_nombre": "MicroMercado El Mio",
    "fecha_hora": "2023-02-03 14:26:53",
    "factura_num": "01098",
    "ciente_numero": 350642911,
    "pago_tipo": "TAR.DEBITO",
    "productos": [
        {
            "codigo": "idN7lsCiYn",
            "total": 16,
            "valor_unitario": 786465,
            "descuento": 0.18,
            "IVA": 19
        },
        {
            "codigo": "8vSxojIyKP",
            "total": 14,
            "valor_unitario": 225021,
            "descuento": 0.14,
            "IVA": 0
        },
        {
            "codigo": "mVRv6zTEam",
            "total": 10,
            "valor_unitario": 150955,
            "descuento": 0.13,
            "IVA": 19
        },
        {
            "codigo": "zqxf5p94U7",
            "total": 17,
            "valor_unitario": 557246,
            "descuento": 0.38,
            "IVA": 5
        },
        {
            "codigo": "9nULzDa3BP",
            "total": 13,
            "valor_unitario": 837147,
            "descuento": 0.34,
            "IVA": 19
        },
        {
            "codigo": "Tsh79o0zoM",
            "total": 16,
            "valor_unitario": 694174,
            "descuento": 0.32,
            "IVA": 5
        },
        {
            "codigo": "SaTURN8Ko1",
            "total": 5,
            "valor_unitario": 390419,
            "descuento": 0.15,
            "IVA": 0
        },
        {
            "codigo": "9y3xPW0f8Z",
            "total": 17,
            "valor_unitario": 747424,
            "descuento": 0.06,
            "IVA": 0
        },
        {
            "codigo": "ZKFjHIdaGn",
            "total": 10,
            "valor_unitario": 430061,
            "descuento": 0.16,
            "IVA": 19
        },
        {
            "codigo": "hgKkECqypo",
            "total": 16,
            "valor_unitario": 807778,
            "descuento": 0.21,
            "IVA": 0
        },
        {
            "codigo": "rRrNfwQBkB",
            "total": 2,
            "valor_unitario": 334161,
            "descuento": 0.29,
            "IVA": 5
        },
        {
            "codigo": "bNM08LvZA3",
            "total": 17,
            "valor_unitario": 263448,
            "descuento": 0.04,
            "IVA": 0
        },
        {
            "codigo": "obOcDXplbw",
            "total": 1,
            "valor_unitario": 844573,
            "descuento": 0.06,
            "IVA": 19
        },
        {
            "codigo": "XqFReHAfh1",
            "total": 20,
            "valor_unitario": 911348,
            "descuento": 0.16,
            "IVA": 5
        }
    ]
}