{
    "empresa_nit": "123456789",
    "empresa_ciudad": "TUNJA",
    "empresa_sede": "centro",
    "empresa_nombre": "MicroMercado El Mio",
    "fecha_hora": "2024-05-05 10:08:39",
    "factura_num": "01418",
    "ciente_numero": 462851214,
    "pago_tipo": "EFECTIVO",
    "productos": [
        {
            "codigo": "qpKRv4Qu88",
            "total": 8,
            "valor_unitario": 37150,
            "descuento": 0.39,
            "IVA": 19
        },
        {
            "codigo": "ciQPKqTwXR",
            "total": 10,
            "valor_unitario": 573865,
            "descuento": 0.33,
            "IVA": 5
        },
        {
            "codigo": "fdxR2KNKll",
            "total": 8,
            "valor_unitario": 936538,
            "descuento": 0.3,
            "IVA": 19
        },
        {
            "codigo": "eR4HxwhJpS",
            "total": 20,
            "valor_unitario": 163463,
            "descuento": 0.01,
            "IVA": 5
        },
        {
            "codigo": "jfkCC7T2SS",
            "total": 7,
            "valor_unitario": 694397,
            "descuento": 0.48,
            "IVA": 5
        },
        {
            "codigo": "CHDhUaOPrC",
            "total": 20,
            "valor_unitario": 56114,
            "descuento": 0.02,
            "IVA": 0
        },
        {
            "codigo": "i0Diyg1qVX",
            "total": 3,
            "valor_unitario": 594563,
            "descuento": 0.29,
            "IVA": 19
        },
        {
            "codigo": "WeoxIGbsLX",
            "total": 14,
            "valor_unitario": 210135,
            "descuento": 0.38,
            "IVA": 19
        },
        {
            "codigo": "3jPuI5dZON",
            "total": 15,
            "valor_unitario": 864343,
            "descuento": 0.09,
            "IVA": 19
        },
        {
            "codigo": "pXxQluid5w",
            "total": 8,
            "valor_unitario": 767629,
            "descuento": 0.03,
            "IVA": 5
        },
        {
            "codigo": "4BTyLvBLIL",
            "total": 15,
            "valor_unitario": 29982,
            "descuento": 0.35,
            "IVA": 19
        },
        {
            "codigo": "MFZCyWQ0rW",
            "total": 11,
            "valor_unitario": 929296,
            "descuento": 0.36,
            "IVA": 19
        },
        {
            "codigo": "AFsugDvFh2",
            "total": 7,
            "valor_unitario": 417679,
            "descuento": 0.29,
            "IVA": 5
        },
        {
            "codigo": "lRXHlFPAe0",
            "total": 1,
            "valor_unitario": 475647,
            "descuento": 0.13,
            "IVA": 19
        }
    ]
}