{
    "empresa_nit": "123456789",
    "empresa_ciudad": "BOGOTA",
    "empresa_sede": "autopista",
    "empresa_nombre": "MicroMercado El Mio",
    "fecha_hora": "2022-11-12 06:47:06",
    "factura_num": "01179",
    "ciente_numero": 998185851,
    "pago_tipo": "EFECTIVO",
    "productos": [
        {
            "codigo": "ieIlaLfWtO",
            "total": 17,
            "valor_unitario": 692438,
            "descuento": 0.06,
            "IVA": 19
        },
        {
            "codigo": "B4MFyuOSiK",
            "total": 16,
            "valor_unitario": 958910,
            "descuento": 0.19,
            "IVA": 19
        },
        {
            "codigo": "DHusJippSF",
            "total": 12,
            "valor_unitario": 112390,
            "descuento": 0.27,
            "IVA": 0
        },
        {
            "codigo": "0tIeRl4fPq",
            "total": 5,
            "valor_unitario": 421677,
            "descuento": 0.1,
            "IVA": 0
        },
        {
            "codigo": "KcY2FGPhdh",
            "total": 3,
            "valor_unitario": 619633,
            "descuento": 0.45,
            "IVA": 19
        },
        {
            "codigo": "GL3SdbhZPM",
            "total": 19,
            "valor_unitario": 911848,
            "descuento": 0.02,
            "IVA": 5
        },
        {
            "codigo": "eB24COxz90",
            "total": 13,
            "valor_unitario": 16559,
            "descuento": 0.15,
            "IVA": 0
        },
        {
            "codigo": "Rs0tnvhC39",
            "total": 1,
            "valor_unitario": 488152,
            "descuento": 0.4,
            "IVA": 19
        },
        {
            "codigo": "xXN4P9aKhX",
            "total": 12,
            "valor_unitario": 725329,
            "descuento": 0.33,
            "IVA": 19
        },
        {
            "codigo": "6dG79CDsvX",
            "total": 14,
            "valor_unitario": 239627,
            "descuento": 0.25,
            "IVA": 5
        },
        {
            "codigo": "qDaSSO8jVy",
            "total": 8,
            "valor_unitario": 509610,
            "descuento": 0.18,
            "IVA": 19
        },
        {
            "codigo": "yVtRFC1xoh",
            "total": 20,
            "valor_unitario": 762366,
            "descuento": 0.04,
            "IVA": 0
        },
        {
            "codigo": "HYwg58Wr1V",
            "total": 5,
            "valor_unitario": 468315,
            "descuento": 0.21,
            "IVA": 5
        },
        {
            "codigo": "cwEyIA5SX5",
            "total": 10,
            "valor_unitario": 396591,
            "descuento": 0.19,
            "IVA": 5
        },
        {
            "codigo": "GOSxwcE1RC",
            "total": 2,
            "valor_unitario": 317981,
            "descuento": 0.22,
            "IVA": 0
        }
    ]
}