{
    "empresa_nit": "123456789",
    "empresa_ciudad": "TUNJA",
    "empresa_sede": "centro",
    "empresa_nombre": "MicroMercado El Mio",
    "fecha_hora": "2023-11-10 02:14:11",
    "factura_num": "01119",
    "ciente_numero": 882709054,
    "pago_tipo": "EFECTIVO",
    "productos": [
        {
            "codigo": "y1NHEChP4R",
            "total": 14,
            "valor_unitario": 482023,
            "descuento": 0.3,
            "IVA": 5
        },
        {
            "codigo": "dsR4HoNfPD",
            "total": 1,
            "valor_unitario": 885144,
            "descuento": 0.4,
            "IVA": 19
        },
        {
            "codigo": "T6mPOAStVR",
            "total": 1,
            "valor_unitario": 208858,
            "descuento": 0.02,
            "IVA": 0
        },
        {
            "codigo": "3OX7UVdcyi",
            "total": 13,
            "valor_unitario": 574783,
            "descuento": 0.04,
            "IVA": 5
        },
        {
            "codigo": "ip07u5lnnV",
            "total": 8,
            "valor_unitario": 326942,
            "descuento": 0.34,
            "IVA": 5
        },
        {
            "codigo": "nMr1pPgQRH",
            "total": 14,
            "valor_unitario": 331421,
            "descuento": 0.3,
            "IVA": 5
        },
        {
            "codigo": "G7Gez8RPLF",
            "total": 13,
            "valor_unitario": 551793,
            "descuento": 0.37,
            "IVA": 19
        },
        {
            "codigo": "Gw6xBtCmnH",
            "total": 7,
            "valor_unitario": 615928,
            "descuento": 0.24,
            "IVA": 5
        },
        {
            "codigo": "n53wBaVauB",
            "total": 8,
            "valor_unitario": 873622,
            "descuento": 0.08,
            "IVA": 19
        },
        {
            "codigo": "hw1ZZHba5G",
            "total": 7,
            "valor_unitario": 214346,
            "descuento": 0.03,
            "IVA": 19
        },
        {
            "codigo": "L4AZRBGdDH",
            "total": 6,
            "valor_unitario": 698962,
            "descuento": 0.18,
            "IVA": 19
        },
        {
            "codigo": "mcJ8ZRvwvQ",
            "total": 14,
            "valor_unitario": 537092,
            "descuento": 0.13,
            "IVA": 19
        }
    ]
}