{
    "empresa_nit": "123456789",
    "empresa_ciudad": "BOGOTA",
    "empresa_sede": "aeropuerto",
    "empresa_nombre": "MicroMercado El Mio",
    "fecha_hora": "2022-07-14 16:52:40",
    "factura_num": "01274",
    "ciente_numero": 77461488,
    "pago_tipo": "TAR.CREDITO",
    "productos": [
        {
            "codigo": "hkg3GS0dLr",
            "total": 7,
            "valor_unitario": 229650,
            "descuento": 0.33,
            "IVA": 19
        },
        {
            "codigo": "2yQkXf4vEl",
            "total": 17,
            "valor_unitario": 667735,
            "descuento": 0.37,
            "IVA": 0
        },
        {
            "codigo": "hinhUp9trL",
            "total": 17,
            "valor_unitario": 512859,
            "descuento": 0.48,
            "IVA": 0
        },
        {
            "codigo": "CucmbnLaJj",
            "total": 14,
            "valor_unitario": 469452,
            "descuento": 0.24,
            "IVA": 19
        },
        {
            "codigo": "RfdnpI4SO2",
            "total": 2,
            "valor_unitario": 336084,
            "descuento": 0.22,
            "IVA": 19
        },
        {
            "codigo": "pdWiOb50XT",
            "total": 9,
            "valor_unitario": 699151,
            "descuento": 0.19,
            "IVA": 19
        },
        {
            "codigo": "cThAbpRk59",
            "total": 19,
            "valor_unitario": 311164,
            "descuento": 0.4,
            "IVA": 0
        },
        {
            "codigo": "KHUthzwBcI",
            "total": 7,
            "valor_unitario": 336526,
            "descuento": 0.37,
            "IVA": 0
        },
        {
            "codigo": "QQLI56HDyQ",
            "total": 1,
            "valor_unitario": 59282,
            "descuento": 0.18,
            "IVA": 0
        }
    ]
}