{
    "empresa_nit": "123456789",
    "empresa_ciudad": "BARRANQUILLA",
    "empresa_sede": "plaza",
    "empresa_nombre": "MicroMercado El Mio",
    "fecha_hora": "2020-04-19 23:03:00",
    "factura_num": "01426",
    "ciente_numero": 382427118,
    "pago_tipo": "TAR.CREDITO",
    "productos": [
        {
            "codigo": "svnfshKwDW",
            "total": 8,
            "valor_unitario": 984154,
            "descuento": 0.29,
            "IVA": 5
        },
        {
            "codigo": "ocjFzkb1TJ",
            "total": 12,
            "valor_unitario": 494680,
            "descuento": 0.02,
            "IVA": 0
        },
        {
            "codigo": "oMckd9Dkuj",
            "total": 1,
            "valor_unitario": 817441,
            "descuento": 0.13,
            "IVA": 19
        },
        {
            "codigo": "wLRlTTNaS5",
            "total": 18,
            "valor_unitario": 167261,
            "descuento": 0.41,
            "IVA": 5
        },
        {
            "codigo": "BntHchvVSL",
            "total": 4,
            "valor_unitario": 659219,
            "descuento": 0.22,
            "IVA": 0
        },
        {
            "codigo": "X03jc5866c",
            "total": 10,
            "valor_unitario": 939618,
            "descuento": 0.46,
            "IVA": 19
        },
        {
            "codigo": "QKaZuzs1Xo",
            "total": 10,
            "valor_unitario": 469830,
            "descuento": 0.22,
            "IVA": 5
        },
        {
            "codigo": "aRvNJxLoSg",
            "total": 6,
            "valor_unitario": 503042,
            "descuento": 0.49,
            "IVA": 0
        },
        {
            "codigo": "bpWaDygjAe",
            "total": 8,
            "valor_unitario": 622091,
            "descuento": 0.08,
            "IVA": 0
        },
        {
            "codigo": "8FiMuYTiUk",
            "total": 2,
            "valor_unitario": 896585,
            "descuento": 0.13,
            "IVA": 5
        },
        {
            "codigo": "e5W0uJY1jm",
            "total": 15,
            "valor_unitario": 355026,
            "descuento": 0.3,
            "IVA": 0
        },
        {
            "codigo": "BhM52MRwdC",
            "total": 7,
            "valor_unitario": 305728,
            "descuento": 0.06,
            "IVA": 0
        },
        {
            "codigo": "581LHqubqg",
            "total": 17,
            "valor_unitario": 438033,
            "descuento": 0.21,
            "IVA": 19
        },
        {
            "codigo": "2Tj3MgVlkg",
            "total": 3,
            "valor_unitario": 250988,
            "descuento": 0.29,
            "IVA": 5
        },
        {
            "codigo": "JDFMHLnD1e",
            "total": 18,
            "valor_unitario": 600688,
            "descuento": 0.09,
            "IVA": 0
        }
    ]
}