{
    "empresa_nit": "123456789",
    "empresa_ciudad": "CALI",
    "empresa_sede": "alcaldia",
    "empresa_nombre": "MicroMercado El Mio",
    "fecha_hora": "2024-12-16 06:35:57",
    "factura_num": "00119",
    "ciente_numero": 120127939,
    "pago_tipo": "EFECTIVO",
    "productos": [
        {
            "codigo": "loJetzJWkP",
            "total": 2,
            "valor_unitario": 751418,
            "descuento": 0.17,
            "IVA": 5
        },
        {
            "codigo": "6Fttxud55g",
            "total": 19,
            "valor_unitario": 610423,
            "descuento": 0.21,
            "IVA": 0
        },
        {
            "codigo": "DG00PxRvKG",
            "total": 19,
            "valor_unitario": 440165,
            "descuento": 0.33,
            "IVA": 0
        },
        {
            "codigo": "9s9JRiwaMt",
            "total": 3,
            "valor_unitario": 812606,
            "descuento": 0.42,
            "IVA": 0
        }
    ]
}