{
    "empresa_nit": "123456789",
    "empresa_ciudad": "BARRANQUILLA",
    "empresa_sede": "plaza",
    "empresa_nombre": "MicroMercado El Mio",
    "fecha_hora": "2023-01-16 11:23:39",
    "factura_num": "01054",
    "ciente_numero": 916857548,
    "pago_tipo": "TAR.CREDITO",
    "productos": [
        {
            "codigo": "6UZgC5UxyG",
            "total": 14,
            "valor_unitario": 986652,
            "descuento": 0.43,
            "IVA": 0
        },
        {
            "codigo": "hxnn8sp71I",
            "total": 5,
            "valor_unitario": 899910,
            "descuento": 0.38,
            "IVA": 5
        },
        {
            "codigo": "AZ98qmf4go",
            "total": 1,
            "valor_unitario": 2022,
            "descuento": 0.03,
            "IVA": 0
        },
        {
            "codigo": "gPmpZIZxJl",
            "total": 17,
            "valor_unitario": 760955,
            "descuento": 0.12,
            "IVA": 0
        }
    ]
}