{
    "empresa_nit": "123456789",
    "empresa_ciudad": "BARRANQUILLA",
    "empresa_sede": "aeropuerto",
    "empresa_nombre": "MicroMercado El Mio",
    "fecha_hora": "2023-02-13 07:40:43",
    "factura_num": "01173",
    "ciente_numero": 256046479,
    "pago_tipo": "TAR.CREDITO",
    "productos": [
        {
            "codigo": "1wFEAxGU2G",
            "total": 19,
            "valor_unitario": 39729,
            "descuento": 0.16,
            "IVA": 19
        },
        {
            "codigo": "oIyU4oRzaz",
            "total": 14,
            "valor_unitario": 487868,
            "descuento": 0.03,
            "IVA": 19
        },
        {
            "codigo": "ElM4ZM7sdG",
            "total": 12,
            "valor_unitario": 522036,
            "descuento": 0.12,
            "IVA": 19
        },
        {
            "codigo": "HNDQWxWbmY",
            "total": 11,
            "valor_unitario": 980503,
            "descuento": 0.35,
            "IVA": 0
        },
        {
            "codigo": "Gct8jLT9tU",
            "total": 17,
            "valor_unitario": 89731,
            "descuento": 0.26,
            "IVA": 5
        }
    ]
}