{
    "empresa_nit": "123456789",
    "empresa_ciudad": "BOGOTA",
    "empresa_sede": "plaza",
    "empresa_nombre": "MicroMercado El Mio",
    "fecha_hora": "2023-06-27 09:55:02",
    "factura_num": "00102",
    "ciente_numero": 986895678,
    "pago_tipo": "TAR.CREDITO",
    "productos": [
        {
            "codigo": "3RsaCNJMcv",
            "total": 19,
            "valor_unitario": 844187,
            "descuento": 0.04,
            "IVA": 5
        },
        {
            "codigo": "1v7Iw46xXG",
            "total": 11,
            "valor_unitario": 305850,
            "descuento": 0.49,
            "IVA": 19
        },
        {
            "codigo": "02y9HuaHp7",
            "total": 8,
            "valor_unitario": 316921,
            "descuento": 0.42,
            "IVA": 19
        },
        {
            "codigo": "ZLhIN1pe8q",
            "total": 16,
            "valor_unitario": 140370,
            "descuento": 0.02,
            "IVA": 0
        },
        {
            "codigo": "2cYfnD3Ueh",
            "total": 14,
            "valor_unitario": 482650,
            "descuento": 0.42,
            "IVA": 5
        },
        {
            "codigo": "ZvYunWz01p",
            "total": 2,
            "valor_unitario": 562534,
            "descuento": 0.07,
            "IVA": 19
        },
        {
            "codigo": "ckCl3o43f4",
            "total": 10,
            "valor_unitario": 492287,
            "descuento": 0.32,
            "IVA": 5
        },
        {
            "codigo": "OtRYjJrpeb",
            "total": 17,
            "valor_unitario": 995658,
            "descuento": 0.36,
            "IVA": 5
        },
        {
            "codigo": "cRfFqYmbZW",
            "total": 1,
            "valor_unitario": 542383,
            "descuento": 0.05,
            "IVA": 19
        },
        {
            "codigo": "hHPSjY8MDz",
            "total": 12,
            "valor_unitario": 131964,
            "descuento": 0.27,
            "IVA": 19
        },
        {
            "codigo": "OPMijzRDAp",
            "total": 2,
            "valor_unitario": 66711,
            "descuento": 0.18,
            "IVA": 5
        },
        {
            "codigo": "aggl7HlBjX",
            "total": 2,
            "valor_unitario": 216730,
            "descuento": 0.38,
            "IVA": 19
        },
        {
            "codigo": "RajKDuQiDF",
            "total": 13,
            "valor_unitario": 946961,
            "descuento": 0.06,
            "IVA": 19
        },
        {
            "codigo": "dDaFVx6Yqk",
            "total": 20,
            "valor_unitario": 577282,
            "descuento": 0.12,
            "IVA": 0
        },
        {
            "codigo": "1KdPtZE0q4",
            "total": 1,
            "valor_unitario": 688501,
            "descuento": 0.22,
            "IVA": 0
        },
        {
            "codigo": "SY0TEDKDCb",
            "total": 14,
            "valor_unitario": 163775,
            "descuento": 0.38,
            "IVA": 0
        },
        {
            "codigo": "oL2lzqkSfR",
            "total": 5,
            "valor_unitario": 981261,
            "descuento": 0.03,
            "IVA": 5
        },
        {
            "codigo": "dM0JhDiLyP",
            "total": 4,
            "valor_unitario": 855668,
            "descuento": 0.39,
            "IVA": 19
        },
        {
            "codigo": "6bApWMEWSa",
            "total": 9,
            "valor_unitario": 537104,
            "descuento": 0.34,
            "IVA": 5
        }
    ]
}