{
    "empresa_nit": "123456789",
    "empresa_ciudad": "BARRANQUILLA",
    "empresa_sede": "terminal",
    "empresa_nombre": "MicroMercado El Mio",
    "fecha_hora": "2020-04-01 11:53:53",
    "factura_num": "01231",
    "ciente_numero": 614709744,
    "pago_tipo": "TRANFERENCIA",
    "productos": [
        {
            "codigo": "nweLY9vwCl",
            "total": 1,
            "valor_unitario": 517155,
            "descuento": 0.33,
            "IVA": 5
        },
        {
            "codigo": "h2SAIyWW0B",
            "total": 14,
            "valor_unitario": 65145,
            "descuento": 0.47,
            "IVA": 19
        },
        {
            "codigo": "rAA7CDAkAC",
            "total": 11,
            "valor_unitario": 163118,
            "descuento": 0.02,
            "IVA": 0
        },
        {
            "codigo": "DLBwZFUHwW",
            "total": 19,
            "valor_unitario": 326634,
            "descuento": 0.11,
            "IVA": 0
        },
        {
            "codigo": "VPpJotcqWv",
            "total": 18,
            "valor_unitario": 740705,
            "descuento": 0.33,
            "IVA": 19
        },
        {
            "codigo": "RIf2b4km81",
            "total": 4,
            "valor_unitario": 698988,
            "descuento": 0.35,
            "IVA": 19
        },
        {
            "codigo": "ZikiEFWvbv",
            "total": 19,
            "valor_unitario": 969142,
            "descuento": 0.06,
            "IVA": 19
        },
        {
            "codigo": "h5XXjPwH1l",
            "total": 16,
            "valor_unitario": 452334,
            "descuento": 0.0,
            "IVA": 0
        }
    ]
}