{
    "empresa_nit": "123456789",
    "empresa_ciudad": "MEDELLIN",
    "empresa_sede": "autopista",
    "empresa_nombre": "MicroMercado El Mio",
    "fecha_hora": "2020-08-28 07:51:28",
    "factura_num": "01440",
    "ciente_numero": 829504932,
    "pago_tipo": "EFECTIVO",
    "productos": [
        {
            "codigo": "Q84BGUicIw",
            "total": 12,
            "valor_unitario": 415676,
            "descuento": 0.42,
            "IVA": 19
        },
        {
            "codigo": "ypw9dloRF3",
            "total": 10,
            "valor_unitario": 639653,
            "descuento": 0.05,
            "IVA": 5
        },
        {
            "codigo": "OjubPoSZNO",
            "total": 2,
            "valor_unitario": 309190,
            "descuento": 0.18,
            "IVA": 0
        },
        {
            "codigo": "eIZpDVjKDP",
            "total": 4,
            "valor_unitario": 715338,
            "descuento": 0.5,
            "IVA": 0
        },
        {
            "codigo": "6KFvHIo5fe",
            "total": 3,
            "valor_unitario": 113933,
            "descuento": 0.02,
            "IVA": 19
        },
        {
            "codigo": "7c0DNCE521",
            "total": 13,
            "valor_unitario": 702871,
            "descuento": 0.28,
            "IVA": 5
        },
        {
            "codigo": "RhJpUuEDjj",
            "total": 10,
            "valor_unitario": 782192,
            "descuento": 0.19,
            "IVA": 5
        },
        {
            "codigo": "hQ8x1g4pXe",
            "total": 14,
            "valor_unitario": 409188,
            "descuento": 0.35,
            "IVA": 5
        },
        {
            "codigo": "MigIUxMnAQ",
            "total": 2,
            "valor_unitario": 906545,
            "descuento": 0.45,
            "IVA": 5
        },
        {
            "codigo": "HTODmkLphk",
            "total": 20,
            "valor_unitario": 833627,
            "descuento": 0.11,
            "IVA": 19
        }
    ]
}