{
    "empresa_nit": "123456789",
    "empresa_ciudad": "MEDELLIN",
    "empresa_sede": "autopista",
    "empresa_nombre": "MicroMercado El Mio",
    "fecha_hora": "2021-05-31 07:19:30",
    "factura_num": "00012",
    "ciente_numero": 967155901,
    "pago_tipo": "TAR.DEBITO",
    "productos": [
        {
            "codigo": "WsCPDd9KMc",
            "total": 6,
            "valor_unitario": 371104,
            "descuento": 0.16,
            "IVA": 5
        },
        {
            "codigo": "96d7xBak0b",
            "total": 20,
            "valor_unitario": 69261,
            "descuento": 0.17,
            "IVA": 0
        },
        {
            "codigo": "76fQ8PEOsj",
            "total": 12,
            "valor_unitario": 987929,
            "descuento": 0.23,
            "IVA": 5
        },
        {
            "codigo": "qqgQQhrqwW",
            "total": 14,
            "valor_unitario": 429868,
            "descuento": 0.41,
            "IVA": 19
        },
        {
            "codigo": "VptMNQdqg9",
            "total": 9,
            "valor_unitario": 2781,
            "descuento": 0.32,
            "IVA": 0
        },
        {
            "codigo": "4NT4NGDWZf",
            "total": 6,
            "valor_unitario": 374711,
            "descuento": 0.22,
            "IVA": 0
        },
        {
            "codigo": "xPio61q5qd",
            "total": 1,
            "valor_unitario": 79639,
            "descuento": 0.23,
            "IVA": 19
        },
        {
            "codigo": "QDZJrxXGtO",
            "total": 11,
            "valor_unitario": 658448,
            "descuento": 0.17,
            "IVA": 0
        },
        {
            "codigo": "e8yCF8uib7",
            "total": 19,
            "valor_unitario": 966198,
            "descuento": 0.11,
            "IVA": 5
        },
        {
            "codigo": "096RErrCHt",
            "total": 20,
            "valor_unitario": 55829,
            "descuento": 0.49,
            "IVA": 0
        },
        {
            "codigo": "o2Vf0NX3qk",
            "total": 13,
            "valor_unitario": 948405,
            "descuento": 0.15,
            "IVA": 19
        },
        {
            "codigo": "nr4EigGfCI",
            "total": 2,
            "valor_unitario": 61188,
            "descuento": 0.28,
            "IVA": 0
        },
        {
            "codigo": "d9xNgW9l0L",
            "total": 14,
            "valor_unitario": 158526,
            "descuento": 0.38,
            "IVA": 0
        },
        {
            "codigo": "nMjwyukxjb",
            "total": 14,
            "valor_unitario": 909413,
            "descuento": 0.47,
            "IVA": 0
        }
    ]
}