{
    "empresa_nit": "123456789",
    "empresa_ciudad": "MEDELLIN",
    "empresa_sede": "centro",
    "empresa_nombre": "MicroMercado El Mio",
    "fecha_hora": "2021-07-28 21:38:00",
    "factura_num": "01416",
    "ciente_numero": 559556833,
    "pago_tipo": "TAR.CREDITO",
    "productos": [
        {
            "codigo": "rsyC72aPLD",
            "total": 11,
            "valor_unitario": 502065,
            "descuento": 0.41,
            "IVA": 5
        },
        {
            "codigo": "JwYm6j5VHD",
            "total": 17,
            "valor_unitario": 123156,
            "descuento": 0.13,
            "IVA": 19
        },
        {
            "codigo": "eBA9dLeNNz",
            "total": 10,
            "valor_unitario": 261166,
            "descuento": 0.49,
            "IVA": 5
        },
        {
            "codigo": "OKDXmzZSOV",
            "total": 19,
            "valor_unitario": 701986,
            "descuento": 0.43,
            "IVA": 19
        }
    ]
}