{
    "empresa_nit": "123456789",
    "empresa_ciudad": "BARRANQUILLA",
    "empresa_sede": "autopista",
    "empresa_nombre": "MicroMercado El Mio",
    "fecha_hora": "2020-03-03 15:20:47",
    "factura_num": "01176",
    "ciente_numero": 185725844,
    "pago_tipo": "EFECTIVO",
    "productos": [
        {
            "codigo": "uw4ccxl10O",
            "total": 18,
            "valor_unitario": 927954,
            "descuento": 0.19,
            "IVA": 19
        },
        {
            "codigo": "ITq6v65HM6",
            "total": 16,
            "valor_unitario": 957227,
            "descuento": 0.4,
            "IVA": 0
        },
        {
            "codigo": "PJX68GsjEG",
            "total": 17,
            "valor_unitario": 71196,
            "descuento": 0.32,
            "IVA": 5
        },
        {
            "codigo": "AshXPKNtVS",
            "total": 14,
            "valor_unitario": 211634,
            "descuento": 0.39,
            "IVA": 5
        },
        {
            "codigo": "kDRFLjNO8b",
            "total": 8,
            "valor_unitario": 55893,
            "descuento": 0.28,
            "IVA": 5
        },
        {
            "codigo": "v6u1ZXPUz1",
            "total": 8,
            "valor_unitario": 362936,
            "descuento": 0.32,
            "IVA": 0
        },
        {
            "codigo": "fkM3vWSjN4",
            "total": 13,
            "valor_unitario": 799286,
            "descuento": 0.15,
            "IVA": 0
        }
    ]
}