{
    "empresa_nit": "123456789",
    "empresa_ciudad": "BARRANQUILLA",
    "empresa_sede": "alcaldia",
    "empresa_nombre": "MicroMercado El Mio",
    "fecha_hora": "2024-04-14 19:01:24",
    "factura_num": "01397",
    "ciente_numero": 179447857,
    "pago_tipo": "TAR.CREDITO",
    "productos": [
        {
            "codigo": "QC1yq2j62K",
            "total": 11,
            "valor_unitario": 237329,
            "descuento": 0.21,
            "IVA": 19
        },
        {
            "codigo": "FtrH12znXl",
            "total": 14,
            "valor_unitario": 24397,
            "descuento": 0.21,
            "IVA": 0
        },
        {
            "codigo": "8HCDPwp4dJ",
            "total": 13,
            "valor_unitario": 585830,
            "descuento": 0.05,
            "IVA": 19
        },
        {
            "codigo": "Wkcac2j3GJ",
            "total": 10,
            "valor_unitario": 827470,
            "descuento": 0.21,
            "IVA": 0
        },
        {
            "codigo": "EAXXS4qfHf",
            "total": 15,
            "valor_unitario": 587039,
            "descuento": 0.24,
            "IVA": 0
        },
        {
            "codigo": "VeFtmjmlu2",
            "total": 12,
            "valor_unitario": 31472,
            "descuento": 0.28,
            "IVA": 19
        },
        {
            "codigo": "M3tVEJS2Uq",
            "total": 8,
            "valor_unitario": 392182,
            "descuento": 0.01,
            "IVA": 0
        },
        {
            "codigo": "NJGzfgcz5L",
            "total": 20,
            "valor_unitario": 860473,
            "descuento": 0.18,
            "IVA": 5
        },
        {
            "codigo": "8xuyCqQlGD",
            "total": 12,
            "valor_unitario": 215281,
            "descuento": 0.02,
            "IVA": 0
        },
        {
            "codigo": "rqE4MjoCfg",
            "total": 2,
            "valor_unitario": 891980,
            "descuento": 0.33,
            "IVA": 19
        },
        {
            "codigo": "qmPGaMzyKu",
            "total": 8,
            "valor_unitario": 856070,
            "descuento": 0.07,
            "IVA": 19
        },
        {
            "codigo": "OvkJoL29Iy",
            "total": 5,
            "valor_unitario": 812351,
            "descuento": 0.17,
            "IVA": 5
        },
        {
            "codigo": "LuvsErSGz2",
            "total": 8,
            "valor_unitario": 649015,
            "descuento": 0.08,
            "IVA": 5
        },
        {
            "codigo": "pY7t0pqCXz",
            "total": 10,
            "valor_unitario": 419892,
            "descuento": 0.1,
            "IVA": 19
        },
        {
            "codigo": "8Wn8e2b1vE",
            "total": 10,
            "valor_unitario": 821701,
            "descuento": 0.02,
            "IVA": 5
        },
        {
            "codigo": "VQdrqlQRyN",
            "total": 10,
            "valor_unitario": 868434,
            "descuento": 0.22,
            "IVA": 19
        },
        {
            "codigo": "lrM75RDLmc",
            "total": 15,
            "valor_unitario": 663350,
            "descuento": 0.35,
            "IVA": 5
        }
    ]
}