{
    "empresa_nit": "123456789",
    "empresa_ciudad": "BOGOTA",
    "empresa_sede": "terminal",
    "empresa_nombre": "MicroMercado El Mio",
    "fecha_hora": "2021-12-01 04:12:29",
    "factura_num": "01181",
    "ciente_numero": 972940800,
    "pago_tipo": "EFECTIVO",
    "productos": [
        {
            "codigo": "u5CSuc8odE",
            "total": 8,
            "valor_unitario": 996420,
            "descuento": 0.42,
            "IVA": 19
        },
        {
            "codigo": "9DmVr1KvCV",
            "total": 17,
            "valor_unitario": 865521,
            "descuento": 0.31,
            "IVA": 0
        }
    ]
}