{
    "empresa_nit": "123456789",
    "empresa_ciudad": "CALI",
    "empresa_sede": "plaza",
    "empresa_nombre": "MicroMercado El Mio",
    "fecha_hora": "2022-10-27 15:14:21",
    "factura_num": "01080",
    "ciente_numero": 876602460,
    "pago_tipo": "EFECTIVO",
    "productos": [
        {
            "codigo": "mM74Ud5fCC",
            "total": 17,
            "valor_unitario": 823948,
            "descuento": 0.29,
            "IVA": 5
        },
        {
            "codigo": "F6FFn4ssmS",
            "total": 5,
            "valor_unitario": 402001,
            "descuento": 0.35,
            "IVA": 0
        },
        {
            "codigo": "PlRlCO6gsc",
            "total": 20,
            "valor_unitario": 728862,
            "descuento": 0.19,
            "IVA": 5
        },
        {
            "codigo": "CJnO1m4pKX",
            "total": 4,
            "valor_unitario": 542828,
            "descuento": 0.13,
            "IVA": 5
        },
        {
            "codigo": "gqKnx5tuFK",
            "total": 8,
            "valor_unitario": 377701,
            "descuento": 0.26,
            "IVA": 19
        },
        {
            "codigo": "n4ECMh2iiT",
            "total": 4,
            "valor_unitario": 717911,
            "descuento": 0.46,
            "IVA": 19
        },
        {
            "codigo": "KdrtfoOWTw",
            "total": 13,
            "valor_unitario": 548577,
            "descuento": 0.3,
            "IVA": 5
        },
        {
            "codigo": "NoaAbgrd6S",
            "total": 6,
            "valor_unitario": 342637,
            "descuento": 0.46,
            "IVA": 0
        },
        {
            "codigo": "3MeLkXfvlF",
            "total": 14,
            "valor_unitario": 328037,
            "descuento": 0.37,
            "IVA": 5
        }
    ]
}