{
    "empresa_nit": "123456789",
    "empresa_ciudad": "MEDELLIN",
    "empresa_sede": "aeropuerto",
    "empresa_nombre": "MicroMercado El Mio",
    "fecha_hora": "2021-01-16 12:16:24",
    "factura_num": "01239",
    "ciente_numero": 832922550,
    "pago_tipo": "EFECTIVO",
    "productos": [
        {
            "codigo": "Zl8NnDwmfK",
            "total": 7,
            "valor_unitario": 578708,
            "descuento": 0.22,
            "IVA": 19
        },
        {
            "codigo": "Th3Tx0Qlcg",
            "total": 17,
            "valor_unitario": 214028,
            "descuento": 0.17,
            "IVA": 19
        },
        {
            "codigo": "oR70iz6be7",
            "total": 2,
            "valor_unitario": 502736,
            "descuento": 0.17,
            "IVA": 5
        },
        {
            "codigo": "mv0DHUuwSu",
            "total": 6,
            "valor_unitario": 97122,
            "descuento": 0.29,
            "IVA": 19
        },
        {
            "codigo": "V4KuqSCWHI",
            "total": 9,
            "valor_unitario": 837044,
            "descuento": 0.42,
            "IVA": 5
        },
        {
            "codigo": "4WpHQGyGi3",
            "total": 16,
            "valor_unitario": 950010,
            "descuento": 0.33,
            "IVA": 0
        },
        {
            "codigo": "HHn1skTiVO",
            "total": 17,
            "valor_unitario": 494331,
            "descuento": 0.41,
            "IVA": 5
        },
        {
            "codigo": "GYrJwTK5gQ",
            "total": 5,
            "valor_unitario": 761219,
            "descuento": 0.11,
            "IVA": 19
        },
        {
            "codigo": "Pqo2NltU0f",
            "total": 13,
            "valor_unitario": 624816,
            "descuento": 0.34,
            "IVA": 19
        },
        {
            "codigo": "QzFig2eL2R",
            "total": 8,
            "valor_unitario": 847340,
            "descuento": 0.32,
            "IVA": 0
        },
        {
            "codigo": "tWDcD0gnHF",
            "total": 10,
            "valor_unitario": 870580,
            "descuento": 0.49,
            "IVA": 19
        },
        {
            "codigo": "1qYMVp2pIV",
            "total": 10,
            "valor_unitario": 245287,
            "descuento": 0.43,
            "IVA": 0
        },
        {
            "codigo": "3q4JRvHzv9",
            "total": 17,
            "valor_unitario": 134788,
            "descuento": 0.17,
            "IVA": 19
        },
        {
            "codigo": "qrMhNwKgat",
            "total": 14,
            "valor_unitario": 670266,
            "descuento": 0.07,
            "IVA": 0
        },
        {
            "codigo": "AGayoCCDUx",
            "total": 4,
            "valor_unitario": 672107,
            "descuento": 0.16,
            "IVA": 5
        }
    ]
}