{
    "empresa_nit": "123456789",
    "empresa_ciudad": "BARRANQUILLA",
    "empresa_sede": "centro",
    "empresa_nombre": "MicroMercado El Mio",
    "fecha_hora": "2024-11-08 00:41:52",
    "factura_num": "00112",
    "ciente_numero": 855209921,
    "pago_tipo": "TAR.DEBITO",
    "productos": [
        {
            "codigo": "0XT1ywyfu0",
            "total": 7,
            "valor_unitario": 783814,
            "descuento": 0.39,
            "IVA": 5
        },
        {
            "codigo": "QCoJaJ2ZFk",
            "total": 8,
            "valor_unitario": 288257,
            "descuento": 0.18,
            "IVA": 5
        },
        {
            "codigo": "cxZuzXRnTu",
            "total": 15,
            "valor_unitario": 158930,
            "descuento": 0.21,
            "IVA": 5
        },
        {
            "codigo": "zMIyikyr0N",
            "total": 16,
            "valor_unitario": 495717,
            "descuento": 0.38,
            "IVA": 5
        },
        {
            "codigo": "FmoDsX3XTr",
            "total": 16,
            "valor_unitario": 524601,
            "descuento": 0.12,
            "IVA": 5
        },
        {
            "codigo": "n6oUohGAMA",
            "total": 2,
            "valor_unitario": 848147,
            "descuento": 0.32,
            "IVA": 19
        },
        {
            "codigo": "l5F40WuZJh",
            "total": 14,
            "valor_unitario": 857527,
            "descuento": 0.23,
            "IVA": 5
        }
    ]
}