{
    "empresa_nit": "123456789",
    "empresa_ciudad": "MEDELLIN",
    "empresa_sede": "aeropuerto",
    "empresa_nombre": "MicroMercado El Mio",
    "fecha_hora": "2020-04-24 09:13:49",
    "factura_num": "01196",
    "ciente_numero": 334375378,
    "pago_tipo": "TRANFERENCIA",
    "productos": [
        {
            "codigo": "dl4f7IRJ7A",
            "total": 9,
            "valor_unitario": 500931,
            "descuento": 0.42,
            "IVA": 19
        },
        {
            "codigo": "PwLJLt9OVN",
            "total": 19,
            "valor_unitario": 794763,
            "descuento": 0.47,
            "IVA": 5
        },
        {
            "codigo": "f6pWF8Lytj",
            "total": 7,
            "valor_unitario": 9604,
            "descuento": 0.35,
            "IVA": 5
        },
        {
            "codigo": "UlRGI3hNzE",
            "total": 18,
            "valor_unitario": 443692,
            "descuento": 0.5,
            "IVA": 19
        },
        {
            "codigo": "2g8hHUhdGd",
            "total": 16,
            "valor_unitario": 443022,
            "descuento": 0.27,
            "IVA": 0
        },
        {
            "codigo": "mkwOB03m35",
            "total": 1,
            "valor_unitario": 224978,
            "descuento": 0.07,
            "IVA": 19
        },
        {
            "codigo": "oO7Q0Hac95",
            "total": 9,
            "valor_unitario": 74749,
            "descuento": 0.18,
            "IVA": 0
        },
        {
            "codigo": "NzOMrxECKp",
            "total": 20,
            "valor_unitario": 26920,
            "descuento": 0.07,
            "IVA": 0
        },
        {
            "codigo": "ekweR01QNr",
            "total": 10,
            "valor_unitario": 73360,
            "descuento": 0.45,
            "IVA": 19
        }
    ]
}