{
    "empresa_nit": "123456789",
    "empresa_ciudad": "TUNJA",
    "empresa_sede": "terminal",
    "empresa_nombre": "MicroMercado El Mio",
    "fecha_hora": "2020-05-27 23:45:00",
    "factura_num": "01349",
    "ciente_numero": 391967156,
    "pago_tipo": "TAR.DEBITO",
    "productos": [
        {
            "codigo": "d3U8Wx3evL",
            "total": 10,
            "valor_unitario": 489984,
            "descuento": 0.08,
            "IVA": 19
        },
        {
            "codigo": "6kVvVmY0t1",
            "total": 17,
            "valor_unitario": 708227,
            "descuento": 0.45,
            "IVA": 0
        },
        {
            "codigo": "lPGihM1keH",
            "total": 14,
            "valor_unitario": 408818,
            "descuento": 0.18,
            "IVA": 0
        },
        {
            "codigo": "6H6CqFhqz9",
            "total": 4,
            "valor_unitario": 474492,
            "descuento": 0.27,
            "IVA": 19
        },
        {
            "codigo": "NDMrNf2loQ",
            "total": 3,
            "valor_unitario": 337259,
            "descuento": 0.16,
            "IVA": 5
        },
        {
            "codigo": "THJMTdUXxY",
            "total": 18,
            "valor_unitario": 278152,
            "descuento": 0.05,
            "IVA": 0
        },
        {
            "codigo": "Fm24PS8QtJ",
            "total": 9,
            "valor_unitario": 134879,
            "descuento": 0.48,
            "IVA": 0
        }
    ]
}