{
    "empresa_nit": "123456789",
    "empresa_ciudad": "BARRANQUILLA",
    "empresa_sede": "aeropuerto",
    "empresa_nombre": "MicroMercado El Mio",
    "fecha_hora": "2022-04-30 10:45:20",
    "factura_num": "01162",
    "ciente_numero": 840165269,
    "pago_tipo": "TAR.CREDITO",
    "productos": [
        {
            "codigo": "zcWZpkzmwQ",
            "total": 11,
            "valor_unitario": 553071,
            "descuento": 0.04,
            "IVA": 5
        },
        {
            "codigo": "gNj49jcQxS",
            "total": 16,
            "valor_unitario": 5542,
            "descuento": 0.27,
            "IVA": 5
        },
        {
            "codigo": "jU7LItYLiO",
            "total": 15,
            "valor_unitario": 213028,
            "descuento": 0.27,
            "IVA": 0
        },
        {
            "codigo": "zSrDo9Y5Er",
            "total": 11,
            "valor_unitario": 12258,
            "descuento": 0.16,
            "IVA": 5
        },
        {
            "codigo": "tcfJE5M3rN",
            "total": 10,
            "valor_unitario": 269369,
            "descuento": 0.21,
            "IVA": 0
        },
        {
            "codigo": "3FzY8cFuID",
            "total": 14,
            "valor_unitario": 734568,
            "descuento": 0.32,
            "IVA": 5
        }
    ]
}