{
    "empresa_nit": "123456789",
    "empresa_ciudad": "BOGOTA",
    "empresa_sede": "aeropuerto",
    "empresa_nombre": "MicroMercado El Mio",
    "fecha_hora": "2023-03-11 07:16:54",
    "factura_num": "01004",
    "ciente_numero": 332760598,
    "pago_tipo": "TAR.CREDITO",
    "productos": [
        {
            "codigo": "1twzEkRjsg",
            "total": 17,
            "valor_unitario": 521843,
            "descuento": 0.22,
            "IVA": 0
        },
        {
            "codigo": "0m9MSCx4k2",
            "total": 2,
            "valor_unitario": 607401,
            "descuento": 0.42,
            "IVA": 5
        },
        {
            "codigo": "2XUfMS4LmK",
            "total": 10,
            "valor_unitario": 521472,
            "descuento": 0.13,
            "IVA": 5
        },
        {
            "codigo": "biZOASCnWI",
            "total": 14,
            "valor_unitario": 763077,
            "descuento": 0.2,
            "IVA": 0
        },
        {
            "codigo": "nMEIW6yqyr",
            "total": 11,
            "valor_unitario": 122698,
            "descuento": 0.02,
            "IVA": 19
        },
        {
            "codigo": "DwjSJd9XRu",
            "total": 4,
            "valor_unitario": 543478,
            "descuento": 0.12,
            "IVA": 5
        },
        {
            "codigo": "pIMiTAHokm",
            "total": 16,
            "valor_unitario": 341281,
            "descuento": 0.42,
            "IVA": 0
        },
        {
            "codigo": "cAqxBZM9YN",
            "total": 13,
            "valor_unitario": 763883,
            "descuento": 0.29,
            "IVA": 5
        },
        {
            "codigo": "3OFO4PAKkf",
            "total": 3,
            "valor_unitario": 515499,
            "descuento": 0.4,
            "IVA": 19
        },
        {
            "codigo": "OzxmbOtCdV",
            "total": 18,
            "valor_unitario": 941646,
            "descuento": 0.03,
            "IVA": 19
        },
        {
            "codigo": "45RSRpPMHT",
            "total": 15,
            "valor_unitario": 700865,
            "descuento": 0.33,
            "IVA": 19
        }
    ]
}