{
    "empresa_nit": "123456789",
    "empresa_ciudad": "BARRANQUILLA",
    "empresa_sede": "plaza",
    "empresa_nombre": "MicroMercado El Mio",
    "fecha_hora": "2021-05-08 05:01:38",
    "factura_num": "01325",
    "ciente_numero": 940966693,
    "pago_tipo": "TRANFERENCIA",
    "productos": [
        {
            "codigo": "aJmCeNw35m",
            "total": 16,
            "valor_unitario": 757746,
            "descuento": 0.41,
            "IVA": 19
        },
        {
            "codigo": "idYjCUFBbo",
            "total": 3,
            "valor_unitario": 813097,
            "descuento": 0.4,
            "IVA": 5
        },
        {
            "codigo": "xlInu2TWB4",
            "total": 20,
            "valor_unitario": 172062,
            "descuento": 0.32,
            "IVA": 0
        },
        {
            "codigo": "CRpzxeXhe1",
            "total": 1,
            "valor_unitario": 751510,
            "descuento": 0.13,
            "IVA": 19
        },
        {
            "codigo": "ixMr8jcPSA",
            "total": 12,
            "valor_unitario": 803410,
            "descuento": 0.17,
            "IVA": 5
        },
        {
            "codigo": "7CSv2zP13f",
            "total": 15,
            "valor_unitario": 329484,
            "descuento": 0.04,
            "IVA": 0
        },
        {
            "codigo": "Yh1pTkNJZT",
            "total": 3,
            "valor_unitario": 407470,
            "descuento": 0.46,
            "IVA": 19
        },
        {
            "codigo": "OCdt5upUxH",
            "total": 6,
            "valor_unitario": 890360,
            "descuento": 0.25,
            "IVA": 0
        },
        {
            "codigo": "wcFQSMja3s",
            "total": 14,
            "valor_unitario": 944715,
            "descuento": 0.22,
            "IVA": 0
        },
        {
            "codigo": "fgfbnpo8rH",
            "total": 13,
            "valor_unitario": 555135,
            "descuento": 0.15,
            "IVA": 0
        },
        {
            "codigo": "Zj7JmeGkDl",
            "total": 17,
            "valor_unitario": 998213,
            "descuento": 0.02,
            "IVA": 5
        },
        {
            "codigo": "S4HkcL5elf",
            "total": 16,
            "valor_unitario": 615544,
            "descuento": 0.02,
            "IVA": 0
        },
        {
            "codigo": "Xiu8cTQLCo",
            "total": 18,
            "valor_unitario": 916118,
            "descuento": 0.31,
            "IVA": 0
        },
        {
            "codigo": "9VHO4a7Exw",
            "total": 20,
            "valor_unitario": 751099,
            "descuento": 0.05,
            "IVA": 0
        },
        {
            "codigo": "ymVZtPwrLB",
            "total": 20,
            "valor_unitario": 764712,
            "descuento": 0.32,
            "IVA": 19
        },
        {
            "codigo": "UxrOQPm7GJ",
            "total": 18,
            "valor_unitario": 575048,
            "descuento": 0.25,
            "IVA": 19
        }
    ]
}