{
    "empresa_nit": "123456789",
    "empresa_ciudad": "BOGOTA",
    "empresa_sede": "terminal",
    "empresa_nombre": "MicroMercado El Mio",
    "fecha_hora": "2023-12-07 01:39:02",
    "factura_num": "01259",
    "ciente_numero": 104979509,
    "pago_tipo": "TAR.DEBITO",
    "productos": [
        {
            "codigo": "bX3ovAvWfG",
            "total": 1,
            "valor_unitario": 932674,
            "descuento": 0.46,
            "IVA": 19
        },
        {
            "codigo": "viMsFxBFas",
            "total": 17,
            "valor_unitario": 720574,
            "descuento": 0.17,
            "IVA": 0
        },
        {
            "codigo": "3rbZrrGvyi",
            "total": 20,
            "valor_unitario": 296574,
            "descuento": 0.45,
            "IVA": 0
        },
        {
            "codigo": "6o5DLwRGjv",
            "total": 2,
            "valor_unitario": 919049,
            "descuento": 0.14,
            "IVA": 19
        },
        {
            "codigo": "p10kWTz5Dx",
            "total": 8,
            "valor_unitario": 812585,
            "descuento": 0.3,
            "IVA": 19
        },
        {
            "codigo": "7JjxbpnQvD",
            "total": 7,
            "valor_unitario": 662971,
            "descuento": 0.28,
            "IVA": 5
        },
        {
            "codigo": "uLoMp5nNYe",
            "total": 12,
            "valor_unitario": 355155,
            "descuento": 0.45,
            "IVA": 5
        },
        {
            "codigo": "iejIZ6jdkp",
            "total": 3,
            "valor_unitario": 50775,
            "descuento": 0.27,
            "IVA": 19
        },
        {
            "codigo": "2K40llK13I",
            "total": 19,
            "valor_unitario": 872416,
            "descuento": 0.4,
            "IVA": 5
        },
        {
            "codigo": "pEO1WK8oGa",
            "total": 3,
            "valor_unitario": 679778,
            "descuento": 0.24,
            "IVA": 19
        },
        {
            "codigo": "4sBWps3q4v",
            "total": 4,
            "valor_unitario": 995711,
            "descuento": 0.26,
            "IVA": 0
        },
        {
            "codigo": "L8nGonllKF",
            "total": 15,
            "valor_unitario": 950554,
            "descuento": 0.46,
            "IVA": 0
        },
        {
            "codigo": "tq0XHgmBlu",
            "total": 10,
            "valor_unitario": 583952,
            "descuento": 0.45,
            "IVA": 19
        },
        {
            "codigo": "iPyFgR7MwQ",
            "total": 12,
            "valor_unitario": 894508,
            "descuento": 0.17,
            "IVA": 0
        }
    ]
}