{
    "empresa_nit": "123456789",
    "empresa_ciudad": "TUNJA",
    "empresa_sede": "alcaldia",
    "empresa_nombre": "MicroMercado El Mio",
    "fecha_hora": "2022-03-04 15:12:26",
    "factura_num": "01116",
    "ciente_numero": 846295150,
    "pago_tipo": "EFECTIVO",
    "productos": [
        {
            "codigo": "VltO4or84S",
            "total": 17,
            "valor_unitario": 688648,
            "descuento": 0.13,
            "IVA": 19
        },
        {
            "codigo": "CIpXH2RBGA",
            "total": 10,
            "valor_unitario": 444287,
            "descuento": 0.08,
            "IVA": 19
        },
        {
            "codigo": "E2nOkYNlmg",
            "total": 15,
            "valor_unitario": 283356,
            "descuento": 0.27,
            "IVA": 19
        },
        {
            "codigo": "PukNPdp15f",
            "total": 6,
            "valor_unitario": 247642,
            "descuento": 0.31,
            "IVA": 19
        },
        {
            "codigo": "r7gdlFDPce",
            "total": 19,
            "valor_unitario": 483931,
            "descuento": 0.06,
            "IVA": 0
        },
        {
            "codigo": "B9OHhLoadZ",
            "total": 19,
            "valor_unitario": 641555,
            "descuento": 0.29,
            "IVA": 19
        },
        {
            "codigo": "dB0i0UYWl5",
            "total": 12,
            "valor_unitario": 634736,
            "descuento": 0.36,
            "IVA": 5
        },
        {
            "codigo": "NPQzZtRmSd",
            "total": 10,
            "valor_unitario": 379031,
            "descuento": 0.12,
            "IVA": 19
        }
    ]
}