{
    "empresa_nit": "123456789",
    "empresa_ciudad": "TUNJA",
    "empresa_sede": "terminal",
    "empresa_nombre": "MicroMercado El Mio",
    "fecha_hora": "2020-01-11 13:22:16",
    "factura_num": "01424",
    "ciente_numero": 474654241,
    "pago_tipo": "EFECTIVO",
    "productos": [
        {
            "codigo": "BGW7pUhWGN",
            "total": 4,
            "valor_unitario": 842019,
            "descuento": 0.45,
            "IVA": 5
        },
        {
            "codigo": "jKxyQrCfeX",
            "total": 16,
            "valor_unitario": 526137,
            "descuento": 0.44,
            "IVA": 19
        },
        {
            "codigo": "t4xU75krhg",
            "total": 18,
            "valor_unitario": 572340,
            "descuento": 0.24,
            "IVA": 5
        },
        {
            "codigo": "4BXlZg5vaW",
            "total": 13,
            "valor_unitario": 269779,
            "descuento": 0.18,
            "IVA": 19
        },
        {
            "codigo": "9FcnxdsAFd",
            "total": 14,
            "valor_unitario": 573342,
            "descuento": 0.02,
            "IVA": 19
        },
        {
            "codigo": "s68Y2blei4",
            "total": 13,
            "valor_unitario": 71569,
            "descuento": 0.05,
            "IVA": 0
        },
        {
            "codigo": "FxaIj8zauL",
            "total": 2,
            "valor_unitario": 79336,
            "descuento": 0.08,
            "IVA": 5
        },
        {
            "codigo": "d5BxEHdSps",
            "total": 9,
            "valor_unitario": 766936,
            "descuento": 0.09,
            "IVA": 5
        },
        {
            "codigo": "kZ9IV7EQEy",
            "total": 3,
            "valor_unitario": 923985,
            "descuento": 0.33,
            "IVA": 19
        },
        {
            "codigo": "BWksHXyCut",
            "total": 1,
            "valor_unitario": 508906,
            "descuento": 0.13,
            "IVA": 19
        },
        {
            "codigo": "qoPkimAUfj",
            "total": 5,
            "valor_unitario": 749346,
            "descuento": 0.07,
            "IVA": 5
        },
        {
            "codigo": "Wr80zHgemo",
            "total": 9,
            "valor_unitario": 924820,
            "descuento": 0.03,
            "IVA": 19
        },
        {
            "codigo": "YF2l21FZnn",
            "total": 19,
            "valor_unitario": 690789,
            "descuento": 0.07,
            "IVA": 19
        },
        {
            "codigo": "0EQg3lO3L5",
            "total": 15,
            "valor_unitario": 376340,
            "descuento": 0.43,
            "IVA": 0
        },
        {
            "codigo": "YrRzOOUTW2",
            "total": 13,
            "valor_unitario": 939477,
            "descuento": 0.21,
            "IVA": 5
        },
        {
            "codigo": "zc5KjhM604",
            "total": 13,
            "valor_unitario": 818889,
            "descuento": 0.27,
            "IVA": 0
        },
        {
            "codigo": "s5y4aQertN",
            "total": 6,
            "valor_unitario": 294506,
            "descuento": 0.25,
            "IVA": 5
        },
        {
            "codigo": "nBLynrLCjt",
            "total": 3,
            "valor_unitario": 913848,
            "descuento": 0.43,
            "IVA": 0
        },
        {
            "codigo": "2pq5sRmKI3",
            "total": 2,
            "valor_unitario": 811222,
            "descuento": 0.31,
            "IVA": 0
        }
    ]
}