{
    "empresa_nit": "123456789",
    "empresa_ciudad": "BOGOTA",
    "empresa_sede": "aeropuerto",
    "empresa_nombre": "MicroMercado El Mio",
    "fecha_hora": "2023-09-04 05:59:27",
    "factura_num": "01363",
    "ciente_numero": 777250759,
    "pago_tipo": "TRANFERENCIA",
    "productos": [
        {
            "codigo": "ghHSUcaBaQ",
            "total": 19,
            "valor_unitario": 91738,
            "descuento": 0.45,
            "IVA": 19
        },
        {
            "codigo": "5e4jZ8g7Pd",
            "total": 12,
            "valor_unitario": 425966,
            "descuento": 0.23,
            "IVA": 19
        },
        {
            "codigo": "d7etnxZDUr",
            "total": 4,
            "valor_unitario": 894042,
            "descuento": 0.43,
            "IVA": 5
        },
        {
            "codigo": "zLuSWokQCz",
            "total": 7,
            "valor_unitario": 430861,
            "descuento": 0.47,
            "IVA": 19
        },
        {
            "codigo": "8etogj2x0a",
            "total": 19,
            "valor_unitario": 762478,
            "descuento": 0.02,
            "IVA": 5
        },
        {
            "codigo": "aw1fXwBKYz",
            "total": 3,
            "valor_unitario": 678324,
            "descuento": 0.24,
            "IVA": 19
        },
        {
            "codigo": "Z18AmYJJV5",
            "total": 13,
            "valor_unitario": 9449,
            "descuento": 0.29,
            "IVA": 19
        }
    ]
}