{
    "empresa_nit": "123456789",
    "empresa_ciudad": "MEDELLIN",
    "empresa_sede": "aeropuerto",
    "empresa_nombre": "MicroMercado El Mio",
    "fecha_hora": "2025-01-17 23:21:33",
    "factura_num": "01012",
    "ciente_numero": 76794554,
    "pago_tipo": "TRANFERENCIA",
    "productos": [
        {
            "codigo": "eUt0SDJr8f",
            "total": 10,
            "valor_unitario": 874000,
            "descuento": 0.38,
            "IVA": 19
        },
        {
            "codigo": "Lzfmx1LU1m",
            "total": 17,
            "valor_unitario": 732774,
            "descuento": 0.4,
            "IVA": 0
        },
        {
            "codigo": "p44XMrULro",
            "total": 3,
            "valor_unitario": 905608,
            "descuento": 0.13,
            "IVA": 5
        },
        {
            "codigo": "w3uUzw8wSG",
            "total": 16,
            "valor_unitario": 203125,
            "descuento": 0.16,
            "IVA": 19
        },
        {
            "codigo": "IpWH26Pun3",
            "total": 3,
            "valor_unitario": 672001,
            "descuento": 0.18,
            "IVA": 19
        },
        {
            "codigo": "YDFLQRxBot",
            "total": 16,
            "valor_unitario": 119570,
            "descuento": 0.2,
            "IVA": 5
        },
        {
            "codigo": "4OokGGtEG9",
            "total": 2,
            "valor_unitario": 425882,
            "descuento": 0.37,
            "IVA": 5
        },
        {
            "codigo": "8xF4LzJY89",
            "total": 1,
            "valor_unitario": 296994,
            "descuento": 0.1,
            "IVA": 19
        },
        {
            "codigo": "rJIfHz5pzJ",
            "total": 16,
            "valor_unitario": 638943,
            "descuento": 0.37,
            "IVA": 19
        },
        {
            "codigo": "F5y4CMiiZj",
            "total": 15,
            "valor_unitario": 425965,
            "descuento": 0.42,
            "IVA": 0
        },
        {
            "codigo": "OvITnu7S3n",
            "total": 3,
            "valor_unitario": 847259,
            "descuento": 0.38,
            "IVA": 0
        },
        {
            "codigo": "br4bOKWyPx",
            "total": 13,
            "valor_unitario": 334813,
            "descuento": 0.29,
            "IVA": 19
        },
        {
            "codigo": "x92hHI0Jcb",
            "total": 16,
            "valor_unitario": 145292,
            "descuento": 0.11,
            "IVA": 5
        },
        {
            "codigo": "HDbjU7P1nA",
            "total": 18,
            "valor_unitario": 62724,
            "descuento": 0.17,
            "IVA": 19
        },
        {
            "codigo": "PJIwwF2ThF",
            "total": 18,
            "valor_unitario": 244380,
            "descuento": 0.35,
            "IVA": 0
        },
        {
            "codigo": "z1Pwa7sFrj",
            "total": 6,
            "valor_unitario": 486371,
            "descuento": 0.01,
            "IVA": 19
        },
        {
            "codigo": "6moU10yvBh",
            "total": 10,
            "valor_unitario": 353924,
            "descuento": 0.02,
            "IVA": 5
        },
        {
            "codigo": "N7uOSZBLHa",
            "total": 19,
            "valor_unitario": 655391,
            "descuento": 0.21,
            "IVA": 19
        }
    ]
}