{
    "empresa_nit": "123456789",
    "empresa_ciudad": "CALI",
    "empresa_sede": "autopista",
    "empresa_nombre": "MicroMercado El Mio",
    "fecha_hora": "2024-05-23 14:39:03",
    "factura_num": "01089",
    "ciente_numero": 874621764,
    "pago_tipo": "TAR.CREDITO",
    "productos": [
        {
            "codigo": "ATRIoIemsx",
            "total": 11,
            "valor_unitario": 401595,
            "descuento": 0.1,
            "IVA": 5
        },
        {
            "codigo": "VWbgKawCJe",
            "total": 16,
            "valor_unitario": 8652,
            "descuento": 0.48,
            "IVA": 0
        },
        {
            "codigo": "jUfKZvKnag",
            "total": 14,
            "valor_unitario": 645702,
            "descuento": 0.27,
            "IVA": 5
        },
        {
            "codigo": "XuY8aPfaGZ",
            "total": 8,
            "valor_unitario": 472366,
            "descuento": 0.38,
            "IVA": 5
        },
        {
            "codigo": "UMeEIeaSfO",
            "total": 4,
            "valor_unitario": 262435,
            "descuento": 0.04,
            "IVA": 5
        },
        {
            "codigo": "XRH6o3jcLp",
            "total": 16,
            "valor_unitario": 881799,
            "descuento": 0.19,
            "IVA": 19
        },
        {
            "codigo": "5T3bFC731t",
            "total": 5,
            "valor_unitario": 236128,
            "descuento": 0.34,
            "IVA": 0
        },
        {
            "codigo": "mJALn7sDeB",
            "total": 20,
            "valor_unitario": 974938,
            "descuento": 0.33,
            "IVA": 19
        }
    ]
}