{
    "empresa_nit": "123456789",
    "empresa_ciudad": "MEDELLIN",
    "empresa_sede": "centro",
    "empresa_nombre": "MicroMercado El Mio",
    "fecha_hora": "2021-09-23 11:55:10",
    "factura_num": "01266",
    "ciente_numero": 67637666,
    "pago_tipo": "TRANFERENCIA",
    "productos": [
        {
            "codigo": "PFBiJHV8Kr",
            "total": 12,
            "valor_unitario": 924891,
            "descuento": 0.44,
            "IVA": 5
        },
        {
            "codigo": "3TAYCsL40Y",
            "total": 15,
            "valor_unitario": 256350,
            "descuento": 0.29,
            "IVA": 19
        },
        {
            "codigo": "jlukafmxAh",
            "total": 15,
            "valor_unitario": 977730,
            "descuento": 0.2,
            "IVA": 19
        },
        {
            "codigo": "9cWZqUJmx7",
            "total": 20,
            "valor_unitario": 611336,
            "descuento": 0.35,
            "IVA": 5
        },
        {
            "codigo": "cDlMD9Pk2b",
            "total": 19,
            "valor_unitario": 555805,
            "descuento": 0.49,
            "IVA": 0
        },
        {
            "codigo": "eke6iqJOzw",
            "total": 18,
            "valor_unitario": 422281,
            "descuento": 0.02,
            "IVA": 19
        },
        {
            "codigo": "alEVdYHfXk",
            "total": 18,
            "valor_unitario": 776006,
            "descuento": 0.35,
            "IVA": 0
        },
        {
            "codigo": "iBXHA3kvVg",
            "total": 10,
            "valor_unitario": 955076,
            "descuento": 0.32,
            "IVA": 0
        },
        {
            "codigo": "YGRXp3kBY1",
            "total": 6,
            "valor_unitario": 233678,
            "descuento": 0.2,
            "IVA": 0
        }
    ]
}