{
    "empresa_nit": "123456789",
    "empresa_ciudad": "BOGOTA",
    "empresa_sede": "centro",
    "empresa_nombre": "MicroMercado El Mio",
    "fecha_hora": "2021-09-23 09:17:37",
    "factura_num": "00109",
    "ciente_numero": 407587507,
    "pago_tipo": "TAR.CREDITO",
    "productos": [
        {
            "codigo": "bb96zaTLnB",
            "total": 15,
            "valor_unitario": 535750,
            "descuento": 0.09,
            "IVA": 19
        },
        {
            "codigo": "JXOlJ3r6Yi",
            "total": 15,
            "valor_unitario": 949256,
            "descuento": 0.07,
            "IVA": 0
        },
        {
            "codigo": "PjsHyr0nb5",
            "total": 14,
            "valor_unitario": 152782,
            "descuento": 0.37,
            "IVA": 19
        },
        {
            "codigo": "GJ6SIfLiRY",
            "total": 5,
            "valor_unitario": 854388,
            "descuento": 0.19,
            "IVA": 19
        },
        {
            "codigo": "zkqhgIJ11e",
            "total": 15,
            "valor_unitario": 462549,
            "descuento": 0.35,
            "IVA": 0
        },
        {
            "codigo": "GgYgU08cwe",
            "total": 19,
            "valor_unitario": 520923,
            "descuento": 0.29,
            "IVA": 5
        },
        {
            "codigo": "6X32Ytf3xR",
            "total": 10,
            "valor_unitario": 203555,
            "descuento": 0.23,
            "IVA": 5
        },
        {
            "codigo": "3tWdxuoMqS",
            "total": 14,
            "valor_unitario": 355702,
            "descuento": 0.46,
            "IVA": 19
        },
        {
            "codigo": "1Ix9GMc2pQ",
            "total": 3,
            "valor_unitario": 222862,
            "descuento": 0.39,
            "IVA": 0
        },
        {
            "codigo": "5QWqt0xHSg",
            "total": 20,
            "valor_unitario": 745681,
            "descuento": 0.14,
            "IVA": 19
        },
        {
            "codigo": "XM9rYia1NK",
            "total": 12,
            "valor_unitario": 23196,
            "descuento": 0.48,
            "IVA": 19
        },
        {
            "codigo": "6dLAcAQgcs",
            "total": 2,
            "valor_unitario": 819456,
            "descuento": 0.07,
            "IVA": 0
        },
        {
            "codigo": "MRIFQVfAaO",
            "total": 19,
            "valor_unitario": 7766,
            "descuento": 0.43,
            "IVA": 19
        },
        {
            "codigo": "02fHrlBaon",
            "total": 11,
            "valor_unitario": 598644,
            "descuento": 0.36,
            "IVA": 19
        }
    ]
}