{
    "empresa_nit": "123456789",
    "empresa_ciudad": "TUNJA",
    "empresa_sede": "centro",
    "empresa_nombre": "MicroMercado El Mio",
    "fecha_hora": "2020-08-28 09:45:48",
    "factura_num": "01085",
    "ciente_numero": 165098238,
    "pago_tipo": "EFECTIVO",
    "productos": [
        {
            "codigo": "Hnsf1nYtEE",
            "total": 7,
            "valor_unitario": 41020,
            "descuento": 0.46,
            "IVA": 0
        },
        {
            "codigo": "wQfgnrXbgz",
            "total": 2,
            "valor_unitario": 790125,
            "descuento": 0.06,
            "IVA": 19
        },
        {
            "codigo": "JMzl0S3yLv",
            "total": 16,
            "valor_unitario": 849229,
            "descuento": 0.07,
            "IVA": 19
        },
        {
            "codigo": "8dH5LOOE7Y",
            "total": 1,
            "valor_unitario": 847879,
            "descuento": 0.36,
            "IVA": 19
        },
        {
            "codigo": "Mf9hAlZ79W",
            "total": 12,
            "valor_unitario": 517129,
            "descuento": 0.4,
            "IVA": 5
        },
        {
            "codigo": "B55H3UW023",
            "total": 14,
            "valor_unitario": 666923,
            "descuento": 0.4,
            "IVA": 19
        },
        {
            "codigo": "v6aQzpyxsc",
            "total": 8,
            "valor_unitario": 62941,
            "descuento": 0.34,
            "IVA": 0
        },
        {
            "codigo": "7WTQAH7r6r",
            "total": 10,
            "valor_unitario": 910406,
            "descuento": 0.07,
            "IVA": 19
        },
        {
            "codigo": "uu6NLDuNYN",
            "total": 12,
            "valor_unitario": 971721,
            "descuento": 0.01,
            "IVA": 19
        },
        {
            "codigo": "tHBzALYJUh",
            "total": 2,
            "valor_unitario": 787297,
            "descuento": 0.33,
            "IVA": 0
        },
        {
            "codigo": "5OGUWdGHeh",
            "total": 20,
            "valor_unitario": 373751,
            "descuento": 0.06,
            "IVA": 0
        },
        {
            "codigo": "0fdLax8C6T",
            "total": 19,
            "valor_unitario": 599926,
            "descuento": 0.23,
            "IVA": 19
        },
        {
            "codigo": "Ftd8rR9OxH",
            "total": 1,
            "valor_unitario": 688214,
            "descuento": 0.41,
            "IVA": 19
        },
        {
            "codigo": "WBhC0gDrUk",
            "total": 11,
            "valor_unitario": 687582,
            "descuento": 0.47,
            "IVA": 0
        },
        {
            "codigo": "hhkHOX49fG",
            "total": 7,
            "valor_unitario": 253910,
            "descuento": 0.43,
            "IVA": 0
        },
        {
            "codigo": "BvyrxOgbBK",
            "total": 9,
            "valor_unitario": 316609,
            "descuento": 0.39,
            "IVA": 0
        },
        {
            "codigo": "BjmLlgNHPB",
            "total": 8,
            "valor_unitario": 77275,
            "descuento": 0.16,
            "IVA": 0
        }
    ]
}