{
    "empresa_nit": "123456789",
    "empresa_ciudad": "BOGOTA",
    "empresa_sede": "alcaldia",
    "empresa_nombre": "MicroMercado El Mio",
    "fecha_hora": "2020-04-12 12:10:25",
    "factura_num": "01398",
    "ciente_numero": 807843943,
    "pago_tipo": "EFECTIVO",
    "productos": [
        {
            "codigo": "2Fnus0VL0t",
            "total": 6,
            "valor_unitario": 833250,
            "descuento": 0.46,
            "IVA": 5
        },
        {
            "codigo": "67j9lSv9ix",
            "total": 15,
            "valor_unitario": 877625,
            "descuento": 0.21,
            "IVA": 0
        },
        {
            "codigo": "zyAwiunZEC",
            "total": 6,
            "valor_unitario": 875875,
            "descuento": 0.44,
            "IVA": 5
        },
        {
            "codigo": "bn5O5QbPI5",
            "total": 14,
            "valor_unitario": 230886,
            "descuento": 0.13,
            "IVA": 19
        },
        {
            "codigo": "mwGu0YhbVB",
            "total": 14,
            "valor_unitario": 795559,
            "descuento": 0.17,
            "IVA": 0
        },
        {
            "codigo": "K6GOketXnn",
            "total": 14,
            "valor_unitario": 402160,
            "descuento": 0.34,
            "IVA": 5
        },
        {
            "codigo": "WPAr4sgzYR",
            "total": 4,
            "valor_unitario": 500072,
            "descuento": 0.32,
            "IVA": 5
        },
        {
            "codigo": "aLwb7z4UTj",
            "total": 17,
            "valor_unitario": 852696,
            "descuento": 0.22,
            "IVA": 0
        },
        {
            "codigo": "IrJ0nPWhuH",
            "total": 13,
            "valor_unitario": 507501,
            "descuento": 0.47,
            "IVA": 0
        },
        {
            "codigo": "oKDg3KnIje",
            "total": 11,
            "valor_unitario": 664722,
            "descuento": 0.16,
            "IVA": 0
        },
        {
            "codigo": "aTnQ6qjY4D",
            "total": 5,
            "valor_unitario": 244240,
            "descuento": 0.0,
            "IVA": 19
        }
    ]
}