{
    "empresa_nit": "123456789",
    "empresa_ciudad": "BARRANQUILLA",
    "empresa_sede": "terminal",
    "empresa_nombre": "MicroMercado El Mio",
    "fecha_hora": "2021-01-27 06:35:07",
    "factura_num": "00118",
    "ciente_numero": 80106596,
    "pago_tipo": "TAR.CREDITO",
    "productos": [
        {
            "codigo": "EVPOPRoTyH",
            "total": 13,
            "valor_unitario": 390593,
            "descuento": 0.26,
            "IVA": 5
        },
        {
            "codigo": "Ji0u7omr94",
            "total": 15,
            "valor_unitario": 230101,
            "descuento": 0.0,
            "IVA": 19
        },
        {
            "codigo": "BDYgDkdDGD",
            "total": 2,
            "valor_unitario": 443990,
            "descuento": 0.16,
            "IVA": 19
        },
        {
            "codigo": "KcDA6UBlnl",
            "total": 7,
            "valor_unitario": 198874,
            "descuento": 0.02,
            "IVA": 19
        },
        {
            "codigo": "N54dibaayk",
            "total": 17,
            "valor_unitario": 999240,
            "descuento": 0.48,
            "IVA": 5
        },
        {
            "codigo": "YV7JblFRZk",
            "total": 14,
            "valor_unitario": 142305,
            "descuento": 0.31,
            "IVA": 0
        },
        {
            "codigo": "fhOhQWdklI",
            "total": 10,
            "valor_unitario": 357841,
            "descuento": 0.31,
            "IVA": 19
        },
        {
            "codigo": "VM2FfODAG7",
            "total": 10,
            "valor_unitario": 71890,
            "descuento": 0.33,
            "IVA": 0
        },
        {
            "codigo": "9V5Hlo8AVi",
            "total": 6,
            "valor_unitario": 562817,
            "descuento": 0.42,
            "IVA": 5
        },
        {
            "codigo": "AyycsvdZX9",
            "total": 20,
            "valor_unitario": 810097,
            "descuento": 0.19,
            "IVA": 5
        },
        {
            "codigo": "zIw5Kgctlw",
            "total": 3,
            "valor_unitario": 494612,
            "descuento": 0.03,
            "IVA": 19
        },
        {
            "codigo": "HNwGh6QNWY",
            "total": 16,
            "valor_unitario": 276623,
            "descuento": 0.48,
            "IVA": 5
        },
        {
            "codigo": "G3qcxu7EyK",
            "total": 18,
            "valor_unitario": 442531,
            "descuento": 0.28,
            "IVA": 0
        },
        {
            "codigo": "4qUCqSbeHz",
            "total": 15,
            "valor_unitario": 649772,
            "descuento": 0.36,
            "IVA": 0
        },
        {
            "codigo": "MhaNzMMpV9",
            "total": 12,
            "valor_unitario": 405082,
            "descuento": 0.39,
            "IVA": 0
        },
        {
            "codigo": "emQkEa9Sml",
            "total": 2,
            "valor_unitario": 562542,
            "descuento": 0.22,
            "IVA": 5
        },
        {
            "codigo": "nehYZdIG3W",
            "total": 13,
            "valor_unitario": 71080,
            "descuento": 0.25,
            "IVA": 0
        },
        {
            "codigo": "S887jtapui",
            "total": 7,
            "valor_unitario": 178897,
            "descuento": 0.45,
            "IVA": 19
        }
    ]
}