{
    "empresa_nit": "123456789",
    "empresa_ciudad": "TUNJA",
    "empresa_sede": "alcaldia",
    "empresa_nombre": "MicroMercado El Mio",
    "fecha_hora": "2022-11-14 16:38:39",
    "factura_num": "01423",
    "ciente_numero": 79776879,
    "pago_tipo": "TAR.CREDITO",
    "productos": [
        {
            "codigo": "RYBNAh7kOf",
            "total": 10,
            "valor_unitario": 588767,
            "descuento": 0.31,
            "IVA": 0
        },
        {
            "codigo": "cup33xKo26",
            "total": 13,
            "valor_unitario": 268571,
            "descuento": 0.25,
            "IVA": 0
        },
        {
            "codigo": "uoGKjapIdv",
            "total": 7,
            "valor_unitario": 685361,
            "descuento": 0.23,
            "IVA": 19
        },
        {
            "codigo": "GIAaUtP9si",
            "total": 11,
            "valor_unitario": 663701,
            "descuento": 0.15,
            "IVA": 0
        },
        {
            "codigo": "bcq3SfJoDy",
            "total": 1,
            "valor_unitario": 495866,
            "descuento": 0.01,
            "IVA": 5
        },
        {
            "codigo": "qJcTUCgrBE",
            "total": 14,
            "valor_unitario": 67251,
            "descuento": 0.35,
            "IVA": 5
        },
        {
            "codigo": "xwyjrNV9Vg",
            "total": 15,
            "valor_unitario": 971922,
            "descuento": 0.4,
            "IVA": 5
        },
        {
            "codigo": "Zp6xgbaoIr",
            "total": 1,
            "valor_unitario": 514590,
            "descuento": 0.47,
            "IVA": 5
        },
        {
            "codigo": "2mr9wjxl82",
            "total": 10,
            "valor_unitario": 733256,
            "descuento": 0.27,
            "IVA": 5
        },
        {
            "codigo": "k771yvhqYT",
            "total": 3,
            "valor_unitario": 2915,
            "descuento": 0.2,
            "IVA": 0
        },
        {
            "codigo": "OoNYIQpe7S",
            "total": 11,
            "valor_unitario": 313101,
            "descuento": 0.46,
            "IVA": 5
        },
        {
            "codigo": "qGyCPS7nDE",
            "total": 15,
            "valor_unitario": 68952,
            "descuento": 0.01,
            "IVA": 0
        },
        {
            "codigo": "4r5TLKjwC0",
            "total": 20,
            "valor_unitario": 6410,
            "descuento": 0.06,
            "IVA": 5
        },
        {
            "codigo": "H8fxrpA4V3",
            "total": 15,
            "valor_unitario": 437251,
            "descuento": 0.39,
            "IVA": 19
        },
        {
            "codigo": "Ab5IUOP7UA",
            "total": 15,
            "valor_unitario": 879976,
            "descuento": 0.19,
            "IVA": 19
        },
        {
            "codigo": "HSnSwVaaac",
            "total": 14,
            "valor_unitario": 921404,
            "descuento": 0.36,
            "IVA": 19
        },
        {
            "codigo": "ko6Dobucmi",
            "total": 19,
            "valor_unitario": 143171,
            "descuento": 0.13,
            "IVA": 0
        }
    ]
}