{
    "empresa_nit": "123456789",
    "empresa_ciudad": "TUNJA",
    "empresa_sede": "alcaldia",
    "empresa_nombre": "MicroMercado El Mio",
    "fecha_hora": "2021-07-01 22:57:09",
    "factura_num": "01299",
    "ciente_numero": 834044545,
    "pago_tipo": "EFECTIVO",
    "productos": [
        {
            "codigo": "1U3PLjtnrT",
            "total": 13,
            "valor_unitario": 393342,
            "descuento": 0.48,
            "IVA": 0
        },
        {
            "codigo": "9gl1Z9eW91",
            "total": 1,
            "valor_unitario": 45389,
            "descuento": 0.41,
            "IVA": 5
        },
        {
            "codigo": "DqPncikFXv",
            "total": 11,
            "valor_unitario": 398309,
            "descuento": 0.01,
            "IVA": 19
        },
        {
            "codigo": "Wi0ivIDNTL",
            "total": 11,
            "valor_unitario": 43529,
            "descuento": 0.41,
            "IVA": 0
        },
        {
            "codigo": "G0PvG75Eyo",
            "total": 4,
            "valor_unitario": 989356,
            "descuento": 0.15,
            "IVA": 5
        },
        {
            "codigo": "uuBxeCgBg8",
            "total": 15,
            "valor_unitario": 179122,
            "descuento": 0.41,
            "IVA": 19
        },
        {
            "codigo": "HX9twM1tP7",
            "total": 2,
            "valor_unitario": 642519,
            "descuento": 0.35,
            "IVA": 5
        },
        {
            "codigo": "cv2Fnw5Z4J",
            "total": 14,
            "valor_unitario": 312813,
            "descuento": 0.2,
            "IVA": 5
        },
        {
            "codigo": "UkGNPeoQjr",
            "total": 7,
            "valor_unitario": 147870,
            "descuento": 0.15,
            "IVA": 19
        },
        {
            "codigo": "tM2sbtzhKq",
            "total": 9,
            "valor_unitario": 257872,
            "descuento": 0.33,
            "IVA": 5
        }
    ]
}