{
    "empresa_nit": "123456789",
    "empresa_ciudad": "TUNJA",
    "empresa_sede": "terminal",
    "empresa_nombre": "MicroMercado El Mio",
    "fecha_hora": "2020-07-11 10:32:48",
    "factura_num": "01411",
    "ciente_numero": 251825665,
    "pago_tipo": "TRANFERENCIA",
    "productos": [
        {
            "codigo": "Ns5821j8Xv",
            "total": 16,
            "valor_unitario": 620898,
            "descuento": 0.11,
            "IVA": 19
        },
        {
            "codigo": "sB26qkJvdS",
            "total": 13,
            "valor_unitario": 340850,
            "descuento": 0.11,
            "IVA": 5
        },
        {
            "codigo": "hsTPFM07bN",
            "total": 1,
            "valor_unitario": 172896,
            "descuento": 0.4,
            "IVA": 19
        },
        {
            "codigo": "UbcjJx8HSQ",
            "total": 5,
            "valor_unitario": 105250,
            "descuento": 0.03,
            "IVA": 0
        },
        {
            "codigo": "Jsv085bXfd",
            "total": 12,
            "valor_unitario": 746205,
            "descuento": 0.37,
            "IVA": 5
        },
        {
            "codigo": "KmJS7icpCD",
            "total": 7,
            "valor_unitario": 620538,
            "descuento": 0.39,
            "IVA": 5
        },
        {
            "codigo": "gak4Qs2K0h",
            "total": 7,
            "valor_unitario": 625316,
            "descuento": 0.23,
            "IVA": 5
        },
        {
            "codigo": "tRhzhrbJiH",
            "total": 20,
            "valor_unitario": 926316,
            "descuento": 0.11,
            "IVA": 0
        },
        {
            "codigo": "Lk9Kz425yg",
            "total": 4,
            "valor_unitario": 810161,
            "descuento": 0.16,
            "IVA": 19
        },
        {
            "codigo": "HQW8kc0GpN",
            "total": 10,
            "valor_unitario": 741876,
            "descuento": 0.09,
            "IVA": 19
        },
        {
            "codigo": "rDDXJ01MSJ",
            "total": 6,
            "valor_unitario": 691606,
            "descuento": 0.1,
            "IVA": 5
        },
        {
            "codigo": "L0FfcKqlXT",
            "total": 6,
            "valor_unitario": 688173,
            "descuento": 0.2,
            "IVA": 19
        },
        {
            "codigo": "m8eO0YPLCD",
            "total": 12,
            "valor_unitario": 160165,
            "descuento": 0.3,
            "IVA": 0
        },
        {
            "codigo": "bdrvtZNy71",
            "total": 6,
            "valor_unitario": 266982,
            "descuento": 0.25,
            "IVA": 0
        },
        {
            "codigo": "wDwEUSU7dF",
            "total": 19,
            "valor_unitario": 372312,
            "descuento": 0.27,
            "IVA": 0
        },
        {
            "codigo": "4w3fA0hVNF",
            "total": 16,
            "valor_unitario": 248035,
            "descuento": 0.49,
            "IVA": 5
        },
        {
            "codigo": "RR0yJhzo37",
            "total": 19,
            "valor_unitario": 828835,
            "descuento": 0.23,
            "IVA": 19
        },
        {
            "codigo": "jhiM4tjT3Z",
            "total": 10,
            "valor_unitario": 565099,
            "descuento": 0.03,
            "IVA": 5
        },
        {
            "codigo": "faVJolfXbs",
            "total": 14,
            "valor_unitario": 725411,
            "descuento": 0.28,
            "IVA": 19
        },
        {
            "codigo": "84v6toZHLh",
            "total": 15,
            "valor_unitario": 699769,
            "descuento": 0.03,
            "IVA": 5
        }
    ]
}