{
    "empresa_nit": "123456789",
    "empresa_ciudad": "CALI",
    "empresa_sede": "terminal",
    "empresa_nombre": "MicroMercado El Mio",
    "fecha_hora": "2024-09-16 23:11:41",
    "factura_num": "01395",
    "ciente_numero": 725563470,
    "pago_tipo": "TRANFERENCIA",
    "productos": [
        {
            "codigo": "gWjQIof4VE",
            "total": 7,
            "valor_unitario": 134971,
            "descuento": 0.15,
            "IVA": 19
        },
        {
            "codigo": "89BkGPKtUq",
            "total": 13,
            "valor_unitario": 394115,
            "descuento": 0.14,
            "IVA": 19
        },
        {
            "codigo": "ztsMCSEVsa",
            "total": 9,
            "valor_unitario": 126465,
            "descuento": 0.25,
            "IVA": 19
        },
        {
            "codigo": "ZVp36UTDrI",
            "total": 11,
            "valor_unitario": 32318,
            "descuento": 0.29,
            "IVA": 19
        },
        {
            "codigo": "GZjhHvnBrB",
            "total": 20,
            "valor_unitario": 929815,
            "descuento": 0.42,
            "IVA": 5
        },
        {
            "codigo": "xxX4YuAm5Z",
            "total": 9,
            "valor_unitario": 635347,
            "descuento": 0.05,
            "IVA": 0
        },
        {
            "codigo": "nBE0nUtqHz",
            "total": 5,
            "valor_unitario": 406497,
            "descuento": 0.33,
            "IVA": 5
        },
        {
            "codigo": "hMg6M34Bcm",
            "total": 19,
            "valor_unitario": 946747,
            "descuento": 0.21,
            "IVA": 0
        },
        {
            "codigo": "o4Sm4dAA6x",
            "total": 18,
            "valor_unitario": 157746,
            "descuento": 0.37,
            "IVA": 5
        },
        {
            "codigo": "JNQlfDdMUN",
            "total": 3,
            "valor_unitario": 223302,
            "descuento": 0.21,
            "IVA": 19
        },
        {
            "codigo": "NlGCTsVVj9",
            "total": 1,
            "valor_unitario": 266011,
            "descuento": 0.45,
            "IVA": 0
        },
        {
            "codigo": "lS420erspR",
            "total": 16,
            "valor_unitario": 315278,
            "descuento": 0.45,
            "IVA": 0
        },
        {
            "codigo": "YWhDGPwpQM",
            "total": 13,
            "valor_unitario": 706303,
            "descuento": 0.47,
            "IVA": 5
        },
        {
            "codigo": "ez6n5UGews",
            "total": 17,
            "valor_unitario": 156605,
            "descuento": 0.06,
            "IVA": 19
        },
        {
            "codigo": "AQmBYAD6hU",
            "total": 20,
            "valor_unitario": 465853,
            "descuento": 0.17,
            "IVA": 5
        },
        {
            "codigo": "D2ObdPAvrW",
            "total": 5,
            "valor_unitario": 983580,
            "descuento": 0.25,
            "IVA": 5
        },
        {
            "codigo": "V77cKiYQqN",
            "total": 16,
            "valor_unitario": 145636,
            "descuento": 0.36,
            "IVA": 19
        },
        {
            "codigo": "mfZQUS407z",
            "total": 16,
            "valor_unitario": 826534,
            "descuento": 0.29,
            "IVA": 0
        }
    ]
}