{
    "empresa_nit": "123456789",
    "empresa_ciudad": "CALI",
    "empresa_sede": "alcaldia",
    "empresa_nombre": "MicroMercado El Mio",
    "fecha_hora": "2022-10-09 17:21:12",
    "factura_num": "01106",
    "ciente_numero": 784350724,
    "pago_tipo": "TAR.CREDITO",
    "productos": [
        {
            "codigo": "CWGyCbqAA3",
            "total": 9,
            "valor_unitario": 629772,
            "descuento": 0.24,
            "IVA": 0
        },
        {
            "codigo": "ldw2yF688Z",
            "total": 1,
            "valor_unitario": 215209,
            "descuento": 0.19,
            "IVA": 19
        },
        {
            "codigo": "ZfNEYsKfcV",
            "total": 8,
            "valor_unitario": 114032,
            "descuento": 0.22,
            "IVA": 5
        },
        {
            "codigo": "vfj3JbE4RV",
            "total": 18,
            "valor_unitario": 639216,
            "descuento": 0.15,
            "IVA": 19
        },
        {
            "codigo": "l5N7Hzm5xw",
            "total": 9,
            "valor_unitario": 716102,
            "descuento": 0.37,
            "IVA": 19
        },
        {
            "codigo": "969yHHLgk6",
            "total": 5,
            "valor_unitario": 963958,
            "descuento": 0.15,
            "IVA": 0
        },
        {
            "codigo": "P8y5PRk5fS",
            "total": 17,
            "valor_unitario": 871819,
            "descuento": 0.3,
            "IVA": 0
        },
        {
            "codigo": "AfuiksbfRs",
            "total": 5,
            "valor_unitario": 73636,
            "descuento": 0.2,
            "IVA": 19
        },
        {
            "codigo": "AXrm0EVdGi",
            "total": 16,
            "valor_unitario": 584544,
            "descuento": 0.01,
            "IVA": 19
        },
        {
            "codigo": "WLf2zrDbpU",
            "total": 14,
            "valor_unitario": 826158,
            "descuento": 0.47,
            "IVA": 19
        },
        {
            "codigo": "hc4WiW3X1v",
            "total": 9,
            "valor_unitario": 103431,
            "descuento": 0.02,
            "IVA": 5
        },
        {
            "codigo": "ZeC9Yl516O",
            "total": 3,
            "valor_unitario": 481186,
            "descuento": 0.08,
            "IVA": 0
        },
        {
            "codigo": "S4wgIpaiGq",
            "total": 5,
            "valor_unitario": 476304,
            "descuento": 0.39,
            "IVA": 5
        },
        {
            "codigo": "rMqduPkMxt",
            "total": 14,
            "valor_unitario": 272173,
            "descuento": 0.04,
            "IVA": 5
        },
        {
            "codigo": "wzHWd7BkSL",
            "total": 13,
            "valor_unitario": 883617,
            "descuento": 0.35,
            "IVA": 0
        },
        {
            "codigo": "Yomq8XIZZL",
            "total": 9,
            "valor_unitario": 724345,
            "descuento": 0.46,
            "IVA": 5
        }
    ]
}