{
    "empresa_nit": "123456789",
    "empresa_ciudad": "TUNJA",
    "empresa_sede": "aeropuerto",
    "empresa_nombre": "MicroMercado El Mio",
    "fecha_hora": "2020-06-09 14:42:09",
    "factura_num": "01377",
    "ciente_numero": 446400019,
    "pago_tipo": "TRANFERENCIA",
    "productos": [
        {
            "codigo": "cgnTo28oLp",
            "total": 14,
            "valor_unitario": 855551,
            "descuento": 0.18,
            "IVA": 19
        },
        {
            "codigo": "T6NiR6a4XV",
            "total": 19,
            "valor_unitario": 252975,
            "descuento": 0.29,
            "IVA": 5
        },
        {
            "codigo": "irZWK7GEeG",
            "total": 2,
            "valor_unitario": 684565,
            "descuento": 0.03,
            "IVA": 5
        }
    ]
}