{
    "empresa_nit": "123456789",
    "empresa_ciudad": "BOGOTA",
    "empresa_sede": "autopista",
    "empresa_nombre": "MicroMercado El Mio",
    "fecha_hora": "2024-02-02 21:17:33",
    "factura_num": "01200",
    "ciente_numero": 250387052,
    "pago_tipo": "EFECTIVO",
    "productos": [
        {
            "codigo": "q35WYmyI5m",
            "total": 7,
            "valor_unitario": 439736,
            "descuento": 0.42,
            "IVA": 0
        },
        {
            "codigo": "ea84ZVxBDL",
            "total": 1,
            "valor_unitario": 591567,
            "descuento": 0.03,
            "IVA": 0
        },
        {
            "codigo": "rbPu28lIGg",
            "total": 15,
            "valor_unitario": 315926,
            "descuento": 0.04,
            "IVA": 5
        },
        {
            "codigo": "gyfDF0GiZY",
            "total": 19,
            "valor_unitario": 155612,
            "descuento": 0.0,
            "IVA": 5
        },
        {
            "codigo": "Svrs2WvwKh",
            "total": 4,
            "valor_unitario": 718526,
            "descuento": 0.41,
            "IVA": 19
        },
        {
            "codigo": "VNESL9IFgS",
            "total": 9,
            "valor_unitario": 484558,
            "descuento": 0.06,
            "IVA": 5
        },
        {
            "codigo": "6RsRpW39Js",
            "total": 5,
            "valor_unitario": 623014,
            "descuento": 0.44,
            "IVA": 5
        },
        {
            "codigo": "kcOWKryXwC",
            "total": 2,
            "valor_unitario": 681165,
            "descuento": 0.31,
            "IVA": 5
        },
        {
            "codigo": "x9NaUZ67ch",
            "total": 1,
            "valor_unitario": 247939,
            "descuento": 0.08,
            "IVA": 5
        },
        {
            "codigo": "m5dwL7vebR",
            "total": 11,
            "valor_unitario": 431952,
            "descuento": 0.34,
            "IVA": 19
        },
        {
            "codigo": "10FORcSice",
            "total": 10,
            "valor_unitario": 776044,
            "descuento": 0.42,
            "IVA": 0
        },
        {
            "codigo": "MGJHb1C248",
            "total": 16,
            "valor_unitario": 696117,
            "descuento": 0.29,
            "IVA": 19
        },
        {
            "codigo": "cWHnjLblKQ",
            "total": 9,
            "valor_unitario": 250975,
            "descuento": 0.24,
            "IVA": 5
        },
        {
            "codigo": "O2QuqIjtsy",
            "total": 8,
            "valor_unitario": 348954,
            "descuento": 0.08,
            "IVA": 0
        },
        {
            "codigo": "DTTyOpqg3c",
            "total": 9,
            "valor_unitario": 620580,
            "descuento": 0.0,
            "IVA": 5
        },
        {
            "codigo": "JMyeXR8xtZ",
            "total": 8,
            "valor_unitario": 897699,
            "descuento": 0.08,
            "IVA": 19
        }
    ]
}