{
    "empresa_nit": "123456789",
    "empresa_ciudad": "MEDELLIN",
    "empresa_sede": "terminal",
    "empresa_nombre": "MicroMercado El Mio",
    "fecha_hora": "2022-06-13 10:12:32",
    "factura_num": "01105",
    "ciente_numero": 482337378,
    "pago_tipo": "TRANFERENCIA",
    "productos": [
        {
            "codigo": "od1taINczF",
            "total": 18,
            "valor_unitario": 979215,
            "descuento": 0.32,
            "IVA": 19
        },
        {
            "codigo": "G5LtmddSBE",
            "total": 5,
            "valor_unitario": 651387,
            "descuento": 0.11,
            "IVA": 19
        },
        {
            "codigo": "gJRRPhF8W1",
            "total": 9,
            "valor_unitario": 836183,
            "descuento": 0.1,
            "IVA": 5
        },
        {
            "codigo": "85akzuNiNo",
            "total": 11,
            "valor_unitario": 171156,
            "descuento": 0.26,
            "IVA": 19
        },
        {
            "codigo": "wyZpcA5rUD",
            "total": 11,
            "valor_unitario": 786834,
            "descuento": 0.03,
            "IVA": 0
        },
        {
            "codigo": "eTWKxdvOQo",
            "total": 1,
            "valor_unitario": 624538,
            "descuento": 0.11,
            "IVA": 5
        },
        {
            "codigo": "swsnRfZ0gH",
            "total": 13,
            "valor_unitario": 501979,
            "descuento": 0.19,
            "IVA": 19
        },
        {
            "codigo": "OgTS5iSKpV",
            "total": 15,
            "valor_unitario": 959745,
            "descuento": 0.4,
            "IVA": 0
        },
        {
            "codigo": "Ba6NISC4Uq",
            "total": 1,
            "valor_unitario": 246682,
            "descuento": 0.01,
            "IVA": 5
        },
        {
            "codigo": "Ed24BRauPW",
            "total": 19,
            "valor_unitario": 624573,
            "descuento": 0.46,
            "IVA": 5
        },
        {
            "codigo": "dHXhESE7Tl",
            "total": 9,
            "valor_unitario": 350020,
            "descuento": 0.0,
            "IVA": 0
        },
        {
            "codigo": "3b9ZVaY8nC",
            "total": 17,
            "valor_unitario": 993120,
            "descuento": 0.43,
            "IVA": 19
        }
    ]
}