{
    "empresa_nit": "123456789",
    "empresa_ciudad": "CALI",
    "empresa_sede": "centro",
    "empresa_nombre": "MicroMercado El Mio",
    "fecha_hora": "2022-02-28 07:42:01",
    "factura_num": "01279",
    "ciente_numero": 327635153,
    "pago_tipo": "TRANFERENCIA",
    "productos": [
        {
            "codigo": "uaW69aFe7v",
            "total": 3,
            "valor_unitario": 828033,
            "descuento": 0.48,
            "IVA": 19
        },
        {
            "codigo": "oDUdKKpON8",
            "total": 1,
            "valor_unitario": 99214,
            "descuento": 0.45,
            "IVA": 5
        },
        {
            "codigo": "YHbKq6dXCZ",
            "total": 14,
            "valor_unitario": 445403,
            "descuento": 0.11,
            "IVA": 0
        },
        {
            "codigo": "8BLuZw6vZE",
            "total": 4,
            "valor_unitario": 98673,
            "descuento": 0.49,
            "IVA": 19
        },
        {
            "codigo": "OlPY7RAyUt",
            "total": 6,
            "valor_unitario": 796046,
            "descuento": 0.03,
            "IVA": 19
        },
        {
            "codigo": "ZbXft1yhzj",
            "total": 9,
            "valor_unitario": 957571,
            "descuento": 0.5,
            "IVA": 0
        },
        {
            "codigo": "YRcTm9W13n",
            "total": 19,
            "valor_unitario": 455164,
            "descuento": 0.13,
            "IVA": 5
        },
        {
            "codigo": "uSl82Yt9UN",
            "total": 13,
            "valor_unitario": 703180,
            "descuento": 0.37,
            "IVA": 5
        },
        {
            "codigo": "8dEeL69JTV",
            "total": 10,
            "valor_unitario": 771973,
            "descuento": 0.44,
            "IVA": 5
        },
        {
            "codigo": "lSaxNLynWn",
            "total": 17,
            "valor_unitario": 764630,
            "descuento": 0.42,
            "IVA": 0
        }
    ]
}