{
    "empresa_nit": "123456789",
    "empresa_ciudad": "MEDELLIN",
    "empresa_sede": "aeropuerto",
    "empresa_nombre": "MicroMercado El Mio",
    "fecha_hora": "2024-11-14 11:31:42",
    "factura_num": "01287",
    "ciente_numero": 274116854,
    "pago_tipo": "TAR.DEBITO",
    "productos": [
        {
            "codigo": "n9WOlemBq1",
            "total": 13,
            "valor_unitario": 800778,
            "descuento": 0.37,
            "IVA": 5
        },
        {
            "codigo": "h8NACCZQxI",
            "total": 19,
            "valor_unitario": 212813,
            "descuento": 0.13,
            "IVA": 0
        },
        {
            "codigo": "iOUb8pweUZ",
            "total": 1,
            "valor_unitario": 642309,
            "descuento": 0.01,
            "IVA": 19
        },
        {
            "codigo": "2WG0Dr1m6q",
            "total": 4,
            "valor_unitario": 230660,
            "descuento": 0.01,
            "IVA": 5
        },
        {
            "codigo": "etUgvMs6oa",
            "total": 1,
            "valor_unitario": 801096,
            "descuento": 0.32,
            "IVA": 0
        },
        {
            "codigo": "WQYqGcIXlY",
            "total": 12,
            "valor_unitario": 791018,
            "descuento": 0.49,
            "IVA": 19
        },
        {
            "codigo": "BLbJqlaXsL",
            "total": 10,
            "valor_unitario": 191883,
            "descuento": 0.4,
            "IVA": 5
        },
        {
            "codigo": "1qN9w9IEA0",
            "total": 1,
            "valor_unitario": 408073,
            "descuento": 0.06,
            "IVA": 19
        },
        {
            "codigo": "y4WxAPxVDm",
            "total": 1,
            "valor_unitario": 866799,
            "descuento": 0.33,
            "IVA": 5
        },
        {
            "codigo": "WokiEbsPom",
            "total": 7,
            "valor_unitario": 950101,
            "descuento": 0.48,
            "IVA": 19
        },
        {
            "codigo": "H9Zts92LUZ",
            "total": 4,
            "valor_unitario": 69170,
            "descuento": 0.0,
            "IVA": 0
        }
    ]
}