{
    "empresa_nit": "123456789",
    "empresa_ciudad": "CALI",
    "empresa_sede": "terminal",
    "empresa_nombre": "MicroMercado El Mio",
    "fecha_hora": "2023-11-05 23:58:58",
    "factura_num": "01281",
    "ciente_numero": 978534985,
    "pago_tipo": "TAR.CREDITO",
    "productos": [
        {
            "codigo": "KhWKbunaht",
            "total": 14,
            "valor_unitario": 438436,
            "descuento": 0.39,
            "IVA": 5
        },
        {
            "codigo": "SRiNObnJFK",
            "total": 3,
            "valor_unitario": 588555,
            "descuento": 0.17,
            "IVA": 19
        },
        {
            "codigo": "hjHoh4gKIb",
            "total": 4,
            "valor_unitario": 263067,
            "descuento": 0.02,
            "IVA": 0
        },
        {
            "codigo": "Bro10Bren0",
            "total": 14,
            "valor_unitario": 883302,
            "descuento": 0.43,
            "IVA": 0
        },
        {
            "codigo": "HcgLV9lvre",
            "total": 15,
            "valor_unitario": 848116,
            "descuento": 0.26,
            "IVA": 0
        },
        {
            "codigo": "73SOuD5Ipt",
            "total": 12,
            "valor_unitario": 507253,
            "descuento": 0.2,
            "IVA": 5
        },
        {
            "codigo": "b1Qysljl9G",
            "total": 3,
            "valor_unitario": 131512,
            "descuento": 0.35,
            "IVA": 19
        },
        {
            "codigo": "Aq0h7UO7PU",
            "total": 5,
            "valor_unitario": 105761,
            "descuento": 0.01,
            "IVA": 0
        },
        {
            "codigo": "URUnDfo4Ne",
            "total": 20,
            "valor_unitario": 293257,
            "descuento": 0.25,
            "IVA": 5
        },
        {
            "codigo": "GLx1jZ6Nvs",
            "total": 14,
            "valor_unitario": 890640,
            "descuento": 0.28,
            "IVA": 19
        },
        {
            "codigo": "PqDuIgXKjZ",
            "total": 7,
            "valor_unitario": 776337,
            "descuento": 0.07,
            "IVA": 19
        },
        {
            "codigo": "1aJv8LNv16",
            "total": 1,
            "valor_unitario": 161379,
            "descuento": 0.4,
            "IVA": 19
        },
        {
            "codigo": "ICQCQapWg4",
            "total": 12,
            "valor_unitario": 860835,
            "descuento": 0.18,
            "IVA": 19
        },
        {
            "codigo": "ArbfAoroZj",
            "total": 7,
            "valor_unitario": 622689,
            "descuento": 0.31,
            "IVA": 19
        },
        {
            "codigo": "VzdxZmTGaU",
            "total": 20,
            "valor_unitario": 271930,
            "descuento": 0.35,
            "IVA": 0
        },
        {
            "codigo": "XqZ6F3wv9I",
            "total": 13,
            "valor_unitario": 657688,
            "descuento": 0.2,
            "IVA": 0
        },
        {
            "codigo": "d4jV99LqGD",
            "total": 15,
            "valor_unitario": 586829,
            "descuento": 0.34,
            "IVA": 5
        }
    ]
}