{
    "empresa_nit": "123456789",
    "empresa_ciudad": "MEDELLIN",
    "empresa_sede": "aeropuerto",
    "empresa_nombre": "MicroMercado El Mio",
    "fecha_hora": "2021-06-16 07:11:18",
    "factura_num": "01030",
    "ciente_numero": 536737299,
    "pago_tipo": "TAR.DEBITO",
    "productos": [
        {
            "codigo": "BOEQbHMvcG",
            "total": 4,
            "valor_unitario": 186693,
            "descuento": 0.17,
            "IVA": 0
        },
        {
            "codigo": "xceJKlwI28",
            "total": 10,
            "valor_unitario": 224163,
            "descuento": 0.3,
            "IVA": 5
        },
        {
            "codigo": "yFJObkDUTO",
            "total": 18,
            "valor_unitario": 502196,
            "descuento": 0.44,
            "IVA": 19
        },
        {
            "codigo": "O78W8ZM2SC",
            "total": 1,
            "valor_unitario": 577177,
            "descuento": 0.05,
            "IVA": 0
        },
        {
            "codigo": "7jrIBhxffO",
            "total": 5,
            "valor_unitario": 969540,
            "descuento": 0.12,
            "IVA": 19
        },
        {
            "codigo": "c5YGLYirY9",
            "total": 20,
            "valor_unitario": 726161,
            "descuento": 0.42,
            "IVA": 0
        },
        {
            "codigo": "wfmNwVVQFH",
            "total": 14,
            "valor_unitario": 621397,
            "descuento": 0.16,
            "IVA": 19
        },
        {
            "codigo": "e37uglm78O",
            "total": 1,
            "valor_unitario": 75692,
            "descuento": 0.18,
            "IVA": 0
        },
        {
            "codigo": "8YZvzYV8am",
            "total": 17,
            "valor_unitario": 439628,
            "descuento": 0.16,
            "IVA": 0
        },
        {
            "codigo": "TYXeuYyMRo",
            "total": 8,
            "valor_unitario": 769048,
            "descuento": 0.19,
            "IVA": 5
        },
        {
            "codigo": "LrFAUpxsFn",
            "total": 3,
            "valor_unitario": 548211,
            "descuento": 0.46,
            "IVA": 19
        },
        {
            "codigo": "ZZk09vRzT4",
            "total": 17,
            "valor_unitario": 754129,
            "descuento": 0.28,
            "IVA": 5
        },
        {
            "codigo": "94BM4BfazL",
            "total": 1,
            "valor_unitario": 624957,
            "descuento": 0.07,
            "IVA": 19
        },
        {
            "codigo": "SIMmA0U4Xx",
            "total": 20,
            "valor_unitario": 395492,
            "descuento": 0.21,
            "IVA": 19
        },
        {
            "codigo": "EjkWsaBAUz",
            "total": 16,
            "valor_unitario": 795913,
            "descuento": 0.19,
            "IVA": 19
        },
        {
            "codigo": "bUXN0ITBxF",
            "total": 17,
            "valor_unitario": 832387,
            "descuento": 0.39,
            "IVA": 19
        }
    ]
}