{
    "empresa_nit": "123456789",
    "empresa_ciudad": "BOGOTA",
    "empresa_sede": "terminal",
    "empresa_nombre": "MicroMercado El Mio",
    "fecha_hora": "2024-02-01 13:42:03",
    "factura_num": "01291",
    "ciente_numero": 942494427,
    "pago_tipo": "EFECTIVO",
    "productos": [
        {
            "codigo": "uNUceBC3qq",
            "total": 8,
            "valor_unitario": 752169,
            "descuento": 0.35,
            "IVA": 19
        },
        {
            "codigo": "gd8idGoWZk",
            "total": 17,
            "valor_unitario": 367715,
            "descuento": 0.15,
            "IVA": 19
        },
        {
            "codigo": "3gXgQe7Cjl",
            "total": 14,
            "valor_unitario": 637647,
            "descuento": 0.09,
            "IVA": 0
        },
        {
            "codigo": "tYtHyEYRtm",
            "total": 6,
            "valor_unitario": 84314,
            "descuento": 0.47,
            "IVA": 19
        },
        {
            "codigo": "SDKJ49zGAI",
            "total": 13,
            "valor_unitario": 454244,
            "descuento": 0.39,
            "IVA": 0
        },
        {
            "codigo": "iBpx4OxxLC",
            "total": 20,
            "valor_unitario": 506370,
            "descuento": 0.15,
            "IVA": 0
        },
        {
            "codigo": "UwhKC4nCbb",
            "total": 6,
            "valor_unitario": 386603,
            "descuento": 0.17,
            "IVA": 0
        },
        {
            "codigo": "7YUvxJ4CXg",
            "total": 1,
            "valor_unitario": 789689,
            "descuento": 0.21,
            "IVA": 19
        },
        {
            "codigo": "vlFerODCPN",
            "total": 4,
            "valor_unitario": 54129,
            "descuento": 0.45,
            "IVA": 19
        },
        {
            "codigo": "go9WXFhILS",
            "total": 3,
            "valor_unitario": 529734,
            "descuento": 0.33,
            "IVA": 19
        },
        {
            "codigo": "4Fo6MzByQR",
            "total": 6,
            "valor_unitario": 881298,
            "descuento": 0.37,
            "IVA": 0
        },
        {
            "codigo": "RPTr7bQLcf",
            "total": 7,
            "valor_unitario": 928461,
            "descuento": 0.4,
            "IVA": 0
        },
        {
            "codigo": "C0CZtHopYP",
            "total": 11,
            "valor_unitario": 468945,
            "descuento": 0.08,
            "IVA": 0
        },
        {
            "codigo": "LkYENwpTPM",
            "total": 2,
            "valor_unitario": 173940,
            "descuento": 0.37,
            "IVA": 5
        },
        {
            "codigo": "qJZDZZ0n0c",
            "total": 15,
            "valor_unitario": 102469,
            "descuento": 0.29,
            "IVA": 19
        },
        {
            "codigo": "wwaprsolR0",
            "total": 4,
            "valor_unitario": 436866,
            "descuento": 0.39,
            "IVA": 5
        }
    ]
}