{
    "empresa_nit": "123456789",
    "empresa_ciudad": "CALI",
    "empresa_sede": "aeropuerto",
    "empresa_nombre": "MicroMercado El Mio",
    "fecha_hora": "2020-10-01 20:45:53",
    "factura_num": "01223",
    "ciente_numero": 157925590,
    "pago_tipo": "EFECTIVO",
    "productos": [
        {
            "codigo": "g0hxYzkfGo",
            "total": 1,
            "valor_unitario": 476730,
            "descuento": 0.3,
            "IVA": 19
        },
        {
            "codigo": "ye8XhTgHSH",
            "total": 16,
            "valor_unitario": 365457,
            "descuento": 0.15,
            "IVA": 0
        },
        {
            "codigo": "UYOnW2dUKu",
            "total": 7,
            "valor_unitario": 403286,
            "descuento": 0.0,
            "IVA": 0
        }
    ]
}