{
    "empresa_nit": "123456789",
    "empresa_ciudad": "CALI",
    "empresa_sede": "terminal",
    "empresa_nombre": "MicroMercado El Mio",
    "fecha_hora": "2022-01-27 06:02:22",
    "factura_num": "01228",
    "ciente_numero": 955340926,
    "pago_tipo": "TAR.DEBITO",
    "productos": [
        {
            "codigo": "InZWQsizSD",
            "total": 10,
            "valor_unitario": 248218,
            "descuento": 0.22,
            "IVA": 19
        },
        {
            "codigo": "zipjD0NKzh",
            "total": 11,
            "valor_unitario": 939888,
            "descuento": 0.24,
            "IVA": 19
        },
        {
            "codigo": "ylK2nt5A1g",
            "total": 6,
            "valor_unitario": 397523,
            "descuento": 0.3,
            "IVA": 5
        },
        {
            "codigo": "NQ5HP4tZFl",
            "total": 14,
            "valor_unitario": 569380,
            "descuento": 0.04,
            "IVA": 5
        },
        {
            "codigo": "mhqG9WaZZ0",
            "total": 14,
            "valor_unitario": 763961,
            "descuento": 0.22,
            "IVA": 5
        },
        {
            "codigo": "E37w3Vk0gL",
            "total": 16,
            "valor_unitario": 702524,
            "descuento": 0.37,
            "IVA": 0
        }
    ]
}