{
    "empresa_nit": "123456789",
    "empresa_ciudad": "BOGOTA",
    "empresa_sede": "alcaldia",
    "empresa_nombre": "MicroMercado El Mio",
    "fecha_hora": "2023-04-08 17:45:02",
    "factura_num": "01233",
    "ciente_numero": 309729804,
    "pago_tipo": "TAR.DEBITO",
    "productos": [
        {
            "codigo": "eN5QnOYBJE",
            "total": 15,
            "valor_unitario": 161675,
            "descuento": 0.05,
            "IVA": 0
        },
        {
            "codigo": "B1LBGeVVHO",
            "total": 12,
            "valor_unitario": 832981,
            "descuento": 0.06,
            "IVA": 0
        },
        {
            "codigo": "vUsFduYvuR",
            "total": 7,
            "valor_unitario": 78252,
            "descuento": 0.27,
            "IVA": 0
        },
        {
            "codigo": "qXzBbM9J66",
            "total": 16,
            "valor_unitario": 133387,
            "descuento": 0.45,
            "IVA": 0
        },
        {
            "codigo": "bG7zcJVHcF",
            "total": 19,
            "valor_unitario": 76927,
            "descuento": 0.08,
            "IVA": 0
        },
        {
            "codigo": "l1vRJVqH65",
            "total": 3,
            "valor_unitario": 864369,
            "descuento": 0.12,
            "IVA": 19
        },
        {
            "codigo": "Lz9M3V9Pae",
            "total": 13,
            "valor_unitario": 715523,
            "descuento": 0.23,
            "IVA": 5
        },
        {
            "codigo": "xUw4oVCsR6",
            "total": 5,
            "valor_unitario": 438630,
            "descuento": 0.03,
            "IVA": 0
        },
        {
            "codigo": "B4xVlKtoOM",
            "total": 7,
            "valor_unitario": 500330,
            "descuento": 0.2,
            "IVA": 0
        },
        {
            "codigo": "N88DhLMUaU",
            "total": 18,
            "valor_unitario": 554315,
            "descuento": 0.37,
            "IVA": 19
        },
        {
            "codigo": "dx8vizyDpZ",
            "total": 1,
            "valor_unitario": 775589,
            "descuento": 0.08,
            "IVA": 19
        },
        {
            "codigo": "VEENLUaXmx",
            "total": 8,
            "valor_unitario": 778208,
            "descuento": 0.28,
            "IVA": 0
        },
        {
            "codigo": "Upo1TKVrxb",
            "total": 14,
            "valor_unitario": 964697,
            "descuento": 0.1,
            "IVA": 0
        },
        {
            "codigo": "zK3KqrSvgU",
            "total": 10,
            "valor_unitario": 772175,
            "descuento": 0.32,
            "IVA": 19
        },
        {
            "codigo": "3Zdl4ucIp2",
            "total": 18,
            "valor_unitario": 651326,
            "descuento": 0.13,
            "IVA": 5
        },
        {
            "codigo": "p9gyKSJypD",
            "total": 4,
            "valor_unitario": 557287,
            "descuento": 0.45,
            "IVA": 0
        },
        {
            "codigo": "mK6HrnxISd",
            "total": 14,
            "valor_unitario": 518874,
            "descuento": 0.31,
            "IVA": 19
        },
        {
            "codigo": "9Okq8EdMN0",
            "total": 12,
            "valor_unitario": 831215,
            "descuento": 0.11,
            "IVA": 5
        },
        {
            "codigo": "x7zHSdrU60",
            "total": 6,
            "valor_unitario": 180726,
            "descuento": 0.17,
            "IVA": 19
        }
    ]
}