{
    "empresa_nit": "123456789",
    "empresa_ciudad": "BOGOTA",
    "empresa_sede": "centro",
    "empresa_nombre": "MicroMercado El Mio",
    "fecha_hora": "2020-11-29 16:53:49",
    "factura_num": "01408",
    "ciente_numero": 860529621,
    "pago_tipo": "TAR.CREDITO",
    "productos": [
        {
            "codigo": "77Cctst7cG",
            "total": 10,
            "valor_unitario": 997853,
            "descuento": 0.19,
            "IVA": 0
        },
        {
            "codigo": "4Hstshs9gq",
            "total": 13,
            "valor_unitario": 429677,
            "descuento": 0.23,
            "IVA": 0
        },
        {
            "codigo": "h9EifBavvy",
            "total": 3,
            "valor_unitario": 983872,
            "descuento": 0.02,
            "IVA": 0
        }
    ]
}