{
    "empresa_nit": "123456789",
    "empresa_ciudad": "MEDELLIN",
    "empresa_sede": "plaza",
    "empresa_nombre": "MicroMercado El Mio",
    "fecha_hora": "2021-04-07 10:34:41",
    "factura_num": "01170",
    "ciente_numero": 904443518,
    "pago_tipo": "EFECTIVO",
    "productos": [
        {
            "codigo": "KMn2uKqh5Y",
            "total": 6,
            "valor_unitario": 290902,
            "descuento": 0.11,
            "IVA": 5
        },
        {
            "codigo": "u2v31pQjgR",
            "total": 2,
            "valor_unitario": 238605,
            "descuento": 0.42,
            "IVA": 5
        },
        {
            "codigo": "szc6YQo3OP",
            "total": 13,
            "valor_unitario": 933916,
            "descuento": 0.49,
            "IVA": 19
        },
        {
            "codigo": "skTKcprGgv",
            "total": 7,
            "valor_unitario": 1672,
            "descuento": 0.22,
            "IVA": 19
        },
        {
            "codigo": "oCeAhuPx7W",
            "total": 12,
            "valor_unitario": 716194,
            "descuento": 0.07,
            "IVA": 0
        }
    ]
}