{
    "empresa_nit": "123456789",
    "empresa_ciudad": "BARRANQUILLA",
    "empresa_sede": "autopista",
    "empresa_nombre": "MicroMercado El Mio",
    "fecha_hora": "2021-05-14 05:09:43",
    "factura_num": "01255",
    "ciente_numero": 408829950,
    "pago_tipo": "TAR.DEBITO",
    "productos": [
        {
            "codigo": "NNQEI0dP43",
            "total": 5,
            "valor_unitario": 173783,
            "descuento": 0.46,
            "IVA": 5
        },
        {
            "codigo": "lJ432qn3cH",
            "total": 2,
            "valor_unitario": 358154,
            "descuento": 0.38,
            "IVA": 5
        },
        {
            "codigo": "jnCqdgyZwP",
            "total": 9,
            "valor_unitario": 267134,
            "descuento": 0.41,
            "IVA": 0
        },
        {
            "codigo": "57RB5DPIIB",
            "total": 18,
            "valor_unitario": 188939,
            "descuento": 0.17,
            "IVA": 19
        },
        {
            "codigo": "PldxEeFbr1",
            "total": 14,
            "valor_unitario": 94187,
            "descuento": 0.13,
            "IVA": 0
        },
        {
            "codigo": "oo2weu8QiF",
            "total": 20,
            "valor_unitario": 829884,
            "descuento": 0.29,
            "IVA": 0
        },
        {
            "codigo": "OwnfiESYIx",
            "total": 10,
            "valor_unitario": 213218,
            "descuento": 0.4,
            "IVA": 0
        },
        {
            "codigo": "YUw5Omwu3U",
            "total": 7,
            "valor_unitario": 706710,
            "descuento": 0.22,
            "IVA": 5
        },
        {
            "codigo": "paNPo3Sk00",
            "total": 3,
            "valor_unitario": 717121,
            "descuento": 0.19,
            "IVA": 0
        },
        {
            "codigo": "arVeKQy3vZ",
            "total": 6,
            "valor_unitario": 381055,
            "descuento": 0.18,
            "IVA": 0
        },
        {
            "codigo": "8qIsSXemde",
            "total": 15,
            "valor_unitario": 717973,
            "descuento": 0.19,
            "IVA": 0
        },
        {
            "codigo": "LNjwKelLqV",
            "total": 6,
            "valor_unitario": 76951,
            "descuento": 0.13,
            "IVA": 5
        },
        {
            "codigo": "yw5x2s6xY0",
            "total": 2,
            "valor_unitario": 420370,
            "descuento": 0.13,
            "IVA": 19
        },
        {
            "codigo": "ZxkRc1sgsD",
            "total": 16,
            "valor_unitario": 709780,
            "descuento": 0.15,
            "IVA": 19
        },
        {
            "codigo": "BJQ4D7dcpW",
            "total": 11,
            "valor_unitario": 177394,
            "descuento": 0.3,
            "IVA": 0
        }
    ]
}