{
    "empresa_nit": "123456789",
    "empresa_ciudad": "CALI",
    "empresa_sede": "centro",
    "empresa_nombre": "MicroMercado El Mio",
    "fecha_hora": "2023-10-25 21:57:45",
    "factura_num": "01417",
    "ciente_numero": 938773633,
    "pago_tipo": "TAR.CREDITO",
    "productos": [
        {
            "codigo": "zpEI0zqLZK",
            "total": 19,
            "valor_unitario": 243136,
            "descuento": 0.46,
            "IVA": 0
        },
        {
            "codigo": "UpornVB09w",
            "total": 11,
            "valor_unitario": 820260,
            "descuento": 0.47,
            "IVA": 0
        },
        {
            "codigo": "zY4WShj5F3",
            "total": 16,
            "valor_unitario": 884984,
            "descuento": 0.21,
            "IVA": 19
        },
        {
            "codigo": "smX9Mj3evi",
            "total": 11,
            "valor_unitario": 848071,
            "descuento": 0.44,
            "IVA": 0
        },
        {
            "codigo": "Ys7ZEBWhUZ",
            "total": 12,
            "valor_unitario": 131869,
            "descuento": 0.41,
            "IVA": 0
        },
        {
            "codigo": "eZyMeIoThu",
            "total": 9,
            "valor_unitario": 96543,
            "descuento": 0.08,
            "IVA": 5
        },
        {
            "codigo": "B3GsUPl4Ic",
            "total": 6,
            "valor_unitario": 162514,
            "descuento": 0.21,
            "IVA": 19
        },
        {
            "codigo": "0Ocb1BohUU",
            "total": 11,
            "valor_unitario": 42911,
            "descuento": 0.17,
            "IVA": 5
        },
        {
            "codigo": "2nQ6Kw5Mve",
            "total": 13,
            "valor_unitario": 789124,
            "descuento": 0.12,
            "IVA": 19
        },
        {
            "codigo": "JkVoYGMO4d",
            "total": 8,
            "valor_unitario": 346733,
            "descuento": 0.03,
            "IVA": 5
        }
    ]
}