{
    "empresa_nit": "123456789",
    "empresa_ciudad": "BOGOTA",
    "empresa_sede": "alcaldia",
    "empresa_nombre": "MicroMercado El Mio",
    "fecha_hora": "2020-07-30 11:50:19",
    "factura_num": "01434",
    "ciente_numero": 882721572,
    "pago_tipo": "TAR.CREDITO",
    "productos": [
        {
            "codigo": "zfutGiuuI1",
            "total": 13,
            "valor_unitario": 806733,
            "descuento": 0.39,
            "IVA": 19
        },
        {
            "codigo": "g79C19baAl",
            "total": 6,
            "valor_unitario": 39107,
            "descuento": 0.25,
            "IVA": 5
        },
        {
            "codigo": "8FIaAdYyoN",
            "total": 11,
            "valor_unitario": 691216,
            "descuento": 0.15,
            "IVA": 5
        }
    ]
}