{
    "empresa_nit": "123456789",
    "empresa_ciudad": "TUNJA",
    "empresa_sede": "plaza",
    "empresa_nombre": "MicroMercado El Mio",
    "fecha_hora": "2020-02-29 18:02:34",
    "factura_num": "01042",
    "ciente_numero": 196555567,
    "pago_tipo": "TAR.DEBITO",
    "productos": [
        {
            "codigo": "rOKJpGJxbE",
            "total": 12,
            "valor_unitario": 731224,
            "descuento": 0.02,
            "IVA": 0
        },
        {
            "codigo": "Tfa3Z3S4ci",
            "total": 13,
            "valor_unitario": 718777,
            "descuento": 0.44,
            "IVA": 0
        },
        {
            "codigo": "k4V4dpKOJE",
            "total": 6,
            "valor_unitario": 919013,
            "descuento": 0.03,
            "IVA": 19
        },
        {
            "codigo": "vbASsjIqcx",
            "total": 9,
            "valor_unitario": 381916,
            "descuento": 0.3,
            "IVA": 0
        },
        {
            "codigo": "9pAkql5xff",
            "total": 18,
            "valor_unitario": 66852,
            "descuento": 0.33,
            "IVA": 0
        },
        {
            "codigo": "EkA68IlAJz",
            "total": 20,
            "valor_unitario": 103599,
            "descuento": 0.33,
            "IVA": 0
        },
        {
            "codigo": "3UQwaC8y2o",
            "total": 11,
            "valor_unitario": 923523,
            "descuento": 0.04,
            "IVA": 5
        },
        {
            "codigo": "K2OLSj5rSy",
            "total": 8,
            "valor_unitario": 611280,
            "descuento": 0.11,
            "IVA": 5
        },
        {
            "codigo": "Z6bJSeXsyS",
            "total": 14,
            "valor_unitario": 939835,
            "descuento": 0.23,
            "IVA": 19
        },
        {
            "codigo": "V8D2UOqQXs",
            "total": 4,
            "valor_unitario": 663500,
            "descuento": 0.22,
            "IVA": 19
        },
        {
            "codigo": "GcANFhPbC9",
            "total": 7,
            "valor_unitario": 770472,
            "descuento": 0.32,
            "IVA": 5
        },
        {
            "codigo": "bejdAAdo9u",
            "total": 19,
            "valor_unitario": 829737,
            "descuento": 0.43,
            "IVA": 19
        },
        {
            "codigo": "6Y9JHoKEmF",
            "total": 3,
            "valor_unitario": 285962,
            "descuento": 0.45,
            "IVA": 19
        },
        {
            "codigo": "dTQy9EFAZY",
            "total": 12,
            "valor_unitario": 894407,
            "descuento": 0.15,
            "IVA": 5
        },
        {
            "codigo": "PWl2I5hEoV",
            "total": 9,
            "valor_unitario": 449347,
            "descuento": 0.43,
            "IVA": 5
        },
        {
            "codigo": "oQx1kGqUSj",
            "total": 20,
            "valor_unitario": 235981,
            "descuento": 0.26,
            "IVA": 5
        }
    ]
}