{
    "empresa_nit": "123456789",
    "empresa_ciudad": "TUNJA",
    "empresa_sede": "autopista",
    "empresa_nombre": "MicroMercado El Mio",
    "fecha_hora": "2023-11-16 00:16:22",
    "factura_num": "00107",
    "ciente_numero": 599330077,
    "pago_tipo": "TAR.CREDITO",
    "productos": [
        {
            "codigo": "B6jsTqnovJ",
            "total": 12,
            "valor_unitario": 950844,
            "descuento": 0.05,
            "IVA": 0
        },
        {
            "codigo": "U7Xyehbrhr",
            "total": 3,
            "valor_unitario": 173026,
            "descuento": 0.36,
            "IVA": 19
        },
        {
            "codigo": "cZz0u9tJxl",
            "total": 15,
            "valor_unitario": 512569,
            "descuento": 0.45,
            "IVA": 5
        },
        {
            "codigo": "cte1GMy7VN",
            "total": 1,
            "valor_unitario": 742212,
            "descuento": 0.2,
            "IVA": 0
        },
        {
            "codigo": "XFtLvs8wUV",
            "total": 5,
            "valor_unitario": 793151,
            "descuento": 0.33,
            "IVA": 0
        },
        {
            "codigo": "tRZ3GZZPeb",
            "total": 12,
            "valor_unitario": 131066,
            "descuento": 0.39,
            "IVA": 19
        },
        {
            "codigo": "drCzPozz7l",
            "total": 8,
            "valor_unitario": 790013,
            "descuento": 0.1,
            "IVA": 19
        },
        {
            "codigo": "fcBmWZvwpb",
            "total": 4,
            "valor_unitario": 509650,
            "descuento": 0.39,
            "IVA": 0
        },
        {
            "codigo": "stj2nVB3Nc",
            "total": 17,
            "valor_unitario": 588629,
            "descuento": 0.37,
            "IVA": 19
        },
        {
            "codigo": "jaugeu7A0J",
            "total": 16,
            "valor_unitario": 540721,
            "descuento": 0.48,
            "IVA": 0
        },
        {
            "codigo": "mOqLqeYp5E",
            "total": 12,
            "valor_unitario": 566121,
            "descuento": 0.21,
            "IVA": 5
        },
        {
            "codigo": "oQT4TNqAly",
            "total": 2,
            "valor_unitario": 883075,
            "descuento": 0.23,
            "IVA": 0
        },
        {
            "codigo": "FkYkeWk7rb",
            "total": 6,
            "valor_unitario": 131395,
            "descuento": 0.26,
            "IVA": 0
        },
        {
            "codigo": "twQaK8Zr7B",
            "total": 2,
            "valor_unitario": 922345,
            "descuento": 0.08,
            "IVA": 5
        },
        {
            "codigo": "c9geDkrnIC",
            "total": 17,
            "valor_unitario": 271045,
            "descuento": 0.35,
            "IVA": 0
        },
        {
            "codigo": "GUd1KaAoUK",
            "total": 5,
            "valor_unitario": 325904,
            "descuento": 0.24,
            "IVA": 19
        },
        {
            "codigo": "aPt7JrtQUw",
            "total": 6,
            "valor_unitario": 408461,
            "descuento": 0.39,
            "IVA": 19
        },
        {
            "codigo": "JdQxLO9Kap",
            "total": 1,
            "valor_unitario": 519884,
            "descuento": 0.41,
            "IVA": 19
        }
    ]
}