{
    "empresa_nit": "123456789",
    "empresa_ciudad": "TUNJA",
    "empresa_sede": "terminal",
    "empresa_nombre": "MicroMercado El Mio",
    "fecha_hora": "2025-03-06 03:32:08",
    "factura_num": "01373",
    "ciente_numero": 124460240,
    "pago_tipo": "TRANFERENCIA",
    "productos": [
        {
            "codigo": "l2z8tEe4sd",
            "total": 16,
            "valor_unitario": 898958,
            "descuento": 0.38,
            "IVA": 0
        },
        {
            "codigo": "VrKTbBk9cl",
            "total": 11,
            "valor_unitario": 417797,
            "descuento": 0.03,
            "IVA": 0
        },
        {
            "codigo": "GsTqTjxqgW",
            "total": 15,
            "valor_unitario": 333162,
            "descuento": 0.36,
            "IVA": 19
        }
    ]
}