{
    "empresa_nit": "123456789",
    "empresa_ciudad": "MEDELLIN",
    "empresa_sede": "alcaldia",
    "empresa_nombre": "MicroMercado El Mio",
    "fecha_hora": "2020-12-21 02:29:32",
    "factura_num": "01084",
    "ciente_numero": 640551330,
    "pago_tipo": "TAR.CREDITO",
    "productos": [
        {
            "codigo": "9OlJWcsvIn",
            "total": 2,
            "valor_unitario": 569782,
            "descuento": 0.37,
            "IVA": 19
        },
        {
            "codigo": "hcbz7e9dyu",
            "total": 16,
            "valor_unitario": 125067,
            "descuento": 0.41,
            "IVA": 5
        },
        {
            "codigo": "4GKvIVXTp9",
            "total": 12,
            "valor_unitario": 485662,
            "descuento": 0.11,
            "IVA": 0
        },
        {
            "codigo": "Jz6tuXSWl9",
            "total": 4,
            "valor_unitario": 216568,
            "descuento": 0.03,
            "IVA": 5
        },
        {
            "codigo": "3xWz6kkrTQ",
            "total": 4,
            "valor_unitario": 806032,
            "descuento": 0.35,
            "IVA": 0
        },
        {
            "codigo": "bBR6AA1z8k",
            "total": 15,
            "valor_unitario": 413120,
            "descuento": 0.05,
            "IVA": 5
        },
        {
            "codigo": "aLHXGN8htv",
            "total": 14,
            "valor_unitario": 638090,
            "descuento": 0.23,
            "IVA": 19
        },
        {
            "codigo": "LjpGw8SSRM",
            "total": 17,
            "valor_unitario": 747591,
            "descuento": 0.14,
            "IVA": 5
        }
    ]
}