{
    "empresa_nit": "123456789",
    "empresa_ciudad": "BOGOTA",
    "empresa_sede": "terminal",
    "empresa_nombre": "MicroMercado El Mio",
    "fecha_hora": "2025-01-05 05:26:51",
    "factura_num": "01115",
    "ciente_numero": 248116951,
    "pago_tipo": "TAR.CREDITO",
    "productos": [
        {
            "codigo": "i92opgxJ3I",
            "total": 1,
            "valor_unitario": 405122,
            "descuento": 0.1,
            "IVA": 0
        },
        {
            "codigo": "Lkxh9zMLO7",
            "total": 9,
            "valor_unitario": 701228,
            "descuento": 0.27,
            "IVA": 0
        },
        {
            "codigo": "mEsaACCIji",
            "total": 16,
            "valor_unitario": 229099,
            "descuento": 0.5,
            "IVA": 5
        },
        {
            "codigo": "mGF1LnquxL",
            "total": 20,
            "valor_unitario": 626159,
            "descuento": 0.24,
            "IVA": 0
        },
        {
            "codigo": "11YM2aSdGk",
            "total": 2,
            "valor_unitario": 6846,
            "descuento": 0.14,
            "IVA": 19
        },
        {
            "codigo": "hTFW6FO29e",
            "total": 3,
            "valor_unitario": 806007,
            "descuento": 0.4,
            "IVA": 0
        }
    ]
}