{
    "empresa_nit": "123456789",
    "empresa_ciudad": "TUNJA",
    "empresa_sede": "centro",
    "empresa_nombre": "MicroMercado El Mio",
    "fecha_hora": "2022-02-19 08:18:05",
    "factura_num": "01067",
    "ciente_numero": 626014366,
    "pago_tipo": "TAR.CREDITO",
    "productos": [
        {
            "codigo": "a2xLYTPyaS",
            "total": 1,
            "valor_unitario": 472519,
            "descuento": 0.04,
            "IVA": 5
        },
        {
            "codigo": "G8WNFFV8t3",
            "total": 10,
            "valor_unitario": 649659,
            "descuento": 0.05,
            "IVA": 0
        },
        {
            "codigo": "jgH0FfxosB",
            "total": 18,
            "valor_unitario": 359458,
            "descuento": 0.49,
            "IVA": 0
        },
        {
            "codigo": "b75na6U2C8",
            "total": 5,
            "valor_unitario": 987050,
            "descuento": 0.29,
            "IVA": 5
        },
        {
            "codigo": "nyl9nt4CCq",
            "total": 11,
            "valor_unitario": 849954,
            "descuento": 0.44,
            "IVA": 19
        },
        {
            "codigo": "EujC1nRRbR",
            "total": 19,
            "valor_unitario": 609896,
            "descuento": 0.39,
            "IVA": 5
        },
        {
            "codigo": "fRZyuEN6cC",
            "total": 9,
            "valor_unitario": 338811,
            "descuento": 0.46,
            "IVA": 5
        },
        {
            "codigo": "IX7CG8vgI6",
            "total": 5,
            "valor_unitario": 902244,
            "descuento": 0.46,
            "IVA": 0
        },
        {
            "codigo": "Rt1xPHd19m",
            "total": 7,
            "valor_unitario": 777428,
            "descuento": 0.47,
            "IVA": 19
        },
        {
            "codigo": "KY5op8dGnq",
            "total": 10,
            "valor_unitario": 792842,
            "descuento": 0.07,
            "IVA": 0
        },
        {
            "codigo": "XF8qp2LPNN",
            "total": 7,
            "valor_unitario": 720246,
            "descuento": 0.22,
            "IVA": 19
        }
    ]
}