{
    "empresa_nit": "123456789",
    "empresa_ciudad": "BOGOTA",
    "empresa_sede": "aeropuerto",
    "empresa_nombre": "MicroMercado El Mio",
    "fecha_hora": "2024-08-28 06:40:19",
    "factura_num": "01094",
    "ciente_numero": 281436487,
    "pago_tipo": "EFECTIVO",
    "productos": [
        {
            "codigo": "jrqXPpIIMJ",
            "total": 15,
            "valor_unitario": 544443,
            "descuento": 0.18,
            "IVA": 5
        },
        {
            "codigo": "lk7UnpQpVC",
            "total": 13,
            "valor_unitario": 783064,
            "descuento": 0.19,
            "IVA": 5
        },
        {
            "codigo": "i2ZcRaCNp5",
            "total": 1,
            "valor_unitario": 901205,
            "descuento": 0.01,
            "IVA": 5
        },
        {
            "codigo": "rcvX41IXuh",
            "total": 3,
            "valor_unitario": 949443,
            "descuento": 0.08,
            "IVA": 0
        }
    ]
}