{
    "empresa_nit": "123456789",
    "empresa_ciudad": "BARRANQUILLA",
    "empresa_sede": "terminal",
    "empresa_nombre": "MicroMercado El Mio",
    "fecha_hora": "2021-03-21 11:09:01",
    "factura_num": "01090",
    "ciente_numero": 705437089,
    "pago_tipo": "TAR.DEBITO",
    "productos": [
        {
            "codigo": "TVVtAYr5xo",
            "total": 18,
            "valor_unitario": 448622,
            "descuento": 0.23,
            "IVA": 5
        },
        {
            "codigo": "sLHLkzpz36",
            "total": 8,
            "valor_unitario": 304289,
            "descuento": 0.16,
            "IVA": 0
        },
        {
            "codigo": "cADa3oeQOI",
            "total": 11,
            "valor_unitario": 356920,
            "descuento": 0.19,
            "IVA": 19
        },
        {
            "codigo": "AVNKp7wFYN",
            "total": 7,
            "valor_unitario": 440550,
            "descuento": 0.4,
            "IVA": 19
        },
        {
            "codigo": "rAAogZOupu",
            "total": 4,
            "valor_unitario": 497454,
            "descuento": 0.45,
            "IVA": 19
        }
    ]
}