{
    "empresa_nit": "123456789",
    "empresa_ciudad": "TUNJA",
    "empresa_sede": "alcaldia",
    "empresa_nombre": "MicroMercado El Mio",
    "fecha_hora": "2024-04-26 14:07:37",
    "factura_num": "01118",
    "ciente_numero": 503552855,
    "pago_tipo": "TAR.CREDITO",
    "productos": [
        {
            "codigo": "WsaejfBhz9",
            "total": 8,
            "valor_unitario": 309989,
            "descuento": 0.37,
            "IVA": 5
        },
        {
            "codigo": "xp8QqZTejp",
            "total": 9,
            "valor_unitario": 327734,
            "descuento": 0.36,
            "IVA": 0
        },
        {
            "codigo": "hUtzq7uGIS",
            "total": 10,
            "valor_unitario": 27169,
            "descuento": 0.45,
            "IVA": 19
        },
        {
            "codigo": "bH1wubXPXr",
            "total": 8,
            "valor_unitario": 536775,
            "descuento": 0.27,
            "IVA": 0
        },
        {
            "codigo": "9VbzQ8f0IJ",
            "total": 20,
            "valor_unitario": 35260,
            "descuento": 0.47,
            "IVA": 19
        },
        {
            "codigo": "LcdYUR641x",
            "total": 10,
            "valor_unitario": 903116,
            "descuento": 0.23,
            "IVA": 19
        },
        {
            "codigo": "IIxy06G6Of",
            "total": 13,
            "valor_unitario": 578309,
            "descuento": 0.1,
            "IVA": 19
        },
        {
            "codigo": "iaqHZ3GiNt",
            "total": 3,
            "valor_unitario": 591520,
            "descuento": 0.06,
            "IVA": 0
        },
        {
            "codigo": "XBDknkgtPJ",
            "total": 20,
            "valor_unitario": 567685,
            "descuento": 0.38,
            "IVA": 19
        },
        {
            "codigo": "ew9l4fEedt",
            "total": 7,
            "valor_unitario": 824932,
            "descuento": 0.19,
            "IVA": 19
        },
        {
            "codigo": "Y83UAIMOyS",
            "total": 10,
            "valor_unitario": 977159,
            "descuento": 0.47,
            "IVA": 0
        },
        {
            "codigo": "MToVFNubW3",
            "total": 11,
            "valor_unitario": 836508,
            "descuento": 0.33,
            "IVA": 0
        },
        {
            "codigo": "6l6b9Nb9az",
            "total": 12,
            "valor_unitario": 437606,
            "descuento": 0.23,
            "IVA": 19
        }
    ]
}