{
    "empresa_nit": "123456789",
    "empresa_ciudad": "MEDELLIN",
    "empresa_sede": "terminal",
    "empresa_nombre": "MicroMercado El Mio",
    "fecha_hora": "2024-06-05 00:55:27",
    "factura_num": "01356",
    "ciente_numero": 848312943,
    "pago_tipo": "TAR.CREDITO",
    "productos": [
        {
            "codigo": "Bsqf4ok2R2",
            "total": 20,
            "valor_unitario": 626581,
            "descuento": 0.34,
            "IVA": 5
        },
        {
            "codigo": "pbc91IlpjL",
            "total": 8,
            "valor_unitario": 319286,
            "descuento": 0.25,
            "IVA": 0
        },
        {
            "codigo": "Q5Bt2sA1he",
            "total": 10,
            "valor_unitario": 235435,
            "descuento": 0.02,
            "IVA": 5
        },
        {
            "codigo": "DAqEbpzzdm",
            "total": 4,
            "valor_unitario": 943322,
            "descuento": 0.49,
            "IVA": 5
        },
        {
            "codigo": "RHbXCNwy73",
            "total": 9,
            "valor_unitario": 585469,
            "descuento": 0.47,
            "IVA": 0
        },
        {
            "codigo": "EpGRMOWNTr",
            "total": 15,
            "valor_unitario": 115768,
            "descuento": 0.32,
            "IVA": 0
        },
        {
            "codigo": "O8efLgi6zI",
            "total": 1,
            "valor_unitario": 665339,
            "descuento": 0.48,
            "IVA": 5
        },
        {
            "codigo": "L9YlHBM4S4",
            "total": 18,
            "valor_unitario": 64806,
            "descuento": 0.44,
            "IVA": 0
        },
        {
            "codigo": "3kc5t3IGTM",
            "total": 5,
            "valor_unitario": 682559,
            "descuento": 0.49,
            "IVA": 0
        },
        {
            "codigo": "uUddYE1LDS",
            "total": 12,
            "valor_unitario": 555330,
            "descuento": 0.09,
            "IVA": 0
        },
        {
            "codigo": "QlWnu8JBGo",
            "total": 12,
            "valor_unitario": 61787,
            "descuento": 0.23,
            "IVA": 19
        },
        {
            "codigo": "U9yTqZVje8",
            "total": 15,
            "valor_unitario": 726808,
            "descuento": 0.42,
            "IVA": 19
        },
        {
            "codigo": "KcV057AQnY",
            "total": 17,
            "valor_unitario": 554064,
            "descuento": 0.34,
            "IVA": 5
        },
        {
            "codigo": "p9KW9EvbPB",
            "total": 11,
            "valor_unitario": 158807,
            "descuento": 0.42,
            "IVA": 19
        },
        {
            "codigo": "9YCtjOUGd9",
            "total": 17,
            "valor_unitario": 142323,
            "descuento": 0.48,
            "IVA": 0
        },
        {
            "codigo": "DFrDRuKSde",
            "total": 17,
            "valor_unitario": 173202,
            "descuento": 0.09,
            "IVA": 5
        },
        {
            "codigo": "sCEiIWmzkx",
            "total": 19,
            "valor_unitario": 882525,
            "descuento": 0.22,
            "IVA": 5
        },
        {
            "codigo": "8vFkPASO7w",
            "total": 8,
            "valor_unitario": 905865,
            "descuento": 0.32,
            "IVA": 5
        }
    ]
}