{
    "empresa_nit": "123456789",
    "empresa_ciudad": "CALI",
    "empresa_sede": "autopista",
    "empresa_nombre": "MicroMercado El Mio",
    "fecha_hora": "2023-06-28 11:58:14",
    "factura_num": "01024",
    "ciente_numero": 416104655,
    "pago_tipo": "TAR.CREDITO",
    "productos": [
        {
            "codigo": "L5qq1P341i",
            "total": 14,
            "valor_unitario": 479739,
            "descuento": 0.24,
            "IVA": 19
        },
        {
            "codigo": "eXGKEAfFal",
            "total": 13,
            "valor_unitario": 348322,
            "descuento": 0.19,
            "IVA": 0
        }
    ]
}