{
    "empresa_nit": "123456789",
    "empresa_ciudad": "BOGOTA",
    "empresa_sede": "aeropuerto",
    "empresa_nombre": "MicroMercado El Mio",
    "fecha_hora": "2021-06-03 05:55:06",
    "factura_num": "01009",
    "ciente_numero": 508209566,
    "pago_tipo": "TRANFERENCIA",
    "productos": [
        {
            "codigo": "lQgRGZZW1s",
            "total": 18,
            "valor_unitario": 26439,
            "descuento": 0.37,
            "IVA": 0
        },
        {
            "codigo": "LpKNDm80ad",
            "total": 2,
            "valor_unitario": 877718,
            "descuento": 0.08,
            "IVA": 5
        },
        {
            "codigo": "9O5vUCtKd2",
            "total": 4,
            "valor_unitario": 65386,
            "descuento": 0.24,
            "IVA": 0
        },
        {
            "codigo": "DEwvb7bdZf",
            "total": 8,
            "valor_unitario": 994334,
            "descuento": 0.25,
            "IVA": 0
        },
        {
            "codigo": "iVz98yIehJ",
            "total": 18,
            "valor_unitario": 946948,
            "descuento": 0.22,
            "IVA": 19
        },
        {
            "codigo": "P6hihCJlmX",
            "total": 4,
            "valor_unitario": 524381,
            "descuento": 0.28,
            "IVA": 5
        },
        {
            "codigo": "XMsX6AyNEK",
            "total": 14,
            "valor_unitario": 857075,
            "descuento": 0.07,
            "IVA": 19
        },
        {
            "codigo": "hRqFYVn2Rd",
            "total": 19,
            "valor_unitario": 963869,
            "descuento": 0.39,
            "IVA": 19
        },
        {
            "codigo": "5l0bVlyZj9",
            "total": 19,
            "valor_unitario": 211664,
            "descuento": 0.16,
            "IVA": 19
        }
    ]
}