{
    "empresa_nit": "123456789",
    "empresa_ciudad": "TUNJA",
    "empresa_sede": "plaza",
    "empresa_nombre": "MicroMercado El Mio",
    "fecha_hora": "2022-08-19 17:04:32",
    "factura_num": "01092",
    "ciente_numero": 625198624,
    "pago_tipo": "TAR.DEBITO",
    "productos": [
        {
            "codigo": "Y0nGHso0m6",
            "total": 20,
            "valor_unitario": 102486,
            "descuento": 0.12,
            "IVA": 5
        },
        {
            "codigo": "ci7ql0lFyW",
            "total": 6,
            "valor_unitario": 509613,
            "descuento": 0.01,
            "IVA": 0
        },
        {
            "codigo": "Nsoc4ED7Y0",
            "total": 7,
            "valor_unitario": 446285,
            "descuento": 0.14,
            "IVA": 5
        },
        {
            "codigo": "lH2RrPedSw",
            "total": 4,
            "valor_unitario": 11169,
            "descuento": 0.32,
            "IVA": 5
        },
        {
            "codigo": "ahYc7hPmnw",
            "total": 12,
            "valor_unitario": 360200,
            "descuento": 0.4,
            "IVA": 0
        },
        {
            "codigo": "ubMWfWjbFW",
            "total": 3,
            "valor_unitario": 433967,
            "descuento": 0.47,
            "IVA": 19
        },
        {
            "codigo": "v44xzfWhA9",
            "total": 2,
            "valor_unitario": 446353,
            "descuento": 0.41,
            "IVA": 19
        },
        {
            "codigo": "uvMtJWgx4S",
            "total": 3,
            "valor_unitario": 200502,
            "descuento": 0.36,
            "IVA": 5
        },
        {
            "codigo": "jV3kWGcKzD",
            "total": 3,
            "valor_unitario": 731545,
            "descuento": 0.09,
            "IVA": 19
        },
        {
            "codigo": "MTdT80au9K",
            "total": 8,
            "valor_unitario": 713828,
            "descuento": 0.42,
            "IVA": 19
        },
        {
            "codigo": "vIMOb9AeJg",
            "total": 19,
            "valor_unitario": 315318,
            "descuento": 0.08,
            "IVA": 0
        },
        {
            "codigo": "7OUn0C6JRw",
            "total": 5,
            "valor_unitario": 573509,
            "descuento": 0.3,
            "IVA": 5
        },
        {
            "codigo": "VCcK6SYtBG",
            "total": 19,
            "valor_unitario": 223631,
            "descuento": 0.24,
            "IVA": 5
        },
        {
            "codigo": "ADyzNlaEHn",
            "total": 8,
            "valor_unitario": 341037,
            "descuento": 0.28,
            "IVA": 19
        },
        {
            "codigo": "fyt78Ewlz7",
            "total": 7,
            "valor_unitario": 257411,
            "descuento": 0.43,
            "IVA": 19
        },
        {
            "codigo": "ctEOnpgXhs",
            "total": 15,
            "valor_unitario": 343626,
            "descuento": 0.46,
            "IVA": 0
        },
        {
            "codigo": "wDpwEJWi7L",
            "total": 6,
            "valor_unitario": 722228,
            "descuento": 0.18,
            "IVA": 19
        },
        {
            "codigo": "fgZ83z4hiV",
            "total": 18,
            "valor_unitario": 473306,
            "descuento": 0.32,
            "IVA": 19
        },
        {
            "codigo": "LE4uTY6xxw",
            "total": 11,
            "valor_unitario": 881936,
            "descuento": 0.22,
            "IVA": 5
        },
        {
            "codigo": "tTiFEpht8P",
            "total": 13,
            "valor_unitario": 636886,
            "descuento": 0.48,
            "IVA": 0
        }
    ]
}