{
    "empresa_nit": "123456789",
    "empresa_ciudad": "BARRANQUILLA",
    "empresa_sede": "alcaldia",
    "empresa_nombre": "MicroMercado El Mio",
    "fecha_hora": "2020-10-30 07:41:51",
    "factura_num": "01319",
    "ciente_numero": 632910038,
    "pago_tipo": "EFECTIVO",
    "productos": [
        {
            "codigo": "RUohoC5uPO",
            "total": 10,
            "valor_unitario": 74952,
            "descuento": 0.01,
            "IVA": 5
        },
        {
            "codigo": "Swxotiayh7",
            "total": 20,
            "valor_unitario": 58110,
            "descuento": 0.28,
            "IVA": 5
        }
    ]
}