{
    "empresa_nit": "123456789",
    "empresa_ciudad": "BARRANQUILLA",
    "empresa_sede": "terminal",
    "empresa_nombre": "MicroMercado El Mio",
    "fecha_hora": "2022-06-19 20:13:20",
    "factura_num": "01121",
    "ciente_numero": 170967654,
    "pago_tipo": "TAR.DEBITO",
    "productos": [
        {
            "codigo": "wvD2dcck67",
            "total": 20,
            "valor_unitario": 716892,
            "descuento": 0.06,
            "IVA": 19
        },
        {
            "codigo": "UqtjT8UHax",
            "total": 15,
            "valor_unitario": 24159,
            "descuento": 0.12,
            "IVA": 19
        },
        {
            "codigo": "ikX5iXNnyA",
            "total": 19,
            "valor_unitario": 565162,
            "descuento": 0.42,
            "IVA": 0
        },
        {
            "codigo": "cFo8fLDdL7",
            "total": 20,
            "valor_unitario": 760036,
            "descuento": 0.31,
            "IVA": 19
        },
        {
            "codigo": "ZqcohCDKMh",
            "total": 15,
            "valor_unitario": 895606,
            "descuento": 0.11,
            "IVA": 0
        },
        {
            "codigo": "NogrMVITOV",
            "total": 2,
            "valor_unitario": 263869,
            "descuento": 0.05,
            "IVA": 5
        },
        {
            "codigo": "FH19NGJvJQ",
            "total": 13,
            "valor_unitario": 48726,
            "descuento": 0.22,
            "IVA": 5
        },
        {
            "codigo": "uMKGNu1T8e",
            "total": 12,
            "valor_unitario": 865183,
            "descuento": 0.47,
            "IVA": 0
        },
        {
            "codigo": "pFu9otccdU",
            "total": 14,
            "valor_unitario": 241961,
            "descuento": 0.32,
            "IVA": 5
        },
        {
            "codigo": "iASUWYM0Uh",
            "total": 14,
            "valor_unitario": 361326,
            "descuento": 0.24,
            "IVA": 5
        },
        {
            "codigo": "YFwXiIRkqt",
            "total": 15,
            "valor_unitario": 508717,
            "descuento": 0.11,
            "IVA": 5
        },
        {
            "codigo": "7wzcBGD4G7",
            "total": 15,
            "valor_unitario": 821979,
            "descuento": 0.05,
            "IVA": 0
        },
        {
            "codigo": "RawiCOpGqs",
            "total": 5,
            "valor_unitario": 815359,
            "descuento": 0.06,
            "IVA": 5
        },
        {
            "codigo": "5FuGDXKp0i",
            "total": 8,
            "valor_unitario": 249960,
            "descuento": 0.26,
            "IVA": 0
        },
        {
            "codigo": "ikAd2VArQm",
            "total": 1,
            "valor_unitario": 778789,
            "descuento": 0.3,
            "IVA": 0
        }
    ]
}