{
    "empresa_nit": "123456789",
    "empresa_ciudad": "BARRANQUILLA",
    "empresa_sede": "autopista",
    "empresa_nombre": "MicroMercado El Mio",
    "fecha_hora": "2021-08-08 17:29:52",
    "factura_num": "01111",
    "ciente_numero": 38167608,
    "pago_tipo": "TAR.CREDITO",
    "productos": [
        {
            "codigo": "iOz3JlXib0",
            "total": 20,
            "valor_unitario": 758479,
            "descuento": 0.28,
            "IVA": 19
        },
        {
            "codigo": "YDNcl6SqAr",
            "total": 9,
            "valor_unitario": 760977,
            "descuento": 0.29,
            "IVA": 5
        },
        {
            "codigo": "5rKmvJwbEb",
            "total": 15,
            "valor_unitario": 925710,
            "descuento": 0.05,
            "IVA": 0
        },
        {
            "codigo": "3uedgfq48k",
            "total": 17,
            "valor_unitario": 574261,
            "descuento": 0.28,
            "IVA": 0
        },
        {
            "codigo": "uVQkVWolGV",
            "total": 1,
            "valor_unitario": 961802,
            "descuento": 0.44,
            "IVA": 5
        },
        {
            "codigo": "iXfKpbc4CU",
            "total": 5,
            "valor_unitario": 435312,
            "descuento": 0.28,
            "IVA": 0
        },
        {
            "codigo": "UcxzLcBeb4",
            "total": 13,
            "valor_unitario": 832379,
            "descuento": 0.01,
            "IVA": 5
        },
        {
            "codigo": "u70TPacx1r",
            "total": 14,
            "valor_unitario": 749829,
            "descuento": 0.26,
            "IVA": 19
        },
        {
            "codigo": "WAnaCR2L7H",
            "total": 17,
            "valor_unitario": 773508,
            "descuento": 0.21,
            "IVA": 5
        },
        {
            "codigo": "g8fFwk0YXq",
            "total": 5,
            "valor_unitario": 474628,
            "descuento": 0.45,
            "IVA": 19
        },
        {
            "codigo": "tcDqmQE1Nt",
            "total": 11,
            "valor_unitario": 272518,
            "descuento": 0.29,
            "IVA": 0
        },
        {
            "codigo": "GSeTfFf6b9",
            "total": 6,
            "valor_unitario": 268852,
            "descuento": 0.49,
            "IVA": 19
        },
        {
            "codigo": "4JoPvqSqQs",
            "total": 14,
            "valor_unitario": 631916,
            "descuento": 0.35,
            "IVA": 0
        },
        {
            "codigo": "1NSNDtvWvN",
            "total": 6,
            "valor_unitario": 179067,
            "descuento": 0.26,
            "IVA": 0
        }
    ]
}