{
    "empresa_nit": "123456789",
    "empresa_ciudad": "MEDELLIN",
    "empresa_sede": "centro",
    "empresa_nombre": "MicroMercado El Mio",
    "fecha_hora": "2020-07-01 09:10:30",
    "factura_num": "01330",
    "ciente_numero": 691665069,
    "pago_tipo": "TAR.DEBITO",
    "productos": [
        {
            "codigo": "UPuK5hOHep",
            "total": 3,
            "valor_unitario": 617072,
            "descuento": 0.33,
            "IVA": 19
        },
        {
            "codigo": "0am2o4dOZj",
            "total": 5,
            "valor_unitario": 855944,
            "descuento": 0.48,
            "IVA": 19
        },
        {
            "codigo": "umlnU6KeZ7",
            "total": 20,
            "valor_unitario": 343444,
            "descuento": 0.42,
            "IVA": 0
        },
        {
            "codigo": "PyOMD6MZ4B",
            "total": 9,
            "valor_unitario": 491561,
            "descuento": 0.04,
            "IVA": 5
        },
        {
            "codigo": "I5CwZWFIp9",
            "total": 3,
            "valor_unitario": 841981,
            "descuento": 0.14,
            "IVA": 19
        },
        {
            "codigo": "4aToq9ArPh",
            "total": 12,
            "valor_unitario": 488488,
            "descuento": 0.44,
            "IVA": 19
        }
    ]
}