{
    "empresa_nit": "123456789",
    "empresa_ciudad": "BARRANQUILLA",
    "empresa_sede": "alcaldia",
    "empresa_nombre": "MicroMercado El Mio",
    "fecha_hora": "2022-11-27 21:55:03",
    "factura_num": "01150",
    "ciente_numero": 401182448,
    "pago_tipo": "TAR.CREDITO",
    "productos": [
        {
            "codigo": "rzJeCounOC",
            "total": 2,
            "valor_unitario": 130407,
            "descuento": 0.2,
            "IVA": 5
        },
        {
            "codigo": "3gaD0WMdbZ",
            "total": 11,
            "valor_unitario": 365096,
            "descuento": 0.23,
            "IVA": 19
        },
        {
            "codigo": "TlbAUYQcMz",
            "total": 5,
            "valor_unitario": 613278,
            "descuento": 0.02,
            "IVA": 19
        },
        {
            "codigo": "5rJtP4a42A",
            "total": 4,
            "valor_unitario": 535498,
            "descuento": 0.16,
            "IVA": 0
        },
        {
            "codigo": "HFy0XfLGY3",
            "total": 15,
            "valor_unitario": 528468,
            "descuento": 0.39,
            "IVA": 0
        },
        {
            "codigo": "mTa1lRnwJ3",
            "total": 18,
            "valor_unitario": 130080,
            "descuento": 0.27,
            "IVA": 5
        },
        {
            "codigo": "BxkxkfWMzA",
            "total": 14,
            "valor_unitario": 37588,
            "descuento": 0.23,
            "IVA": 0
        },
        {
            "codigo": "T1CzISv8Qf",
            "total": 5,
            "valor_unitario": 250754,
            "descuento": 0.37,
            "IVA": 19
        },
        {
            "codigo": "1GPMHVH5md",
            "total": 2,
            "valor_unitario": 606138,
            "descuento": 0.35,
            "IVA": 19
        },
        {
            "codigo": "HG1CNSb22s",
            "total": 6,
            "valor_unitario": 490615,
            "descuento": 0.16,
            "IVA": 0
        },
        {
            "codigo": "11jg3sOmQq",
            "total": 13,
            "valor_unitario": 549267,
            "descuento": 0.16,
            "IVA": 5
        },
        {
            "codigo": "tWamFlkZ7q",
            "total": 7,
            "valor_unitario": 362358,
            "descuento": 0.18,
            "IVA": 5
        },
        {
            "codigo": "3uesytD6jp",
            "total": 4,
            "valor_unitario": 697050,
            "descuento": 0.05,
            "IVA": 0
        },
        {
            "codigo": "mCpUuzJuwm",
            "total": 3,
            "valor_unitario": 796484,
            "descuento": 0.39,
            "IVA": 5
        },
        {
            "codigo": "SlgmJqUXct",
            "total": 20,
            "valor_unitario": 961097,
            "descuento": 0.39,
            "IVA": 5
        }
    ]
}