{
    "empresa_nit": "123456789",
    "empresa_ciudad": "BOGOTA",
    "empresa_sede": "centro",
    "empresa_nombre": "MicroMercado El Mio",
    "fecha_hora": "2023-09-14 22:28:00",
    "factura_num": "01431",
    "ciente_numero": 992611112,
    "pago_tipo": "TAR.DEBITO",
    "productos": [
        {
            "codigo": "UuahwCg5r2",
            "total": 8,
            "valor_unitario": 349254,
            "descuento": 0.13,
            "IVA": 0
        },
        {
            "codigo": "CbWw7HIsN3",
            "total": 15,
            "valor_unitario": 150695,
            "descuento": 0.04,
            "IVA": 0
        }
    ]
}