{
    "empresa_nit": "123456789",
    "empresa_ciudad": "BOGOTA",
    "empresa_sede": "terminal",
    "empresa_nombre": "MicroMercado El Mio",
    "fecha_hora": "2025-03-10 11:01:58",
    "factura_num": "01180",
    "ciente_numero": 23342918,
    "pago_tipo": "TRANFERENCIA",
    "productos": [
        {
            "codigo": "g1ZuxsBAW0",
            "total": 3,
            "valor_unitario": 800559,
            "descuento": 0.26,
            "IVA": 5
        },
        {
            "codigo": "4dB0aGMKh0",
            "total": 17,
            "valor_unitario": 461773,
            "descuento": 0.07,
            "IVA": 0
        },
        {
            "codigo": "TMC0eXLkMH",
            "total": 6,
            "valor_unitario": 125542,
            "descuento": 0.18,
            "IVA": 0
        },
        {
            "codigo": "4TflUKyycw",
            "total": 9,
            "valor_unitario": 604031,
            "descuento": 0.12,
            "IVA": 19
        },
        {
            "codigo": "FnxMeWA3LU",
            "total": 14,
            "valor_unitario": 109290,
            "descuento": 0.15,
            "IVA": 5
        },
        {
            "codigo": "a5QY5cGRRR",
            "total": 18,
            "valor_unitario": 819304,
            "descuento": 0.27,
            "IVA": 5
        },
        {
            "codigo": "YMH5cPrlmN",
            "total": 8,
            "valor_unitario": 869832,
            "descuento": 0.11,
            "IVA": 0
        },
        {
            "codigo": "ZjNmrErD5b",
            "total": 20,
            "valor_unitario": 868316,
            "descuento": 0.08,
            "IVA": 0
        },
        {
            "codigo": "ydTHkJXtli",
            "total": 12,
            "valor_unitario": 387434,
            "descuento": 0.41,
            "IVA": 19
        },
        {
            "codigo": "KqR7QDzCci",
            "total": 14,
            "valor_unitario": 963568,
            "descuento": 0.03,
            "IVA": 0
        }
    ]
}