{
    "empresa_nit": "123456789",
    "empresa_ciudad": "BOGOTA",
    "empresa_sede": "autopista",
    "empresa_nombre": "MicroMercado El Mio",
    "fecha_hora": "2021-08-29 06:18:17",
    "factura_num": "01383",
    "ciente_numero": 167240746,
    "pago_tipo": "EFECTIVO",
    "productos": [
        {
            "codigo": "QYqnM5R1r3",
            "total": 17,
            "valor_unitario": 799651,
            "descuento": 0.04,
            "IVA": 0
        },
        {
            "codigo": "2IpSBoSSjR",
            "total": 8,
            "valor_unitario": 670105,
            "descuento": 0.35,
            "IVA": 5
        }
    ]
}