{
    "empresa_nit": "123456789",
    "empresa_ciudad": "BOGOTA",
    "empresa_sede": "plaza",
    "empresa_nombre": "MicroMercado El Mio",
    "fecha_hora": "2022-11-16 05:33:57",
    "factura_num": "01309",
    "ciente_numero": 636729085,
    "pago_tipo": "TRANFERENCIA",
    "productos": [
        {
            "codigo": "na2Rv2LH6q",
            "total": 5,
            "valor_unitario": 414722,
            "descuento": 0.28,
            "IVA": 19
        },
        {
            "codigo": "mVQSgGVXTx",
            "total": 4,
            "valor_unitario": 231351,
            "descuento": 0.22,
            "IVA": 5
        },
        {
            "codigo": "3wXa1RoLmW",
            "total": 8,
            "valor_unitario": 961910,
            "descuento": 0.09,
            "IVA": 5
        },
        {
            "codigo": "ZlHmRPUqdz",
            "total": 1,
            "valor_unitario": 120820,
            "descuento": 0.35,
            "IVA": 0
        },
        {
            "codigo": "74J9tG7Usa",
            "total": 12,
            "valor_unitario": 962883,
            "descuento": 0.01,
            "IVA": 0
        }
    ]
}