{
    "empresa_nit": "123456789",
    "empresa_ciudad": "MEDELLIN",
    "empresa_sede": "aeropuerto",
    "empresa_nombre": "MicroMercado El Mio",
    "fecha_hora": "2024-09-22 14:43:11",
    "factura_num": "01025",
    "ciente_numero": 230690380,
    "pago_tipo": "TAR.DEBITO",
    "productos": [
        {
            "codigo": "ek4qaDs11d",
            "total": 5,
            "valor_unitario": 178624,
            "descuento": 0.25,
            "IVA": 19
        },
        {
            "codigo": "h41Rny8RT4",
            "total": 13,
            "valor_unitario": 304242,
            "descuento": 0.47,
            "IVA": 0
        },
        {
            "codigo": "sAfTlPilCi",
            "total": 6,
            "valor_unitario": 71324,
            "descuento": 0.22,
            "IVA": 19
        },
        {
            "codigo": "X4uBE4eJ4W",
            "total": 14,
            "valor_unitario": 281027,
            "descuento": 0.44,
            "IVA": 19
        },
        {
            "codigo": "qlhyI2gUy8",
            "total": 2,
            "valor_unitario": 364751,
            "descuento": 0.39,
            "IVA": 0
        },
        {
            "codigo": "UlyFiNAIjd",
            "total": 7,
            "valor_unitario": 517048,
            "descuento": 0.36,
            "IVA": 0
        },
        {
            "codigo": "UwX9wYrfSY",
            "total": 18,
            "valor_unitario": 523081,
            "descuento": 0.05,
            "IVA": 5
        },
        {
            "codigo": "VcA1rRkxHz",
            "total": 19,
            "valor_unitario": 433295,
            "descuento": 0.4,
            "IVA": 19
        },
        {
            "codigo": "CUTcaKZwS2",
            "total": 5,
            "valor_unitario": 227279,
            "descuento": 0.47,
            "IVA": 0
        },
        {
            "codigo": "MqGUpS3jKk",
            "total": 8,
            "valor_unitario": 552563,
            "descuento": 0.37,
            "IVA": 19
        },
        {
            "codigo": "m1UhBXEWBP",
            "total": 11,
            "valor_unitario": 434314,
            "descuento": 0.42,
            "IVA": 19
        },
        {
            "codigo": "yu1aIDEOU9",
            "total": 13,
            "valor_unitario": 664583,
            "descuento": 0.41,
            "IVA": 19
        },
        {
            "codigo": "QGqMg77smu",
            "total": 14,
            "valor_unitario": 713893,
            "descuento": 0.43,
            "IVA": 19
        },
        {
            "codigo": "8GvbGs4S8l",
            "total": 11,
            "valor_unitario": 979890,
            "descuento": 0.22,
            "IVA": 19
        },
        {
            "codigo": "OON4GQJAFP",
            "total": 14,
            "valor_unitario": 544902,
            "descuento": 0.02,
            "IVA": 19
        },
        {
            "codigo": "yx1LN8nOjS",
            "total": 7,
            "valor_unitario": 940545,
            "descuento": 0.06,
            "IVA": 19
        },
        {
            "codigo": "EWDhPnYtHl",
            "total": 13,
            "valor_unitario": 404165,
            "descuento": 0.46,
            "IVA": 0
        },
        {
            "codigo": "Rufs6PiYjX",
            "total": 8,
            "valor_unitario": 3637,
            "descuento": 0.31,
            "IVA": 5
        },
        {
            "codigo": "9Bg0UjPbBz",
            "total": 13,
            "valor_unitario": 492760,
            "descuento": 0.1,
            "IVA": 0
        },
        {
            "codigo": "ejMRiOPQW6",
            "total": 14,
            "valor_unitario": 235326,
            "descuento": 0.0,
            "IVA": 0
        }
    ]
}