{
    "empresa_nit": "123456789",
    "empresa_ciudad": "BARRANQUILLA",
    "empresa_sede": "terminal",
    "empresa_nombre": "MicroMercado El Mio",
    "fecha_hora": "2022-10-11 08:55:58",
    "factura_num": "01191",
    "ciente_numero": 954688117,
    "pago_tipo": "TAR.CREDITO",
    "productos": [
        {
            "codigo": "miJCqZ7DCn",
            "total": 13,
            "valor_unitario": 349121,
            "descuento": 0.32,
            "IVA": 19
        },
        {
            "codigo": "o07a9DMdUs",
            "total": 10,
            "valor_unitario": 357151,
            "descuento": 0.18,
            "IVA": 0
        },
        {
            "codigo": "KF28f57ZQB",
            "total": 15,
            "valor_unitario": 588346,
            "descuento": 0.34,
            "IVA": 5
        },
        {
            "codigo": "p73MjtqdKJ",
            "total": 12,
            "valor_unitario": 149737,
            "descuento": 0.37,
            "IVA": 5
        },
        {
            "codigo": "QJ1HAO2yje",
            "total": 3,
            "valor_unitario": 733396,
            "descuento": 0.22,
            "IVA": 19
        },
        {
            "codigo": "EQ0XYrbcrt",
            "total": 5,
            "valor_unitario": 5124,
            "descuento": 0.48,
            "IVA": 19
        },
        {
            "codigo": "gXlXdViRnm",
            "total": 16,
            "valor_unitario": 812399,
            "descuento": 0.38,
            "IVA": 19
        },
        {
            "codigo": "xg15tRv4KB",
            "total": 11,
            "valor_unitario": 162205,
            "descuento": 0.12,
            "IVA": 19
        },
        {
            "codigo": "iGoypuekZt",
            "total": 2,
            "valor_unitario": 162546,
            "descuento": 0.07,
            "IVA": 0
        },
        {
            "codigo": "lSDgTG8LPH",
            "total": 15,
            "valor_unitario": 241376,
            "descuento": 0.38,
            "IVA": 5
        },
        {
            "codigo": "s8WvoSZPjY",
            "total": 9,
            "valor_unitario": 19893,
            "descuento": 0.01,
            "IVA": 5
        },
        {
            "codigo": "4oEbL960Oq",
            "total": 16,
            "valor_unitario": 470910,
            "descuento": 0.34,
            "IVA": 19
        },
        {
            "codigo": "bb7uWJw1M9",
            "total": 17,
            "valor_unitario": 854673,
            "descuento": 0.48,
            "IVA": 19
        },
        {
            "codigo": "l4h8U5PYnI",
            "total": 20,
            "valor_unitario": 780446,
            "descuento": 0.07,
            "IVA": 0
        },
        {
            "codigo": "Sxf012MgK4",
            "total": 5,
            "valor_unitario": 475828,
            "descuento": 0.26,
            "IVA": 19
        },
        {
            "codigo": "9OEv9LyXyc",
            "total": 18,
            "valor_unitario": 277194,
            "descuento": 0.06,
            "IVA": 19
        },
        {
            "codigo": "FuEqCMFBh0",
            "total": 16,
            "valor_unitario": 549936,
            "descuento": 0.18,
            "IVA": 19
        },
        {
            "codigo": "We0t8sKH2Q",
            "total": 18,
            "valor_unitario": 886546,
            "descuento": 0.26,
            "IVA": 5
        },
        {
            "codigo": "JBSaRw8fBA",
            "total": 13,
            "valor_unitario": 811303,
            "descuento": 0.5,
            "IVA": 19
        }
    ]
}