{
    "empresa_nit": "123456789",
    "empresa_ciudad": "MEDELLIN",
    "empresa_sede": "aeropuerto",
    "empresa_nombre": "MicroMercado El Mio",
    "fecha_hora": "2021-02-17 12:34:14",
    "factura_num": "01351",
    "ciente_numero": 598410730,
    "pago_tipo": "TAR.CREDITO",
    "productos": [
        {
            "codigo": "bY0mmYawns",
            "total": 4,
            "valor_unitario": 451415,
            "descuento": 0.29,
            "IVA": 0
        },
        {
            "codigo": "BK3C5nYEzh",
            "total": 8,
            "valor_unitario": 482493,
            "descuento": 0.33,
            "IVA": 19
        },
        {
            "codigo": "9kpSvWy3TT",
            "total": 13,
            "valor_unitario": 485376,
            "descuento": 0.5,
            "IVA": 0
        },
        {
            "codigo": "egYg1Iu8bG",
            "total": 12,
            "valor_unitario": 161229,
            "descuento": 0.12,
            "IVA": 5
        },
        {
            "codigo": "ImnjlOKYee",
            "total": 5,
            "valor_unitario": 87801,
            "descuento": 0.23,
            "IVA": 0
        },
        {
            "codigo": "X1sfdTLkov",
            "total": 2,
            "valor_unitario": 882868,
            "descuento": 0.3,
            "IVA": 19
        }
    ]
}