{
    "empresa_nit": "123456789",
    "empresa_ciudad": "MEDELLIN",
    "empresa_sede": "autopista",
    "empresa_nombre": "MicroMercado El Mio",
    "fecha_hora": "2021-09-10 08:04:44",
    "factura_num": "00136",
    "ciente_numero": 300558948,
    "pago_tipo": "TRANFERENCIA",
    "productos": [
        {
            "codigo": "U5tLZNvFbo",
            "total": 8,
            "valor_unitario": 455648,
            "descuento": 0.42,
            "IVA": 0
        },
        {
            "codigo": "QxqDfSk0tv",
            "total": 11,
            "valor_unitario": 584559,
            "descuento": 0.13,
            "IVA": 5
        },
        {
            "codigo": "w9wSaGtmd2",
            "total": 13,
            "valor_unitario": 59541,
            "descuento": 0.05,
            "IVA": 5
        },
        {
            "codigo": "XAfK4MDbNG",
            "total": 6,
            "valor_unitario": 381429,
            "descuento": 0.33,
            "IVA": 0
        },
        {
            "codigo": "8CpoOzJXhd",
            "total": 5,
            "valor_unitario": 436232,
            "descuento": 0.11,
            "IVA": 5
        },
        {
            "codigo": "PLDEc9COnI",
            "total": 20,
            "valor_unitario": 447799,
            "descuento": 0.48,
            "IVA": 19
        }
    ]
}