{
    "empresa_nit": "123456789",
    "empresa_ciudad": "TUNJA",
    "empresa_sede": "terminal",
    "empresa_nombre": "MicroMercado El Mio",
    "fecha_hora": "2024-01-08 23:56:11",
    "factura_num": "01288",
    "ciente_numero": 459508980,
    "pago_tipo": "TAR.CREDITO",
    "productos": [
        {
            "codigo": "Xp4Su10gvK",
            "total": 17,
            "valor_unitario": 532057,
            "descuento": 0.0,
            "IVA": 19
        },
        {
            "codigo": "8T0owUQ66X",
            "total": 1,
            "valor_unitario": 476154,
            "descuento": 0.09,
            "IVA": 5
        },
        {
            "codigo": "FXEFbLC9Ii",
            "total": 2,
            "valor_unitario": 483473,
            "descuento": 0.3,
            "IVA": 0
        },
        {
            "codigo": "j3eyWBGDk3",
            "total": 7,
            "valor_unitario": 973807,
            "descuento": 0.3,
            "IVA": 5
        },
        {
            "codigo": "c9ajgl81bt",
            "total": 20,
            "valor_unitario": 377729,
            "descuento": 0.37,
            "IVA": 5
        }
    ]
}