{
    "empresa_nit": "123456789",
    "empresa_ciudad": "BOGOTA",
    "empresa_sede": "centro",
    "empresa_nombre": "MicroMercado El Mio",
    "fecha_hora": "2023-04-27 17:15:51",
    "factura_num": "01429",
    "ciente_numero": 913125439,
    "pago_tipo": "TRANFERENCIA",
    "productos": [
        {
            "codigo": "jpdlJYLHP4",
            "total": 6,
            "valor_unitario": 495894,
            "descuento": 0.14,
            "IVA": 0
        },
        {
            "codigo": "UOH32cXXeD",
            "total": 1,
            "valor_unitario": 818613,
            "descuento": 0.21,
            "IVA": 5
        },
        {
            "codigo": "sOBqM3FfOJ",
            "total": 10,
            "valor_unitario": 314046,
            "descuento": 0.38,
            "IVA": 0
        },
        {
            "codigo": "iW5Zz9GFU1",
            "total": 9,
            "valor_unitario": 433346,
            "descuento": 0.36,
            "IVA": 19
        },
        {
            "codigo": "rxdXCpFKHY",
            "total": 20,
            "valor_unitario": 159987,
            "descuento": 0.34,
            "IVA": 5
        },
        {
            "codigo": "cMH0RTSTDs",
            "total": 4,
            "valor_unitario": 132832,
            "descuento": 0.14,
            "IVA": 19
        },
        {
            "codigo": "R4Zq7fLYeL",
            "total": 4,
            "valor_unitario": 203759,
            "descuento": 0.39,
            "IVA": 5
        },
        {
            "codigo": "p2nMTmrH80",
            "total": 4,
            "valor_unitario": 915390,
            "descuento": 0.12,
            "IVA": 0
        },
        {
            "codigo": "THGwogMjJk",
            "total": 19,
            "valor_unitario": 923725,
            "descuento": 0.2,
            "IVA": 19
        },
        {
            "codigo": "PBl471sBdu",
            "total": 4,
            "valor_unitario": 102202,
            "descuento": 0.44,
            "IVA": 0
        },
        {
            "codigo": "uxiktIrh8j",
            "total": 9,
            "valor_unitario": 300772,
            "descuento": 0.08,
            "IVA": 5
        },
        {
            "codigo": "TDh7HoAhBm",
            "total": 13,
            "valor_unitario": 98110,
            "descuento": 0.03,
            "IVA": 0
        },
        {
            "codigo": "QSOZ06y1a4",
            "total": 16,
            "valor_unitario": 126866,
            "descuento": 0.22,
            "IVA": 19
        },
        {
            "codigo": "J9doNZFVVt",
            "total": 6,
            "valor_unitario": 269902,
            "descuento": 0.12,
            "IVA": 5
        },
        {
            "codigo": "dAJ5Pyy3pn",
            "total": 3,
            "valor_unitario": 672763,
            "descuento": 0.0,
            "IVA": 19
        },
        {
            "codigo": "3KvcZQ0hDe",
            "total": 7,
            "valor_unitario": 418546,
            "descuento": 0.41,
            "IVA": 19
        },
        {
            "codigo": "FctMdTamPF",
            "total": 15,
            "valor_unitario": 750408,
            "descuento": 0.13,
            "IVA": 19
        },
        {
            "codigo": "fJ4slyB9wU",
            "total": 9,
            "valor_unitario": 295197,
            "descuento": 0.36,
            "IVA": 0
        },
        {
            "codigo": "KW3JxIZsJw",
            "total": 11,
            "valor_unitario": 966985,
            "descuento": 0.16,
            "IVA": 19
        },
        {
            "codigo": "00vSAsV9ys",
            "total": 14,
            "valor_unitario": 220717,
            "descuento": 0.42,
            "IVA": 0
        }
    ]
}