{
    "empresa_nit": "123456789",
    "empresa_ciudad": "BARRANQUILLA",
    "empresa_sede": "alcaldia",
    "empresa_nombre": "MicroMercado El Mio",
    "fecha_hora": "2021-03-30 19:45:37",
    "factura_num": "01444",
    "ciente_numero": 556856508,
    "pago_tipo": "TAR.DEBITO",
    "productos": [
        {
            "codigo": "Do3XZISDeC",
            "total": 14,
            "valor_unitario": 189621,
            "descuento": 0.13,
            "IVA": 0
        },
        {
            "codigo": "4gf24tV1Qu",
            "total": 1,
            "valor_unitario": 549997,
            "descuento": 0.25,
            "IVA": 0
        },
        {
            "codigo": "4HzFbNM7d3",
            "total": 9,
            "valor_unitario": 730367,
            "descuento": 0.04,
            "IVA": 5
        },
        {
            "codigo": "SFD3fUEVDU",
            "total": 13,
            "valor_unitario": 501294,
            "descuento": 0.09,
            "IVA": 19
        },
        {
            "codigo": "m30yBjQfvq",
            "total": 19,
            "valor_unitario": 416635,
            "descuento": 0.14,
            "IVA": 0
        },
        {
            "codigo": "MFGbLv5RS0",
            "total": 8,
            "valor_unitario": 240753,
            "descuento": 0.29,
            "IVA": 5
        },
        {
            "codigo": "GA12lEN1Ez",
            "total": 18,
            "valor_unitario": 365535,
            "descuento": 0.1,
            "IVA": 19
        },
        {
            "codigo": "PKxxHgB3Wj",
            "total": 7,
            "valor_unitario": 902883,
            "descuento": 0.14,
            "IVA": 5
        },
        {
            "codigo": "bYTk3iyBtf",
            "total": 4,
            "valor_unitario": 350226,
            "descuento": 0.46,
            "IVA": 19
        },
        {
            "codigo": "uhtoIS1BEw",
            "total": 10,
            "valor_unitario": 969981,
            "descuento": 0.34,
            "IVA": 19
        },
        {
            "codigo": "bWqSzHbpF0",
            "total": 20,
            "valor_unitario": 133308,
            "descuento": 0.42,
            "IVA": 19
        },
        {
            "codigo": "qIXrmTGskj",
            "total": 3,
            "valor_unitario": 604761,
            "descuento": 0.0,
            "IVA": 0
        },
        {
            "codigo": "4gsEAGTjzg",
            "total": 13,
            "valor_unitario": 701775,
            "descuento": 0.41,
            "IVA": 5
        },
        {
            "codigo": "XNWTD8CHba",
            "total": 7,
            "valor_unitario": 834996,
            "descuento": 0.17,
            "IVA": 0
        },
        {
            "codigo": "ouqRvKTERI",
            "total": 9,
            "valor_unitario": 393438,
            "descuento": 0.11,
            "IVA": 0
        },
        {
            "codigo": "jWkKvbgx3x",
            "total": 18,
            "valor_unitario": 277119,
            "descuento": 0.0,
            "IVA": 19
        }
    ]
}