{
    "empresa_nit": "123456789",
    "empresa_ciudad": "TUNJA",
    "empresa_sede": "aeropuerto",
    "empresa_nombre": "MicroMercado El Mio",
    "fecha_hora": "2024-09-08 18:28:16",
    "factura_num": "01151",
    "ciente_numero": 398400741,
    "pago_tipo": "TRANFERENCIA",
    "productos": [
        {
            "codigo": "g07iM8eeXm",
            "total": 9,
            "valor_unitario": 784154,
            "descuento": 0.29,
            "IVA": 5
        },
        {
            "codigo": "vQ3lbPraHu",
            "total": 1,
            "valor_unitario": 262088,
            "descuento": 0.42,
            "IVA": 5
        },
        {
            "codigo": "rJm2rY09kh",
            "total": 10,
            "valor_unitario": 360190,
            "descuento": 0.17,
            "IVA": 19
        },
        {
            "codigo": "Zlx5jpRNY6",
            "total": 14,
            "valor_unitario": 629881,
            "descuento": 0.48,
            "IVA": 5
        },
        {
            "codigo": "QpOvwotw5U",
            "total": 19,
            "valor_unitario": 303078,
            "descuento": 0.47,
            "IVA": 5
        },
        {
            "codigo": "WieWwnmdnY",
            "total": 16,
            "valor_unitario": 192092,
            "descuento": 0.44,
            "IVA": 19
        },
        {
            "codigo": "AUho6zqoDC",
            "total": 13,
            "valor_unitario": 877898,
            "descuento": 0.16,
            "IVA": 5
        },
        {
            "codigo": "Lz5ZmEdEml",
            "total": 17,
            "valor_unitario": 417147,
            "descuento": 0.26,
            "IVA": 19
        },
        {
            "codigo": "BKGHzVzMa0",
            "total": 5,
            "valor_unitario": 628235,
            "descuento": 0.4,
            "IVA": 19
        },
        {
            "codigo": "3R8SQqSROr",
            "total": 6,
            "valor_unitario": 27229,
            "descuento": 0.43,
            "IVA": 0
        },
        {
            "codigo": "ntOafxtfQL",
            "total": 19,
            "valor_unitario": 849830,
            "descuento": 0.15,
            "IVA": 0
        },
        {
            "codigo": "uCibKl0yu5",
            "total": 3,
            "valor_unitario": 950667,
            "descuento": 0.2,
            "IVA": 5
        },
        {
            "codigo": "v0fwyvttBB",
            "total": 20,
            "valor_unitario": 355102,
            "descuento": 0.16,
            "IVA": 5
        }
    ]
}