{
    "empresa_nit": "123456789",
    "empresa_ciudad": "MEDELLIN",
    "empresa_sede": "alcaldia",
    "empresa_nombre": "MicroMercado El Mio",
    "fecha_hora": "2021-07-20 14:22:20",
    "factura_num": "01008",
    "ciente_numero": 833029579,
    "pago_tipo": "TRANFERENCIA",
    "productos": [
        {
            "codigo": "ZUhsrby0Rk",
            "total": 10,
            "valor_unitario": 590161,
            "descuento": 0.05,
            "IVA": 5
        },
        {
            "codigo": "MNXzYWYGfL",
            "total": 3,
            "valor_unitario": 49349,
            "descuento": 0.03,
            "IVA": 5
        },
        {
            "codigo": "8ivS9SdXNs",
            "total": 9,
            "valor_unitario": 717573,
            "descuento": 0.02,
            "IVA": 19
        },
        {
            "codigo": "VjneQJVw7f",
            "total": 20,
            "valor_unitario": 140113,
            "descuento": 0.04,
            "IVA": 5
        },
        {
            "codigo": "pnV8SsFpzc",
            "total": 12,
            "valor_unitario": 71821,
            "descuento": 0.04,
            "IVA": 5
        },
        {
            "codigo": "pQzDrbdqyH",
            "total": 4,
            "valor_unitario": 961068,
            "descuento": 0.27,
            "IVA": 0
        },
        {
            "codigo": "rMr1R3tqiR",
            "total": 15,
            "valor_unitario": 688499,
            "descuento": 0.12,
            "IVA": 5
        },
        {
            "codigo": "peSqJnOWXD",
            "total": 4,
            "valor_unitario": 588406,
            "descuento": 0.47,
            "IVA": 5
        },
        {
            "codigo": "sWzyl98SDW",
            "total": 12,
            "valor_unitario": 813762,
            "descuento": 0.32,
            "IVA": 5
        },
        {
            "codigo": "nSd9QG0nlq",
            "total": 3,
            "valor_unitario": 981730,
            "descuento": 0.39,
            "IVA": 19
        },
        {
            "codigo": "1nrts3JuST",
            "total": 17,
            "valor_unitario": 340512,
            "descuento": 0.18,
            "IVA": 5
        },
        {
            "codigo": "RkByU7kBdJ",
            "total": 17,
            "valor_unitario": 900354,
            "descuento": 0.22,
            "IVA": 19
        },
        {
            "codigo": "f0cSV8WmGn",
            "total": 6,
            "valor_unitario": 920453,
            "descuento": 0.39,
            "IVA": 19
        },
        {
            "codigo": "vqSfbE5bKO",
            "total": 1,
            "valor_unitario": 205485,
            "descuento": 0.29,
            "IVA": 19
        },
        {
            "codigo": "rRzdjkm4oa",
            "total": 2,
            "valor_unitario": 930406,
            "descuento": 0.27,
            "IVA": 5
        },
        {
            "codigo": "opSxc1jMLA",
            "total": 4,
            "valor_unitario": 300807,
            "descuento": 0.11,
            "IVA": 19
        }
    ]
}