{
    "empresa_nit": "123456789",
    "empresa_ciudad": "MEDELLIN",
    "empresa_sede": "aeropuerto",
    "empresa_nombre": "MicroMercado El Mio",
    "fecha_hora": "2020-09-08 11:51:56",
    "factura_num": "01311",
    "ciente_numero": 485263135,
    "pago_tipo": "EFECTIVO",
    "productos": [
        {
            "codigo": "aC8hfh6ZeB",
            "total": 5,
            "valor_unitario": 869530,
            "descuento": 0.02,
            "IVA": 5
        },
        {
            "codigo": "AKGqoJ2eYe",
            "total": 17,
            "valor_unitario": 45534,
            "descuento": 0.42,
            "IVA": 0
        },
        {
            "codigo": "A4iG83Y7SO",
            "total": 19,
            "valor_unitario": 293827,
            "descuento": 0.06,
            "IVA": 5
        },
        {
            "codigo": "VzlbUaKFFU",
            "total": 19,
            "valor_unitario": 19151,
            "descuento": 0.29,
            "IVA": 5
        },
        {
            "codigo": "6BKoMEFRZa",
            "total": 3,
            "valor_unitario": 56957,
            "descuento": 0.04,
            "IVA": 5
        },
        {
            "codigo": "OHYeI3ni4c",
            "total": 12,
            "valor_unitario": 133471,
            "descuento": 0.08,
            "IVA": 0
        },
        {
            "codigo": "gYzimhgMIS",
            "total": 13,
            "valor_unitario": 341164,
            "descuento": 0.11,
            "IVA": 19
        },
        {
            "codigo": "7OgHVkLUv6",
            "total": 9,
            "valor_unitario": 557377,
            "descuento": 0.2,
            "IVA": 0
        },
        {
            "codigo": "fgK41agicZ",
            "total": 15,
            "valor_unitario": 469500,
            "descuento": 0.23,
            "IVA": 19
        },
        {
            "codigo": "yIWvt5dCHJ",
            "total": 15,
            "valor_unitario": 288180,
            "descuento": 0.29,
            "IVA": 19
        },
        {
            "codigo": "uK6lzs90UG",
            "total": 16,
            "valor_unitario": 551940,
            "descuento": 0.26,
            "IVA": 0
        },
        {
            "codigo": "KnF7UdeXNM",
            "total": 7,
            "valor_unitario": 390304,
            "descuento": 0.33,
            "IVA": 19
        }
    ]
}