{
    "empresa_nit": "123456789",
    "empresa_ciudad": "CALI",
    "empresa_sede": "terminal",
    "empresa_nombre": "MicroMercado El Mio",
    "fecha_hora": "2024-11-29 12:29:52",
    "factura_num": "01216",
    "ciente_numero": 337322170,
    "pago_tipo": "TAR.DEBITO",
    "productos": [
        {
            "codigo": "Zpu6fLI6lq",
            "total": 4,
            "valor_unitario": 648582,
            "descuento": 0.0,
            "IVA": 5
        },
        {
            "codigo": "molGQIPVHq",
            "total": 6,
            "valor_unitario": 901587,
            "descuento": 0.41,
            "IVA": 19
        }
    ]
}