{
    "empresa_nit": "123456789",
    "empresa_ciudad": "TUNJA",
    "empresa_sede": "centro",
    "empresa_nombre": "MicroMercado El Mio",
    "fecha_hora": "2021-01-11 07:22:06",
    "factura_num": "01204",
    "ciente_numero": 119644162,
    "pago_tipo": "TAR.CREDITO",
    "productos": [
        {
            "codigo": "OQTlVBWFxh",
            "total": 17,
            "valor_unitario": 329199,
            "descuento": 0.15,
            "IVA": 19
        },
        {
            "codigo": "fcWmv9sSSx",
            "total": 12,
            "valor_unitario": 243656,
            "descuento": 0.5,
            "IVA": 0
        },
        {
            "codigo": "ec8X8P3zfS",
            "total": 6,
            "valor_unitario": 985941,
            "descuento": 0.43,
            "IVA": 5
        },
        {
            "codigo": "3HzNR3LCWp",
            "total": 2,
            "valor_unitario": 872584,
            "descuento": 0.08,
            "IVA": 19
        },
        {
            "codigo": "AbuhMVDfBF",
            "total": 4,
            "valor_unitario": 38597,
            "descuento": 0.25,
            "IVA": 0
        },
        {
            "codigo": "rV4pKV9NST",
            "total": 1,
            "valor_unitario": 694023,
            "descuento": 0.26,
            "IVA": 19
        },
        {
            "codigo": "Mw9LoyofcG",
            "total": 5,
            "valor_unitario": 349010,
            "descuento": 0.45,
            "IVA": 0
        },
        {
            "codigo": "Cx5xNC0TOc",
            "total": 16,
            "valor_unitario": 823707,
            "descuento": 0.14,
            "IVA": 0
        },
        {
            "codigo": "ZVg1CWtGd1",
            "total": 6,
            "valor_unitario": 594121,
            "descuento": 0.12,
            "IVA": 5
        },
        {
            "codigo": "dmtcBQsBZb",
            "total": 17,
            "valor_unitario": 506139,
            "descuento": 0.11,
            "IVA": 5
        },
        {
            "codigo": "xTM2R9RDn9",
            "total": 17,
            "valor_unitario": 282159,
            "descuento": 0.32,
            "IVA": 0
        },
        {
            "codigo": "DsZ99ny60i",
            "total": 8,
            "valor_unitario": 455859,
            "descuento": 0.48,
            "IVA": 5
        }
    ]
}