{
    "empresa_nit": "123456789",
    "empresa_ciudad": "BOGOTA",
    "empresa_sede": "terminal",
    "empresa_nombre": "MicroMercado El Mio",
    "fecha_hora": "2024-03-22 03:35:35",
    "factura_num": "01132",
    "ciente_numero": 787289869,
    "pago_tipo": "TRANFERENCIA",
    "productos": [
        {
            "codigo": "oRY1iG5twT",
            "total": 18,
            "valor_unitario": 754265,
            "descuento": 0.4,
            "IVA": 19
        },
        {
            "codigo": "elyzyPJqPX",
            "total": 18,
            "valor_unitario": 547858,
            "descuento": 0.47,
            "IVA": 0
        },
        {
            "codigo": "eJLmuz4SVN",
            "total": 4,
            "valor_unitario": 90633,
            "descuento": 0.31,
            "IVA": 0
        },
        {
            "codigo": "XaEJoQG4Ej",
            "total": 12,
            "valor_unitario": 262989,
            "descuento": 0.16,
            "IVA": 0
        },
        {
            "codigo": "i1dc4ePMIF",
            "total": 8,
            "valor_unitario": 676465,
            "descuento": 0.33,
            "IVA": 19
        },
        {
            "codigo": "P2gPbzVQTG",
            "total": 18,
            "valor_unitario": 948099,
            "descuento": 0.27,
            "IVA": 19
        },
        {
            "codigo": "VaXNtYZuOb",
            "total": 20,
            "valor_unitario": 228154,
            "descuento": 0.24,
            "IVA": 0
        },
        {
            "codigo": "b3Lxgbojq7",
            "total": 11,
            "valor_unitario": 201681,
            "descuento": 0.28,
            "IVA": 5
        },
        {
            "codigo": "jaVgkGQAhH",
            "total": 11,
            "valor_unitario": 87978,
            "descuento": 0.14,
            "IVA": 19
        },
        {
            "codigo": "bLcjx1oD8l",
            "total": 10,
            "valor_unitario": 892263,
            "descuento": 0.02,
            "IVA": 0
        },
        {
            "codigo": "chnrJQtB60",
            "total": 17,
            "valor_unitario": 205106,
            "descuento": 0.32,
            "IVA": 5
        },
        {
            "codigo": "96OBu8WXKv",
            "total": 12,
            "valor_unitario": 162939,
            "descuento": 0.27,
            "IVA": 5
        },
        {
            "codigo": "7ZgJNub1rK",
            "total": 11,
            "valor_unitario": 103093,
            "descuento": 0.38,
            "IVA": 0
        }
    ]
}