{
    "empresa_nit": "123456789",
    "empresa_ciudad": "CALI",
    "empresa_sede": "alcaldia",
    "empresa_nombre": "MicroMercado El Mio",
    "fecha_hora": "2021-08-03 08:09:18",
    "factura_num": "00131",
    "ciente_numero": 729426276,
    "pago_tipo": "TAR.CREDITO",
    "productos": [
        {
            "codigo": "Ta3l2TYaIm",
            "total": 14,
            "valor_unitario": 30812,
            "descuento": 0.08,
            "IVA": 19
        },
        {
            "codigo": "jJkGxKL4WY",
            "total": 20,
            "valor_unitario": 936490,
            "descuento": 0.14,
            "IVA": 0
        },
        {
            "codigo": "oq5PzpwdIy",
            "total": 19,
            "valor_unitario": 715527,
            "descuento": 0.21,
            "IVA": 5
        },
        {
            "codigo": "kmK1tsrIGw",
            "total": 14,
            "valor_unitario": 791368,
            "descuento": 0.03,
            "IVA": 5
        },
        {
            "codigo": "Dt5lKug92F",
            "total": 9,
            "valor_unitario": 384904,
            "descuento": 0.17,
            "IVA": 0
        },
        {
            "codigo": "wJUlFU4Vgu",
            "total": 10,
            "valor_unitario": 245043,
            "descuento": 0.15,
            "IVA": 0
        },
        {
            "codigo": "JnAVBXtVNb",
            "total": 1,
            "valor_unitario": 447704,
            "descuento": 0.18,
            "IVA": 5
        },
        {
            "codigo": "rRcHbTXRvg",
            "total": 5,
            "valor_unitario": 821027,
            "descuento": 0.29,
            "IVA": 5
        },
        {
            "codigo": "zEvKYAut2d",
            "total": 12,
            "valor_unitario": 363292,
            "descuento": 0.06,
            "IVA": 19
        },
        {
            "codigo": "R3u8KUbvTE",
            "total": 3,
            "valor_unitario": 434803,
            "descuento": 0.21,
            "IVA": 5
        },
        {
            "codigo": "l6IzNeSZk7",
            "total": 16,
            "valor_unitario": 648520,
            "descuento": 0.29,
            "IVA": 0
        },
        {
            "codigo": "rcOAextsCt",
            "total": 14,
            "valor_unitario": 338995,
            "descuento": 0.0,
            "IVA": 5
        },
        {
            "codigo": "VQpd9VDPfO",
            "total": 12,
            "valor_unitario": 525629,
            "descuento": 0.39,
            "IVA": 0
        },
        {
            "codigo": "3M2bMSB2VN",
            "total": 4,
            "valor_unitario": 35634,
            "descuento": 0.35,
            "IVA": 0
        },
        {
            "codigo": "GOQBR2auGo",
            "total": 17,
            "valor_unitario": 305898,
            "descuento": 0.26,
            "IVA": 5
        },
        {
            "codigo": "syXeeK2qe5",
            "total": 16,
            "valor_unitario": 199048,
            "descuento": 0.18,
            "IVA": 5
        },
        {
            "codigo": "lIoZvOtqsb",
            "total": 12,
            "valor_unitario": 134707,
            "descuento": 0.24,
            "IVA": 0
        }
    ]
}