{
    "empresa_nit": "123456789",
    "empresa_ciudad": "TUNJA",
    "empresa_sede": "alcaldia",
    "empresa_nombre": "MicroMercado El Mio",
    "fecha_hora": "2025-03-19 09:54:45",
    "factura_num": "01396",
    "ciente_numero": 494450565,
    "pago_tipo": "TRANFERENCIA",
    "productos": [
        {
            "codigo": "6s8UJjIpeA",
            "total": 20,
            "valor_unitario": 862080,
            "descuento": 0.4,
            "IVA": 19
        },
        {
            "codigo": "0ay5dZwoEp",
            "total": 6,
            "valor_unitario": 700462,
            "descuento": 0.43,
            "IVA": 0
        },
        {
            "codigo": "NbJg8fncX7",
            "total": 19,
            "valor_unitario": 768612,
            "descuento": 0.24,
            "IVA": 5
        },
        {
            "codigo": "AI9HNvXWZs",
            "total": 20,
            "valor_unitario": 82800,
            "descuento": 0.48,
            "IVA": 5
        },
        {
            "codigo": "rQXzZse8hs",
            "total": 6,
            "valor_unitario": 432142,
            "descuento": 0.3,
            "IVA": 5
        }
    ]
}