{
    "empresa_nit": "123456789",
    "empresa_ciudad": "BARRANQUILLA",
    "empresa_sede": "plaza",
    "empresa_nombre": "MicroMercado El Mio",
    "fecha_hora": "2022-03-09 18:11:11",
    "factura_num": "01302",
    "ciente_numero": 961096559,
    "pago_tipo": "EFECTIVO",
    "productos": [
        {
            "codigo": "5vGGfrRYuL",
            "total": 13,
            "valor_unitario": 599452,
            "descuento": 0.33,
            "IVA": 5
        },
        {
            "codigo": "RMTvp8Wzsr",
            "total": 11,
            "valor_unitario": 252162,
            "descuento": 0.12,
            "IVA": 0
        },
        {
            "codigo": "Gb1ozjjIy4",
            "total": 1,
            "valor_unitario": 108464,
            "descuento": 0.04,
            "IVA": 5
        },
        {
            "codigo": "4YY2LlT0Xa",
            "total": 8,
            "valor_unitario": 192465,
            "descuento": 0.11,
            "IVA": 5
        },
        {
            "codigo": "V4GG081v86",
            "total": 18,
            "valor_unitario": 358556,
            "descuento": 0.08,
            "IVA": 5
        },
        {
            "codigo": "w9rv9MmDwH",
            "total": 15,
            "valor_unitario": 391538,
            "descuento": 0.43,
            "IVA": 5
        },
        {
            "codigo": "6TDLFmp2w6",
            "total": 2,
            "valor_unitario": 654544,
            "descuento": 0.42,
            "IVA": 5
        },
        {
            "codigo": "5LEXm2aG11",
            "total": 3,
            "valor_unitario": 318770,
            "descuento": 0.22,
            "IVA": 0
        },
        {
            "codigo": "lK6aegdxRw",
            "total": 18,
            "valor_unitario": 64220,
            "descuento": 0.47,
            "IVA": 19
        },
        {
            "codigo": "Ri5ONlfqun",
            "total": 7,
            "valor_unitario": 722835,
            "descuento": 0.35,
            "IVA": 5
        },
        {
            "codigo": "kHpDi4IpCE",
            "total": 1,
            "valor_unitario": 816470,
            "descuento": 0.09,
            "IVA": 19
        }
    ]
}