{
    "empresa_nit": "123456789",
    "empresa_ciudad": "BOGOTA",
    "empresa_sede": "autopista",
    "empresa_nombre": "MicroMercado El Mio",
    "fecha_hora": "2024-08-27 18:31:33",
    "factura_num": "00127",
    "ciente_numero": 534756036,
    "pago_tipo": "TRANFERENCIA",
    "productos": [
        {
            "codigo": "D2qtt9qO3n",
            "total": 15,
            "valor_unitario": 421351,
            "descuento": 0.1,
            "IVA": 19
        },
        {
            "codigo": "KbZE5hDE8x",
            "total": 11,
            "valor_unitario": 391790,
            "descuento": 0.18,
            "IVA": 0
        },
        {
            "codigo": "AVZQZZhEnp",
            "total": 6,
            "valor_unitario": 270337,
            "descuento": 0.08,
            "IVA": 0
        },
        {
            "codigo": "wFBkSAekcm",
            "total": 10,
            "valor_unitario": 381502,
            "descuento": 0.05,
            "IVA": 5
        },
        {
            "codigo": "9eNYRrsuFU",
            "total": 3,
            "valor_unitario": 927423,
            "descuento": 0.19,
            "IVA": 19
        },
        {
            "codigo": "ZT1T0xIfLf",
            "total": 3,
            "valor_unitario": 526742,
            "descuento": 0.24,
            "IVA": 0
        },
        {
            "codigo": "QbPetToI8a",
            "total": 15,
            "valor_unitario": 618559,
            "descuento": 0.38,
            "IVA": 19
        },
        {
            "codigo": "dKhQ549xZ3",
            "total": 15,
            "valor_unitario": 459830,
            "descuento": 0.32,
            "IVA": 19
        },
        {
            "codigo": "daAyQ9xcST",
            "total": 7,
            "valor_unitario": 269075,
            "descuento": 0.28,
            "IVA": 0
        },
        {
            "codigo": "c22F6VzJeZ",
            "total": 17,
            "valor_unitario": 863801,
            "descuento": 0.41,
            "IVA": 19
        },
        {
            "codigo": "Jb8PgCkVHW",
            "total": 16,
            "valor_unitario": 43408,
            "descuento": 0.47,
            "IVA": 0
        },
        {
            "codigo": "ommesyP5gV",
            "total": 4,
            "valor_unitario": 439061,
            "descuento": 0.04,
            "IVA": 5
        },
        {
            "codigo": "OOGD7IOZwe",
            "total": 9,
            "valor_unitario": 475477,
            "descuento": 0.12,
            "IVA": 5
        },
        {
            "codigo": "V8SVq3ydxb",
            "total": 7,
            "valor_unitario": 514134,
            "descuento": 0.06,
            "IVA": 0
        },
        {
            "codigo": "0TrCpA6H2r",
            "total": 3,
            "valor_unitario": 428074,
            "descuento": 0.47,
            "IVA": 19
        },
        {
            "codigo": "1yH180WHAX",
            "total": 17,
            "valor_unitario": 365492,
            "descuento": 0.08,
            "IVA": 19
        }
    ]
}