{
    "empresa_nit": "123456789",
    "empresa_ciudad": "CALI",
    "empresa_sede": "centro",
    "empresa_nombre": "MicroMercado El Mio",
    "fecha_hora": "2022-07-18 13:44:29",
    "factura_num": "00108",
    "ciente_numero": 450670322,
    "pago_tipo": "TAR.DEBITO",
    "productos": [
        {
            "codigo": "gg6mPO0pQ9",
            "total": 18,
            "valor_unitario": 210489,
            "descuento": 0.13,
            "IVA": 5
        },
        {
            "codigo": "qBnGg0iKNW",
            "total": 18,
            "valor_unitario": 717233,
            "descuento": 0.49,
            "IVA": 19
        },
        {
            "codigo": "hJCQeJLCgn",
            "total": 20,
            "valor_unitario": 499846,
            "descuento": 0.04,
            "IVA": 5
        },
        {
            "codigo": "I0CI2hWOih",
            "total": 5,
            "valor_unitario": 252583,
            "descuento": 0.46,
            "IVA": 5
        },
        {
            "codigo": "fVaM6NbuZu",
            "total": 9,
            "valor_unitario": 127060,
            "descuento": 0.3,
            "IVA": 0
        },
        {
            "codigo": "3pls6Qgs6i",
            "total": 15,
            "valor_unitario": 435500,
            "descuento": 0.49,
            "IVA": 0
        },
        {
            "codigo": "bOmUUDVKJX",
            "total": 12,
            "valor_unitario": 953450,
            "descuento": 0.44,
            "IVA": 0
        }
    ]
}