{
    "empresa_nit": "123456789",
    "empresa_ciudad": "CALI",
    "empresa_sede": "plaza",
    "empresa_nombre": "MicroMercado El Mio",
    "fecha_hora": "2022-02-13 15:54:58",
    "factura_num": "01294",
    "ciente_numero": 916332548,
    "pago_tipo": "EFECTIVO",
    "productos": [
        {
            "codigo": "gjEkDoj7s0",
            "total": 17,
            "valor_unitario": 388512,
            "descuento": 0.22,
            "IVA": 0
        },
        {
            "codigo": "kRaBj5OvY9",
            "total": 10,
            "valor_unitario": 729798,
            "descuento": 0.16,
            "IVA": 0
        },
        {
            "codigo": "Ok3Xjbd9mH",
            "total": 6,
            "valor_unitario": 256363,
            "descuento": 0.2,
            "IVA": 19
        },
        {
            "codigo": "RtfMHsCfeW",
            "total": 17,
            "valor_unitario": 988555,
            "descuento": 0.48,
            "IVA": 0
        },
        {
            "codigo": "TgNAxCjjoP",
            "total": 15,
            "valor_unitario": 908079,
            "descuento": 0.13,
            "IVA": 19
        },
        {
            "codigo": "Ce5mcdWNoC",
            "total": 7,
            "valor_unitario": 91982,
            "descuento": 0.31,
            "IVA": 19
        },
        {
            "codigo": "tODmWeftlc",
            "total": 13,
            "valor_unitario": 453448,
            "descuento": 0.17,
            "IVA": 0
        }
    ]
}