{
    "empresa_nit": "123456789",
    "empresa_ciudad": "CALI",
    "empresa_sede": "plaza",
    "empresa_nombre": "MicroMercado El Mio",
    "fecha_hora": "2022-03-22 22:59:32",
    "factura_num": "01439",
    "ciente_numero": 703290780,
    "pago_tipo": "TAR.DEBITO",
    "productos": [
        {
            "codigo": "CQUCfXzt8S",
            "total": 12,
            "valor_unitario": 59855,
            "descuento": 0.23,
            "IVA": 5
        },
        {
            "codigo": "9oF4SM8AKW",
            "total": 18,
            "valor_unitario": 588620,
            "descuento": 0.4,
            "IVA": 0
        },
        {
            "codigo": "EzRT1tpUDO",
            "total": 7,
            "valor_unitario": 627866,
            "descuento": 0.47,
            "IVA": 5
        },
        {
            "codigo": "MhR3lRHrgH",
            "total": 8,
            "valor_unitario": 926919,
            "descuento": 0.2,
            "IVA": 0
        },
        {
            "codigo": "10559D1QEN",
            "total": 6,
            "valor_unitario": 5596,
            "descuento": 0.16,
            "IVA": 19
        },
        {
            "codigo": "z6G3SphZ3q",
            "total": 4,
            "valor_unitario": 50209,
            "descuento": 0.32,
            "IVA": 19
        },
        {
            "codigo": "oPXa2ginQj",
            "total": 17,
            "valor_unitario": 349300,
            "descuento": 0.42,
            "IVA": 0
        },
        {
            "codigo": "o9Stg8wTEn",
            "total": 19,
            "valor_unitario": 971109,
            "descuento": 0.09,
            "IVA": 5
        },
        {
            "codigo": "mCrXifD1W1",
            "total": 6,
            "valor_unitario": 202911,
            "descuento": 0.04,
            "IVA": 0
        },
        {
            "codigo": "R8dPjruf7y",
            "total": 6,
            "valor_unitario": 592358,
            "descuento": 0.37,
            "IVA": 0
        },
        {
            "codigo": "Q2XVO7IpDz",
            "total": 13,
            "valor_unitario": 340126,
            "descuento": 0.11,
            "IVA": 5
        },
        {
            "codigo": "IbjSrxb1VG",
            "total": 17,
            "valor_unitario": 555025,
            "descuento": 0.1,
            "IVA": 5
        }
    ]
}