{
    "empresa_nit": "123456789",
    "empresa_ciudad": "MEDELLIN",
    "empresa_sede": "plaza",
    "empresa_nombre": "MicroMercado El Mio",
    "fecha_hora": "2020-07-03 13:21:52",
    "factura_num": "01031",
    "ciente_numero": 951474012,
    "pago_tipo": "TAR.CREDITO",
    "productos": [
        {
            "codigo": "ogevZMZzUY",
            "total": 8,
            "valor_unitario": 867827,
            "descuento": 0.19,
            "IVA": 5
        },
        {
            "codigo": "T1E33AIpnO",
            "total": 20,
            "valor_unitario": 451752,
            "descuento": 0.2,
            "IVA": 0
        },
        {
            "codigo": "B42QkrqrH5",
            "total": 4,
            "valor_unitario": 753055,
            "descuento": 0.01,
            "IVA": 0
        }
    ]
}