{
    "empresa_nit": "123456789",
    "empresa_ciudad": "BOGOTA",
    "empresa_sede": "aeropuerto",
    "empresa_nombre": "MicroMercado El Mio",
    "fecha_hora": "2022-12-31 01:53:50",
    "factura_num": "01137",
    "ciente_numero": 602066281,
    "pago_tipo": "TRANFERENCIA",
    "productos": [
        {
            "codigo": "gN3QnNAiVp",
            "total": 13,
            "valor_unitario": 75414,
            "descuento": 0.31,
            "IVA": 0
        },
        {
            "codigo": "NcCGZYVffM",
            "total": 6,
            "valor_unitario": 594392,
            "descuento": 0.49,
            "IVA": 19
        },
        {
            "codigo": "8iAyWwYCCl",
            "total": 12,
            "valor_unitario": 247542,
            "descuento": 0.03,
            "IVA": 0
        },
        {
            "codigo": "X3Qvoq2BJK",
            "total": 8,
            "valor_unitario": 473188,
            "descuento": 0.4,
            "IVA": 0
        }
    ]
}