{
    "empresa_nit": "123456789",
    "empresa_ciudad": "MEDELLIN",
    "empresa_sede": "alcaldia",
    "empresa_nombre": "MicroMercado El Mio",
    "fecha_hora": "2023-03-31 05:02:00",
    "factura_num": "01139",
    "ciente_numero": 790971575,
    "pago_tipo": "TAR.CREDITO",
    "productos": [
        {
            "codigo": "H3v68JiqgJ",
            "total": 11,
            "valor_unitario": 992973,
            "descuento": 0.36,
            "IVA": 0
        },
        {
            "codigo": "TJf99Zph31",
            "total": 3,
            "valor_unitario": 508631,
            "descuento": 0.34,
            "IVA": 5
        },
        {
            "codigo": "VcVwrL1ijE",
            "total": 15,
            "valor_unitario": 703762,
            "descuento": 0.18,
            "IVA": 19
        },
        {
            "codigo": "XMrw3aLdjZ",
            "total": 3,
            "valor_unitario": 13304,
            "descuento": 0.01,
            "IVA": 19
        },
        {
            "codigo": "EYbueJJJyT",
            "total": 20,
            "valor_unitario": 905427,
            "descuento": 0.12,
            "IVA": 0
        },
        {
            "codigo": "SbGvTTtg0D",
            "total": 8,
            "valor_unitario": 18203,
            "descuento": 0.13,
            "IVA": 0
        },
        {
            "codigo": "RbbS2v9gn9",
            "total": 2,
            "valor_unitario": 7255,
            "descuento": 0.23,
            "IVA": 5
        }
    ]
}