{
    "empresa_nit": "123456789",
    "empresa_ciudad": "MEDELLIN",
    "empresa_sede": "plaza",
    "empresa_nombre": "MicroMercado El Mio",
    "fecha_hora": "2025-01-24 05:52:00",
    "factura_num": "01402",
    "ciente_numero": 347171291,
    "pago_tipo": "TRANFERENCIA",
    "productos": [
        {
            "codigo": "fvj1M959MA",
            "total": 16,
            "valor_unitario": 877317,
            "descuento": 0.03,
            "IVA": 19
        },
        {
            "codigo": "KN16veH7la",
            "total": 10,
            "valor_unitario": 476908,
            "descuento": 0.34,
            "IVA": 5
        },
        {
            "codigo": "YLRzaGNPQQ",
            "total": 8,
            "valor_unitario": 593528,
            "descuento": 0.09,
            "IVA": 19
        },
        {
            "codigo": "Ja2762fa9m",
            "total": 9,
            "valor_unitario": 63178,
            "descuento": 0.07,
            "IVA": 5
        },
        {
            "codigo": "5xWcfB3hcG",
            "total": 8,
            "valor_unitario": 613755,
            "descuento": 0.24,
            "IVA": 0
        },
        {
            "codigo": "MnucSNqriU",
            "total": 17,
            "valor_unitario": 302541,
            "descuento": 0.23,
            "IVA": 19
        },
        {
            "codigo": "8tU7uTErxa",
            "total": 16,
            "valor_unitario": 721123,
            "descuento": 0.4,
            "IVA": 0
        },
        {
            "codigo": "sDPq96Do0n",
            "total": 6,
            "valor_unitario": 352104,
            "descuento": 0.01,
            "IVA": 0
        },
        {
            "codigo": "EUP5eGxPUR",
            "total": 10,
            "valor_unitario": 685876,
            "descuento": 0.1,
            "IVA": 0
        },
        {
            "codigo": "BIdKpoOlKq",
            "total": 13,
            "valor_unitario": 26369,
            "descuento": 0.39,
            "IVA": 19
        },
        {
            "codigo": "Shzb9y6evM",
            "total": 18,
            "valor_unitario": 508367,
            "descuento": 0.18,
            "IVA": 19
        },
        {
            "codigo": "MoshXBL0In",
            "total": 17,
            "valor_unitario": 595214,
            "descuento": 0.23,
            "IVA": 19
        },
        {
            "codigo": "CsdpFaVv5c",
            "total": 13,
            "valor_unitario": 233512,
            "descuento": 0.33,
            "IVA": 5
        },
        {
            "codigo": "p3tfEAJiYs",
            "total": 1,
            "valor_unitario": 309788,
            "descuento": 0.07,
            "IVA": 19
        },
        {
            "codigo": "xesR1Mz7RF",
            "total": 7,
            "valor_unitario": 382855,
            "descuento": 0.44,
            "IVA": 19
        },
        {
            "codigo": "2BMNeqE8eY",
            "total": 9,
            "valor_unitario": 581979,
            "descuento": 0.3,
            "IVA": 19
        },
        {
            "codigo": "ggv2w8p30i",
            "total": 20,
            "valor_unitario": 971016,
            "descuento": 0.07,
            "IVA": 19
        }
    ]
}