{
    "empresa_nit": "123456789",
    "empresa_ciudad": "BARRANQUILLA",
    "empresa_sede": "plaza",
    "empresa_nombre": "MicroMercado El Mio",
    "fecha_hora": "2022-01-23 13:56:05",
    "factura_num": "01307",
    "ciente_numero": 853964965,
    "pago_tipo": "TAR.DEBITO",
    "productos": [
        {
            "codigo": "gtZ9jaGaAt",
            "total": 2,
            "valor_unitario": 491845,
            "descuento": 0.0,
            "IVA": 19
        },
        {
            "codigo": "a3BMt0B2gN",
            "total": 17,
            "valor_unitario": 163794,
            "descuento": 0.25,
            "IVA": 0
        },
        {
            "codigo": "EZxeMXosQF",
            "total": 4,
            "valor_unitario": 30949,
            "descuento": 0.3,
            "IVA": 19
        },
        {
            "codigo": "NL2Pf0zKam",
            "total": 8,
            "valor_unitario": 207501,
            "descuento": 0.31,
            "IVA": 0
        },
        {
            "codigo": "ECfFZc27T9",
            "total": 10,
            "valor_unitario": 686063,
            "descuento": 0.01,
            "IVA": 5
        },
        {
            "codigo": "W9S3C9IIdK",
            "total": 1,
            "valor_unitario": 591637,
            "descuento": 0.1,
            "IVA": 5
        },
        {
            "codigo": "HT5BViqtPD",
            "total": 6,
            "valor_unitario": 152523,
            "descuento": 0.1,
            "IVA": 5
        },
        {
            "codigo": "6VtA4RJSFZ",
            "total": 13,
            "valor_unitario": 300261,
            "descuento": 0.31,
            "IVA": 19
        }
    ]
}