{
    "empresa_nit": "123456789",
    "empresa_ciudad": "MEDELLIN",
    "empresa_sede": "aeropuerto",
    "empresa_nombre": "MicroMercado El Mio",
    "fecha_hora": "2020-01-28 06:25:26",
    "factura_num": "01331",
    "ciente_numero": 908507542,
    "pago_tipo": "EFECTIVO",
    "productos": [
        {
            "codigo": "PxIM00CdYr",
            "total": 14,
            "valor_unitario": 908058,
            "descuento": 0.43,
            "IVA": 0
        },
        {
            "codigo": "6IRLEMM0Pe",
            "total": 6,
            "valor_unitario": 850337,
            "descuento": 0.43,
            "IVA": 0
        },
        {
            "codigo": "iPmuA8LJSM",
            "total": 9,
            "valor_unitario": 46439,
            "descuento": 0.38,
            "IVA": 0
        },
        {
            "codigo": "MQ8SthMbWv",
            "total": 20,
            "valor_unitario": 420490,
            "descuento": 0.37,
            "IVA": 0
        },
        {
            "codigo": "CaNVcNMPPz",
            "total": 17,
            "valor_unitario": 357747,
            "descuento": 0.41,
            "IVA": 0
        },
        {
            "codigo": "A1HKVqwQaL",
            "total": 11,
            "valor_unitario": 443589,
            "descuento": 0.14,
            "IVA": 5
        },
        {
            "codigo": "K63ZYexpHs",
            "total": 16,
            "valor_unitario": 204338,
            "descuento": 0.03,
            "IVA": 5
        },
        {
            "codigo": "wQjfKGlJ7B",
            "total": 14,
            "valor_unitario": 549559,
            "descuento": 0.4,
            "IVA": 5
        },
        {
            "codigo": "uZoqBTyTgO",
            "total": 19,
            "valor_unitario": 140087,
            "descuento": 0.27,
            "IVA": 0
        },
        {
            "codigo": "ZQS3VAqsdR",
            "total": 6,
            "valor_unitario": 743611,
            "descuento": 0.28,
            "IVA": 5
        },
        {
            "codigo": "oWzYbG2JM2",
            "total": 12,
            "valor_unitario": 305362,
            "descuento": 0.02,
            "IVA": 5
        }
    ]
}