{
    "empresa_nit": "123456789",
    "empresa_ciudad": "TUNJA",
    "empresa_sede": "autopista",
    "empresa_nombre": "MicroMercado El Mio",
    "fecha_hora": "2024-05-21 19:19:51",
    "factura_num": "01321",
    "ciente_numero": 807445266,
    "pago_tipo": "TRANFERENCIA",
    "productos": [
        {
            "codigo": "z21C1Hdo2N",
            "total": 20,
            "valor_unitario": 37248,
            "descuento": 0.2,
            "IVA": 0
        },
        {
            "codigo": "09EKFf41Vj",
            "total": 15,
            "valor_unitario": 115499,
            "descuento": 0.19,
            "IVA": 0
        },
        {
            "codigo": "lGMPpG6Vnu",
            "total": 20,
            "valor_unitario": 158048,
            "descuento": 0.28,
            "IVA": 5
        },
        {
            "codigo": "MsFTUxd2eh",
            "total": 11,
            "valor_unitario": 255852,
            "descuento": 0.29,
            "IVA": 0
        },
        {
            "codigo": "Iwe6UwSpEb",
            "total": 7,
            "valor_unitario": 36093,
            "descuento": 0.48,
            "IVA": 5
        }
    ]
}