{
    "empresa_nit": "123456789",
    "empresa_ciudad": "CALI",
    "empresa_sede": "aeropuerto",
    "empresa_nombre": "MicroMercado El Mio",
    "fecha_hora": "2022-02-08 02:32:38",
    "factura_num": "01304",
    "ciente_numero": 30700224,
    "pago_tipo": "TAR.CREDITO",
    "productos": [
        {
            "codigo": "xKnQCGftpy",
            "total": 16,
            "valor_unitario": 879077,
            "descuento": 0.44,
            "IVA": 0
        },
        {
            "codigo": "MqCRV0uPNJ",
            "total": 2,
            "valor_unitario": 117296,
            "descuento": 0.19,
            "IVA": 5
        },
        {
            "codigo": "qdc1CXZqg1",
            "total": 15,
            "valor_unitario": 465405,
            "descuento": 0.24,
            "IVA": 5
        },
        {
            "codigo": "U3ssPHxHjC",
            "total": 18,
            "valor_unitario": 466954,
            "descuento": 0.49,
            "IVA": 19
        },
        {
            "codigo": "lO9FaMHOlM",
            "total": 5,
            "valor_unitario": 495724,
            "descuento": 0.38,
            "IVA": 0
        },
        {
            "codigo": "uTqE0rqmP8",
            "total": 11,
            "valor_unitario": 279746,
            "descuento": 0.15,
            "IVA": 0
        },
        {
            "codigo": "qcws9ZXBW6",
            "total": 13,
            "valor_unitario": 107251,
            "descuento": 0.38,
            "IVA": 0
        },
        {
            "codigo": "CAJSyG2uEh",
            "total": 6,
            "valor_unitario": 303709,
            "descuento": 0.05,
            "IVA": 5
        },
        {
            "codigo": "7GVQfdafxA",
            "total": 11,
            "valor_unitario": 292898,
            "descuento": 0.22,
            "IVA": 0
        },
        {
            "codigo": "l7qX2Ryjgx",
            "total": 12,
            "valor_unitario": 350844,
            "descuento": 0.26,
            "IVA": 19
        },
        {
            "codigo": "0Tc8LABbnS",
            "total": 11,
            "valor_unitario": 17749,
            "descuento": 0.32,
            "IVA": 19
        },
        {
            "codigo": "4D0jWBAKgN",
            "total": 16,
            "valor_unitario": 337077,
            "descuento": 0.05,
            "IVA": 0
        },
        {
            "codigo": "FPXYN54Hxm",
            "total": 9,
            "valor_unitario": 461905,
            "descuento": 0.14,
            "IVA": 5
        },
        {
            "codigo": "0eaCGs2E2Q",
            "total": 17,
            "valor_unitario": 885704,
            "descuento": 0.08,
            "IVA": 19
        },
        {
            "codigo": "qgejGAkIm5",
            "total": 19,
            "valor_unitario": 186726,
            "descuento": 0.16,
            "IVA": 5
        },
        {
            "codigo": "82Re6Odx8S",
            "total": 7,
            "valor_unitario": 383629,
            "descuento": 0.15,
            "IVA": 19
        },
        {
            "codigo": "YBUHxMHYCT",
            "total": 14,
            "valor_unitario": 929310,
            "descuento": 0.15,
            "IVA": 0
        }
    ]
}