{
    "empresa_nit": "123456789",
    "empresa_ciudad": "MEDELLIN",
    "empresa_sede": "centro",
    "empresa_nombre": "MicroMercado El Mio",
    "fecha_hora": "2022-04-16 09:11:03",
    "factura_num": "01419",
    "ciente_numero": 898060186,
    "pago_tipo": "TAR.CREDITO",
    "productos": [
        {
            "codigo": "xYW8kvvkfo",
            "total": 4,
            "valor_unitario": 494404,
            "descuento": 0.2,
            "IVA": 0
        },
        {
            "codigo": "oOl65mBZBd",
            "total": 18,
            "valor_unitario": 692197,
            "descuento": 0.18,
            "IVA": 19
        },
        {
            "codigo": "aploqv4Bj8",
            "total": 13,
            "valor_unitario": 595806,
            "descuento": 0.25,
            "IVA": 5
        },
        {
            "codigo": "btXlAv8heW",
            "total": 19,
            "valor_unitario": 4676,
            "descuento": 0.29,
            "IVA": 5
        },
        {
            "codigo": "7uxnn0eGUx",
            "total": 8,
            "valor_unitario": 727141,
            "descuento": 0.23,
            "IVA": 19
        },
        {
            "codigo": "TDnF2TZXZx",
            "total": 18,
            "valor_unitario": 154825,
            "descuento": 0.25,
            "IVA": 0
        },
        {
            "codigo": "4KAnz6QT9P",
            "total": 19,
            "valor_unitario": 975656,
            "descuento": 0.07,
            "IVA": 5
        },
        {
            "codigo": "z7CjcDPhvj",
            "total": 5,
            "valor_unitario": 328289,
            "descuento": 0.04,
            "IVA": 5
        },
        {
            "codigo": "GW023d1WGz",
            "total": 10,
            "valor_unitario": 552409,
            "descuento": 0.03,
            "IVA": 5
        },
        {
            "codigo": "j3R6ZI4ssJ",
            "total": 11,
            "valor_unitario": 607777,
            "descuento": 0.24,
            "IVA": 0
        },
        {
            "codigo": "bxhBLJmqNd",
            "total": 2,
            "valor_unitario": 882268,
            "descuento": 0.41,
            "IVA": 5
        },
        {
            "codigo": "2KbyQrLVuK",
            "total": 20,
            "valor_unitario": 415326,
            "descuento": 0.37,
            "IVA": 5
        },
        {
            "codigo": "q7XhxGvoPF",
            "total": 19,
            "valor_unitario": 566750,
            "descuento": 0.12,
            "IVA": 5
        },
        {
            "codigo": "ShWIXf6T9V",
            "total": 10,
            "valor_unitario": 978415,
            "descuento": 0.48,
            "IVA": 19
        },
        {
            "codigo": "IlTRTJ6gKY",
            "total": 20,
            "valor_unitario": 568089,
            "descuento": 0.13,
            "IVA": 0
        }
    ]
}