{
    "empresa_nit": "123456789",
    "empresa_ciudad": "BARRANQUILLA",
    "empresa_sede": "alcaldia",
    "empresa_nombre": "MicroMercado El Mio",
    "fecha_hora": "2020-06-05 12:06:29",
    "factura_num": "00122",
    "ciente_numero": 8189782,
    "pago_tipo": "TRANFERENCIA",
    "productos": [
        {
            "codigo": "tdFuwmBQ9S",
            "total": 3,
            "valor_unitario": 896019,
            "descuento": 0.0,
            "IVA": 0
        },
        {
            "codigo": "AdKH6yAe13",
            "total": 20,
            "valor_unitario": 78868,
            "descuento": 0.05,
            "IVA": 0
        },
        {
            "codigo": "EMCs0K7cBk",
            "total": 16,
            "valor_unitario": 683535,
            "descuento": 0.35,
            "IVA": 5
        },
        {
            "codigo": "pSuJNSCVJL",
            "total": 3,
            "valor_unitario": 399610,
            "descuento": 0.32,
            "IVA": 5
        },
        {
            "codigo": "jnZXc4buZ6",
            "total": 1,
            "valor_unitario": 348702,
            "descuento": 0.33,
            "IVA": 5
        },
        {
            "codigo": "smva8yfyBD",
            "total": 15,
            "valor_unitario": 785260,
            "descuento": 0.16,
            "IVA": 19
        },
        {
            "codigo": "mFZ5fx53ed",
            "total": 8,
            "valor_unitario": 158985,
            "descuento": 0.21,
            "IVA": 5
        },
        {
            "codigo": "l4kWqXYPV8",
            "total": 5,
            "valor_unitario": 429069,
            "descuento": 0.09,
            "IVA": 0
        },
        {
            "codigo": "DXDDxhkauZ",
            "total": 5,
            "valor_unitario": 760962,
            "descuento": 0.28,
            "IVA": 0
        },
        {
            "codigo": "DXTQq7dkh7",
            "total": 4,
            "valor_unitario": 373593,
            "descuento": 0.05,
            "IVA": 0
        }
    ]
}