{
    "empresa_nit": "123456789",
    "empresa_ciudad": "CALI",
    "empresa_sede": "autopista",
    "empresa_nombre": "MicroMercado El Mio",
    "fecha_hora": "2024-12-06 17:15:13",
    "factura_num": "01355",
    "ciente_numero": 211043276,
    "pago_tipo": "TAR.CREDITO",
    "productos": [
        {
            "codigo": "yFGMR1LOAG",
            "total": 2,
            "valor_unitario": 35257,
            "descuento": 0.19,
            "IVA": 19
        },
        {
            "codigo": "Mdugy5Mffa",
            "total": 4,
            "valor_unitario": 889441,
            "descuento": 0.16,
            "IVA": 0
        },
        {
            "codigo": "nkkCm1KkX1",
            "total": 18,
            "valor_unitario": 957626,
            "descuento": 0.0,
            "IVA": 0
        },
        {
            "codigo": "rpZjTnXm3n",
            "total": 9,
            "valor_unitario": 405007,
            "descuento": 0.49,
            "IVA": 5
        },
        {
            "codigo": "nOelswBPP6",
            "total": 16,
            "valor_unitario": 689564,
            "descuento": 0.17,
            "IVA": 5
        },
        {
            "codigo": "jq22jxm998",
            "total": 9,
            "valor_unitario": 894774,
            "descuento": 0.44,
            "IVA": 5
        },
        {
            "codigo": "p5CuSSDJQO",
            "total": 15,
            "valor_unitario": 150309,
            "descuento": 0.16,
            "IVA": 5
        },
        {
            "codigo": "uoBuHYF4D7",
            "total": 3,
            "valor_unitario": 202191,
            "descuento": 0.16,
            "IVA": 19
        },
        {
            "codigo": "s3JMZ8m9sr",
            "total": 10,
            "valor_unitario": 740411,
            "descuento": 0.07,
            "IVA": 5
        },
        {
            "codigo": "0BlL6B5iP8",
            "total": 15,
            "valor_unitario": 401242,
            "descuento": 0.43,
            "IVA": 5
        },
        {
            "codigo": "ydXVxnIFrq",
            "total": 12,
            "valor_unitario": 673797,
            "descuento": 0.45,
            "IVA": 19
        },
        {
            "codigo": "juxJMrfPlL",
            "total": 4,
            "valor_unitario": 370216,
            "descuento": 0.33,
            "IVA": 5
        },
        {
            "codigo": "aW5ZtbdasO",
            "total": 18,
            "valor_unitario": 24230,
            "descuento": 0.46,
            "IVA": 19
        },
        {
            "codigo": "cacthaQ4KL",
            "total": 14,
            "valor_unitario": 783313,
            "descuento": 0.26,
            "IVA": 5
        },
        {
            "codigo": "7ZsoMuvWyU",
            "total": 6,
            "valor_unitario": 709175,
            "descuento": 0.35,
            "IVA": 5
        },
        {
            "codigo": "eEkpZu80Ea",
            "total": 14,
            "valor_unitario": 209120,
            "descuento": 0.31,
            "IVA": 19
        },
        {
            "codigo": "3DTNqACuyj",
            "total": 13,
            "valor_unitario": 840352,
            "descuento": 0.25,
            "IVA": 19
        },
        {
            "codigo": "mH9RaI4fG8",
            "total": 5,
            "valor_unitario": 838837,
            "descuento": 0.23,
            "IVA": 0
        },
        {
            "codigo": "Le9Sm7fb84",
            "total": 16,
            "valor_unitario": 475651,
            "descuento": 0.3,
            "IVA": 5
        },
        {
            "codigo": "JgL8MCJG11",
            "total": 11,
            "valor_unitario": 594131,
            "descuento": 0.37,
            "IVA": 0
        }
    ]
}