{
    "empresa_nit": "123456789",
    "empresa_ciudad": "TUNJA",
    "empresa_sede": "aeropuerto",
    "empresa_nombre": "MicroMercado El Mio",
    "fecha_hora": "2024-04-17 03:17:40",
    "factura_num": "01058",
    "ciente_numero": 500880375,
    "pago_tipo": "TRANFERENCIA",
    "productos": [
        {
            "codigo": "XfCrQ4BDFP",
            "total": 10,
            "valor_unitario": 156975,
            "descuento": 0.27,
            "IVA": 0
        },
        {
            "codigo": "1O7uYCQ2sA",
            "total": 7,
            "valor_unitario": 803788,
            "descuento": 0.07,
            "IVA": 0
        },
        {
            "codigo": "dkzpKmKMT1",
            "total": 8,
            "valor_unitario": 645134,
            "descuento": 0.41,
            "IVA": 19
        },
        {
            "codigo": "gsAw8aRQCg",
            "total": 14,
            "valor_unitario": 828347,
            "descuento": 0.24,
            "IVA": 0
        },
        {
            "codigo": "RMIrkU5vGN",
            "total": 19,
            "valor_unitario": 414294,
            "descuento": 0.05,
            "IVA": 0
        },
        {
            "codigo": "gXMvbebHVt",
            "total": 6,
            "valor_unitario": 130561,
            "descuento": 0.2,
            "IVA": 19
        },
        {
            "codigo": "7Gs5QphINc",
            "total": 11,
            "valor_unitario": 225526,
            "descuento": 0.07,
            "IVA": 5
        },
        {
            "codigo": "Js50VQQpmE",
            "total": 2,
            "valor_unitario": 802709,
            "descuento": 0.24,
            "IVA": 5
        },
        {
            "codigo": "cc5vMCOhvw",
            "total": 17,
            "valor_unitario": 228112,
            "descuento": 0.15,
            "IVA": 19
        },
        {
            "codigo": "jWFuDOvreq",
            "total": 2,
            "valor_unitario": 435541,
            "descuento": 0.22,
            "IVA": 0
        },
        {
            "codigo": "IfvXhnKBD8",
            "total": 2,
            "valor_unitario": 708803,
            "descuento": 0.25,
            "IVA": 0
        },
        {
            "codigo": "RmsWpSOWjm",
            "total": 15,
            "valor_unitario": 370169,
            "descuento": 0.37,
            "IVA": 5
        },
        {
            "codigo": "7Za36wfRDj",
            "total": 13,
            "valor_unitario": 852974,
            "descuento": 0.23,
            "IVA": 0
        },
        {
            "codigo": "QViuiwHDlv",
            "total": 11,
            "valor_unitario": 430889,
            "descuento": 0.0,
            "IVA": 19
        },
        {
            "codigo": "G5Rp1fGHrc",
            "total": 2,
            "valor_unitario": 769119,
            "descuento": 0.36,
            "IVA": 19
        },
        {
            "codigo": "WWi1RL4uql",
            "total": 17,
            "valor_unitario": 240358,
            "descuento": 0.48,
            "IVA": 19
        },
        {
            "codigo": "qwRsaoXhi1",
            "total": 18,
            "valor_unitario": 636354,
            "descuento": 0.16,
            "IVA": 19
        },
        {
            "codigo": "CxkvYLtTnH",
            "total": 11,
            "valor_unitario": 198146,
            "descuento": 0.19,
            "IVA": 5
        },
        {
            "codigo": "BexFnswwao",
            "total": 19,
            "valor_unitario": 891116,
            "descuento": 0.4,
            "IVA": 5
        }
    ]
}