{
    "empresa_nit": "123456789",
    "empresa_ciudad": "TUNJA",
    "empresa_sede": "alcaldia",
    "empresa_nombre": "MicroMercado El Mio",
    "fecha_hora": "2020-05-08 11:57:23",
    "factura_num": "01086",
    "ciente_numero": 508468778,
    "pago_tipo": "TRANFERENCIA",
    "productos": [
        {
            "codigo": "fa6C71nbnA",
            "total": 7,
            "valor_unitario": 725271,
            "descuento": 0.06,
            "IVA": 19
        },
        {
            "codigo": "kEmIco0zUp",
            "total": 20,
            "valor_unitario": 782408,
            "descuento": 0.41,
            "IVA": 19
        },
        {
            "codigo": "jmF7vjdxGN",
            "total": 2,
            "valor_unitario": 274702,
            "descuento": 0.33,
            "IVA": 5
        },
        {
            "codigo": "6nATQeUJdD",
            "total": 15,
            "valor_unitario": 566056,
            "descuento": 0.4,
            "IVA": 19
        },
        {
            "codigo": "bxtLVnhptO",
            "total": 12,
            "valor_unitario": 759916,
            "descuento": 0.24,
            "IVA": 5
        },
        {
            "codigo": "5vjXyHYh9N",
            "total": 15,
            "valor_unitario": 777534,
            "descuento": 0.26,
            "IVA": 19
        },
        {
            "codigo": "qdK4Svp5Mz",
            "total": 6,
            "valor_unitario": 838175,
            "descuento": 0.48,
            "IVA": 5
        },
        {
            "codigo": "QNrMOoVm2z",
            "total": 19,
            "valor_unitario": 960530,
            "descuento": 0.13,
            "IVA": 0
        },
        {
            "codigo": "3l1vexkwYZ",
            "total": 10,
            "valor_unitario": 228025,
            "descuento": 0.28,
            "IVA": 0
        },
        {
            "codigo": "Pn3EPvVEI1",
            "total": 6,
            "valor_unitario": 921655,
            "descuento": 0.01,
            "IVA": 5
        },
        {
            "codigo": "51okZqKeHG",
            "total": 9,
            "valor_unitario": 767145,
            "descuento": 0.45,
            "IVA": 5
        },
        {
            "codigo": "xdVd9DdcfE",
            "total": 17,
            "valor_unitario": 840939,
            "descuento": 0.26,
            "IVA": 19
        },
        {
            "codigo": "MDcoZa9dBY",
            "total": 14,
            "valor_unitario": 302304,
            "descuento": 0.31,
            "IVA": 19
        },
        {
            "codigo": "riZJ6yZ42x",
            "total": 8,
            "valor_unitario": 147792,
            "descuento": 0.45,
            "IVA": 19
        }
    ]
}