{
    "empresa_nit": "123456789",
    "empresa_ciudad": "CALI",
    "empresa_sede": "alcaldia",
    "empresa_nombre": "MicroMercado El Mio",
    "fecha_hora": "2022-05-28 06:55:19",
    "factura_num": "01277",
    "ciente_numero": 752814546,
    "pago_tipo": "TAR.CREDITO",
    "productos": [
        {
            "codigo": "5OVIMG4uh2",
            "total": 16,
            "valor_unitario": 932997,
            "descuento": 0.29,
            "IVA": 19
        },
        {
            "codigo": "Fn2Tf6n7UR",
            "total": 18,
            "valor_unitario": 175231,
            "descuento": 0.02,
            "IVA": 5
        },
        {
            "codigo": "EUbooUGUDP",
            "total": 17,
            "valor_unitario": 930535,
            "descuento": 0.3,
            "IVA": 19
        },
        {
            "codigo": "ToVDXIHILT",
            "total": 9,
            "valor_unitario": 645643,
            "descuento": 0.06,
            "IVA": 0
        },
        {
            "codigo": "OaeNzM5JzS",
            "total": 13,
            "valor_unitario": 716255,
            "descuento": 0.36,
            "IVA": 0
        },
        {
            "codigo": "Yw9EWmRXdN",
            "total": 11,
            "valor_unitario": 993766,
            "descuento": 0.47,
            "IVA": 0
        },
        {
            "codigo": "cjFaawwlIQ",
            "total": 13,
            "valor_unitario": 572583,
            "descuento": 0.17,
            "IVA": 5
        },
        {
            "codigo": "2IECbpJiZE",
            "total": 15,
            "valor_unitario": 231115,
            "descuento": 0.42,
            "IVA": 5
        }
    ]
}