{
    "empresa_nit": "123456789",
    "empresa_ciudad": "BARRANQUILLA",
    "empresa_sede": "plaza",
    "empresa_nombre": "MicroMercado El Mio",
    "fecha_hora": "2024-08-30 04:39:13",
    "factura_num": "01140",
    "ciente_numero": 228279504,
    "pago_tipo": "TAR.DEBITO",
    "productos": [
        {
            "codigo": "FnRFmiC8lu",
            "total": 17,
            "valor_unitario": 928631,
            "descuento": 0.02,
            "IVA": 19
        },
        {
            "codigo": "iuEloF5VHE",
            "total": 20,
            "valor_unitario": 367771,
            "descuento": 0.05,
            "IVA": 0
        },
        {
            "codigo": "DzCpxjkccx",
            "total": 4,
            "valor_unitario": 974082,
            "descuento": 0.37,
            "IVA": 5
        },
        {
            "codigo": "R16MOwRUru",
            "total": 19,
            "valor_unitario": 24667,
            "descuento": 0.42,
            "IVA": 5
        },
        {
            "codigo": "7TmhySlPxy",
            "total": 2,
            "valor_unitario": 277040,
            "descuento": 0.33,
            "IVA": 5
        },
        {
            "codigo": "uq5Q8zpnPe",
            "total": 6,
            "valor_unitario": 152803,
            "descuento": 0.39,
            "IVA": 0
        },
        {
            "codigo": "cTzEPcApR3",
            "total": 15,
            "valor_unitario": 627223,
            "descuento": 0.27,
            "IVA": 19
        },
        {
            "codigo": "nfUCtk7qLc",
            "total": 3,
            "valor_unitario": 41462,
            "descuento": 0.45,
            "IVA": 5
        }
    ]
}