{
    "empresa_nit": "123456789",
    "empresa_ciudad": "BOGOTA",
    "empresa_sede": "aeropuerto",
    "empresa_nombre": "MicroMercado El Mio",
    "fecha_hora": "2023-12-17 14:23:44",
    "factura_num": "01050",
    "ciente_numero": 754147472,
    "pago_tipo": "EFECTIVO",
    "productos": [
        {
            "codigo": "xgu0ojMhg3",
            "total": 7,
            "valor_unitario": 744642,
            "descuento": 0.03,
            "IVA": 5
        },
        {
            "codigo": "XbFEzfvlqC",
            "total": 1,
            "valor_unitario": 783556,
            "descuento": 0.05,
            "IVA": 19
        },
        {
            "codigo": "Ti5FnBRbWs",
            "total": 19,
            "valor_unitario": 592548,
            "descuento": 0.46,
            "IVA": 0
        },
        {
            "codigo": "gjtrKsUWm6",
            "total": 16,
            "valor_unitario": 336784,
            "descuento": 0.3,
            "IVA": 5
        },
        {
            "codigo": "NC1ts5Owij",
            "total": 10,
            "valor_unitario": 673317,
            "descuento": 0.04,
            "IVA": 0
        },
        {
            "codigo": "lQmIdstIWb",
            "total": 2,
            "valor_unitario": 563867,
            "descuento": 0.11,
            "IVA": 19
        }
    ]
}