{
    "empresa_nit": "123456789",
    "empresa_ciudad": "TUNJA",
    "empresa_sede": "autopista",
    "empresa_nombre": "MicroMercado El Mio",
    "fecha_hora": "2022-02-23 10:53:30",
    "factura_num": "01203",
    "ciente_numero": 367615119,
    "pago_tipo": "TRANFERENCIA",
    "productos": [
        {
            "codigo": "aA6GK6adSV",
            "total": 19,
            "valor_unitario": 795617,
            "descuento": 0.34,
            "IVA": 5
        },
        {
            "codigo": "8ogjyDYKRV",
            "total": 9,
            "valor_unitario": 263420,
            "descuento": 0.49,
            "IVA": 19
        },
        {
            "codigo": "SfG0bq29dR",
            "total": 1,
            "valor_unitario": 655802,
            "descuento": 0.18,
            "IVA": 0
        },
        {
            "codigo": "itnQotw4DD",
            "total": 18,
            "valor_unitario": 657319,
            "descuento": 0.09,
            "IVA": 0
        },
        {
            "codigo": "ZkLKepUJ5c",
            "total": 1,
            "valor_unitario": 682898,
            "descuento": 0.16,
            "IVA": 5
        },
        {
            "codigo": "tzwLpv5H7z",
            "total": 4,
            "valor_unitario": 167819,
            "descuento": 0.09,
            "IVA": 5
        },
        {
            "codigo": "t993uX00Pk",
            "total": 15,
            "valor_unitario": 319612,
            "descuento": 0.48,
            "IVA": 0
        },
        {
            "codigo": "nUkPDDAgly",
            "total": 7,
            "valor_unitario": 789739,
            "descuento": 0.36,
            "IVA": 0
        },
        {
            "codigo": "iiwJbtqJl0",
            "total": 1,
            "valor_unitario": 569156,
            "descuento": 0.04,
            "IVA": 5
        },
        {
            "codigo": "xL1LByAzIu",
            "total": 11,
            "valor_unitario": 145687,
            "descuento": 0.06,
            "IVA": 19
        },
        {
            "codigo": "R3me6zSBMo",
            "total": 17,
            "valor_unitario": 56125,
            "descuento": 0.05,
            "IVA": 0
        },
        {
            "codigo": "nhd0jcZ6bN",
            "total": 11,
            "valor_unitario": 613053,
            "descuento": 0.16,
            "IVA": 0
        }
    ]
}