{
    "empresa_nit": "123456789",
    "empresa_ciudad": "CALI",
    "empresa_sede": "alcaldia",
    "empresa_nombre": "MicroMercado El Mio",
    "fecha_hora": "2020-08-07 23:29:53",
    "factura_num": "01250",
    "ciente_numero": 278964162,
    "pago_tipo": "TAR.DEBITO",
    "productos": [
        {
            "codigo": "rhAZsd0SP1",
            "total": 7,
            "valor_unitario": 277225,
            "descuento": 0.12,
            "IVA": 19
        },
        {
            "codigo": "rxsnKsWDFT",
            "total": 7,
            "valor_unitario": 861132,
            "descuento": 0.24,
            "IVA": 0
        },
        {
            "codigo": "sGz3nPIzfk",
            "total": 19,
            "valor_unitario": 242310,
            "descuento": 0.4,
            "IVA": 0
        },
        {
            "codigo": "VqhVRxpMff",
            "total": 1,
            "valor_unitario": 927912,
            "descuento": 0.34,
            "IVA": 0
        },
        {
            "codigo": "u8OUKAuAuy",
            "total": 18,
            "valor_unitario": 74962,
            "descuento": 0.15,
            "IVA": 19
        }
    ]
}