{
    "empresa_nit": "123456789",
    "empresa_ciudad": "CALI",
    "empresa_sede": "aeropuerto",
    "empresa_nombre": "MicroMercado El Mio",
    "fecha_hora": "2024-09-22 21:07:30",
    "factura_num": "00125",
    "ciente_numero": 934148915,
    "pago_tipo": "TAR.CREDITO",
    "productos": [
        {
            "codigo": "BaDkffsIYR",
            "total": 13,
            "valor_unitario": 5580,
            "descuento": 0.43,
            "IVA": 0
        },
        {
            "codigo": "hP5WJeZhJs",
            "total": 13,
            "valor_unitario": 735887,
            "descuento": 0.34,
            "IVA": 19
        },
        {
            "codigo": "Qy2e0FmvM9",
            "total": 13,
            "valor_unitario": 816528,
            "descuento": 0.39,
            "IVA": 19
        },
        {
            "codigo": "Esu2zoO396",
            "total": 12,
            "valor_unitario": 46125,
            "descuento": 0.06,
            "IVA": 0
        },
        {
            "codigo": "9NCIAorCt2",
            "total": 13,
            "valor_unitario": 152541,
            "descuento": 0.48,
            "IVA": 0
        },
        {
            "codigo": "MqryGlNAnS",
            "total": 11,
            "valor_unitario": 729040,
            "descuento": 0.02,
            "IVA": 19
        },
        {
            "codigo": "W75CI4jK94",
            "total": 1,
            "valor_unitario": 408044,
            "descuento": 0.22,
            "IVA": 0
        },
        {
            "codigo": "MrkNCJRvOE",
            "total": 10,
            "valor_unitario": 328308,
            "descuento": 0.1,
            "IVA": 0
        },
        {
            "codigo": "ZC0MGiZDtR",
            "total": 14,
            "valor_unitario": 657579,
            "descuento": 0.4,
            "IVA": 0
        },
        {
            "codigo": "0w2XeFws5a",
            "total": 1,
            "valor_unitario": 712557,
            "descuento": 0.02,
            "IVA": 5
        },
        {
            "codigo": "QhCxbEoqn6",
            "total": 13,
            "valor_unitario": 991735,
            "descuento": 0.22,
            "IVA": 0
        },
        {
            "codigo": "wFR7Ln37pO",
            "total": 12,
            "valor_unitario": 342305,
            "descuento": 0.34,
            "IVA": 5
        },
        {
            "codigo": "M5ZUsV8dlt",
            "total": 5,
            "valor_unitario": 618338,
            "descuento": 0.34,
            "IVA": 0
        },
        {
            "codigo": "etMHQ30Eo1",
            "total": 11,
            "valor_unitario": 284115,
            "descuento": 0.33,
            "IVA": 5
        },
        {
            "codigo": "jmkmxro4j5",
            "total": 10,
            "valor_unitario": 692420,
            "descuento": 0.32,
            "IVA": 5
        }
    ]
}