{
    "empresa_nit": "123456789",
    "empresa_ciudad": "TUNJA",
    "empresa_sede": "alcaldia",
    "empresa_nombre": "MicroMercado El Mio",
    "fecha_hora": "2021-10-18 23:06:51",
    "factura_num": "01352",
    "ciente_numero": 89305498,
    "pago_tipo": "EFECTIVO",
    "productos": [
        {
            "codigo": "bRGFAaqOys",
            "total": 16,
            "valor_unitario": 489590,
            "descuento": 0.49,
            "IVA": 19
        },
        {
            "codigo": "rqwHofi4Su",
            "total": 9,
            "valor_unitario": 80044,
            "descuento": 0.09,
            "IVA": 0
        },
        {
            "codigo": "OYirjtLwxn",
            "total": 6,
            "valor_unitario": 339505,
            "descuento": 0.1,
            "IVA": 5
        },
        {
            "codigo": "tsLRWwtGJO",
            "total": 7,
            "valor_unitario": 676047,
            "descuento": 0.35,
            "IVA": 19
        },
        {
            "codigo": "AKHjinUU5e",
            "total": 7,
            "valor_unitario": 566235,
            "descuento": 0.31,
            "IVA": 19
        },
        {
            "codigo": "J7VS53ryUb",
            "total": 13,
            "valor_unitario": 608878,
            "descuento": 0.42,
            "IVA": 0
        },
        {
            "codigo": "Kkop4KW7ru",
            "total": 5,
            "valor_unitario": 4742,
            "descuento": 0.09,
            "IVA": 0
        },
        {
            "codigo": "AmUmtCxRRI",
            "total": 9,
            "valor_unitario": 131593,
            "descuento": 0.48,
            "IVA": 0
        },
        {
            "codigo": "d8L48AESHy",
            "total": 10,
            "valor_unitario": 734064,
            "descuento": 0.35,
            "IVA": 5
        },
        {
            "codigo": "agnlLxAefb",
            "total": 9,
            "valor_unitario": 893997,
            "descuento": 0.16,
            "IVA": 5
        }
    ]
}