{
    "empresa_nit": "123456789",
    "empresa_ciudad": "MEDELLIN",
    "empresa_sede": "plaza",
    "empresa_nombre": "MicroMercado El Mio",
    "fecha_hora": "2023-09-29 07:00:53",
    "factura_num": "01413",
    "ciente_numero": 69703380,
    "pago_tipo": "EFECTIVO",
    "productos": [
        {
            "codigo": "Fs7DGjXFpc",
            "total": 16,
            "valor_unitario": 510569,
            "descuento": 0.0,
            "IVA": 0
        },
        {
            "codigo": "D5PPVB0aLy",
            "total": 20,
            "valor_unitario": 58531,
            "descuento": 0.09,
            "IVA": 19
        }
    ]
}