{
    "empresa_nit": "123456789",
    "empresa_ciudad": "TUNJA",
    "empresa_sede": "alcaldia",
    "empresa_nombre": "MicroMercado El Mio",
    "fecha_hora": "2022-03-18 21:43:58",
    "factura_num": "01267",
    "ciente_numero": 175866163,
    "pago_tipo": "TRANFERENCIA",
    "productos": [
        {
            "codigo": "QRzohPdYGb",
            "total": 9,
            "valor_unitario": 664044,
            "descuento": 0.28,
            "IVA": 19
        },
        {
            "codigo": "yhbiXTjt1I",
            "total": 7,
            "valor_unitario": 682071,
            "descuento": 0.03,
            "IVA": 0
        },
        {
            "codigo": "qgSE2rgAUH",
            "total": 1,
            "valor_unitario": 475801,
            "descuento": 0.1,
            "IVA": 5
        },
        {
            "codigo": "jphd4w2VBM",
            "total": 4,
            "valor_unitario": 347862,
            "descuento": 0.47,
            "IVA": 0
        },
        {
            "codigo": "3WMBOlnGK1",
            "total": 16,
            "valor_unitario": 48251,
            "descuento": 0.46,
            "IVA": 19
        },
        {
            "codigo": "Uz4mK8h7rI",
            "total": 17,
            "valor_unitario": 588430,
            "descuento": 0.09,
            "IVA": 0
        },
        {
            "codigo": "A6Qil8gcrz",
            "total": 5,
            "valor_unitario": 182431,
            "descuento": 0.31,
            "IVA": 5
        },
        {
            "codigo": "EJk806BDSV",
            "total": 8,
            "valor_unitario": 361704,
            "descuento": 0.16,
            "IVA": 0
        },
        {
            "codigo": "g4Bio1aBYR",
            "total": 17,
            "valor_unitario": 320336,
            "descuento": 0.5,
            "IVA": 5
        },
        {
            "codigo": "7LCbsJxoGW",
            "total": 6,
            "valor_unitario": 406320,
            "descuento": 0.09,
            "IVA": 5
        },
        {
            "codigo": "AlTDk7v4jI",
            "total": 16,
            "valor_unitario": 471352,
            "descuento": 0.36,
            "IVA": 5
        }
    ]
}