{
    "empresa_nit": "123456789",
    "empresa_ciudad": "MEDELLIN",
    "empresa_sede": "aeropuerto",
    "empresa_nombre": "MicroMercado El Mio",
    "fecha_hora": "2020-02-19 22:42:50",
    "factura_num": "01102",
    "ciente_numero": 447634326,
    "pago_tipo": "TRANFERENCIA",
    "productos": [
        {
            "codigo": "INAY8VFl8e",
            "total": 9,
            "valor_unitario": 633880,
            "descuento": 0.25,
            "IVA": 5
        },
        {
            "codigo": "dKz3jneU0E",
            "total": 4,
            "valor_unitario": 811492,
            "descuento": 0.36,
            "IVA": 0
        },
        {
            "codigo": "yLkLkEE9Bj",
            "total": 13,
            "valor_unitario": 164586,
            "descuento": 0.24,
            "IVA": 5
        },
        {
            "codigo": "ZffFcwrRnD",
            "total": 6,
            "valor_unitario": 276748,
            "descuento": 0.34,
            "IVA": 5
        },
        {
            "codigo": "6dSo1Q0fyf",
            "total": 16,
            "valor_unitario": 125450,
            "descuento": 0.47,
            "IVA": 19
        },
        {
            "codigo": "Y9Ssb85Puk",
            "total": 8,
            "valor_unitario": 635557,
            "descuento": 0.46,
            "IVA": 0
        },
        {
            "codigo": "TtWEB1jneq",
            "total": 4,
            "valor_unitario": 341903,
            "descuento": 0.28,
            "IVA": 0
        },
        {
            "codigo": "T4VejO8ei9",
            "total": 9,
            "valor_unitario": 733174,
            "descuento": 0.23,
            "IVA": 5
        },
        {
            "codigo": "Exv0kyChp2",
            "total": 19,
            "valor_unitario": 9372,
            "descuento": 0.34,
            "IVA": 0
        },
        {
            "codigo": "TvLcQs9hjY",
            "total": 15,
            "valor_unitario": 37775,
            "descuento": 0.34,
            "IVA": 5
        },
        {
            "codigo": "hz6fytIaXU",
            "total": 12,
            "valor_unitario": 374948,
            "descuento": 0.28,
            "IVA": 5
        }
    ]
}