{
    "empresa_nit": "123456789",
    "empresa_ciudad": "TUNJA",
    "empresa_sede": "centro",
    "empresa_nombre": "MicroMercado El Mio",
    "fecha_hora": "2022-02-20 22:45:29",
    "factura_num": "01169",
    "ciente_numero": 952317667,
    "pago_tipo": "TRANFERENCIA",
    "productos": [
        {
            "codigo": "tmdPDUkJKL",
            "total": 7,
            "valor_unitario": 205928,
            "descuento": 0.17,
            "IVA": 0
        },
        {
            "codigo": "VM1NUYOxuo",
            "total": 20,
            "valor_unitario": 900486,
            "descuento": 0.16,
            "IVA": 0
        },
        {
            "codigo": "Ymh9AsAcVL",
            "total": 5,
            "valor_unitario": 973333,
            "descuento": 0.02,
            "IVA": 19
        },
        {
            "codigo": "xV0ZNpWfpB",
            "total": 14,
            "valor_unitario": 810234,
            "descuento": 0.17,
            "IVA": 19
        },
        {
            "codigo": "bpWFEeArUF",
            "total": 4,
            "valor_unitario": 109280,
            "descuento": 0.05,
            "IVA": 0
        },
        {
            "codigo": "VmXyVI8OK6",
            "total": 10,
            "valor_unitario": 393754,
            "descuento": 0.1,
            "IVA": 19
        },
        {
            "codigo": "zyMvkUXXWV",
            "total": 8,
            "valor_unitario": 221899,
            "descuento": 0.42,
            "IVA": 19
        },
        {
            "codigo": "1E7nFH7UDa",
            "total": 18,
            "valor_unitario": 190823,
            "descuento": 0.14,
            "IVA": 0
        },
        {
            "codigo": "hNTvkZ7IcM",
            "total": 17,
            "valor_unitario": 136219,
            "descuento": 0.25,
            "IVA": 19
        },
        {
            "codigo": "HAuAdcwOnr",
            "total": 1,
            "valor_unitario": 415072,
            "descuento": 0.07,
            "IVA": 0
        }
    ]
}