{
    "empresa_nit": "123456789",
    "empresa_ciudad": "CALI",
    "empresa_sede": "centro",
    "empresa_nombre": "MicroMercado El Mio",
    "fecha_hora": "2021-09-26 05:02:38",
    "factura_num": "01174",
    "ciente_numero": 841975274,
    "pago_tipo": "TRANFERENCIA",
    "productos": [
        {
            "codigo": "TYQiHG4InK",
            "total": 18,
            "valor_unitario": 563683,
            "descuento": 0.06,
            "IVA": 0
        },
        {
            "codigo": "7ZYDFXGT1x",
            "total": 11,
            "valor_unitario": 685511,
            "descuento": 0.29,
            "IVA": 5
        },
        {
            "codigo": "PgiMc2HvbZ",
            "total": 8,
            "valor_unitario": 455777,
            "descuento": 0.42,
            "IVA": 19
        },
        {
            "codigo": "1ISWSt5MEq",
            "total": 10,
            "valor_unitario": 346201,
            "descuento": 0.14,
            "IVA": 19
        },
        {
            "codigo": "yA1i3jn69r",
            "total": 15,
            "valor_unitario": 216924,
            "descuento": 0.46,
            "IVA": 19
        },
        {
            "codigo": "tVvqxHRnXu",
            "total": 15,
            "valor_unitario": 63925,
            "descuento": 0.2,
            "IVA": 0
        },
        {
            "codigo": "PxmN2WP7rt",
            "total": 16,
            "valor_unitario": 722357,
            "descuento": 0.02,
            "IVA": 5
        },
        {
            "codigo": "1bAcPsxpRB",
            "total": 17,
            "valor_unitario": 336259,
            "descuento": 0.28,
            "IVA": 5
        },
        {
            "codigo": "DO5YzDNYrD",
            "total": 4,
            "valor_unitario": 39474,
            "descuento": 0.48,
            "IVA": 0
        },
        {
            "codigo": "lQcwPPNjvx",
            "total": 11,
            "valor_unitario": 40863,
            "descuento": 0.04,
            "IVA": 0
        },
        {
            "codigo": "BbdUf0y0Lr",
            "total": 1,
            "valor_unitario": 251542,
            "descuento": 0.43,
            "IVA": 5
        }
    ]
}