{
    "empresa_nit": "123456789",
    "empresa_ciudad": "MEDELLIN",
    "empresa_sede": "autopista",
    "empresa_nombre": "MicroMercado El Mio",
    "fecha_hora": "2024-03-08 01:37:55",
    "factura_num": "01300",
    "ciente_numero": 440906924,
    "pago_tipo": "EFECTIVO",
    "productos": [
        {
            "codigo": "M0NLzS8xGC",
            "total": 16,
            "valor_unitario": 248990,
            "descuento": 0.08,
            "IVA": 0
        },
        {
            "codigo": "OzJ7702nVS",
            "total": 14,
            "valor_unitario": 936142,
            "descuento": 0.1,
            "IVA": 19
        },
        {
            "codigo": "qRNfq6xNwA",
            "total": 8,
            "valor_unitario": 276913,
            "descuento": 0.32,
            "IVA": 0
        },
        {
            "codigo": "0V0kh5WayJ",
            "total": 2,
            "valor_unitario": 289390,
            "descuento": 0.5,
            "IVA": 0
        },
        {
            "codigo": "W6XIwOTr09",
            "total": 12,
            "valor_unitario": 382525,
            "descuento": 0.39,
            "IVA": 19
        },
        {
            "codigo": "N1VzZ68VlY",
            "total": 12,
            "valor_unitario": 402649,
            "descuento": 0.3,
            "IVA": 5
        },
        {
            "codigo": "T0h3bJUBW0",
            "total": 15,
            "valor_unitario": 74299,
            "descuento": 0.31,
            "IVA": 19
        },
        {
            "codigo": "fkozbxY60f",
            "total": 19,
            "valor_unitario": 48835,
            "descuento": 0.38,
            "IVA": 5
        },
        {
            "codigo": "I1VScxcRBM",
            "total": 14,
            "valor_unitario": 6630,
            "descuento": 0.16,
            "IVA": 5
        },
        {
            "codigo": "E9gE1HfB95",
            "total": 12,
            "valor_unitario": 821974,
            "descuento": 0.28,
            "IVA": 19
        },
        {
            "codigo": "klu7vfyraK",
            "total": 2,
            "valor_unitario": 61917,
            "descuento": 0.19,
            "IVA": 19
        },
        {
            "codigo": "WqrXOwkUwe",
            "total": 19,
            "valor_unitario": 244613,
            "descuento": 0.31,
            "IVA": 0
        },
        {
            "codigo": "kpDQB7cr1n",
            "total": 19,
            "valor_unitario": 981560,
            "descuento": 0.35,
            "IVA": 0
        },
        {
            "codigo": "PLvfBpyWHK",
            "total": 9,
            "valor_unitario": 511211,
            "descuento": 0.47,
            "IVA": 19
        }
    ]
}