{
    "empresa_nit": "123456789",
    "empresa_ciudad": "CALI",
    "empresa_sede": "aeropuerto",
    "empresa_nombre": "MicroMercado El Mio",
    "fecha_hora": "2023-05-20 03:13:14",
    "factura_num": "01048",
    "ciente_numero": 693233112,
    "pago_tipo": "EFECTIVO",
    "productos": [
        {
            "codigo": "mDBMTfdqKa",
            "total": 15,
            "valor_unitario": 331929,
            "descuento": 0.45,
            "IVA": 0
        },
        {
            "codigo": "8GiduYlbt0",
            "total": 7,
            "valor_unitario": 51154,
            "descuento": 0.19,
            "IVA": 19
        },
        {
            "codigo": "cyQe9LgD36",
            "total": 3,
            "valor_unitario": 897370,
            "descuento": 0.31,
            "IVA": 19
        },
        {
            "codigo": "8Dy2UR7EoB",
            "total": 1,
            "valor_unitario": 731608,
            "descuento": 0.35,
            "IVA": 5
        },
        {
            "codigo": "nucZhHXRxZ",
            "total": 8,
            "valor_unitario": 60380,
            "descuento": 0.38,
            "IVA": 19
        },
        {
            "codigo": "UZvy05LQzE",
            "total": 19,
            "valor_unitario": 215231,
            "descuento": 0.05,
            "IVA": 0
        },
        {
            "codigo": "anT5awwDk6",
            "total": 13,
            "valor_unitario": 80309,
            "descuento": 0.3,
            "IVA": 5
        },
        {
            "codigo": "N4xoDLH5xz",
            "total": 6,
            "valor_unitario": 470998,
            "descuento": 0.0,
            "IVA": 5
        },
        {
            "codigo": "r2xvvBmy1x",
            "total": 7,
            "valor_unitario": 416671,
            "descuento": 0.4,
            "IVA": 5
        },
        {
            "codigo": "JbxdOHhqIf",
            "total": 7,
            "valor_unitario": 137289,
            "descuento": 0.37,
            "IVA": 0
        },
        {
            "codigo": "slRZsNhWPG",
            "total": 14,
            "valor_unitario": 180477,
            "descuento": 0.49,
            "IVA": 0
        },
        {
            "codigo": "KNUbTV1RH9",
            "total": 6,
            "valor_unitario": 356368,
            "descuento": 0.32,
            "IVA": 19
        },
        {
            "codigo": "bOFtGHqOwq",
            "total": 18,
            "valor_unitario": 448437,
            "descuento": 0.07,
            "IVA": 0
        }
    ]
}