{
    "empresa_nit": "123456789",
    "empresa_ciudad": "CALI",
    "empresa_sede": "alcaldia",
    "empresa_nombre": "MicroMercado El Mio",
    "fecha_hora": "2024-06-14 16:19:03",
    "factura_num": "01401",
    "ciente_numero": 498790773,
    "pago_tipo": "TRANFERENCIA",
    "productos": [
        {
            "codigo": "NN1cro3ngC",
            "total": 10,
            "valor_unitario": 659839,
            "descuento": 0.46,
            "IVA": 19
        },
        {
            "codigo": "45AQknlaJV",
            "total": 16,
            "valor_unitario": 521872,
            "descuento": 0.09,
            "IVA": 19
        },
        {
            "codigo": "0COcH6TInx",
            "total": 1,
            "valor_unitario": 52162,
            "descuento": 0.34,
            "IVA": 0
        },
        {
            "codigo": "UngroJbmlQ",
            "total": 2,
            "valor_unitario": 992961,
            "descuento": 0.36,
            "IVA": 19
        },
        {
            "codigo": "rF0MZw1ri0",
            "total": 4,
            "valor_unitario": 385488,
            "descuento": 0.31,
            "IVA": 5
        },
        {
            "codigo": "a8WRcsqVRJ",
            "total": 9,
            "valor_unitario": 994865,
            "descuento": 0.19,
            "IVA": 0
        },
        {
            "codigo": "DeMsyjCh5H",
            "total": 15,
            "valor_unitario": 151570,
            "descuento": 0.46,
            "IVA": 19
        },
        {
            "codigo": "MkREVzrMms",
            "total": 19,
            "valor_unitario": 632564,
            "descuento": 0.4,
            "IVA": 19
        },
        {
            "codigo": "cQCItcmbaz",
            "total": 18,
            "valor_unitario": 841628,
            "descuento": 0.01,
            "IVA": 19
        },
        {
            "codigo": "dwpHOeRScU",
            "total": 18,
            "valor_unitario": 174341,
            "descuento": 0.18,
            "IVA": 19
        },
        {
            "codigo": "jZs1at5aOh",
            "total": 8,
            "valor_unitario": 529310,
            "descuento": 0.47,
            "IVA": 0
        }
    ]
}