{
    "empresa_nit": "123456789",
    "empresa_ciudad": "BARRANQUILLA",
    "empresa_sede": "aeropuerto",
    "empresa_nombre": "MicroMercado El Mio",
    "fecha_hora": "2020-01-03 02:15:37",
    "factura_num": "01032",
    "ciente_numero": 569240835,
    "pago_tipo": "EFECTIVO",
    "productos": [
        {
            "codigo": "lsWZOBWnMr",
            "total": 14,
            "valor_unitario": 710461,
            "descuento": 0.47,
            "IVA": 0
        },
        {
            "codigo": "M1muLKeXXC",
            "total": 7,
            "valor_unitario": 177615,
            "descuento": 0.34,
            "IVA": 5
        },
        {
            "codigo": "To9YcNw398",
            "total": 11,
            "valor_unitario": 821759,
            "descuento": 0.48,
            "IVA": 5
        },
        {
            "codigo": "W8gxwTDFr4",
            "total": 18,
            "valor_unitario": 163132,
            "descuento": 0.17,
            "IVA": 0
        },
        {
            "codigo": "Z8RS0I0b0j",
            "total": 4,
            "valor_unitario": 642212,
            "descuento": 0.11,
            "IVA": 0
        },
        {
            "codigo": "Z3MJueAbtt",
            "total": 2,
            "valor_unitario": 541220,
            "descuento": 0.04,
            "IVA": 19
        },
        {
            "codigo": "2URV4lSvfV",
            "total": 4,
            "valor_unitario": 402000,
            "descuento": 0.47,
            "IVA": 0
        },
        {
            "codigo": "ZlcgQ1qtRr",
            "total": 17,
            "valor_unitario": 178129,
            "descuento": 0.39,
            "IVA": 5
        },
        {
            "codigo": "47kLqlReZL",
            "total": 2,
            "valor_unitario": 663689,
            "descuento": 0.25,
            "IVA": 19
        }
    ]
}