{
    "empresa_nit": "123456789",
    "empresa_ciudad": "TUNJA",
    "empresa_sede": "alcaldia",
    "empresa_nombre": "MicroMercado El Mio",
    "fecha_hora": "2020-04-13 21:59:59",
    "factura_num": "01202",
    "ciente_numero": 383567175,
    "pago_tipo": "TAR.DEBITO",
    "productos": [
        {
            "codigo": "UM3KXkMnC1",
            "total": 9,
            "valor_unitario": 603425,
            "descuento": 0.34,
            "IVA": 5
        },
        {
            "codigo": "t8KpRhH830",
            "total": 6,
            "valor_unitario": 557426,
            "descuento": 0.23,
            "IVA": 5
        }
    ]
}