{
    "empresa_nit": "123456789",
    "empresa_ciudad": "TUNJA",
    "empresa_sede": "alcaldia",
    "empresa_nombre": "MicroMercado El Mio",
    "fecha_hora": "2020-09-16 23:37:47",
    "factura_num": "00101",
    "ciente_numero": 289181317,
    "pago_tipo": "TRANFERENCIA",
    "productos": [
        {
            "codigo": "6MxRz8vu1I",
            "total": 6,
            "valor_unitario": 685016,
            "descuento": 0.43,
            "IVA": 19
        },
        {
            "codigo": "CxtlwCThFH",
            "total": 2,
            "valor_unitario": 24213,
            "descuento": 0.42,
            "IVA": 5
        },
        {
            "codigo": "aVvCZMbWTs",
            "total": 7,
            "valor_unitario": 305664,
            "descuento": 0.11,
            "IVA": 19
        },
        {
            "codigo": "uvYzWgSv69",
            "total": 1,
            "valor_unitario": 607107,
            "descuento": 0.42,
            "IVA": 19
        },
        {
            "codigo": "fSL9Ql2rdd",
            "total": 6,
            "valor_unitario": 897542,
            "descuento": 0.15,
            "IVA": 0
        },
        {
            "codigo": "GbGFCrRAng",
            "total": 5,
            "valor_unitario": 229794,
            "descuento": 0.18,
            "IVA": 19
        },
        {
            "codigo": "sV6eSy4Huz",
            "total": 16,
            "valor_unitario": 732259,
            "descuento": 0.01,
            "IVA": 5
        },
        {
            "codigo": "QnildgDPkZ",
            "total": 20,
            "valor_unitario": 429524,
            "descuento": 0.28,
            "IVA": 19
        },
        {
            "codigo": "V3ufcNztaA",
            "total": 13,
            "valor_unitario": 97255,
            "descuento": 0.3,
            "IVA": 0
        },
        {
            "codigo": "tZA0PO0Kuk",
            "total": 16,
            "valor_unitario": 606118,
            "descuento": 0.41,
            "IVA": 0
        },
        {
            "codigo": "yzSi5yQwBQ",
            "total": 7,
            "valor_unitario": 734475,
            "descuento": 0.42,
            "IVA": 5
        },
        {
            "codigo": "vj1JzFFqMr",
            "total": 18,
            "valor_unitario": 179999,
            "descuento": 0.18,
            "IVA": 5
        },
        {
            "codigo": "gN1BKzXmKn",
            "total": 14,
            "valor_unitario": 858161,
            "descuento": 0.22,
            "IVA": 5
        },
        {
            "codigo": "zCkaR6Zm5R",
            "total": 19,
            "valor_unitario": 232504,
            "descuento": 0.06,
            "IVA": 0
        },
        {
            "codigo": "Y9s0vOEG5L",
            "total": 20,
            "valor_unitario": 347530,
            "descuento": 0.14,
            "IVA": 5
        },
        {
            "codigo": "lcTmO4ZzU0",
            "total": 9,
            "valor_unitario": 295240,
            "descuento": 0.49,
            "IVA": 19
        },
        {
            "codigo": "3sjLQhG4zD",
            "total": 4,
            "valor_unitario": 476935,
            "descuento": 0.4,
            "IVA": 5
        },
        {
            "codigo": "qNXh4x59sQ",
            "total": 16,
            "valor_unitario": 530999,
            "descuento": 0.28,
            "IVA": 19
        }
    ]
}