{
    "empresa_nit": "123456789",
    "empresa_ciudad": "BOGOTA",
    "empresa_sede": "plaza",
    "empresa_nombre": "MicroMercado El Mio",
    "fecha_hora": "2021-03-26 09:35:39",
    "factura_num": "01292",
    "ciente_numero": 88672725,
    "pago_tipo": "TAR.CREDITO",
    "productos": [
        {
            "codigo": "f5ywk8ZVV0",
            "total": 14,
            "valor_unitario": 846080,
            "descuento": 0.34,
            "IVA": 19
        },
        {
            "codigo": "JExDZT7RJ4",
            "total": 12,
            "valor_unitario": 268752,
            "descuento": 0.23,
            "IVA": 5
        },
        {
            "codigo": "MTZFc8UMxu",
            "total": 4,
            "valor_unitario": 582286,
            "descuento": 0.24,
            "IVA": 19
        },
        {
            "codigo": "qANPm2hv51",
            "total": 7,
            "valor_unitario": 304731,
            "descuento": 0.18,
            "IVA": 5
        },
        {
            "codigo": "cDQS40xi8W",
            "total": 16,
            "valor_unitario": 887808,
            "descuento": 0.03,
            "IVA": 5
        },
        {
            "codigo": "SBoBipW27M",
            "total": 2,
            "valor_unitario": 484814,
            "descuento": 0.15,
            "IVA": 0
        }
    ]
}