{
    "empresa_nit": "123456789",
    "empresa_ciudad": "BARRANQUILLA",
    "empresa_sede": "plaza",
    "empresa_nombre": "MicroMercado El Mio",
    "fecha_hora": "2021-07-07 21:45:55",
    "factura_num": "01018",
    "ciente_numero": 417660369,
    "pago_tipo": "TAR.DEBITO",
    "productos": [
        {
            "codigo": "SoTjcOZeUY",
            "total": 19,
            "valor_unitario": 851901,
            "descuento": 0.33,
            "IVA": 19
        },
        {
            "codigo": "sNgaBrWDg6",
            "total": 14,
            "valor_unitario": 337682,
            "descuento": 0.01,
            "IVA": 19
        },
        {
            "codigo": "4tl7f7gv6K",
            "total": 20,
            "valor_unitario": 334083,
            "descuento": 0.13,
            "IVA": 5
        },
        {
            "codigo": "npe1oy4LTm",
            "total": 5,
            "valor_unitario": 968514,
            "descuento": 0.03,
            "IVA": 19
        },
        {
            "codigo": "DiyodGmqGo",
            "total": 20,
            "valor_unitario": 378299,
            "descuento": 0.45,
            "IVA": 0
        },
        {
            "codigo": "K47c0oqoum",
            "total": 2,
            "valor_unitario": 566601,
            "descuento": 0.2,
            "IVA": 0
        },
        {
            "codigo": "YyHdHXRZhT",
            "total": 4,
            "valor_unitario": 756900,
            "descuento": 0.4,
            "IVA": 19
        },
        {
            "codigo": "eu69FLS1vq",
            "total": 4,
            "valor_unitario": 64270,
            "descuento": 0.42,
            "IVA": 19
        },
        {
            "codigo": "i5mSO2Oays",
            "total": 14,
            "valor_unitario": 746811,
            "descuento": 0.21,
            "IVA": 19
        },
        {
            "codigo": "9gqybZcOoO",
            "total": 19,
            "valor_unitario": 326374,
            "descuento": 0.07,
            "IVA": 0
        },
        {
            "codigo": "k6tJghbwtB",
            "total": 6,
            "valor_unitario": 588246,
            "descuento": 0.49,
            "IVA": 5
        },
        {
            "codigo": "hVrt1f8iss",
            "total": 8,
            "valor_unitario": 112966,
            "descuento": 0.39,
            "IVA": 0
        }
    ]
}