{
    "empresa_nit": "123456789",
    "empresa_ciudad": "MEDELLIN",
    "empresa_sede": "plaza",
    "empresa_nombre": "MicroMercado El Mio",
    "fecha_hora": "2024-09-03 02:56:57",
    "factura_num": "01320",
    "ciente_numero": 360695425,
    "pago_tipo": "EFECTIVO",
    "productos": [
        {
            "codigo": "DXi4baTz3K",
            "total": 17,
            "valor_unitario": 836649,
            "descuento": 0.15,
            "IVA": 19
        },
        {
            "codigo": "hxNv1gtgzU",
            "total": 12,
            "valor_unitario": 174856,
            "descuento": 0.35,
            "IVA": 19
        },
        {
            "codigo": "MY2rcL6mQq",
            "total": 4,
            "valor_unitario": 835730,
            "descuento": 0.02,
            "IVA": 0
        },
        {
            "codigo": "WkHeYzwKRo",
            "total": 16,
            "valor_unitario": 443427,
            "descuento": 0.02,
            "IVA": 0
        },
        {
            "codigo": "stNRYrCecu",
            "total": 13,
            "valor_unitario": 729698,
            "descuento": 0.11,
            "IVA": 5
        },
        {
            "codigo": "prcMutv0Zz",
            "total": 15,
            "valor_unitario": 9600,
            "descuento": 0.08,
            "IVA": 5
        },
        {
            "codigo": "PGvbqWBTwX",
            "total": 8,
            "valor_unitario": 614169,
            "descuento": 0.03,
            "IVA": 19
        },
        {
            "codigo": "xzDQT2HPXK",
            "total": 12,
            "valor_unitario": 970623,
            "descuento": 0.23,
            "IVA": 5
        },
        {
            "codigo": "6y7166MtZ3",
            "total": 7,
            "valor_unitario": 734551,
            "descuento": 0.02,
            "IVA": 0
        },
        {
            "codigo": "CvK8RtgCHa",
            "total": 9,
            "valor_unitario": 909433,
            "descuento": 0.42,
            "IVA": 0
        },
        {
            "codigo": "RzfaYrbZVr",
            "total": 3,
            "valor_unitario": 331026,
            "descuento": 0.31,
            "IVA": 5
        }
    ]
}