{
    "empresa_nit": "123456789",
    "empresa_ciudad": "MEDELLIN",
    "empresa_sede": "plaza",
    "empresa_nombre": "MicroMercado El Mio",
    "fecha_hora": "2024-11-02 11:35:16",
    "factura_num": "01034",
    "ciente_numero": 475572058,
    "pago_tipo": "TAR.CREDITO",
    "productos": [
        {
            "codigo": "Mr1AJBQwon",
            "total": 2,
            "valor_unitario": 896897,
            "descuento": 0.05,
            "IVA": 5
        },
        {
            "codigo": "4kw624q4Dl",
            "total": 17,
            "valor_unitario": 201180,
            "descuento": 0.13,
            "IVA": 5
        },
        {
            "codigo": "JPFwmkH5eR",
            "total": 15,
            "valor_unitario": 952733,
            "descuento": 0.15,
            "IVA": 19
        },
        {
            "codigo": "ZnRmkaAo8k",
            "total": 6,
            "valor_unitario": 630538,
            "descuento": 0.47,
            "IVA": 0
        },
        {
            "codigo": "FM9jNnsNFo",
            "total": 18,
            "valor_unitario": 843138,
            "descuento": 0.42,
            "IVA": 0
        },
        {
            "codigo": "iHwAKua6X7",
            "total": 20,
            "valor_unitario": 85742,
            "descuento": 0.03,
            "IVA": 19
        },
        {
            "codigo": "LxTeFfJTnG",
            "total": 8,
            "valor_unitario": 976693,
            "descuento": 0.17,
            "IVA": 5
        },
        {
            "codigo": "0L5agxgXWw",
            "total": 11,
            "valor_unitario": 645286,
            "descuento": 0.32,
            "IVA": 19
        },
        {
            "codigo": "DMyQhczRA4",
            "total": 19,
            "valor_unitario": 856212,
            "descuento": 0.24,
            "IVA": 0
        },
        {
            "codigo": "J3bcxFLXvK",
            "total": 19,
            "valor_unitario": 888446,
            "descuento": 0.31,
            "IVA": 0
        },
        {
            "codigo": "xHWamLrFBx",
            "total": 13,
            "valor_unitario": 509740,
            "descuento": 0.06,
            "IVA": 5
        },
        {
            "codigo": "Z50goLDurp",
            "total": 14,
            "valor_unitario": 4203,
            "descuento": 0.42,
            "IVA": 19
        },
        {
            "codigo": "cLicw7mDPH",
            "total": 11,
            "valor_unitario": 538054,
            "descuento": 0.17,
            "IVA": 19
        },
        {
            "codigo": "4yMOR1ecWu",
            "total": 18,
            "valor_unitario": 336437,
            "descuento": 0.36,
            "IVA": 5
        },
        {
            "codigo": "WiSBGwtIlY",
            "total": 19,
            "valor_unitario": 969755,
            "descuento": 0.02,
            "IVA": 5
        }
    ]
}