{
    "empresa_nit": "123456789",
    "empresa_ciudad": "BARRANQUILLA",
    "empresa_sede": "alcaldia",
    "empresa_nombre": "MicroMercado El Mio",
    "fecha_hora": "2020-11-14 13:04:00",
    "factura_num": "01047",
    "ciente_numero": 721724898,
    "pago_tipo": "TRANFERENCIA",
    "productos": [
        {
            "codigo": "9waIhqvWc0",
            "total": 2,
            "valor_unitario": 740016,
            "descuento": 0.01,
            "IVA": 19
        },
        {
            "codigo": "daH3kmJGQl",
            "total": 15,
            "valor_unitario": 916849,
            "descuento": 0.44,
            "IVA": 5
        },
        {
            "codigo": "JzbVKNSKwh",
            "total": 19,
            "valor_unitario": 227135,
            "descuento": 0.36,
            "IVA": 5
        },
        {
            "codigo": "rlzOmvPfo7",
            "total": 11,
            "valor_unitario": 209202,
            "descuento": 0.08,
            "IVA": 19
        },
        {
            "codigo": "Jz2Kr2MDHH",
            "total": 6,
            "valor_unitario": 782847,
            "descuento": 0.05,
            "IVA": 0
        },
        {
            "codigo": "a3avqCCsS5",
            "total": 1,
            "valor_unitario": 489720,
            "descuento": 0.36,
            "IVA": 19
        },
        {
            "codigo": "HZMgtEOWuY",
            "total": 16,
            "valor_unitario": 928058,
            "descuento": 0.06,
            "IVA": 5
        },
        {
            "codigo": "4Ey8pHjkJS",
            "total": 13,
            "valor_unitario": 166236,
            "descuento": 0.0,
            "IVA": 5
        },
        {
            "codigo": "RdnWMkoB2v",
            "total": 15,
            "valor_unitario": 482015,
            "descuento": 0.32,
            "IVA": 0
        },
        {
            "codigo": "eKgB8kNSKB",
            "total": 3,
            "valor_unitario": 661378,
            "descuento": 0.32,
            "IVA": 19
        },
        {
            "codigo": "VlDI2wJfQt",
            "total": 13,
            "valor_unitario": 857234,
            "descuento": 0.01,
            "IVA": 0
        },
        {
            "codigo": "PyIKWXzyeH",
            "total": 19,
            "valor_unitario": 464896,
            "descuento": 0.44,
            "IVA": 19
        },
        {
            "codigo": "nrj7oMyp2t",
            "total": 6,
            "valor_unitario": 659655,
            "descuento": 0.39,
            "IVA": 19
        }
    ]
}