{
    "empresa_nit": "123456789",
    "empresa_ciudad": "BARRANQUILLA",
    "empresa_sede": "centro",
    "empresa_nombre": "MicroMercado El Mio",
    "fecha_hora": "2023-10-19 11:31:47",
    "factura_num": "01145",
    "ciente_numero": 866221779,
    "pago_tipo": "TAR.CREDITO",
    "productos": [
        {
            "codigo": "WgqPVb2827",
            "total": 5,
            "valor_unitario": 286531,
            "descuento": 0.27,
            "IVA": 5
        },
        {
            "codigo": "YIm3Kp7eoZ",
            "total": 1,
            "valor_unitario": 625237,
            "descuento": 0.37,
            "IVA": 19
        },
        {
            "codigo": "UyUnYwbfF1",
            "total": 12,
            "valor_unitario": 271160,
            "descuento": 0.18,
            "IVA": 5
        }
    ]
}