{
    "empresa_nit": "123456789",
    "empresa_ciudad": "TUNJA",
    "empresa_sede": "centro",
    "empresa_nombre": "MicroMercado El Mio",
    "fecha_hora": "2020-10-27 13:32:01",
    "factura_num": "01161",
    "ciente_numero": 771365572,
    "pago_tipo": "TAR.DEBITO",
    "productos": [
        {
            "codigo": "y0uIHm2BfI",
            "total": 5,
            "valor_unitario": 436928,
            "descuento": 0.15,
            "IVA": 19
        },
        {
            "codigo": "HWIRUux2pt",
            "total": 3,
            "valor_unitario": 818411,
            "descuento": 0.49,
            "IVA": 19
        },
        {
            "codigo": "YQr0TJ6h89",
            "total": 1,
            "valor_unitario": 128929,
            "descuento": 0.31,
            "IVA": 19
        },
        {
            "codigo": "BoaFpriQvJ",
            "total": 5,
            "valor_unitario": 781489,
            "descuento": 0.07,
            "IVA": 5
        },
        {
            "codigo": "krcTtvCDa7",
            "total": 6,
            "valor_unitario": 989938,
            "descuento": 0.11,
            "IVA": 5
        }
    ]
}