{
    "empresa_nit": "123456789",
    "empresa_ciudad": "BOGOTA",
    "empresa_sede": "alcaldia",
    "empresa_nombre": "MicroMercado El Mio",
    "fecha_hora": "2020-06-03 22:29:34",
    "factura_num": "01382",
    "ciente_numero": 849578479,
    "pago_tipo": "EFECTIVO",
    "productos": [
        {
            "codigo": "kssFlqjKk5",
            "total": 20,
            "valor_unitario": 289986,
            "descuento": 0.45,
            "IVA": 19
        },
        {
            "codigo": "37eVRHWmmX",
            "total": 14,
            "valor_unitario": 108274,
            "descuento": 0.43,
            "IVA": 5
        },
        {
            "codigo": "Jt6IeO13SL",
            "total": 5,
            "valor_unitario": 960794,
            "descuento": 0.09,
            "IVA": 19
        },
        {
            "codigo": "Y0e9qnzp7Y",
            "total": 11,
            "valor_unitario": 13745,
            "descuento": 0.17,
            "IVA": 5
        },
        {
            "codigo": "mZxOlTvpPG",
            "total": 8,
            "valor_unitario": 28930,
            "descuento": 0.46,
            "IVA": 19
        },
        {
            "codigo": "xkHKXnNebL",
            "total": 19,
            "valor_unitario": 992279,
            "descuento": 0.09,
            "IVA": 0
        },
        {
            "codigo": "hKumVkWi89",
            "total": 9,
            "valor_unitario": 680453,
            "descuento": 0.15,
            "IVA": 5
        },
        {
            "codigo": "JcvMMLVDu1",
            "total": 20,
            "valor_unitario": 244947,
            "descuento": 0.11,
            "IVA": 0
        },
        {
            "codigo": "1ugsoucOuK",
            "total": 13,
            "valor_unitario": 559060,
            "descuento": 0.36,
            "IVA": 5
        },
        {
            "codigo": "JdMBavXmHe",
            "total": 2,
            "valor_unitario": 555682,
            "descuento": 0.33,
            "IVA": 19
        },
        {
            "codigo": "JAGF8nv5Mk",
            "total": 18,
            "valor_unitario": 571327,
            "descuento": 0.22,
            "IVA": 5
        },
        {
            "codigo": "H6kMupKvSD",
            "total": 19,
            "valor_unitario": 714951,
            "descuento": 0.23,
            "IVA": 19
        },
        {
            "codigo": "lKyZcQMWAE",
            "total": 3,
            "valor_unitario": 63679,
            "descuento": 0.5,
            "IVA": 5
        },
        {
            "codigo": "pif4x2neKl",
            "total": 1,
            "valor_unitario": 49183,
            "descuento": 0.05,
            "IVA": 5
        },
        {
            "codigo": "Ie0eZziHaD",
            "total": 5,
            "valor_unitario": 54183,
            "descuento": 0.44,
            "IVA": 0
        },
        {
            "codigo": "qQlgpLJm7w",
            "total": 2,
            "valor_unitario": 969655,
            "descuento": 0.12,
            "IVA": 19
        },
        {
            "codigo": "PTxtnhGqci",
            "total": 4,
            "valor_unitario": 821037,
            "descuento": 0.08,
            "IVA": 0
        },
        {
            "codigo": "mYZxqLjBoJ",
            "total": 5,
            "valor_unitario": 184431,
            "descuento": 0.18,
            "IVA": 0
        },
        {
            "codigo": "htyqyGgVLN",
            "total": 6,
            "valor_unitario": 45686,
            "descuento": 0.19,
            "IVA": 5
        }
    ]
}