{
    "empresa_nit": "123456789",
    "empresa_ciudad": "BARRANQUILLA",
    "empresa_sede": "aeropuerto",
    "empresa_nombre": "MicroMercado El Mio",
    "fecha_hora": "2023-06-09 08:49:09",
    "factura_num": "00142",
    "ciente_numero": 208193611,
    "pago_tipo": "TAR.DEBITO",
    "productos": [
        {
            "codigo": "TnlCvEcsmO",
            "total": 3,
            "valor_unitario": 808038,
            "descuento": 0.43,
            "IVA": 0
        },
        {
            "codigo": "UxlIuPvDiA",
            "total": 5,
            "valor_unitario": 645819,
            "descuento": 0.26,
            "IVA": 0
        },
        {
            "codigo": "DZAGOiGyy7",
            "total": 12,
            "valor_unitario": 726564,
            "descuento": 0.06,
            "IVA": 19
        },
        {
            "codigo": "EDotNfweZX",
            "total": 5,
            "valor_unitario": 528470,
            "descuento": 0.17,
            "IVA": 19
        },
        {
            "codigo": "UhVSFkdQ9g",
            "total": 3,
            "valor_unitario": 342107,
            "descuento": 0.1,
            "IVA": 19
        },
        {
            "codigo": "M2K15Sm9lZ",
            "total": 8,
            "valor_unitario": 397265,
            "descuento": 0.07,
            "IVA": 0
        },
        {
            "codigo": "HRy9MSSoDv",
            "total": 1,
            "valor_unitario": 1677,
            "descuento": 0.46,
            "IVA": 0
        },
        {
            "codigo": "LlXbcZ0d4m",
            "total": 18,
            "valor_unitario": 322037,
            "descuento": 0.12,
            "IVA": 5
        },
        {
            "codigo": "yVoQF0Co7A",
            "total": 17,
            "valor_unitario": 514824,
            "descuento": 0.33,
            "IVA": 5
        },
        {
            "codigo": "E5Fy3HWVOy",
            "total": 5,
            "valor_unitario": 278337,
            "descuento": 0.19,
            "IVA": 19
        },
        {
            "codigo": "dEr3oJzph0",
            "total": 6,
            "valor_unitario": 318148,
            "descuento": 0.23,
            "IVA": 19
        }
    ]
}