{
    "empresa_nit": "123456789",
    "empresa_ciudad": "BOGOTA",
    "empresa_sede": "alcaldia",
    "empresa_nombre": "MicroMercado El Mio",
    "fecha_hora": "2021-02-23 05:19:28",
    "factura_num": "01359",
    "ciente_numero": 108183030,
    "pago_tipo": "EFECTIVO",
    "productos": [
        {
            "codigo": "fUuOhM596V",
            "total": 20,
            "valor_unitario": 402861,
            "descuento": 0.05,
            "IVA": 0
        },
        {
            "codigo": "drO2mWY4xM",
            "total": 10,
            "valor_unitario": 870783,
            "descuento": 0.16,
            "IVA": 19
        },
        {
            "codigo": "CUdNNR4GVj",
            "total": 18,
            "valor_unitario": 656027,
            "descuento": 0.33,
            "IVA": 5
        }
    ]
}