{
    "empresa_nit": "123456789",
    "empresa_ciudad": "BOGOTA",
    "empresa_sede": "terminal",
    "empresa_nombre": "MicroMercado El Mio",
    "fecha_hora": "2024-04-15 11:14:11",
    "factura_num": "01153",
    "ciente_numero": 158443883,
    "pago_tipo": "TAR.CREDITO",
    "productos": [
        {
            "codigo": "o9aTOKtmVx",
            "total": 3,
            "valor_unitario": 880379,
            "descuento": 0.44,
            "IVA": 19
        },
        {
            "codigo": "fajwUACB2g",
            "total": 5,
            "valor_unitario": 142737,
            "descuento": 0.01,
            "IVA": 19
        },
        {
            "codigo": "IST3sTX0gS",
            "total": 15,
            "valor_unitario": 754075,
            "descuento": 0.12,
            "IVA": 5
        },
        {
            "codigo": "oYD1pEG5Cw",
            "total": 17,
            "valor_unitario": 660678,
            "descuento": 0.1,
            "IVA": 0
        },
        {
            "codigo": "f9TMwESnRp",
            "total": 2,
            "valor_unitario": 958992,
            "descuento": 0.16,
            "IVA": 0
        },
        {
            "codigo": "ljOrH3UvYU",
            "total": 2,
            "valor_unitario": 43473,
            "descuento": 0.06,
            "IVA": 5
        },
        {
            "codigo": "fsZSdB0cMc",
            "total": 11,
            "valor_unitario": 851278,
            "descuento": 0.4,
            "IVA": 0
        },
        {
            "codigo": "WvBWDlD6YN",
            "total": 17,
            "valor_unitario": 809030,
            "descuento": 0.07,
            "IVA": 5
        },
        {
            "codigo": "Su3RObfhAz",
            "total": 14,
            "valor_unitario": 372402,
            "descuento": 0.21,
            "IVA": 0
        },
        {
            "codigo": "hQcS7kx9Cz",
            "total": 18,
            "valor_unitario": 830795,
            "descuento": 0.29,
            "IVA": 0
        },
        {
            "codigo": "IvVv4npMyI",
            "total": 13,
            "valor_unitario": 719428,
            "descuento": 0.22,
            "IVA": 5
        },
        {
            "codigo": "NN9zCOaqs3",
            "total": 16,
            "valor_unitario": 139168,
            "descuento": 0.05,
            "IVA": 5
        },
        {
            "codigo": "7iqLInaAPg",
            "total": 18,
            "valor_unitario": 684171,
            "descuento": 0.04,
            "IVA": 19
        },
        {
            "codigo": "ZmgrcizsIi",
            "total": 13,
            "valor_unitario": 287201,
            "descuento": 0.39,
            "IVA": 5
        }
    ]
}