{
    "empresa_nit": "123456789",
    "empresa_ciudad": "BOGOTA",
    "empresa_sede": "terminal",
    "empresa_nombre": "MicroMercado El Mio",
    "fecha_hora": "2021-09-02 13:38:25",
    "factura_num": "01059",
    "ciente_numero": 121016439,
    "pago_tipo": "TRANFERENCIA",
    "productos": [
        {
            "codigo": "8bYIR3rox0",
            "total": 13,
            "valor_unitario": 987423,
            "descuento": 0.38,
            "IVA": 5
        },
        {
            "codigo": "9f1vGSz255",
            "total": 10,
            "valor_unitario": 889116,
            "descuento": 0.21,
            "IVA": 0
        },
        {
            "codigo": "po6PLp1Z97",
            "total": 16,
            "valor_unitario": 599736,
            "descuento": 0.5,
            "IVA": 5
        },
        {
            "codigo": "bwWYiFFFWO",
            "total": 4,
            "valor_unitario": 632572,
            "descuento": 0.42,
            "IVA": 5
        },
        {
            "codigo": "v5OH9u0Yxy",
            "total": 3,
            "valor_unitario": 645787,
            "descuento": 0.39,
            "IVA": 0
        },
        {
            "codigo": "iDJPuw8vPd",
            "total": 5,
            "valor_unitario": 950236,
            "descuento": 0.37,
            "IVA": 19
        },
        {
            "codigo": "eANEXCYGWS",
            "total": 3,
            "valor_unitario": 836869,
            "descuento": 0.4,
            "IVA": 5
        },
        {
            "codigo": "7tL9TDYQ7S",
            "total": 4,
            "valor_unitario": 992112,
            "descuento": 0.47,
            "IVA": 0
        }
    ]
}