{
    "empresa_nit": "123456789",
    "empresa_ciudad": "CALI",
    "empresa_sede": "centro",
    "empresa_nombre": "MicroMercado El Mio",
    "fecha_hora": "2024-11-13 07:35:21",
    "factura_num": "00130",
    "ciente_numero": 161860719,
    "pago_tipo": "EFECTIVO",
    "productos": [
        {
            "codigo": "La2Pyno2wD",
            "total": 20,
            "valor_unitario": 223876,
            "descuento": 0.25,
            "IVA": 5
        },
        {
            "codigo": "uxZGM637S8",
            "total": 19,
            "valor_unitario": 185493,
            "descuento": 0.4,
            "IVA": 19
        },
        {
            "codigo": "5SIvGoO62m",
            "total": 8,
            "valor_unitario": 674304,
            "descuento": 0.35,
            "IVA": 19
        },
        {
            "codigo": "RM8ftIp4rC",
            "total": 15,
            "valor_unitario": 800835,
            "descuento": 0.41,
            "IVA": 19
        },
        {
            "codigo": "4ySpnnewfB",
            "total": 13,
            "valor_unitario": 750636,
            "descuento": 0.03,
            "IVA": 0
        },
        {
            "codigo": "2DDAREfU0x",
            "total": 7,
            "valor_unitario": 568822,
            "descuento": 0.14,
            "IVA": 5
        },
        {
            "codigo": "JBGIeU9jPT",
            "total": 19,
            "valor_unitario": 564044,
            "descuento": 0.05,
            "IVA": 0
        },
        {
            "codigo": "DOqsOGaBua",
            "total": 20,
            "valor_unitario": 998647,
            "descuento": 0.45,
            "IVA": 5
        },
        {
            "codigo": "dYffqcuUfh",
            "total": 19,
            "valor_unitario": 282261,
            "descuento": 0.09,
            "IVA": 0
        }
    ]
}