{
    "empresa_nit": "123456789",
    "empresa_ciudad": "MEDELLIN",
    "empresa_sede": "alcaldia",
    "empresa_nombre": "MicroMercado El Mio",
    "fecha_hora": "2020-08-21 16:11:03",
    "factura_num": "01108",
    "ciente_numero": 688952645,
    "pago_tipo": "EFECTIVO",
    "productos": [
        {
            "codigo": "gZ0KFJYwnw",
            "total": 3,
            "valor_unitario": 17547,
            "descuento": 0.05,
            "IVA": 19
        },
        {
            "codigo": "qMAU4IijsB",
            "total": 7,
            "valor_unitario": 985170,
            "descuento": 0.2,
            "IVA": 5
        },
        {
            "codigo": "Uz26Wg8R4o",
            "total": 20,
            "valor_unitario": 899663,
            "descuento": 0.25,
            "IVA": 0
        },
        {
            "codigo": "2H41w3I4V9",
            "total": 4,
            "valor_unitario": 592426,
            "descuento": 0.06,
            "IVA": 0
        },
        {
            "codigo": "G4T4VzNOAv",
            "total": 13,
            "valor_unitario": 157212,
            "descuento": 0.4,
            "IVA": 19
        },
        {
            "codigo": "pkeWUQr59k",
            "total": 8,
            "valor_unitario": 225570,
            "descuento": 0.17,
            "IVA": 5
        },
        {
            "codigo": "wEn557wSZ9",
            "total": 18,
            "valor_unitario": 480790,
            "descuento": 0.38,
            "IVA": 0
        },
        {
            "codigo": "dtiWuEeP3Z",
            "total": 14,
            "valor_unitario": 957327,
            "descuento": 0.05,
            "IVA": 5
        }
    ]
}