{
    "empresa_nit": "123456789",
    "empresa_ciudad": "CALI",
    "empresa_sede": "aeropuerto",
    "empresa_nombre": "MicroMercado El Mio",
    "fecha_hora": "2023-03-19 08:23:50",
    "factura_num": "01211",
    "ciente_numero": 242206884,
    "pago_tipo": "TRANFERENCIA",
    "productos": [
        {
            "codigo": "GPzzcTL5p9",
            "total": 20,
            "valor_unitario": 193648,
            "descuento": 0.36,
            "IVA": 19
        },
        {
            "codigo": "fQ0eEYtOzE",
            "total": 17,
            "valor_unitario": 517049,
            "descuento": 0.37,
            "IVA": 19
        },
        {
            "codigo": "yeQeAGm00W",
            "total": 3,
            "valor_unitario": 679671,
            "descuento": 0.17,
            "IVA": 5
        },
        {
            "codigo": "QfG5bo1PkF",
            "total": 4,
            "valor_unitario": 410758,
            "descuento": 0.09,
            "IVA": 19
        },
        {
            "codigo": "awAHfGLm52",
            "total": 4,
            "valor_unitario": 922904,
            "descuento": 0.33,
            "IVA": 19
        },
        {
            "codigo": "UtA1seE4MX",
            "total": 16,
            "valor_unitario": 632670,
            "descuento": 0.03,
            "IVA": 5
        }
    ]
}