{
    "empresa_nit": "123456789",
    "empresa_ciudad": "CALI",
    "empresa_sede": "plaza",
    "empresa_nombre": "MicroMercado El Mio",
    "fecha_hora": "2020-05-26 05:43:32",
    "factura_num": "01243",
    "ciente_numero": 172865273,
    "pago_tipo": "TAR.DEBITO",
    "productos": [
        {
            "codigo": "cDcIv1rvB0",
            "total": 20,
            "valor_unitario": 427611,
            "descuento": 0.16,
            "IVA": 0
        },
        {
            "codigo": "0z7wicBxZS",
            "total": 13,
            "valor_unitario": 217296,
            "descuento": 0.42,
            "IVA": 5
        },
        {
            "codigo": "RniT4oaSgr",
            "total": 2,
            "valor_unitario": 530162,
            "descuento": 0.09,
            "IVA": 5
        },
        {
            "codigo": "RKVUiHFdj7",
            "total": 11,
            "valor_unitario": 932849,
            "descuento": 0.13,
            "IVA": 5
        },
        {
            "codigo": "G09GLjLd1M",
            "total": 9,
            "valor_unitario": 259106,
            "descuento": 0.47,
            "IVA": 0
        },
        {
            "codigo": "mXdv8mXs2C",
            "total": 5,
            "valor_unitario": 592378,
            "descuento": 0.26,
            "IVA": 0
        },
        {
            "codigo": "YEfko8tANf",
            "total": 8,
            "valor_unitario": 963747,
            "descuento": 0.47,
            "IVA": 0
        },
        {
            "codigo": "XVJSsy2U6q",
            "total": 2,
            "valor_unitario": 780468,
            "descuento": 0.21,
            "IVA": 0
        },
        {
            "codigo": "LKosgPst0h",
            "total": 11,
            "valor_unitario": 200566,
            "descuento": 0.12,
            "IVA": 5
        },
        {
            "codigo": "TQDbWMyAzu",
            "total": 15,
            "valor_unitario": 617930,
            "descuento": 0.13,
            "IVA": 5
        },
        {
            "codigo": "CJfZewUo9T",
            "total": 19,
            "valor_unitario": 65243,
            "descuento": 0.06,
            "IVA": 0
        },
        {
            "codigo": "8LhO437sL7",
            "total": 10,
            "valor_unitario": 387945,
            "descuento": 0.06,
            "IVA": 5
        }
    ]
}