{
    "empresa_nit": "123456789",
    "empresa_ciudad": "BARRANQUILLA",
    "empresa_sede": "autopista",
    "empresa_nombre": "MicroMercado El Mio",
    "fecha_hora": "2020-11-08 19:57:55",
    "factura_num": "01360",
    "ciente_numero": 245581025,
    "pago_tipo": "TAR.DEBITO",
    "productos": [
        {
            "codigo": "ihH9kOaX88",
            "total": 2,
            "valor_unitario": 695699,
            "descuento": 0.08,
            "IVA": 0
        },
        {
            "codigo": "NaU6LCSClo",
            "total": 20,
            "valor_unitario": 171838,
            "descuento": 0.45,
            "IVA": 5
        },
        {
            "codigo": "1asmUtw5Rv",
            "total": 16,
            "valor_unitario": 721190,
            "descuento": 0.04,
            "IVA": 0
        },
        {
            "codigo": "7hHqPdNGUh",
            "total": 17,
            "valor_unitario": 482950,
            "descuento": 0.12,
            "IVA": 0
        },
        {
            "codigo": "uI06gN3nWT",
            "total": 17,
            "valor_unitario": 219412,
            "descuento": 0.08,
            "IVA": 5
        },
        {
            "codigo": "fZbuvcj1Ph",
            "total": 15,
            "valor_unitario": 896516,
            "descuento": 0.49,
            "IVA": 0
        },
        {
            "codigo": "EpKNZ6FEFD",
            "total": 14,
            "valor_unitario": 592494,
            "descuento": 0.16,
            "IVA": 19
        },
        {
            "codigo": "GpjSbR88OD",
            "total": 1,
            "valor_unitario": 823640,
            "descuento": 0.3,
            "IVA": 5
        },
        {
            "codigo": "2i8RXkqh1p",
            "total": 5,
            "valor_unitario": 957702,
            "descuento": 0.45,
            "IVA": 0
        },
        {
            "codigo": "ECTaqRR6U8",
            "total": 14,
            "valor_unitario": 352045,
            "descuento": 0.0,
            "IVA": 5
        },
        {
            "codigo": "cTqNhH8osq",
            "total": 11,
            "valor_unitario": 46263,
            "descuento": 0.2,
            "IVA": 5
        },
        {
            "codigo": "JtY9je6M4M",
            "total": 17,
            "valor_unitario": 690036,
            "descuento": 0.13,
            "IVA": 5
        },
        {
            "codigo": "O5tEdAI4NZ",
            "total": 15,
            "valor_unitario": 706849,
            "descuento": 0.15,
            "IVA": 0
        },
        {
            "codigo": "mivVfWiTKz",
            "total": 20,
            "valor_unitario": 330940,
            "descuento": 0.09,
            "IVA": 0
        },
        {
            "codigo": "3vP7R529My",
            "total": 3,
            "valor_unitario": 869256,
            "descuento": 0.45,
            "IVA": 0
        },
        {
            "codigo": "7xjoizWn0A",
            "total": 3,
            "valor_unitario": 72196,
            "descuento": 0.23,
            "IVA": 5
        }
    ]
}