{
    "empresa_nit": "123456789",
    "empresa_ciudad": "BARRANQUILLA",
    "empresa_sede": "alcaldia",
    "empresa_nombre": "MicroMercado El Mio",
    "fecha_hora": "2020-09-14 07:52:51",
    "factura_num": "01409",
    "ciente_numero": 551380000,
    "pago_tipo": "EFECTIVO",
    "productos": [
        {
            "codigo": "OCStfe2tk4",
            "total": 8,
            "valor_unitario": 161961,
            "descuento": 0.33,
            "IVA": 5
        },
        {
            "codigo": "getoHEU73w",
            "total": 12,
            "valor_unitario": 576409,
            "descuento": 0.21,
            "IVA": 5
        },
        {
            "codigo": "ZHvZEXuew8",
            "total": 3,
            "valor_unitario": 74243,
            "descuento": 0.01,
            "IVA": 19
        },
        {
            "codigo": "wJwknsdnab",
            "total": 17,
            "valor_unitario": 139533,
            "descuento": 0.49,
            "IVA": 19
        },
        {
            "codigo": "N5CFGdBl5X",
            "total": 2,
            "valor_unitario": 630531,
            "descuento": 0.0,
            "IVA": 5
        },
        {
            "codigo": "PzaCGhyUQK",
            "total": 16,
            "valor_unitario": 200692,
            "descuento": 0.45,
            "IVA": 5
        },
        {
            "codigo": "JDQXPpAoUL",
            "total": 2,
            "valor_unitario": 644348,
            "descuento": 0.06,
            "IVA": 5
        },
        {
            "codigo": "os26gVVj86",
            "total": 11,
            "valor_unitario": 348258,
            "descuento": 0.19,
            "IVA": 0
        },
        {
            "codigo": "TJtQCq0hND",
            "total": 16,
            "valor_unitario": 24771,
            "descuento": 0.4,
            "IVA": 19
        },
        {
            "codigo": "BO9rroYaFK",
            "total": 18,
            "valor_unitario": 713271,
            "descuento": 0.2,
            "IVA": 0
        },
        {
            "codigo": "8tUsVqpmWW",
            "total": 13,
            "valor_unitario": 837137,
            "descuento": 0.17,
            "IVA": 0
        },
        {
            "codigo": "xhzVXpFCkU",
            "total": 19,
            "valor_unitario": 323382,
            "descuento": 0.16,
            "IVA": 5
        },
        {
            "codigo": "3gOT26494s",
            "total": 8,
            "valor_unitario": 932044,
            "descuento": 0.38,
            "IVA": 19
        },
        {
            "codigo": "orpMu7v5ml",
            "total": 5,
            "valor_unitario": 541121,
            "descuento": 0.48,
            "IVA": 19
        },
        {
            "codigo": "IDT0ND5UCu",
            "total": 13,
            "valor_unitario": 394792,
            "descuento": 0.07,
            "IVA": 0
        },
        {
            "codigo": "6n4nLSkMDk",
            "total": 17,
            "valor_unitario": 743724,
            "descuento": 0.22,
            "IVA": 5
        },
        {
            "codigo": "kHmSrCvcFu",
            "total": 13,
            "valor_unitario": 73407,
            "descuento": 0.01,
            "IVA": 19
        },
        {
            "codigo": "ebY96iB7Y0",
            "total": 7,
            "valor_unitario": 349677,
            "descuento": 0.04,
            "IVA": 5
        }
    ]
}