{
    "empresa_nit": "123456789",
    "empresa_ciudad": "BOGOTA",
    "empresa_sede": "aeropuerto",
    "empresa_nombre": "MicroMercado El Mio",
    "fecha_hora": "2025-02-13 03:41:10",
    "factura_num": "01001",
    "ciente_numero": 87827318,
    "pago_tipo": "TAR.DEBITO",
    "productos": [
        {
            "codigo": "8MxxyBNRuA",
            "total": 17,
            "valor_unitario": 645833,
            "descuento": 0.39,
            "IVA": 5
        },
        {
            "codigo": "CDFyCtESBE",
            "total": 5,
            "valor_unitario": 697999,
            "descuento": 0.39,
            "IVA": 0
        },
        {
            "codigo": "V6xxjdLTOD",
            "total": 18,
            "valor_unitario": 136039,
            "descuento": 0.06,
            "IVA": 0
        },
        {
            "codigo": "keQF6tvevJ",
            "total": 9,
            "valor_unitario": 653219,
            "descuento": 0.33,
            "IVA": 19
        },
        {
            "codigo": "nyvNJdIRzt",
            "total": 5,
            "valor_unitario": 347691,
            "descuento": 0.44,
            "IVA": 5
        },
        {
            "codigo": "xVc7oP5sh6",
            "total": 5,
            "valor_unitario": 686780,
            "descuento": 0.5,
            "IVA": 19
        },
        {
            "codigo": "6Nf3p6ENoc",
            "total": 11,
            "valor_unitario": 395758,
            "descuento": 0.36,
            "IVA": 5
        },
        {
            "codigo": "w7C1kLh91F",
            "total": 14,
            "valor_unitario": 216701,
            "descuento": 0.27,
            "IVA": 19
        },
        {
            "codigo": "zCbhRg9hq3",
            "total": 4,
            "valor_unitario": 342768,
            "descuento": 0.05,
            "IVA": 19
        }
    ]
}