{
    "empresa_nit": "123456789",
    "empresa_ciudad": "BARRANQUILLA",
    "empresa_sede": "centro",
    "empresa_nombre": "MicroMercado El Mio",
    "fecha_hora": "2020-09-30 12:53:13",
    "factura_num": "01159",
    "ciente_numero": 594524130,
    "pago_tipo": "TRANFERENCIA",
    "productos": [
        {
            "codigo": "IlLksr4pOA",
            "total": 17,
            "valor_unitario": 42625,
            "descuento": 0.06,
            "IVA": 5
        },
        {
            "codigo": "qnRrEvxatw",
            "total": 4,
            "valor_unitario": 958204,
            "descuento": 0.03,
            "IVA": 5
        },
        {
            "codigo": "hoZxfNFiBM",
            "total": 3,
            "valor_unitario": 318363,
            "descuento": 0.11,
            "IVA": 5
        },
        {
            "codigo": "s0JeMO9qr4",
            "total": 5,
            "valor_unitario": 827269,
            "descuento": 0.45,
            "IVA": 0
        },
        {
            "codigo": "TwI9cm4Y0E",
            "total": 6,
            "valor_unitario": 118813,
            "descuento": 0.03,
            "IVA": 19
        },
        {
            "codigo": "YRlD5YS4B7",
            "total": 1,
            "valor_unitario": 996477,
            "descuento": 0.16,
            "IVA": 5
        },
        {
            "codigo": "4kgwvyYFi9",
            "total": 11,
            "valor_unitario": 105328,
            "descuento": 0.26,
            "IVA": 0
        },
        {
            "codigo": "KGv8FPzE1d",
            "total": 2,
            "valor_unitario": 16111,
            "descuento": 0.44,
            "IVA": 0
        },
        {
            "codigo": "2Eg5PWBuUj",
            "total": 7,
            "valor_unitario": 175771,
            "descuento": 0.05,
            "IVA": 5
        },
        {
            "codigo": "RrX1D1cwVc",
            "total": 1,
            "valor_unitario": 38419,
            "descuento": 0.09,
            "IVA": 5
        },
        {
            "codigo": "8Hj7kuQsJ0",
            "total": 10,
            "valor_unitario": 95611,
            "descuento": 0.11,
            "IVA": 0
        },
        {
            "codigo": "OLWzO96J6L",
            "total": 9,
            "valor_unitario": 365757,
            "descuento": 0.07,
            "IVA": 5
        },
        {
            "codigo": "ybIlHlPR7R",
            "total": 3,
            "valor_unitario": 464081,
            "descuento": 0.5,
            "IVA": 19
        },
        {
            "codigo": "Rl2AznfW49",
            "total": 14,
            "valor_unitario": 102904,
            "descuento": 0.32,
            "IVA": 19
        },
        {
            "codigo": "M8HfZpUtH4",
            "total": 2,
            "valor_unitario": 154927,
            "descuento": 0.17,
            "IVA": 0
        },
        {
            "codigo": "R9zFOUMfde",
            "total": 7,
            "valor_unitario": 602570,
            "descuento": 0.36,
            "IVA": 19
        },
        {
            "codigo": "O8dHiPNuYt",
            "total": 16,
            "valor_unitario": 945381,
            "descuento": 0.33,
            "IVA": 0
        },
        {
            "codigo": "X0CyERElP4",
            "total": 3,
            "valor_unitario": 304486,
            "descuento": 0.46,
            "IVA": 5
        },
        {
            "codigo": "W4a8o150FI",
            "total": 12,
            "valor_unitario": 858779,
            "descuento": 0.24,
            "IVA": 19
        },
        {
            "codigo": "DNS7VQuyOQ",
            "total": 16,
            "valor_unitario": 875376,
            "descuento": 0.27,
            "IVA": 5
        }
    ]
}