{
    "empresa_nit": "123456789",
    "empresa_ciudad": "BARRANQUILLA",
    "empresa_sede": "terminal",
    "empresa_nombre": "MicroMercado El Mio",
    "fecha_hora": "2022-08-17 13:13:30",
    "factura_num": "01027",
    "ciente_numero": 814724084,
    "pago_tipo": "TAR.CREDITO",
    "productos": [
        {
            "codigo": "SZAn0wilyy",
            "total": 19,
            "valor_unitario": 119063,
            "descuento": 0.12,
            "IVA": 5
        },
        {
            "codigo": "q2CNMsAyMl",
            "total": 4,
            "valor_unitario": 507128,
            "descuento": 0.27,
            "IVA": 5
        },
        {
            "codigo": "Uo7DKUW3ki",
            "total": 19,
            "valor_unitario": 187827,
            "descuento": 0.05,
            "IVA": 5
        },
        {
            "codigo": "yJTP7coqY8",
            "total": 15,
            "valor_unitario": 192559,
            "descuento": 0.29,
            "IVA": 0
        },
        {
            "codigo": "6etN98lCcW",
            "total": 5,
            "valor_unitario": 908891,
            "descuento": 0.23,
            "IVA": 5
        },
        {
            "codigo": "mzSJt4hnRA",
            "total": 10,
            "valor_unitario": 372429,
            "descuento": 0.14,
            "IVA": 19
        },
        {
            "codigo": "Ps8zRsRTie",
            "total": 19,
            "valor_unitario": 206166,
            "descuento": 0.43,
            "IVA": 0
        },
        {
            "codigo": "11SXCcov0b",
            "total": 11,
            "valor_unitario": 308604,
            "descuento": 0.04,
            "IVA": 19
        },
        {
            "codigo": "XlMjXiU1uK",
            "total": 8,
            "valor_unitario": 673756,
            "descuento": 0.4,
            "IVA": 5
        },
        {
            "codigo": "csUx0v6vgU",
            "total": 3,
            "valor_unitario": 769143,
            "descuento": 0.45,
            "IVA": 0
        },
        {
            "codigo": "JbZRtPf9q1",
            "total": 3,
            "valor_unitario": 241833,
            "descuento": 0.03,
            "IVA": 19
        },
        {
            "codigo": "5qXtAePKHT",
            "total": 17,
            "valor_unitario": 591018,
            "descuento": 0.32,
            "IVA": 5
        },
        {
            "codigo": "Axy3aF0Jvp",
            "total": 17,
            "valor_unitario": 737592,
            "descuento": 0.29,
            "IVA": 19
        },
        {
            "codigo": "NbINbmXMnl",
            "total": 7,
            "valor_unitario": 50771,
            "descuento": 0.12,
            "IVA": 19
        },
        {
            "codigo": "dFIHfL4Ze0",
            "total": 13,
            "valor_unitario": 446702,
            "descuento": 0.01,
            "IVA": 0
        },
        {
            "codigo": "vo2hwQVRpH",
            "total": 4,
            "valor_unitario": 202530,
            "descuento": 0.09,
            "IVA": 19
        },
        {
            "codigo": "QpRT9gwAKh",
            "total": 16,
            "valor_unitario": 656141,
            "descuento": 0.12,
            "IVA": 19
        },
        {
            "codigo": "zvIgnaXE2J",
            "total": 17,
            "valor_unitario": 216066,
            "descuento": 0.21,
            "IVA": 0
        },
        {
            "codigo": "i5jCfGyEZx",
            "total": 6,
            "valor_unitario": 847925,
            "descuento": 0.23,
            "IVA": 5
        }
    ]
}