{
    "empresa_nit": "123456789",
    "empresa_ciudad": "TUNJA",
    "empresa_sede": "centro",
    "empresa_nombre": "MicroMercado El Mio",
    "fecha_hora": "2024-09-27 08:26:31",
    "factura_num": "01273",
    "ciente_numero": 700266995,
    "pago_tipo": "TRANFERENCIA",
    "productos": [
        {
            "codigo": "q8B8nuIULF",
            "total": 10,
            "valor_unitario": 481981,
            "descuento": 0.31,
            "IVA": 5
        },
        {
            "codigo": "ucl51N8hWZ",
            "total": 2,
            "valor_unitario": 88109,
            "descuento": 0.49,
            "IVA": 0
        },
        {
            "codigo": "EHQgVijB3V",
            "total": 2,
            "valor_unitario": 729087,
            "descuento": 0.47,
            "IVA": 0
        },
        {
            "codigo": "HWw7dGMiU6",
            "total": 2,
            "valor_unitario": 518989,
            "descuento": 0.24,
            "IVA": 0
        },
        {
            "codigo": "VaK191AoSE",
            "total": 9,
            "valor_unitario": 102815,
            "descuento": 0.22,
            "IVA": 19
        },
        {
            "codigo": "3INTRAUULw",
            "total": 5,
            "valor_unitario": 371124,
            "descuento": 0.42,
            "IVA": 19
        },
        {
            "codigo": "LipaVYXCec",
            "total": 1,
            "valor_unitario": 18448,
            "descuento": 0.32,
            "IVA": 19
        },
        {
            "codigo": "ISu5fQAMAN",
            "total": 10,
            "valor_unitario": 713004,
            "descuento": 0.4,
            "IVA": 0
        },
        {
            "codigo": "ahSIQTHi3b",
            "total": 20,
            "valor_unitario": 490399,
            "descuento": 0.36,
            "IVA": 0
        },
        {
            "codigo": "OB5aAUzYng",
            "total": 2,
            "valor_unitario": 539866,
            "descuento": 0.01,
            "IVA": 19
        },
        {
            "codigo": "LYQqdbUSvV",
            "total": 18,
            "valor_unitario": 520885,
            "descuento": 0.47,
            "IVA": 0
        },
        {
            "codigo": "1rVhCEtVCs",
            "total": 19,
            "valor_unitario": 678870,
            "descuento": 0.16,
            "IVA": 19
        },
        {
            "codigo": "4ps4sVEnGW",
            "total": 14,
            "valor_unitario": 34408,
            "descuento": 0.06,
            "IVA": 5
        },
        {
            "codigo": "rkqOIsGMWV",
            "total": 3,
            "valor_unitario": 101747,
            "descuento": 0.3,
            "IVA": 5
        },
        {
            "codigo": "twDYkLw4jn",
            "total": 18,
            "valor_unitario": 586881,
            "descuento": 0.46,
            "IVA": 5
        },
        {
            "codigo": "pOOh74By6V",
            "total": 19,
            "valor_unitario": 988424,
            "descuento": 0.22,
            "IVA": 0
        },
        {
            "codigo": "sWWNK47E9I",
            "total": 14,
            "valor_unitario": 762698,
            "descuento": 0.45,
            "IVA": 0
        },
        {
            "codigo": "ZuZZuvybjc",
            "total": 8,
            "valor_unitario": 428380,
            "descuento": 0.08,
            "IVA": 19
        },
        {
            "codigo": "5BMGNhS6kN",
            "total": 15,
            "valor_unitario": 660701,
            "descuento": 0.0,
            "IVA": 19
        },
        {
            "codigo": "q56QbVQ8Vk",
            "total": 9,
            "valor_unitario": 729536,
            "descuento": 0.23,
            "IVA": 5
        }
    ]
}