{
    "empresa_nit": "123456789",
    "empresa_ciudad": "CALI",
    "empresa_sede": "centro",
    "empresa_nombre": "MicroMercado El Mio",
    "fecha_hora": "2021-10-23 04:13:27",
    "factura_num": "01323",
    "ciente_numero": 242291613,
    "pago_tipo": "TRANFERENCIA",
    "productos": [
        {
            "codigo": "q0caGsfRZM",
            "total": 3,
            "valor_unitario": 695487,
            "descuento": 0.05,
            "IVA": 0
        },
        {
            "codigo": "k5TsLNxJ5U",
            "total": 12,
            "valor_unitario": 237131,
            "descuento": 0.32,
            "IVA": 19
        },
        {
            "codigo": "0TF6tq1dP2",
            "total": 6,
            "valor_unitario": 823059,
            "descuento": 0.47,
            "IVA": 19
        }
    ]
}