{
    "empresa_nit": "123456789",
    "empresa_ciudad": "CALI",
    "empresa_sede": "plaza",
    "empresa_nombre": "MicroMercado El Mio",
    "fecha_hora": "2021-10-10 06:02:25",
    "factura_num": "01295",
    "ciente_numero": 88586611,
    "pago_tipo": "TRANFERENCIA",
    "productos": [
        {
            "codigo": "rd7yUErZWb",
            "total": 1,
            "valor_unitario": 161914,
            "descuento": 0.25,
            "IVA": 19
        },
        {
            "codigo": "mLxdPGhun3",
            "total": 13,
            "valor_unitario": 723618,
            "descuento": 0.14,
            "IVA": 5
        },
        {
            "codigo": "O4d9sQqfLe",
            "total": 13,
            "valor_unitario": 266259,
            "descuento": 0.09,
            "IVA": 0
        },
        {
            "codigo": "gncYR71daO",
            "total": 5,
            "valor_unitario": 232887,
            "descuento": 0.47,
            "IVA": 19
        },
        {
            "codigo": "mqzoRKtzEW",
            "total": 2,
            "valor_unitario": 477674,
            "descuento": 0.32,
            "IVA": 19
        },
        {
            "codigo": "vOn3poJZHi",
            "total": 13,
            "valor_unitario": 849022,
            "descuento": 0.11,
            "IVA": 0
        },
        {
            "codigo": "56WueI08sO",
            "total": 12,
            "valor_unitario": 325708,
            "descuento": 0.0,
            "IVA": 19
        },
        {
            "codigo": "SuLKXQ2dI1",
            "total": 5,
            "valor_unitario": 979702,
            "descuento": 0.08,
            "IVA": 5
        },
        {
            "codigo": "geEHG4OQnb",
            "total": 13,
            "valor_unitario": 203217,
            "descuento": 0.09,
            "IVA": 5
        },
        {
            "codigo": "ppGTQtJrKf",
            "total": 15,
            "valor_unitario": 543560,
            "descuento": 0.18,
            "IVA": 19
        },
        {
            "codigo": "fZeOKR3qS8",
            "total": 20,
            "valor_unitario": 191533,
            "descuento": 0.47,
            "IVA": 0
        },
        {
            "codigo": "A4tEKb4jPm",
            "total": 16,
            "valor_unitario": 293640,
            "descuento": 0.44,
            "IVA": 0
        },
        {
            "codigo": "1HJTth9YCu",
            "total": 1,
            "valor_unitario": 791517,
            "descuento": 0.45,
            "IVA": 0
        },
        {
            "codigo": "FKXSrCc7cf",
            "total": 20,
            "valor_unitario": 110520,
            "descuento": 0.3,
            "IVA": 0
        },
        {
            "codigo": "iEJqmKXGS8",
            "total": 19,
            "valor_unitario": 168591,
            "descuento": 0.17,
            "IVA": 5
        },
        {
            "codigo": "tA4HVFiChw",
            "total": 14,
            "valor_unitario": 966899,
            "descuento": 0.38,
            "IVA": 0
        },
        {
            "codigo": "HXGlK7CPt1",
            "total": 12,
            "valor_unitario": 107286,
            "descuento": 0.42,
            "IVA": 5
        },
        {
            "codigo": "ffKIq6jvW9",
            "total": 3,
            "valor_unitario": 333865,
            "descuento": 0.36,
            "IVA": 19
        }
    ]
}