{
    "empresa_nit": "123456789",
    "empresa_ciudad": "BOGOTA",
    "empresa_sede": "centro",
    "empresa_nombre": "MicroMercado El Mio",
    "fecha_hora": "2024-05-07 10:12:00",
    "factura_num": "01095",
    "ciente_numero": 827458474,
    "pago_tipo": "TRANFERENCIA",
    "productos": [
        {
            "codigo": "YCg7Lkdx9n",
            "total": 20,
            "valor_unitario": 462605,
            "descuento": 0.41,
            "IVA": 5
        },
        {
            "codigo": "Yfyde8ke3t",
            "total": 1,
            "valor_unitario": 301588,
            "descuento": 0.5,
            "IVA": 19
        },
        {
            "codigo": "O7l6yP8sBt",
            "total": 11,
            "valor_unitario": 110670,
            "descuento": 0.47,
            "IVA": 0
        },
        {
            "codigo": "tWNS7EMJci",
            "total": 11,
            "valor_unitario": 138888,
            "descuento": 0.46,
            "IVA": 0
        },
        {
            "codigo": "qk4N4hLDQG",
            "total": 6,
            "valor_unitario": 685552,
            "descuento": 0.19,
            "IVA": 5
        },
        {
            "codigo": "5jWcqvayuP",
            "total": 9,
            "valor_unitario": 695097,
            "descuento": 0.43,
            "IVA": 0
        },
        {
            "codigo": "KmA2ztnLoi",
            "total": 19,
            "valor_unitario": 747412,
            "descuento": 0.24,
            "IVA": 5
        },
        {
            "codigo": "If8m9c6z71",
            "total": 17,
            "valor_unitario": 43473,
            "descuento": 0.5,
            "IVA": 19
        },
        {
            "codigo": "YYXbYFgCQF",
            "total": 3,
            "valor_unitario": 524531,
            "descuento": 0.19,
            "IVA": 5
        },
        {
            "codigo": "GoqUSfk9Ys",
            "total": 4,
            "valor_unitario": 941410,
            "descuento": 0.04,
            "IVA": 5
        }
    ]
}