{
    "empresa_nit": "123456789",
    "empresa_ciudad": "BARRANQUILLA",
    "empresa_sede": "autopista",
    "empresa_nombre": "MicroMercado El Mio",
    "fecha_hora": "2025-03-05 07:31:24",
    "factura_num": "01322",
    "ciente_numero": 192066429,
    "pago_tipo": "EFECTIVO",
    "productos": [
        {
            "codigo": "mYuIti1at1",
            "total": 19,
            "valor_unitario": 671038,
            "descuento": 0.17,
            "IVA": 5
        },
        {
            "codigo": "r0fLaZtD0B",
            "total": 1,
            "valor_unitario": 188285,
            "descuento": 0.5,
            "IVA": 19
        },
        {
            "codigo": "bWTGcRl1Jp",
            "total": 14,
            "valor_unitario": 788573,
            "descuento": 0.36,
            "IVA": 0
        },
        {
            "codigo": "quUXFjaGJq",
            "total": 17,
            "valor_unitario": 356072,
            "descuento": 0.06,
            "IVA": 0
        },
        {
            "codigo": "FnzWAh3QQI",
            "total": 15,
            "valor_unitario": 247287,
            "descuento": 0.07,
            "IVA": 5
        }
    ]
}