{
    "empresa_nit": "123456789",
    "empresa_ciudad": "MEDELLIN",
    "empresa_sede": "aeropuerto",
    "empresa_nombre": "MicroMercado El Mio",
    "fecha_hora": "2020-04-15 17:32:30",
    "factura_num": "01064",
    "ciente_numero": 976864817,
    "pago_tipo": "TAR.CREDITO",
    "productos": [
        {
            "codigo": "xgkidIqVbu",
            "total": 7,
            "valor_unitario": 205481,
            "descuento": 0.28,
            "IVA": 19
        },
        {
            "codigo": "kq1Ii4Kuz8",
            "total": 20,
            "valor_unitario": 590340,
            "descuento": 0.35,
            "IVA": 19
        },
        {
            "codigo": "YITqIa3JYB",
            "total": 6,
            "valor_unitario": 429528,
            "descuento": 0.07,
            "IVA": 0
        }
    ]
}