{
    "empresa_nit": "123456789",
    "empresa_ciudad": "MEDELLIN",
    "empresa_sede": "plaza",
    "empresa_nombre": "MicroMercado El Mio",
    "fecha_hora": "2020-02-22 04:57:47",
    "factura_num": "01035",
    "ciente_numero": 288583710,
    "pago_tipo": "TAR.DEBITO",
    "productos": [
        {
            "codigo": "8oP08zLZup",
            "total": 11,
            "valor_unitario": 593697,
            "descuento": 0.26,
            "IVA": 0
        },
        {
            "codigo": "ePR9jlsGGu",
            "total": 2,
            "valor_unitario": 1126,
            "descuento": 0.42,
            "IVA": 19
        },
        {
            "codigo": "PvcKArLYKI",
            "total": 18,
            "valor_unitario": 731157,
            "descuento": 0.01,
            "IVA": 0
        },
        {
            "codigo": "HKLAchvRNO",
            "total": 17,
            "valor_unitario": 866292,
            "descuento": 0.19,
            "IVA": 5
        },
        {
            "codigo": "7bL2nDASuf",
            "total": 7,
            "valor_unitario": 735771,
            "descuento": 0.1,
            "IVA": 19
        },
        {
            "codigo": "5E6hKfu923",
            "total": 6,
            "valor_unitario": 598412,
            "descuento": 0.08,
            "IVA": 0
        },
        {
            "codigo": "emRICaIlHV",
            "total": 13,
            "valor_unitario": 831441,
            "descuento": 0.07,
            "IVA": 5
        }
    ]
}