{
    "empresa_nit": "123456789",
    "empresa_ciudad": "CALI",
    "empresa_sede": "terminal",
    "empresa_nombre": "MicroMercado El Mio",
    "fecha_hora": "2025-01-30 20:09:33",
    "factura_num": "01410",
    "ciente_numero": 197562260,
    "pago_tipo": "TAR.DEBITO",
    "productos": [
        {
            "codigo": "NYT1Xq1syG",
            "total": 3,
            "valor_unitario": 652917,
            "descuento": 0.29,
            "IVA": 19
        },
        {
            "codigo": "MGq3PNh8o7",
            "total": 10,
            "valor_unitario": 161517,
            "descuento": 0.38,
            "IVA": 5
        },
        {
            "codigo": "C1NIGXw8Ak",
            "total": 7,
            "valor_unitario": 147403,
            "descuento": 0.03,
            "IVA": 0
        },
        {
            "codigo": "vO0rgPJXTV",
            "total": 11,
            "valor_unitario": 935989,
            "descuento": 0.47,
            "IVA": 5
        },
        {
            "codigo": "nkPgIApTRY",
            "total": 19,
            "valor_unitario": 449285,
            "descuento": 0.19,
            "IVA": 19
        },
        {
            "codigo": "nw5mIXq0Wd",
            "total": 9,
            "valor_unitario": 917479,
            "descuento": 0.46,
            "IVA": 5
        },
        {
            "codigo": "SeLQUOrAlE",
            "total": 17,
            "valor_unitario": 541578,
            "descuento": 0.33,
            "IVA": 5
        },
        {
            "codigo": "FkR4d7uERc",
            "total": 2,
            "valor_unitario": 25778,
            "descuento": 0.06,
            "IVA": 19
        },
        {
            "codigo": "qhe8PCNpvu",
            "total": 14,
            "valor_unitario": 105036,
            "descuento": 0.48,
            "IVA": 0
        },
        {
            "codigo": "by2EYQOJxx",
            "total": 12,
            "valor_unitario": 304930,
            "descuento": 0.11,
            "IVA": 19
        },
        {
            "codigo": "smxMoLU8k5",
            "total": 4,
            "valor_unitario": 836596,
            "descuento": 0.43,
            "IVA": 5
        },
        {
            "codigo": "TTrvYw7b9Z",
            "total": 12,
            "valor_unitario": 459451,
            "descuento": 0.06,
            "IVA": 19
        },
        {
            "codigo": "RnPomy9r3g",
            "total": 19,
            "valor_unitario": 737911,
            "descuento": 0.28,
            "IVA": 19
        },
        {
            "codigo": "z7iDgtv5uK",
            "total": 9,
            "valor_unitario": 910025,
            "descuento": 0.27,
            "IVA": 19
        },
        {
            "codigo": "6Rv1vw5vv2",
            "total": 13,
            "valor_unitario": 584556,
            "descuento": 0.23,
            "IVA": 5
        },
        {
            "codigo": "yIrQ52Oa2u",
            "total": 11,
            "valor_unitario": 69974,
            "descuento": 0.27,
            "IVA": 5
        }
    ]
}