{
    "empresa_nit": "123456789",
    "empresa_ciudad": "TUNJA",
    "empresa_sede": "alcaldia",
    "empresa_nombre": "MicroMercado El Mio",
    "fecha_hora": "2024-12-03 20:34:31",
    "factura_num": "00010",
    "ciente_numero": 371006392,
    "pago_tipo": "TAR.DEBITO",
    "productos": [
        {
            "codigo": "8ssiYEbTNX",
            "total": 14,
            "valor_unitario": 604493,
            "descuento": 0.45,
            "IVA": 0
        },
        {
            "codigo": "RkN7nZWs0p",
            "total": 19,
            "valor_unitario": 830065,
            "descuento": 0.47,
            "IVA": 5
        },
        {
            "codigo": "tJMX2xx6dY",
            "total": 9,
            "valor_unitario": 453794,
            "descuento": 0.39,
            "IVA": 19
        },
        {
            "codigo": "na78Iv9gzB",
            "total": 19,
            "valor_unitario": 450991,
            "descuento": 0.03,
            "IVA": 0
        },
        {
            "codigo": "zvrYxexmMi",
            "total": 6,
            "valor_unitario": 441932,
            "descuento": 0.01,
            "IVA": 5
        },
        {
            "codigo": "5jEnp7iiBL",
            "total": 2,
            "valor_unitario": 884850,
            "descuento": 0.05,
            "IVA": 0
        },
        {
            "codigo": "NPxi303mEJ",
            "total": 17,
            "valor_unitario": 712467,
            "descuento": 0.01,
            "IVA": 5
        },
        {
            "codigo": "rNZR23tn2i",
            "total": 8,
            "valor_unitario": 883803,
            "descuento": 0.05,
            "IVA": 0
        },
        {
            "codigo": "dMVva5bwHk",
            "total": 7,
            "valor_unitario": 393456,
            "descuento": 0.44,
            "IVA": 5
        },
        {
            "codigo": "Rq0ilKzVLM",
            "total": 14,
            "valor_unitario": 393189,
            "descuento": 0.39,
            "IVA": 19
        },
        {
            "codigo": "BT5StkEAHK",
            "total": 15,
            "valor_unitario": 161126,
            "descuento": 0.23,
            "IVA": 19
        },
        {
            "codigo": "H91Xz3hXrv",
            "total": 11,
            "valor_unitario": 702731,
            "descuento": 0.33,
            "IVA": 0
        },
        {
            "codigo": "WWnydpZzGp",
            "total": 9,
            "valor_unitario": 749917,
            "descuento": 0.29,
            "IVA": 5
        }
    ]
}