{
    "empresa_nit": "123456789",
    "empresa_ciudad": "CALI",
    "empresa_sede": "autopista",
    "empresa_nombre": "MicroMercado El Mio",
    "fecha_hora": "2022-10-03 08:13:52",
    "factura_num": "00105",
    "ciente_numero": 912064413,
    "pago_tipo": "TRANFERENCIA",
    "productos": [
        {
            "codigo": "81uJPpfFZo",
            "total": 9,
            "valor_unitario": 29399,
            "descuento": 0.44,
            "IVA": 19
        },
        {
            "codigo": "l6BtnfWOkH",
            "total": 20,
            "valor_unitario": 966322,
            "descuento": 0.38,
            "IVA": 5
        },
        {
            "codigo": "BFIq1jrJyx",
            "total": 13,
            "valor_unitario": 336770,
            "descuento": 0.07,
            "IVA": 5
        },
        {
            "codigo": "Ti7JrE84fq",
            "total": 19,
            "valor_unitario": 597618,
            "descuento": 0.26,
            "IVA": 5
        }
    ]
}