{
    "empresa_nit": "123456789",
    "empresa_ciudad": "TUNJA",
    "empresa_sede": "centro",
    "empresa_nombre": "MicroMercado El Mio",
    "fecha_hora": "2024-03-21 09:02:02",
    "factura_num": "01437",
    "ciente_numero": 242702146,
    "pago_tipo": "EFECTIVO",
    "productos": [
        {
            "codigo": "zVj8hmkG2D",
            "total": 8,
            "valor_unitario": 912736,
            "descuento": 0.39,
            "IVA": 19
        },
        {
            "codigo": "j6aeLholst",
            "total": 8,
            "valor_unitario": 988249,
            "descuento": 0.38,
            "IVA": 19
        },
        {
            "codigo": "QB0KMHhwPQ",
            "total": 20,
            "valor_unitario": 61673,
            "descuento": 0.34,
            "IVA": 19
        },
        {
            "codigo": "ML98JwVRdA",
            "total": 9,
            "valor_unitario": 191491,
            "descuento": 0.14,
            "IVA": 19
        },
        {
            "codigo": "9QP4fvT2NV",
            "total": 17,
            "valor_unitario": 292231,
            "descuento": 0.17,
            "IVA": 0
        },
        {
            "codigo": "LwMwA8qOXV",
            "total": 5,
            "valor_unitario": 198962,
            "descuento": 0.32,
            "IVA": 19
        },
        {
            "codigo": "8I8MJQqiP3",
            "total": 20,
            "valor_unitario": 947974,
            "descuento": 0.49,
            "IVA": 19
        },
        {
            "codigo": "4tbsoLKUIa",
            "total": 9,
            "valor_unitario": 108025,
            "descuento": 0.32,
            "IVA": 5
        },
        {
            "codigo": "ECOPbUbTat",
            "total": 18,
            "valor_unitario": 536698,
            "descuento": 0.27,
            "IVA": 0
        },
        {
            "codigo": "WZGrgbLO1O",
            "total": 3,
            "valor_unitario": 5438,
            "descuento": 0.19,
            "IVA": 0
        },
        {
            "codigo": "RMzYFOJ5DU",
            "total": 19,
            "valor_unitario": 611396,
            "descuento": 0.42,
            "IVA": 19
        },
        {
            "codigo": "CyS6PlwRm9",
            "total": 18,
            "valor_unitario": 530341,
            "descuento": 0.44,
            "IVA": 0
        },
        {
            "codigo": "mQ8QdZpUZL",
            "total": 1,
            "valor_unitario": 300180,
            "descuento": 0.07,
            "IVA": 0
        },
        {
            "codigo": "Hep17FDfOG",
            "total": 10,
            "valor_unitario": 986293,
            "descuento": 0.04,
            "IVA": 19
        },
        {
            "codigo": "7VCQtAfnOV",
            "total": 3,
            "valor_unitario": 725187,
            "descuento": 0.49,
            "IVA": 5
        },
        {
            "codigo": "2E3pWBjG78",
            "total": 6,
            "valor_unitario": 624779,
            "descuento": 0.41,
            "IVA": 5
        },
        {
            "codigo": "eDPhRn45HO",
            "total": 4,
            "valor_unitario": 647944,
            "descuento": 0.07,
            "IVA": 5
        }
    ]
}