{
    "empresa_nit": "123456789",
    "empresa_ciudad": "BOGOTA",
    "empresa_sede": "aeropuerto",
    "empresa_nombre": "MicroMercado El Mio",
    "fecha_hora": "2020-04-28 07:22:43",
    "factura_num": "01011",
    "ciente_numero": 277051749,
    "pago_tipo": "EFECTIVO",
    "productos": [
        {
            "codigo": "sHgPdngYo7",
            "total": 10,
            "valor_unitario": 338495,
            "descuento": 0.08,
            "IVA": 0
        },
        {
            "codigo": "sUJcbSaCI7",
            "total": 13,
            "valor_unitario": 56512,
            "descuento": 0.19,
            "IVA": 0
        },
        {
            "codigo": "nUvdTWjmwW",
            "total": 4,
            "valor_unitario": 633589,
            "descuento": 0.12,
            "IVA": 5
        },
        {
            "codigo": "fAQBYfm1YC",
            "total": 12,
            "valor_unitario": 74419,
            "descuento": 0.15,
            "IVA": 0
        },
        {
            "codigo": "FFOJnHtVOr",
            "total": 11,
            "valor_unitario": 540844,
            "descuento": 0.17,
            "IVA": 0
        },
        {
            "codigo": "t3JAPaa0uH",
            "total": 7,
            "valor_unitario": 611966,
            "descuento": 0.41,
            "IVA": 19
        }
    ]
}