{
    "empresa_nit": "123456789",
    "empresa_ciudad": "BARRANQUILLA",
    "empresa_sede": "centro",
    "empresa_nombre": "MicroMercado El Mio",
    "fecha_hora": "2024-09-06 09:35:51",
    "factura_num": "01006",
    "ciente_numero": 63038159,
    "pago_tipo": "TRANFERENCIA",
    "productos": [
        {
            "codigo": "S45insJ6s9",
            "total": 11,
            "valor_unitario": 909327,
            "descuento": 0.09,
            "IVA": 0
        },
        {
            "codigo": "grOe7ast8o",
            "total": 16,
            "valor_unitario": 928130,
            "descuento": 0.06,
            "IVA": 19
        },
        {
            "codigo": "EC6hNnxHg8",
            "total": 16,
            "valor_unitario": 245369,
            "descuento": 0.46,
            "IVA": 19
        },
        {
            "codigo": "FzygpQg55k",
            "total": 20,
            "valor_unitario": 733011,
            "descuento": 0.09,
            "IVA": 5
        },
        {
            "codigo": "ELAxJJmVWN",
            "total": 11,
            "valor_unitario": 833727,
            "descuento": 0.34,
            "IVA": 5
        },
        {
            "codigo": "Hv5yNheIQK",
            "total": 18,
            "valor_unitario": 610927,
            "descuento": 0.43,
            "IVA": 0
        },
        {
            "codigo": "pthKYeT9AY",
            "total": 9,
            "valor_unitario": 601673,
            "descuento": 0.24,
            "IVA": 0
        },
        {
            "codigo": "gVnLVH8WHV",
            "total": 12,
            "valor_unitario": 180716,
            "descuento": 0.29,
            "IVA": 0
        },
        {
            "codigo": "O0d74r94Gg",
            "total": 3,
            "valor_unitario": 906093,
            "descuento": 0.1,
            "IVA": 19
        },
        {
            "codigo": "4ZTBGQiFzN",
            "total": 13,
            "valor_unitario": 726737,
            "descuento": 0.27,
            "IVA": 5
        },
        {
            "codigo": "FpZSlr6F8L",
            "total": 15,
            "valor_unitario": 597214,
            "descuento": 0.14,
            "IVA": 19
        },
        {
            "codigo": "aoR4BXsN1n",
            "total": 7,
            "valor_unitario": 858263,
            "descuento": 0.32,
            "IVA": 5
        },
        {
            "codigo": "7ywuYzBcfS",
            "total": 5,
            "valor_unitario": 683140,
            "descuento": 0.07,
            "IVA": 5
        },
        {
            "codigo": "jXOTl6NdrZ",
            "total": 14,
            "valor_unitario": 54026,
            "descuento": 0.13,
            "IVA": 0
        }
    ]
}