{
    "empresa_nit": "123456789",
    "empresa_ciudad": "TUNJA",
    "empresa_sede": "centro",
    "empresa_nombre": "MicroMercado El Mio",
    "fecha_hora": "2022-09-24 09:34:14",
    "factura_num": "01232",
    "ciente_numero": 970048710,
    "pago_tipo": "TRANFERENCIA",
    "productos": [
        {
            "codigo": "jTpLWWuhBN",
            "total": 12,
            "valor_unitario": 50747,
            "descuento": 0.21,
            "IVA": 5
        },
        {
            "codigo": "BtEtFpOmhJ",
            "total": 6,
            "valor_unitario": 284061,
            "descuento": 0.43,
            "IVA": 0
        }
    ]
}