{
    "empresa_nit": "123456789",
    "empresa_ciudad": "MEDELLIN",
    "empresa_sede": "centro",
    "empresa_nombre": "MicroMercado El Mio",
    "fecha_hora": "2022-05-15 21:46:12",
    "factura_num": "00134",
    "ciente_numero": 772002681,
    "pago_tipo": "TRANFERENCIA",
    "productos": [
        {
            "codigo": "7UkRrxF0H0",
            "total": 14,
            "valor_unitario": 178502,
            "descuento": 0.49,
            "IVA": 5
        },
        {
            "codigo": "Mmj1xks3BM",
            "total": 4,
            "valor_unitario": 378075,
            "descuento": 0.15,
            "IVA": 5
        },
        {
            "codigo": "V1SnRA1r0N",
            "total": 8,
            "valor_unitario": 960702,
            "descuento": 0.19,
            "IVA": 19
        },
        {
            "codigo": "n85QcKhNYx",
            "total": 19,
            "valor_unitario": 929302,
            "descuento": 0.28,
            "IVA": 5
        }
    ]
}