{
    "empresa_nit": "123456789",
    "empresa_ciudad": "CALI",
    "empresa_sede": "centro",
    "empresa_nombre": "MicroMercado El Mio",
    "fecha_hora": "2023-02-11 01:57:13",
    "factura_num": "01028",
    "ciente_numero": 214420850,
    "pago_tipo": "TAR.DEBITO",
    "productos": [
        {
            "codigo": "kXGYBYCOI5",
            "total": 10,
            "valor_unitario": 501462,
            "descuento": 0.27,
            "IVA": 5
        },
        {
            "codigo": "hvN8MUVIkG",
            "total": 17,
            "valor_unitario": 311247,
            "descuento": 0.11,
            "IVA": 5
        }
    ]
}