{
    "empresa_nit": "123456789",
    "empresa_ciudad": "MEDELLIN",
    "empresa_sede": "centro",
    "empresa_nombre": "MicroMercado El Mio",
    "fecha_hora": "2024-01-06 03:42:57",
    "factura_num": "01131",
    "ciente_numero": 986676884,
    "pago_tipo": "TRANFERENCIA",
    "productos": [
        {
            "codigo": "2KJC8yEBwb",
            "total": 7,
            "valor_unitario": 929814,
            "descuento": 0.09,
            "IVA": 19
        },
        {
            "codigo": "4tkRHHQsiM",
            "total": 18,
            "valor_unitario": 613981,
            "descuento": 0.26,
            "IVA": 0
        },
        {
            "codigo": "yuXcw65gks",
            "total": 7,
            "valor_unitario": 451659,
            "descuento": 0.15,
            "IVA": 19
        },
        {
            "codigo": "Y3vXd1Agzf",
            "total": 11,
            "valor_unitario": 644546,
            "descuento": 0.17,
            "IVA": 0
        },
        {
            "codigo": "nwQ0eGkMv6",
            "total": 19,
            "valor_unitario": 765572,
            "descuento": 0.26,
            "IVA": 5
        },
        {
            "codigo": "LBpmDU5I8U",
            "total": 12,
            "valor_unitario": 536662,
            "descuento": 0.28,
            "IVA": 19
        },
        {
            "codigo": "IyGWUEzdce",
            "total": 4,
            "valor_unitario": 407978,
            "descuento": 0.27,
            "IVA": 0
        },
        {
            "codigo": "HrgnCAISbQ",
            "total": 14,
            "valor_unitario": 758916,
            "descuento": 0.48,
            "IVA": 5
        },
        {
            "codigo": "Xv6TapCWf7",
            "total": 7,
            "valor_unitario": 659761,
            "descuento": 0.43,
            "IVA": 19
        },
        {
            "codigo": "adtwo3GuyJ",
            "total": 4,
            "valor_unitario": 100636,
            "descuento": 0.26,
            "IVA": 19
        },
        {
            "codigo": "d617HMiugz",
            "total": 19,
            "valor_unitario": 405938,
            "descuento": 0.06,
            "IVA": 19
        },
        {
            "codigo": "g9vvYbwn50",
            "total": 13,
            "valor_unitario": 383423,
            "descuento": 0.25,
            "IVA": 0
        },
        {
            "codigo": "cn3F4S3P2e",
            "total": 13,
            "valor_unitario": 449078,
            "descuento": 0.25,
            "IVA": 5
        },
        {
            "codigo": "JvPPFfa5Zg",
            "total": 16,
            "valor_unitario": 915262,
            "descuento": 0.45,
            "IVA": 0
        }
    ]
}