{
    "empresa_nit": "123456789",
    "empresa_ciudad": "TUNJA",
    "empresa_sede": "centro",
    "empresa_nombre": "MicroMercado El Mio",
    "fecha_hora": "2025-02-15 16:05:51",
    "factura_num": "01432",
    "ciente_numero": 683110885,
    "pago_tipo": "EFECTIVO",
    "productos": [
        {
            "codigo": "eD59cn75r1",
            "total": 20,
            "valor_unitario": 572644,
            "descuento": 0.27,
            "IVA": 0
        },
        {
            "codigo": "ymecJZZkm3",
            "total": 9,
            "valor_unitario": 732727,
            "descuento": 0.15,
            "IVA": 5
        },
        {
            "codigo": "LEuWU1XeZA",
            "total": 10,
            "valor_unitario": 921168,
            "descuento": 0.05,
            "IVA": 19
        },
        {
            "codigo": "imXbezTaP0",
            "total": 15,
            "valor_unitario": 482962,
            "descuento": 0.05,
            "IVA": 5
        },
        {
            "codigo": "BO8Tq078MT",
            "total": 16,
            "valor_unitario": 587272,
            "descuento": 0.28,
            "IVA": 5
        },
        {
            "codigo": "E7D7zdc83S",
            "total": 16,
            "valor_unitario": 222059,
            "descuento": 0.42,
            "IVA": 19
        },
        {
            "codigo": "BvNA53mixN",
            "total": 6,
            "valor_unitario": 822782,
            "descuento": 0.25,
            "IVA": 5
        },
        {
            "codigo": "OKFydHRx9w",
            "total": 9,
            "valor_unitario": 558502,
            "descuento": 0.25,
            "IVA": 0
        },
        {
            "codigo": "3GAn8D3G7J",
            "total": 18,
            "valor_unitario": 710499,
            "descuento": 0.27,
            "IVA": 19
        },
        {
            "codigo": "zMtjmPIECe",
            "total": 2,
            "valor_unitario": 856840,
            "descuento": 0.38,
            "IVA": 19
        }
    ]
}