{
    "empresa_nit": "123456789",
    "empresa_ciudad": "BARRANQUILLA",
    "empresa_sede": "plaza",
    "empresa_nombre": "MicroMercado El Mio",
    "fecha_hora": "2024-04-01 06:40:08",
    "factura_num": "01007",
    "ciente_numero": 507635118,
    "pago_tipo": "EFECTIVO",
    "productos": [
        {
            "codigo": "qp242R8kxi",
            "total": 9,
            "valor_unitario": 100591,
            "descuento": 0.09,
            "IVA": 0
        },
        {
            "codigo": "qXkPjKWqzy",
            "total": 17,
            "valor_unitario": 945111,
            "descuento": 0.2,
            "IVA": 5
        },
        {
            "codigo": "hMiUn5WKEF",
            "total": 7,
            "valor_unitario": 469785,
            "descuento": 0.42,
            "IVA": 5
        },
        {
            "codigo": "oycJXAoApp",
            "total": 19,
            "valor_unitario": 916451,
            "descuento": 0.27,
            "IVA": 0
        },
        {
            "codigo": "uvIN8h8hkv",
            "total": 16,
            "valor_unitario": 239787,
            "descuento": 0.17,
            "IVA": 19
        },
        {
            "codigo": "5GDN6e5lJs",
            "total": 19,
            "valor_unitario": 98884,
            "descuento": 0.05,
            "IVA": 5
        },
        {
            "codigo": "SshKQCsuum",
            "total": 8,
            "valor_unitario": 563338,
            "descuento": 0.3,
            "IVA": 19
        },
        {
            "codigo": "88Y4FUmbtC",
            "total": 8,
            "valor_unitario": 471357,
            "descuento": 0.16,
            "IVA": 5
        },
        {
            "codigo": "w8R6V1a2fM",
            "total": 13,
            "valor_unitario": 948945,
            "descuento": 0.44,
            "IVA": 5
        },
        {
            "codigo": "UMjX2A5GsU",
            "total": 14,
            "valor_unitario": 781478,
            "descuento": 0.14,
            "IVA": 0
        },
        {
            "codigo": "WCcdF4RoIE",
            "total": 20,
            "valor_unitario": 483155,
            "descuento": 0.01,
            "IVA": 19
        },
        {
            "codigo": "pU08gX2tJz",
            "total": 16,
            "valor_unitario": 77758,
            "descuento": 0.12,
            "IVA": 5
        },
        {
            "codigo": "NtRTXUydvs",
            "total": 14,
            "valor_unitario": 973077,
            "descuento": 0.29,
            "IVA": 19
        },
        {
            "codigo": "tcLLGRK5MF",
            "total": 9,
            "valor_unitario": 199335,
            "descuento": 0.26,
            "IVA": 19
        },
        {
            "codigo": "xI2Xk50Jj7",
            "total": 5,
            "valor_unitario": 129077,
            "descuento": 0.27,
            "IVA": 19
        },
        {
            "codigo": "8GUtGm3FAy",
            "total": 12,
            "valor_unitario": 773254,
            "descuento": 0.07,
            "IVA": 5
        }
    ]
}