{
    "empresa_nit": "123456789",
    "empresa_ciudad": "TUNJA",
    "empresa_sede": "aeropuerto",
    "empresa_nombre": "MicroMercado El Mio",
    "fecha_hora": "2021-08-20 02:03:55",
    "factura_num": "01171",
    "ciente_numero": 62359530,
    "pago_tipo": "TAR.DEBITO",
    "productos": [
        {
            "codigo": "YmeZl4J3Yz",
            "total": 20,
            "valor_unitario": 209290,
            "descuento": 0.36,
            "IVA": 5
        },
        {
            "codigo": "Yc48Yn6weY",
            "total": 3,
            "valor_unitario": 790284,
            "descuento": 0.09,
            "IVA": 0
        },
        {
            "codigo": "4r73sJIMqT",
            "total": 15,
            "valor_unitario": 412484,
            "descuento": 0.09,
            "IVA": 5
        },
        {
            "codigo": "k3T2sRUE9z",
            "total": 8,
            "valor_unitario": 437585,
            "descuento": 0.06,
            "IVA": 19
        },
        {
            "codigo": "BbrllYrXqw",
            "total": 2,
            "valor_unitario": 851535,
            "descuento": 0.26,
            "IVA": 0
        },
        {
            "codigo": "hfZxvRgyFj",
            "total": 7,
            "valor_unitario": 360323,
            "descuento": 0.46,
            "IVA": 5
        },
        {
            "codigo": "OMrjHwicpi",
            "total": 16,
            "valor_unitario": 692108,
            "descuento": 0.24,
            "IVA": 19
        },
        {
            "codigo": "D3lCMXdtVy",
            "total": 16,
            "valor_unitario": 589624,
            "descuento": 0.34,
            "IVA": 5
        },
        {
            "codigo": "edoE7rz508",
            "total": 13,
            "valor_unitario": 449778,
            "descuento": 0.17,
            "IVA": 0
        }
    ]
}