{
    "empresa_nit": "123456789",
    "empresa_ciudad": "BOGOTA",
    "empresa_sede": "centro",
    "empresa_nombre": "MicroMercado El Mio",
    "fecha_hora": "2023-01-06 04:14:03",
    "factura_num": "01146",
    "ciente_numero": 480923114,
    "pago_tipo": "TAR.DEBITO",
    "productos": [
        {
            "codigo": "gjYewt1U6q",
            "total": 1,
            "valor_unitario": 674357,
            "descuento": 0.37,
            "IVA": 5
        },
        {
            "codigo": "izEYXtfpUJ",
            "total": 1,
            "valor_unitario": 519001,
            "descuento": 0.03,
            "IVA": 5
        },
        {
            "codigo": "laichvZavS",
            "total": 4,
            "valor_unitario": 385552,
            "descuento": 0.08,
            "IVA": 5
        },
        {
            "codigo": "vijhA3sVMr",
            "total": 3,
            "valor_unitario": 212925,
            "descuento": 0.46,
            "IVA": 5
        },
        {
            "codigo": "DzgIUmjupg",
            "total": 11,
            "valor_unitario": 895239,
            "descuento": 0.35,
            "IVA": 19
        },
        {
            "codigo": "adxRDv5pre",
            "total": 12,
            "valor_unitario": 341220,
            "descuento": 0.1,
            "IVA": 5
        },
        {
            "codigo": "WD4lBxegJb",
            "total": 18,
            "valor_unitario": 849164,
            "descuento": 0.08,
            "IVA": 5
        },
        {
            "codigo": "JmmM94usyf",
            "total": 8,
            "valor_unitario": 693461,
            "descuento": 0.49,
            "IVA": 19
        }
    ]
}