{
    "empresa_nit": "123456789",
    "empresa_ciudad": "CALI",
    "empresa_sede": "terminal",
    "empresa_nombre": "MicroMercado El Mio",
    "fecha_hora": "2021-10-13 22:57:08",
    "factura_num": "00137",
    "ciente_numero": 854503309,
    "pago_tipo": "TAR.CREDITO",
    "productos": [
        {
            "codigo": "2GLxVTgQ2z",
            "total": 4,
            "valor_unitario": 17113,
            "descuento": 0.23,
            "IVA": 5
        },
        {
            "codigo": "ftKkJSMgja",
            "total": 17,
            "valor_unitario": 146705,
            "descuento": 0.03,
            "IVA": 0
        }
    ]
}