{
    "empresa_nit": "123456789",
    "empresa_ciudad": "MEDELLIN",
    "empresa_sede": "terminal",
    "empresa_nombre": "MicroMercado El Mio",
    "fecha_hora": "2024-09-22 12:59:47",
    "factura_num": "01096",
    "ciente_numero": 324002546,
    "pago_tipo": "EFECTIVO",
    "productos": [
        {
            "codigo": "Ls78kSmB57",
            "total": 11,
            "valor_unitario": 135225,
            "descuento": 0.36,
            "IVA": 5
        },
        {
            "codigo": "VPOKEVC0TE",
            "total": 2,
            "valor_unitario": 999867,
            "descuento": 0.01,
            "IVA": 5
        },
        {
            "codigo": "kzv0OqsO6V",
            "total": 3,
            "valor_unitario": 58266,
            "descuento": 0.39,
            "IVA": 19
        },
        {
            "codigo": "yCe99EGCgT",
            "total": 19,
            "valor_unitario": 823155,
            "descuento": 0.06,
            "IVA": 0
        },
        {
            "codigo": "tjdrGCmYgv",
            "total": 6,
            "valor_unitario": 612850,
            "descuento": 0.39,
            "IVA": 0
        },
        {
            "codigo": "6eU0kKRf91",
            "total": 17,
            "valor_unitario": 505221,
            "descuento": 0.15,
            "IVA": 0
        }
    ]
}