{
    "empresa_nit": "123456789",
    "empresa_ciudad": "BOGOTA",
    "empresa_sede": "autopista",
    "empresa_nombre": "MicroMercado El Mio",
    "fecha_hora": "2020-05-29 16:38:21",
    "factura_num": "01263",
    "ciente_numero": 788214334,
    "pago_tipo": "TRANFERENCIA",
    "productos": [
        {
            "codigo": "BgsI7VoM1z",
            "total": 12,
            "valor_unitario": 5116,
            "descuento": 0.47,
            "IVA": 19
        },
        {
            "codigo": "tfKKXvaUjs",
            "total": 6,
            "valor_unitario": 3245,
            "descuento": 0.1,
            "IVA": 5
        },
        {
            "codigo": "vEbj4SEmhm",
            "total": 17,
            "valor_unitario": 274122,
            "descuento": 0.33,
            "IVA": 5
        },
        {
            "codigo": "4vPNk7Rkd1",
            "total": 2,
            "valor_unitario": 282448,
            "descuento": 0.17,
            "IVA": 5
        }
    ]
}