{
    "empresa_nit": "123456789",
    "empresa_ciudad": "BOGOTA",
    "empresa_sede": "aeropuerto",
    "empresa_nombre": "MicroMercado El Mio",
    "fecha_hora": "2020-11-15 09:35:26",
    "factura_num": "00141",
    "ciente_numero": 35575945,
    "pago_tipo": "EFECTIVO",
    "productos": [
        {
            "codigo": "9K6julEe9B",
            "total": 14,
            "valor_unitario": 779115,
            "descuento": 0.39,
            "IVA": 0
        },
        {
            "codigo": "KDn6jCfF46",
            "total": 15,
            "valor_unitario": 830098,
            "descuento": 0.22,
            "IVA": 19
        },
        {
            "codigo": "vZOmB1SgiL",
            "total": 11,
            "valor_unitario": 281283,
            "descuento": 0.23,
            "IVA": 0
        },
        {
            "codigo": "h1eotRmWH8",
            "total": 16,
            "valor_unitario": 68818,
            "descuento": 0.34,
            "IVA": 0
        },
        {
            "codigo": "k4fCztQA5H",
            "total": 3,
            "valor_unitario": 955416,
            "descuento": 0.39,
            "IVA": 5
        },
        {
            "codigo": "8jLih8gwtp",
            "total": 4,
            "valor_unitario": 79475,
            "descuento": 0.02,
            "IVA": 0
        },
        {
            "codigo": "G8gIqG0kwH",
            "total": 19,
            "valor_unitario": 931288,
            "descuento": 0.45,
            "IVA": 19
        },
        {
            "codigo": "Ca9N3J37Rj",
            "total": 17,
            "valor_unitario": 248343,
            "descuento": 0.35,
            "IVA": 0
        },
        {
            "codigo": "4dhXbjUkfP",
            "total": 6,
            "valor_unitario": 62553,
            "descuento": 0.49,
            "IVA": 5
        },
        {
            "codigo": "6jDOypFY6x",
            "total": 3,
            "valor_unitario": 512866,
            "descuento": 0.09,
            "IVA": 19
        },
        {
            "codigo": "D8uHKJ9rUx",
            "total": 16,
            "valor_unitario": 932686,
            "descuento": 0.39,
            "IVA": 5
        },
        {
            "codigo": "pBKRBF5BSw",
            "total": 4,
            "valor_unitario": 408236,
            "descuento": 0.01,
            "IVA": 19
        },
        {
            "codigo": "0R9c7PQBfQ",
            "total": 19,
            "valor_unitario": 69129,
            "descuento": 0.32,
            "IVA": 5
        }
    ]
}