{
    "empresa_nit": "123456789",
    "empresa_ciudad": "MEDELLIN",
    "empresa_sede": "centro",
    "empresa_nombre": "MicroMercado El Mio",
    "fecha_hora": "2020-03-16 18:19:47",
    "factura_num": "01114",
    "ciente_numero": 298112030,
    "pago_tipo": "EFECTIVO",
    "productos": [
        {
            "codigo": "q4ZB2bt4jK",
            "total": 12,
            "valor_unitario": 469840,
            "descuento": 0.34,
            "IVA": 5
        },
        {
            "codigo": "8vaiBIsg7i",
            "total": 14,
            "valor_unitario": 774599,
            "descuento": 0.26,
            "IVA": 0
        },
        {
            "codigo": "TR1lqWrAva",
            "total": 1,
            "valor_unitario": 42674,
            "descuento": 0.28,
            "IVA": 5
        },
        {
            "codigo": "3r0lHzWUun",
            "total": 8,
            "valor_unitario": 813156,
            "descuento": 0.13,
            "IVA": 19
        },
        {
            "codigo": "k1tzscW6Af",
            "total": 6,
            "valor_unitario": 820650,
            "descuento": 0.44,
            "IVA": 0
        },
        {
            "codigo": "9oT40nKwxJ",
            "total": 16,
            "valor_unitario": 148334,
            "descuento": 0.49,
            "IVA": 19
        },
        {
            "codigo": "vrwPfkF3eh",
            "total": 6,
            "valor_unitario": 515065,
            "descuento": 0.12,
            "IVA": 0
        },
        {
            "codigo": "6qzeZeFN6t",
            "total": 5,
            "valor_unitario": 674805,
            "descuento": 0.48,
            "IVA": 0
        },
        {
            "codigo": "mQX3faKFof",
            "total": 3,
            "valor_unitario": 711040,
            "descuento": 0.0,
            "IVA": 0
        },
        {
            "codigo": "nlgbSDchgq",
            "total": 11,
            "valor_unitario": 923305,
            "descuento": 0.28,
            "IVA": 5
        },
        {
            "codigo": "AkqUzLumxk",
            "total": 10,
            "valor_unitario": 558987,
            "descuento": 0.19,
            "IVA": 5
        },
        {
            "codigo": "1SUnwp9X1I",
            "total": 15,
            "valor_unitario": 3917,
            "descuento": 0.12,
            "IVA": 0
        },
        {
            "codigo": "Y4kwuEsqPB",
            "total": 14,
            "valor_unitario": 709057,
            "descuento": 0.43,
            "IVA": 0
        },
        {
            "codigo": "SEl5o7hCIH",
            "total": 10,
            "valor_unitario": 23869,
            "descuento": 0.17,
            "IVA": 5
        },
        {
            "codigo": "vGDJoOYCB5",
            "total": 2,
            "valor_unitario": 53114,
            "descuento": 0.07,
            "IVA": 19
        },
        {
            "codigo": "lJvgkNv5JY",
            "total": 20,
            "valor_unitario": 46647,
            "descuento": 0.12,
            "IVA": 19
        },
        {
            "codigo": "AQIPQ01DUc",
            "total": 7,
            "valor_unitario": 776841,
            "descuento": 0.5,
            "IVA": 5
        },
        {
            "codigo": "Ax8d2YOGML",
            "total": 8,
            "valor_unitario": 198031,
            "descuento": 0.31,
            "IVA": 0
        },
        {
            "codigo": "ljxZ1apKeB",
            "total": 20,
            "valor_unitario": 423770,
            "descuento": 0.12,
            "IVA": 0
        }
    ]
}