{
    "empresa_nit": "123456789",
    "empresa_ciudad": "TUNJA",
    "empresa_sede": "plaza",
    "empresa_nombre": "MicroMercado El Mio",
    "fecha_hora": "2020-11-16 01:36:11",
    "factura_num": "01367",
    "ciente_numero": 945421675,
    "pago_tipo": "EFECTIVO",
    "productos": [
        {
            "codigo": "h91NIQCeE0",
            "total": 19,
            "valor_unitario": 74520,
            "descuento": 0.03,
            "IVA": 0
        },
        {
            "codigo": "B4nwqiLiEu",
            "total": 11,
            "valor_unitario": 551266,
            "descuento": 0.1,
            "IVA": 19
        },
        {
            "codigo": "EUFKT3x6vO",
            "total": 18,
            "valor_unitario": 932117,
            "descuento": 0.17,
            "IVA": 5
        },
        {
            "codigo": "PDM0X0IQUe",
            "total": 1,
            "valor_unitario": 86528,
            "descuento": 0.29,
            "IVA": 5
        },
        {
            "codigo": "nGR2iv4xpx",
            "total": 12,
            "valor_unitario": 39261,
            "descuento": 0.44,
            "IVA": 5
        },
        {
            "codigo": "Ud9lJ5sXJn",
            "total": 18,
            "valor_unitario": 981351,
            "descuento": 0.05,
            "IVA": 5
        },
        {
            "codigo": "4pKelA9tq2",
            "total": 13,
            "valor_unitario": 48174,
            "descuento": 0.41,
            "IVA": 5
        },
        {
            "codigo": "uGWgwofvNz",
            "total": 3,
            "valor_unitario": 97898,
            "descuento": 0.24,
            "IVA": 19
        },
        {
            "codigo": "xcJHJzncpS",
            "total": 7,
            "valor_unitario": 996293,
            "descuento": 0.4,
            "IVA": 0
        },
        {
            "codigo": "lzJh33Tyg3",
            "total": 13,
            "valor_unitario": 885518,
            "descuento": 0.45,
            "IVA": 0
        },
        {
            "codigo": "cQ0rMzE1Dw",
            "total": 8,
            "valor_unitario": 655735,
            "descuento": 0.32,
            "IVA": 0
        },
        {
            "codigo": "hxcEGgM2qT",
            "total": 13,
            "valor_unitario": 149369,
            "descuento": 0.34,
            "IVA": 0
        },
        {
            "codigo": "prH2Fjh202",
            "total": 7,
            "valor_unitario": 43835,
            "descuento": 0.13,
            "IVA": 0
        }
    ]
}