{
    "empresa_nit": "123456789",
    "empresa_ciudad": "BARRANQUILLA",
    "empresa_sede": "aeropuerto",
    "empresa_nombre": "MicroMercado El Mio",
    "fecha_hora": "2025-01-28 21:28:06",
    "factura_num": "00104",
    "ciente_numero": 42561883,
    "pago_tipo": "EFECTIVO",
    "productos": [
        {
            "codigo": "okm1eSTAmS",
            "total": 3,
            "valor_unitario": 920720,
            "descuento": 0.13,
            "IVA": 0
        },
        {
            "codigo": "aP3JR6syLL",
            "total": 9,
            "valor_unitario": 346107,
            "descuento": 0.1,
            "IVA": 0
        }
    ]
}