{
    "empresa_nit": "123456789",
    "empresa_ciudad": "BOGOTA",
    "empresa_sede": "plaza",
    "empresa_nombre": "MicroMercado El Mio",
    "fecha_hora": "2022-04-29 08:05:11",
    "factura_num": "01341",
    "ciente_numero": 787947925,
    "pago_tipo": "TAR.CREDITO",
    "productos": [
        {
            "codigo": "yrOgmJfb9Y",
            "total": 2,
            "valor_unitario": 597703,
            "descuento": 0.16,
            "IVA": 5
        },
        {
            "codigo": "dBnIKSncaG",
            "total": 18,
            "valor_unitario": 284903,
            "descuento": 0.14,
            "IVA": 0
        },
        {
            "codigo": "3UYM5fGkPd",
            "total": 1,
            "valor_unitario": 555206,
            "descuento": 0.21,
            "IVA": 19
        },
        {
            "codigo": "oHpPKFsF7H",
            "total": 16,
            "valor_unitario": 61712,
            "descuento": 0.18,
            "IVA": 5
        },
        {
            "codigo": "PDvY7FMfDP",
            "total": 17,
            "valor_unitario": 525429,
            "descuento": 0.39,
            "IVA": 0
        },
        {
            "codigo": "2oqd88Uu7p",
            "total": 3,
            "valor_unitario": 279918,
            "descuento": 0.3,
            "IVA": 5
        },
        {
            "codigo": "H5JKNjKbMv",
            "total": 14,
            "valor_unitario": 811683,
            "descuento": 0.09,
            "IVA": 5
        },
        {
            "codigo": "rnXhbP2Aw4",
            "total": 16,
            "valor_unitario": 40538,
            "descuento": 0.28,
            "IVA": 5
        },
        {
            "codigo": "yVvLdHuZnm",
            "total": 4,
            "valor_unitario": 13869,
            "descuento": 0.4,
            "IVA": 19
        },
        {
            "codigo": "eZZcaheyEM",
            "total": 17,
            "valor_unitario": 65552,
            "descuento": 0.22,
            "IVA": 0
        },
        {
            "codigo": "vPejBPp24b",
            "total": 3,
            "valor_unitario": 453394,
            "descuento": 0.45,
            "IVA": 5
        },
        {
            "codigo": "yvvgGvJStN",
            "total": 1,
            "valor_unitario": 313791,
            "descuento": 0.37,
            "IVA": 0
        },
        {
            "codigo": "aZhSGnK0ac",
            "total": 6,
            "valor_unitario": 998862,
            "descuento": 0.24,
            "IVA": 19
        },
        {
            "codigo": "Pxd4XgSHDG",
            "total": 13,
            "valor_unitario": 904928,
            "descuento": 0.13,
            "IVA": 0
        },
        {
            "codigo": "U073LtTaci",
            "total": 10,
            "valor_unitario": 547782,
            "descuento": 0.24,
            "IVA": 0
        },
        {
            "codigo": "NxJwwpWwqm",
            "total": 12,
            "valor_unitario": 734596,
            "descuento": 0.49,
            "IVA": 5
        }
    ]
}