{
    "empresa_nit": "123456789",
    "empresa_ciudad": "BOGOTA",
    "empresa_sede": "terminal",
    "empresa_nombre": "MicroMercado El Mio",
    "fecha_hora": "2024-09-19 10:24:19",
    "factura_num": "01298",
    "ciente_numero": 42103883,
    "pago_tipo": "TAR.DEBITO",
    "productos": [
        {
            "codigo": "vS1QE7R26m",
            "total": 9,
            "valor_unitario": 32932,
            "descuento": 0.43,
            "IVA": 19
        },
        {
            "codigo": "WyUp6h0Rms",
            "total": 8,
            "valor_unitario": 473919,
            "descuento": 0.48,
            "IVA": 5
        },
        {
            "codigo": "1bPVRnxzMP",
            "total": 15,
            "valor_unitario": 852961,
            "descuento": 0.08,
            "IVA": 5
        },
        {
            "codigo": "ZEMVNkK0VG",
            "total": 13,
            "valor_unitario": 672226,
            "descuento": 0.21,
            "IVA": 5
        },
        {
            "codigo": "o3hGvBvEKp",
            "total": 13,
            "valor_unitario": 356569,
            "descuento": 0.18,
            "IVA": 5
        },
        {
            "codigo": "OfcR8htCLD",
            "total": 19,
            "valor_unitario": 776969,
            "descuento": 0.03,
            "IVA": 19
        },
        {
            "codigo": "gPilsDbg73",
            "total": 2,
            "valor_unitario": 356182,
            "descuento": 0.13,
            "IVA": 5
        },
        {
            "codigo": "8HG5EwiXYX",
            "total": 10,
            "valor_unitario": 478659,
            "descuento": 0.39,
            "IVA": 19
        },
        {
            "codigo": "fVeiqElHzo",
            "total": 5,
            "valor_unitario": 529186,
            "descuento": 0.33,
            "IVA": 5
        },
        {
            "codigo": "ig2SnEQRg8",
            "total": 10,
            "valor_unitario": 623501,
            "descuento": 0.25,
            "IVA": 19
        },
        {
            "codigo": "oPt7inBjfE",
            "total": 5,
            "valor_unitario": 311771,
            "descuento": 0.38,
            "IVA": 0
        },
        {
            "codigo": "MXipOk1a4E",
            "total": 10,
            "valor_unitario": 561381,
            "descuento": 0.09,
            "IVA": 19
        },
        {
            "codigo": "iRPznlRe96",
            "total": 9,
            "valor_unitario": 472510,
            "descuento": 0.0,
            "IVA": 5
        },
        {
            "codigo": "LgxkSlaPUm",
            "total": 11,
            "valor_unitario": 729566,
            "descuento": 0.27,
            "IVA": 19
        },
        {
            "codigo": "H8jm2LTIJ2",
            "total": 5,
            "valor_unitario": 832833,
            "descuento": 0.27,
            "IVA": 19
        },
        {
            "codigo": "6erK9HBfup",
            "total": 2,
            "valor_unitario": 229930,
            "descuento": 0.19,
            "IVA": 19
        },
        {
            "codigo": "m0P06GvWFv",
            "total": 1,
            "valor_unitario": 993701,
            "descuento": 0.37,
            "IVA": 5
        }
    ]
}