{
    "empresa_nit": "123456789",
    "empresa_ciudad": "BOGOTA",
    "empresa_sede": "alcaldia",
    "empresa_nombre": "MicroMercado El Mio",
    "fecha_hora": "2021-02-23 22:49:08",
    "factura_num": "01364",
    "ciente_numero": 817608750,
    "pago_tipo": "EFECTIVO",
    "productos": [
        {
            "codigo": "lWsjMYjDR3",
            "total": 17,
            "valor_unitario": 657865,
            "descuento": 0.23,
            "IVA": 0
        },
        {
            "codigo": "JzuqKQR7Ir",
            "total": 10,
            "valor_unitario": 884989,
            "descuento": 0.16,
            "IVA": 5
        },
        {
            "codigo": "JeTon9Owaj",
            "total": 1,
            "valor_unitario": 805692,
            "descuento": 0.39,
            "IVA": 0
        },
        {
            "codigo": "RDLZtaSWU2",
            "total": 16,
            "valor_unitario": 119301,
            "descuento": 0.15,
            "IVA": 5
        }
    ]
}