{
    "empresa_nit": "123456789",
    "empresa_ciudad": "BARRANQUILLA",
    "empresa_sede": "centro",
    "empresa_nombre": "MicroMercado El Mio",
    "fecha_hora": "2020-06-28 12:14:55",
    "factura_num": "01072",
    "ciente_numero": 229237170,
    "pago_tipo": "TAR.DEBITO",
    "productos": [
        {
            "codigo": "LE4LVA6SnO",
            "total": 10,
            "valor_unitario": 111003,
            "descuento": 0.22,
            "IVA": 19
        },
        {
            "codigo": "ra483usJLg",
            "total": 13,
            "valor_unitario": 913049,
            "descuento": 0.18,
            "IVA": 5
        },
        {
            "codigo": "LZlaulrMqI",
            "total": 1,
            "valor_unitario": 263059,
            "descuento": 0.18,
            "IVA": 19
        },
        {
            "codigo": "zxnheVq2iM",
            "total": 17,
            "valor_unitario": 258344,
            "descuento": 0.05,
            "IVA": 19
        },
        {
            "codigo": "8VHJnL1Klv",
            "total": 8,
            "valor_unitario": 370671,
            "descuento": 0.45,
            "IVA": 5
        },
        {
            "codigo": "lkAKJqgGpW",
            "total": 14,
            "valor_unitario": 521702,
            "descuento": 0.39,
            "IVA": 5
        },
        {
            "codigo": "kHOWiPOO8q",
            "total": 5,
            "valor_unitario": 794899,
            "descuento": 0.03,
            "IVA": 0
        },
        {
            "codigo": "wXCaWW1eQn",
            "total": 10,
            "valor_unitario": 207404,
            "descuento": 0.31,
            "IVA": 5
        },
        {
            "codigo": "6G8y761XMY",
            "total": 17,
            "valor_unitario": 108909,
            "descuento": 0.48,
            "IVA": 5
        },
        {
            "codigo": "ejKseccxBD",
            "total": 15,
            "valor_unitario": 54864,
            "descuento": 0.08,
            "IVA": 0
        },
        {
            "codigo": "S9svXzwGyb",
            "total": 20,
            "valor_unitario": 878419,
            "descuento": 0.4,
            "IVA": 5
        },
        {
            "codigo": "75CUrIdRSD",
            "total": 19,
            "valor_unitario": 387298,
            "descuento": 0.43,
            "IVA": 0
        },
        {
            "codigo": "ab1nEkp21k",
            "total": 14,
            "valor_unitario": 774250,
            "descuento": 0.35,
            "IVA": 5
        },
        {
            "codigo": "o3sOUqhgDo",
            "total": 13,
            "valor_unitario": 479721,
            "descuento": 0.21,
            "IVA": 5
        },
        {
            "codigo": "5uhHg2SxnP",
            "total": 3,
            "valor_unitario": 753530,
            "descuento": 0.26,
            "IVA": 0
        },
        {
            "codigo": "PYSNnca1Lm",
            "total": 1,
            "valor_unitario": 154432,
            "descuento": 0.3,
            "IVA": 19
        },
        {
            "codigo": "3uoyFJUChI",
            "total": 2,
            "valor_unitario": 737207,
            "descuento": 0.29,
            "IVA": 5
        }
    ]
}