{
    "empresa_nit": "123456789",
    "empresa_ciudad": "TUNJA",
    "empresa_sede": "plaza",
    "empresa_nombre": "MicroMercado El Mio",
    "fecha_hora": "2024-01-28 02:38:11",
    "factura_num": "01168",
    "ciente_numero": 536639336,
    "pago_tipo": "TAR.CREDITO",
    "productos": [
        {
            "codigo": "1MYdZZuhCQ",
            "total": 15,
            "valor_unitario": 778206,
            "descuento": 0.09,
            "IVA": 19
        },
        {
            "codigo": "gqqzNKbw6i",
            "total": 1,
            "valor_unitario": 750838,
            "descuento": 0.16,
            "IVA": 5
        },
        {
            "codigo": "7LDqQ43RYv",
            "total": 10,
            "valor_unitario": 606307,
            "descuento": 0.4,
            "IVA": 19
        },
        {
            "codigo": "29SYz6G6Vo",
            "total": 7,
            "valor_unitario": 143103,
            "descuento": 0.14,
            "IVA": 19
        },
        {
            "codigo": "IYY3eX7F90",
            "total": 19,
            "valor_unitario": 992473,
            "descuento": 0.2,
            "IVA": 0
        },
        {
            "codigo": "3oyoq78gRd",
            "total": 4,
            "valor_unitario": 589633,
            "descuento": 0.12,
            "IVA": 0
        },
        {
            "codigo": "P0Eh7WZFYV",
            "total": 1,
            "valor_unitario": 883094,
            "descuento": 0.08,
            "IVA": 19
        },
        {
            "codigo": "ArWu2DCJfe",
            "total": 3,
            "valor_unitario": 323247,
            "descuento": 0.43,
            "IVA": 0
        },
        {
            "codigo": "uG62qrCVys",
            "total": 3,
            "valor_unitario": 605233,
            "descuento": 0.39,
            "IVA": 0
        },
        {
            "codigo": "fAlJvx7lo0",
            "total": 13,
            "valor_unitario": 155229,
            "descuento": 0.4,
            "IVA": 5
        },
        {
            "codigo": "H2RWHIdTUP",
            "total": 7,
            "valor_unitario": 832762,
            "descuento": 0.08,
            "IVA": 0
        },
        {
            "codigo": "hlIWhPtThu",
            "total": 19,
            "valor_unitario": 681129,
            "descuento": 0.35,
            "IVA": 19
        },
        {
            "codigo": "sRTFa3xmC2",
            "total": 20,
            "valor_unitario": 913355,
            "descuento": 0.19,
            "IVA": 5
        },
        {
            "codigo": "puuib5yqrM",
            "total": 9,
            "valor_unitario": 168084,
            "descuento": 0.09,
            "IVA": 0
        },
        {
            "codigo": "HS5HhPxvxK",
            "total": 19,
            "valor_unitario": 159768,
            "descuento": 0.01,
            "IVA": 5
        }
    ]
}