{
    "empresa_nit": "123456789",
    "empresa_ciudad": "BOGOTA",
    "empresa_sede": "autopista",
    "empresa_nombre": "MicroMercado El Mio",
    "fecha_hora": "2024-12-15 22:57:41",
    "factura_num": "01185",
    "ciente_numero": 837789958,
    "pago_tipo": "TAR.DEBITO",
    "productos": [
        {
            "codigo": "zswW2MJFlF",
            "total": 8,
            "valor_unitario": 300911,
            "descuento": 0.48,
            "IVA": 5
        },
        {
            "codigo": "Wec0iYzQW8",
            "total": 16,
            "valor_unitario": 335275,
            "descuento": 0.08,
            "IVA": 5
        },
        {
            "codigo": "9csPMUr8kM",
            "total": 19,
            "valor_unitario": 258606,
            "descuento": 0.06,
            "IVA": 5
        },
        {
            "codigo": "qgh8IrpE9K",
            "total": 1,
            "valor_unitario": 798189,
            "descuento": 0.14,
            "IVA": 5
        },
        {
            "codigo": "GyVWL17uYU",
            "total": 11,
            "valor_unitario": 805736,
            "descuento": 0.17,
            "IVA": 5
        },
        {
            "codigo": "g9mwV2R0cL",
            "total": 20,
            "valor_unitario": 112726,
            "descuento": 0.01,
            "IVA": 5
        },
        {
            "codigo": "aImh1EdNwF",
            "total": 6,
            "valor_unitario": 582180,
            "descuento": 0.05,
            "IVA": 0
        },
        {
            "codigo": "0iL7kIjDMu",
            "total": 18,
            "valor_unitario": 582175,
            "descuento": 0.11,
            "IVA": 0
        },
        {
            "codigo": "SlUrrSzdye",
            "total": 2,
            "valor_unitario": 304986,
            "descuento": 0.35,
            "IVA": 5
        },
        {
            "codigo": "zcO4SYx9oy",
            "total": 9,
            "valor_unitario": 879309,
            "descuento": 0.43,
            "IVA": 19
        },
        {
            "codigo": "CrM85pLQOI",
            "total": 14,
            "valor_unitario": 905295,
            "descuento": 0.39,
            "IVA": 0
        },
        {
            "codigo": "4rIfz4Vbv2",
            "total": 19,
            "valor_unitario": 602008,
            "descuento": 0.2,
            "IVA": 0
        },
        {
            "codigo": "XTFoJuM10w",
            "total": 3,
            "valor_unitario": 184540,
            "descuento": 0.45,
            "IVA": 19
        },
        {
            "codigo": "v4ODWUuEQb",
            "total": 20,
            "valor_unitario": 187635,
            "descuento": 0.16,
            "IVA": 0
        }
    ]
}