{
    "empresa_nit": "123456789",
    "empresa_ciudad": "BARRANQUILLA",
    "empresa_sede": "alcaldia",
    "empresa_nombre": "MicroMercado El Mio",
    "fecha_hora": "2021-08-11 10:58:19",
    "factura_num": "00111",
    "ciente_numero": 356692108,
    "pago_tipo": "TAR.DEBITO",
    "productos": [
        {
            "codigo": "9e4684RZ5b",
            "total": 11,
            "valor_unitario": 560834,
            "descuento": 0.13,
            "IVA": 5
        },
        {
            "codigo": "0IWrA5GCef",
            "total": 13,
            "valor_unitario": 566137,
            "descuento": 0.02,
            "IVA": 19
        },
        {
            "codigo": "Iarsti5lo3",
            "total": 11,
            "valor_unitario": 903935,
            "descuento": 0.33,
            "IVA": 5
        },
        {
            "codigo": "D2inIuOU49",
            "total": 18,
            "valor_unitario": 860259,
            "descuento": 0.4,
            "IVA": 0
        },
        {
            "codigo": "w6p2k2XfrG",
            "total": 14,
            "valor_unitario": 733888,
            "descuento": 0.29,
            "IVA": 5
        },
        {
            "codigo": "knrKc0M1w0",
            "total": 6,
            "valor_unitario": 269312,
            "descuento": 0.37,
            "IVA": 19
        },
        {
            "codigo": "BSIKrU7lNB",
            "total": 5,
            "valor_unitario": 122162,
            "descuento": 0.02,
            "IVA": 19
        },
        {
            "codigo": "XWnBK5g66T",
            "total": 20,
            "valor_unitario": 32548,
            "descuento": 0.06,
            "IVA": 0
        },
        {
            "codigo": "psXA4pC4Gw",
            "total": 7,
            "valor_unitario": 576419,
            "descuento": 0.02,
            "IVA": 5
        },
        {
            "codigo": "Ip21TBXtsS",
            "total": 2,
            "valor_unitario": 455205,
            "descuento": 0.26,
            "IVA": 0
        },
        {
            "codigo": "HQtram7U4u",
            "total": 20,
            "valor_unitario": 128430,
            "descuento": 0.18,
            "IVA": 0
        },
        {
            "codigo": "5RGVMo2RCJ",
            "total": 20,
            "valor_unitario": 522307,
            "descuento": 0.1,
            "IVA": 0
        },
        {
            "codigo": "ZtqkqWIxd1",
            "total": 3,
            "valor_unitario": 860671,
            "descuento": 0.26,
            "IVA": 19
        },
        {
            "codigo": "m4vKSs4cti",
            "total": 19,
            "valor_unitario": 310678,
            "descuento": 0.33,
            "IVA": 0
        },
        {
            "codigo": "4EOGvqgirJ",
            "total": 12,
            "valor_unitario": 174225,
            "descuento": 0.22,
            "IVA": 0
        },
        {
            "codigo": "Ge9uXwKcOl",
            "total": 13,
            "valor_unitario": 894282,
            "descuento": 0.02,
            "IVA": 0
        }
    ]
}