{
    "empresa_nit": "123456789",
    "empresa_ciudad": "CALI",
    "empresa_sede": "terminal",
    "empresa_nombre": "MicroMercado El Mio",
    "fecha_hora": "2024-07-23 12:12:41",
    "factura_num": "01441",
    "ciente_numero": 93969427,
    "pago_tipo": "EFECTIVO",
    "productos": [
        {
            "codigo": "Ta5uk2IQNI",
            "total": 2,
            "valor_unitario": 957245,
            "descuento": 0.32,
            "IVA": 5
        },
        {
            "codigo": "B4IKeyuS4w",
            "total": 11,
            "valor_unitario": 981234,
            "descuento": 0.39,
            "IVA": 0
        },
        {
            "codigo": "0ObBVovAqh",
            "total": 2,
            "valor_unitario": 8639,
            "descuento": 0.15,
            "IVA": 19
        },
        {
            "codigo": "sQUbK6fVdr",
            "total": 1,
            "valor_unitario": 522329,
            "descuento": 0.49,
            "IVA": 19
        },
        {
            "codigo": "ejnbpnLyiM",
            "total": 6,
            "valor_unitario": 756640,
            "descuento": 0.44,
            "IVA": 19
        }
    ]
}