{
    "empresa_nit": "123456789",
    "empresa_ciudad": "CALI",
    "empresa_sede": "alcaldia",
    "empresa_nombre": "MicroMercado El Mio",
    "fecha_hora": "2023-01-04 16:04:47",
    "factura_num": "01272",
    "ciente_numero": 698608844,
    "pago_tipo": "TRANFERENCIA",
    "productos": [
        {
            "codigo": "BmqosdxNK7",
            "total": 16,
            "valor_unitario": 678312,
            "descuento": 0.3,
            "IVA": 0
        },
        {
            "codigo": "JhmcNhzzDQ",
            "total": 7,
            "valor_unitario": 157195,
            "descuento": 0.42,
            "IVA": 0
        },
        {
            "codigo": "GiWE0qGKOh",
            "total": 13,
            "valor_unitario": 309477,
            "descuento": 0.31,
            "IVA": 5
        },
        {
            "codigo": "cYVnpkpoE7",
            "total": 13,
            "valor_unitario": 24369,
            "descuento": 0.06,
            "IVA": 0
        },
        {
            "codigo": "S0CpSmLw4b",
            "total": 15,
            "valor_unitario": 81799,
            "descuento": 0.05,
            "IVA": 0
        },
        {
            "codigo": "rrVYFVfTu5",
            "total": 16,
            "valor_unitario": 821505,
            "descuento": 0.03,
            "IVA": 0
        },
        {
            "codigo": "gsORDZC3EH",
            "total": 17,
            "valor_unitario": 491414,
            "descuento": 0.49,
            "IVA": 19
        },
        {
            "codigo": "gM8FL3hcN1",
            "total": 2,
            "valor_unitario": 609563,
            "descuento": 0.35,
            "IVA": 0
        },
        {
            "codigo": "mHCX0d7cYj",
            "total": 4,
            "valor_unitario": 655187,
            "descuento": 0.0,
            "IVA": 19
        },
        {
            "codigo": "pEv3fJVJKF",
            "total": 13,
            "valor_unitario": 64354,
            "descuento": 0.3,
            "IVA": 19
        },
        {
            "codigo": "E7H2SAOm1u",
            "total": 15,
            "valor_unitario": 775050,
            "descuento": 0.39,
            "IVA": 5
        },
        {
            "codigo": "urzr7ThLg1",
            "total": 17,
            "valor_unitario": 101061,
            "descuento": 0.01,
            "IVA": 19
        }
    ]
}