{
    "empresa_nit": "123456789",
    "empresa_ciudad": "MEDELLIN",
    "empresa_sede": "autopista",
    "empresa_nombre": "MicroMercado El Mio",
    "fecha_hora": "2023-07-01 10:33:28",
    "factura_num": "01297",
    "ciente_numero": 14964208,
    "pago_tipo": "TRANFERENCIA",
    "productos": [
        {
            "codigo": "2Ftck7cEh8",
            "total": 17,
            "valor_unitario": 938167,
            "descuento": 0.35,
            "IVA": 19
        },
        {
            "codigo": "02IZWDH8gK",
            "total": 11,
            "valor_unitario": 228108,
            "descuento": 0.44,
            "IVA": 19
        },
        {
            "codigo": "Gipq3DYSto",
            "total": 13,
            "valor_unitario": 93271,
            "descuento": 0.32,
            "IVA": 19
        },
        {
            "codigo": "FMfBuBnsBU",
            "total": 12,
            "valor_unitario": 752671,
            "descuento": 0.31,
            "IVA": 5
        },
        {
            "codigo": "2Pa3E0cc7a",
            "total": 9,
            "valor_unitario": 207416,
            "descuento": 0.03,
            "IVA": 19
        },
        {
            "codigo": "gXv8NJNSSv",
            "total": 17,
            "valor_unitario": 36974,
            "descuento": 0.36,
            "IVA": 0
        }
    ]
}