{
    "empresa_nit": "123456789",
    "empresa_ciudad": "TUNJA",
    "empresa_sede": "centro",
    "empresa_nombre": "MicroMercado El Mio",
    "fecha_hora": "2020-07-19 09:12:13",
    "factura_num": "01023",
    "ciente_numero": 943240991,
    "pago_tipo": "EFECTIVO",
    "productos": [
        {
            "codigo": "iMYv2Vhca4",
            "total": 2,
            "valor_unitario": 157094,
            "descuento": 0.28,
            "IVA": 0
        },
        {
            "codigo": "1Al17SvDvl",
            "total": 17,
            "valor_unitario": 647329,
            "descuento": 0.23,
            "IVA": 19
        },
        {
            "codigo": "21cqHgSKJI",
            "total": 15,
            "valor_unitario": 672661,
            "descuento": 0.06,
            "IVA": 5
        },
        {
            "codigo": "l13GhVsFN1",
            "total": 19,
            "valor_unitario": 541269,
            "descuento": 0.2,
            "IVA": 19
        },
        {
            "codigo": "9hicCCd0nd",
            "total": 14,
            "valor_unitario": 493482,
            "descuento": 0.49,
            "IVA": 19
        },
        {
            "codigo": "APfxb7WYsa",
            "total": 12,
            "valor_unitario": 609203,
            "descuento": 0.18,
            "IVA": 19
        },
        {
            "codigo": "godrv4Rzgn",
            "total": 11,
            "valor_unitario": 479257,
            "descuento": 0.36,
            "IVA": 0
        },
        {
            "codigo": "tJhxsWdxSm",
            "total": 6,
            "valor_unitario": 344071,
            "descuento": 0.44,
            "IVA": 19
        },
        {
            "codigo": "FJwZBjilqa",
            "total": 1,
            "valor_unitario": 963419,
            "descuento": 0.37,
            "IVA": 19
        },
        {
            "codigo": "SrnSVs0U1U",
            "total": 10,
            "valor_unitario": 155530,
            "descuento": 0.29,
            "IVA": 5
        },
        {
            "codigo": "TOVnUXhSPu",
            "total": 8,
            "valor_unitario": 177049,
            "descuento": 0.24,
            "IVA": 0
        },
        {
            "codigo": "sF3BwC8C0B",
            "total": 6,
            "valor_unitario": 894325,
            "descuento": 0.19,
            "IVA": 5
        },
        {
            "codigo": "Wj2yHj0wXY",
            "total": 10,
            "valor_unitario": 16790,
            "descuento": 0.42,
            "IVA": 19
        },
        {
            "codigo": "UaUCgZF0D7",
            "total": 15,
            "valor_unitario": 880025,
            "descuento": 0.31,
            "IVA": 0
        },
        {
            "codigo": "557XOGl5cG",
            "total": 9,
            "valor_unitario": 711899,
            "descuento": 0.45,
            "IVA": 19
        },
        {
            "codigo": "9Vh5yMtmr4",
            "total": 4,
            "valor_unitario": 54626,
            "descuento": 0.03,
            "IVA": 19
        },
        {
            "codigo": "GlGlOIaZf5",
            "total": 16,
            "valor_unitario": 793382,
            "descuento": 0.03,
            "IVA": 5
        },
        {
            "codigo": "do8yB5LOk5",
            "total": 7,
            "valor_unitario": 990999,
            "descuento": 0.1,
            "IVA": 19
        },
        {
            "codigo": "rCcgQrHqgT",
            "total": 2,
            "valor_unitario": 465006,
            "descuento": 0.47,
            "IVA": 5
        }
    ]
}