{
    "empresa_nit": "123456789",
    "empresa_ciudad": "BARRANQUILLA",
    "empresa_sede": "plaza",
    "empresa_nombre": "MicroMercado El Mio",
    "fecha_hora": "2024-05-20 11:36:42",
    "factura_num": "01394",
    "ciente_numero": 76818665,
    "pago_tipo": "EFECTIVO",
    "productos": [
        {
            "codigo": "pUdubYtWHc",
            "total": 8,
            "valor_unitario": 362997,
            "descuento": 0.4,
            "IVA": 5
        },
        {
            "codigo": "6HGnLou5AY",
            "total": 2,
            "valor_unitario": 438148,
            "descuento": 0.42,
            "IVA": 5
        },
        {
            "codigo": "Ig5MgbDMuu",
            "total": 12,
            "valor_unitario": 345174,
            "descuento": 0.05,
            "IVA": 0
        },
        {
            "codigo": "TPo4f8mjet",
            "total": 1,
            "valor_unitario": 911644,
            "descuento": 0.09,
            "IVA": 19
        },
        {
            "codigo": "jk6bLacpqq",
            "total": 20,
            "valor_unitario": 694368,
            "descuento": 0.28,
            "IVA": 5
        },
        {
            "codigo": "rB0g8eA1Vo",
            "total": 20,
            "valor_unitario": 723434,
            "descuento": 0.46,
            "IVA": 0
        },
        {
            "codigo": "8zQwiRgE49",
            "total": 20,
            "valor_unitario": 985619,
            "descuento": 0.48,
            "IVA": 0
        },
        {
            "codigo": "PVzCaEhGOw",
            "total": 20,
            "valor_unitario": 80488,
            "descuento": 0.16,
            "IVA": 19
        },
        {
            "codigo": "W0OLCvw8Ow",
            "total": 7,
            "valor_unitario": 370518,
            "descuento": 0.24,
            "IVA": 19
        },
        {
            "codigo": "aOCBHjL7Gx",
            "total": 11,
            "valor_unitario": 966037,
            "descuento": 0.34,
            "IVA": 5
        },
        {
            "codigo": "nIwiY4l0Kc",
            "total": 5,
            "valor_unitario": 996094,
            "descuento": 0.21,
            "IVA": 5
        },
        {
            "codigo": "4HoaNHCuv8",
            "total": 11,
            "valor_unitario": 461435,
            "descuento": 0.13,
            "IVA": 5
        },
        {
            "codigo": "z9DoLZT2Rs",
            "total": 2,
            "valor_unitario": 624952,
            "descuento": 0.28,
            "IVA": 19
        },
        {
            "codigo": "bbQtlIm4hg",
            "total": 11,
            "valor_unitario": 453709,
            "descuento": 0.34,
            "IVA": 19
        },
        {
            "codigo": "Vwnx0v5aJE",
            "total": 16,
            "valor_unitario": 459102,
            "descuento": 0.16,
            "IVA": 0
        },
        {
            "codigo": "IOLsiP8FJ5",
            "total": 11,
            "valor_unitario": 666082,
            "descuento": 0.24,
            "IVA": 5
        },
        {
            "codigo": "f8IGYd1c2Q",
            "total": 1,
            "valor_unitario": 833248,
            "descuento": 0.43,
            "IVA": 0
        },
        {
            "codigo": "OnkmSB3iRJ",
            "total": 16,
            "valor_unitario": 422641,
            "descuento": 0.15,
            "IVA": 5
        }
    ]
}