{
    "empresa_nit": "123456789",
    "empresa_ciudad": "MEDELLIN",
    "empresa_sede": "terminal",
    "empresa_nombre": "MicroMercado El Mio",
    "fecha_hora": "2024-05-11 18:31:09",
    "factura_num": "01386",
    "ciente_numero": 954501702,
    "pago_tipo": "EFECTIVO",
    "productos": [
        {
            "codigo": "NYqcxz5dAx",
            "total": 11,
            "valor_unitario": 89251,
            "descuento": 0.46,
            "IVA": 0
        },
        {
            "codigo": "Ykgjoten6W",
            "total": 5,
            "valor_unitario": 502123,
            "descuento": 0.42,
            "IVA": 0
        },
        {
            "codigo": "Uw9Baa3Lvs",
            "total": 4,
            "valor_unitario": 609749,
            "descuento": 0.11,
            "IVA": 5
        },
        {
            "codigo": "fx2GhSJcMj",
            "total": 10,
            "valor_unitario": 915274,
            "descuento": 0.08,
            "IVA": 5
        },
        {
            "codigo": "3Sr8gU0WbN",
            "total": 13,
            "valor_unitario": 496202,
            "descuento": 0.39,
            "IVA": 5
        },
        {
            "codigo": "9BHISIONlO",
            "total": 7,
            "valor_unitario": 97117,
            "descuento": 0.05,
            "IVA": 5
        },
        {
            "codigo": "Rh5eKIsktl",
            "total": 7,
            "valor_unitario": 229847,
            "descuento": 0.43,
            "IVA": 0
        },
        {
            "codigo": "PLoQZF9kgx",
            "total": 9,
            "valor_unitario": 125543,
            "descuento": 0.33,
            "IVA": 0
        },
        {
            "codigo": "nBCw8tGqV3",
            "total": 20,
            "valor_unitario": 245856,
            "descuento": 0.29,
            "IVA": 5
        },
        {
            "codigo": "wPHGDMRLla",
            "total": 8,
            "valor_unitario": 722511,
            "descuento": 0.23,
            "IVA": 5
        },
        {
            "codigo": "rPlw6gMaBP",
            "total": 16,
            "valor_unitario": 670516,
            "descuento": 0.15,
            "IVA": 0
        },
        {
            "codigo": "BDP7tloQ53",
            "total": 19,
            "valor_unitario": 214800,
            "descuento": 0.49,
            "IVA": 19
        }
    ]
}