{
    "empresa_nit": "123456789",
    "empresa_ciudad": "CALI",
    "empresa_sede": "alcaldia",
    "empresa_nombre": "MicroMercado El Mio",
    "fecha_hora": "2024-02-15 12:57:04",
    "factura_num": "01264",
    "ciente_numero": 92845332,
    "pago_tipo": "TAR.DEBITO",
    "productos": [
        {
            "codigo": "wHIETVAwkh",
            "total": 15,
            "valor_unitario": 207039,
            "descuento": 0.34,
            "IVA": 5
        },
        {
            "codigo": "DIqnOxe3H7",
            "total": 15,
            "valor_unitario": 807746,
            "descuento": 0.41,
            "IVA": 5
        },
        {
            "codigo": "QoxMdq26zW",
            "total": 11,
            "valor_unitario": 965212,
            "descuento": 0.08,
            "IVA": 19
        },
        {
            "codigo": "7KDMghuub8",
            "total": 5,
            "valor_unitario": 820421,
            "descuento": 0.19,
            "IVA": 19
        },
        {
            "codigo": "S6g44SLjF8",
            "total": 12,
            "valor_unitario": 123934,
            "descuento": 0.06,
            "IVA": 5
        },
        {
            "codigo": "f6Ab1LmGB1",
            "total": 10,
            "valor_unitario": 55556,
            "descuento": 0.08,
            "IVA": 0
        },
        {
            "codigo": "24ihyECxuf",
            "total": 20,
            "valor_unitario": 901326,
            "descuento": 0.11,
            "IVA": 5
        },
        {
            "codigo": "z4bxh55iet",
            "total": 20,
            "valor_unitario": 703314,
            "descuento": 0.04,
            "IVA": 5
        },
        {
            "codigo": "KxVbMAKiPQ",
            "total": 19,
            "valor_unitario": 757536,
            "descuento": 0.05,
            "IVA": 0
        },
        {
            "codigo": "gpPjcc11VS",
            "total": 6,
            "valor_unitario": 337456,
            "descuento": 0.09,
            "IVA": 0
        },
        {
            "codigo": "lgfgAPK7JZ",
            "total": 1,
            "valor_unitario": 560584,
            "descuento": 0.02,
            "IVA": 5
        },
        {
            "codigo": "8NLTwIfV0R",
            "total": 6,
            "valor_unitario": 366993,
            "descuento": 0.3,
            "IVA": 5
        },
        {
            "codigo": "vEmukMI6mE",
            "total": 18,
            "valor_unitario": 814697,
            "descuento": 0.02,
            "IVA": 0
        },
        {
            "codigo": "L86Py4DLVb",
            "total": 8,
            "valor_unitario": 731870,
            "descuento": 0.19,
            "IVA": 0
        },
        {
            "codigo": "6UVuoKAs47",
            "total": 1,
            "valor_unitario": 197664,
            "descuento": 0.22,
            "IVA": 19
        }
    ]
}