{
    "empresa_nit": "123456789",
    "empresa_ciudad": "BOGOTA",
    "empresa_sede": "aeropuerto",
    "empresa_nombre": "MicroMercado El Mio",
    "fecha_hora": "2022-11-28 13:00:34",
    "factura_num": "01100",
    "ciente_numero": 431919138,
    "pago_tipo": "TAR.CREDITO",
    "productos": [
        {
            "codigo": "l2PXEFBDHN",
            "total": 9,
            "valor_unitario": 85663,
            "descuento": 0.42,
            "IVA": 0
        },
        {
            "codigo": "rod1okhbke",
            "total": 1,
            "valor_unitario": 762222,
            "descuento": 0.26,
            "IVA": 0
        },
        {
            "codigo": "9e0idHNGfk",
            "total": 10,
            "valor_unitario": 681375,
            "descuento": 0.49,
            "IVA": 5
        },
        {
            "codigo": "O7SkcQ0bzf",
            "total": 1,
            "valor_unitario": 529739,
            "descuento": 0.18,
            "IVA": 19
        },
        {
            "codigo": "BI8nzWU0wL",
            "total": 17,
            "valor_unitario": 238757,
            "descuento": 0.38,
            "IVA": 0
        },
        {
            "codigo": "G3GOPNfJav",
            "total": 7,
            "valor_unitario": 992311,
            "descuento": 0.26,
            "IVA": 19
        },
        {
            "codigo": "lUEBEV48kQ",
            "total": 2,
            "valor_unitario": 950334,
            "descuento": 0.07,
            "IVA": 19
        },
        {
            "codigo": "i3xPnWxj7D",
            "total": 16,
            "valor_unitario": 519355,
            "descuento": 0.38,
            "IVA": 5
        },
        {
            "codigo": "BOfI78jzGM",
            "total": 16,
            "valor_unitario": 596572,
            "descuento": 0.37,
            "IVA": 5
        },
        {
            "codigo": "5RzkACh9Ym",
            "total": 6,
            "valor_unitario": 54217,
            "descuento": 0.27,
            "IVA": 19
        },
        {
            "codigo": "JxqECggMME",
            "total": 5,
            "valor_unitario": 853108,
            "descuento": 0.21,
            "IVA": 0
        },
        {
            "codigo": "eN0DgMYJX4",
            "total": 5,
            "valor_unitario": 712805,
            "descuento": 0.27,
            "IVA": 5
        }
    ]
}