{
    "empresa_nit": "123456789",
    "empresa_ciudad": "MEDELLIN",
    "empresa_sede": "plaza",
    "empresa_nombre": "MicroMercado El Mio",
    "fecha_hora": "2022-05-07 08:16:58",
    "factura_num": "01248",
    "ciente_numero": 188388250,
    "pago_tipo": "TAR.CREDITO",
    "productos": [
        {
            "codigo": "Rk0oyMb2lB",
            "total": 3,
            "valor_unitario": 362337,
            "descuento": 0.21,
            "IVA": 19
        },
        {
            "codigo": "odWG6nSn9i",
            "total": 4,
            "valor_unitario": 564124,
            "descuento": 0.3,
            "IVA": 0
        },
        {
            "codigo": "mDUaQ2EVBJ",
            "total": 7,
            "valor_unitario": 914765,
            "descuento": 0.06,
            "IVA": 5
        },
        {
            "codigo": "fuMiL4qqLd",
            "total": 12,
            "valor_unitario": 125476,
            "descuento": 0.3,
            "IVA": 5
        },
        {
            "codigo": "Tjs1ictd0a",
            "total": 16,
            "valor_unitario": 881791,
            "descuento": 0.47,
            "IVA": 5
        },
        {
            "codigo": "FvGwZvmukR",
            "total": 16,
            "valor_unitario": 289942,
            "descuento": 0.26,
            "IVA": 19
        },
        {
            "codigo": "3LwODoXvCc",
            "total": 13,
            "valor_unitario": 634347,
            "descuento": 0.23,
            "IVA": 19
        }
    ]
}