{
    "empresa_nit": "123456789",
    "empresa_ciudad": "MEDELLIN",
    "empresa_sede": "terminal",
    "empresa_nombre": "MicroMercado El Mio",
    "fecha_hora": "2024-11-30 08:13:53",
    "factura_num": "01130",
    "ciente_numero": 607102442,
    "pago_tipo": "TAR.DEBITO",
    "productos": [
        {
            "codigo": "VEqYavsPSR",
            "total": 2,
            "valor_unitario": 313714,
            "descuento": 0.14,
            "IVA": 19
        },
        {
            "codigo": "27BZ1J64WJ",
            "total": 3,
            "valor_unitario": 628953,
            "descuento": 0.4,
            "IVA": 0
        },
        {
            "codigo": "170VF8l09p",
            "total": 5,
            "valor_unitario": 726248,
            "descuento": 0.48,
            "IVA": 19
        },
        {
            "codigo": "YMov8Q8dRs",
            "total": 18,
            "valor_unitario": 184407,
            "descuento": 0.3,
            "IVA": 5
        },
        {
            "codigo": "EwJWBAwi8I",
            "total": 19,
            "valor_unitario": 615625,
            "descuento": 0.08,
            "IVA": 0
        },
        {
            "codigo": "FTC1ReDW5U",
            "total": 6,
            "valor_unitario": 249698,
            "descuento": 0.34,
            "IVA": 19
        },
        {
            "codigo": "j41SvTk98t",
            "total": 1,
            "valor_unitario": 22038,
            "descuento": 0.44,
            "IVA": 19
        },
        {
            "codigo": "VJOEQxmUBN",
            "total": 18,
            "valor_unitario": 316483,
            "descuento": 0.29,
            "IVA": 5
        },
        {
            "codigo": "DlLrssdH2T",
            "total": 16,
            "valor_unitario": 425381,
            "descuento": 0.45,
            "IVA": 5
        },
        {
            "codigo": "zJsUYZAHDN",
            "total": 5,
            "valor_unitario": 410163,
            "descuento": 0.38,
            "IVA": 0
        },
        {
            "codigo": "t1rXv3PEjo",
            "total": 18,
            "valor_unitario": 867982,
            "descuento": 0.17,
            "IVA": 19
        },
        {
            "codigo": "Ty2CPRmEVq",
            "total": 20,
            "valor_unitario": 41572,
            "descuento": 0.11,
            "IVA": 0
        }
    ]
}