{
    "empresa_nit": "123456789",
    "empresa_ciudad": "BOGOTA",
    "empresa_sede": "terminal",
    "empresa_nombre": "MicroMercado El Mio",
    "fecha_hora": "2021-10-05 23:49:45",
    "factura_num": "01221",
    "ciente_numero": 882683865,
    "pago_tipo": "TAR.DEBITO",
    "productos": [
        {
            "codigo": "p8eeu0bwjI",
            "total": 1,
            "valor_unitario": 829228,
            "descuento": 0.11,
            "IVA": 0
        },
        {
            "codigo": "hekPCDhTU5",
            "total": 20,
            "valor_unitario": 938388,
            "descuento": 0.24,
            "IVA": 5
        },
        {
            "codigo": "ZbJDdtLFI9",
            "total": 7,
            "valor_unitario": 510733,
            "descuento": 0.01,
            "IVA": 19
        },
        {
            "codigo": "j638rvGula",
            "total": 2,
            "valor_unitario": 748683,
            "descuento": 0.19,
            "IVA": 0
        },
        {
            "codigo": "kKj0EEwTFB",
            "total": 7,
            "valor_unitario": 37131,
            "descuento": 0.17,
            "IVA": 19
        },
        {
            "codigo": "iykjBcOfRW",
            "total": 9,
            "valor_unitario": 863774,
            "descuento": 0.47,
            "IVA": 5
        },
        {
            "codigo": "hmogNaeQUo",
            "total": 16,
            "valor_unitario": 132110,
            "descuento": 0.34,
            "IVA": 19
        },
        {
            "codigo": "FkbazaiqKX",
            "total": 7,
            "valor_unitario": 421054,
            "descuento": 0.17,
            "IVA": 5
        },
        {
            "codigo": "mp5MKerpNx",
            "total": 12,
            "valor_unitario": 79687,
            "descuento": 0.33,
            "IVA": 5
        },
        {
            "codigo": "ix6WmyD58k",
            "total": 6,
            "valor_unitario": 715828,
            "descuento": 0.32,
            "IVA": 5
        },
        {
            "codigo": "z9ewqszAZf",
            "total": 7,
            "valor_unitario": 991970,
            "descuento": 0.04,
            "IVA": 0
        },
        {
            "codigo": "WDYzB713p4",
            "total": 6,
            "valor_unitario": 553591,
            "descuento": 0.39,
            "IVA": 5
        },
        {
            "codigo": "jdqI5yqxfv",
            "total": 6,
            "valor_unitario": 175330,
            "descuento": 0.04,
            "IVA": 5
        },
        {
            "codigo": "dpH6v5wjv1",
            "total": 3,
            "valor_unitario": 280416,
            "descuento": 0.41,
            "IVA": 5
        }
    ]
}