{
    "empresa_nit": "123456789",
    "empresa_ciudad": "BOGOTA",
    "empresa_sede": "autopista",
    "empresa_nombre": "MicroMercado El Mio",
    "fecha_hora": "2020-11-20 00:20:48",
    "factura_num": "01127",
    "ciente_numero": 327090654,
    "pago_tipo": "TAR.CREDITO",
    "productos": [
        {
            "codigo": "RddCaRciJq",
            "total": 3,
            "valor_unitario": 456421,
            "descuento": 0.31,
            "IVA": 19
        },
        {
            "codigo": "r2lQXt2gIr",
            "total": 6,
            "valor_unitario": 511451,
            "descuento": 0.27,
            "IVA": 5
        },
        {
            "codigo": "zUHKAJJmO8",
            "total": 11,
            "valor_unitario": 461113,
            "descuento": 0.19,
            "IVA": 0
        },
        {
            "codigo": "gx7hB9yoaY",
            "total": 15,
            "valor_unitario": 134268,
            "descuento": 0.09,
            "IVA": 19
        }
    ]
}