{
    "empresa_nit": "123456789",
    "empresa_ciudad": "MEDELLIN",
    "empresa_sede": "plaza",
    "empresa_nombre": "MicroMercado El Mio",
    "fecha_hora": "2025-01-04 11:24:20",
    "factura_num": "01443",
    "ciente_numero": 114603712,
    "pago_tipo": "TRANFERENCIA",
    "productos": [
        {
            "codigo": "n2tgkj9LBT",
            "total": 20,
            "valor_unitario": 37141,
            "descuento": 0.47,
            "IVA": 19
        },
        {
            "codigo": "lRIkdAkAlg",
            "total": 19,
            "valor_unitario": 465145,
            "descuento": 0.44,
            "IVA": 0
        },
        {
            "codigo": "ZGpx1H7VCu",
            "total": 17,
            "valor_unitario": 526057,
            "descuento": 0.13,
            "IVA": 0
        },
        {
            "codigo": "n7KqXhNR0Z",
            "total": 11,
            "valor_unitario": 966650,
            "descuento": 0.24,
            "IVA": 0
        },
        {
            "codigo": "Wb4NFnzob8",
            "total": 6,
            "valor_unitario": 452911,
            "descuento": 0.05,
            "IVA": 5
        }
    ]
}