{
    "empresa_nit": "123456789",
    "empresa_ciudad": "BARRANQUILLA",
    "empresa_sede": "plaza",
    "empresa_nombre": "MicroMercado El Mio",
    "fecha_hora": "2024-01-11 01:20:33",
    "factura_num": "01014",
    "ciente_numero": 524467210,
    "pago_tipo": "TAR.DEBITO",
    "productos": [
        {
            "codigo": "De8fJf1sYD",
            "total": 7,
            "valor_unitario": 931751,
            "descuento": 0.05,
            "IVA": 5
        },
        {
            "codigo": "v1ZyPYDR3f",
            "total": 10,
            "valor_unitario": 27217,
            "descuento": 0.21,
            "IVA": 5
        },
        {
            "codigo": "E2MFS3raSH",
            "total": 3,
            "valor_unitario": 519920,
            "descuento": 0.31,
            "IVA": 5
        },
        {
            "codigo": "otuXno5Sbg",
            "total": 17,
            "valor_unitario": 445926,
            "descuento": 0.26,
            "IVA": 0
        },
        {
            "codigo": "2EvYfOUvNZ",
            "total": 5,
            "valor_unitario": 883980,
            "descuento": 0.4,
            "IVA": 0
        },
        {
            "codigo": "eRCg9BWvIr",
            "total": 18,
            "valor_unitario": 672141,
            "descuento": 0.2,
            "IVA": 19
        },
        {
            "codigo": "6m6oeTslmB",
            "total": 3,
            "valor_unitario": 615421,
            "descuento": 0.15,
            "IVA": 5
        },
        {
            "codigo": "qD5xvLtQZx",
            "total": 4,
            "valor_unitario": 997981,
            "descuento": 0.05,
            "IVA": 0
        },
        {
            "codigo": "CY0737k4iP",
            "total": 8,
            "valor_unitario": 646638,
            "descuento": 0.12,
            "IVA": 19
        }
    ]
}