{
    "empresa_nit": "123456789",
    "empresa_ciudad": "CALI",
    "empresa_sede": "centro",
    "empresa_nombre": "MicroMercado El Mio",
    "fecha_hora": "2023-11-14 02:46:10",
    "factura_num": "01306",
    "ciente_numero": 834684365,
    "pago_tipo": "EFECTIVO",
    "productos": [
        {
            "codigo": "soeMl2bl5u",
            "total": 12,
            "valor_unitario": 459947,
            "descuento": 0.13,
            "IVA": 0
        },
        {
            "codigo": "07MUBewh52",
            "total": 13,
            "valor_unitario": 609498,
            "descuento": 0.02,
            "IVA": 5
        },
        {
            "codigo": "yezeDaNDSU",
            "total": 1,
            "valor_unitario": 320412,
            "descuento": 0.23,
            "IVA": 5
        },
        {
            "codigo": "xovhtvK9mB",
            "total": 16,
            "valor_unitario": 987355,
            "descuento": 0.21,
            "IVA": 0
        },
        {
            "codigo": "j50XYxZVdp",
            "total": 4,
            "valor_unitario": 176635,
            "descuento": 0.35,
            "IVA": 0
        },
        {
            "codigo": "KmjeoH1dxY",
            "total": 1,
            "valor_unitario": 998551,
            "descuento": 0.42,
            "IVA": 0
        },
        {
            "codigo": "0VRxvQohuw",
            "total": 5,
            "valor_unitario": 86574,
            "descuento": 0.07,
            "IVA": 5
        },
        {
            "codigo": "awMuznAVfG",
            "total": 20,
            "valor_unitario": 583817,
            "descuento": 0.34,
            "IVA": 5
        },
        {
            "codigo": "PdudUd6pea",
            "total": 2,
            "valor_unitario": 847527,
            "descuento": 0.37,
            "IVA": 5
        },
        {
            "codigo": "GBW1LxhU3W",
            "total": 6,
            "valor_unitario": 317008,
            "descuento": 0.14,
            "IVA": 5
        }
    ]
}