{
    "empresa_nit": "123456789",
    "empresa_ciudad": "MEDELLIN",
    "empresa_sede": "autopista",
    "empresa_nombre": "MicroMercado El Mio",
    "fecha_hora": "2024-12-14 09:19:00",
    "factura_num": "01332",
    "ciente_numero": 364837240,
    "pago_tipo": "TRANFERENCIA",
    "productos": [
        {
            "codigo": "78xED751EX",
            "total": 19,
            "valor_unitario": 37135,
            "descuento": 0.22,
            "IVA": 5
        },
        {
            "codigo": "oSWBbC4qli",
            "total": 11,
            "valor_unitario": 785882,
            "descuento": 0.44,
            "IVA": 0
        },
        {
            "codigo": "1Y2OgwWyKR",
            "total": 12,
            "valor_unitario": 109450,
            "descuento": 0.01,
            "IVA": 0
        }
    ]
}