{
    "empresa_nit": "123456789",
    "empresa_ciudad": "TUNJA",
    "empresa_sede": "aeropuerto",
    "empresa_nombre": "MicroMercado El Mio",
    "fecha_hora": "2020-06-13 23:25:40",
    "factura_num": "01117",
    "ciente_numero": 857450321,
    "pago_tipo": "EFECTIVO",
    "productos": [
        {
            "codigo": "opd7DYPMmM",
            "total": 6,
            "valor_unitario": 652993,
            "descuento": 0.28,
            "IVA": 19
        },
        {
            "codigo": "GF9pHKzQAa",
            "total": 19,
            "valor_unitario": 830154,
            "descuento": 0.26,
            "IVA": 19
        },
        {
            "codigo": "7b9qMt1lqO",
            "total": 11,
            "valor_unitario": 342006,
            "descuento": 0.41,
            "IVA": 19
        },
        {
            "codigo": "T1ZuQzB3N7",
            "total": 7,
            "valor_unitario": 747345,
            "descuento": 0.48,
            "IVA": 5
        },
        {
            "codigo": "nEZuULUWVo",
            "total": 9,
            "valor_unitario": 451620,
            "descuento": 0.15,
            "IVA": 19
        },
        {
            "codigo": "aJdmFBHWIK",
            "total": 2,
            "valor_unitario": 709027,
            "descuento": 0.29,
            "IVA": 5
        },
        {
            "codigo": "t923vkIuDD",
            "total": 16,
            "valor_unitario": 768756,
            "descuento": 0.28,
            "IVA": 19
        },
        {
            "codigo": "Al0mz4QTyA",
            "total": 17,
            "valor_unitario": 947754,
            "descuento": 0.42,
            "IVA": 5
        },
        {
            "codigo": "2l0nqulIz6",
            "total": 8,
            "valor_unitario": 399516,
            "descuento": 0.33,
            "IVA": 5
        },
        {
            "codigo": "xOmjLFSxEq",
            "total": 20,
            "valor_unitario": 125907,
            "descuento": 0.49,
            "IVA": 19
        },
        {
            "codigo": "2dAIYNZObC",
            "total": 13,
            "valor_unitario": 376583,
            "descuento": 0.36,
            "IVA": 5
        },
        {
            "codigo": "UfJayciA4d",
            "total": 17,
            "valor_unitario": 970929,
            "descuento": 0.4,
            "IVA": 5
        },
        {
            "codigo": "9XhtlCMXiG",
            "total": 16,
            "valor_unitario": 49863,
            "descuento": 0.31,
            "IVA": 19
        },
        {
            "codigo": "be2PIAEITs",
            "total": 11,
            "valor_unitario": 604979,
            "descuento": 0.46,
            "IVA": 5
        },
        {
            "codigo": "Gyp4Xn6BvJ",
            "total": 11,
            "valor_unitario": 914747,
            "descuento": 0.38,
            "IVA": 19
        },
        {
            "codigo": "RxEQS1pEUe",
            "total": 17,
            "valor_unitario": 689852,
            "descuento": 0.34,
            "IVA": 5
        },
        {
            "codigo": "PuqIwWrs9M",
            "total": 14,
            "valor_unitario": 644299,
            "descuento": 0.34,
            "IVA": 5
        }
    ]
}