{
    "empresa_nit": "123456789",
    "empresa_ciudad": "BOGOTA",
    "empresa_sede": "centro",
    "empresa_nombre": "MicroMercado El Mio",
    "fecha_hora": "2021-11-17 23:04:43",
    "factura_num": "01303",
    "ciente_numero": 835214546,
    "pago_tipo": "EFECTIVO",
    "productos": [
        {
            "codigo": "NSTIrS9XcN",
            "total": 19,
            "valor_unitario": 559307,
            "descuento": 0.46,
            "IVA": 19
        },
        {
            "codigo": "cRrF3dgHAw",
            "total": 8,
            "valor_unitario": 650144,
            "descuento": 0.07,
            "IVA": 19
        },
        {
            "codigo": "tyIO7FeRbF",
            "total": 3,
            "valor_unitario": 208891,
            "descuento": 0.29,
            "IVA": 19
        },
        {
            "codigo": "SGWG49pSyo",
            "total": 19,
            "valor_unitario": 635715,
            "descuento": 0.05,
            "IVA": 0
        },
        {
            "codigo": "2USmU5n8jP",
            "total": 8,
            "valor_unitario": 135093,
            "descuento": 0.05,
            "IVA": 0
        },
        {
            "codigo": "kE91IwCExC",
            "total": 8,
            "valor_unitario": 876363,
            "descuento": 0.27,
            "IVA": 19
        },
        {
            "codigo": "kOtRIao1zs",
            "total": 3,
            "valor_unitario": 730378,
            "descuento": 0.45,
            "IVA": 0
        },
        {
            "codigo": "uzTiakG5gZ",
            "total": 10,
            "valor_unitario": 656517,
            "descuento": 0.34,
            "IVA": 0
        },
        {
            "codigo": "Enz56lBSXx",
            "total": 11,
            "valor_unitario": 952364,
            "descuento": 0.09,
            "IVA": 0
        },
        {
            "codigo": "PPsawviHU5",
            "total": 4,
            "valor_unitario": 660726,
            "descuento": 0.01,
            "IVA": 19
        },
        {
            "codigo": "QpOpQXeHDU",
            "total": 10,
            "valor_unitario": 372985,
            "descuento": 0.22,
            "IVA": 0
        },
        {
            "codigo": "KEVD0QBeJH",
            "total": 19,
            "valor_unitario": 945935,
            "descuento": 0.34,
            "IVA": 0
        }
    ]
}