{
    "empresa_nit": "123456789",
    "empresa_ciudad": "TUNJA",
    "empresa_sede": "centro",
    "empresa_nombre": "MicroMercado El Mio",
    "fecha_hora": "2021-01-10 03:50:42",
    "factura_num": "01144",
    "ciente_numero": 823116744,
    "pago_tipo": "TAR.CREDITO",
    "productos": [
        {
            "codigo": "ysVz1olJat",
            "total": 12,
            "valor_unitario": 22627,
            "descuento": 0.12,
            "IVA": 5
        },
        {
            "codigo": "ERzSmru7T5",
            "total": 10,
            "valor_unitario": 784200,
            "descuento": 0.1,
            "IVA": 5
        },
        {
            "codigo": "9TDmMu8KTS",
            "total": 18,
            "valor_unitario": 987682,
            "descuento": 0.36,
            "IVA": 0
        },
        {
            "codigo": "phbpoo25v5",
            "total": 11,
            "valor_unitario": 122346,
            "descuento": 0.28,
            "IVA": 19
        },
        {
            "codigo": "Imnb8vuOJ7",
            "total": 3,
            "valor_unitario": 628367,
            "descuento": 0.08,
            "IVA": 0
        },
        {
            "codigo": "GvBlR9HKtM",
            "total": 3,
            "valor_unitario": 244425,
            "descuento": 0.11,
            "IVA": 5
        },
        {
            "codigo": "v4mqRXMsQP",
            "total": 16,
            "valor_unitario": 542939,
            "descuento": 0.48,
            "IVA": 0
        },
        {
            "codigo": "wlE653wPHv",
            "total": 15,
            "valor_unitario": 464450,
            "descuento": 0.27,
            "IVA": 5
        },
        {
            "codigo": "EO6fIBAhsL",
            "total": 9,
            "valor_unitario": 307105,
            "descuento": 0.44,
            "IVA": 0
        },
        {
            "codigo": "us2Qff7JkT",
            "total": 9,
            "valor_unitario": 754558,
            "descuento": 0.37,
            "IVA": 19
        },
        {
            "codigo": "ikEtl7Rb1Z",
            "total": 17,
            "valor_unitario": 58774,
            "descuento": 0.27,
            "IVA": 0
        },
        {
            "codigo": "LajgS8czHy",
            "total": 14,
            "valor_unitario": 629175,
            "descuento": 0.1,
            "IVA": 5
        },
        {
            "codigo": "Kgi8ZkgQtL",
            "total": 14,
            "valor_unitario": 617543,
            "descuento": 0.36,
            "IVA": 5
        },
        {
            "codigo": "pTPrE7eUPe",
            "total": 19,
            "valor_unitario": 709016,
            "descuento": 0.16,
            "IVA": 0
        },
        {
            "codigo": "KZ9jbCUvbU",
            "total": 15,
            "valor_unitario": 706692,
            "descuento": 0.24,
            "IVA": 19
        },
        {
            "codigo": "1u9E4gaGaV",
            "total": 3,
            "valor_unitario": 321424,
            "descuento": 0.41,
            "IVA": 5
        }
    ]
}