{
    "empresa_nit": "123456789",
    "empresa_ciudad": "MEDELLIN",
    "empresa_sede": "autopista",
    "empresa_nombre": "MicroMercado El Mio",
    "fecha_hora": "2024-08-12 19:41:18",
    "factura_num": "01421",
    "ciente_numero": 193068251,
    "pago_tipo": "TAR.DEBITO",
    "productos": [
        {
            "codigo": "MHfEwrmMLO",
            "total": 1,
            "valor_unitario": 919101,
            "descuento": 0.18,
            "IVA": 19
        },
        {
            "codigo": "DAEHadnkyb",
            "total": 2,
            "valor_unitario": 356721,
            "descuento": 0.21,
            "IVA": 19
        }
    ]
}