{
    "empresa_nit": "123456789",
    "empresa_ciudad": "BARRANQUILLA",
    "empresa_sede": "autopista",
    "empresa_nombre": "MicroMercado El Mio",
    "fecha_hora": "2022-03-22 18:42:17",
    "factura_num": "01138",
    "ciente_numero": 6229712,
    "pago_tipo": "EFECTIVO",
    "productos": [
        {
            "codigo": "hkpIZ9XuaF",
            "total": 4,
            "valor_unitario": 631350,
            "descuento": 0.42,
            "IVA": 0
        },
        {
            "codigo": "4l83Fl9rzP",
            "total": 16,
            "valor_unitario": 140742,
            "descuento": 0.35,
            "IVA": 19
        },
        {
            "codigo": "ePWI3xPR31",
            "total": 12,
            "valor_unitario": 758090,
            "descuento": 0.47,
            "IVA": 19
        }
    ]
}