{
    "empresa_nit": "123456789",
    "empresa_ciudad": "CALI",
    "empresa_sede": "autopista",
    "empresa_nombre": "MicroMercado El Mio",
    "fecha_hora": "2021-07-25 14:48:06",
    "factura_num": "01342",
    "ciente_numero": 816326680,
    "pago_tipo": "EFECTIVO",
    "productos": [
        {
            "codigo": "kJyChFYGuZ",
            "total": 15,
            "valor_unitario": 834454,
            "descuento": 0.27,
            "IVA": 19
        },
        {
            "codigo": "wDji0lBsUx",
            "total": 8,
            "valor_unitario": 825061,
            "descuento": 0.02,
            "IVA": 0
        },
        {
            "codigo": "lYwUHuKIJQ",
            "total": 13,
            "valor_unitario": 481792,
            "descuento": 0.43,
            "IVA": 19
        },
        {
            "codigo": "W6TwZs7Vsw",
            "total": 5,
            "valor_unitario": 820540,
            "descuento": 0.35,
            "IVA": 19
        },
        {
            "codigo": "YMNi7tJ4dm",
            "total": 13,
            "valor_unitario": 37886,
            "descuento": 0.18,
            "IVA": 19
        },
        {
            "codigo": "Dy8umX1Cx0",
            "total": 8,
            "valor_unitario": 868031,
            "descuento": 0.33,
            "IVA": 0
        },
        {
            "codigo": "yhZbh0lve7",
            "total": 19,
            "valor_unitario": 648802,
            "descuento": 0.21,
            "IVA": 0
        },
        {
            "codigo": "CJQ6PYnaFa",
            "total": 4,
            "valor_unitario": 852853,
            "descuento": 0.04,
            "IVA": 0
        },
        {
            "codigo": "ebBJr67K7M",
            "total": 15,
            "valor_unitario": 308838,
            "descuento": 0.21,
            "IVA": 19
        },
        {
            "codigo": "W3dMP48see",
            "total": 20,
            "valor_unitario": 843988,
            "descuento": 0.41,
            "IVA": 19
        },
        {
            "codigo": "G6t4QKoXOU",
            "total": 16,
            "valor_unitario": 500406,
            "descuento": 0.08,
            "IVA": 0
        },
        {
            "codigo": "FM37eUvrUX",
            "total": 5,
            "valor_unitario": 608083,
            "descuento": 0.37,
            "IVA": 5
        },
        {
            "codigo": "h4fKgokY9n",
            "total": 14,
            "valor_unitario": 5339,
            "descuento": 0.07,
            "IVA": 19
        },
        {
            "codigo": "yf1kq2Kxfm",
            "total": 16,
            "valor_unitario": 824448,
            "descuento": 0.03,
            "IVA": 5
        },
        {
            "codigo": "47mOPAukgL",
            "total": 3,
            "valor_unitario": 435073,
            "descuento": 0.07,
            "IVA": 0
        },
        {
            "codigo": "BgSTS30Xqc",
            "total": 12,
            "valor_unitario": 319067,
            "descuento": 0.15,
            "IVA": 5
        },
        {
            "codigo": "kraVoBWvFn",
            "total": 6,
            "valor_unitario": 461333,
            "descuento": 0.11,
            "IVA": 0
        }
    ]
}