{
    "empresa_nit": "123456789",
    "empresa_ciudad": "BOGOTA",
    "empresa_sede": "centro",
    "empresa_nombre": "MicroMercado El Mio",
    "fecha_hora": "2023-10-30 16:12:37",
    "factura_num": "01365",
    "ciente_numero": 609074164,
    "pago_tipo": "TRANFERENCIA",
    "productos": [
        {
            "codigo": "hgPoanWDLd",
            "total": 14,
            "valor_unitario": 816941,
            "descuento": 0.02,
            "IVA": 0
        },
        {
            "codigo": "9aFF6vE7bf",
            "total": 11,
            "valor_unitario": 795949,
            "descuento": 0.42,
            "IVA": 0
        }
    ]
}