{
    "empresa_nit": "123456789",
    "empresa_ciudad": "CALI",
    "empresa_sede": "aeropuerto",
    "empresa_nombre": "MicroMercado El Mio",
    "fecha_hora": "2020-06-28 21:23:17",
    "factura_num": "00132",
    "ciente_numero": 192632830,
    "pago_tipo": "EFECTIVO",
    "productos": [
        {
            "codigo": "AKMJwd1QYy",
            "total": 20,
            "valor_unitario": 103530,
            "descuento": 0.13,
            "IVA": 19
        },
        {
            "codigo": "l1SKc9UxyU",
            "total": 11,
            "valor_unitario": 98874,
            "descuento": 0.13,
            "IVA": 19
        },
        {
            "codigo": "8HTFCeZjsj",
            "total": 17,
            "valor_unitario": 572276,
            "descuento": 0.04,
            "IVA": 0
        }
    ]
}