{
    "empresa_nit": "123456789",
    "empresa_ciudad": "TUNJA",
    "empresa_sede": "alcaldia",
    "empresa_nombre": "MicroMercado El Mio",
    "fecha_hora": "2021-04-17 06:32:52",
    "factura_num": "01327",
    "ciente_numero": 884565293,
    "pago_tipo": "TRANFERENCIA",
    "productos": [
        {
            "codigo": "ZQqVBv9T9H",
            "total": 13,
            "valor_unitario": 736762,
            "descuento": 0.32,
            "IVA": 0
        },
        {
            "codigo": "9D7HEnJFvD",
            "total": 6,
            "valor_unitario": 367068,
            "descuento": 0.06,
            "IVA": 5
        }
    ]
}