{
    "empresa_nit": "123456789",
    "empresa_ciudad": "TUNJA",
    "empresa_sede": "alcaldia",
    "empresa_nombre": "MicroMercado El Mio",
    "fecha_hora": "2021-05-22 23:43:13",
    "factura_num": "01262",
    "ciente_numero": 119528589,
    "pago_tipo": "EFECTIVO",
    "productos": [
        {
            "codigo": "FK1kwAXyYM",
            "total": 17,
            "valor_unitario": 752328,
            "descuento": 0.03,
            "IVA": 19
        },
        {
            "codigo": "bri1aO6jKc",
            "total": 11,
            "valor_unitario": 351094,
            "descuento": 0.25,
            "IVA": 19
        },
        {
            "codigo": "jF8sWzXIUQ",
            "total": 1,
            "valor_unitario": 479473,
            "descuento": 0.25,
            "IVA": 19
        },
        {
            "codigo": "9wjcndnfmf",
            "total": 16,
            "valor_unitario": 22970,
            "descuento": 0.47,
            "IVA": 5
        }
    ]
}