{
    "empresa_nit": "123456789",
    "empresa_ciudad": "BARRANQUILLA",
    "empresa_sede": "terminal",
    "empresa_nombre": "MicroMercado El Mio",
    "fecha_hora": "2025-02-01 00:05:24",
    "factura_num": "01427",
    "ciente_numero": 655279524,
    "pago_tipo": "TAR.CREDITO",
    "productos": [
        {
            "codigo": "4Ub4z1INdt",
            "total": 13,
            "valor_unitario": 688688,
            "descuento": 0.48,
            "IVA": 5
        },
        {
            "codigo": "d17DdgFKl6",
            "total": 19,
            "valor_unitario": 202079,
            "descuento": 0.39,
            "IVA": 5
        },
        {
            "codigo": "oEKzp7uZRZ",
            "total": 5,
            "valor_unitario": 336515,
            "descuento": 0.28,
            "IVA": 19
        },
        {
            "codigo": "IkX8icxHok",
            "total": 11,
            "valor_unitario": 489820,
            "descuento": 0.3,
            "IVA": 0
        },
        {
            "codigo": "1euGfqa11q",
            "total": 20,
            "valor_unitario": 329651,
            "descuento": 0.38,
            "IVA": 5
        },
        {
            "codigo": "ynXFD5pvOp",
            "total": 18,
            "valor_unitario": 195092,
            "descuento": 0.21,
            "IVA": 0
        },
        {
            "codigo": "IBZFM8fOl4",
            "total": 8,
            "valor_unitario": 134077,
            "descuento": 0.35,
            "IVA": 19
        },
        {
            "codigo": "F2TRwWDlU3",
            "total": 18,
            "valor_unitario": 649845,
            "descuento": 0.2,
            "IVA": 0
        },
        {
            "codigo": "99jxUQH5Gd",
            "total": 16,
            "valor_unitario": 232987,
            "descuento": 0.19,
            "IVA": 0
        }
    ]
}