{
    "empresa_nit": "123456789",
    "empresa_ciudad": "MEDELLIN",
    "empresa_sede": "terminal",
    "empresa_nombre": "MicroMercado El Mio",
    "fecha_hora": "2022-04-15 18:23:41",
    "factura_num": "01039",
    "ciente_numero": 496356054,
    "pago_tipo": "TRANFERENCIA",
    "productos": [
        {
            "codigo": "tM99734HwV",
            "total": 5,
            "valor_unitario": 353336,
            "descuento": 0.34,
            "IVA": 19
        },
        {
            "codigo": "AKywCfylQa",
            "total": 13,
            "valor_unitario": 941061,
            "descuento": 0.22,
            "IVA": 19
        },
        {
            "codigo": "hPFUVVW2F5",
            "total": 6,
            "valor_unitario": 751369,
            "descuento": 0.45,
            "IVA": 5
        },
        {
            "codigo": "94q5WjHjct",
            "total": 4,
            "valor_unitario": 850567,
            "descuento": 0.15,
            "IVA": 19
        },
        {
            "codigo": "7dzSNXUWHR",
            "total": 16,
            "valor_unitario": 434909,
            "descuento": 0.06,
            "IVA": 0
        },
        {
            "codigo": "ZsigX9uFJd",
            "total": 12,
            "valor_unitario": 957172,
            "descuento": 0.49,
            "IVA": 0
        },
        {
            "codigo": "hDc1bRluKI",
            "total": 11,
            "valor_unitario": 847181,
            "descuento": 0.46,
            "IVA": 5
        },
        {
            "codigo": "L9aMDd7yF5",
            "total": 14,
            "valor_unitario": 911420,
            "descuento": 0.07,
            "IVA": 19
        },
        {
            "codigo": "pbepLsB5Uu",
            "total": 3,
            "valor_unitario": 40310,
            "descuento": 0.12,
            "IVA": 0
        },
        {
            "codigo": "gySSmUnr4L",
            "total": 1,
            "valor_unitario": 139636,
            "descuento": 0.01,
            "IVA": 0
        },
        {
            "codigo": "5HPnZ8nGLK",
            "total": 7,
            "valor_unitario": 167030,
            "descuento": 0.22,
            "IVA": 5
        },
        {
            "codigo": "uwX2QFn04J",
            "total": 13,
            "valor_unitario": 235602,
            "descuento": 0.17,
            "IVA": 0
        },
        {
            "codigo": "RYpR4Ker9r",
            "total": 13,
            "valor_unitario": 993023,
            "descuento": 0.13,
            "IVA": 5
        },
        {
            "codigo": "hy90mxZRhT",
            "total": 7,
            "valor_unitario": 365583,
            "descuento": 0.05,
            "IVA": 19
        },
        {
            "codigo": "sCDOgoSrc1",
            "total": 15,
            "valor_unitario": 443805,
            "descuento": 0.44,
            "IVA": 19
        }
    ]
}