{
    "empresa_nit": "123456789",
    "empresa_ciudad": "TUNJA",
    "empresa_sede": "autopista",
    "empresa_nombre": "MicroMercado El Mio",
    "fecha_hora": "2024-07-14 16:34:22",
    "factura_num": "01213",
    "ciente_numero": 792465949,
    "pago_tipo": "TAR.DEBITO",
    "productos": [
        {
            "codigo": "PFZLPMcCfu",
            "total": 6,
            "valor_unitario": 644533,
            "descuento": 0.26,
            "IVA": 5
        },
        {
            "codigo": "Y8zYEarV5W",
            "total": 11,
            "valor_unitario": 71057,
            "descuento": 0.12,
            "IVA": 19
        },
        {
            "codigo": "BJkbVU8ACX",
            "total": 12,
            "valor_unitario": 801937,
            "descuento": 0.08,
            "IVA": 5
        },
        {
            "codigo": "37YhoYknkd",
            "total": 4,
            "valor_unitario": 984956,
            "descuento": 0.3,
            "IVA": 0
        },
        {
            "codigo": "1DFhj9hRAB",
            "total": 14,
            "valor_unitario": 691037,
            "descuento": 0.37,
            "IVA": 5
        },
        {
            "codigo": "hiDvLeo95A",
            "total": 8,
            "valor_unitario": 88812,
            "descuento": 0.36,
            "IVA": 5
        },
        {
            "codigo": "o94VWPhAHQ",
            "total": 7,
            "valor_unitario": 767990,
            "descuento": 0.06,
            "IVA": 19
        },
        {
            "codigo": "6sypprM1Zv",
            "total": 13,
            "valor_unitario": 235834,
            "descuento": 0.17,
            "IVA": 0
        },
        {
            "codigo": "P40NIorQ9t",
            "total": 7,
            "valor_unitario": 866501,
            "descuento": 0.23,
            "IVA": 19
        },
        {
            "codigo": "4GTrxfBBeM",
            "total": 11,
            "valor_unitario": 670636,
            "descuento": 0.08,
            "IVA": 5
        },
        {
            "codigo": "SrElMNlrxV",
            "total": 12,
            "valor_unitario": 214445,
            "descuento": 0.17,
            "IVA": 19
        },
        {
            "codigo": "TYnSb0EYy1",
            "total": 16,
            "valor_unitario": 493820,
            "descuento": 0.13,
            "IVA": 0
        }
    ]
}