{
    "empresa_nit": "123456789",
    "empresa_ciudad": "BARRANQUILLA",
    "empresa_sede": "centro",
    "empresa_nombre": "MicroMercado El Mio",
    "fecha_hora": "2022-12-24 10:09:18",
    "factura_num": "01005",
    "ciente_numero": 543158308,
    "pago_tipo": "TAR.CREDITO",
    "productos": [
        {
            "codigo": "LFXYofLiGx",
            "total": 19,
            "valor_unitario": 433410,
            "descuento": 0.49,
            "IVA": 5
        },
        {
            "codigo": "4VauuiQZPp",
            "total": 20,
            "valor_unitario": 829423,
            "descuento": 0.43,
            "IVA": 19
        },
        {
            "codigo": "pZ03AWyqe7",
            "total": 2,
            "valor_unitario": 171816,
            "descuento": 0.43,
            "IVA": 5
        },
        {
            "codigo": "Ro5LDvAPad",
            "total": 8,
            "valor_unitario": 778605,
            "descuento": 0.44,
            "IVA": 5
        },
        {
            "codigo": "4OOAhpnKYx",
            "total": 2,
            "valor_unitario": 623987,
            "descuento": 0.31,
            "IVA": 19
        },
        {
            "codigo": "Bu3k7AkIqR",
            "total": 6,
            "valor_unitario": 188606,
            "descuento": 0.44,
            "IVA": 0
        },
        {
            "codigo": "fi6225o5l4",
            "total": 8,
            "valor_unitario": 746258,
            "descuento": 0.14,
            "IVA": 19
        },
        {
            "codigo": "NXO5BbDyQZ",
            "total": 11,
            "valor_unitario": 62866,
            "descuento": 0.42,
            "IVA": 0
        },
        {
            "codigo": "4nB5Z0ZHJ2",
            "total": 3,
            "valor_unitario": 126263,
            "descuento": 0.24,
            "IVA": 19
        },
        {
            "codigo": "zN5Ra06JWl",
            "total": 13,
            "valor_unitario": 70984,
            "descuento": 0.39,
            "IVA": 19
        },
        {
            "codigo": "VEj9qTPNQt",
            "total": 7,
            "valor_unitario": 344651,
            "descuento": 0.08,
            "IVA": 5
        },
        {
            "codigo": "rTWSQ510Tc",
            "total": 1,
            "valor_unitario": 780279,
            "descuento": 0.19,
            "IVA": 0
        },
        {
            "codigo": "fbpg0XpDII",
            "total": 7,
            "valor_unitario": 254607,
            "descuento": 0.37,
            "IVA": 5
        },
        {
            "codigo": "Sxbdo1E4Dc",
            "total": 8,
            "valor_unitario": 172700,
            "descuento": 0.46,
            "IVA": 5
        },
        {
            "codigo": "xGYBVWNWbu",
            "total": 2,
            "valor_unitario": 234735,
            "descuento": 0.01,
            "IVA": 0
        },
        {
            "codigo": "BrraKfVboS",
            "total": 19,
            "valor_unitario": 493903,
            "descuento": 0.34,
            "IVA": 0
        },
        {
            "codigo": "Qho7Brm3n1",
            "total": 14,
            "valor_unitario": 449105,
            "descuento": 0.01,
            "IVA": 0
        },
        {
            "codigo": "4A1OPDfm7C",
            "total": 12,
            "valor_unitario": 228726,
            "descuento": 0.12,
            "IVA": 0
        },
        {
            "codigo": "ZcmaXLNhLn",
            "total": 5,
            "valor_unitario": 533783,
            "descuento": 0.2,
            "IVA": 19
        }
    ]
}