{
    "empresa_nit": "123456789",
    "empresa_ciudad": "TUNJA",
    "empresa_sede": "terminal",
    "empresa_nombre": "MicroMercado El Mio",
    "fecha_hora": "2020-08-17 19:15:10",
    "factura_num": "01126",
    "ciente_numero": 871698353,
    "pago_tipo": "TRANFERENCIA",
    "productos": [
        {
            "codigo": "2DfyEHbX32",
            "total": 12,
            "valor_unitario": 479543,
            "descuento": 0.35,
            "IVA": 19
        },
        {
            "codigo": "1Yjr1oCi9p",
            "total": 5,
            "valor_unitario": 121759,
            "descuento": 0.11,
            "IVA": 5
        },
        {
            "codigo": "kh864ilusJ",
            "total": 1,
            "valor_unitario": 895184,
            "descuento": 0.0,
            "IVA": 5
        },
        {
            "codigo": "Lrd5zxNpmf",
            "total": 20,
            "valor_unitario": 119275,
            "descuento": 0.23,
            "IVA": 19
        },
        {
            "codigo": "nAMj0VUIOu",
            "total": 1,
            "valor_unitario": 599193,
            "descuento": 0.43,
            "IVA": 19
        },
        {
            "codigo": "L9irYTcuZj",
            "total": 8,
            "valor_unitario": 104136,
            "descuento": 0.37,
            "IVA": 0
        },
        {
            "codigo": "skEFr5zVDF",
            "total": 6,
            "valor_unitario": 411950,
            "descuento": 0.47,
            "IVA": 5
        },
        {
            "codigo": "KRSQRLagYD",
            "total": 20,
            "valor_unitario": 632847,
            "descuento": 0.43,
            "IVA": 0
        },
        {
            "codigo": "Np7tiXzz3n",
            "total": 18,
            "valor_unitario": 541071,
            "descuento": 0.35,
            "IVA": 5
        },
        {
            "codigo": "E74aYf25PO",
            "total": 18,
            "valor_unitario": 65929,
            "descuento": 0.39,
            "IVA": 5
        },
        {
            "codigo": "6xFWaVVPIV",
            "total": 11,
            "valor_unitario": 282826,
            "descuento": 0.39,
            "IVA": 0
        },
        {
            "codigo": "4E1QQbDW6r",
            "total": 16,
            "valor_unitario": 431285,
            "descuento": 0.35,
            "IVA": 0
        },
        {
            "codigo": "toV9hP25rh",
            "total": 15,
            "valor_unitario": 52427,
            "descuento": 0.38,
            "IVA": 19
        },
        {
            "codigo": "YLr90LvJiw",
            "total": 10,
            "valor_unitario": 607193,
            "descuento": 0.3,
            "IVA": 0
        },
        {
            "codigo": "muwb1W3l9l",
            "total": 13,
            "valor_unitario": 446112,
            "descuento": 0.4,
            "IVA": 5
        },
        {
            "codigo": "AtlSKoYltV",
            "total": 13,
            "valor_unitario": 868089,
            "descuento": 0.48,
            "IVA": 19
        },
        {
            "codigo": "gs8bVMTYB3",
            "total": 3,
            "valor_unitario": 467966,
            "descuento": 0.18,
            "IVA": 5
        },
        {
            "codigo": "WozN5pp8jd",
            "total": 17,
            "valor_unitario": 335940,
            "descuento": 0.01,
            "IVA": 5
        },
        {
            "codigo": "aocsSjWKA8",
            "total": 15,
            "valor_unitario": 981600,
            "descuento": 0.36,
            "IVA": 5
        }
    ]
}