{
    "empresa_nit": "123456789",
    "empresa_ciudad": "BARRANQUILLA",
    "empresa_sede": "centro",
    "empresa_nombre": "MicroMercado El Mio",
    "fecha_hora": "2021-02-15 14:55:36",
    "factura_num": "01192",
    "ciente_numero": 756136663,
    "pago_tipo": "TRANFERENCIA",
    "productos": [
        {
            "codigo": "IxK0crOEHS",
            "total": 1,
            "valor_unitario": 570882,
            "descuento": 0.09,
            "IVA": 5
        },
        {
            "codigo": "zFjW3XTRFE",
            "total": 17,
            "valor_unitario": 508722,
            "descuento": 0.19,
            "IVA": 19
        },
        {
            "codigo": "gSbDVMb07c",
            "total": 9,
            "valor_unitario": 513056,
            "descuento": 0.42,
            "IVA": 19
        },
        {
            "codigo": "POMbOp7X4u",
            "total": 14,
            "valor_unitario": 83747,
            "descuento": 0.09,
            "IVA": 5
        },
        {
            "codigo": "WURF9xZnrp",
            "total": 19,
            "valor_unitario": 647854,
            "descuento": 0.42,
            "IVA": 0
        }
    ]
}