{
    "empresa_nit": "123456789",
    "empresa_ciudad": "TUNJA",
    "empresa_sede": "autopista",
    "empresa_nombre": "MicroMercado El Mio",
    "fecha_hora": "2023-04-14 19:22:31",
    "factura_num": "01283",
    "ciente_numero": 249345753,
    "pago_tipo": "TAR.DEBITO",
    "productos": [
        {
            "codigo": "8vWpwIRUtw",
            "total": 13,
            "valor_unitario": 821883,
            "descuento": 0.1,
            "IVA": 5
        },
        {
            "codigo": "mWoRbnRWOm",
            "total": 16,
            "valor_unitario": 10961,
            "descuento": 0.13,
            "IVA": 19
        },
        {
            "codigo": "O3FoYus0XS",
            "total": 1,
            "valor_unitario": 13978,
            "descuento": 0.49,
            "IVA": 19
        },
        {
            "codigo": "HEFbDSEZzk",
            "total": 20,
            "valor_unitario": 122261,
            "descuento": 0.21,
            "IVA": 19
        },
        {
            "codigo": "8ndJXI6lbc",
            "total": 8,
            "valor_unitario": 379548,
            "descuento": 0.44,
            "IVA": 5
        },
        {
            "codigo": "7eduJMruEf",
            "total": 13,
            "valor_unitario": 266681,
            "descuento": 0.27,
            "IVA": 19
        },
        {
            "codigo": "Eu5DxsNw5j",
            "total": 13,
            "valor_unitario": 289446,
            "descuento": 0.44,
            "IVA": 0
        },
        {
            "codigo": "rFKLrLF3pO",
            "total": 3,
            "valor_unitario": 826300,
            "descuento": 0.36,
            "IVA": 19
        },
        {
            "codigo": "dtEZhlNQ1L",
            "total": 6,
            "valor_unitario": 905585,
            "descuento": 0.43,
            "IVA": 19
        },
        {
            "codigo": "UHk1SxysEW",
            "total": 7,
            "valor_unitario": 369265,
            "descuento": 0.16,
            "IVA": 5
        },
        {
            "codigo": "uOS4HiOoC5",
            "total": 14,
            "valor_unitario": 102460,
            "descuento": 0.33,
            "IVA": 0
        },
        {
            "codigo": "hSC7Gq5P7q",
            "total": 2,
            "valor_unitario": 889713,
            "descuento": 0.12,
            "IVA": 19
        },
        {
            "codigo": "KemUTBLZIE",
            "total": 7,
            "valor_unitario": 122186,
            "descuento": 0.48,
            "IVA": 19
        },
        {
            "codigo": "JAiOIJZgVN",
            "total": 10,
            "valor_unitario": 785552,
            "descuento": 0.13,
            "IVA": 5
        },
        {
            "codigo": "ZOkhcoOLav",
            "total": 20,
            "valor_unitario": 870506,
            "descuento": 0.42,
            "IVA": 19
        },
        {
            "codigo": "W358wM4KqP",
            "total": 12,
            "valor_unitario": 980134,
            "descuento": 0.26,
            "IVA": 0
        },
        {
            "codigo": "nvvtk90aEN",
            "total": 20,
            "valor_unitario": 734353,
            "descuento": 0.24,
            "IVA": 0
        },
        {
            "codigo": "GJKcQvDblX",
            "total": 18,
            "valor_unitario": 825844,
            "descuento": 0.03,
            "IVA": 0
        },
        {
            "codigo": "PT09vyVX5H",
            "total": 19,
            "valor_unitario": 105255,
            "descuento": 0.17,
            "IVA": 0
        }
    ]
}