{
    "empresa_nit": "123456789",
    "empresa_ciudad": "BARRANQUILLA",
    "empresa_sede": "autopista",
    "empresa_nombre": "MicroMercado El Mio",
    "fecha_hora": "2021-11-27 16:39:50",
    "factura_num": "01125",
    "ciente_numero": 37352106,
    "pago_tipo": "TRANFERENCIA",
    "productos": [
        {
            "codigo": "uuDtazA9YA",
            "total": 3,
            "valor_unitario": 33846,
            "descuento": 0.12,
            "IVA": 19
        },
        {
            "codigo": "nEiAxor3gw",
            "total": 17,
            "valor_unitario": 424577,
            "descuento": 0.24,
            "IVA": 19
        },
        {
            "codigo": "VtHKXWoeUk",
            "total": 11,
            "valor_unitario": 390327,
            "descuento": 0.34,
            "IVA": 0
        },
        {
            "codigo": "xFsyB8fxDe",
            "total": 18,
            "valor_unitario": 234592,
            "descuento": 0.04,
            "IVA": 5
        },
        {
            "codigo": "0zNAiyViJS",
            "total": 13,
            "valor_unitario": 281307,
            "descuento": 0.11,
            "IVA": 0
        }
    ]
}