{
    "empresa_nit": "123456789",
    "empresa_ciudad": "MEDELLIN",
    "empresa_sede": "alcaldia",
    "empresa_nombre": "MicroMercado El Mio",
    "fecha_hora": "2024-07-31 08:54:24",
    "factura_num": "01290",
    "ciente_numero": 787185453,
    "pago_tipo": "TAR.DEBITO",
    "productos": [
        {
            "codigo": "nPwSLkilpa",
            "total": 4,
            "valor_unitario": 279874,
            "descuento": 0.2,
            "IVA": 0
        },
        {
            "codigo": "BLjcxAiuEg",
            "total": 8,
            "valor_unitario": 625497,
            "descuento": 0.46,
            "IVA": 5
        },
        {
            "codigo": "W1WwIqKtvJ",
            "total": 3,
            "valor_unitario": 392967,
            "descuento": 0.4,
            "IVA": 19
        },
        {
            "codigo": "vVe1HBZyGi",
            "total": 16,
            "valor_unitario": 328284,
            "descuento": 0.45,
            "IVA": 5
        },
        {
            "codigo": "zm9Mi7zeaK",
            "total": 13,
            "valor_unitario": 808074,
            "descuento": 0.04,
            "IVA": 5
        },
        {
            "codigo": "XP0OKQniKu",
            "total": 17,
            "valor_unitario": 772323,
            "descuento": 0.19,
            "IVA": 0
        },
        {
            "codigo": "Fi4EAsNskH",
            "total": 15,
            "valor_unitario": 887020,
            "descuento": 0.18,
            "IVA": 0
        },
        {
            "codigo": "5PfoqFKDNr",
            "total": 3,
            "valor_unitario": 290772,
            "descuento": 0.23,
            "IVA": 0
        },
        {
            "codigo": "SRa0YeRbsx",
            "total": 4,
            "valor_unitario": 802043,
            "descuento": 0.36,
            "IVA": 19
        },
        {
            "codigo": "FaJSdoxGv2",
            "total": 17,
            "valor_unitario": 819028,
            "descuento": 0.48,
            "IVA": 19
        },
        {
            "codigo": "CfymUI9xGG",
            "total": 7,
            "valor_unitario": 486029,
            "descuento": 0.49,
            "IVA": 19
        }
    ]
}