{
    "empresa_nit": "123456789",
    "empresa_ciudad": "BARRANQUILLA",
    "empresa_sede": "autopista",
    "empresa_nombre": "MicroMercado El Mio",
    "fecha_hora": "2021-06-30 16:13:03",
    "factura_num": "01430",
    "ciente_numero": 674857846,
    "pago_tipo": "TAR.CREDITO",
    "productos": [
        {
            "codigo": "WkDd8GnGuI",
            "total": 6,
            "valor_unitario": 998995,
            "descuento": 0.46,
            "IVA": 19
        },
        {
            "codigo": "t73QpyhbtI",
            "total": 13,
            "valor_unitario": 873544,
            "descuento": 0.15,
            "IVA": 0
        },
        {
            "codigo": "4dAQKCqlja",
            "total": 12,
            "valor_unitario": 26915,
            "descuento": 0.21,
            "IVA": 19
        },
        {
            "codigo": "g40f64pVyJ",
            "total": 13,
            "valor_unitario": 235331,
            "descuento": 0.47,
            "IVA": 5
        },
        {
            "codigo": "ZL1Kz2Vo5O",
            "total": 5,
            "valor_unitario": 903452,
            "descuento": 0.03,
            "IVA": 19
        },
        {
            "codigo": "Y03EKXZxp2",
            "total": 1,
            "valor_unitario": 277042,
            "descuento": 0.07,
            "IVA": 5
        },
        {
            "codigo": "avJ1FWqHey",
            "total": 20,
            "valor_unitario": 784047,
            "descuento": 0.43,
            "IVA": 5
        },
        {
            "codigo": "VRVUSCLFX4",
            "total": 6,
            "valor_unitario": 685453,
            "descuento": 0.01,
            "IVA": 5
        },
        {
            "codigo": "Pl933kI7HH",
            "total": 11,
            "valor_unitario": 677774,
            "descuento": 0.29,
            "IVA": 0
        },
        {
            "codigo": "wHRZnrkvwQ",
            "total": 9,
            "valor_unitario": 719751,
            "descuento": 0.23,
            "IVA": 0
        },
        {
            "codigo": "a8aHVYbbNW",
            "total": 13,
            "valor_unitario": 762506,
            "descuento": 0.37,
            "IVA": 5
        },
        {
            "codigo": "gdlxGBboNx",
            "total": 13,
            "valor_unitario": 272173,
            "descuento": 0.1,
            "IVA": 5
        },
        {
            "codigo": "WRMfkBMSsq",
            "total": 3,
            "valor_unitario": 601943,
            "descuento": 0.23,
            "IVA": 0
        },
        {
            "codigo": "5Ny2ozjE1h",
            "total": 4,
            "valor_unitario": 636299,
            "descuento": 0.33,
            "IVA": 0
        }
    ]
}