{
    "empresa_nit": "123456789",
    "empresa_ciudad": "TUNJA",
    "empresa_sede": "plaza",
    "empresa_nombre": "MicroMercado El Mio",
    "fecha_hora": "2025-03-02 09:54:56",
    "factura_num": "01247",
    "ciente_numero": 613494438,
    "pago_tipo": "TAR.CREDITO",
    "productos": [
        {
            "codigo": "Yxukekws4h",
            "total": 2,
            "valor_unitario": 14571,
            "descuento": 0.18,
            "IVA": 0
        },
        {
            "codigo": "OltasOkBVV",
            "total": 5,
            "valor_unitario": 511885,
            "descuento": 0.41,
            "IVA": 0
        },
        {
            "codigo": "nuh9kMsKsg",
            "total": 3,
            "valor_unitario": 799837,
            "descuento": 0.0,
            "IVA": 5
        },
        {
            "codigo": "fJ2T8PaIxN",
            "total": 4,
            "valor_unitario": 980552,
            "descuento": 0.03,
            "IVA": 5
        },
        {
            "codigo": "duEOE8nBHn",
            "total": 4,
            "valor_unitario": 280471,
            "descuento": 0.21,
            "IVA": 0
        },
        {
            "codigo": "9eET9gD8SA",
            "total": 13,
            "valor_unitario": 406583,
            "descuento": 0.49,
            "IVA": 19
        },
        {
            "codigo": "QMsOIv9j0v",
            "total": 16,
            "valor_unitario": 636577,
            "descuento": 0.07,
            "IVA": 5
        }
    ]
}