{
    "empresa_nit": "789526431",
    "empresa_ciudad": "BOGOTA",
    "empresa_sede": "centro",
    "empresa_nombre": "Supermercado Central",
    "fecha_hora": "2020-05-11 10:22:21",
    "factura_num": "01111",
    "ciente_numero": 506277929,
    "pago_tipo": "TRANFERENCIA",
    "productos": [
        {
            "codigo": "XAlsoqQtlq",
            "total": 6,
            "valor_unitario": 236806,
            "descuento": 0.37,
            "IVA": 19
        },
        {
            "codigo": "V2L5HYbzSF",
            "total": 17,
            "valor_unitario": 295144,
            "descuento": 0.5,
            "IVA": 19
        },
        {
            "codigo": "y66Y6M3gPp",
            "total": 5,
            "valor_unitario": 49065,
            "descuento": 0.3,
            "IVA": 19
        },
        {
            "codigo": "8TuOcWQXMB",
            "total": 4,
            "valor_unitario": 848455,
            "descuento": 0.19,
            "IVA": 19
        },
        {
            "codigo": "CSpYwdD01z",
            "total": 9,
            "valor_unitario": 320080,
            "descuento": 0.41,
            "IVA": 5
        },
        {
            "codigo": "cPplpRS5QS",
            "total": 17,
            "valor_unitario": 192016,
            "descuento": 0.02,
            "IVA": 19
        },
        {
            "codigo": "ZtjtoGPTQZ",
            "total": 18,
            "valor_unitario": 862091,
            "descuento": 0.21,
            "IVA": 5
        },
        {
            "codigo": "3f6DuJbBLk",
            "total": 20,
            "valor_unitario": 18384,
            "descuento": 0.16,
            "IVA": 19
        },
        {
            "codigo": "mn2NOu27h9",
            "total": 1,
            "valor_unitario": 268892,
            "descuento": 0.38,
            "IVA": 0
        },
        {
            "codigo": "3RSgZeNc17",
            "total": 15,
            "valor_unitario": 410627,
            "descuento": 0.47,
            "IVA": 19
        },
        {
            "codigo": "l1U5RHJEDX",
            "total": 15,
            "valor_unitario": 121353,
            "descuento": 0.36,
            "IVA": 19
        },
        {
            "codigo": "Q6hA4oJilj",
            "total": 7,
            "valor_unitario": 609385,
            "descuento": 0.27,
            "IVA": 0
        }
    ]
}