{
    "empresa_nit": "789526431",
    "empresa_ciudad": "BARRANQUILLA",
    "empresa_sede": "terminal",
    "empresa_nombre": "Supermercado Central",
    "fecha_hora": "2021-05-24 02:03:53",
    "factura_num": "01170",
    "ciente_numero": 304755247,
    "pago_tipo": "TAR.CREDITO",
    "productos": [
        {
            "codigo": "1GoDbYwwSn",
            "total": 6,
            "valor_unitario": 328370,
            "descuento": 0.15,
            "IVA": 5
        },
        {
            "codigo": "4TwQCTsYC1",
            "total": 18,
            "valor_unitario": 752289,
            "descuento": 0.09,
            "IVA": 5
        },
        {
            "codigo": "c8tINF3e2w",
            "total": 11,
            "valor_unitario": 30830,
            "descuento": 0.2,
            "IVA": 5
        },
        {
            "codigo": "nUJaRQ63Ih",
            "total": 17,
            "valor_unitario": 811831,
            "descuento": 0.44,
            "IVA": 5
        },
        {
            "codigo": "dqrYSlQkoF",
            "total": 14,
            "valor_unitario": 688229,
            "descuento": 0.38,
            "IVA": 19
        },
        {
            "codigo": "zFIHEjyKtH",
            "total": 17,
            "valor_unitario": 938627,
            "descuento": 0.4,
            "IVA": 5
        },
        {
            "codigo": "WeShdpAtra",
            "total": 13,
            "valor_unitario": 728642,
            "descuento": 0.13,
            "IVA": 5
        },
        {
            "codigo": "73MRIaqafe",
            "total": 19,
            "valor_unitario": 942572,
            "descuento": 0.05,
            "IVA": 0
        },
        {
            "codigo": "uzltNZsK1F",
            "total": 13,
            "valor_unitario": 739231,
            "descuento": 0.13,
            "IVA": 0
        },
        {
            "codigo": "Ar5qylUA2B",
            "total": 2,
            "valor_unitario": 886392,
            "descuento": 0.26,
            "IVA": 5
        },
        {
            "codigo": "0LNJXyEhyV",
            "total": 16,
            "valor_unitario": 166303,
            "descuento": 0.41,
            "IVA": 19
        }
    ]
}