{
    "empresa_nit": "789526431",
    "empresa_ciudad": "BARRANQUILLA",
    "empresa_sede": "alcaldia",
    "empresa_nombre": "Supermercado Central",
    "fecha_hora": "2020-01-26 16:51:38",
    "factura_num": "01408",
    "ciente_numero": 960308064,
    "pago_tipo": "TAR.CREDITO",
    "productos": [
        {
            "codigo": "lhjITMpoxp",
            "total": 4,
            "valor_unitario": 587475,
            "descuento": 0.11,
            "IVA": 19
        },
        {
            "codigo": "3XtuTuFxvQ",
            "total": 18,
            "valor_unitario": 793978,
            "descuento": 0.32,
            "IVA": 19
        },
        {
            "codigo": "zTQ2hRTJF9",
            "total": 20,
            "valor_unitario": 184313,
            "descuento": 0.14,
            "IVA": 5
        },
        {
            "codigo": "w4Kdspp0FE",
            "total": 12,
            "valor_unitario": 365182,
            "descuento": 0.08,
            "IVA": 19
        },
        {
            "codigo": "dxJ2t8oX9h",
            "total": 6,
            "valor_unitario": 171504,
            "descuento": 0.34,
            "IVA": 0
        },
        {
            "codigo": "cJCYj1p8zM",
            "total": 18,
            "valor_unitario": 216543,
            "descuento": 0.44,
            "IVA": 0
        },
        {
            "codigo": "pDdY0GhbIh",
            "total": 10,
            "valor_unitario": 88917,
            "descuento": 0.21,
            "IVA": 5
        },
        {
            "codigo": "nwVeXaRhoG",
            "total": 15,
            "valor_unitario": 330259,
            "descuento": 0.02,
            "IVA": 0
        },
        {
            "codigo": "mj3M3cR9EJ",
            "total": 9,
            "valor_unitario": 378436,
            "descuento": 0.01,
            "IVA": 5
        },
        {
            "codigo": "Guwd4rFZj2",
            "total": 13,
            "valor_unitario": 842647,
            "descuento": 0.04,
            "IVA": 5
        },
        {
            "codigo": "6Ymhb76Lmi",
            "total": 6,
            "valor_unitario": 405307,
            "descuento": 0.02,
            "IVA": 5
        },
        {
            "codigo": "7dd8R34ks1",
            "total": 5,
            "valor_unitario": 380491,
            "descuento": 0.05,
            "IVA": 0
        }
    ]
}