{
    "empresa_nit": "789526431",
    "empresa_ciudad": "CALI",
    "empresa_sede": "plaza",
    "empresa_nombre": "Supermercado Central",
    "fecha_hora": "2021-02-28 11:21:12",
    "factura_num": "01362",
    "ciente_numero": 296644033,
    "pago_tipo": "TAR.DEBITO",
    "productos": [
        {
            "codigo": "wAm5NJqkI2",
            "total": 14,
            "valor_unitario": 941583,
            "descuento": 0.45,
            "IVA": 19
        },
        {
            "codigo": "76vtsyKgZo",
            "total": 2,
            "valor_unitario": 535535,
            "descuento": 0.04,
            "IVA": 19
        },
        {
            "codigo": "nfCme3QFfG",
            "total": 11,
            "valor_unitario": 126170,
            "descuento": 0.3,
            "IVA": 19
        },
        {
            "codigo": "IorjYRtzG2",
            "total": 13,
            "valor_unitario": 484319,
            "descuento": 0.1,
            "IVA": 5
        },
        {
            "codigo": "4QAOuuH64C",
            "total": 19,
            "valor_unitario": 731606,
            "descuento": 0.25,
            "IVA": 0
        },
        {
            "codigo": "eCtvkpayuz",
            "total": 13,
            "valor_unitario": 460808,
            "descuento": 0.08,
            "IVA": 0
        },
        {
            "codigo": "lbEttWQTMf",
            "total": 8,
            "valor_unitario": 496828,
            "descuento": 0.23,
            "IVA": 0
        },
        {
            "codigo": "2nFkVGgDJG",
            "total": 2,
            "valor_unitario": 161307,
            "descuento": 0.28,
            "IVA": 0
        },
        {
            "codigo": "PDKnvVKxoN",
            "total": 20,
            "valor_unitario": 478388,
            "descuento": 0.47,
            "IVA": 0
        }
    ]
}