{
    "empresa_nit": "789526431",
    "empresa_ciudad": "MEDELLIN",
    "empresa_sede": "alcaldia",
    "empresa_nombre": "Supermercado Central",
    "fecha_hora": "2020-10-16 08:17:46",
    "factura_num": "01097",
    "ciente_numero": 732455657,
    "pago_tipo": "TAR.DEBITO",
    "productos": [
        {
            "codigo": "Tb9dAuLT9Q",
            "total": 4,
            "valor_unitario": 125244,
            "descuento": 0.27,
            "IVA": 0
        },
        {
            "codigo": "8J2OZTQmPn",
            "total": 9,
            "valor_unitario": 580461,
            "descuento": 0.26,
            "IVA": 5
        },
        {
            "codigo": "obpl0QmGCd",
            "total": 8,
            "valor_unitario": 576396,
            "descuento": 0.3,
            "IVA": 0
        },
        {
            "codigo": "yrTrhzoy4F",
            "total": 8,
            "valor_unitario": 148309,
            "descuento": 0.09,
            "IVA": 5
        },
        {
            "codigo": "lZSIYg0tY7",
            "total": 7,
            "valor_unitario": 978686,
            "descuento": 0.43,
            "IVA": 5
        },
        {
            "codigo": "koTecsxfqd",
            "total": 8,
            "valor_unitario": 422629,
            "descuento": 0.13,
            "IVA": 0
        },
        {
            "codigo": "8tawjukBFX",
            "total": 16,
            "valor_unitario": 88071,
            "descuento": 0.06,
            "IVA": 0
        },
        {
            "codigo": "bHfiVWNmor",
            "total": 1,
            "valor_unitario": 907881,
            "descuento": 0.0,
            "IVA": 5
        },
        {
            "codigo": "YOl8aLt0en",
            "total": 3,
            "valor_unitario": 510642,
            "descuento": 0.27,
            "IVA": 0
        },
        {
            "codigo": "wJZHwow714",
            "total": 19,
            "valor_unitario": 12363,
            "descuento": 0.11,
            "IVA": 5
        },
        {
            "codigo": "estTkyw5Rb",
            "total": 2,
            "valor_unitario": 407370,
            "descuento": 0.14,
            "IVA": 5
        },
        {
            "codigo": "q1kRgMDw6Z",
            "total": 16,
            "valor_unitario": 39635,
            "descuento": 0.22,
            "IVA": 5
        },
        {
            "codigo": "bemZWOK5Pq",
            "total": 2,
            "valor_unitario": 112399,
            "descuento": 0.17,
            "IVA": 5
        },
        {
            "codigo": "AgxljOmTsf",
            "total": 14,
            "valor_unitario": 433181,
            "descuento": 0.46,
            "IVA": 19
        },
        {
            "codigo": "hKlmBGLlBu",
            "total": 16,
            "valor_unitario": 574420,
            "descuento": 0.27,
            "IVA": 5
        },
        {
            "codigo": "gjWDPO2tdV",
            "total": 8,
            "valor_unitario": 677122,
            "descuento": 0.32,
            "IVA": 5
        },
        {
            "codigo": "I9nXdV6bh8",
            "total": 5,
            "valor_unitario": 165878,
            "descuento": 0.45,
            "IVA": 5
        },
        {
            "codigo": "RoINkQ6hi3",
            "total": 16,
            "valor_unitario": 72812,
            "descuento": 0.45,
            "IVA": 0
        }
    ]
}