{
    "empresa_nit": "789526431",
    "empresa_ciudad": "TUNJA",
    "empresa_sede": "centro",
    "empresa_nombre": "Supermercado Central",
    "fecha_hora": "2020-03-09 11:01:43",
    "factura_num": "01318",
    "ciente_numero": 640771465,
    "pago_tipo": "TRANFERENCIA",
    "productos": [
        {
            "codigo": "nzuxodl5ra",
            "total": 14,
            "valor_unitario": 474144,
            "descuento": 0.42,
            "IVA": 5
        },
        {
            "codigo": "rOxMCkD9Iz",
            "total": 10,
            "valor_unitario": 277792,
            "descuento": 0.15,
            "IVA": 0
        },
        {
            "codigo": "Aq3tLXhjjv",
            "total": 1,
            "valor_unitario": 669626,
            "descuento": 0.37,
            "IVA": 19
        },
        {
            "codigo": "XSfA7T7ir3",
            "total": 5,
            "valor_unitario": 406283,
            "descuento": 0.42,
            "IVA": 0
        },
        {
            "codigo": "0tS2Es1RHk",
            "total": 17,
            "valor_unitario": 371710,
            "descuento": 0.14,
            "IVA": 19
        },
        {
            "codigo": "Ynb4YgbYYR",
            "total": 3,
            "valor_unitario": 829450,
            "descuento": 0.05,
            "IVA": 0
        },
        {
            "codigo": "rTLbxMIBzY",
            "total": 9,
            "valor_unitario": 10640,
            "descuento": 0.16,
            "IVA": 5
        },
        {
            "codigo": "WFejOStlJs",
            "total": 10,
            "valor_unitario": 966525,
            "descuento": 0.16,
            "IVA": 5
        },
        {
            "codigo": "c0DkK9v0y7",
            "total": 11,
            "valor_unitario": 430636,
            "descuento": 0.0,
            "IVA": 5
        },
        {
            "codigo": "YPR6oaC4hZ",
            "total": 6,
            "valor_unitario": 977164,
            "descuento": 0.14,
            "IVA": 5
        },
        {
            "codigo": "dZaGBcKscK",
            "total": 4,
            "valor_unitario": 339398,
            "descuento": 0.27,
            "IVA": 5
        },
        {
            "codigo": "uxHUFu725o",
            "total": 13,
            "valor_unitario": 69247,
            "descuento": 0.11,
            "IVA": 19
        },
        {
            "codigo": "LLwCVyWzvn",
            "total": 5,
            "valor_unitario": 295761,
            "descuento": 0.17,
            "IVA": 0
        },
        {
            "codigo": "sHBPwcEtsS",
            "total": 11,
            "valor_unitario": 447173,
            "descuento": 0.21,
            "IVA": 0
        },
        {
            "codigo": "7kEnwJgiJj",
            "total": 7,
            "valor_unitario": 855674,
            "descuento": 0.39,
            "IVA": 5
        }
    ]
}