{
    "empresa_nit": "789526431",
    "empresa_ciudad": "TUNJA",
    "empresa_sede": "alcaldia",
    "empresa_nombre": "Supermercado Central",
    "fecha_hora": "2023-01-26 21:08:51",
    "factura_num": "01150",
    "ciente_numero": 58278847,
    "pago_tipo": "TAR.CREDITO",
    "productos": [
        {
            "codigo": "xCa5PxQNPe",
            "total": 17,
            "valor_unitario": 874693,
            "descuento": 0.32,
            "IVA": 0
        },
        {
            "codigo": "wokJILLlZ5",
            "total": 19,
            "valor_unitario": 223111,
            "descuento": 0.27,
            "IVA": 0
        },
        {
            "codigo": "8hTilht4IW",
            "total": 9,
            "valor_unitario": 154854,
            "descuento": 0.14,
            "IVA": 5
        },
        {
            "codigo": "ZLxDGkzTYU",
            "total": 9,
            "valor_unitario": 90312,
            "descuento": 0.35,
            "IVA": 19
        },
        {
            "codigo": "fZEnf4WH5z",
            "total": 9,
            "valor_unitario": 524042,
            "descuento": 0.44,
            "IVA": 0
        },
        {
            "codigo": "XzATsMW6eX",
            "total": 7,
            "valor_unitario": 324671,
            "descuento": 0.18,
            "IVA": 0
        },
        {
            "codigo": "wJQ9iZdyJ9",
            "total": 18,
            "valor_unitario": 493599,
            "descuento": 0.06,
            "IVA": 19
        },
        {
            "codigo": "4gsDQ0spDl",
            "total": 6,
            "valor_unitario": 53122,
            "descuento": 0.39,
            "IVA": 0
        },
        {
            "codigo": "3OaMz7bN1i",
            "total": 5,
            "valor_unitario": 309889,
            "descuento": 0.45,
            "IVA": 5
        },
        {
            "codigo": "RcV6VhP5ne",
            "total": 19,
            "valor_unitario": 503640,
            "descuento": 0.49,
            "IVA": 0
        }
    ]
}