{
    "empresa_nit": "789526431",
    "empresa_ciudad": "MEDELLIN",
    "empresa_sede": "alcaldia",
    "empresa_nombre": "Supermercado Central",
    "fecha_hora": "2020-03-13 23:35:38",
    "factura_num": "01428",
    "ciente_numero": 106862950,
    "pago_tipo": "EFECTIVO",
    "productos": [
        {
            "codigo": "AiwhdkxGEY",
            "total": 1,
            "valor_unitario": 37451,
            "descuento": 0.06,
            "IVA": 5
        },
        {
            "codigo": "SEQd6x7kSh",
            "total": 17,
            "valor_unitario": 415912,
            "descuento": 0.14,
            "IVA": 0
        },
        {
            "codigo": "tmPXBxGLYi",
            "total": 3,
            "valor_unitario": 102239,
            "descuento": 0.47,
            "IVA": 19
        },
        {
            "codigo": "0DyxgLXEYu",
            "total": 7,
            "valor_unitario": 11992,
            "descuento": 0.11,
            "IVA": 19
        },
        {
            "codigo": "RXFqlp1d3Q",
            "total": 18,
            "valor_unitario": 164139,
            "descuento": 0.13,
            "IVA": 5
        },
        {
            "codigo": "v2xo4sgFTQ",
            "total": 7,
            "valor_unitario": 530568,
            "descuento": 0.22,
            "IVA": 0
        },
        {
            "codigo": "YtUhVCrvr7",
            "total": 9,
            "valor_unitario": 349397,
            "descuento": 0.33,
            "IVA": 19
        },
        {
            "codigo": "6tEIzSJJAn",
            "total": 16,
            "valor_unitario": 451514,
            "descuento": 0.1,
            "IVA": 0
        },
        {
            "codigo": "OXqffaOPiU",
            "total": 10,
            "valor_unitario": 399933,
            "descuento": 0.48,
            "IVA": 5
        },
        {
            "codigo": "3CtpNr8kKs",
            "total": 7,
            "valor_unitario": 82900,
            "descuento": 0.02,
            "IVA": 19
        },
        {
            "codigo": "V9n0PRVls4",
            "total": 4,
            "valor_unitario": 768761,
            "descuento": 0.46,
            "IVA": 0
        },
        {
            "codigo": "VOq0XoJMq5",
            "total": 16,
            "valor_unitario": 510712,
            "descuento": 0.24,
            "IVA": 19
        },
        {
            "codigo": "weSHW4r7Ml",
            "total": 8,
            "valor_unitario": 866871,
            "descuento": 0.19,
            "IVA": 19
        },
        {
            "codigo": "C6iW1AWbrP",
            "total": 16,
            "valor_unitario": 698347,
            "descuento": 0.14,
            "IVA": 19
        },
        {
            "codigo": "q8nfXbXjlY",
            "total": 19,
            "valor_unitario": 761069,
            "descuento": 0.07,
            "IVA": 0
        },
        {
            "codigo": "g11Gm2vKi3",
            "total": 15,
            "valor_unitario": 543226,
            "descuento": 0.01,
            "IVA": 19
        },
        {
            "codigo": "VWKdcp9uY7",
            "total": 8,
            "valor_unitario": 840330,
            "descuento": 0.35,
            "IVA": 19
        },
        {
            "codigo": "Ke18m3bslw",
            "total": 8,
            "valor_unitario": 776738,
            "descuento": 0.39,
            "IVA": 5
        }
    ]
}