{
    "empresa_nit": "789526431",
    "empresa_ciudad": "BOGOTA",
    "empresa_sede": "autopista",
    "empresa_nombre": "Supermercado Central",
    "fecha_hora": "2024-02-09 19:59:09",
    "factura_num": "01160",
    "ciente_numero": 542212431,
    "pago_tipo": "EFECTIVO",
    "productos": [
        {
            "codigo": "wCgxDoLPZd",
            "total": 19,
            "valor_unitario": 373672,
            "descuento": 0.1,
            "IVA": 0
        },
        {
            "codigo": "URTcyYLUBH",
            "total": 8,
            "valor_unitario": 155101,
            "descuento": 0.08,
            "IVA": 19
        },
        {
            "codigo": "IThVXTCHZq",
            "total": 19,
            "valor_unitario": 224113,
            "descuento": 0.33,
            "IVA": 0
        },
        {
            "codigo": "tBBDcTmbXB",
            "total": 14,
            "valor_unitario": 864348,
            "descuento": 0.16,
            "IVA": 5
        },
        {
            "codigo": "wl7vHSlxtp",
            "total": 14,
            "valor_unitario": 642341,
            "descuento": 0.02,
            "IVA": 19
        },
        {
            "codigo": "oQKva85mb9",
            "total": 1,
            "valor_unitario": 335840,
            "descuento": 0.23,
            "IVA": 0
        },
        {
            "codigo": "luDwGPCVkB",
            "total": 2,
            "valor_unitario": 782314,
            "descuento": 0.28,
            "IVA": 5
        },
        {
            "codigo": "frl2mk0R8x",
            "total": 19,
            "valor_unitario": 490220,
            "descuento": 0.25,
            "IVA": 5
        },
        {
            "codigo": "qnm2I8p69a",
            "total": 19,
            "valor_unitario": 736654,
            "descuento": 0.41,
            "IVA": 19
        },
        {
            "codigo": "xfJP83cIcv",
            "total": 8,
            "valor_unitario": 844023,
            "descuento": 0.46,
            "IVA": 5
        },
        {
            "codigo": "B3XMyd7f2t",
            "total": 2,
            "valor_unitario": 941551,
            "descuento": 0.39,
            "IVA": 5
        },
        {
            "codigo": "Qahk7fjQij",
            "total": 19,
            "valor_unitario": 909143,
            "descuento": 0.25,
            "IVA": 0
        },
        {
            "codigo": "FQ2nZ62S5r",
            "total": 3,
            "valor_unitario": 655642,
            "descuento": 0.3,
            "IVA": 0
        },
        {
            "codigo": "xS1lOoSy44",
            "total": 1,
            "valor_unitario": 238640,
            "descuento": 0.0,
            "IVA": 0
        },
        {
            "codigo": "wbRzAr8rWz",
            "total": 12,
            "valor_unitario": 518612,
            "descuento": 0.29,
            "IVA": 5
        }
    ]
}