{
    "empresa_nit": "789526431",
    "empresa_ciudad": "TUNJA",
    "empresa_sede": "autopista",
    "empresa_nombre": "Supermercado Central",
    "fecha_hora": "2020-11-22 06:22:31",
    "factura_num": "01161",
    "ciente_numero": 898822154,
    "pago_tipo": "TAR.CREDITO",
    "productos": [
        {
            "codigo": "E7j4RLM7oo",
            "total": 15,
            "valor_unitario": 327061,
            "descuento": 0.14,
            "IVA": 19
        },
        {
            "codigo": "ClwmEd6O0S",
            "total": 16,
            "valor_unitario": 930996,
            "descuento": 0.09,
            "IVA": 19
        },
        {
            "codigo": "6rlrwc6pFJ",
            "total": 6,
            "valor_unitario": 25814,
            "descuento": 0.29,
            "IVA": 0
        },
        {
            "codigo": "bXtlFxnhbR",
            "total": 17,
            "valor_unitario": 928706,
            "descuento": 0.21,
            "IVA": 19
        },
        {
            "codigo": "QsNdyZojss",
            "total": 1,
            "valor_unitario": 453709,
            "descuento": 0.08,
            "IVA": 5
        }
    ]
}