{
    "empresa_nit": "789526431",
    "empresa_ciudad": "BOGOTA",
    "empresa_sede": "alcaldia",
    "empresa_nombre": "Supermercado Central",
    "fecha_hora": "2024-02-07 21:21:34",
    "factura_num": "01065",
    "ciente_numero": 614459291,
    "pago_tipo": "TAR.CREDITO",
    "productos": [
        {
            "codigo": "5yPT0Pc4Yw",
            "total": 17,
            "valor_unitario": 561771,
            "descuento": 0.04,
            "IVA": 5
        },
        {
            "codigo": "YKWX5e6qnl",
            "total": 19,
            "valor_unitario": 151054,
            "descuento": 0.43,
            "IVA": 0
        },
        {
            "codigo": "3fXcWV5gjN",
            "total": 10,
            "valor_unitario": 684013,
            "descuento": 0.36,
            "IVA": 0
        },
        {
            "codigo": "snvXVAZel3",
            "total": 3,
            "valor_unitario": 612477,
            "descuento": 0.36,
            "IVA": 0
        },
        {
            "codigo": "5e8Ou4FriJ",
            "total": 11,
            "valor_unitario": 956615,
            "descuento": 0.11,
            "IVA": 19
        },
        {
            "codigo": "omLMu9MdoF",
            "total": 8,
            "valor_unitario": 115150,
            "descuento": 0.41,
            "IVA": 0
        },
        {
            "codigo": "pQVK0u1uEB",
            "total": 17,
            "valor_unitario": 929557,
            "descuento": 0.15,
            "IVA": 0
        }
    ]
}