{
    "empresa_nit": "789526431",
    "empresa_ciudad": "BARRANQUILLA",
    "empresa_sede": "centro",
    "empresa_nombre": "Supermercado Central",
    "fecha_hora": "2022-09-30 15:31:02",
    "factura_num": "01401",
    "ciente_numero": 660665951,
    "pago_tipo": "TRANFERENCIA",
    "productos": [
        {
            "codigo": "F4UlZVjLnY",
            "total": 13,
            "valor_unitario": 19141,
            "descuento": 0.11,
            "IVA": 19
        },
        {
            "codigo": "ehC5iVrvLw",
            "total": 2,
            "valor_unitario": 194367,
            "descuento": 0.5,
            "IVA": 5
        },
        {
            "codigo": "o8BhnBOsMh",
            "total": 16,
            "valor_unitario": 892330,
            "descuento": 0.29,
            "IVA": 5
        },
        {
            "codigo": "XcyOQAHLEY",
            "total": 12,
            "valor_unitario": 504265,
            "descuento": 0.03,
            "IVA": 19
        },
        {
            "codigo": "yf26ujXzbA",
            "total": 16,
            "valor_unitario": 471747,
            "descuento": 0.09,
            "IVA": 5
        },
        {
            "codigo": "fLZNxI8Fqe",
            "total": 19,
            "valor_unitario": 782602,
            "descuento": 0.21,
            "IVA": 5
        },
        {
            "codigo": "YdpSa4qiX6",
            "total": 20,
            "valor_unitario": 81675,
            "descuento": 0.24,
            "IVA": 5
        },
        {
            "codigo": "tZyGaLChbS",
            "total": 2,
            "valor_unitario": 311508,
            "descuento": 0.02,
            "IVA": 19
        },
        {
            "codigo": "ClSx2skFgS",
            "total": 13,
            "valor_unitario": 157570,
            "descuento": 0.13,
            "IVA": 0
        },
        {
            "codigo": "AbwLiFzuah",
            "total": 1,
            "valor_unitario": 167263,
            "descuento": 0.16,
            "IVA": 5
        },
        {
            "codigo": "3ye58evGkb",
            "total": 14,
            "valor_unitario": 410582,
            "descuento": 0.35,
            "IVA": 5
        },
        {
            "codigo": "QXEPpTcRhG",
            "total": 15,
            "valor_unitario": 628371,
            "descuento": 0.11,
            "IVA": 19
        },
        {
            "codigo": "wN2JgKIxT2",
            "total": 15,
            "valor_unitario": 365541,
            "descuento": 0.04,
            "IVA": 5
        },
        {
            "codigo": "nDKiVFbHQN",
            "total": 17,
            "valor_unitario": 309565,
            "descuento": 0.31,
            "IVA": 0
        },
        {
            "codigo": "vxDrtnylYE",
            "total": 6,
            "valor_unitario": 312882,
            "descuento": 0.01,
            "IVA": 0
        }
    ]
}