{
    "empresa_nit": "789526431",
    "empresa_ciudad": "CALI",
    "empresa_sede": "centro",
    "empresa_nombre": "Supermercado Central",
    "fecha_hora": "2024-08-22 15:22:43",
    "factura_num": "01072",
    "ciente_numero": 431521223,
    "pago_tipo": "TRANFERENCIA",
    "productos": [
        {
            "codigo": "LM8HbI6O2Y",
            "total": 15,
            "valor_unitario": 657736,
            "descuento": 0.19,
            "IVA": 19
        },
        {
            "codigo": "y55I1OGhED",
            "total": 9,
            "valor_unitario": 453266,
            "descuento": 0.11,
            "IVA": 19
        },
        {
            "codigo": "qYqWjphPOG",
            "total": 12,
            "valor_unitario": 142775,
            "descuento": 0.49,
            "IVA": 0
        },
        {
            "codigo": "XUnplMRbDq",
            "total": 2,
            "valor_unitario": 659498,
            "descuento": 0.38,
            "IVA": 19
        },
        {
            "codigo": "KuWQjcSOq3",
            "total": 9,
            "valor_unitario": 104920,
            "descuento": 0.2,
            "IVA": 19
        },
        {
            "codigo": "AcW08fYr3H",
            "total": 10,
            "valor_unitario": 586795,
            "descuento": 0.32,
            "IVA": 0
        },
        {
            "codigo": "hp0VSIkzqr",
            "total": 13,
            "valor_unitario": 253386,
            "descuento": 0.24,
            "IVA": 5
        },
        {
            "codigo": "odxCClQA3r",
            "total": 5,
            "valor_unitario": 364260,
            "descuento": 0.09,
            "IVA": 5
        },
        {
            "codigo": "HKirU8znE1",
            "total": 15,
            "valor_unitario": 490896,
            "descuento": 0.13,
            "IVA": 19
        },
        {
            "codigo": "IxiDgR2YRv",
            "total": 20,
            "valor_unitario": 266949,
            "descuento": 0.41,
            "IVA": 0
        },
        {
            "codigo": "aNQ6uXkYRn",
            "total": 18,
            "valor_unitario": 639911,
            "descuento": 0.35,
            "IVA": 19
        },
        {
            "codigo": "KujAli0dEC",
            "total": 2,
            "valor_unitario": 882634,
            "descuento": 0.12,
            "IVA": 0
        },
        {
            "codigo": "QQeYEzHMZG",
            "total": 18,
            "valor_unitario": 686931,
            "descuento": 0.48,
            "IVA": 19
        },
        {
            "codigo": "C5bgTkAYZO",
            "total": 12,
            "valor_unitario": 327557,
            "descuento": 0.39,
            "IVA": 19
        },
        {
            "codigo": "HL6Z140xBX",
            "total": 6,
            "valor_unitario": 816515,
            "descuento": 0.05,
            "IVA": 19
        }
    ]
}