{
    "empresa_nit": "789526431",
    "empresa_ciudad": "BARRANQUILLA",
    "empresa_sede": "alcaldia",
    "empresa_nombre": "Supermercado Central",
    "fecha_hora": "2022-12-03 14:35:13",
    "factura_num": "01436",
    "ciente_numero": 35743123,
    "pago_tipo": "EFECTIVO",
    "productos": [
        {
            "codigo": "MkOgCmiNTy",
            "total": 20,
            "valor_unitario": 531183,
            "descuento": 0.03,
            "IVA": 19
        },
        {
            "codigo": "AAkCoQUzjq",
            "total": 10,
            "valor_unitario": 928362,
            "descuento": 0.23,
            "IVA": 0
        },
        {
            "codigo": "AgSbb6SW4o",
            "total": 10,
            "valor_unitario": 972574,
            "descuento": 0.19,
            "IVA": 19
        },
        {
            "codigo": "1Ch9GvxNRY",
            "total": 18,
            "valor_unitario": 433196,
            "descuento": 0.17,
            "IVA": 5
        },
        {
            "codigo": "z3YfnBxduv",
            "total": 16,
            "valor_unitario": 323018,
            "descuento": 0.01,
            "IVA": 5
        },
        {
            "codigo": "96srTu18XN",
            "total": 1,
            "valor_unitario": 683863,
            "descuento": 0.07,
            "IVA": 5
        },
        {
            "codigo": "8N32CZ0NcR",
            "total": 7,
            "valor_unitario": 605164,
            "descuento": 0.15,
            "IVA": 5
        },
        {
            "codigo": "9Yk0aFoq6u",
            "total": 7,
            "valor_unitario": 3355,
            "descuento": 0.3,
            "IVA": 0
        },
        {
            "codigo": "Vq290UQPiC",
            "total": 17,
            "valor_unitario": 419817,
            "descuento": 0.26,
            "IVA": 5
        },
        {
            "codigo": "k09FV81QRb",
            "total": 9,
            "valor_unitario": 702986,
            "descuento": 0.08,
            "IVA": 19
        },
        {
            "codigo": "D85sLUO8GM",
            "total": 3,
            "valor_unitario": 627015,
            "descuento": 0.11,
            "IVA": 0
        },
        {
            "codigo": "I3P38vE2cU",
            "total": 20,
            "valor_unitario": 492577,
            "descuento": 0.23,
            "IVA": 19
        },
        {
            "codigo": "u059R6EnIq",
            "total": 17,
            "valor_unitario": 478404,
            "descuento": 0.25,
            "IVA": 5
        },
        {
            "codigo": "N2hawKeGst",
            "total": 1,
            "valor_unitario": 809524,
            "descuento": 0.3,
            "IVA": 5
        }
    ]
}