{
    "empresa_nit": "789526431",
    "empresa_ciudad": "MEDELLIN",
    "empresa_sede": "aeropuerto",
    "empresa_nombre": "Supermercado Central",
    "fecha_hora": "2021-12-06 07:31:37",
    "factura_num": "01277",
    "ciente_numero": 914864485,
    "pago_tipo": "TRANFERENCIA",
    "productos": [
        {
            "codigo": "QYF6xWo0vM",
            "total": 7,
            "valor_unitario": 662271,
            "descuento": 0.08,
            "IVA": 5
        },
        {
            "codigo": "GOVkkkPm5u",
            "total": 3,
            "valor_unitario": 717689,
            "descuento": 0.06,
            "IVA": 0
        },
        {
            "codigo": "7ecn0Zh3Jm",
            "total": 12,
            "valor_unitario": 321298,
            "descuento": 0.44,
            "IVA": 19
        },
        {
            "codigo": "ZmfqrgfK7y",
            "total": 4,
            "valor_unitario": 198099,
            "descuento": 0.26,
            "IVA": 5
        },
        {
            "codigo": "UVrCCwqx2x",
            "total": 20,
            "valor_unitario": 154841,
            "descuento": 0.27,
            "IVA": 5
        },
        {
            "codigo": "BsBzBRCocZ",
            "total": 2,
            "valor_unitario": 316661,
            "descuento": 0.35,
            "IVA": 5
        },
        {
            "codigo": "oIECVjNAzZ",
            "total": 4,
            "valor_unitario": 507461,
            "descuento": 0.22,
            "IVA": 19
        }
    ]
}