{
    "empresa_nit": "789526431",
    "empresa_ciudad": "MEDELLIN",
    "empresa_sede": "alcaldia",
    "empresa_nombre": "Supermercado Central",
    "fecha_hora": "2021-08-15 11:03:20",
    "factura_num": "00013",
    "ciente_numero": 604057896,
    "pago_tipo": "TAR.CREDITO",
    "productos": [
        {
            "codigo": "rEcfs7TEQt",
            "total": 2,
            "valor_unitario": 187827,
            "descuento": 0.46,
            "IVA": 0
        },
        {
            "codigo": "8vYkz9G9p5",
            "total": 12,
            "valor_unitario": 8184,
            "descuento": 0.06,
            "IVA": 19
        },
        {
            "codigo": "WMtptydDAY",
            "total": 1,
            "valor_unitario": 661547,
            "descuento": 0.4,
            "IVA": 5
        },
        {
            "codigo": "b0cCBwHYaf",
            "total": 19,
            "valor_unitario": 377501,
            "descuento": 0.07,
            "IVA": 5
        }
    ]
}