{
    "empresa_nit": "789526431",
    "empresa_ciudad": "BARRANQUILLA",
    "empresa_sede": "autopista",
    "empresa_nombre": "Supermercado Central",
    "fecha_hora": "2024-05-04 07:01:50",
    "factura_num": "01049",
    "ciente_numero": 348815194,
    "pago_tipo": "EFECTIVO",
    "productos": [
        {
            "codigo": "POciLZTsIa",
            "total": 14,
            "valor_unitario": 269283,
            "descuento": 0.18,
            "IVA": 19
        },
        {
            "codigo": "6WCJUgBw7g",
            "total": 13,
            "valor_unitario": 425623,
            "descuento": 0.31,
            "IVA": 0
        }
    ]
}