{
    "empresa_nit": "789526431",
    "empresa_ciudad": "CALI",
    "empresa_sede": "terminal",
    "empresa_nombre": "Supermercado Central",
    "fecha_hora": "2024-01-21 14:48:56",
    "factura_num": "01244",
    "ciente_numero": 620782143,
    "pago_tipo": "EFECTIVO",
    "productos": [
        {
            "codigo": "pQVvXN5v1T",
            "total": 16,
            "valor_unitario": 432667,
            "descuento": 0.2,
            "IVA": 0
        },
        {
            "codigo": "mvzGr3hNcm",
            "total": 3,
            "valor_unitario": 388861,
            "descuento": 0.0,
            "IVA": 19
        },
        {
            "codigo": "A5QFLfZm7l",
            "total": 10,
            "valor_unitario": 652320,
            "descuento": 0.13,
            "IVA": 19
        },
        {
            "codigo": "VnU8nNGOxI",
            "total": 17,
            "valor_unitario": 68998,
            "descuento": 0.29,
            "IVA": 19
        },
        {
            "codigo": "W3BPTIVtPZ",
            "total": 4,
            "valor_unitario": 397980,
            "descuento": 0.49,
            "IVA": 19
        },
        {
            "codigo": "7ynE6wJhcv",
            "total": 14,
            "valor_unitario": 876468,
            "descuento": 0.39,
            "IVA": 19
        },
        {
            "codigo": "OQBLp2LGIu",
            "total": 12,
            "valor_unitario": 514431,
            "descuento": 0.1,
            "IVA": 5
        }
    ]
}