{
    "empresa_nit": "789526431",
    "empresa_ciudad": "BARRANQUILLA",
    "empresa_sede": "autopista",
    "empresa_nombre": "Supermercado Central",
    "fecha_hora": "2020-07-01 20:51:13",
    "factura_num": "01229",
    "ciente_numero": 270339226,
    "pago_tipo": "EFECTIVO",
    "productos": [
        {
            "codigo": "TMQdLpSe8Q",
            "total": 20,
            "valor_unitario": 547432,
            "descuento": 0.14,
            "IVA": 5
        },
        {
            "codigo": "m9iRoohv3M",
            "total": 4,
            "valor_unitario": 6053,
            "descuento": 0.24,
            "IVA": 0
        },
        {
            "codigo": "YHRxkHGMHx",
            "total": 16,
            "valor_unitario": 112752,
            "descuento": 0.06,
            "IVA": 5
        },
        {
            "codigo": "ymM8QNFG2r",
            "total": 9,
            "valor_unitario": 20199,
            "descuento": 0.43,
            "IVA": 0
        },
        {
            "codigo": "enkNl3M2a2",
            "total": 5,
            "valor_unitario": 996353,
            "descuento": 0.15,
            "IVA": 5
        },
        {
            "codigo": "eovLSehqR5",
            "total": 1,
            "valor_unitario": 203697,
            "descuento": 0.37,
            "IVA": 0
        },
        {
            "codigo": "9QKbUDilT1",
            "total": 6,
            "valor_unitario": 956806,
            "descuento": 0.14,
            "IVA": 19
        },
        {
            "codigo": "8tUOOFCaxt",
            "total": 19,
            "valor_unitario": 712503,
            "descuento": 0.43,
            "IVA": 5
        },
        {
            "codigo": "SasTMl5jla",
            "total": 12,
            "valor_unitario": 25631,
            "descuento": 0.06,
            "IVA": 0
        },
        {
            "codigo": "oHGceKmBO2",
            "total": 10,
            "valor_unitario": 778258,
            "descuento": 0.3,
            "IVA": 0
        },
        {
            "codigo": "seQYqbUNhW",
            "total": 13,
            "valor_unitario": 677771,
            "descuento": 0.08,
            "IVA": 5
        },
        {
            "codigo": "QxCebmvB0M",
            "total": 10,
            "valor_unitario": 576129,
            "descuento": 0.12,
            "IVA": 0
        },
        {
            "codigo": "oj4ZSXE6AW",
            "total": 1,
            "valor_unitario": 106761,
            "descuento": 0.41,
            "IVA": 19
        },
        {
            "codigo": "fxjtUdAIXF",
            "total": 8,
            "valor_unitario": 3673,
            "descuento": 0.43,
            "IVA": 19
        }
    ]
}