{
    "empresa_nit": "789526431",
    "empresa_ciudad": "CALI",
    "empresa_sede": "centro",
    "empresa_nombre": "Supermercado Central",
    "fecha_hora": "2021-02-13 03:01:26",
    "factura_num": "01302",
    "ciente_numero": 155066424,
    "pago_tipo": "TAR.DEBITO",
    "productos": [
        {
            "codigo": "gAqBBR4rgV",
            "total": 17,
            "valor_unitario": 320948,
            "descuento": 0.33,
            "IVA": 0
        },
        {
            "codigo": "Ao8bdeeOSx",
            "total": 18,
            "valor_unitario": 242314,
            "descuento": 0.13,
            "IVA": 19
        },
        {
            "codigo": "VptoMGlArU",
            "total": 4,
            "valor_unitario": 906916,
            "descuento": 0.29,
            "IVA": 5
        }
    ]
}