{
    "empresa_nit": "789526431",
    "empresa_ciudad": "TUNJA",
    "empresa_sede": "aeropuerto",
    "empresa_nombre": "Supermercado Central",
    "fecha_hora": "2022-01-13 20:43:45",
    "factura_num": "01261",
    "ciente_numero": 642976011,
    "pago_tipo": "EFECTIVO",
    "productos": [
        {
            "codigo": "0WLQSaxmpe",
            "total": 20,
            "valor_unitario": 890800,
            "descuento": 0.37,
            "IVA": 5
        },
        {
            "codigo": "mS6l0GznbR",
            "total": 13,
            "valor_unitario": 821779,
            "descuento": 0.08,
            "IVA": 5
        },
        {
            "codigo": "G614VobRja",
            "total": 7,
            "valor_unitario": 622015,
            "descuento": 0.48,
            "IVA": 5
        },
        {
            "codigo": "stXTWYjMn7",
            "total": 11,
            "valor_unitario": 232351,
            "descuento": 0.3,
            "IVA": 19
        },
        {
            "codigo": "4jDJEy9XTt",
            "total": 5,
            "valor_unitario": 524284,
            "descuento": 0.22,
            "IVA": 19
        },
        {
            "codigo": "Nje1OMhXom",
            "total": 20,
            "valor_unitario": 81903,
            "descuento": 0.31,
            "IVA": 19
        },
        {
            "codigo": "mI7QL8ornD",
            "total": 19,
            "valor_unitario": 528453,
            "descuento": 0.19,
            "IVA": 19
        },
        {
            "codigo": "0dyw0fqQkz",
            "total": 3,
            "valor_unitario": 457690,
            "descuento": 0.2,
            "IVA": 5
        },
        {
            "codigo": "7EZIny6aIK",
            "total": 5,
            "valor_unitario": 634519,
            "descuento": 0.1,
            "IVA": 0
        }
    ]
}