{
    "empresa_nit": "789526431",
    "empresa_ciudad": "BOGOTA",
    "empresa_sede": "autopista",
    "empresa_nombre": "Supermercado Central",
    "fecha_hora": "2020-09-23 23:56:26",
    "factura_num": "01337",
    "ciente_numero": 111000698,
    "pago_tipo": "TAR.CREDITO",
    "productos": [
        {
            "codigo": "xSTUqK9znK",
            "total": 2,
            "valor_unitario": 647213,
            "descuento": 0.49,
            "IVA": 19
        },
        {
            "codigo": "n2CPkw2aP2",
            "total": 16,
            "valor_unitario": 478884,
            "descuento": 0.15,
            "IVA": 5
        },
        {
            "codigo": "VHCpPjmFXC",
            "total": 4,
            "valor_unitario": 427165,
            "descuento": 0.31,
            "IVA": 5
        }
    ]
}