{
    "empresa_nit": "789526431",
    "empresa_ciudad": "CALI",
    "empresa_sede": "alcaldia",
    "empresa_nombre": "Supermercado Central",
    "fecha_hora": "2023-09-18 03:09:09",
    "factura_num": "01041",
    "ciente_numero": 518210531,
    "pago_tipo": "EFECTIVO",
    "productos": [
        {
            "codigo": "pJK6d4BJEV",
            "total": 4,
            "valor_unitario": 886796,
            "descuento": 0.14,
            "IVA": 5
        },
        {
            "codigo": "6ChW7QuvkG",
            "total": 18,
            "valor_unitario": 224618,
            "descuento": 0.36,
            "IVA": 0
        },
        {
            "codigo": "mLLZqMDBVw",
            "total": 5,
            "valor_unitario": 858409,
            "descuento": 0.02,
            "IVA": 0
        },
        {
            "codigo": "lYeLFewP18",
            "total": 14,
            "valor_unitario": 176886,
            "descuento": 0.11,
            "IVA": 0
        },
        {
            "codigo": "LQ8kbvrzs7",
            "total": 9,
            "valor_unitario": 962464,
            "descuento": 0.02,
            "IVA": 5
        },
        {
            "codigo": "XU7krclRli",
            "total": 13,
            "valor_unitario": 915861,
            "descuento": 0.45,
            "IVA": 19
        },
        {
            "codigo": "7TQzW39oFO",
            "total": 13,
            "valor_unitario": 725271,
            "descuento": 0.3,
            "IVA": 0
        },
        {
            "codigo": "QwS3c5DzMm",
            "total": 18,
            "valor_unitario": 402594,
            "descuento": 0.14,
            "IVA": 0
        },
        {
            "codigo": "Dd6frcZe7h",
            "total": 14,
            "valor_unitario": 573571,
            "descuento": 0.26,
            "IVA": 19
        },
        {
            "codigo": "rQGGFKcSSw",
            "total": 2,
            "valor_unitario": 64136,
            "descuento": 0.49,
            "IVA": 0
        },
        {
            "codigo": "P3gaawJZtP",
            "total": 10,
            "valor_unitario": 586321,
            "descuento": 0.17,
            "IVA": 0
        },
        {
            "codigo": "6WrLRNhxJE",
            "total": 18,
            "valor_unitario": 235157,
            "descuento": 0.11,
            "IVA": 19
        },
        {
            "codigo": "0XiAmUmUO7",
            "total": 1,
            "valor_unitario": 638879,
            "descuento": 0.07,
            "IVA": 0
        },
        {
            "codigo": "9Pqq0HP7Zl",
            "total": 7,
            "valor_unitario": 284599,
            "descuento": 0.07,
            "IVA": 0
        },
        {
            "codigo": "l25gwHlFOi",
            "total": 8,
            "valor_unitario": 506001,
            "descuento": 0.24,
            "IVA": 19
        }
    ]
}