{
    "empresa_nit": "789526431",
    "empresa_ciudad": "BARRANQUILLA",
    "empresa_sede": "centro",
    "empresa_nombre": "Supermercado Central",
    "fecha_hora": "2023-03-11 22:09:37",
    "factura_num": "01054",
    "ciente_numero": 350460005,
    "pago_tipo": "TRANFERENCIA",
    "productos": [
        {
            "codigo": "9NqxHaRZn9",
            "total": 18,
            "valor_unitario": 620068,
            "descuento": 0.45,
            "IVA": 0
        },
        {
            "codigo": "KegsIZ9T7k",
            "total": 10,
            "valor_unitario": 563108,
            "descuento": 0.38,
            "IVA": 19
        },
        {
            "codigo": "qSjQgvFg2p",
            "total": 7,
            "valor_unitario": 728611,
            "descuento": 0.4,
            "IVA": 19
        },
        {
            "codigo": "o63hb2T1Tn",
            "total": 11,
            "valor_unitario": 259510,
            "descuento": 0.46,
            "IVA": 19
        },
        {
            "codigo": "tATIicpgWG",
            "total": 7,
            "valor_unitario": 280572,
            "descuento": 0.33,
            "IVA": 5
        },
        {
            "codigo": "DyRaIvOmcz",
            "total": 9,
            "valor_unitario": 626857,
            "descuento": 0.27,
            "IVA": 19
        },
        {
            "codigo": "7cpSYSweHo",
            "total": 17,
            "valor_unitario": 362664,
            "descuento": 0.46,
            "IVA": 19
        },
        {
            "codigo": "dJZ5XjZhY6",
            "total": 19,
            "valor_unitario": 77803,
            "descuento": 0.24,
            "IVA": 0
        }
    ]
}