{
    "empresa_nit": "789526431",
    "empresa_ciudad": "BARRANQUILLA",
    "empresa_sede": "centro",
    "empresa_nombre": "Supermercado Central",
    "fecha_hora": "2023-12-20 12:18:47",
    "factura_num": "01182",
    "ciente_numero": 377409966,
    "pago_tipo": "TRANFERENCIA",
    "productos": [
        {
            "codigo": "F4oHfiazMM",
            "total": 13,
            "valor_unitario": 184596,
            "descuento": 0.39,
            "IVA": 5
        },
        {
            "codigo": "EMj2WY0NI0",
            "total": 19,
            "valor_unitario": 169538,
            "descuento": 0.03,
            "IVA": 0
        },
        {
            "codigo": "yD7GLBs6sG",
            "total": 1,
            "valor_unitario": 742740,
            "descuento": 0.1,
            "IVA": 5
        },
        {
            "codigo": "l5WI5oMhp0",
            "total": 17,
            "valor_unitario": 366647,
            "descuento": 0.3,
            "IVA": 0
        },
        {
            "codigo": "qGdcy4ISIi",
            "total": 13,
            "valor_unitario": 289368,
            "descuento": 0.4,
            "IVA": 5
        },
        {
            "codigo": "jfxxWJkaxj",
            "total": 13,
            "valor_unitario": 477559,
            "descuento": 0.48,
            "IVA": 5
        },
        {
            "codigo": "44JjwCgkqc",
            "total": 15,
            "valor_unitario": 70028,
            "descuento": 0.16,
            "IVA": 5
        },
        {
            "codigo": "SWILQx2EvI",
            "total": 12,
            "valor_unitario": 489239,
            "descuento": 0.15,
            "IVA": 19
        },
        {
            "codigo": "oTKlkJTEnK",
            "total": 3,
            "valor_unitario": 23830,
            "descuento": 0.02,
            "IVA": 19
        },
        {
            "codigo": "dLjAHDtsgZ",
            "total": 14,
            "valor_unitario": 206124,
            "descuento": 0.1,
            "IVA": 19
        },
        {
            "codigo": "RK5XZNShri",
            "total": 5,
            "valor_unitario": 741194,
            "descuento": 0.13,
            "IVA": 5
        },
        {
            "codigo": "0UzPUa09pc",
            "total": 18,
            "valor_unitario": 862763,
            "descuento": 0.41,
            "IVA": 0
        },
        {
            "codigo": "h6jUTMvemV",
            "total": 4,
            "valor_unitario": 938768,
            "descuento": 0.32,
            "IVA": 0
        },
        {
            "codigo": "shSJHw90th",
            "total": 3,
            "valor_unitario": 449663,
            "descuento": 0.4,
            "IVA": 5
        },
        {
            "codigo": "IDZ4BqM7Z8",
            "total": 16,
            "valor_unitario": 343288,
            "descuento": 0.45,
            "IVA": 0
        },
        {
            "codigo": "1XUdffGqdX",
            "total": 3,
            "valor_unitario": 55301,
            "descuento": 0.38,
            "IVA": 19
        },
        {
            "codigo": "pnDHlsEDBD",
            "total": 17,
            "valor_unitario": 356757,
            "descuento": 0.25,
            "IVA": 19
        }
    ]
}