{
    "empresa_nit": "789526431",
    "empresa_ciudad": "BOGOTA",
    "empresa_sede": "alcaldia",
    "empresa_nombre": "Supermercado Central",
    "fecha_hora": "2024-12-15 07:40:01",
    "factura_num": "01014",
    "ciente_numero": 26699945,
    "pago_tipo": "TRANFERENCIA",
    "productos": [
        {
            "codigo": "YKi3pZaTKP",
            "total": 17,
            "valor_unitario": 506112,
            "descuento": 0.34,
            "IVA": 0
        },
        {
            "codigo": "451gowVnr7",
            "total": 11,
            "valor_unitario": 565378,
            "descuento": 0.32,
            "IVA": 0
        },
        {
            "codigo": "6XVd8oQkiW",
            "total": 4,
            "valor_unitario": 73899,
            "descuento": 0.14,
            "IVA": 19
        },
        {
            "codigo": "B1rgF4k2gk",
            "total": 18,
            "valor_unitario": 378200,
            "descuento": 0.44,
            "IVA": 5
        },
        {
            "codigo": "UH7GLZ9PNq",
            "total": 6,
            "valor_unitario": 84031,
            "descuento": 0.21,
            "IVA": 0
        },
        {
            "codigo": "1ewCh4P2gP",
            "total": 7,
            "valor_unitario": 836038,
            "descuento": 0.14,
            "IVA": 5
        },
        {
            "codigo": "s7GKa1ocXP",
            "total": 8,
            "valor_unitario": 976623,
            "descuento": 0.07,
            "IVA": 5
        },
        {
            "codigo": "oHd7HLjvZq",
            "total": 9,
            "valor_unitario": 526125,
            "descuento": 0.36,
            "IVA": 19
        }
    ]
}