{
    "empresa_nit": "789526431",
    "empresa_ciudad": "BARRANQUILLA",
    "empresa_sede": "terminal",
    "empresa_nombre": "Supermercado Central",
    "fecha_hora": "2022-12-15 17:10:05",
    "factura_num": "01051",
    "ciente_numero": 21605003,
    "pago_tipo": "TAR.CREDITO",
    "productos": [
        {
            "codigo": "TDzqjqX2bq",
            "total": 18,
            "valor_unitario": 868735,
            "descuento": 0.41,
            "IVA": 19
        },
        {
            "codigo": "22ufM2FVL9",
            "total": 1,
            "valor_unitario": 631580,
            "descuento": 0.15,
            "IVA": 19
        },
        {
            "codigo": "JjamAohk34",
            "total": 18,
            "valor_unitario": 615955,
            "descuento": 0.39,
            "IVA": 5
        },
        {
            "codigo": "RMRCRGOhuz",
            "total": 12,
            "valor_unitario": 132974,
            "descuento": 0.14,
            "IVA": 0
        },
        {
            "codigo": "kyUWweytTW",
            "total": 11,
            "valor_unitario": 606793,
            "descuento": 0.29,
            "IVA": 19
        },
        {
            "codigo": "EzFH7ZqWIJ",
            "total": 11,
            "valor_unitario": 503640,
            "descuento": 0.28,
            "IVA": 5
        },
        {
            "codigo": "p66blFwvJc",
            "total": 2,
            "valor_unitario": 443529,
            "descuento": 0.23,
            "IVA": 19
        }
    ]
}