{
    "empresa_nit": "789526431",
    "empresa_ciudad": "MEDELLIN",
    "empresa_sede": "plaza",
    "empresa_nombre": "Supermercado Central",
    "fecha_hora": "2023-05-16 01:51:31",
    "factura_num": "01392",
    "ciente_numero": 485512802,
    "pago_tipo": "TAR.DEBITO",
    "productos": [
        {
            "codigo": "4He7iTNZ1l",
            "total": 17,
            "valor_unitario": 255442,
            "descuento": 0.43,
            "IVA": 19
        },
        {
            "codigo": "d8Zljlaahu",
            "total": 14,
            "valor_unitario": 610918,
            "descuento": 0.46,
            "IVA": 5
        }
    ]
}