{
    "empresa_nit": "789526431",
    "empresa_ciudad": "MEDELLIN",
    "empresa_sede": "plaza",
    "empresa_nombre": "Supermercado Central",
    "fecha_hora": "2021-09-28 12:37:19",
    "factura_num": "00123",
    "ciente_numero": 787992182,
    "pago_tipo": "TAR.DEBITO",
    "productos": [
        {
            "codigo": "LEzz4Io7ir",
            "total": 11,
            "valor_unitario": 955482,
            "descuento": 0.25,
            "IVA": 19
        },
        {
            "codigo": "V8KfF3ss6m",
            "total": 6,
            "valor_unitario": 961990,
            "descuento": 0.38,
            "IVA": 19
        },
        {
            "codigo": "yRysGQgDGe",
            "total": 13,
            "valor_unitario": 876713,
            "descuento": 0.4,
            "IVA": 5
        },
        {
            "codigo": "GHMSPwggEU",
            "total": 6,
            "valor_unitario": 530056,
            "descuento": 0.42,
            "IVA": 0
        }
    ]
}