{
    "empresa_nit": "789526431",
    "empresa_ciudad": "CALI",
    "empresa_sede": "centro",
    "empresa_nombre": "Supermercado Central",
    "fecha_hora": "2022-11-16 05:25:58",
    "factura_num": "01374",
    "ciente_numero": 167136864,
    "pago_tipo": "TRANFERENCIA",
    "productos": [
        {
            "codigo": "GqRaCE62Xf",
            "total": 6,
            "valor_unitario": 836934,
            "descuento": 0.11,
            "IVA": 0
        },
        {
            "codigo": "8S3pRL3V0F",
            "total": 17,
            "valor_unitario": 453099,
            "descuento": 0.28,
            "IVA": 5
        },
        {
            "codigo": "BL9GNuaIDW",
            "total": 3,
            "valor_unitario": 629117,
            "descuento": 0.14,
            "IVA": 5
        },
        {
            "codigo": "w2RgQvEFDW",
            "total": 1,
            "valor_unitario": 952537,
            "descuento": 0.47,
            "IVA": 19
        },
        {
            "codigo": "LPfMn0BgAt",
            "total": 6,
            "valor_unitario": 932964,
            "descuento": 0.22,
            "IVA": 19
        },
        {
            "codigo": "LUANSvxjAt",
            "total": 12,
            "valor_unitario": 214060,
            "descuento": 0.08,
            "IVA": 19
        },
        {
            "codigo": "H7GEiLw1K3",
            "total": 7,
            "valor_unitario": 373017,
            "descuento": 0.24,
            "IVA": 5
        },
        {
            "codigo": "btJvTrLRZg",
            "total": 6,
            "valor_unitario": 474004,
            "descuento": 0.34,
            "IVA": 19
        },
        {
            "codigo": "NTi3vYDKcz",
            "total": 9,
            "valor_unitario": 644526,
            "descuento": 0.45,
            "IVA": 19
        },
        {
            "codigo": "ve6Z7ag1pW",
            "total": 10,
            "valor_unitario": 643472,
            "descuento": 0.24,
            "IVA": 5
        },
        {
            "codigo": "Rz8RjLiT6l",
            "total": 14,
            "valor_unitario": 156019,
            "descuento": 0.1,
            "IVA": 19
        },
        {
            "codigo": "er6476v2nF",
            "total": 14,
            "valor_unitario": 687027,
            "descuento": 0.15,
            "IVA": 19
        },
        {
            "codigo": "DdJSLyJJFF",
            "total": 1,
            "valor_unitario": 279431,
            "descuento": 0.06,
            "IVA": 0
        },
        {
            "codigo": "2DNN5Yf6jZ",
            "total": 12,
            "valor_unitario": 60522,
            "descuento": 0.46,
            "IVA": 19
        },
        {
            "codigo": "RKp5USwpsY",
            "total": 10,
            "valor_unitario": 859790,
            "descuento": 0.25,
            "IVA": 0
        },
        {
            "codigo": "vFZ5iY4Q7b",
            "total": 3,
            "valor_unitario": 24888,
            "descuento": 0.17,
            "IVA": 0
        },
        {
            "codigo": "TihifFEUus",
            "total": 14,
            "valor_unitario": 873187,
            "descuento": 0.38,
            "IVA": 0
        },
        {
            "codigo": "uNL8mXAM4w",
            "total": 15,
            "valor_unitario": 538913,
            "descuento": 0.25,
            "IVA": 5
        },
        {
            "codigo": "w9DhlsAl0m",
            "total": 6,
            "valor_unitario": 408806,
            "descuento": 0.19,
            "IVA": 0
        },
        {
            "codigo": "kqB81hIANK",
            "total": 16,
            "valor_unitario": 159591,
            "descuento": 0.5,
            "IVA": 19
        }
    ]
}