{
    "empresa_nit": "789526431",
    "empresa_ciudad": "TUNJA",
    "empresa_sede": "terminal",
    "empresa_nombre": "Supermercado Central",
    "fecha_hora": "2022-06-11 02:47:57",
    "factura_num": "01306",
    "ciente_numero": 986441504,
    "pago_tipo": "EFECTIVO",
    "productos": [
        {
            "codigo": "zLbmIqqFDA",
            "total": 11,
            "valor_unitario": 382073,
            "descuento": 0.21,
            "IVA": 19
        },
        {
            "codigo": "BVedVOybbT",
            "total": 9,
            "valor_unitario": 33086,
            "descuento": 0.1,
            "IVA": 19
        },
        {
            "codigo": "89q8vHfcbf",
            "total": 11,
            "valor_unitario": 486944,
            "descuento": 0.42,
            "IVA": 19
        },
        {
            "codigo": "QYj5zvVkvR",
            "total": 20,
            "valor_unitario": 704381,
            "descuento": 0.33,
            "IVA": 19
        },
        {
            "codigo": "6Xh2Q3JPnF",
            "total": 2,
            "valor_unitario": 994214,
            "descuento": 0.17,
            "IVA": 19
        },
        {
            "codigo": "svAqqF4b2s",
            "total": 5,
            "valor_unitario": 460412,
            "descuento": 0.16,
            "IVA": 0
        },
        {
            "codigo": "qLf4T8CjqM",
            "total": 17,
            "valor_unitario": 595801,
            "descuento": 0.17,
            "IVA": 0
        },
        {
            "codigo": "BQcLKpyLFD",
            "total": 9,
            "valor_unitario": 423858,
            "descuento": 0.49,
            "IVA": 5
        },
        {
            "codigo": "HJz38sFIMB",
            "total": 7,
            "valor_unitario": 374371,
            "descuento": 0.23,
            "IVA": 5
        },
        {
            "codigo": "kqGpd6sKPj",
            "total": 20,
            "valor_unitario": 493333,
            "descuento": 0.37,
            "IVA": 5
        },
        {
            "codigo": "NGp08inKqh",
            "total": 2,
            "valor_unitario": 247714,
            "descuento": 0.12,
            "IVA": 0
        },
        {
            "codigo": "M9iHG690v7",
            "total": 6,
            "valor_unitario": 912533,
            "descuento": 0.25,
            "IVA": 19
        },
        {
            "codigo": "4KvmXlLHR8",
            "total": 3,
            "valor_unitario": 599319,
            "descuento": 0.22,
            "IVA": 0
        },
        {
            "codigo": "DqjF9gcdFV",
            "total": 15,
            "valor_unitario": 857654,
            "descuento": 0.01,
            "IVA": 0
        },
        {
            "codigo": "uJ6ucaGVxU",
            "total": 17,
            "valor_unitario": 209674,
            "descuento": 0.11,
            "IVA": 5
        },
        {
            "codigo": "hpR0Qg5WuW",
            "total": 5,
            "valor_unitario": 657218,
            "descuento": 0.07,
            "IVA": 5
        },
        {
            "codigo": "ZDKmi5Ur5o",
            "total": 10,
            "valor_unitario": 941168,
            "descuento": 0.35,
            "IVA": 0
        },
        {
            "codigo": "tAZX8DlCdC",
            "total": 8,
            "valor_unitario": 303175,
            "descuento": 0.35,
            "IVA": 0
        },
        {
            "codigo": "mue7qk79PH",
            "total": 6,
            "valor_unitario": 514184,
            "descuento": 0.14,
            "IVA": 19
        },
        {
            "codigo": "BSSu2lWqQ9",
            "total": 6,
            "valor_unitario": 700164,
            "descuento": 0.41,
            "IVA": 0
        }
    ]
}