{
    "empresa_nit": "789526431",
    "empresa_ciudad": "BOGOTA",
    "empresa_sede": "plaza",
    "empresa_nombre": "Supermercado Central",
    "fecha_hora": "2020-12-24 03:58:24",
    "factura_num": "01177",
    "ciente_numero": 186635473,
    "pago_tipo": "TRANFERENCIA",
    "productos": [
        {
            "codigo": "gHxchWufJE",
            "total": 13,
            "valor_unitario": 228798,
            "descuento": 0.03,
            "IVA": 19
        },
        {
            "codigo": "K98MJOsncK",
            "total": 2,
            "valor_unitario": 678034,
            "descuento": 0.32,
            "IVA": 0
        },
        {
            "codigo": "9zk3DpEr81",
            "total": 18,
            "valor_unitario": 940908,
            "descuento": 0.45,
            "IVA": 19
        },
        {
            "codigo": "qT3WoM5lKw",
            "total": 10,
            "valor_unitario": 965487,
            "descuento": 0.1,
            "IVA": 19
        },
        {
            "codigo": "vQKrI4ZhiF",
            "total": 3,
            "valor_unitario": 619435,
            "descuento": 0.2,
            "IVA": 5
        },
        {
            "codigo": "3wCkNaO0B3",
            "total": 6,
            "valor_unitario": 181674,
            "descuento": 0.1,
            "IVA": 19
        },
        {
            "codigo": "zvIASWToAF",
            "total": 1,
            "valor_unitario": 918414,
            "descuento": 0.02,
            "IVA": 19
        },
        {
            "codigo": "909cE74HDH",
            "total": 3,
            "valor_unitario": 118189,
            "descuento": 0.29,
            "IVA": 5
        },
        {
            "codigo": "iNSqAjUWv7",
            "total": 10,
            "valor_unitario": 614317,
            "descuento": 0.11,
            "IVA": 0
        },
        {
            "codigo": "9yTKDvW9tM",
            "total": 12,
            "valor_unitario": 982748,
            "descuento": 0.07,
            "IVA": 0
        },
        {
            "codigo": "opjxYxIpMW",
            "total": 2,
            "valor_unitario": 996822,
            "descuento": 0.32,
            "IVA": 0
        },
        {
            "codigo": "2UPdo2bLaF",
            "total": 5,
            "valor_unitario": 894206,
            "descuento": 0.11,
            "IVA": 0
        },
        {
            "codigo": "ALFJns5SLW",
            "total": 6,
            "valor_unitario": 947197,
            "descuento": 0.5,
            "IVA": 19
        }
    ]
}