{
    "empresa_nit": "789526431",
    "empresa_ciudad": "BOGOTA",
    "empresa_sede": "terminal",
    "empresa_nombre": "Supermercado Central",
    "fecha_hora": "2024-05-02 16:29:33",
    "factura_num": "01344",
    "ciente_numero": 640222506,
    "pago_tipo": "TAR.CREDITO",
    "productos": [
        {
            "codigo": "s3ZONC9hr5",
            "total": 20,
            "valor_unitario": 158635,
            "descuento": 0.25,
            "IVA": 19
        },
        {
            "codigo": "QgSUSPpQ95",
            "total": 15,
            "valor_unitario": 964008,
            "descuento": 0.05,
            "IVA": 5
        },
        {
            "codigo": "ZKHXmKgpbI",
            "total": 20,
            "valor_unitario": 486078,
            "descuento": 0.21,
            "IVA": 19
        },
        {
            "codigo": "8sc7a80vSR",
            "total": 7,
            "valor_unitario": 893368,
            "descuento": 0.29,
            "IVA": 5
        },
        {
            "codigo": "VTe0JO7RT5",
            "total": 17,
            "valor_unitario": 499090,
            "descuento": 0.06,
            "IVA": 0
        },
        {
            "codigo": "JwzH87zFjF",
            "total": 13,
            "valor_unitario": 904145,
            "descuento": 0.32,
            "IVA": 5
        },
        {
            "codigo": "85csduI6jn",
            "total": 19,
            "valor_unitario": 226488,
            "descuento": 0.28,
            "IVA": 19
        },
        {
            "codigo": "dvt1GyaxLt",
            "total": 20,
            "valor_unitario": 875148,
            "descuento": 0.05,
            "IVA": 5
        },
        {
            "codigo": "byrz2AE8la",
            "total": 15,
            "valor_unitario": 462467,
            "descuento": 0.32,
            "IVA": 5
        }
    ]
}