{
    "empresa_nit": "789526431",
    "empresa_ciudad": "CALI",
    "empresa_sede": "autopista",
    "empresa_nombre": "Supermercado Central",
    "fecha_hora": "2020-10-31 03:59:54",
    "factura_num": "01283",
    "ciente_numero": 718434619,
    "pago_tipo": "TRANFERENCIA",
    "productos": [
        {
            "codigo": "DT2pW4IYCE",
            "total": 11,
            "valor_unitario": 637275,
            "descuento": 0.26,
            "IVA": 19
        },
        {
            "codigo": "jLCUAislDC",
            "total": 20,
            "valor_unitario": 699054,
            "descuento": 0.2,
            "IVA": 19
        },
        {
            "codigo": "5KVHcrRq6q",
            "total": 6,
            "valor_unitario": 518857,
            "descuento": 0.08,
            "IVA": 19
        },
        {
            "codigo": "IsW1KrexNg",
            "total": 16,
            "valor_unitario": 218561,
            "descuento": 0.49,
            "IVA": 0
        },
        {
            "codigo": "jRImZJEeqE",
            "total": 16,
            "valor_unitario": 491579,
            "descuento": 0.01,
            "IVA": 5
        },
        {
            "codigo": "idbAmLW6s1",
            "total": 5,
            "valor_unitario": 27619,
            "descuento": 0.43,
            "IVA": 19
        },
        {
            "codigo": "hX2lcQ0IYP",
            "total": 8,
            "valor_unitario": 948163,
            "descuento": 0.02,
            "IVA": 0
        },
        {
            "codigo": "78Nyy46MYi",
            "total": 19,
            "valor_unitario": 273977,
            "descuento": 0.44,
            "IVA": 5
        },
        {
            "codigo": "AWyC3Prv5Q",
            "total": 18,
            "valor_unitario": 82724,
            "descuento": 0.3,
            "IVA": 0
        }
    ]
}