{
    "empresa_nit": "789526431",
    "empresa_ciudad": "CALI",
    "empresa_sede": "autopista",
    "empresa_nombre": "Supermercado Central",
    "fecha_hora": "2021-12-06 15:51:14",
    "factura_num": "01336",
    "ciente_numero": 312254976,
    "pago_tipo": "TAR.DEBITO",
    "productos": [
        {
            "codigo": "ddaxNnWLvz",
            "total": 10,
            "valor_unitario": 720144,
            "descuento": 0.06,
            "IVA": 5
        },
        {
            "codigo": "ceEhjctMcn",
            "total": 14,
            "valor_unitario": 684245,
            "descuento": 0.33,
            "IVA": 5
        },
        {
            "codigo": "hqu3Ns64wp",
            "total": 14,
            "valor_unitario": 854393,
            "descuento": 0.22,
            "IVA": 5
        },
        {
            "codigo": "KehWsv79aP",
            "total": 4,
            "valor_unitario": 222910,
            "descuento": 0.36,
            "IVA": 5
        },
        {
            "codigo": "igDMiMPYyp",
            "total": 2,
            "valor_unitario": 654473,
            "descuento": 0.32,
            "IVA": 19
        },
        {
            "codigo": "OQTqbyz5LK",
            "total": 5,
            "valor_unitario": 360535,
            "descuento": 0.47,
            "IVA": 0
        },
        {
            "codigo": "SMggzjAaTn",
            "total": 18,
            "valor_unitario": 671466,
            "descuento": 0.25,
            "IVA": 5
        },
        {
            "codigo": "6CVKlGzmDP",
            "total": 4,
            "valor_unitario": 596105,
            "descuento": 0.23,
            "IVA": 0
        },
        {
            "codigo": "lp3zD6N0fy",
            "total": 9,
            "valor_unitario": 394506,
            "descuento": 0.37,
            "IVA": 19
        },
        {
            "codigo": "vNREQtYMkg",
            "total": 19,
            "valor_unitario": 973528,
            "descuento": 0.25,
            "IVA": 0
        }
    ]
}