{
    "empresa_nit": "789526431",
    "empresa_ciudad": "TUNJA",
    "empresa_sede": "plaza",
    "empresa_nombre": "Supermercado Central",
    "fecha_hora": "2024-10-07 12:13:52",
    "factura_num": "01134",
    "ciente_numero": 246340413,
    "pago_tipo": "TRANFERENCIA",
    "productos": [
        {
            "codigo": "NK7dNFXwDC",
            "total": 11,
            "valor_unitario": 60953,
            "descuento": 0.39,
            "IVA": 0
        },
        {
            "codigo": "yZQnmFatJi",
            "total": 17,
            "valor_unitario": 804583,
            "descuento": 0.01,
            "IVA": 0
        },
        {
            "codigo": "IwmS0hv1ec",
            "total": 5,
            "valor_unitario": 151638,
            "descuento": 0.01,
            "IVA": 5
        },
        {
            "codigo": "hlOjB9zcvh",
            "total": 12,
            "valor_unitario": 431035,
            "descuento": 0.42,
            "IVA": 19
        },
        {
            "codigo": "YsnIwG02oj",
            "total": 20,
            "valor_unitario": 635880,
            "descuento": 0.27,
            "IVA": 0
        },
        {
            "codigo": "HbYK0LJnCm",
            "total": 7,
            "valor_unitario": 929530,
            "descuento": 0.08,
            "IVA": 5
        },
        {
            "codigo": "Gzpc7B18kU",
            "total": 20,
            "valor_unitario": 591956,
            "descuento": 0.32,
            "IVA": 0
        }
    ]
}