{
    "empresa_nit": "789526431",
    "empresa_ciudad": "CALI",
    "empresa_sede": "alcaldia",
    "empresa_nombre": "Supermercado Central",
    "fecha_hora": "2022-05-30 23:30:27",
    "factura_num": "00143",
    "ciente_numero": 805654654,
    "pago_tipo": "TRANFERENCIA",
    "productos": [
        {
            "codigo": "VQZyvORjA1",
            "total": 10,
            "valor_unitario": 259844,
            "descuento": 0.02,
            "IVA": 5
        },
        {
            "codigo": "KoEYuOhT0g",
            "total": 3,
            "valor_unitario": 898224,
            "descuento": 0.27,
            "IVA": 0
        },
        {
            "codigo": "uW5ZuHxD2g",
            "total": 11,
            "valor_unitario": 643003,
            "descuento": 0.5,
            "IVA": 19
        },
        {
            "codigo": "vZPRj8jdBr",
            "total": 8,
            "valor_unitario": 323649,
            "descuento": 0.14,
            "IVA": 5
        },
        {
            "codigo": "Cn1qxWuiU4",
            "total": 3,
            "valor_unitario": 317903,
            "descuento": 0.08,
            "IVA": 19
        },
        {
            "codigo": "Fs4HTrzrmY",
            "total": 14,
            "valor_unitario": 287017,
            "descuento": 0.49,
            "IVA": 19
        },
        {
            "codigo": "yKIokJO0q4",
            "total": 7,
            "valor_unitario": 463950,
            "descuento": 0.08,
            "IVA": 19
        },
        {
            "codigo": "r1ciqFzBcI",
            "total": 2,
            "valor_unitario": 64867,
            "descuento": 0.17,
            "IVA": 19
        },
        {
            "codigo": "WDwMcIEsCt",
            "total": 18,
            "valor_unitario": 861463,
            "descuento": 0.25,
            "IVA": 5
        },
        {
            "codigo": "PiwzLrICQY",
            "total": 20,
            "valor_unitario": 31814,
            "descuento": 0.37,
            "IVA": 0
        }
    ]
}