{
    "empresa_nit": "789526431",
    "empresa_ciudad": "CALI",
    "empresa_sede": "autopista",
    "empresa_nombre": "Supermercado Central",
    "fecha_hora": "2021-07-10 06:06:27",
    "factura_num": "01371",
    "ciente_numero": 59646665,
    "pago_tipo": "TAR.CREDITO",
    "productos": [
        {
            "codigo": "Qgurfbf4em",
            "total": 16,
            "valor_unitario": 411448,
            "descuento": 0.38,
            "IVA": 0
        },
        {
            "codigo": "5gh1DM83l0",
            "total": 9,
            "valor_unitario": 115342,
            "descuento": 0.06,
            "IVA": 5
        },
        {
            "codigo": "FBIMy6IYYF",
            "total": 16,
            "valor_unitario": 632733,
            "descuento": 0.25,
            "IVA": 5
        },
        {
            "codigo": "GfgCQa3Se1",
            "total": 8,
            "valor_unitario": 979028,
            "descuento": 0.27,
            "IVA": 5
        },
        {
            "codigo": "rK4fPJQ6gI",
            "total": 4,
            "valor_unitario": 397482,
            "descuento": 0.26,
            "IVA": 0
        },
        {
            "codigo": "qpCXRYjnle",
            "total": 14,
            "valor_unitario": 740993,
            "descuento": 0.34,
            "IVA": 5
        },
        {
            "codigo": "b2ZamadF6w",
            "total": 11,
            "valor_unitario": 7932,
            "descuento": 0.47,
            "IVA": 5
        },
        {
            "codigo": "MEkiuDXjtJ",
            "total": 4,
            "valor_unitario": 186581,
            "descuento": 0.45,
            "IVA": 19
        },
        {
            "codigo": "hhYkEz2fE3",
            "total": 15,
            "valor_unitario": 655752,
            "descuento": 0.48,
            "IVA": 19
        },
        {
            "codigo": "cnYPEFcev6",
            "total": 11,
            "valor_unitario": 729390,
            "descuento": 0.17,
            "IVA": 19
        },
        {
            "codigo": "d6WeS6zniv",
            "total": 18,
            "valor_unitario": 22806,
            "descuento": 0.2,
            "IVA": 19
        },
        {
            "codigo": "qBhq2DrNkX",
            "total": 19,
            "valor_unitario": 596108,
            "descuento": 0.19,
            "IVA": 19
        },
        {
            "codigo": "JCDrGfsSMh",
            "total": 14,
            "valor_unitario": 103710,
            "descuento": 0.19,
            "IVA": 5
        },
        {
            "codigo": "i2REPJfrJe",
            "total": 15,
            "valor_unitario": 29350,
            "descuento": 0.05,
            "IVA": 0
        },
        {
            "codigo": "oyqkF5bjBm",
            "total": 19,
            "valor_unitario": 507809,
            "descuento": 0.32,
            "IVA": 0
        }
    ]
}