{
    "empresa_nit": "789526431",
    "empresa_ciudad": "BARRANQUILLA",
    "empresa_sede": "aeropuerto",
    "empresa_nombre": "Supermercado Central",
    "fecha_hora": "2021-07-02 00:14:34",
    "factura_num": "01386",
    "ciente_numero": 252808399,
    "pago_tipo": "EFECTIVO",
    "productos": [
        {
            "codigo": "JiQxpF5OIX",
            "total": 13,
            "valor_unitario": 947074,
            "descuento": 0.48,
            "IVA": 19
        },
        {
            "codigo": "BHuTkwMQTF",
            "total": 2,
            "valor_unitario": 611884,
            "descuento": 0.46,
            "IVA": 5
        }
    ]
}