{
    "empresa_nit": "789526431",
    "empresa_ciudad": "CALI",
    "empresa_sede": "plaza",
    "empresa_nombre": "Supermercado Central",
    "fecha_hora": "2021-07-28 00:56:25",
    "factura_num": "01241",
    "ciente_numero": 500636352,
    "pago_tipo": "TAR.DEBITO",
    "productos": [
        {
            "codigo": "xUKbSBrNAX",
            "total": 4,
            "valor_unitario": 715223,
            "descuento": 0.37,
            "IVA": 19
        },
        {
            "codigo": "BbdDBmATs0",
            "total": 19,
            "valor_unitario": 127481,
            "descuento": 0.49,
            "IVA": 0
        },
        {
            "codigo": "9SqXmFGOr0",
            "total": 16,
            "valor_unitario": 325792,
            "descuento": 0.36,
            "IVA": 0
        }
    ]
}