{
    "empresa_nit": "789526431",
    "empresa_ciudad": "TUNJA",
    "empresa_sede": "plaza",
    "empresa_nombre": "Supermercado Central",
    "fecha_hora": "2024-05-04 18:46:09",
    "factura_num": "00131",
    "ciente_numero": 770030309,
    "pago_tipo": "EFECTIVO",
    "productos": [
        {
            "codigo": "9LifiB2kPO",
            "total": 10,
            "valor_unitario": 705793,
            "descuento": 0.22,
            "IVA": 19
        },
        {
            "codigo": "qmVbLqssn6",
            "total": 8,
            "valor_unitario": 396189,
            "descuento": 0.08,
            "IVA": 19
        },
        {
            "codigo": "cyw6O4MY98",
            "total": 6,
            "valor_unitario": 124592,
            "descuento": 0.3,
            "IVA": 19
        }
    ]
}