{
    "empresa_nit": "789526431",
    "empresa_ciudad": "TUNJA",
    "empresa_sede": "centro",
    "empresa_nombre": "Supermercado Central",
    "fecha_hora": "2022-08-16 06:00:28",
    "factura_num": "00120",
    "ciente_numero": 935157581,
    "pago_tipo": "TRANFERENCIA",
    "productos": [
        {
            "codigo": "ZTefulqJ9L",
            "total": 9,
            "valor_unitario": 384772,
            "descuento": 0.37,
            "IVA": 19
        },
        {
            "codigo": "iiC6pacwkW",
            "total": 9,
            "valor_unitario": 203395,
            "descuento": 0.28,
            "IVA": 5
        },
        {
            "codigo": "RYwjK3My5q",
            "total": 10,
            "valor_unitario": 360756,
            "descuento": 0.24,
            "IVA": 19
        },
        {
            "codigo": "er30a5x4V7",
            "total": 14,
            "valor_unitario": 584621,
            "descuento": 0.13,
            "IVA": 5
        },
        {
            "codigo": "kObJ47QzQ7",
            "total": 20,
            "valor_unitario": 5030,
            "descuento": 0.42,
            "IVA": 5
        },
        {
            "codigo": "hpilehzuft",
            "total": 3,
            "valor_unitario": 115408,
            "descuento": 0.12,
            "IVA": 5
        },
        {
            "codigo": "SVlYvfFTz9",
            "total": 12,
            "valor_unitario": 419700,
            "descuento": 0.32,
            "IVA": 0
        },
        {
            "codigo": "nqMJDEJpL8",
            "total": 10,
            "valor_unitario": 262954,
            "descuento": 0.32,
            "IVA": 0
        },
        {
            "codigo": "BvW8aY1V0k",
            "total": 18,
            "valor_unitario": 834584,
            "descuento": 0.1,
            "IVA": 0
        },
        {
            "codigo": "ca0eLyxh0R",
            "total": 2,
            "valor_unitario": 875848,
            "descuento": 0.19,
            "IVA": 5
        },
        {
            "codigo": "gewemXMBgO",
            "total": 18,
            "valor_unitario": 158888,
            "descuento": 0.11,
            "IVA": 5
        },
        {
            "codigo": "00Dqyiv1vV",
            "total": 1,
            "valor_unitario": 673249,
            "descuento": 0.27,
            "IVA": 19
        },
        {
            "codigo": "yOWYxxnadZ",
            "total": 13,
            "valor_unitario": 729445,
            "descuento": 0.42,
            "IVA": 19
        },
        {
            "codigo": "GAbLXRB2Ju",
            "total": 7,
            "valor_unitario": 941902,
            "descuento": 0.33,
            "IVA": 0
        },
        {
            "codigo": "q51sw33MrP",
            "total": 17,
            "valor_unitario": 140421,
            "descuento": 0.41,
            "IVA": 0
        },
        {
            "codigo": "NWwUCCgD1e",
            "total": 14,
            "valor_unitario": 252498,
            "descuento": 0.26,
            "IVA": 5
        },
        {
            "codigo": "JY5A7qyL6c",
            "total": 19,
            "valor_unitario": 336259,
            "descuento": 0.26,
            "IVA": 0
        },
        {
            "codigo": "GSe7uVUsq3",
            "total": 15,
            "valor_unitario": 287894,
            "descuento": 0.39,
            "IVA": 0
        }
    ]
}