{
    "empresa_nit": "789526431",
    "empresa_ciudad": "BARRANQUILLA",
    "empresa_sede": "aeropuerto",
    "empresa_nombre": "Supermercado Central",
    "fecha_hora": "2022-08-07 17:50:55",
    "factura_num": "00124",
    "ciente_numero": 886067037,
    "pago_tipo": "TAR.DEBITO",
    "productos": [
        {
            "codigo": "84efxgPcF5",
            "total": 1,
            "valor_unitario": 523265,
            "descuento": 0.21,
            "IVA": 5
        },
        {
            "codigo": "aefAdfJfpE",
            "total": 11,
            "valor_unitario": 511079,
            "descuento": 0.09,
            "IVA": 0
        },
        {
            "codigo": "oOUpCOCM27",
            "total": 15,
            "valor_unitario": 442627,
            "descuento": 0.11,
            "IVA": 19
        },
        {
            "codigo": "9Il7XuNE2l",
            "total": 19,
            "valor_unitario": 664349,
            "descuento": 0.03,
            "IVA": 19
        },
        {
            "codigo": "DR94RhOztY",
            "total": 1,
            "valor_unitario": 725347,
            "descuento": 0.01,
            "IVA": 0
        },
        {
            "codigo": "Px2rLjMkXs",
            "total": 10,
            "valor_unitario": 60946,
            "descuento": 0.13,
            "IVA": 0
        },
        {
            "codigo": "pSztEYBHlq",
            "total": 5,
            "valor_unitario": 965035,
            "descuento": 0.13,
            "IVA": 0
        },
        {
            "codigo": "lxUx4bpVBP",
            "total": 5,
            "valor_unitario": 173679,
            "descuento": 0.13,
            "IVA": 5
        },
        {
            "codigo": "vMlKU6yDtI",
            "total": 17,
            "valor_unitario": 41528,
            "descuento": 0.2,
            "IVA": 5
        }
    ]
}