{
    "empresa_nit": "789526431",
    "empresa_ciudad": "TUNJA",
    "empresa_sede": "alcaldia",
    "empresa_nombre": "Supermercado Central",
    "fecha_hora": "2023-07-28 17:55:46",
    "factura_num": "01312",
    "ciente_numero": 882922337,
    "pago_tipo": "TAR.DEBITO",
    "productos": [
        {
            "codigo": "rYAGKXU3do",
            "total": 6,
            "valor_unitario": 680741,
            "descuento": 0.16,
            "IVA": 0
        },
        {
            "codigo": "YkywDEqHbu",
            "total": 18,
            "valor_unitario": 67048,
            "descuento": 0.22,
            "IVA": 5
        },
        {
            "codigo": "AQkLgwfSzr",
            "total": 3,
            "valor_unitario": 212201,
            "descuento": 0.21,
            "IVA": 5
        },
        {
            "codigo": "swvHJzD2Jw",
            "total": 20,
            "valor_unitario": 480828,
            "descuento": 0.34,
            "IVA": 19
        },
        {
            "codigo": "duEXLbzWWZ",
            "total": 8,
            "valor_unitario": 909245,
            "descuento": 0.26,
            "IVA": 5
        },
        {
            "codigo": "FQdTajGQWq",
            "total": 13,
            "valor_unitario": 442133,
            "descuento": 0.3,
            "IVA": 0
        },
        {
            "codigo": "qV2wvZBuq2",
            "total": 10,
            "valor_unitario": 819741,
            "descuento": 0.43,
            "IVA": 0
        },
        {
            "codigo": "MKUg4rrh8s",
            "total": 18,
            "valor_unitario": 733798,
            "descuento": 0.2,
            "IVA": 0
        },
        {
            "codigo": "RpdhBTJS8n",
            "total": 5,
            "valor_unitario": 860198,
            "descuento": 0.12,
            "IVA": 5
        },
        {
            "codigo": "o9HBQ0ELxd",
            "total": 10,
            "valor_unitario": 893706,
            "descuento": 0.44,
            "IVA": 5
        },
        {
            "codigo": "0qU337mn4i",
            "total": 7,
            "valor_unitario": 755021,
            "descuento": 0.21,
            "IVA": 19
        },
        {
            "codigo": "BHH1Ktkxtz",
            "total": 4,
            "valor_unitario": 503617,
            "descuento": 0.33,
            "IVA": 5
        },
        {
            "codigo": "N8jWnnVOzn",
            "total": 9,
            "valor_unitario": 187557,
            "descuento": 0.0,
            "IVA": 5
        },
        {
            "codigo": "qxOJs08J5j",
            "total": 17,
            "valor_unitario": 775185,
            "descuento": 0.37,
            "IVA": 0
        }
    ]
}