{
    "empresa_nit": "789526431",
    "empresa_ciudad": "MEDELLIN",
    "empresa_sede": "aeropuerto",
    "empresa_nombre": "Supermercado Central",
    "fecha_hora": "2022-05-18 07:28:58",
    "factura_num": "01223",
    "ciente_numero": 344962559,
    "pago_tipo": "TRANFERENCIA",
    "productos": [
        {
            "codigo": "zDR6tCyZZy",
            "total": 4,
            "valor_unitario": 506758,
            "descuento": 0.05,
            "IVA": 19
        },
        {
            "codigo": "OhuHNiWDNO",
            "total": 16,
            "valor_unitario": 22866,
            "descuento": 0.44,
            "IVA": 19
        },
        {
            "codigo": "l8u0XmBWZx",
            "total": 7,
            "valor_unitario": 632441,
            "descuento": 0.24,
            "IVA": 0
        },
        {
            "codigo": "CEXGXqr9Hb",
            "total": 1,
            "valor_unitario": 991126,
            "descuento": 0.09,
            "IVA": 19
        },
        {
            "codigo": "eOoF7WBiLc",
            "total": 6,
            "valor_unitario": 357794,
            "descuento": 0.36,
            "IVA": 0
        },
        {
            "codigo": "xKhNU7xnB2",
            "total": 11,
            "valor_unitario": 931424,
            "descuento": 0.13,
            "IVA": 0
        },
        {
            "codigo": "2S10dSbKnY",
            "total": 17,
            "valor_unitario": 72228,
            "descuento": 0.19,
            "IVA": 0
        },
        {
            "codigo": "or2RmMuYRp",
            "total": 20,
            "valor_unitario": 624996,
            "descuento": 0.17,
            "IVA": 19
        },
        {
            "codigo": "505PeebdGe",
            "total": 14,
            "valor_unitario": 510797,
            "descuento": 0.37,
            "IVA": 5
        },
        {
            "codigo": "FzhL39fxtX",
            "total": 6,
            "valor_unitario": 592017,
            "descuento": 0.03,
            "IVA": 5
        },
        {
            "codigo": "tEA9XX38J6",
            "total": 17,
            "valor_unitario": 561633,
            "descuento": 0.43,
            "IVA": 19
        },
        {
            "codigo": "byXk4HD6hP",
            "total": 1,
            "valor_unitario": 891440,
            "descuento": 0.11,
            "IVA": 5
        },
        {
            "codigo": "sVRzfHwVxo",
            "total": 5,
            "valor_unitario": 819622,
            "descuento": 0.43,
            "IVA": 19
        },
        {
            "codigo": "2qX4ftKnOl",
            "total": 8,
            "valor_unitario": 996145,
            "descuento": 0.38,
            "IVA": 19
        }
    ]
}