{
    "empresa_nit": "789526431",
    "empresa_ciudad": "BARRANQUILLA",
    "empresa_sede": "alcaldia",
    "empresa_nombre": "Supermercado Central",
    "fecha_hora": "2020-07-26 12:45:38",
    "factura_num": "01234",
    "ciente_numero": 844322174,
    "pago_tipo": "TAR.DEBITO",
    "productos": [
        {
            "codigo": "HefpP7S7bp",
            "total": 16,
            "valor_unitario": 145580,
            "descuento": 0.28,
            "IVA": 5
        },
        {
            "codigo": "71zY57V8sx",
            "total": 8,
            "valor_unitario": 239591,
            "descuento": 0.42,
            "IVA": 5
        },
        {
            "codigo": "XFGsOhiSJB",
            "total": 11,
            "valor_unitario": 740314,
            "descuento": 0.14,
            "IVA": 5
        },
        {
            "codigo": "SayHgtFJOy",
            "total": 4,
            "valor_unitario": 86396,
            "descuento": 0.02,
            "IVA": 5
        }
    ]
}