{
    "empresa_nit": "789526431",
    "empresa_ciudad": "BARRANQUILLA",
    "empresa_sede": "centro",
    "empresa_nombre": "Supermercado Central",
    "fecha_hora": "2024-03-05 03:42:09",
    "factura_num": "01412",
    "ciente_numero": 30019357,
    "pago_tipo": "TRANFERENCIA",
    "productos": [
        {
            "codigo": "Z481PqDIvI",
            "total": 11,
            "valor_unitario": 951899,
            "descuento": 0.26,
            "IVA": 5
        },
        {
            "codigo": "TmqXlkS7Lh",
            "total": 14,
            "valor_unitario": 149361,
            "descuento": 0.04,
            "IVA": 5
        }
    ]
}