{
    "empresa_nit": "789526431",
    "empresa_ciudad": "BARRANQUILLA",
    "empresa_sede": "autopista",
    "empresa_nombre": "Supermercado Central",
    "fecha_hora": "2023-08-14 16:25:30",
    "factura_num": "01119",
    "ciente_numero": 83122228,
    "pago_tipo": "TRANFERENCIA",
    "productos": [
        {
            "codigo": "ZpZWPl5t4L",
            "total": 6,
            "valor_unitario": 50986,
            "descuento": 0.15,
            "IVA": 5
        },
        {
            "codigo": "hh17qEW3x6",
            "total": 12,
            "valor_unitario": 194898,
            "descuento": 0.13,
            "IVA": 5
        },
        {
            "codigo": "vhK0X02zom",
            "total": 1,
            "valor_unitario": 949670,
            "descuento": 0.49,
            "IVA": 19
        },
        {
            "codigo": "mSx7tr4nD8",
            "total": 6,
            "valor_unitario": 875251,
            "descuento": 0.29,
            "IVA": 19
        },
        {
            "codigo": "H0GmuJR83m",
            "total": 7,
            "valor_unitario": 256538,
            "descuento": 0.36,
            "IVA": 19
        },
        {
            "codigo": "V2DxnK7B7Y",
            "total": 14,
            "valor_unitario": 502011,
            "descuento": 0.39,
            "IVA": 5
        },
        {
            "codigo": "AOWDZmlwr3",
            "total": 15,
            "valor_unitario": 162372,
            "descuento": 0.21,
            "IVA": 0
        },
        {
            "codigo": "BjBSg6Fw1y",
            "total": 17,
            "valor_unitario": 880356,
            "descuento": 0.13,
            "IVA": 0
        },
        {
            "codigo": "BOjrAzSVj2",
            "total": 18,
            "valor_unitario": 540889,
            "descuento": 0.07,
            "IVA": 19
        },
        {
            "codigo": "YxXFc1qqqJ",
            "total": 10,
            "valor_unitario": 906515,
            "descuento": 0.15,
            "IVA": 5
        },
        {
            "codigo": "BCnydNA7yy",
            "total": 11,
            "valor_unitario": 635040,
            "descuento": 0.13,
            "IVA": 5
        },
        {
            "codigo": "NJ34bue1rt",
            "total": 9,
            "valor_unitario": 88048,
            "descuento": 0.48,
            "IVA": 19
        },
        {
            "codigo": "dnC5LOnU2T",
            "total": 15,
            "valor_unitario": 243299,
            "descuento": 0.41,
            "IVA": 0
        }
    ]
}