{
    "empresa_nit": "789526431",
    "empresa_ciudad": "BARRANQUILLA",
    "empresa_sede": "plaza",
    "empresa_nombre": "Supermercado Central",
    "fecha_hora": "2025-01-15 07:58:41",
    "factura_num": "01253",
    "ciente_numero": 286154921,
    "pago_tipo": "TAR.DEBITO",
    "productos": [
        {
            "codigo": "fw2fI7anqn",
            "total": 20,
            "valor_unitario": 433861,
            "descuento": 0.08,
            "IVA": 19
        },
        {
            "codigo": "sZaN2f8OVW",
            "total": 16,
            "valor_unitario": 190360,
            "descuento": 0.06,
            "IVA": 0
        },
        {
            "codigo": "iWokrJDCSr",
            "total": 6,
            "valor_unitario": 978934,
            "descuento": 0.09,
            "IVA": 5
        },
        {
            "codigo": "EwL2b2egiE",
            "total": 10,
            "valor_unitario": 897895,
            "descuento": 0.45,
            "IVA": 19
        },
        {
            "codigo": "zz2lRsiKBw",
            "total": 3,
            "valor_unitario": 568766,
            "descuento": 0.38,
            "IVA": 19
        },
        {
            "codigo": "IqaVGPvCGe",
            "total": 14,
            "valor_unitario": 864062,
            "descuento": 0.06,
            "IVA": 5
        },
        {
            "codigo": "mfpNw4vmka",
            "total": 5,
            "valor_unitario": 945178,
            "descuento": 0.38,
            "IVA": 5
        },
        {
            "codigo": "7sMPGSStMW",
            "total": 11,
            "valor_unitario": 555238,
            "descuento": 0.45,
            "IVA": 19
        },
        {
            "codigo": "uAMM63pFkD",
            "total": 6,
            "valor_unitario": 201000,
            "descuento": 0.03,
            "IVA": 19
        },
        {
            "codigo": "HC7cYhDsAY",
            "total": 16,
            "valor_unitario": 588108,
            "descuento": 0.13,
            "IVA": 19
        },
        {
            "codigo": "CgI0e5Ez7T",
            "total": 2,
            "valor_unitario": 834957,
            "descuento": 0.05,
            "IVA": 0
        },
        {
            "codigo": "Nu87NAbsVV",
            "total": 4,
            "valor_unitario": 719102,
            "descuento": 0.46,
            "IVA": 0
        }
    ]
}