{
    "empresa_nit": "789526431",
    "empresa_ciudad": "BARRANQUILLA",
    "empresa_sede": "centro",
    "empresa_nombre": "Supermercado Central",
    "fecha_hora": "2025-02-14 18:52:58",
    "factura_num": "01214",
    "ciente_numero": 620828650,
    "pago_tipo": "TRANFERENCIA",
    "productos": [
        {
            "codigo": "TqfOMfvREs",
            "total": 3,
            "valor_unitario": 212406,
            "descuento": 0.45,
            "IVA": 0
        },
        {
            "codigo": "76FlCU2Gbk",
            "total": 10,
            "valor_unitario": 619003,
            "descuento": 0.0,
            "IVA": 19
        },
        {
            "codigo": "fUMDqyQRrn",
            "total": 13,
            "valor_unitario": 282522,
            "descuento": 0.39,
            "IVA": 0
        },
        {
            "codigo": "sT85oEVgeQ",
            "total": 10,
            "valor_unitario": 581595,
            "descuento": 0.36,
            "IVA": 19
        },
        {
            "codigo": "EY5QWZ9ch1",
            "total": 14,
            "valor_unitario": 921779,
            "descuento": 0.19,
            "IVA": 19
        },
        {
            "codigo": "kgytJszTB9",
            "total": 20,
            "valor_unitario": 238813,
            "descuento": 0.09,
            "IVA": 19
        },
        {
            "codigo": "JBiEtXpIid",
            "total": 6,
            "valor_unitario": 191122,
            "descuento": 0.49,
            "IVA": 0
        },
        {
            "codigo": "U9auwQsmt5",
            "total": 3,
            "valor_unitario": 351739,
            "descuento": 0.33,
            "IVA": 5
        },
        {
            "codigo": "VJw4mm2HWi",
            "total": 2,
            "valor_unitario": 294931,
            "descuento": 0.48,
            "IVA": 19
        },
        {
            "codigo": "pBwFk3Seld",
            "total": 18,
            "valor_unitario": 540474,
            "descuento": 0.19,
            "IVA": 0
        },
        {
            "codigo": "pByNCbK0H5",
            "total": 19,
            "valor_unitario": 434386,
            "descuento": 0.19,
            "IVA": 0
        },
        {
            "codigo": "4m88sDC4mz",
            "total": 13,
            "valor_unitario": 86571,
            "descuento": 0.38,
            "IVA": 5
        }
    ]
}