{
    "empresa_nit": "789526431",
    "empresa_ciudad": "BOGOTA",
    "empresa_sede": "aeropuerto",
    "empresa_nombre": "Supermercado Central",
    "fecha_hora": "2020-03-09 12:26:05",
    "factura_num": "01210",
    "ciente_numero": 988933021,
    "pago_tipo": "TRANFERENCIA",
    "productos": [
        {
            "codigo": "dqL4EMwJX6",
            "total": 13,
            "valor_unitario": 998509,
            "descuento": 0.48,
            "IVA": 5
        },
        {
            "codigo": "k2rTRgMM7r",
            "total": 8,
            "valor_unitario": 216578,
            "descuento": 0.48,
            "IVA": 19
        }
    ]
}