{
    "empresa_nit": "789526431",
    "empresa_ciudad": "MEDELLIN",
    "empresa_sede": "autopista",
    "empresa_nombre": "Supermercado Central",
    "fecha_hora": "2024-04-08 23:36:38",
    "factura_num": "01300",
    "ciente_numero": 712058761,
    "pago_tipo": "TAR.DEBITO",
    "productos": [
        {
            "codigo": "TKO1mJ0gI6",
            "total": 5,
            "valor_unitario": 471546,
            "descuento": 0.42,
            "IVA": 0
        },
        {
            "codigo": "VaPWOpGgjR",
            "total": 2,
            "valor_unitario": 265328,
            "descuento": 0.22,
            "IVA": 0
        },
        {
            "codigo": "pQYWFKHrQc",
            "total": 20,
            "valor_unitario": 651332,
            "descuento": 0.34,
            "IVA": 19
        },
        {
            "codigo": "KvgCBgAo1t",
            "total": 13,
            "valor_unitario": 455417,
            "descuento": 0.35,
            "IVA": 5
        },
        {
            "codigo": "ejQoaCxKBb",
            "total": 11,
            "valor_unitario": 815147,
            "descuento": 0.15,
            "IVA": 5
        },
        {
            "codigo": "xawl8QyjdJ",
            "total": 6,
            "valor_unitario": 706258,
            "descuento": 0.07,
            "IVA": 0
        },
        {
            "codigo": "f8IAe4nI0x",
            "total": 7,
            "valor_unitario": 962768,
            "descuento": 0.29,
            "IVA": 19
        },
        {
            "codigo": "38IHlOB8PX",
            "total": 17,
            "valor_unitario": 24511,
            "descuento": 0.16,
            "IVA": 5
        },
        {
            "codigo": "44INme6eZs",
            "total": 17,
            "valor_unitario": 84497,
            "descuento": 0.41,
            "IVA": 5
        },
        {
            "codigo": "dNGvpfc0aS",
            "total": 16,
            "valor_unitario": 153519,
            "descuento": 0.45,
            "IVA": 5
        }
    ]
}