{
    "empresa_nit": "789526431",
    "empresa_ciudad": "MEDELLIN",
    "empresa_sede": "centro",
    "empresa_nombre": "Supermercado Central",
    "fecha_hora": "2021-02-16 01:28:05",
    "factura_num": "01096",
    "ciente_numero": 480854643,
    "pago_tipo": "TAR.DEBITO",
    "productos": [
        {
            "codigo": "aLE65H7bzI",
            "total": 16,
            "valor_unitario": 593841,
            "descuento": 0.27,
            "IVA": 5
        },
        {
            "codigo": "aWd4U4c77K",
            "total": 19,
            "valor_unitario": 977862,
            "descuento": 0.34,
            "IVA": 5
        },
        {
            "codigo": "UDAGqNsyv7",
            "total": 15,
            "valor_unitario": 637834,
            "descuento": 0.35,
            "IVA": 0
        },
        {
            "codigo": "0TcgVzMSxO",
            "total": 15,
            "valor_unitario": 143109,
            "descuento": 0.02,
            "IVA": 5
        },
        {
            "codigo": "UD3bdlEJNW",
            "total": 5,
            "valor_unitario": 874034,
            "descuento": 0.09,
            "IVA": 5
        },
        {
            "codigo": "emUyclRQND",
            "total": 7,
            "valor_unitario": 919084,
            "descuento": 0.04,
            "IVA": 19
        },
        {
            "codigo": "T6Y95X7vCK",
            "total": 2,
            "valor_unitario": 73784,
            "descuento": 0.17,
            "IVA": 19
        },
        {
            "codigo": "1XFQDt5W1X",
            "total": 18,
            "valor_unitario": 228200,
            "descuento": 0.01,
            "IVA": 5
        },
        {
            "codigo": "vradmglt15",
            "total": 3,
            "valor_unitario": 834846,
            "descuento": 0.48,
            "IVA": 5
        },
        {
            "codigo": "PIwlVtykMS",
            "total": 8,
            "valor_unitario": 663915,
            "descuento": 0.34,
            "IVA": 19
        },
        {
            "codigo": "2TmCNqvAlB",
            "total": 13,
            "valor_unitario": 222817,
            "descuento": 0.44,
            "IVA": 5
        },
        {
            "codigo": "SNgeyHML3M",
            "total": 20,
            "valor_unitario": 501191,
            "descuento": 0.43,
            "IVA": 5
        },
        {
            "codigo": "2KPk3lIaX3",
            "total": 17,
            "valor_unitario": 660757,
            "descuento": 0.21,
            "IVA": 19
        },
        {
            "codigo": "iglp6sCV2J",
            "total": 9,
            "valor_unitario": 416778,
            "descuento": 0.46,
            "IVA": 0
        },
        {
            "codigo": "niJ5Qoln8y",
            "total": 19,
            "valor_unitario": 550716,
            "descuento": 0.29,
            "IVA": 19
        },
        {
            "codigo": "NPNeSGGrMh",
            "total": 12,
            "valor_unitario": 721460,
            "descuento": 0.35,
            "IVA": 5
        }
    ]
}