{
    "empresa_nit": "789526431",
    "empresa_ciudad": "BOGOTA",
    "empresa_sede": "alcaldia",
    "empresa_nombre": "Supermercado Central",
    "fecha_hora": "2021-12-12 04:32:17",
    "factura_num": "01363",
    "ciente_numero": 696530496,
    "pago_tipo": "TAR.CREDITO",
    "productos": [
        {
            "codigo": "BujLZqtUj9",
            "total": 10,
            "valor_unitario": 420858,
            "descuento": 0.21,
            "IVA": 19
        },
        {
            "codigo": "tpYXAq8Str",
            "total": 8,
            "valor_unitario": 179108,
            "descuento": 0.33,
            "IVA": 0
        },
        {
            "codigo": "1gW1em6Gp4",
            "total": 2,
            "valor_unitario": 278442,
            "descuento": 0.16,
            "IVA": 5
        }
    ]
}