{
    "empresa_nit": "789526431",
    "empresa_ciudad": "BOGOTA",
    "empresa_sede": "plaza",
    "empresa_nombre": "Supermercado Central",
    "fecha_hora": "2020-03-07 12:47:27",
    "factura_num": "01411",
    "ciente_numero": 584794304,
    "pago_tipo": "EFECTIVO",
    "productos": [
        {
            "codigo": "s5wubIGBxY",
            "total": 4,
            "valor_unitario": 664719,
            "descuento": 0.12,
            "IVA": 19
        },
        {
            "codigo": "a8ryEhjsbR",
            "total": 18,
            "valor_unitario": 861478,
            "descuento": 0.01,
            "IVA": 19
        },
        {
            "codigo": "RA8J5ZpNOT",
            "total": 1,
            "valor_unitario": 436299,
            "descuento": 0.12,
            "IVA": 5
        },
        {
            "codigo": "g9DwmnqmHo",
            "total": 6,
            "valor_unitario": 969814,
            "descuento": 0.11,
            "IVA": 5
        },
        {
            "codigo": "aL4E4HAm2S",
            "total": 19,
            "valor_unitario": 750521,
            "descuento": 0.31,
            "IVA": 5
        },
        {
            "codigo": "WrR0FNMJ6n",
            "total": 16,
            "valor_unitario": 880512,
            "descuento": 0.12,
            "IVA": 0
        }
    ]
}