{
    "empresa_nit": "789526431",
    "empresa_ciudad": "MEDELLIN",
    "empresa_sede": "aeropuerto",
    "empresa_nombre": "Supermercado Central",
    "fecha_hora": "2024-12-09 16:15:50",
    "factura_num": "01330",
    "ciente_numero": 533762457,
    "pago_tipo": "TAR.DEBITO",
    "productos": [
        {
            "codigo": "EivlCYvIBO",
            "total": 7,
            "valor_unitario": 689472,
            "descuento": 0.27,
            "IVA": 0
        },
        {
            "codigo": "7Ch4XDqqJD",
            "total": 14,
            "valor_unitario": 314956,
            "descuento": 0.45,
            "IVA": 5
        },
        {
            "codigo": "5i7eaRXrlh",
            "total": 3,
            "valor_unitario": 690851,
            "descuento": 0.22,
            "IVA": 0
        },
        {
            "codigo": "Q8OsFa0cmq",
            "total": 5,
            "valor_unitario": 581762,
            "descuento": 0.12,
            "IVA": 5
        },
        {
            "codigo": "vk1jJpgVAL",
            "total": 11,
            "valor_unitario": 775693,
            "descuento": 0.45,
            "IVA": 0
        },
        {
            "codigo": "YR1zZhx3ay",
            "total": 17,
            "valor_unitario": 768647,
            "descuento": 0.11,
            "IVA": 0
        },
        {
            "codigo": "d8OaQZuepo",
            "total": 14,
            "valor_unitario": 674329,
            "descuento": 0.21,
            "IVA": 0
        },
        {
            "codigo": "f1xbC4f0En",
            "total": 17,
            "valor_unitario": 300215,
            "descuento": 0.39,
            "IVA": 0
        },
        {
            "codigo": "zQj7eu26cS",
            "total": 6,
            "valor_unitario": 257245,
            "descuento": 0.26,
            "IVA": 5
        },
        {
            "codigo": "Wrua7KVvRd",
            "total": 19,
            "valor_unitario": 183916,
            "descuento": 0.13,
            "IVA": 0
        },
        {
            "codigo": "ak4Og1BMli",
            "total": 14,
            "valor_unitario": 812820,
            "descuento": 0.15,
            "IVA": 19
        },
        {
            "codigo": "5lgeQF66TW",
            "total": 4,
            "valor_unitario": 721991,
            "descuento": 0.17,
            "IVA": 5
        },
        {
            "codigo": "HFII4cO3ce",
            "total": 17,
            "valor_unitario": 954683,
            "descuento": 0.46,
            "IVA": 5
        },
        {
            "codigo": "oWP37CEkHY",
            "total": 12,
            "valor_unitario": 821752,
            "descuento": 0.17,
            "IVA": 19
        },
        {
            "codigo": "DZWLqEUYfh",
            "total": 19,
            "valor_unitario": 512280,
            "descuento": 0.46,
            "IVA": 19
        },
        {
            "codigo": "NUkdcyZrrA",
            "total": 10,
            "valor_unitario": 669477,
            "descuento": 0.05,
            "IVA": 0
        }
    ]
}