{
    "empresa_nit": "789526431",
    "empresa_ciudad": "BOGOTA",
    "empresa_sede": "alcaldia",
    "empresa_nombre": "Supermercado Central",
    "fecha_hora": "2024-11-14 10:46:48",
    "factura_num": "01035",
    "ciente_numero": 103159336,
    "pago_tipo": "EFECTIVO",
    "productos": [
        {
            "codigo": "MeCTeq7HA2",
            "total": 17,
            "valor_unitario": 962281,
            "descuento": 0.04,
            "IVA": 5
        },
        {
            "codigo": "3yHwrsRoCF",
            "total": 16,
            "valor_unitario": 452422,
            "descuento": 0.05,
            "IVA": 5
        }
    ]
}