{
    "empresa_nit": "789526431",
    "empresa_ciudad": "BOGOTA",
    "empresa_sede": "alcaldia",
    "empresa_nombre": "Supermercado Central",
    "fecha_hora": "2020-05-28 08:37:26",
    "factura_num": "01308",
    "ciente_numero": 259504301,
    "pago_tipo": "TAR.DEBITO",
    "productos": [
        {
            "codigo": "59Gk4qdQR1",
            "total": 7,
            "valor_unitario": 552153,
            "descuento": 0.28,
            "IVA": 5
        },
        {
            "codigo": "0VS5ra1I9b",
            "total": 8,
            "valor_unitario": 551010,
            "descuento": 0.22,
            "IVA": 0
        },
        {
            "codigo": "GB0XmNqM2Y",
            "total": 1,
            "valor_unitario": 931017,
            "descuento": 0.12,
            "IVA": 5
        },
        {
            "codigo": "67CvJiBoeC",
            "total": 7,
            "valor_unitario": 151092,
            "descuento": 0.16,
            "IVA": 19
        },
        {
            "codigo": "EzihGp26b1",
            "total": 11,
            "valor_unitario": 676656,
            "descuento": 0.06,
            "IVA": 5
        },
        {
            "codigo": "S6QQ1ZlGNH",
            "total": 19,
            "valor_unitario": 684297,
            "descuento": 0.2,
            "IVA": 0
        },
        {
            "codigo": "2HZI8MMZsk",
            "total": 6,
            "valor_unitario": 677603,
            "descuento": 0.46,
            "IVA": 0
        },
        {
            "codigo": "nmSSVvx1AJ",
            "total": 4,
            "valor_unitario": 782345,
            "descuento": 0.36,
            "IVA": 0
        },
        {
            "codigo": "kCRANVhzdR",
            "total": 4,
            "valor_unitario": 358670,
            "descuento": 0.44,
            "IVA": 0
        },
        {
            "codigo": "f99guAmDDa",
            "total": 8,
            "valor_unitario": 553612,
            "descuento": 0.05,
            "IVA": 19
        },
        {
            "codigo": "NbwPeDVwLp",
            "total": 12,
            "valor_unitario": 487290,
            "descuento": 0.48,
            "IVA": 19
        },
        {
            "codigo": "Skffb8vQjq",
            "total": 1,
            "valor_unitario": 991325,
            "descuento": 0.09,
            "IVA": 5
        },
        {
            "codigo": "JwrhulYYKj",
            "total": 3,
            "valor_unitario": 860138,
            "descuento": 0.43,
            "IVA": 5
        },
        {
            "codigo": "Zym6JtJnAH",
            "total": 4,
            "valor_unitario": 183408,
            "descuento": 0.38,
            "IVA": 5
        },
        {
            "codigo": "Nt8dGDtwNm",
            "total": 2,
            "valor_unitario": 300159,
            "descuento": 0.1,
            "IVA": 19
        }
    ]
}