{
    "empresa_nit": "789526431",
    "empresa_ciudad": "CALI",
    "empresa_sede": "aeropuerto",
    "empresa_nombre": "Supermercado Central",
    "fecha_hora": "2021-04-08 04:57:15",
    "factura_num": "01248",
    "ciente_numero": 420483018,
    "pago_tipo": "TRANFERENCIA",
    "productos": [
        {
            "codigo": "vYUOVg1A9S",
            "total": 2,
            "valor_unitario": 456858,
            "descuento": 0.07,
            "IVA": 5
        },
        {
            "codigo": "Ob2cIutxCY",
            "total": 20,
            "valor_unitario": 69073,
            "descuento": 0.38,
            "IVA": 0
        },
        {
            "codigo": "gqHSiRPlEn",
            "total": 19,
            "valor_unitario": 462642,
            "descuento": 0.11,
            "IVA": 19
        },
        {
            "codigo": "m5NHNwIjwN",
            "total": 8,
            "valor_unitario": 65507,
            "descuento": 0.15,
            "IVA": 5
        },
        {
            "codigo": "UxGZ6ui6i3",
            "total": 7,
            "valor_unitario": 80925,
            "descuento": 0.07,
            "IVA": 19
        }
    ]
}