{
    "empresa_nit": "789526431",
    "empresa_ciudad": "TUNJA",
    "empresa_sede": "plaza",
    "empresa_nombre": "Supermercado Central",
    "fecha_hora": "2024-11-03 08:34:36",
    "factura_num": "01425",
    "ciente_numero": 527284450,
    "pago_tipo": "TAR.DEBITO",
    "productos": [
        {
            "codigo": "bywoumFaBF",
            "total": 12,
            "valor_unitario": 652540,
            "descuento": 0.27,
            "IVA": 5
        },
        {
            "codigo": "WSDtHWXzBX",
            "total": 11,
            "valor_unitario": 501914,
            "descuento": 0.21,
            "IVA": 5
        },
        {
            "codigo": "V14DPOPFxR",
            "total": 12,
            "valor_unitario": 388876,
            "descuento": 0.24,
            "IVA": 19
        },
        {
            "codigo": "E5WRWweNmG",
            "total": 19,
            "valor_unitario": 284688,
            "descuento": 0.13,
            "IVA": 19
        },
        {
            "codigo": "Lm9Clcuo7j",
            "total": 12,
            "valor_unitario": 997921,
            "descuento": 0.15,
            "IVA": 19
        },
        {
            "codigo": "2Ctv9z8fRU",
            "total": 17,
            "valor_unitario": 896927,
            "descuento": 0.26,
            "IVA": 0
        },
        {
            "codigo": "mSzoYetwMy",
            "total": 13,
            "valor_unitario": 852564,
            "descuento": 0.3,
            "IVA": 19
        },
        {
            "codigo": "gbZrtoNeTk",
            "total": 8,
            "valor_unitario": 469736,
            "descuento": 0.37,
            "IVA": 5
        },
        {
            "codigo": "jOJrvsx3iu",
            "total": 3,
            "valor_unitario": 76515,
            "descuento": 0.45,
            "IVA": 5
        },
        {
            "codigo": "zjLP8wbxGx",
            "total": 11,
            "valor_unitario": 432320,
            "descuento": 0.4,
            "IVA": 19
        },
        {
            "codigo": "8j20veTTI6",
            "total": 3,
            "valor_unitario": 535196,
            "descuento": 0.09,
            "IVA": 19
        },
        {
            "codigo": "lfbMxVP5Dq",
            "total": 17,
            "valor_unitario": 633835,
            "descuento": 0.42,
            "IVA": 0
        },
        {
            "codigo": "Tnzbw1QBgv",
            "total": 4,
            "valor_unitario": 611708,
            "descuento": 0.49,
            "IVA": 19
        },
        {
            "codigo": "ppM2DR6OZL",
            "total": 8,
            "valor_unitario": 708628,
            "descuento": 0.48,
            "IVA": 19
        },
        {
            "codigo": "snQcpJroL3",
            "total": 15,
            "valor_unitario": 220626,
            "descuento": 0.43,
            "IVA": 0
        },
        {
            "codigo": "lY3ErCQSqq",
            "total": 7,
            "valor_unitario": 398460,
            "descuento": 0.45,
            "IVA": 5
        },
        {
            "codigo": "5SnrOOY1Pj",
            "total": 10,
            "valor_unitario": 700914,
            "descuento": 0.31,
            "IVA": 0
        },
        {
            "codigo": "HA3gJT6rQ2",
            "total": 8,
            "valor_unitario": 171165,
            "descuento": 0.35,
            "IVA": 0
        },
        {
            "codigo": "OOrUtP9ssA",
            "total": 3,
            "valor_unitario": 207290,
            "descuento": 0.0,
            "IVA": 0
        }
    ]
}