{
    "empresa_nit": "789526431",
    "empresa_ciudad": "BOGOTA",
    "empresa_sede": "plaza",
    "empresa_nombre": "Supermercado Central",
    "fecha_hora": "2021-05-07 14:27:21",
    "factura_num": "01179",
    "ciente_numero": 251750469,
    "pago_tipo": "EFECTIVO",
    "productos": [
        {
            "codigo": "eUrC03WuTt",
            "total": 11,
            "valor_unitario": 211172,
            "descuento": 0.23,
            "IVA": 5
        },
        {
            "codigo": "TL1ffiYrMx",
            "total": 14,
            "valor_unitario": 3632,
            "descuento": 0.03,
            "IVA": 5
        },
        {
            "codigo": "6BsTUEX11A",
            "total": 13,
            "valor_unitario": 145032,
            "descuento": 0.14,
            "IVA": 0
        },
        {
            "codigo": "ef4KfQ4RtN",
            "total": 15,
            "valor_unitario": 883069,
            "descuento": 0.41,
            "IVA": 0
        },
        {
            "codigo": "6nolALjQSR",
            "total": 9,
            "valor_unitario": 76363,
            "descuento": 0.02,
            "IVA": 5
        },
        {
            "codigo": "ZqdRtxV1wt",
            "total": 18,
            "valor_unitario": 884791,
            "descuento": 0.15,
            "IVA": 5
        },
        {
            "codigo": "7YQtkpgGGk",
            "total": 19,
            "valor_unitario": 552853,
            "descuento": 0.18,
            "IVA": 5
        },
        {
            "codigo": "TENjNjdIrS",
            "total": 20,
            "valor_unitario": 833074,
            "descuento": 0.49,
            "IVA": 19
        },
        {
            "codigo": "eNF85Q1Rn0",
            "total": 14,
            "valor_unitario": 113991,
            "descuento": 0.05,
            "IVA": 0
        },
        {
            "codigo": "bLVTf6XaCO",
            "total": 5,
            "valor_unitario": 861102,
            "descuento": 0.2,
            "IVA": 5
        },
        {
            "codigo": "G9sjribSVs",
            "total": 9,
            "valor_unitario": 494962,
            "descuento": 0.22,
            "IVA": 5
        }
    ]
}