{
    "empresa_nit": "789526431",
    "empresa_ciudad": "MEDELLIN",
    "empresa_sede": "terminal",
    "empresa_nombre": "Supermercado Central",
    "fecha_hora": "2022-10-08 23:08:10",
    "factura_num": "01099",
    "ciente_numero": 284952284,
    "pago_tipo": "EFECTIVO",
    "productos": [
        {
            "codigo": "hZRi5yOQ9W",
            "total": 13,
            "valor_unitario": 711992,
            "descuento": 0.41,
            "IVA": 5
        },
        {
            "codigo": "dMh8s39o8C",
            "total": 17,
            "valor_unitario": 706573,
            "descuento": 0.44,
            "IVA": 5
        },
        {
            "codigo": "8ubJYkeqxG",
            "total": 4,
            "valor_unitario": 163780,
            "descuento": 0.43,
            "IVA": 0
        },
        {
            "codigo": "ZDxQgz5Q5O",
            "total": 5,
            "valor_unitario": 59266,
            "descuento": 0.46,
            "IVA": 5
        },
        {
            "codigo": "7oKmYnrU6R",
            "total": 1,
            "valor_unitario": 437910,
            "descuento": 0.14,
            "IVA": 0
        },
        {
            "codigo": "4Kdac2pGdF",
            "total": 12,
            "valor_unitario": 385394,
            "descuento": 0.31,
            "IVA": 0
        },
        {
            "codigo": "D94RIObGKl",
            "total": 1,
            "valor_unitario": 220256,
            "descuento": 0.26,
            "IVA": 19
        },
        {
            "codigo": "w01vTw6j1P",
            "total": 7,
            "valor_unitario": 773323,
            "descuento": 0.42,
            "IVA": 5
        },
        {
            "codigo": "kg7xtXLKNL",
            "total": 18,
            "valor_unitario": 980115,
            "descuento": 0.47,
            "IVA": 0
        },
        {
            "codigo": "6U48fJt6en",
            "total": 12,
            "valor_unitario": 580017,
            "descuento": 0.0,
            "IVA": 0
        },
        {
            "codigo": "BCF1C6ZAMn",
            "total": 10,
            "valor_unitario": 242010,
            "descuento": 0.12,
            "IVA": 19
        },
        {
            "codigo": "xksiww8ekH",
            "total": 15,
            "valor_unitario": 848542,
            "descuento": 0.07,
            "IVA": 19
        },
        {
            "codigo": "TlmMQntlMN",
            "total": 2,
            "valor_unitario": 703890,
            "descuento": 0.25,
            "IVA": 0
        },
        {
            "codigo": "AHCDtrZOIC",
            "total": 5,
            "valor_unitario": 447265,
            "descuento": 0.32,
            "IVA": 5
        },
        {
            "codigo": "fwzIPJVutq",
            "total": 13,
            "valor_unitario": 468792,
            "descuento": 0.01,
            "IVA": 5
        },
        {
            "codigo": "IRVYSza9W3",
            "total": 14,
            "valor_unitario": 177383,
            "descuento": 0.36,
            "IVA": 19
        },
        {
            "codigo": "xpsmzfjXHB",
            "total": 13,
            "valor_unitario": 353048,
            "descuento": 0.41,
            "IVA": 19
        },
        {
            "codigo": "cMOxwZhOF6",
            "total": 13,
            "valor_unitario": 501706,
            "descuento": 0.32,
            "IVA": 0
        },
        {
            "codigo": "NFRTnUuzqJ",
            "total": 19,
            "valor_unitario": 945726,
            "descuento": 0.33,
            "IVA": 19
        }
    ]
}