{
    "empresa_nit": "789526431",
    "empresa_ciudad": "MEDELLIN",
    "empresa_sede": "terminal",
    "empresa_nombre": "Supermercado Central",
    "fecha_hora": "2020-10-28 20:48:21",
    "factura_num": "01264",
    "ciente_numero": 236895613,
    "pago_tipo": "TRANFERENCIA",
    "productos": [
        {
            "codigo": "kAeb2m2LhD",
            "total": 4,
            "valor_unitario": 155904,
            "descuento": 0.44,
            "IVA": 5
        },
        {
            "codigo": "jcUH2qgaTC",
            "total": 20,
            "valor_unitario": 872079,
            "descuento": 0.18,
            "IVA": 0
        },
        {
            "codigo": "rousidvMw0",
            "total": 12,
            "valor_unitario": 945793,
            "descuento": 0.1,
            "IVA": 5
        },
        {
            "codigo": "tWQ2B9pEGY",
            "total": 10,
            "valor_unitario": 402361,
            "descuento": 0.47,
            "IVA": 0
        },
        {
            "codigo": "NeYpO1OPa9",
            "total": 13,
            "valor_unitario": 160006,
            "descuento": 0.41,
            "IVA": 19
        },
        {
            "codigo": "DepmlnuDQZ",
            "total": 5,
            "valor_unitario": 610875,
            "descuento": 0.39,
            "IVA": 5
        },
        {
            "codigo": "HI6AVwney3",
            "total": 16,
            "valor_unitario": 732037,
            "descuento": 0.33,
            "IVA": 5
        }
    ]
}