{
    "empresa_nit": "789526431",
    "empresa_ciudad": "CALI",
    "empresa_sede": "centro",
    "empresa_nombre": "Supermercado Central",
    "fecha_hora": "2021-06-11 01:40:12",
    "factura_num": "01050",
    "ciente_numero": 566914363,
    "pago_tipo": "TRANFERENCIA",
    "productos": [
        {
            "codigo": "EBlxcnMNp0",
            "total": 4,
            "valor_unitario": 737573,
            "descuento": 0.12,
            "IVA": 5
        },
        {
            "codigo": "wwoEXU2Cni",
            "total": 13,
            "valor_unitario": 614789,
            "descuento": 0.05,
            "IVA": 0
        },
        {
            "codigo": "d3FF4Q6Z2S",
            "total": 13,
            "valor_unitario": 879533,
            "descuento": 0.32,
            "IVA": 5
        },
        {
            "codigo": "ZngD6DwmEb",
            "total": 17,
            "valor_unitario": 115170,
            "descuento": 0.18,
            "IVA": 19
        },
        {
            "codigo": "fFr6GQu0qu",
            "total": 5,
            "valor_unitario": 423481,
            "descuento": 0.31,
            "IVA": 5
        },
        {
            "codigo": "PqzxJ6nj1m",
            "total": 5,
            "valor_unitario": 589776,
            "descuento": 0.26,
            "IVA": 0
        },
        {
            "codigo": "IlSoHEIvh8",
            "total": 1,
            "valor_unitario": 548255,
            "descuento": 0.37,
            "IVA": 19
        },
        {
            "codigo": "cRjFeP8j9u",
            "total": 19,
            "valor_unitario": 556498,
            "descuento": 0.28,
            "IVA": 0
        },
        {
            "codigo": "zRZUTV1kgK",
            "total": 20,
            "valor_unitario": 903366,
            "descuento": 0.42,
            "IVA": 19
        },
        {
            "codigo": "7MBfjJRGOz",
            "total": 6,
            "valor_unitario": 458874,
            "descuento": 0.17,
            "IVA": 19
        },
        {
            "codigo": "0cqf0YLEUB",
            "total": 9,
            "valor_unitario": 794379,
            "descuento": 0.47,
            "IVA": 0
        },
        {
            "codigo": "rCndJdo7qW",
            "total": 2,
            "valor_unitario": 415075,
            "descuento": 0.2,
            "IVA": 5
        },
        {
            "codigo": "X9AliiVMiJ",
            "total": 7,
            "valor_unitario": 313636,
            "descuento": 0.33,
            "IVA": 19
        }
    ]
}