{
    "empresa_nit": "789526431",
    "empresa_ciudad": "MEDELLIN",
    "empresa_sede": "aeropuerto",
    "empresa_nombre": "Supermercado Central",
    "fecha_hora": "2022-12-22 00:12:53",
    "factura_num": "01043",
    "ciente_numero": 345720433,
    "pago_tipo": "TAR.CREDITO",
    "productos": [
        {
            "codigo": "688ZHLtvAB",
            "total": 20,
            "valor_unitario": 947804,
            "descuento": 0.17,
            "IVA": 19
        },
        {
            "codigo": "Q3s4l1CyxA",
            "total": 12,
            "valor_unitario": 706553,
            "descuento": 0.44,
            "IVA": 0
        },
        {
            "codigo": "yxQdbuOs6t",
            "total": 17,
            "valor_unitario": 49683,
            "descuento": 0.27,
            "IVA": 19
        },
        {
            "codigo": "gppspw53CT",
            "total": 6,
            "valor_unitario": 903265,
            "descuento": 0.07,
            "IVA": 5
        },
        {
            "codigo": "HctLJ9T1hV",
            "total": 12,
            "valor_unitario": 800506,
            "descuento": 0.09,
            "IVA": 5
        },
        {
            "codigo": "EMayZjtb40",
            "total": 18,
            "valor_unitario": 861930,
            "descuento": 0.42,
            "IVA": 19
        },
        {
            "codigo": "iqHI8EmWcI",
            "total": 7,
            "valor_unitario": 739514,
            "descuento": 0.35,
            "IVA": 5
        },
        {
            "codigo": "fer3kieFDN",
            "total": 3,
            "valor_unitario": 758793,
            "descuento": 0.19,
            "IVA": 19
        },
        {
            "codigo": "GZ8hLeotu1",
            "total": 10,
            "valor_unitario": 981765,
            "descuento": 0.0,
            "IVA": 5
        },
        {
            "codigo": "k2LMwNu6VO",
            "total": 17,
            "valor_unitario": 19017,
            "descuento": 0.03,
            "IVA": 0
        },
        {
            "codigo": "rKjjsik8UQ",
            "total": 1,
            "valor_unitario": 757114,
            "descuento": 0.47,
            "IVA": 0
        },
        {
            "codigo": "qj6sNVm0t7",
            "total": 11,
            "valor_unitario": 363412,
            "descuento": 0.45,
            "IVA": 0
        },
        {
            "codigo": "7uQWVug8U6",
            "total": 11,
            "valor_unitario": 902859,
            "descuento": 0.31,
            "IVA": 5
        }
    ]
}