{
    "empresa_nit": "789526431",
    "empresa_ciudad": "BARRANQUILLA",
    "empresa_sede": "plaza",
    "empresa_nombre": "Supermercado Central",
    "fecha_hora": "2024-08-16 03:17:20",
    "factura_num": "01187",
    "ciente_numero": 34964370,
    "pago_tipo": "TAR.DEBITO",
    "productos": [
        {
            "codigo": "CfI50oUoOL",
            "total": 10,
            "valor_unitario": 758799,
            "descuento": 0.35,
            "IVA": 5
        },
        {
            "codigo": "78u9ANRcAI",
            "total": 13,
            "valor_unitario": 732902,
            "descuento": 0.17,
            "IVA": 19
        },
        {
            "codigo": "qORt4eWiYF",
            "total": 16,
            "valor_unitario": 352021,
            "descuento": 0.07,
            "IVA": 5
        },
        {
            "codigo": "wG5pL3fE3S",
            "total": 17,
            "valor_unitario": 771162,
            "descuento": 0.49,
            "IVA": 19
        },
        {
            "codigo": "eYJk3hgqQt",
            "total": 10,
            "valor_unitario": 608345,
            "descuento": 0.24,
            "IVA": 5
        },
        {
            "codigo": "kZ8Ny98J0d",
            "total": 7,
            "valor_unitario": 394645,
            "descuento": 0.04,
            "IVA": 0
        },
        {
            "codigo": "ncd7Nun2gb",
            "total": 8,
            "valor_unitario": 322012,
            "descuento": 0.29,
            "IVA": 5
        },
        {
            "codigo": "UFdmpUqUmU",
            "total": 14,
            "valor_unitario": 772462,
            "descuento": 0.37,
            "IVA": 19
        },
        {
            "codigo": "j5uILPK12T",
            "total": 4,
            "valor_unitario": 654364,
            "descuento": 0.42,
            "IVA": 5
        },
        {
            "codigo": "gdPMabodTk",
            "total": 3,
            "valor_unitario": 226042,
            "descuento": 0.42,
            "IVA": 0
        },
        {
            "codigo": "gaRxTTG5CZ",
            "total": 17,
            "valor_unitario": 571444,
            "descuento": 0.35,
            "IVA": 5
        },
        {
            "codigo": "mIQuGMPSLC",
            "total": 17,
            "valor_unitario": 929735,
            "descuento": 0.21,
            "IVA": 0
        },
        {
            "codigo": "38g8vhYbzr",
            "total": 13,
            "valor_unitario": 755739,
            "descuento": 0.39,
            "IVA": 19
        },
        {
            "codigo": "ZVQkPrNzYo",
            "total": 20,
            "valor_unitario": 647590,
            "descuento": 0.36,
            "IVA": 19
        },
        {
            "codigo": "fWVoBji8la",
            "total": 16,
            "valor_unitario": 80692,
            "descuento": 0.26,
            "IVA": 0
        },
        {
            "codigo": "dA3y3TYw8Z",
            "total": 2,
            "valor_unitario": 585267,
            "descuento": 0.15,
            "IVA": 5
        },
        {
            "codigo": "k3BddLGpQG",
            "total": 19,
            "valor_unitario": 301544,
            "descuento": 0.3,
            "IVA": 5
        },
        {
            "codigo": "xa0ezUcxKw",
            "total": 15,
            "valor_unitario": 753736,
            "descuento": 0.24,
            "IVA": 5
        }
    ]
}