{
    "empresa_nit": "789526431",
    "empresa_ciudad": "CALI",
    "empresa_sede": "aeropuerto",
    "empresa_nombre": "Supermercado Central",
    "fecha_hora": "2024-09-15 05:13:04",
    "factura_num": "01269",
    "ciente_numero": 717568873,
    "pago_tipo": "TAR.CREDITO",
    "productos": [
        {
            "codigo": "ByGplXGG8a",
            "total": 10,
            "valor_unitario": 235442,
            "descuento": 0.04,
            "IVA": 19
        },
        {
            "codigo": "t4fJDN7oB1",
            "total": 16,
            "valor_unitario": 552621,
            "descuento": 0.2,
            "IVA": 0
        },
        {
            "codigo": "jHHyvJyBNQ",
            "total": 3,
            "valor_unitario": 428867,
            "descuento": 0.04,
            "IVA": 19
        },
        {
            "codigo": "8OGpPE9WJQ",
            "total": 18,
            "valor_unitario": 873691,
            "descuento": 0.21,
            "IVA": 0
        },
        {
            "codigo": "Cfrk0T3UzF",
            "total": 18,
            "valor_unitario": 233202,
            "descuento": 0.34,
            "IVA": 0
        },
        {
            "codigo": "h6SfE5fHUM",
            "total": 20,
            "valor_unitario": 756588,
            "descuento": 0.26,
            "IVA": 19
        },
        {
            "codigo": "O5v9NaWFPt",
            "total": 5,
            "valor_unitario": 629473,
            "descuento": 0.21,
            "IVA": 5
        },
        {
            "codigo": "SsRnyk28CH",
            "total": 14,
            "valor_unitario": 620162,
            "descuento": 0.07,
            "IVA": 19
        },
        {
            "codigo": "tq2azjqMZl",
            "total": 2,
            "valor_unitario": 423632,
            "descuento": 0.1,
            "IVA": 19
        },
        {
            "codigo": "Jasnm4Obbk",
            "total": 17,
            "valor_unitario": 16123,
            "descuento": 0.38,
            "IVA": 19
        },
        {
            "codigo": "05JU5GsakY",
            "total": 6,
            "valor_unitario": 605451,
            "descuento": 0.13,
            "IVA": 5
        }
    ]
}