{
    "empresa_nit": "789526431",
    "empresa_ciudad": "BOGOTA",
    "empresa_sede": "plaza",
    "empresa_nombre": "Supermercado Central",
    "fecha_hora": "2020-09-10 07:39:26",
    "factura_num": "01231",
    "ciente_numero": 380573770,
    "pago_tipo": "TAR.DEBITO",
    "productos": [
        {
            "codigo": "5tclniVhWh",
            "total": 1,
            "valor_unitario": 726388,
            "descuento": 0.0,
            "IVA": 0
        },
        {
            "codigo": "TZ9eRCFORE",
            "total": 14,
            "valor_unitario": 582368,
            "descuento": 0.27,
            "IVA": 0
        },
        {
            "codigo": "vhWoJK5sCJ",
            "total": 12,
            "valor_unitario": 884339,
            "descuento": 0.2,
            "IVA": 0
        },
        {
            "codigo": "o8jvTe6bSE",
            "total": 1,
            "valor_unitario": 840963,
            "descuento": 0.12,
            "IVA": 5
        },
        {
            "codigo": "qkO5h0pF7x",
            "total": 1,
            "valor_unitario": 408361,
            "descuento": 0.33,
            "IVA": 19
        },
        {
            "codigo": "hLzLSzapGx",
            "total": 1,
            "valor_unitario": 79547,
            "descuento": 0.39,
            "IVA": 19
        },
        {
            "codigo": "IcZvnVaUnE",
            "total": 12,
            "valor_unitario": 266788,
            "descuento": 0.41,
            "IVA": 0
        },
        {
            "codigo": "pMa7WMbPTx",
            "total": 12,
            "valor_unitario": 859321,
            "descuento": 0.1,
            "IVA": 0
        },
        {
            "codigo": "0TJuCiDQW6",
            "total": 16,
            "valor_unitario": 482850,
            "descuento": 0.32,
            "IVA": 19
        },
        {
            "codigo": "5gmpcjWHOR",
            "total": 5,
            "valor_unitario": 826425,
            "descuento": 0.34,
            "IVA": 0
        },
        {
            "codigo": "1iupuODB18",
            "total": 8,
            "valor_unitario": 74558,
            "descuento": 0.25,
            "IVA": 0
        }
    ]
}