{
    "empresa_nit": "789526431",
    "empresa_ciudad": "BOGOTA",
    "empresa_sede": "alcaldia",
    "empresa_nombre": "Supermercado Central",
    "fecha_hora": "2024-08-06 13:20:04",
    "factura_num": "01317",
    "ciente_numero": 286231543,
    "pago_tipo": "TAR.DEBITO",
    "productos": [
        {
            "codigo": "8nT2hbcfUx",
            "total": 7,
            "valor_unitario": 945669,
            "descuento": 0.04,
            "IVA": 19
        },
        {
            "codigo": "HvEtPk4udh",
            "total": 11,
            "valor_unitario": 978324,
            "descuento": 0.05,
            "IVA": 5
        },
        {
            "codigo": "gVtjTXjNGI",
            "total": 12,
            "valor_unitario": 328019,
            "descuento": 0.23,
            "IVA": 19
        },
        {
            "codigo": "cxErf3t2tt",
            "total": 12,
            "valor_unitario": 660298,
            "descuento": 0.11,
            "IVA": 19
        }
    ]
}