{
    "empresa_nit": "789526431",
    "empresa_ciudad": "CALI",
    "empresa_sede": "centro",
    "empresa_nombre": "Supermercado Central",
    "fecha_hora": "2021-08-10 23:08:03",
    "factura_num": "01239",
    "ciente_numero": 595615360,
    "pago_tipo": "EFECTIVO",
    "productos": [
        {
            "codigo": "LMRi8zVgpQ",
            "total": 5,
            "valor_unitario": 329874,
            "descuento": 0.41,
            "IVA": 5
        },
        {
            "codigo": "kXd6Q59Zr4",
            "total": 17,
            "valor_unitario": 154121,
            "descuento": 0.36,
            "IVA": 0
        },
        {
            "codigo": "S0Q0fogDSd",
            "total": 1,
            "valor_unitario": 754573,
            "descuento": 0.33,
            "IVA": 0
        },
        {
            "codigo": "F3tcQ2MQdM",
            "total": 20,
            "valor_unitario": 293651,
            "descuento": 0.1,
            "IVA": 5
        }
    ]
}