{
    "empresa_nit": "789526431",
    "empresa_ciudad": "MEDELLIN",
    "empresa_sede": "plaza",
    "empresa_nombre": "Supermercado Central",
    "fecha_hora": "2025-03-07 03:20:47",
    "factura_num": "01027",
    "ciente_numero": 670362072,
    "pago_tipo": "TAR.CREDITO",
    "productos": [
        {
            "codigo": "XJL2lCUdSE",
            "total": 11,
            "valor_unitario": 959292,
            "descuento": 0.45,
            "IVA": 0
        },
        {
            "codigo": "SkvyTf17zH",
            "total": 10,
            "valor_unitario": 636993,
            "descuento": 0.15,
            "IVA": 19
        },
        {
            "codigo": "lBL37FGhzM",
            "total": 6,
            "valor_unitario": 668179,
            "descuento": 0.02,
            "IVA": 19
        },
        {
            "codigo": "mBm8zyPGPM",
            "total": 3,
            "valor_unitario": 566953,
            "descuento": 0.44,
            "IVA": 0
        },
        {
            "codigo": "irfcCYcWen",
            "total": 8,
            "valor_unitario": 405257,
            "descuento": 0.41,
            "IVA": 19
        },
        {
            "codigo": "VcGf2KpmgU",
            "total": 20,
            "valor_unitario": 234103,
            "descuento": 0.13,
            "IVA": 5
        },
        {
            "codigo": "tKsuvgS54d",
            "total": 9,
            "valor_unitario": 377276,
            "descuento": 0.2,
            "IVA": 5
        },
        {
            "codigo": "HAtukKz08u",
            "total": 15,
            "valor_unitario": 55335,
            "descuento": 0.46,
            "IVA": 19
        },
        {
            "codigo": "UHKQm6uuF0",
            "total": 15,
            "valor_unitario": 93531,
            "descuento": 0.43,
            "IVA": 19
        },
        {
            "codigo": "fDSRxHG3y7",
            "total": 18,
            "valor_unitario": 995106,
            "descuento": 0.3,
            "IVA": 5
        },
        {
            "codigo": "4NiJBzLf32",
            "total": 9,
            "valor_unitario": 231769,
            "descuento": 0.32,
            "IVA": 0
        },
        {
            "codigo": "caxDCm6Szm",
            "total": 14,
            "valor_unitario": 51400,
            "descuento": 0.3,
            "IVA": 0
        },
        {
            "codigo": "eFzJswh8q0",
            "total": 13,
            "valor_unitario": 313039,
            "descuento": 0.23,
            "IVA": 19
        },
        {
            "codigo": "TCqJK6kVl2",
            "total": 9,
            "valor_unitario": 474899,
            "descuento": 0.28,
            "IVA": 0
        },
        {
            "codigo": "KetZTCTQ6o",
            "total": 15,
            "valor_unitario": 480169,
            "descuento": 0.05,
            "IVA": 0
        },
        {
            "codigo": "FWA0GNX0wV",
            "total": 10,
            "valor_unitario": 227695,
            "descuento": 0.2,
            "IVA": 0
        },
        {
            "codigo": "AVcPCzeiRi",
            "total": 1,
            "valor_unitario": 700310,
            "descuento": 0.45,
            "IVA": 0
        },
        {
            "codigo": "G4jUPkpxZg",
            "total": 4,
            "valor_unitario": 850227,
            "descuento": 0.49,
            "IVA": 5
        },
        {
            "codigo": "M8oZvJJj9l",
            "total": 9,
            "valor_unitario": 689658,
            "descuento": 0.43,
            "IVA": 19
        },
        {
            "codigo": "f9cRcO6LuV",
            "total": 1,
            "valor_unitario": 886244,
            "descuento": 0.4,
            "IVA": 0
        }
    ]
}