{
    "empresa_nit": "789526431",
    "empresa_ciudad": "BARRANQUILLA",
    "empresa_sede": "plaza",
    "empresa_nombre": "Supermercado Central",
    "fecha_hora": "2023-10-15 07:37:16",
    "factura_num": "00132",
    "ciente_numero": 863819395,
    "pago_tipo": "TAR.DEBITO",
    "productos": [
        {
            "codigo": "dD1g22FGTR",
            "total": 6,
            "valor_unitario": 54386,
            "descuento": 0.25,
            "IVA": 5
        },
        {
            "codigo": "qMLzK03TkS",
            "total": 17,
            "valor_unitario": 457191,
            "descuento": 0.27,
            "IVA": 0
        },
        {
            "codigo": "60F6itSmmL",
            "total": 11,
            "valor_unitario": 567628,
            "descuento": 0.36,
            "IVA": 0
        },
        {
            "codigo": "35ZOKglHpU",
            "total": 10,
            "valor_unitario": 742571,
            "descuento": 0.19,
            "IVA": 5
        },
        {
            "codigo": "7YU9fvBdbm",
            "total": 15,
            "valor_unitario": 669536,
            "descuento": 0.18,
            "IVA": 19
        },
        {
            "codigo": "2n4pYIdO7O",
            "total": 7,
            "valor_unitario": 954529,
            "descuento": 0.09,
            "IVA": 19
        },
        {
            "codigo": "wEruZzxvvx",
            "total": 10,
            "valor_unitario": 955336,
            "descuento": 0.4,
            "IVA": 0
        },
        {
            "codigo": "mDBwbEJBtb",
            "total": 9,
            "valor_unitario": 329345,
            "descuento": 0.17,
            "IVA": 5
        },
        {
            "codigo": "vgGSkx1A3T",
            "total": 13,
            "valor_unitario": 753118,
            "descuento": 0.29,
            "IVA": 19
        },
        {
            "codigo": "mM9ugNzq2c",
            "total": 13,
            "valor_unitario": 828835,
            "descuento": 0.39,
            "IVA": 0
        },
        {
            "codigo": "L8cOxGBbWE",
            "total": 2,
            "valor_unitario": 383976,
            "descuento": 0.41,
            "IVA": 5
        },
        {
            "codigo": "yP6vwWbdAL",
            "total": 3,
            "valor_unitario": 306473,
            "descuento": 0.49,
            "IVA": 5
        },
        {
            "codigo": "TE43qw7rMu",
            "total": 17,
            "valor_unitario": 90469,
            "descuento": 0.29,
            "IVA": 5
        },
        {
            "codigo": "mnSy2O4EHn",
            "total": 20,
            "valor_unitario": 909410,
            "descuento": 0.29,
            "IVA": 19
        }
    ]
}