{
    "empresa_nit": "789526431",
    "empresa_ciudad": "CALI",
    "empresa_sede": "aeropuerto",
    "empresa_nombre": "Supermercado Central",
    "fecha_hora": "2023-06-30 03:56:38",
    "factura_num": "01140",
    "ciente_numero": 736478978,
    "pago_tipo": "EFECTIVO",
    "productos": [
        {
            "codigo": "5MNSAD7GVL",
            "total": 13,
            "valor_unitario": 102744,
            "descuento": 0.41,
            "IVA": 19
        },
        {
            "codigo": "NsDeUIZ6UX",
            "total": 17,
            "valor_unitario": 577690,
            "descuento": 0.3,
            "IVA": 0
        },
        {
            "codigo": "0B3NCsZQ1h",
            "total": 11,
            "valor_unitario": 621371,
            "descuento": 0.03,
            "IVA": 19
        },
        {
            "codigo": "2Jnt17mDe8",
            "total": 5,
            "valor_unitario": 538974,
            "descuento": 0.33,
            "IVA": 19
        },
        {
            "codigo": "aJv0do2Ayf",
            "total": 14,
            "valor_unitario": 418561,
            "descuento": 0.11,
            "IVA": 0
        },
        {
            "codigo": "6cbnZ3tVW3",
            "total": 7,
            "valor_unitario": 53264,
            "descuento": 0.11,
            "IVA": 0
        },
        {
            "codigo": "x5viDKgruU",
            "total": 8,
            "valor_unitario": 203878,
            "descuento": 0.29,
            "IVA": 0
        },
        {
            "codigo": "Q2AqAfPEj2",
            "total": 17,
            "valor_unitario": 178138,
            "descuento": 0.44,
            "IVA": 19
        },
        {
            "codigo": "uMIAilOxRI",
            "total": 16,
            "valor_unitario": 71267,
            "descuento": 0.07,
            "IVA": 19
        },
        {
            "codigo": "zbXB2o47iE",
            "total": 13,
            "valor_unitario": 927076,
            "descuento": 0.41,
            "IVA": 0
        },
        {
            "codigo": "V42Bbo4oDl",
            "total": 6,
            "valor_unitario": 780637,
            "descuento": 0.05,
            "IVA": 19
        },
        {
            "codigo": "DUeuEbol7j",
            "total": 5,
            "valor_unitario": 63450,
            "descuento": 0.05,
            "IVA": 0
        },
        {
            "codigo": "uz61F7A4VJ",
            "total": 2,
            "valor_unitario": 269999,
            "descuento": 0.11,
            "IVA": 19
        },
        {
            "codigo": "CUmPtaJ23E",
            "total": 9,
            "valor_unitario": 550987,
            "descuento": 0.25,
            "IVA": 19
        },
        {
            "codigo": "veW6K93vO6",
            "total": 15,
            "valor_unitario": 160395,
            "descuento": 0.38,
            "IVA": 0
        },
        {
            "codigo": "PMbKI1SQWY",
            "total": 18,
            "valor_unitario": 523507,
            "descuento": 0.26,
            "IVA": 19
        },
        {
            "codigo": "jnrJohPAo1",
            "total": 11,
            "valor_unitario": 206674,
            "descuento": 0.0,
            "IVA": 19
        },
        {
            "codigo": "9AfxZpIHwg",
            "total": 7,
            "valor_unitario": 132144,
            "descuento": 0.37,
            "IVA": 0
        },
        {
            "codigo": "f9GOd7ZaV2",
            "total": 11,
            "valor_unitario": 425182,
            "descuento": 0.39,
            "IVA": 5
        },
        {
            "codigo": "4sed5Omzvg",
            "total": 7,
            "valor_unitario": 412202,
            "descuento": 0.39,
            "IVA": 19
        }
    ]
}