{
    "empresa_nit": "789526431",
    "empresa_ciudad": "MEDELLIN",
    "empresa_sede": "alcaldia",
    "empresa_nombre": "Supermercado Central",
    "fecha_hora": "2024-06-27 08:48:06",
    "factura_num": "00109",
    "ciente_numero": 210945815,
    "pago_tipo": "TAR.CREDITO",
    "productos": [
        {
            "codigo": "njr5hPS4Do",
            "total": 20,
            "valor_unitario": 289791,
            "descuento": 0.03,
            "IVA": 0
        },
        {
            "codigo": "5PvOYAx011",
            "total": 9,
            "valor_unitario": 591350,
            "descuento": 0.04,
            "IVA": 0
        },
        {
            "codigo": "PRX48jEJrW",
            "total": 1,
            "valor_unitario": 988234,
            "descuento": 0.18,
            "IVA": 0
        },
        {
            "codigo": "UlBTU6a4D1",
            "total": 16,
            "valor_unitario": 680143,
            "descuento": 0.42,
            "IVA": 0
        },
        {
            "codigo": "wr7SrjoMN8",
            "total": 13,
            "valor_unitario": 493954,
            "descuento": 0.45,
            "IVA": 19
        },
        {
            "codigo": "5vBIdVtB4O",
            "total": 8,
            "valor_unitario": 465604,
            "descuento": 0.25,
            "IVA": 0
        },
        {
            "codigo": "v4KbPFDJiA",
            "total": 4,
            "valor_unitario": 209774,
            "descuento": 0.44,
            "IVA": 19
        },
        {
            "codigo": "YSj7LffyqD",
            "total": 19,
            "valor_unitario": 680266,
            "descuento": 0.48,
            "IVA": 5
        },
        {
            "codigo": "ZA7aIzxFok",
            "total": 1,
            "valor_unitario": 811146,
            "descuento": 0.42,
            "IVA": 19
        },
        {
            "codigo": "QKxxQqNVVj",
            "total": 7,
            "valor_unitario": 301389,
            "descuento": 0.1,
            "IVA": 5
        },
        {
            "codigo": "wX5q48W5BF",
            "total": 8,
            "valor_unitario": 636685,
            "descuento": 0.03,
            "IVA": 0
        },
        {
            "codigo": "5o8EeJnYdb",
            "total": 15,
            "valor_unitario": 16848,
            "descuento": 0.38,
            "IVA": 19
        }
    ]
}