{
    "empresa_nit": "789526431",
    "empresa_ciudad": "BARRANQUILLA",
    "empresa_sede": "aeropuerto",
    "empresa_nombre": "Supermercado Central",
    "fecha_hora": "2020-04-30 15:23:22",
    "factura_num": "01243",
    "ciente_numero": 186897331,
    "pago_tipo": "TAR.CREDITO",
    "productos": [
        {
            "codigo": "yFdaCmLwSo",
            "total": 9,
            "valor_unitario": 704229,
            "descuento": 0.06,
            "IVA": 0
        },
        {
            "codigo": "uBuLUmjkMy",
            "total": 7,
            "valor_unitario": 900225,
            "descuento": 0.42,
            "IVA": 19
        },
        {
            "codigo": "NmNhEtek2M",
            "total": 2,
            "valor_unitario": 639148,
            "descuento": 0.32,
            "IVA": 5
        },
        {
            "codigo": "HyWi8f8ifF",
            "total": 14,
            "valor_unitario": 104269,
            "descuento": 0.16,
            "IVA": 5
        },
        {
            "codigo": "hpXGaafgj7",
            "total": 1,
            "valor_unitario": 130048,
            "descuento": 0.12,
            "IVA": 19
        },
        {
            "codigo": "mj098OkZhA",
            "total": 10,
            "valor_unitario": 169112,
            "descuento": 0.35,
            "IVA": 0
        },
        {
            "codigo": "znLdegZDyR",
            "total": 16,
            "valor_unitario": 642226,
            "descuento": 0.0,
            "IVA": 0
        },
        {
            "codigo": "ZNNKuRDE2A",
            "total": 2,
            "valor_unitario": 639498,
            "descuento": 0.31,
            "IVA": 5
        },
        {
            "codigo": "lMrSfbaa0P",
            "total": 13,
            "valor_unitario": 83393,
            "descuento": 0.1,
            "IVA": 0
        },
        {
            "codigo": "KlbXzpoVCk",
            "total": 15,
            "valor_unitario": 785720,
            "descuento": 0.37,
            "IVA": 0
        },
        {
            "codigo": "JM4MrOxpat",
            "total": 8,
            "valor_unitario": 846140,
            "descuento": 0.23,
            "IVA": 19
        },
        {
            "codigo": "e4ZKZRGzwx",
            "total": 2,
            "valor_unitario": 308397,
            "descuento": 0.44,
            "IVA": 19
        },
        {
            "codigo": "Kz3AxukoBv",
            "total": 19,
            "valor_unitario": 879154,
            "descuento": 0.33,
            "IVA": 0
        },
        {
            "codigo": "qH2BtbqPiV",
            "total": 2,
            "valor_unitario": 809856,
            "descuento": 0.3,
            "IVA": 0
        },
        {
            "codigo": "ZWaJI7KosH",
            "total": 20,
            "valor_unitario": 586569,
            "descuento": 0.33,
            "IVA": 5
        }
    ]
}