{
    "empresa_nit": "789526431",
    "empresa_ciudad": "CALI",
    "empresa_sede": "terminal",
    "empresa_nombre": "Supermercado Central",
    "fecha_hora": "2024-12-02 13:45:35",
    "factura_num": "01258",
    "ciente_numero": 609205808,
    "pago_tipo": "TRANFERENCIA",
    "productos": [
        {
            "codigo": "AeFghWySjU",
            "total": 1,
            "valor_unitario": 274422,
            "descuento": 0.4,
            "IVA": 0
        },
        {
            "codigo": "cWDXT8syc7",
            "total": 12,
            "valor_unitario": 116576,
            "descuento": 0.28,
            "IVA": 0
        },
        {
            "codigo": "D5uhxKminM",
            "total": 3,
            "valor_unitario": 214721,
            "descuento": 0.36,
            "IVA": 0
        },
        {
            "codigo": "GvdSnOtubM",
            "total": 17,
            "valor_unitario": 201286,
            "descuento": 0.33,
            "IVA": 0
        },
        {
            "codigo": "NZ9XTBvOds",
            "total": 6,
            "valor_unitario": 575541,
            "descuento": 0.18,
            "IVA": 0
        },
        {
            "codigo": "8SW7IZEo93",
            "total": 1,
            "valor_unitario": 408983,
            "descuento": 0.31,
            "IVA": 19
        },
        {
            "codigo": "a2MleS2MqY",
            "total": 2,
            "valor_unitario": 612940,
            "descuento": 0.48,
            "IVA": 19
        },
        {
            "codigo": "MxYgeVgqax",
            "total": 20,
            "valor_unitario": 798494,
            "descuento": 0.47,
            "IVA": 19
        },
        {
            "codigo": "uESD0uZxVA",
            "total": 2,
            "valor_unitario": 355360,
            "descuento": 0.12,
            "IVA": 19
        },
        {
            "codigo": "dpA1JhqOEw",
            "total": 6,
            "valor_unitario": 613467,
            "descuento": 0.17,
            "IVA": 19
        },
        {
            "codigo": "BW7z8puCFU",
            "total": 6,
            "valor_unitario": 424651,
            "descuento": 0.0,
            "IVA": 19
        },
        {
            "codigo": "kwsEGFHb4F",
            "total": 10,
            "valor_unitario": 845229,
            "descuento": 0.28,
            "IVA": 5
        },
        {
            "codigo": "OZCY16GHUi",
            "total": 10,
            "valor_unitario": 214638,
            "descuento": 0.25,
            "IVA": 5
        },
        {
            "codigo": "y1U25c9Dpx",
            "total": 14,
            "valor_unitario": 155662,
            "descuento": 0.13,
            "IVA": 0
        },
        {
            "codigo": "zBBTTPFXgx",
            "total": 4,
            "valor_unitario": 86458,
            "descuento": 0.19,
            "IVA": 19
        },
        {
            "codigo": "xwpb4Q4UJB",
            "total": 9,
            "valor_unitario": 55015,
            "descuento": 0.2,
            "IVA": 5
        },
        {
            "codigo": "y6fFrMd7Gg",
            "total": 19,
            "valor_unitario": 883699,
            "descuento": 0.17,
            "IVA": 19
        }
    ]
}