{
    "empresa_nit": "789526431",
    "empresa_ciudad": "MEDELLIN",
    "empresa_sede": "centro",
    "empresa_nombre": "Supermercado Central",
    "fecha_hora": "2021-04-04 08:32:40",
    "factura_num": "01322",
    "ciente_numero": 803530503,
    "pago_tipo": "TAR.DEBITO",
    "productos": [
        {
            "codigo": "Y1QFlxSfAx",
            "total": 18,
            "valor_unitario": 248720,
            "descuento": 0.14,
            "IVA": 0
        },
        {
            "codigo": "N0xJLBxSkW",
            "total": 9,
            "valor_unitario": 720777,
            "descuento": 0.22,
            "IVA": 0
        },
        {
            "codigo": "Aj9JCg6Tbg",
            "total": 9,
            "valor_unitario": 635870,
            "descuento": 0.09,
            "IVA": 0
        },
        {
            "codigo": "BINvIlTjt7",
            "total": 17,
            "valor_unitario": 185125,
            "descuento": 0.45,
            "IVA": 5
        }
    ]
}