{
    "empresa_nit": "789526431",
    "empresa_ciudad": "TUNJA",
    "empresa_sede": "autopista",
    "empresa_nombre": "Supermercado Central",
    "fecha_hora": "2022-12-12 05:25:30",
    "factura_num": "01324",
    "ciente_numero": 642764615,
    "pago_tipo": "TAR.DEBITO",
    "productos": [
        {
            "codigo": "a5zXC9O1JX",
            "total": 11,
            "valor_unitario": 653029,
            "descuento": 0.01,
            "IVA": 5
        },
        {
            "codigo": "7KD473Y1y0",
            "total": 2,
            "valor_unitario": 901940,
            "descuento": 0.43,
            "IVA": 19
        },
        {
            "codigo": "t4ZCSXwn6I",
            "total": 5,
            "valor_unitario": 367937,
            "descuento": 0.24,
            "IVA": 5
        },
        {
            "codigo": "y016Rmmnvi",
            "total": 16,
            "valor_unitario": 758128,
            "descuento": 0.03,
            "IVA": 0
        },
        {
            "codigo": "8MB4HqdOig",
            "total": 18,
            "valor_unitario": 349153,
            "descuento": 0.14,
            "IVA": 19
        }
    ]
}