{
    "empresa_nit": "789526431",
    "empresa_ciudad": "CALI",
    "empresa_sede": "plaza",
    "empresa_nombre": "Supermercado Central",
    "fecha_hora": "2023-09-02 03:45:57",
    "factura_num": "01073",
    "ciente_numero": 446744216,
    "pago_tipo": "EFECTIVO",
    "productos": [
        {
            "codigo": "Vnyed7zRXw",
            "total": 4,
            "valor_unitario": 310886,
            "descuento": 0.21,
            "IVA": 0
        },
        {
            "codigo": "NCdbeTOwSJ",
            "total": 18,
            "valor_unitario": 750915,
            "descuento": 0.46,
            "IVA": 5
        },
        {
            "codigo": "biP1dNjo1Y",
            "total": 8,
            "valor_unitario": 392992,
            "descuento": 0.24,
            "IVA": 5
        },
        {
            "codigo": "JG6vPDoPzE",
            "total": 5,
            "valor_unitario": 683739,
            "descuento": 0.35,
            "IVA": 0
        },
        {
            "codigo": "46aI7LU7fQ",
            "total": 17,
            "valor_unitario": 297329,
            "descuento": 0.32,
            "IVA": 19
        },
        {
            "codigo": "Ps9M9wbaC0",
            "total": 20,
            "valor_unitario": 180599,
            "descuento": 0.03,
            "IVA": 19
        },
        {
            "codigo": "xhHVFbDMCv",
            "total": 4,
            "valor_unitario": 981503,
            "descuento": 0.08,
            "IVA": 5
        },
        {
            "codigo": "MLZfzCaLQO",
            "total": 16,
            "valor_unitario": 60629,
            "descuento": 0.46,
            "IVA": 5
        },
        {
            "codigo": "CTTFhTu8OO",
            "total": 8,
            "valor_unitario": 319793,
            "descuento": 0.14,
            "IVA": 5
        },
        {
            "codigo": "2ANFmbZ4vo",
            "total": 16,
            "valor_unitario": 244771,
            "descuento": 0.35,
            "IVA": 0
        },
        {
            "codigo": "RphAlpKDaM",
            "total": 14,
            "valor_unitario": 865697,
            "descuento": 0.48,
            "IVA": 5
        },
        {
            "codigo": "zHnof9ieLr",
            "total": 10,
            "valor_unitario": 457834,
            "descuento": 0.19,
            "IVA": 0
        },
        {
            "codigo": "7zIcKdTrz2",
            "total": 17,
            "valor_unitario": 899449,
            "descuento": 0.23,
            "IVA": 5
        },
        {
            "codigo": "ahfg716QDe",
            "total": 20,
            "valor_unitario": 942340,
            "descuento": 0.15,
            "IVA": 0
        },
        {
            "codigo": "48Vqg4ozAK",
            "total": 16,
            "valor_unitario": 307994,
            "descuento": 0.36,
            "IVA": 19
        },
        {
            "codigo": "fH7G3WDEdp",
            "total": 14,
            "valor_unitario": 962904,
            "descuento": 0.47,
            "IVA": 5
        },
        {
            "codigo": "RvtZEDwfrv",
            "total": 9,
            "valor_unitario": 242718,
            "descuento": 0.33,
            "IVA": 19
        }
    ]
}