{
    "empresa_nit": "789526431",
    "empresa_ciudad": "CALI",
    "empresa_sede": "alcaldia",
    "empresa_nombre": "Supermercado Central",
    "fecha_hora": "2025-01-07 00:41:22",
    "factura_num": "01423",
    "ciente_numero": 573739407,
    "pago_tipo": "TAR.CREDITO",
    "productos": [
        {
            "codigo": "72sDVNCO2x",
            "total": 17,
            "valor_unitario": 85188,
            "descuento": 0.44,
            "IVA": 5
        },
        {
            "codigo": "ZpFj8e0wHs",
            "total": 16,
            "valor_unitario": 328867,
            "descuento": 0.46,
            "IVA": 19
        },
        {
            "codigo": "LKfuug2Qjv",
            "total": 1,
            "valor_unitario": 716362,
            "descuento": 0.43,
            "IVA": 0
        },
        {
            "codigo": "PxVB4r10Ov",
            "total": 9,
            "valor_unitario": 336322,
            "descuento": 0.42,
            "IVA": 0
        },
        {
            "codigo": "g1nNeuiAia",
            "total": 8,
            "valor_unitario": 165048,
            "descuento": 0.2,
            "IVA": 5
        },
        {
            "codigo": "cGTkaAYftF",
            "total": 10,
            "valor_unitario": 647605,
            "descuento": 0.37,
            "IVA": 19
        },
        {
            "codigo": "X2iUoxwDNX",
            "total": 20,
            "valor_unitario": 715915,
            "descuento": 0.28,
            "IVA": 0
        },
        {
            "codigo": "c9AFhviWeG",
            "total": 16,
            "valor_unitario": 935035,
            "descuento": 0.19,
            "IVA": 5
        },
        {
            "codigo": "Rq5oTWBbMv",
            "total": 2,
            "valor_unitario": 533787,
            "descuento": 0.11,
            "IVA": 0
        },
        {
            "codigo": "vvGlcKUtZr",
            "total": 14,
            "valor_unitario": 264065,
            "descuento": 0.11,
            "IVA": 0
        },
        {
            "codigo": "NO7ct1uDop",
            "total": 3,
            "valor_unitario": 659437,
            "descuento": 0.07,
            "IVA": 19
        },
        {
            "codigo": "T9pit6ReSA",
            "total": 20,
            "valor_unitario": 562997,
            "descuento": 0.41,
            "IVA": 5
        },
        {
            "codigo": "jrAey8VpD5",
            "total": 13,
            "valor_unitario": 848467,
            "descuento": 0.35,
            "IVA": 19
        },
        {
            "codigo": "s4kUpVqWTg",
            "total": 13,
            "valor_unitario": 372757,
            "descuento": 0.25,
            "IVA": 5
        },
        {
            "codigo": "UVMLBLeTrS",
            "total": 1,
            "valor_unitario": 849196,
            "descuento": 0.14,
            "IVA": 0
        },
        {
            "codigo": "TDUYFsRran",
            "total": 1,
            "valor_unitario": 286499,
            "descuento": 0.4,
            "IVA": 0
        },
        {
            "codigo": "XcEmq6SP1G",
            "total": 13,
            "valor_unitario": 107699,
            "descuento": 0.22,
            "IVA": 5
        }
    ]
}