{
    "empresa_nit": "789526431",
    "empresa_ciudad": "CALI",
    "empresa_sede": "alcaldia",
    "empresa_nombre": "Supermercado Central",
    "fecha_hora": "2023-12-10 21:26:25",
    "factura_num": "01288",
    "ciente_numero": 576016238,
    "pago_tipo": "TRANFERENCIA",
    "productos": [
        {
            "codigo": "kcFLfPUHQo",
            "total": 11,
            "valor_unitario": 952529,
            "descuento": 0.25,
            "IVA": 5
        },
        {
            "codigo": "BvGEWvIGj5",
            "total": 13,
            "valor_unitario": 774604,
            "descuento": 0.41,
            "IVA": 5
        },
        {
            "codigo": "9mLgwjimjF",
            "total": 17,
            "valor_unitario": 309704,
            "descuento": 0.37,
            "IVA": 0
        },
        {
            "codigo": "q4HCHiwnwd",
            "total": 11,
            "valor_unitario": 660581,
            "descuento": 0.06,
            "IVA": 5
        },
        {
            "codigo": "x55Fc82ds0",
            "total": 2,
            "valor_unitario": 91770,
            "descuento": 0.18,
            "IVA": 0
        }
    ]
}