{
    "empresa_nit": "789526431",
    "empresa_ciudad": "MEDELLIN",
    "empresa_sede": "terminal",
    "empresa_nombre": "Supermercado Central",
    "fecha_hora": "2021-04-26 03:10:50",
    "factura_num": "01242",
    "ciente_numero": 618541467,
    "pago_tipo": "EFECTIVO",
    "productos": [
        {
            "codigo": "ZPR1W30T3G",
            "total": 6,
            "valor_unitario": 695425,
            "descuento": 0.11,
            "IVA": 0
        },
        {
            "codigo": "lzLlUcHAAR",
            "total": 8,
            "valor_unitario": 375241,
            "descuento": 0.46,
            "IVA": 0
        },
        {
            "codigo": "LbA79e5lDT",
            "total": 17,
            "valor_unitario": 595462,
            "descuento": 0.14,
            "IVA": 0
        }
    ]
}