{
    "empresa_nit": "789526431",
    "empresa_ciudad": "BARRANQUILLA",
    "empresa_sede": "terminal",
    "empresa_nombre": "Supermercado Central",
    "fecha_hora": "2020-10-21 21:49:17",
    "factura_num": "01012",
    "ciente_numero": 454499852,
    "pago_tipo": "TAR.CREDITO",
    "productos": [
        {
            "codigo": "hTa12knRgi",
            "total": 7,
            "valor_unitario": 774153,
            "descuento": 0.12,
            "IVA": 0
        },
        {
            "codigo": "F91Bku2lGO",
            "total": 14,
            "valor_unitario": 128456,
            "descuento": 0.34,
            "IVA": 19
        },
        {
            "codigo": "9pmzcjnuDa",
            "total": 20,
            "valor_unitario": 394452,
            "descuento": 0.13,
            "IVA": 19
        },
        {
            "codigo": "WW9gJw2rBZ",
            "total": 12,
            "valor_unitario": 260604,
            "descuento": 0.19,
            "IVA": 5
        },
        {
            "codigo": "zpB63wtirM",
            "total": 14,
            "valor_unitario": 714927,
            "descuento": 0.46,
            "IVA": 0
        },
        {
            "codigo": "6Zl7mTWEZB",
            "total": 9,
            "valor_unitario": 488777,
            "descuento": 0.07,
            "IVA": 0
        },
        {
            "codigo": "ldyldEeZNP",
            "total": 9,
            "valor_unitario": 444800,
            "descuento": 0.15,
            "IVA": 19
        },
        {
            "codigo": "9ayvIwepNa",
            "total": 10,
            "valor_unitario": 27895,
            "descuento": 0.11,
            "IVA": 0
        }
    ]
}