{
    "empresa_nit": "789526431",
    "empresa_ciudad": "BARRANQUILLA",
    "empresa_sede": "terminal",
    "empresa_nombre": "Supermercado Central",
    "fecha_hora": "2020-04-24 19:42:06",
    "factura_num": "01389",
    "ciente_numero": 671527598,
    "pago_tipo": "TAR.CREDITO",
    "productos": [
        {
            "codigo": "bek9UQUqZk",
            "total": 5,
            "valor_unitario": 105065,
            "descuento": 0.05,
            "IVA": 19
        },
        {
            "codigo": "EzDvt6zbMh",
            "total": 18,
            "valor_unitario": 662747,
            "descuento": 0.2,
            "IVA": 5
        },
        {
            "codigo": "KYPc2tCVoq",
            "total": 12,
            "valor_unitario": 684708,
            "descuento": 0.14,
            "IVA": 0
        },
        {
            "codigo": "AbX8GAOL3t",
            "total": 10,
            "valor_unitario": 881071,
            "descuento": 0.05,
            "IVA": 5
        },
        {
            "codigo": "q0WfbJWfm6",
            "total": 4,
            "valor_unitario": 505495,
            "descuento": 0.04,
            "IVA": 19
        },
        {
            "codigo": "HOCBqlYh7E",
            "total": 4,
            "valor_unitario": 42336,
            "descuento": 0.12,
            "IVA": 0
        },
        {
            "codigo": "m9wHJWUzcV",
            "total": 3,
            "valor_unitario": 375172,
            "descuento": 0.45,
            "IVA": 5
        },
        {
            "codigo": "XAmskM0rwp",
            "total": 9,
            "valor_unitario": 427788,
            "descuento": 0.24,
            "IVA": 0
        },
        {
            "codigo": "mLRxKihngP",
            "total": 20,
            "valor_unitario": 329843,
            "descuento": 0.26,
            "IVA": 19
        }
    ]
}