{
    "empresa_nit": "789526431",
    "empresa_ciudad": "BARRANQUILLA",
    "empresa_sede": "alcaldia",
    "empresa_nombre": "Supermercado Central",
    "fecha_hora": "2023-11-25 10:54:36",
    "factura_num": "01141",
    "ciente_numero": 772948098,
    "pago_tipo": "TAR.CREDITO",
    "productos": [
        {
            "codigo": "oRzONkdFyR",
            "total": 18,
            "valor_unitario": 421936,
            "descuento": 0.16,
            "IVA": 0
        },
        {
            "codigo": "xUQRZ9ldY6",
            "total": 5,
            "valor_unitario": 653141,
            "descuento": 0.45,
            "IVA": 5
        },
        {
            "codigo": "Z7qWXwqEgk",
            "total": 19,
            "valor_unitario": 579685,
            "descuento": 0.28,
            "IVA": 0
        },
        {
            "codigo": "EZm8rQcGI5",
            "total": 2,
            "valor_unitario": 121975,
            "descuento": 0.24,
            "IVA": 0
        },
        {
            "codigo": "fryUBxo05Y",
            "total": 17,
            "valor_unitario": 911172,
            "descuento": 0.01,
            "IVA": 0
        },
        {
            "codigo": "kn2EnCczfD",
            "total": 16,
            "valor_unitario": 360073,
            "descuento": 0.35,
            "IVA": 0
        },
        {
            "codigo": "5G3buEziuB",
            "total": 9,
            "valor_unitario": 153116,
            "descuento": 0.33,
            "IVA": 19
        },
        {
            "codigo": "42RYZ6MHar",
            "total": 13,
            "valor_unitario": 717334,
            "descuento": 0.22,
            "IVA": 5
        },
        {
            "codigo": "B6uvzRYrrd",
            "total": 18,
            "valor_unitario": 895853,
            "descuento": 0.39,
            "IVA": 5
        },
        {
            "codigo": "H3S7MTsLVA",
            "total": 5,
            "valor_unitario": 25350,
            "descuento": 0.5,
            "IVA": 19
        },
        {
            "codigo": "gBSRdSJml3",
            "total": 14,
            "valor_unitario": 231269,
            "descuento": 0.43,
            "IVA": 19
        },
        {
            "codigo": "law2ywdd3V",
            "total": 11,
            "valor_unitario": 122000,
            "descuento": 0.22,
            "IVA": 5
        }
    ]
}