{
    "empresa_nit": "789526431",
    "empresa_ciudad": "BARRANQUILLA",
    "empresa_sede": "autopista",
    "empresa_nombre": "Supermercado Central",
    "fecha_hora": "2023-01-12 14:10:37",
    "factura_num": "01416",
    "ciente_numero": 487787642,
    "pago_tipo": "TAR.DEBITO",
    "productos": [
        {
            "codigo": "hE9VkdVtro",
            "total": 15,
            "valor_unitario": 166695,
            "descuento": 0.28,
            "IVA": 19
        },
        {
            "codigo": "RwTGlEdt75",
            "total": 6,
            "valor_unitario": 362039,
            "descuento": 0.2,
            "IVA": 0
        },
        {
            "codigo": "GlKC6S1ZVd",
            "total": 3,
            "valor_unitario": 499133,
            "descuento": 0.17,
            "IVA": 0
        },
        {
            "codigo": "2R9xXrqKw9",
            "total": 10,
            "valor_unitario": 840657,
            "descuento": 0.42,
            "IVA": 0
        },
        {
            "codigo": "csa46Ah69k",
            "total": 12,
            "valor_unitario": 423452,
            "descuento": 0.12,
            "IVA": 5
        },
        {
            "codigo": "sVaAOUAAvS",
            "total": 18,
            "valor_unitario": 892362,
            "descuento": 0.24,
            "IVA": 0
        },
        {
            "codigo": "e6NFJiHxHb",
            "total": 2,
            "valor_unitario": 978475,
            "descuento": 0.23,
            "IVA": 0
        },
        {
            "codigo": "2XRRwsSftG",
            "total": 9,
            "valor_unitario": 885608,
            "descuento": 0.3,
            "IVA": 19
        },
        {
            "codigo": "SM8KSpyohy",
            "total": 11,
            "valor_unitario": 46240,
            "descuento": 0.32,
            "IVA": 5
        },
        {
            "codigo": "NrwrsuTp95",
            "total": 14,
            "valor_unitario": 152342,
            "descuento": 0.12,
            "IVA": 0
        },
        {
            "codigo": "JoaaKMIt2I",
            "total": 1,
            "valor_unitario": 657459,
            "descuento": 0.48,
            "IVA": 5
        },
        {
            "codigo": "oQ1cOovjn4",
            "total": 10,
            "valor_unitario": 541459,
            "descuento": 0.24,
            "IVA": 5
        }
    ]
}