{
    "empresa_nit": "789526431",
    "empresa_ciudad": "MEDELLIN",
    "empresa_sede": "alcaldia",
    "empresa_nombre": "Supermercado Central",
    "fecha_hora": "2020-11-22 10:55:21",
    "factura_num": "00140",
    "ciente_numero": 488532596,
    "pago_tipo": "TAR.DEBITO",
    "productos": [
        {
            "codigo": "oshDqW5TMn",
            "total": 19,
            "valor_unitario": 618472,
            "descuento": 0.45,
            "IVA": 19
        },
        {
            "codigo": "BdbxojAlC2",
            "total": 10,
            "valor_unitario": 833620,
            "descuento": 0.21,
            "IVA": 0
        },
        {
            "codigo": "5RxZHrEHbj",
            "total": 2,
            "valor_unitario": 675216,
            "descuento": 0.04,
            "IVA": 0
        },
        {
            "codigo": "clqZKG3xeb",
            "total": 16,
            "valor_unitario": 659832,
            "descuento": 0.46,
            "IVA": 0
        },
        {
            "codigo": "VJd7olkdzy",
            "total": 3,
            "valor_unitario": 172258,
            "descuento": 0.15,
            "IVA": 5
        },
        {
            "codigo": "gBHGqZzOmU",
            "total": 12,
            "valor_unitario": 757477,
            "descuento": 0.3,
            "IVA": 19
        },
        {
            "codigo": "8CuYxB47KB",
            "total": 4,
            "valor_unitario": 823912,
            "descuento": 0.32,
            "IVA": 19
        }
    ]
}