{
    "empresa_nit": "789526431",
    "empresa_ciudad": "TUNJA",
    "empresa_sede": "aeropuerto",
    "empresa_nombre": "Supermercado Central",
    "fecha_hora": "2024-09-19 21:49:20",
    "factura_num": "01067",
    "ciente_numero": 165782133,
    "pago_tipo": "TAR.DEBITO",
    "productos": [
        {
            "codigo": "KOHrA0zDSF",
            "total": 15,
            "valor_unitario": 738833,
            "descuento": 0.02,
            "IVA": 5
        },
        {
            "codigo": "n7s1lBdRxa",
            "total": 16,
            "valor_unitario": 404328,
            "descuento": 0.07,
            "IVA": 0
        },
        {
            "codigo": "0GWpUypVRN",
            "total": 8,
            "valor_unitario": 433559,
            "descuento": 0.41,
            "IVA": 5
        },
        {
            "codigo": "CsQzEyWGx9",
            "total": 11,
            "valor_unitario": 961993,
            "descuento": 0.02,
            "IVA": 0
        },
        {
            "codigo": "QuNYjCSV9x",
            "total": 3,
            "valor_unitario": 783778,
            "descuento": 0.28,
            "IVA": 5
        },
        {
            "codigo": "Ed5Xg9vAFd",
            "total": 19,
            "valor_unitario": 550078,
            "descuento": 0.36,
            "IVA": 5
        },
        {
            "codigo": "5cHapNuzT6",
            "total": 13,
            "valor_unitario": 576320,
            "descuento": 0.25,
            "IVA": 5
        },
        {
            "codigo": "12OZN0qxHy",
            "total": 6,
            "valor_unitario": 623680,
            "descuento": 0.21,
            "IVA": 5
        },
        {
            "codigo": "qtb8lj7FBg",
            "total": 8,
            "valor_unitario": 461791,
            "descuento": 0.02,
            "IVA": 0
        },
        {
            "codigo": "MXZazq7aTl",
            "total": 7,
            "valor_unitario": 498276,
            "descuento": 0.1,
            "IVA": 19
        },
        {
            "codigo": "xSOy77o6ZK",
            "total": 2,
            "valor_unitario": 87792,
            "descuento": 0.12,
            "IVA": 19
        },
        {
            "codigo": "jeJNqr6ySh",
            "total": 14,
            "valor_unitario": 710438,
            "descuento": 0.03,
            "IVA": 0
        }
    ]
}