{
    "empresa_nit": "789526431",
    "empresa_ciudad": "BARRANQUILLA",
    "empresa_sede": "plaza",
    "empresa_nombre": "Supermercado Central",
    "fecha_hora": "2023-07-21 17:29:39",
    "factura_num": "01297",
    "ciente_numero": 673166707,
    "pago_tipo": "TAR.CREDITO",
    "productos": [
        {
            "codigo": "I9gXMLkEou",
            "total": 3,
            "valor_unitario": 415847,
            "descuento": 0.2,
            "IVA": 5
        },
        {
            "codigo": "qIzebEXcpp",
            "total": 6,
            "valor_unitario": 375090,
            "descuento": 0.26,
            "IVA": 5
        },
        {
            "codigo": "V4yE16fCZu",
            "total": 19,
            "valor_unitario": 941416,
            "descuento": 0.05,
            "IVA": 0
        }
    ]
}