{
    "empresa_nit": "789526431",
    "empresa_ciudad": "TUNJA",
    "empresa_sede": "centro",
    "empresa_nombre": "Supermercado Central",
    "fecha_hora": "2024-08-19 23:03:19",
    "factura_num": "01447",
    "ciente_numero": 416256844,
    "pago_tipo": "TAR.DEBITO",
    "productos": [
        {
            "codigo": "BG2dPtXb4W",
            "total": 20,
            "valor_unitario": 807213,
            "descuento": 0.0,
            "IVA": 5
        },
        {
            "codigo": "5OAY0hzZ57",
            "total": 14,
            "valor_unitario": 483224,
            "descuento": 0.23,
            "IVA": 0
        },
        {
            "codigo": "u0aQOVvmv7",
            "total": 10,
            "valor_unitario": 387342,
            "descuento": 0.44,
            "IVA": 19
        },
        {
            "codigo": "potVDxmy0C",
            "total": 4,
            "valor_unitario": 512634,
            "descuento": 0.2,
            "IVA": 0
        },
        {
            "codigo": "dlPOjuF8qP",
            "total": 7,
            "valor_unitario": 610578,
            "descuento": 0.42,
            "IVA": 5
        },
        {
            "codigo": "u9LHyfbjvw",
            "total": 5,
            "valor_unitario": 709805,
            "descuento": 0.09,
            "IVA": 19
        },
        {
            "codigo": "2az7lJWMuO",
            "total": 9,
            "valor_unitario": 924343,
            "descuento": 0.34,
            "IVA": 5
        },
        {
            "codigo": "PhIEZDkayt",
            "total": 11,
            "valor_unitario": 44772,
            "descuento": 0.02,
            "IVA": 0
        },
        {
            "codigo": "LdyWpNuuvr",
            "total": 17,
            "valor_unitario": 270128,
            "descuento": 0.34,
            "IVA": 0
        },
        {
            "codigo": "l6CDb1UThh",
            "total": 4,
            "valor_unitario": 702621,
            "descuento": 0.19,
            "IVA": 19
        },
        {
            "codigo": "HHGw90wiu6",
            "total": 10,
            "valor_unitario": 640861,
            "descuento": 0.18,
            "IVA": 19
        },
        {
            "codigo": "LPSma3JEwK",
            "total": 17,
            "valor_unitario": 483043,
            "descuento": 0.26,
            "IVA": 5
        },
        {
            "codigo": "yBblnIAgBf",
            "total": 7,
            "valor_unitario": 519100,
            "descuento": 0.24,
            "IVA": 0
        },
        {
            "codigo": "BIIxmKzy5f",
            "total": 5,
            "valor_unitario": 853546,
            "descuento": 0.06,
            "IVA": 5
        },
        {
            "codigo": "FJVWmyxZW6",
            "total": 12,
            "valor_unitario": 735779,
            "descuento": 0.03,
            "IVA": 5
        },
        {
            "codigo": "fwqngN0xkJ",
            "total": 13,
            "valor_unitario": 69553,
            "descuento": 0.45,
            "IVA": 0
        },
        {
            "codigo": "mV6a8rYxR0",
            "total": 20,
            "valor_unitario": 77630,
            "descuento": 0.3,
            "IVA": 5
        }
    ]
}