{
    "empresa_nit": "789526431",
    "empresa_ciudad": "CALI",
    "empresa_sede": "aeropuerto",
    "empresa_nombre": "Supermercado Central",
    "fecha_hora": "2024-03-28 19:44:40",
    "factura_num": "01213",
    "ciente_numero": 99275172,
    "pago_tipo": "EFECTIVO",
    "productos": [
        {
            "codigo": "RxK1JgpYCV",
            "total": 16,
            "valor_unitario": 115575,
            "descuento": 0.36,
            "IVA": 19
        },
        {
            "codigo": "FB5DYlKdXa",
            "total": 13,
            "valor_unitario": 531631,
            "descuento": 0.26,
            "IVA": 0
        },
        {
            "codigo": "s2rX6xDoHR",
            "total": 9,
            "valor_unitario": 17787,
            "descuento": 0.17,
            "IVA": 5
        },
        {
            "codigo": "AEatvaBkdK",
            "total": 13,
            "valor_unitario": 799175,
            "descuento": 0.1,
            "IVA": 5
        },
        {
            "codigo": "GbatOuSJoP",
            "total": 20,
            "valor_unitario": 803310,
            "descuento": 0.03,
            "IVA": 0
        },
        {
            "codigo": "hWw4RMrElO",
            "total": 18,
            "valor_unitario": 562274,
            "descuento": 0.2,
            "IVA": 5
        },
        {
            "codigo": "rKwi1h6O7g",
            "total": 12,
            "valor_unitario": 517639,
            "descuento": 0.34,
            "IVA": 0
        },
        {
            "codigo": "McH1HAaCRH",
            "total": 1,
            "valor_unitario": 954875,
            "descuento": 0.32,
            "IVA": 5
        },
        {
            "codigo": "7Dbu6SsUGz",
            "total": 9,
            "valor_unitario": 988817,
            "descuento": 0.42,
            "IVA": 0
        },
        {
            "codigo": "3bNvn6oJcM",
            "total": 1,
            "valor_unitario": 896994,
            "descuento": 0.17,
            "IVA": 0
        },
        {
            "codigo": "R1vWE4wdZn",
            "total": 8,
            "valor_unitario": 779416,
            "descuento": 0.38,
            "IVA": 19
        },
        {
            "codigo": "slfhvj5VqM",
            "total": 17,
            "valor_unitario": 405110,
            "descuento": 0.1,
            "IVA": 19
        },
        {
            "codigo": "CDgfIOJUwp",
            "total": 13,
            "valor_unitario": 975303,
            "descuento": 0.47,
            "IVA": 0
        },
        {
            "codigo": "ulJcW08th9",
            "total": 18,
            "valor_unitario": 2203,
            "descuento": 0.34,
            "IVA": 0
        },
        {
            "codigo": "CDXuLtjT6m",
            "total": 1,
            "valor_unitario": 645362,
            "descuento": 0.47,
            "IVA": 19
        },
        {
            "codigo": "Qh9xNLMPL4",
            "total": 1,
            "valor_unitario": 864019,
            "descuento": 0.43,
            "IVA": 0
        },
        {
            "codigo": "tTPUIbMtMW",
            "total": 12,
            "valor_unitario": 558088,
            "descuento": 0.08,
            "IVA": 5
        },
        {
            "codigo": "JIA1a7zbLy",
            "total": 6,
            "valor_unitario": 793776,
            "descuento": 0.29,
            "IVA": 0
        },
        {
            "codigo": "MMUszinK5K",
            "total": 18,
            "valor_unitario": 513845,
            "descuento": 0.02,
            "IVA": 0
        }
    ]
}