{
    "empresa_nit": "789526431",
    "empresa_ciudad": "TUNJA",
    "empresa_sede": "aeropuerto",
    "empresa_nombre": "Supermercado Central",
    "fecha_hora": "2025-02-27 01:49:59",
    "factura_num": "01446",
    "ciente_numero": 416689678,
    "pago_tipo": "EFECTIVO",
    "productos": [
        {
            "codigo": "43XjI9JEe2",
            "total": 5,
            "valor_unitario": 701928,
            "descuento": 0.1,
            "IVA": 0
        },
        {
            "codigo": "vtWDr11bHA",
            "total": 16,
            "valor_unitario": 715380,
            "descuento": 0.38,
            "IVA": 5
        },
        {
            "codigo": "Sm8LsD4zxP",
            "total": 3,
            "valor_unitario": 111214,
            "descuento": 0.42,
            "IVA": 19
        },
        {
            "codigo": "X2m5sXrcFU",
            "total": 18,
            "valor_unitario": 423140,
            "descuento": 0.25,
            "IVA": 19
        },
        {
            "codigo": "lBJu1b4MJ9",
            "total": 14,
            "valor_unitario": 649213,
            "descuento": 0.04,
            "IVA": 0
        },
        {
            "codigo": "DlWHY8coTR",
            "total": 7,
            "valor_unitario": 416229,
            "descuento": 0.07,
            "IVA": 19
        },
        {
            "codigo": "zcmoEJadGL",
            "total": 11,
            "valor_unitario": 360208,
            "descuento": 0.1,
            "IVA": 0
        }
    ]
}