{
    "empresa_nit": "789526431",
    "empresa_ciudad": "BARRANQUILLA",
    "empresa_sede": "autopista",
    "empresa_nombre": "Supermercado Central",
    "fecha_hora": "2020-07-16 08:25:15",
    "factura_num": "00135",
    "ciente_numero": 870966096,
    "pago_tipo": "TRANFERENCIA",
    "productos": [
        {
            "codigo": "itu2eq6mn9",
            "total": 2,
            "valor_unitario": 245171,
            "descuento": 0.08,
            "IVA": 0
        },
        {
            "codigo": "tYoED2K3Dl",
            "total": 19,
            "valor_unitario": 534849,
            "descuento": 0.23,
            "IVA": 5
        },
        {
            "codigo": "NoeMSd44J7",
            "total": 7,
            "valor_unitario": 627289,
            "descuento": 0.07,
            "IVA": 19
        },
        {
            "codigo": "wbQvvXGuPu",
            "total": 18,
            "valor_unitario": 867631,
            "descuento": 0.18,
            "IVA": 19
        },
        {
            "codigo": "fBgS6iRfPm",
            "total": 8,
            "valor_unitario": 202965,
            "descuento": 0.16,
            "IVA": 5
        },
        {
            "codigo": "EFW2sSBw9C",
            "total": 11,
            "valor_unitario": 694943,
            "descuento": 0.41,
            "IVA": 19
        },
        {
            "codigo": "l1WV4XL2Wi",
            "total": 16,
            "valor_unitario": 578018,
            "descuento": 0.23,
            "IVA": 0
        },
        {
            "codigo": "bzW6KFbC1E",
            "total": 17,
            "valor_unitario": 708806,
            "descuento": 0.21,
            "IVA": 19
        },
        {
            "codigo": "fLwPoZUtY3",
            "total": 10,
            "valor_unitario": 864601,
            "descuento": 0.29,
            "IVA": 5
        },
        {
            "codigo": "CemsfNBBG3",
            "total": 12,
            "valor_unitario": 265470,
            "descuento": 0.25,
            "IVA": 5
        },
        {
            "codigo": "bjg9TXeUBe",
            "total": 11,
            "valor_unitario": 739843,
            "descuento": 0.17,
            "IVA": 19
        }
    ]
}