{
    "empresa_nit": "789526431",
    "empresa_ciudad": "CALI",
    "empresa_sede": "aeropuerto",
    "empresa_nombre": "Supermercado Central",
    "fecha_hora": "2020-11-03 07:16:47",
    "factura_num": "01252",
    "ciente_numero": 597717481,
    "pago_tipo": "EFECTIVO",
    "productos": [
        {
            "codigo": "YRGZqDFdqN",
            "total": 1,
            "valor_unitario": 873326,
            "descuento": 0.48,
            "IVA": 0
        },
        {
            "codigo": "r2Su10ikH9",
            "total": 17,
            "valor_unitario": 614551,
            "descuento": 0.39,
            "IVA": 0
        },
        {
            "codigo": "jtAsz7k7dZ",
            "total": 19,
            "valor_unitario": 214818,
            "descuento": 0.38,
            "IVA": 5
        },
        {
            "codigo": "PtLx9w8BWl",
            "total": 3,
            "valor_unitario": 30866,
            "descuento": 0.4,
            "IVA": 19
        },
        {
            "codigo": "tyQW81Vdxi",
            "total": 18,
            "valor_unitario": 266638,
            "descuento": 0.36,
            "IVA": 19
        },
        {
            "codigo": "9HGgrjHVJ8",
            "total": 15,
            "valor_unitario": 235560,
            "descuento": 0.31,
            "IVA": 0
        },
        {
            "codigo": "YaKaY81xoO",
            "total": 15,
            "valor_unitario": 839430,
            "descuento": 0.22,
            "IVA": 0
        },
        {
            "codigo": "Z2VdAtZdVz",
            "total": 5,
            "valor_unitario": 847691,
            "descuento": 0.34,
            "IVA": 5
        },
        {
            "codigo": "OcqzhtccTm",
            "total": 15,
            "valor_unitario": 241050,
            "descuento": 0.24,
            "IVA": 5
        },
        {
            "codigo": "4ldgGzuPKG",
            "total": 4,
            "valor_unitario": 864948,
            "descuento": 0.09,
            "IVA": 5
        },
        {
            "codigo": "IH6dWYG0bN",
            "total": 19,
            "valor_unitario": 747888,
            "descuento": 0.14,
            "IVA": 19
        },
        {
            "codigo": "ZOU4X6dudK",
            "total": 13,
            "valor_unitario": 703293,
            "descuento": 0.03,
            "IVA": 5
        },
        {
            "codigo": "FivCXIh9UB",
            "total": 18,
            "valor_unitario": 228365,
            "descuento": 0.38,
            "IVA": 0
        },
        {
            "codigo": "NyCBklpjyt",
            "total": 18,
            "valor_unitario": 390304,
            "descuento": 0.05,
            "IVA": 0
        },
        {
            "codigo": "6ufw114bIf",
            "total": 1,
            "valor_unitario": 680576,
            "descuento": 0.26,
            "IVA": 0
        }
    ]
}