{
    "empresa_nit": "789526431",
    "empresa_ciudad": "BOGOTA",
    "empresa_sede": "aeropuerto",
    "empresa_nombre": "Supermercado Central",
    "fecha_hora": "2022-07-25 01:51:13",
    "factura_num": "00138",
    "ciente_numero": 17466043,
    "pago_tipo": "TRANFERENCIA",
    "productos": [
        {
            "codigo": "aGfm3tOkG1",
            "total": 18,
            "valor_unitario": 879253,
            "descuento": 0.34,
            "IVA": 5
        },
        {
            "codigo": "J7ocaq8DHC",
            "total": 7,
            "valor_unitario": 559993,
            "descuento": 0.04,
            "IVA": 0
        },
        {
            "codigo": "1YQ4gARnAd",
            "total": 18,
            "valor_unitario": 504006,
            "descuento": 0.16,
            "IVA": 5
        },
        {
            "codigo": "jbnVxaIUfT",
            "total": 2,
            "valor_unitario": 576129,
            "descuento": 0.13,
            "IVA": 0
        },
        {
            "codigo": "B8hL6Y6fzP",
            "total": 12,
            "valor_unitario": 755311,
            "descuento": 0.04,
            "IVA": 5
        },
        {
            "codigo": "N2YvBnIBbO",
            "total": 2,
            "valor_unitario": 709009,
            "descuento": 0.09,
            "IVA": 0
        },
        {
            "codigo": "1BINWQQfGC",
            "total": 19,
            "valor_unitario": 679548,
            "descuento": 0.49,
            "IVA": 19
        },
        {
            "codigo": "X102tbEzSm",
            "total": 5,
            "valor_unitario": 411728,
            "descuento": 0.42,
            "IVA": 0
        },
        {
            "codigo": "2nRIgLdWmi",
            "total": 7,
            "valor_unitario": 135910,
            "descuento": 0.11,
            "IVA": 0
        },
        {
            "codigo": "IzwyB5XA8T",
            "total": 12,
            "valor_unitario": 235496,
            "descuento": 0.45,
            "IVA": 19
        },
        {
            "codigo": "i1xDvVFHLt",
            "total": 20,
            "valor_unitario": 623325,
            "descuento": 0.39,
            "IVA": 5
        },
        {
            "codigo": "lydPcEaGMe",
            "total": 17,
            "valor_unitario": 58186,
            "descuento": 0.28,
            "IVA": 5
        },
        {
            "codigo": "obG5EALnJv",
            "total": 3,
            "valor_unitario": 504748,
            "descuento": 0.21,
            "IVA": 19
        }
    ]
}