{
    "empresa_nit": "789526431",
    "empresa_ciudad": "BARRANQUILLA",
    "empresa_sede": "autopista",
    "empresa_nombre": "Supermercado Central",
    "fecha_hora": "2022-07-06 16:33:44",
    "factura_num": "01291",
    "ciente_numero": 838572446,
    "pago_tipo": "EFECTIVO",
    "productos": [
        {
            "codigo": "JSMD5WJ5Uq",
            "total": 18,
            "valor_unitario": 237995,
            "descuento": 0.28,
            "IVA": 0
        },
        {
            "codigo": "dNSYVI1dEN",
            "total": 5,
            "valor_unitario": 450196,
            "descuento": 0.16,
            "IVA": 0
        },
        {
            "codigo": "bvFoCZmu7g",
            "total": 7,
            "valor_unitario": 812023,
            "descuento": 0.03,
            "IVA": 5
        },
        {
            "codigo": "RGTGycV2JN",
            "total": 16,
            "valor_unitario": 788374,
            "descuento": 0.4,
            "IVA": 19
        },
        {
            "codigo": "AbPpSnewaY",
            "total": 4,
            "valor_unitario": 64334,
            "descuento": 0.43,
            "IVA": 0
        },
        {
            "codigo": "O9f1UL9HUw",
            "total": 16,
            "valor_unitario": 482748,
            "descuento": 0.39,
            "IVA": 5
        }
    ]
}