{
    "empresa_nit": "789526431",
    "empresa_ciudad": "TUNJA",
    "empresa_sede": "autopista",
    "empresa_nombre": "Supermercado Central",
    "fecha_hora": "2024-01-26 12:21:16",
    "factura_num": "01026",
    "ciente_numero": 307423841,
    "pago_tipo": "EFECTIVO",
    "productos": [
        {
            "codigo": "23vYb5HHC4",
            "total": 6,
            "valor_unitario": 600829,
            "descuento": 0.39,
            "IVA": 0
        },
        {
            "codigo": "JUbquSIDTV",
            "total": 20,
            "valor_unitario": 227659,
            "descuento": 0.03,
            "IVA": 19
        },
        {
            "codigo": "zrTz7sCmW8",
            "total": 6,
            "valor_unitario": 60189,
            "descuento": 0.36,
            "IVA": 5
        },
        {
            "codigo": "cNq5G6YmXq",
            "total": 17,
            "valor_unitario": 278778,
            "descuento": 0.41,
            "IVA": 19
        },
        {
            "codigo": "sVMRXXCTB0",
            "total": 13,
            "valor_unitario": 258069,
            "descuento": 0.48,
            "IVA": 5
        },
        {
            "codigo": "p5r9mZBIKy",
            "total": 16,
            "valor_unitario": 369219,
            "descuento": 0.23,
            "IVA": 5
        },
        {
            "codigo": "LohmTqQW7M",
            "total": 20,
            "valor_unitario": 200949,
            "descuento": 0.18,
            "IVA": 0
        },
        {
            "codigo": "m7sYp6s2eW",
            "total": 13,
            "valor_unitario": 563279,
            "descuento": 0.35,
            "IVA": 0
        }
    ]
}