{
    "empresa_nit": "789526431",
    "empresa_ciudad": "CALI",
    "empresa_sede": "aeropuerto",
    "empresa_nombre": "Supermercado Central",
    "fecha_hora": "2023-08-21 04:49:07",
    "factura_num": "01013",
    "ciente_numero": 730108820,
    "pago_tipo": "TRANFERENCIA",
    "productos": [
        {
            "codigo": "6Uha6LJwqG",
            "total": 17,
            "valor_unitario": 788273,
            "descuento": 0.22,
            "IVA": 19
        },
        {
            "codigo": "RXH1Mdl286",
            "total": 3,
            "valor_unitario": 503137,
            "descuento": 0.35,
            "IVA": 19
        },
        {
            "codigo": "E4zqyN2zK4",
            "total": 18,
            "valor_unitario": 25581,
            "descuento": 0.29,
            "IVA": 0
        },
        {
            "codigo": "HAOSrIjBIE",
            "total": 6,
            "valor_unitario": 822108,
            "descuento": 0.47,
            "IVA": 0
        },
        {
            "codigo": "XolXPQkSc0",
            "total": 15,
            "valor_unitario": 958357,
            "descuento": 0.12,
            "IVA": 5
        },
        {
            "codigo": "odmlx1wnRC",
            "total": 6,
            "valor_unitario": 293169,
            "descuento": 0.1,
            "IVA": 5
        },
        {
            "codigo": "P8k4P4VxAD",
            "total": 20,
            "valor_unitario": 574092,
            "descuento": 0.21,
            "IVA": 5
        },
        {
            "codigo": "r3AkBWF0QO",
            "total": 17,
            "valor_unitario": 53993,
            "descuento": 0.34,
            "IVA": 19
        },
        {
            "codigo": "ezQpUEVgJy",
            "total": 15,
            "valor_unitario": 814793,
            "descuento": 0.25,
            "IVA": 0
        },
        {
            "codigo": "hWglk1qGhD",
            "total": 15,
            "valor_unitario": 708181,
            "descuento": 0.2,
            "IVA": 5
        },
        {
            "codigo": "AKmqhabsxy",
            "total": 1,
            "valor_unitario": 611746,
            "descuento": 0.02,
            "IVA": 19
        },
        {
            "codigo": "V0zNPgcchJ",
            "total": 11,
            "valor_unitario": 987346,
            "descuento": 0.42,
            "IVA": 0
        }
    ]
}