{
    "empresa_nit": "789526431",
    "empresa_ciudad": "BOGOTA",
    "empresa_sede": "alcaldia",
    "empresa_nombre": "Supermercado Central",
    "fecha_hora": "2023-09-16 03:10:50",
    "factura_num": "01327",
    "ciente_numero": 231822327,
    "pago_tipo": "EFECTIVO",
    "productos": [
        {
            "codigo": "qCYowLrM8e",
            "total": 15,
            "valor_unitario": 398950,
            "descuento": 0.2,
            "IVA": 19
        },
        {
            "codigo": "heBxgJQ8nx",
            "total": 16,
            "valor_unitario": 827227,
            "descuento": 0.35,
            "IVA": 19
        },
        {
            "codigo": "iHEwN2lgHD",
            "total": 5,
            "valor_unitario": 163699,
            "descuento": 0.38,
            "IVA": 19
        },
        {
            "codigo": "VxdUP24jc2",
            "total": 11,
            "valor_unitario": 855230,
            "descuento": 0.12,
            "IVA": 5
        },
        {
            "codigo": "EFcQOzv385",
            "total": 19,
            "valor_unitario": 705716,
            "descuento": 0.0,
            "IVA": 5
        },
        {
            "codigo": "XTgVXb4kdH",
            "total": 16,
            "valor_unitario": 95934,
            "descuento": 0.03,
            "IVA": 5
        },
        {
            "codigo": "nyeiVsoysv",
            "total": 7,
            "valor_unitario": 745069,
            "descuento": 0.26,
            "IVA": 0
        },
        {
            "codigo": "ZtrOz6FEYh",
            "total": 18,
            "valor_unitario": 997977,
            "descuento": 0.35,
            "IVA": 5
        },
        {
            "codigo": "5DMWHtoyuF",
            "total": 15,
            "valor_unitario": 607227,
            "descuento": 0.34,
            "IVA": 5
        },
        {
            "codigo": "IvEYwFlReJ",
            "total": 11,
            "valor_unitario": 617961,
            "descuento": 0.22,
            "IVA": 5
        },
        {
            "codigo": "ZD3w3hWlHp",
            "total": 4,
            "valor_unitario": 151124,
            "descuento": 0.1,
            "IVA": 19
        },
        {
            "codigo": "7yiINn2qIh",
            "total": 3,
            "valor_unitario": 664344,
            "descuento": 0.33,
            "IVA": 5
        },
        {
            "codigo": "KWxneDMpxd",
            "total": 15,
            "valor_unitario": 920173,
            "descuento": 0.43,
            "IVA": 5
        },
        {
            "codigo": "P0H5scq02T",
            "total": 12,
            "valor_unitario": 489585,
            "descuento": 0.02,
            "IVA": 19
        },
        {
            "codigo": "leddYlRPZt",
            "total": 7,
            "valor_unitario": 826997,
            "descuento": 0.24,
            "IVA": 5
        },
        {
            "codigo": "2dGKvNJupe",
            "total": 15,
            "valor_unitario": 206463,
            "descuento": 0.38,
            "IVA": 0
        },
        {
            "codigo": "Ztl7mBg3tK",
            "total": 6,
            "valor_unitario": 363350,
            "descuento": 0.32,
            "IVA": 19
        },
        {
            "codigo": "tHSyrhyDrX",
            "total": 19,
            "valor_unitario": 863695,
            "descuento": 0.4,
            "IVA": 5
        },
        {
            "codigo": "CONaGdSYOi",
            "total": 13,
            "valor_unitario": 144673,
            "descuento": 0.36,
            "IVA": 0
        }
    ]
}