{
    "empresa_nit": "789526431",
    "empresa_ciudad": "BOGOTA",
    "empresa_sede": "alcaldia",
    "empresa_nombre": "Supermercado Central",
    "fecha_hora": "2023-11-04 16:01:43",
    "factura_num": "00113",
    "ciente_numero": 365354502,
    "pago_tipo": "TAR.DEBITO",
    "productos": [
        {
            "codigo": "PMJzYoDp5x",
            "total": 3,
            "valor_unitario": 32203,
            "descuento": 0.37,
            "IVA": 5
        },
        {
            "codigo": "Dfrw87zsEP",
            "total": 18,
            "valor_unitario": 367782,
            "descuento": 0.07,
            "IVA": 19
        },
        {
            "codigo": "IhNS1gRvED",
            "total": 8,
            "valor_unitario": 253592,
            "descuento": 0.12,
            "IVA": 19
        },
        {
            "codigo": "FTIbo90mPT",
            "total": 8,
            "valor_unitario": 418186,
            "descuento": 0.24,
            "IVA": 5
        },
        {
            "codigo": "EFMzvFxXFh",
            "total": 14,
            "valor_unitario": 58865,
            "descuento": 0.12,
            "IVA": 0
        },
        {
            "codigo": "VSe4NxpoxP",
            "total": 8,
            "valor_unitario": 903736,
            "descuento": 0.47,
            "IVA": 5
        },
        {
            "codigo": "83KPd5M5my",
            "total": 14,
            "valor_unitario": 842871,
            "descuento": 0.42,
            "IVA": 19
        },
        {
            "codigo": "sajOz5Mb2L",
            "total": 11,
            "valor_unitario": 272810,
            "descuento": 0.43,
            "IVA": 5
        },
        {
            "codigo": "W4DAmrmTdN",
            "total": 9,
            "valor_unitario": 689880,
            "descuento": 0.35,
            "IVA": 19
        },
        {
            "codigo": "fhdiT3r0H5",
            "total": 9,
            "valor_unitario": 865368,
            "descuento": 0.48,
            "IVA": 19
        },
        {
            "codigo": "zdEZHhI2Q2",
            "total": 12,
            "valor_unitario": 813730,
            "descuento": 0.22,
            "IVA": 5
        },
        {
            "codigo": "IPY8ykjr8A",
            "total": 7,
            "valor_unitario": 929475,
            "descuento": 0.25,
            "IVA": 19
        },
        {
            "codigo": "irvs0z6etq",
            "total": 2,
            "valor_unitario": 307051,
            "descuento": 0.36,
            "IVA": 0
        }
    ]
}