{
    "empresa_nit": "789526431",
    "empresa_ciudad": "CALI",
    "empresa_sede": "autopista",
    "empresa_nombre": "Supermercado Central",
    "fecha_hora": "2023-07-30 11:58:13",
    "factura_num": "01145",
    "ciente_numero": 107304528,
    "pago_tipo": "TAR.CREDITO",
    "productos": [
        {
            "codigo": "2Tc6P07zT4",
            "total": 2,
            "valor_unitario": 999174,
            "descuento": 0.48,
            "IVA": 0
        },
        {
            "codigo": "Mds6hNyf32",
            "total": 14,
            "valor_unitario": 935709,
            "descuento": 0.46,
            "IVA": 0
        },
        {
            "codigo": "zJPxq7oJpx",
            "total": 4,
            "valor_unitario": 785279,
            "descuento": 0.16,
            "IVA": 19
        },
        {
            "codigo": "Z3bnbM17Ik",
            "total": 6,
            "valor_unitario": 770720,
            "descuento": 0.39,
            "IVA": 19
        },
        {
            "codigo": "oZyvEeN3oO",
            "total": 14,
            "valor_unitario": 546972,
            "descuento": 0.1,
            "IVA": 19
        },
        {
            "codigo": "Ov0pj8WCEC",
            "total": 12,
            "valor_unitario": 315429,
            "descuento": 0.29,
            "IVA": 5
        },
        {
            "codigo": "JUxfYCV0Yr",
            "total": 12,
            "valor_unitario": 237721,
            "descuento": 0.26,
            "IVA": 5
        },
        {
            "codigo": "ap6c1t5VK4",
            "total": 20,
            "valor_unitario": 729547,
            "descuento": 0.03,
            "IVA": 0
        }
    ]
}