{
    "empresa_nit": "789526431",
    "empresa_ciudad": "BOGOTA",
    "empresa_sede": "autopista",
    "empresa_nombre": "Supermercado Central",
    "fecha_hora": "2024-01-17 00:39:26",
    "factura_num": "01293",
    "ciente_numero": 939263006,
    "pago_tipo": "EFECTIVO",
    "productos": [
        {
            "codigo": "zwfS2JHa3Y",
            "total": 19,
            "valor_unitario": 72888,
            "descuento": 0.43,
            "IVA": 19
        },
        {
            "codigo": "9iItPUBAQH",
            "total": 9,
            "valor_unitario": 817075,
            "descuento": 0.39,
            "IVA": 19
        },
        {
            "codigo": "48wCHELs8o",
            "total": 5,
            "valor_unitario": 505255,
            "descuento": 0.06,
            "IVA": 0
        },
        {
            "codigo": "SSIkGnxiEw",
            "total": 13,
            "valor_unitario": 294592,
            "descuento": 0.3,
            "IVA": 19
        },
        {
            "codigo": "OfLHyPnwFY",
            "total": 20,
            "valor_unitario": 248881,
            "descuento": 0.19,
            "IVA": 19
        },
        {
            "codigo": "GT9y4RcZc9",
            "total": 2,
            "valor_unitario": 207876,
            "descuento": 0.45,
            "IVA": 19
        },
        {
            "codigo": "JOPnGNqjPO",
            "total": 6,
            "valor_unitario": 926918,
            "descuento": 0.35,
            "IVA": 19
        },
        {
            "codigo": "6yw6B2pYJ0",
            "total": 16,
            "valor_unitario": 9106,
            "descuento": 0.14,
            "IVA": 0
        },
        {
            "codigo": "to4JZfPy0B",
            "total": 1,
            "valor_unitario": 903916,
            "descuento": 0.16,
            "IVA": 0
        },
        {
            "codigo": "KR8cCmVboJ",
            "total": 6,
            "valor_unitario": 879730,
            "descuento": 0.12,
            "IVA": 19
        },
        {
            "codigo": "ZcYXMbJlsl",
            "total": 20,
            "valor_unitario": 720314,
            "descuento": 0.39,
            "IVA": 19
        },
        {
            "codigo": "duP5JZVLDz",
            "total": 19,
            "valor_unitario": 472406,
            "descuento": 0.12,
            "IVA": 0
        },
        {
            "codigo": "e24W5FkTLg",
            "total": 16,
            "valor_unitario": 978902,
            "descuento": 0.04,
            "IVA": 5
        }
    ]
}