{
    "empresa_nit": "789526431",
    "empresa_ciudad": "MEDELLIN",
    "empresa_sede": "aeropuerto",
    "empresa_nombre": "Supermercado Central",
    "fecha_hora": "2021-03-06 19:01:24",
    "factura_num": "01409",
    "ciente_numero": 212023077,
    "pago_tipo": "EFECTIVO",
    "productos": [
        {
            "codigo": "K8sX8T449P",
            "total": 12,
            "valor_unitario": 224221,
            "descuento": 0.32,
            "IVA": 0
        },
        {
            "codigo": "OVVt7fG8sU",
            "total": 13,
            "valor_unitario": 18610,
            "descuento": 0.34,
            "IVA": 0
        },
        {
            "codigo": "HPqxcChiFw",
            "total": 5,
            "valor_unitario": 787139,
            "descuento": 0.08,
            "IVA": 19
        },
        {
            "codigo": "Ir9j0gE1li",
            "total": 16,
            "valor_unitario": 931721,
            "descuento": 0.05,
            "IVA": 5
        },
        {
            "codigo": "QAgj54Gwvo",
            "total": 12,
            "valor_unitario": 272289,
            "descuento": 0.24,
            "IVA": 19
        },
        {
            "codigo": "pvYYSta2Cg",
            "total": 20,
            "valor_unitario": 80005,
            "descuento": 0.21,
            "IVA": 5
        },
        {
            "codigo": "PsZloVX5ME",
            "total": 10,
            "valor_unitario": 284884,
            "descuento": 0.07,
            "IVA": 19
        },
        {
            "codigo": "GhwJk3FsZR",
            "total": 19,
            "valor_unitario": 454920,
            "descuento": 0.16,
            "IVA": 5
        },
        {
            "codigo": "8awQYalDuS",
            "total": 13,
            "valor_unitario": 961149,
            "descuento": 0.25,
            "IVA": 0
        },
        {
            "codigo": "GPmqOOXMgm",
            "total": 4,
            "valor_unitario": 130870,
            "descuento": 0.27,
            "IVA": 19
        }
    ]
}