{
    "empresa_nit": "789526431",
    "empresa_ciudad": "BOGOTA",
    "empresa_sede": "centro",
    "empresa_nombre": "Supermercado Central",
    "fecha_hora": "2021-05-22 19:55:36",
    "factura_num": "01046",
    "ciente_numero": 322031095,
    "pago_tipo": "EFECTIVO",
    "productos": [
        {
            "codigo": "5GcNpCPLmg",
            "total": 5,
            "valor_unitario": 165331,
            "descuento": 0.1,
            "IVA": 5
        },
        {
            "codigo": "L2tbI3COl4",
            "total": 18,
            "valor_unitario": 365975,
            "descuento": 0.44,
            "IVA": 5
        },
        {
            "codigo": "o3UN2jcVgB",
            "total": 10,
            "valor_unitario": 623838,
            "descuento": 0.1,
            "IVA": 5
        },
        {
            "codigo": "kNUwes5nit",
            "total": 18,
            "valor_unitario": 827438,
            "descuento": 0.07,
            "IVA": 0
        },
        {
            "codigo": "ZdR1iKTuHn",
            "total": 2,
            "valor_unitario": 841516,
            "descuento": 0.3,
            "IVA": 19
        },
        {
            "codigo": "EWxL4WFYTG",
            "total": 9,
            "valor_unitario": 40714,
            "descuento": 0.22,
            "IVA": 5
        },
        {
            "codigo": "obFxz8VppD",
            "total": 8,
            "valor_unitario": 51570,
            "descuento": 0.3,
            "IVA": 19
        },
        {
            "codigo": "E7EwDUxd71",
            "total": 6,
            "valor_unitario": 499611,
            "descuento": 0.27,
            "IVA": 19
        },
        {
            "codigo": "TMrLWNYGDg",
            "total": 18,
            "valor_unitario": 970575,
            "descuento": 0.39,
            "IVA": 19
        },
        {
            "codigo": "AWNcyLLEp6",
            "total": 14,
            "valor_unitario": 826423,
            "descuento": 0.15,
            "IVA": 0
        }
    ]
}