{
    "empresa_nit": "789526431",
    "empresa_ciudad": "TUNJA",
    "empresa_sede": "alcaldia",
    "empresa_nombre": "Supermercado Central",
    "fecha_hora": "2024-09-04 08:31:05",
    "factura_num": "01376",
    "ciente_numero": 23477001,
    "pago_tipo": "TRANFERENCIA",
    "productos": [
        {
            "codigo": "CwxXeIXvwu",
            "total": 7,
            "valor_unitario": 384407,
            "descuento": 0.32,
            "IVA": 0
        },
        {
            "codigo": "VlkqAfxbd7",
            "total": 5,
            "valor_unitario": 418732,
            "descuento": 0.15,
            "IVA": 5
        },
        {
            "codigo": "l3fGP5ATgA",
            "total": 15,
            "valor_unitario": 346902,
            "descuento": 0.13,
            "IVA": 0
        }
    ]
}