{
    "empresa_nit": "789526431",
    "empresa_ciudad": "BOGOTA",
    "empresa_sede": "autopista",
    "empresa_nombre": "Supermercado Central",
    "fecha_hora": "2021-04-27 08:03:28",
    "factura_num": "01356",
    "ciente_numero": 560529182,
    "pago_tipo": "TAR.CREDITO",
    "productos": [
        {
            "codigo": "78UXxsN8yp",
            "total": 9,
            "valor_unitario": 635708,
            "descuento": 0.48,
            "IVA": 5
        },
        {
            "codigo": "emq91Y05sv",
            "total": 10,
            "valor_unitario": 794342,
            "descuento": 0.1,
            "IVA": 0
        },
        {
            "codigo": "wB67AVdgyy",
            "total": 12,
            "valor_unitario": 549437,
            "descuento": 0.27,
            "IVA": 5
        },
        {
            "codigo": "Hw8ye1FNTg",
            "total": 14,
            "valor_unitario": 622060,
            "descuento": 0.03,
            "IVA": 19
        },
        {
            "codigo": "3R0e0JIbKX",
            "total": 19,
            "valor_unitario": 87143,
            "descuento": 0.35,
            "IVA": 5
        },
        {
            "codigo": "eI3vVQKula",
            "total": 4,
            "valor_unitario": 59045,
            "descuento": 0.12,
            "IVA": 0
        },
        {
            "codigo": "zo5lAilVfB",
            "total": 3,
            "valor_unitario": 593420,
            "descuento": 0.06,
            "IVA": 19
        },
        {
            "codigo": "HeuxklLjdW",
            "total": 3,
            "valor_unitario": 235706,
            "descuento": 0.23,
            "IVA": 5
        }
    ]
}