{
    "empresa_nit": "789526431",
    "empresa_ciudad": "CALI",
    "empresa_sede": "terminal",
    "empresa_nombre": "Supermercado Central",
    "fecha_hora": "2020-03-09 01:59:15",
    "factura_num": "01361",
    "ciente_numero": 499564663,
    "pago_tipo": "EFECTIVO",
    "productos": [
        {
            "codigo": "tCoa9qKVMc",
            "total": 2,
            "valor_unitario": 97380,
            "descuento": 0.19,
            "IVA": 0
        },
        {
            "codigo": "xxYobUDr0Q",
            "total": 2,
            "valor_unitario": 982710,
            "descuento": 0.15,
            "IVA": 0
        },
        {
            "codigo": "gNZPVgiVvm",
            "total": 6,
            "valor_unitario": 952958,
            "descuento": 0.48,
            "IVA": 19
        },
        {
            "codigo": "VvsszYfrbX",
            "total": 5,
            "valor_unitario": 619213,
            "descuento": 0.01,
            "IVA": 19
        },
        {
            "codigo": "xG3IJwpVpq",
            "total": 11,
            "valor_unitario": 936337,
            "descuento": 0.18,
            "IVA": 19
        },
        {
            "codigo": "wAonyBLcdv",
            "total": 8,
            "valor_unitario": 326715,
            "descuento": 0.31,
            "IVA": 5
        },
        {
            "codigo": "t66YPzAkzV",
            "total": 17,
            "valor_unitario": 269474,
            "descuento": 0.26,
            "IVA": 19
        },
        {
            "codigo": "oj13svnL1m",
            "total": 20,
            "valor_unitario": 450517,
            "descuento": 0.28,
            "IVA": 19
        },
        {
            "codigo": "JVRC06vMf0",
            "total": 2,
            "valor_unitario": 260649,
            "descuento": 0.34,
            "IVA": 0
        },
        {
            "codigo": "lM2gtu5EEu",
            "total": 13,
            "valor_unitario": 601377,
            "descuento": 0.05,
            "IVA": 5
        },
        {
            "codigo": "FHX2THNIWB",
            "total": 11,
            "valor_unitario": 595296,
            "descuento": 0.13,
            "IVA": 0
        },
        {
            "codigo": "5qoULpnaXy",
            "total": 17,
            "valor_unitario": 29158,
            "descuento": 0.25,
            "IVA": 5
        },
        {
            "codigo": "x0Gz3obpOX",
            "total": 20,
            "valor_unitario": 305971,
            "descuento": 0.15,
            "IVA": 19
        },
        {
            "codigo": "9OwwI39ser",
            "total": 10,
            "valor_unitario": 730532,
            "descuento": 0.1,
            "IVA": 5
        },
        {
            "codigo": "9VAYJ9h9TE",
            "total": 13,
            "valor_unitario": 939530,
            "descuento": 0.24,
            "IVA": 0
        }
    ]
}