{
    "empresa_nit": "789526431",
    "empresa_ciudad": "TUNJA",
    "empresa_sede": "autopista",
    "empresa_nombre": "Supermercado Central",
    "fecha_hora": "2024-03-03 09:17:50",
    "factura_num": "01260",
    "ciente_numero": 877703558,
    "pago_tipo": "EFECTIVO",
    "productos": [
        {
            "codigo": "ZRWL7Nmtcn",
            "total": 16,
            "valor_unitario": 682210,
            "descuento": 0.24,
            "IVA": 5
        },
        {
            "codigo": "4rxDyDa2SA",
            "total": 11,
            "valor_unitario": 380051,
            "descuento": 0.24,
            "IVA": 5
        },
        {
            "codigo": "7hoCkB1Icz",
            "total": 7,
            "valor_unitario": 991330,
            "descuento": 0.25,
            "IVA": 19
        },
        {
            "codigo": "52v0hWIYcb",
            "total": 15,
            "valor_unitario": 899172,
            "descuento": 0.4,
            "IVA": 5
        },
        {
            "codigo": "3gzKFyheFM",
            "total": 5,
            "valor_unitario": 139639,
            "descuento": 0.23,
            "IVA": 5
        },
        {
            "codigo": "v9E9VShTUa",
            "total": 10,
            "valor_unitario": 204676,
            "descuento": 0.43,
            "IVA": 0
        },
        {
            "codigo": "cdxyohhyc3",
            "total": 14,
            "valor_unitario": 575015,
            "descuento": 0.24,
            "IVA": 0
        }
    ]
}