{
    "empresa_nit": "789526431",
    "empresa_ciudad": "TUNJA",
    "empresa_sede": "alcaldia",
    "empresa_nombre": "Supermercado Central",
    "fecha_hora": "2020-02-23 06:24:39",
    "factura_num": "01236",
    "ciente_numero": 83859393,
    "pago_tipo": "TAR.DEBITO",
    "productos": [
        {
            "codigo": "odRfmZTuXJ",
            "total": 15,
            "valor_unitario": 637594,
            "descuento": 0.05,
            "IVA": 0
        },
        {
            "codigo": "aqDN5VL0ni",
            "total": 6,
            "valor_unitario": 272157,
            "descuento": 0.08,
            "IVA": 0
        },
        {
            "codigo": "EaezfORuoK",
            "total": 9,
            "valor_unitario": 854489,
            "descuento": 0.06,
            "IVA": 5
        },
        {
            "codigo": "l4FF1xM1Do",
            "total": 10,
            "valor_unitario": 489169,
            "descuento": 0.05,
            "IVA": 19
        },
        {
            "codigo": "f17bOGQIB1",
            "total": 10,
            "valor_unitario": 631989,
            "descuento": 0.03,
            "IVA": 5
        },
        {
            "codigo": "WfN3PtR7Mb",
            "total": 12,
            "valor_unitario": 7307,
            "descuento": 0.07,
            "IVA": 0
        },
        {
            "codigo": "MEzgpCxqlL",
            "total": 3,
            "valor_unitario": 927680,
            "descuento": 0.48,
            "IVA": 5
        },
        {
            "codigo": "77uq8kyl9O",
            "total": 19,
            "valor_unitario": 13316,
            "descuento": 0.28,
            "IVA": 19
        },
        {
            "codigo": "Zmrq3B3y8f",
            "total": 8,
            "valor_unitario": 731342,
            "descuento": 0.3,
            "IVA": 0
        },
        {
            "codigo": "5WYanZTTQV",
            "total": 19,
            "valor_unitario": 109994,
            "descuento": 0.4,
            "IVA": 5
        },
        {
            "codigo": "udAAY4oq2E",
            "total": 9,
            "valor_unitario": 910170,
            "descuento": 0.48,
            "IVA": 19
        },
        {
            "codigo": "ihRALXrEa0",
            "total": 15,
            "valor_unitario": 156266,
            "descuento": 0.44,
            "IVA": 19
        },
        {
            "codigo": "5kP5Id222r",
            "total": 11,
            "valor_unitario": 187700,
            "descuento": 0.42,
            "IVA": 19
        },
        {
            "codigo": "527oThnZzd",
            "total": 4,
            "valor_unitario": 951248,
            "descuento": 0.34,
            "IVA": 5
        }
    ]
}