{
    "empresa_nit": "789526431",
    "empresa_ciudad": "BARRANQUILLA",
    "empresa_sede": "autopista",
    "empresa_nombre": "Supermercado Central",
    "fecha_hora": "2023-09-10 00:55:34",
    "factura_num": "01039",
    "ciente_numero": 970091644,
    "pago_tipo": "EFECTIVO",
    "productos": [
        {
            "codigo": "iz5JBfrVYv",
            "total": 1,
            "valor_unitario": 461489,
            "descuento": 0.11,
            "IVA": 0
        },
        {
            "codigo": "dtUEowDNRX",
            "total": 11,
            "valor_unitario": 15391,
            "descuento": 0.02,
            "IVA": 0
        },
        {
            "codigo": "1U9soKh2G2",
            "total": 18,
            "valor_unitario": 38429,
            "descuento": 0.4,
            "IVA": 0
        },
        {
            "codigo": "H49sGxItGc",
            "total": 16,
            "valor_unitario": 870365,
            "descuento": 0.0,
            "IVA": 5
        },
        {
            "codigo": "bzgQoehmLK",
            "total": 20,
            "valor_unitario": 638692,
            "descuento": 0.27,
            "IVA": 19
        },
        {
            "codigo": "rp6CEsuK9a",
            "total": 8,
            "valor_unitario": 146930,
            "descuento": 0.37,
            "IVA": 19
        },
        {
            "codigo": "dZTnFaIWt8",
            "total": 14,
            "valor_unitario": 730393,
            "descuento": 0.05,
            "IVA": 5
        },
        {
            "codigo": "Ed15iBU0vd",
            "total": 18,
            "valor_unitario": 399819,
            "descuento": 0.48,
            "IVA": 5
        },
        {
            "codigo": "ZMIfTfnogs",
            "total": 5,
            "valor_unitario": 206486,
            "descuento": 0.43,
            "IVA": 0
        },
        {
            "codigo": "Zk8skG1MaF",
            "total": 4,
            "valor_unitario": 273823,
            "descuento": 0.48,
            "IVA": 0
        },
        {
            "codigo": "AunVaYlwLe",
            "total": 16,
            "valor_unitario": 996536,
            "descuento": 0.5,
            "IVA": 19
        },
        {
            "codigo": "dqPy4QhYNQ",
            "total": 13,
            "valor_unitario": 823154,
            "descuento": 0.26,
            "IVA": 19
        },
        {
            "codigo": "tilyzQ2R3S",
            "total": 6,
            "valor_unitario": 384503,
            "descuento": 0.17,
            "IVA": 0
        },
        {
            "codigo": "LDPE0YiZqc",
            "total": 8,
            "valor_unitario": 470053,
            "descuento": 0.49,
            "IVA": 19
        },
        {
            "codigo": "0xjIQFNNwk",
            "total": 7,
            "valor_unitario": 725965,
            "descuento": 0.18,
            "IVA": 19
        },
        {
            "codigo": "NGywBZowzY",
            "total": 13,
            "valor_unitario": 9762,
            "descuento": 0.24,
            "IVA": 0
        },
        {
            "codigo": "mro1bfguN4",
            "total": 18,
            "valor_unitario": 52793,
            "descuento": 0.14,
            "IVA": 19
        }
    ]
}