{
    "empresa_nit": "789526431",
    "empresa_ciudad": "TUNJA",
    "empresa_sede": "aeropuerto",
    "empresa_nombre": "Supermercado Central",
    "fecha_hora": "2023-06-30 18:41:06",
    "factura_num": "01398",
    "ciente_numero": 844260674,
    "pago_tipo": "EFECTIVO",
    "productos": [
        {
            "codigo": "84xNZwWYei",
            "total": 20,
            "valor_unitario": 491777,
            "descuento": 0.47,
            "IVA": 19
        },
        {
            "codigo": "pnrA7UGVgB",
            "total": 19,
            "valor_unitario": 38354,
            "descuento": 0.48,
            "IVA": 19
        },
        {
            "codigo": "K9T6FU7K2c",
            "total": 3,
            "valor_unitario": 604094,
            "descuento": 0.32,
            "IVA": 5
        },
        {
            "codigo": "uiM4fNP8vt",
            "total": 4,
            "valor_unitario": 394569,
            "descuento": 0.49,
            "IVA": 19
        },
        {
            "codigo": "JvbtUDbIuQ",
            "total": 15,
            "valor_unitario": 416841,
            "descuento": 0.45,
            "IVA": 5
        },
        {
            "codigo": "4XeUIQamhV",
            "total": 4,
            "valor_unitario": 758379,
            "descuento": 0.06,
            "IVA": 0
        },
        {
            "codigo": "6ah1eSPtlR",
            "total": 14,
            "valor_unitario": 667872,
            "descuento": 0.4,
            "IVA": 19
        }
    ]
}