{
    "empresa_nit": "789526431",
    "empresa_ciudad": "TUNJA",
    "empresa_sede": "plaza",
    "empresa_nombre": "Supermercado Central",
    "fecha_hora": "2021-12-22 16:48:55",
    "factura_num": "01188",
    "ciente_numero": 366383689,
    "pago_tipo": "TRANFERENCIA",
    "productos": [
        {
            "codigo": "5khG9AsSIL",
            "total": 6,
            "valor_unitario": 113773,
            "descuento": 0.26,
            "IVA": 0
        },
        {
            "codigo": "Gq1KDWSo0f",
            "total": 19,
            "valor_unitario": 471539,
            "descuento": 0.18,
            "IVA": 19
        },
        {
            "codigo": "TxfqU3EsOu",
            "total": 3,
            "valor_unitario": 884170,
            "descuento": 0.48,
            "IVA": 19
        },
        {
            "codigo": "MYssOUktDn",
            "total": 2,
            "valor_unitario": 308656,
            "descuento": 0.27,
            "IVA": 0
        },
        {
            "codigo": "6448O66AQd",
            "total": 4,
            "valor_unitario": 320293,
            "descuento": 0.04,
            "IVA": 19
        },
        {
            "codigo": "tK9eqzqzrN",
            "total": 2,
            "valor_unitario": 720723,
            "descuento": 0.3,
            "IVA": 0
        },
        {
            "codigo": "iea5sUrlKp",
            "total": 1,
            "valor_unitario": 488225,
            "descuento": 0.13,
            "IVA": 5
        },
        {
            "codigo": "kBvURjKxxM",
            "total": 12,
            "valor_unitario": 60388,
            "descuento": 0.38,
            "IVA": 0
        },
        {
            "codigo": "ACcbhz8K5p",
            "total": 6,
            "valor_unitario": 898311,
            "descuento": 0.45,
            "IVA": 0
        },
        {
            "codigo": "jx5XZLjhIA",
            "total": 19,
            "valor_unitario": 976446,
            "descuento": 0.31,
            "IVA": 0
        },
        {
            "codigo": "PzQjIX4uj3",
            "total": 20,
            "valor_unitario": 298474,
            "descuento": 0.3,
            "IVA": 5
        },
        {
            "codigo": "POtoYpYwDt",
            "total": 16,
            "valor_unitario": 964365,
            "descuento": 0.02,
            "IVA": 5
        },
        {
            "codigo": "bLgzH2MzZ9",
            "total": 9,
            "valor_unitario": 241305,
            "descuento": 0.48,
            "IVA": 0
        },
        {
            "codigo": "xxNO2HB1tQ",
            "total": 11,
            "valor_unitario": 985709,
            "descuento": 0.29,
            "IVA": 19
        }
    ]
}