{
    "empresa_nit": "789526431",
    "empresa_ciudad": "BOGOTA",
    "empresa_sede": "centro",
    "empresa_nombre": "Supermercado Central",
    "fecha_hora": "2025-01-04 05:51:31",
    "factura_num": "01431",
    "ciente_numero": 427599488,
    "pago_tipo": "EFECTIVO",
    "productos": [
        {
            "codigo": "fMeUd5z5f9",
            "total": 10,
            "valor_unitario": 546213,
            "descuento": 0.5,
            "IVA": 5
        },
        {
            "codigo": "e4NK6Y3KgQ",
            "total": 2,
            "valor_unitario": 135919,
            "descuento": 0.35,
            "IVA": 5
        },
        {
            "codigo": "TfqIirC7i5",
            "total": 20,
            "valor_unitario": 436629,
            "descuento": 0.18,
            "IVA": 0
        },
        {
            "codigo": "B1dPkKDaMF",
            "total": 2,
            "valor_unitario": 37687,
            "descuento": 0.23,
            "IVA": 5
        },
        {
            "codigo": "Zxxb5xZt3P",
            "total": 4,
            "valor_unitario": 331317,
            "descuento": 0.36,
            "IVA": 19
        },
        {
            "codigo": "WTRG3Vg1zM",
            "total": 16,
            "valor_unitario": 149438,
            "descuento": 0.11,
            "IVA": 0
        },
        {
            "codigo": "jgTg7l9m56",
            "total": 11,
            "valor_unitario": 901539,
            "descuento": 0.11,
            "IVA": 19
        },
        {
            "codigo": "UZL25VhL50",
            "total": 2,
            "valor_unitario": 917501,
            "descuento": 0.24,
            "IVA": 5
        },
        {
            "codigo": "wK2mcA68Sz",
            "total": 18,
            "valor_unitario": 812764,
            "descuento": 0.41,
            "IVA": 19
        },
        {
            "codigo": "kJiSJ8KhYQ",
            "total": 19,
            "valor_unitario": 240892,
            "descuento": 0.37,
            "IVA": 5
        },
        {
            "codigo": "nOtY3gggVw",
            "total": 8,
            "valor_unitario": 341551,
            "descuento": 0.15,
            "IVA": 5
        },
        {
            "codigo": "u0BdHEgVxr",
            "total": 13,
            "valor_unitario": 444877,
            "descuento": 0.32,
            "IVA": 5
        },
        {
            "codigo": "9Pqvu0lujz",
            "total": 16,
            "valor_unitario": 811115,
            "descuento": 0.45,
            "IVA": 0
        }
    ]
}