{
    "empresa_nit": "789526431",
    "empresa_ciudad": "MEDELLIN",
    "empresa_sede": "alcaldia",
    "empresa_nombre": "Supermercado Central",
    "fecha_hora": "2024-06-21 00:23:53",
    "factura_num": "01020",
    "ciente_numero": 961945062,
    "pago_tipo": "TAR.DEBITO",
    "productos": [
        {
            "codigo": "0dwNi36xvv",
            "total": 6,
            "valor_unitario": 580850,
            "descuento": 0.0,
            "IVA": 19
        },
        {
            "codigo": "5WTAuV87aK",
            "total": 9,
            "valor_unitario": 252507,
            "descuento": 0.02,
            "IVA": 19
        },
        {
            "codigo": "QaVVkD6UfY",
            "total": 2,
            "valor_unitario": 687393,
            "descuento": 0.18,
            "IVA": 5
        },
        {
            "codigo": "7e3lPuGpu6",
            "total": 15,
            "valor_unitario": 228797,
            "descuento": 0.46,
            "IVA": 5
        },
        {
            "codigo": "SlGcCSYWN1",
            "total": 5,
            "valor_unitario": 910335,
            "descuento": 0.06,
            "IVA": 0
        },
        {
            "codigo": "P47g5O6fr5",
            "total": 8,
            "valor_unitario": 39364,
            "descuento": 0.4,
            "IVA": 19
        },
        {
            "codigo": "IB6CiN2EtR",
            "total": 5,
            "valor_unitario": 571439,
            "descuento": 0.35,
            "IVA": 0
        },
        {
            "codigo": "CAQTtzK9g2",
            "total": 5,
            "valor_unitario": 539139,
            "descuento": 0.22,
            "IVA": 5
        },
        {
            "codigo": "6ildLuq0JK",
            "total": 7,
            "valor_unitario": 135805,
            "descuento": 0.35,
            "IVA": 0
        },
        {
            "codigo": "T4dVTN36eQ",
            "total": 1,
            "valor_unitario": 746852,
            "descuento": 0.47,
            "IVA": 5
        },
        {
            "codigo": "Ec1zfZmWuQ",
            "total": 18,
            "valor_unitario": 625116,
            "descuento": 0.44,
            "IVA": 0
        },
        {
            "codigo": "GcxVV0QPc1",
            "total": 7,
            "valor_unitario": 721597,
            "descuento": 0.28,
            "IVA": 5
        },
        {
            "codigo": "jgypZY3sNo",
            "total": 8,
            "valor_unitario": 849112,
            "descuento": 0.32,
            "IVA": 19
        },
        {
            "codigo": "xEGkOjWqgi",
            "total": 12,
            "valor_unitario": 210478,
            "descuento": 0.09,
            "IVA": 19
        },
        {
            "codigo": "jG2GwRwUTH",
            "total": 2,
            "valor_unitario": 94900,
            "descuento": 0.4,
            "IVA": 5
        },
        {
            "codigo": "IONq690C7Z",
            "total": 2,
            "valor_unitario": 466164,
            "descuento": 0.34,
            "IVA": 19
        },
        {
            "codigo": "DsZqxPgDH8",
            "total": 9,
            "valor_unitario": 532908,
            "descuento": 0.03,
            "IVA": 0
        },
        {
            "codigo": "tJMv2DNBLN",
            "total": 13,
            "valor_unitario": 113452,
            "descuento": 0.29,
            "IVA": 5
        }
    ]
}