{
    "empresa_nit": "789526431",
    "empresa_ciudad": "CALI",
    "empresa_sede": "aeropuerto",
    "empresa_nombre": "Supermercado Central",
    "fecha_hora": "2024-05-31 10:05:25",
    "factura_num": "01135",
    "ciente_numero": 967472170,
    "pago_tipo": "TAR.DEBITO",
    "productos": [
        {
            "codigo": "w6rOcARC7a",
            "total": 17,
            "valor_unitario": 679797,
            "descuento": 0.43,
            "IVA": 19
        },
        {
            "codigo": "pkFYSJK855",
            "total": 4,
            "valor_unitario": 961955,
            "descuento": 0.14,
            "IVA": 19
        },
        {
            "codigo": "HNk65Rsye0",
            "total": 11,
            "valor_unitario": 292173,
            "descuento": 0.2,
            "IVA": 0
        },
        {
            "codigo": "UchB7KC4KH",
            "total": 2,
            "valor_unitario": 428767,
            "descuento": 0.25,
            "IVA": 0
        },
        {
            "codigo": "8BvlCNwhhv",
            "total": 2,
            "valor_unitario": 908279,
            "descuento": 0.21,
            "IVA": 19
        },
        {
            "codigo": "hCoB3IXLOE",
            "total": 14,
            "valor_unitario": 55261,
            "descuento": 0.39,
            "IVA": 5
        },
        {
            "codigo": "n8FhCbHuVH",
            "total": 6,
            "valor_unitario": 934659,
            "descuento": 0.06,
            "IVA": 19
        },
        {
            "codigo": "1KnVGLTqFj",
            "total": 8,
            "valor_unitario": 201619,
            "descuento": 0.06,
            "IVA": 0
        },
        {
            "codigo": "p8tcvw7h8x",
            "total": 9,
            "valor_unitario": 770756,
            "descuento": 0.17,
            "IVA": 5
        },
        {
            "codigo": "llPyppwnN1",
            "total": 4,
            "valor_unitario": 457701,
            "descuento": 0.17,
            "IVA": 5
        },
        {
            "codigo": "dyasGR195q",
            "total": 3,
            "valor_unitario": 173165,
            "descuento": 0.08,
            "IVA": 0
        },
        {
            "codigo": "6mIFptrMxj",
            "total": 9,
            "valor_unitario": 116560,
            "descuento": 0.25,
            "IVA": 19
        },
        {
            "codigo": "7ZefZzeZy5",
            "total": 1,
            "valor_unitario": 766393,
            "descuento": 0.28,
            "IVA": 19
        },
        {
            "codigo": "ntiWGYKJcS",
            "total": 7,
            "valor_unitario": 461605,
            "descuento": 0.02,
            "IVA": 19
        },
        {
            "codigo": "0Xzpca3exT",
            "total": 3,
            "valor_unitario": 971328,
            "descuento": 0.01,
            "IVA": 0
        },
        {
            "codigo": "60IGV1yGW8",
            "total": 8,
            "valor_unitario": 901347,
            "descuento": 0.11,
            "IVA": 19
        },
        {
            "codigo": "7JVW9G392n",
            "total": 11,
            "valor_unitario": 752361,
            "descuento": 0.19,
            "IVA": 19
        }
    ]
}