{
    "empresa_nit": "789526431",
    "empresa_ciudad": "MEDELLIN",
    "empresa_sede": "autopista",
    "empresa_nombre": "Supermercado Central",
    "fecha_hora": "2023-10-26 11:36:49",
    "factura_num": "01004",
    "ciente_numero": 363692777,
    "pago_tipo": "TRANFERENCIA",
    "productos": [
        {
            "codigo": "tLBqjWP3DF",
            "total": 7,
            "valor_unitario": 814518,
            "descuento": 0.4,
            "IVA": 5
        },
        {
            "codigo": "BXLNdWAh8G",
            "total": 9,
            "valor_unitario": 410112,
            "descuento": 0.47,
            "IVA": 5
        },
        {
            "codigo": "R50rpjWDIm",
            "total": 19,
            "valor_unitario": 708634,
            "descuento": 0.24,
            "IVA": 0
        },
        {
            "codigo": "MNPqrRMlKi",
            "total": 14,
            "valor_unitario": 514001,
            "descuento": 0.19,
            "IVA": 0
        },
        {
            "codigo": "rSoaKC6uN1",
            "total": 15,
            "valor_unitario": 433360,
            "descuento": 0.34,
            "IVA": 19
        },
        {
            "codigo": "uZbTEJpPur",
            "total": 9,
            "valor_unitario": 857459,
            "descuento": 0.05,
            "IVA": 19
        },
        {
            "codigo": "MNdaPSVrqx",
            "total": 16,
            "valor_unitario": 179947,
            "descuento": 0.48,
            "IVA": 19
        },
        {
            "codigo": "fsyhG8Z2tw",
            "total": 20,
            "valor_unitario": 446931,
            "descuento": 0.2,
            "IVA": 0
        },
        {
            "codigo": "ukHPNty4lE",
            "total": 15,
            "valor_unitario": 274417,
            "descuento": 0.41,
            "IVA": 0
        },
        {
            "codigo": "bmpuf5r0fT",
            "total": 7,
            "valor_unitario": 811439,
            "descuento": 0.3,
            "IVA": 19
        }
    ]
}