{
    "empresa_nit": "789526431",
    "empresa_ciudad": "TUNJA",
    "empresa_sede": "plaza",
    "empresa_nombre": "Supermercado Central",
    "fecha_hora": "2023-07-09 14:59:52",
    "factura_num": "00010",
    "ciente_numero": 567232321,
    "pago_tipo": "TAR.CREDITO",
    "productos": [
        {
            "codigo": "1SArAyuhKZ",
            "total": 18,
            "valor_unitario": 851009,
            "descuento": 0.27,
            "IVA": 0
        },
        {
            "codigo": "qlvjRxzq1S",
            "total": 8,
            "valor_unitario": 356089,
            "descuento": 0.3,
            "IVA": 19
        },
        {
            "codigo": "lgmIcWMGjI",
            "total": 18,
            "valor_unitario": 320744,
            "descuento": 0.47,
            "IVA": 5
        },
        {
            "codigo": "mAiPIsthwZ",
            "total": 3,
            "valor_unitario": 79636,
            "descuento": 0.03,
            "IVA": 19
        },
        {
            "codigo": "UuCoAbe6l1",
            "total": 6,
            "valor_unitario": 389990,
            "descuento": 0.18,
            "IVA": 5
        },
        {
            "codigo": "Nf8U7SHp6G",
            "total": 5,
            "valor_unitario": 355862,
            "descuento": 0.47,
            "IVA": 19
        },
        {
            "codigo": "LU8vibrla4",
            "total": 10,
            "valor_unitario": 6242,
            "descuento": 0.36,
            "IVA": 5
        },
        {
            "codigo": "Chp3hio3Op",
            "total": 13,
            "valor_unitario": 539344,
            "descuento": 0.49,
            "IVA": 0
        },
        {
            "codigo": "J1sZbUqYRU",
            "total": 15,
            "valor_unitario": 198302,
            "descuento": 0.04,
            "IVA": 5
        },
        {
            "codigo": "v5XLi3xuvD",
            "total": 7,
            "valor_unitario": 488221,
            "descuento": 0.15,
            "IVA": 0
        },
        {
            "codigo": "7VyqQ5QZSN",
            "total": 18,
            "valor_unitario": 836109,
            "descuento": 0.35,
            "IVA": 5
        }
    ]
}