{
    "empresa_nit": "789526431",
    "empresa_ciudad": "BARRANQUILLA",
    "empresa_sede": "terminal",
    "empresa_nombre": "Supermercado Central",
    "fecha_hora": "2022-08-15 01:16:48",
    "factura_num": "01089",
    "ciente_numero": 664099510,
    "pago_tipo": "TAR.CREDITO",
    "productos": [
        {
            "codigo": "OQzO40FFga",
            "total": 16,
            "valor_unitario": 431915,
            "descuento": 0.19,
            "IVA": 19
        },
        {
            "codigo": "CHmXtuiV4B",
            "total": 7,
            "valor_unitario": 8696,
            "descuento": 0.5,
            "IVA": 19
        },
        {
            "codigo": "YYNTUbFpSZ",
            "total": 13,
            "valor_unitario": 62386,
            "descuento": 0.34,
            "IVA": 0
        },
        {
            "codigo": "UyLsVbmTMc",
            "total": 16,
            "valor_unitario": 520441,
            "descuento": 0.29,
            "IVA": 0
        },
        {
            "codigo": "O1KWAMxoPm",
            "total": 6,
            "valor_unitario": 69760,
            "descuento": 0.19,
            "IVA": 5
        },
        {
            "codigo": "1v6NfWLiDf",
            "total": 12,
            "valor_unitario": 919189,
            "descuento": 0.36,
            "IVA": 0
        },
        {
            "codigo": "KkwsF2m3nZ",
            "total": 5,
            "valor_unitario": 757920,
            "descuento": 0.16,
            "IVA": 5
        },
        {
            "codigo": "e7CLpFVHmq",
            "total": 16,
            "valor_unitario": 67341,
            "descuento": 0.43,
            "IVA": 19
        },
        {
            "codigo": "JQDsgbojEJ",
            "total": 5,
            "valor_unitario": 44497,
            "descuento": 0.2,
            "IVA": 5
        },
        {
            "codigo": "jSJcMi5LEo",
            "total": 4,
            "valor_unitario": 104388,
            "descuento": 0.09,
            "IVA": 5
        }
    ]
}