{
    "empresa_nit": "789526431",
    "empresa_ciudad": "BOGOTA",
    "empresa_sede": "plaza",
    "empresa_nombre": "Supermercado Central",
    "fecha_hora": "2021-11-10 06:27:12",
    "factura_num": "01378",
    "ciente_numero": 896202021,
    "pago_tipo": "EFECTIVO",
    "productos": [
        {
            "codigo": "A7qGKAc2WQ",
            "total": 10,
            "valor_unitario": 698947,
            "descuento": 0.19,
            "IVA": 19
        },
        {
            "codigo": "AytakqFLtI",
            "total": 1,
            "valor_unitario": 908682,
            "descuento": 0.2,
            "IVA": 5
        },
        {
            "codigo": "Fr1ONkmY0l",
            "total": 16,
            "valor_unitario": 384009,
            "descuento": 0.36,
            "IVA": 0
        },
        {
            "codigo": "X7prT0zXQm",
            "total": 16,
            "valor_unitario": 370310,
            "descuento": 0.05,
            "IVA": 19
        },
        {
            "codigo": "Q9jJjmwWSB",
            "total": 4,
            "valor_unitario": 980973,
            "descuento": 0.11,
            "IVA": 19
        },
        {
            "codigo": "LJ5JZ8yGEG",
            "total": 16,
            "valor_unitario": 972726,
            "descuento": 0.41,
            "IVA": 5
        },
        {
            "codigo": "VLFy4mr6Ur",
            "total": 3,
            "valor_unitario": 268083,
            "descuento": 0.17,
            "IVA": 0
        }
    ]
}