{
    "empresa_nit": "789526431",
    "empresa_ciudad": "BARRANQUILLA",
    "empresa_sede": "plaza",
    "empresa_nombre": "Supermercado Central",
    "fecha_hora": "2024-12-31 14:42:15",
    "factura_num": "01002",
    "ciente_numero": 234100158,
    "pago_tipo": "TRANFERENCIA",
    "productos": [
        {
            "codigo": "pj0UOa5cGo",
            "total": 18,
            "valor_unitario": 93465,
            "descuento": 0.28,
            "IVA": 5
        },
        {
            "codigo": "BPfEV7KWup",
            "total": 6,
            "valor_unitario": 742943,
            "descuento": 0.47,
            "IVA": 5
        },
        {
            "codigo": "zFM8PniadF",
            "total": 6,
            "valor_unitario": 900174,
            "descuento": 0.48,
            "IVA": 0
        },
        {
            "codigo": "zq8A612lMX",
            "total": 3,
            "valor_unitario": 536079,
            "descuento": 0.13,
            "IVA": 5
        },
        {
            "codigo": "65yFDAdpUR",
            "total": 8,
            "valor_unitario": 803211,
            "descuento": 0.47,
            "IVA": 0
        },
        {
            "codigo": "os0wox6cr4",
            "total": 16,
            "valor_unitario": 343266,
            "descuento": 0.15,
            "IVA": 5
        },
        {
            "codigo": "vjkeHgkjDG",
            "total": 3,
            "valor_unitario": 424710,
            "descuento": 0.17,
            "IVA": 5
        },
        {
            "codigo": "3dIw9pyBOM",
            "total": 5,
            "valor_unitario": 560717,
            "descuento": 0.49,
            "IVA": 0
        },
        {
            "codigo": "9BSFQwehoC",
            "total": 1,
            "valor_unitario": 266551,
            "descuento": 0.22,
            "IVA": 5
        },
        {
            "codigo": "a65kJTYVUb",
            "total": 1,
            "valor_unitario": 294948,
            "descuento": 0.2,
            "IVA": 0
        },
        {
            "codigo": "t3kxkQgBwp",
            "total": 13,
            "valor_unitario": 836845,
            "descuento": 0.23,
            "IVA": 0
        },
        {
            "codigo": "TbDGXm817H",
            "total": 4,
            "valor_unitario": 615965,
            "descuento": 0.27,
            "IVA": 0
        },
        {
            "codigo": "NN5KyxtljN",
            "total": 10,
            "valor_unitario": 656711,
            "descuento": 0.14,
            "IVA": 0
        },
        {
            "codigo": "cLw5EfZq9P",
            "total": 20,
            "valor_unitario": 152570,
            "descuento": 0.44,
            "IVA": 19
        },
        {
            "codigo": "kMwDLkJGjF",
            "total": 9,
            "valor_unitario": 507572,
            "descuento": 0.39,
            "IVA": 0
        },
        {
            "codigo": "1NqffS8eIx",
            "total": 9,
            "valor_unitario": 418897,
            "descuento": 0.13,
            "IVA": 0
        },
        {
            "codigo": "lppLlGQ50b",
            "total": 17,
            "valor_unitario": 939026,
            "descuento": 0.47,
            "IVA": 19
        },
        {
            "codigo": "on7IhYK1l4",
            "total": 11,
            "valor_unitario": 727396,
            "descuento": 0.08,
            "IVA": 0
        },
        {
            "codigo": "YSeLMe1A8U",
            "total": 12,
            "valor_unitario": 890103,
            "descuento": 0.02,
            "IVA": 19
        },
        {
            "codigo": "z8nYe8D66H",
            "total": 12,
            "valor_unitario": 266733,
            "descuento": 0.18,
            "IVA": 19
        }
    ]
}