{
    "empresa_nit": "789526431",
    "empresa_ciudad": "CALI",
    "empresa_sede": "terminal",
    "empresa_nombre": "Supermercado Central",
    "fecha_hora": "2022-10-24 22:39:59",
    "factura_num": "01190",
    "ciente_numero": 473757940,
    "pago_tipo": "EFECTIVO",
    "productos": [
        {
            "codigo": "eTDBGTSMVA",
            "total": 8,
            "valor_unitario": 330852,
            "descuento": 0.27,
            "IVA": 19
        },
        {
            "codigo": "uVXoZGmHuW",
            "total": 20,
            "valor_unitario": 84869,
            "descuento": 0.36,
            "IVA": 19
        },
        {
            "codigo": "TKesxTDmuZ",
            "total": 14,
            "valor_unitario": 259840,
            "descuento": 0.36,
            "IVA": 0
        },
        {
            "codigo": "cKg6EYPJZh",
            "total": 17,
            "valor_unitario": 30972,
            "descuento": 0.44,
            "IVA": 19
        },
        {
            "codigo": "Qc1fR6wuJy",
            "total": 8,
            "valor_unitario": 495211,
            "descuento": 0.21,
            "IVA": 5
        },
        {
            "codigo": "J5LukkWFMT",
            "total": 16,
            "valor_unitario": 666114,
            "descuento": 0.15,
            "IVA": 0
        },
        {
            "codigo": "QKEbsXzoCO",
            "total": 19,
            "valor_unitario": 968085,
            "descuento": 0.31,
            "IVA": 0
        },
        {
            "codigo": "v4EuTNAmMP",
            "total": 14,
            "valor_unitario": 215314,
            "descuento": 0.31,
            "IVA": 5
        },
        {
            "codigo": "1yknNrup0o",
            "total": 9,
            "valor_unitario": 267859,
            "descuento": 0.04,
            "IVA": 0
        },
        {
            "codigo": "YBFNj7hbxc",
            "total": 7,
            "valor_unitario": 436290,
            "descuento": 0.12,
            "IVA": 0
        },
        {
            "codigo": "7mkWjR1PS3",
            "total": 17,
            "valor_unitario": 843547,
            "descuento": 0.12,
            "IVA": 19
        }
    ]
}