{
    "empresa_nit": "789526431",
    "empresa_ciudad": "MEDELLIN",
    "empresa_sede": "alcaldia",
    "empresa_nombre": "Supermercado Central",
    "fecha_hora": "2024-05-06 07:14:03",
    "factura_num": "01257",
    "ciente_numero": 738821080,
    "pago_tipo": "EFECTIVO",
    "productos": [
        {
            "codigo": "DmQL8SRIkg",
            "total": 20,
            "valor_unitario": 892804,
            "descuento": 0.35,
            "IVA": 5
        },
        {
            "codigo": "8GRy32fAmF",
            "total": 20,
            "valor_unitario": 554166,
            "descuento": 0.11,
            "IVA": 19
        },
        {
            "codigo": "NsDAXlwvGG",
            "total": 14,
            "valor_unitario": 831402,
            "descuento": 0.2,
            "IVA": 0
        }
    ]
}