{
    "empresa_nit": "789526431",
    "empresa_ciudad": "BARRANQUILLA",
    "empresa_sede": "centro",
    "empresa_nombre": "Supermercado Central",
    "fecha_hora": "2020-06-16 21:38:44",
    "factura_num": "01123",
    "ciente_numero": 494799200,
    "pago_tipo": "TAR.DEBITO",
    "productos": [
        {
            "codigo": "fmVuIty8Pw",
            "total": 16,
            "valor_unitario": 34770,
            "descuento": 0.43,
            "IVA": 19
        },
        {
            "codigo": "cP9hueMXWb",
            "total": 12,
            "valor_unitario": 968218,
            "descuento": 0.13,
            "IVA": 19
        },
        {
            "codigo": "pxFglczAqQ",
            "total": 7,
            "valor_unitario": 323908,
            "descuento": 0.08,
            "IVA": 0
        },
        {
            "codigo": "L7yIdjZ29q",
            "total": 5,
            "valor_unitario": 407412,
            "descuento": 0.26,
            "IVA": 19
        },
        {
            "codigo": "Se0pe2AOQZ",
            "total": 10,
            "valor_unitario": 417319,
            "descuento": 0.07,
            "IVA": 19
        },
        {
            "codigo": "65XIPFmY29",
            "total": 6,
            "valor_unitario": 188583,
            "descuento": 0.5,
            "IVA": 0
        },
        {
            "codigo": "KvpSm6Msbe",
            "total": 10,
            "valor_unitario": 686651,
            "descuento": 0.24,
            "IVA": 5
        },
        {
            "codigo": "N9GTI3DnHJ",
            "total": 6,
            "valor_unitario": 352402,
            "descuento": 0.26,
            "IVA": 0
        },
        {
            "codigo": "QBZWIZwEVv",
            "total": 16,
            "valor_unitario": 121409,
            "descuento": 0.07,
            "IVA": 19
        },
        {
            "codigo": "wPxKWX3ap4",
            "total": 14,
            "valor_unitario": 179361,
            "descuento": 0.43,
            "IVA": 19
        }
    ]
}