{
    "empresa_nit": "789526431",
    "empresa_ciudad": "CALI",
    "empresa_sede": "aeropuerto",
    "empresa_nombre": "Supermercado Central",
    "fecha_hora": "2021-10-20 21:36:15",
    "factura_num": "01263",
    "ciente_numero": 584058191,
    "pago_tipo": "TRANFERENCIA",
    "productos": [
        {
            "codigo": "4PVoKhMieV",
            "total": 2,
            "valor_unitario": 909640,
            "descuento": 0.36,
            "IVA": 0
        },
        {
            "codigo": "wmWtwWVJw6",
            "total": 5,
            "valor_unitario": 491542,
            "descuento": 0.39,
            "IVA": 19
        },
        {
            "codigo": "J6Nz2Ss9Sn",
            "total": 4,
            "valor_unitario": 869063,
            "descuento": 0.34,
            "IVA": 19
        },
        {
            "codigo": "hOCEYelRPX",
            "total": 18,
            "valor_unitario": 298464,
            "descuento": 0.28,
            "IVA": 19
        },
        {
            "codigo": "0k1x1vRae7",
            "total": 10,
            "valor_unitario": 979878,
            "descuento": 0.06,
            "IVA": 19
        },
        {
            "codigo": "JvXALSooGW",
            "total": 7,
            "valor_unitario": 394151,
            "descuento": 0.16,
            "IVA": 0
        },
        {
            "codigo": "Rhf8GRJtKV",
            "total": 5,
            "valor_unitario": 349296,
            "descuento": 0.48,
            "IVA": 0
        },
        {
            "codigo": "ZrjQvAXSoO",
            "total": 3,
            "valor_unitario": 763109,
            "descuento": 0.35,
            "IVA": 0
        },
        {
            "codigo": "3JtwyGc9Ni",
            "total": 7,
            "valor_unitario": 594400,
            "descuento": 0.45,
            "IVA": 5
        },
        {
            "codigo": "ldImFPhSGk",
            "total": 9,
            "valor_unitario": 683135,
            "descuento": 0.22,
            "IVA": 0
        },
        {
            "codigo": "BjE67erTD1",
            "total": 9,
            "valor_unitario": 680045,
            "descuento": 0.23,
            "IVA": 19
        },
        {
            "codigo": "QBa1j0OhID",
            "total": 10,
            "valor_unitario": 400770,
            "descuento": 0.12,
            "IVA": 5
        },
        {
            "codigo": "2LWGAFsD7b",
            "total": 20,
            "valor_unitario": 628000,
            "descuento": 0.34,
            "IVA": 0
        }
    ]
}