{
    "empresa_nit": "789526431",
    "empresa_ciudad": "MEDELLIN",
    "empresa_sede": "autopista",
    "empresa_nombre": "Supermercado Central",
    "fecha_hora": "2021-05-13 18:44:50",
    "factura_num": "01185",
    "ciente_numero": 692656827,
    "pago_tipo": "TAR.CREDITO",
    "productos": [
        {
            "codigo": "j40TpHmbvW",
            "total": 15,
            "valor_unitario": 887491,
            "descuento": 0.5,
            "IVA": 5
        },
        {
            "codigo": "lQ8cWeFtXk",
            "total": 17,
            "valor_unitario": 632950,
            "descuento": 0.37,
            "IVA": 19
        },
        {
            "codigo": "2qkvMgUFn6",
            "total": 13,
            "valor_unitario": 378450,
            "descuento": 0.38,
            "IVA": 19
        },
        {
            "codigo": "HTX5YWQwPa",
            "total": 15,
            "valor_unitario": 409800,
            "descuento": 0.09,
            "IVA": 5
        },
        {
            "codigo": "lx8fIbzVJD",
            "total": 2,
            "valor_unitario": 297867,
            "descuento": 0.14,
            "IVA": 5
        },
        {
            "codigo": "jpgSqcXs1f",
            "total": 6,
            "valor_unitario": 604584,
            "descuento": 0.33,
            "IVA": 5
        },
        {
            "codigo": "1U0fKwQ1Ps",
            "total": 19,
            "valor_unitario": 607228,
            "descuento": 0.42,
            "IVA": 19
        },
        {
            "codigo": "vKLsdKejhD",
            "total": 5,
            "valor_unitario": 16479,
            "descuento": 0.11,
            "IVA": 0
        },
        {
            "codigo": "cgvo29fW2s",
            "total": 14,
            "valor_unitario": 841831,
            "descuento": 0.3,
            "IVA": 0
        }
    ]
}