{
    "empresa_nit": "789526431",
    "empresa_ciudad": "TUNJA",
    "empresa_sede": "alcaldia",
    "empresa_nombre": "Supermercado Central",
    "fecha_hora": "2020-02-22 07:29:45",
    "factura_num": "00133",
    "ciente_numero": 482070712,
    "pago_tipo": "EFECTIVO",
    "productos": [
        {
            "codigo": "wnzzpGv77L",
            "total": 9,
            "valor_unitario": 393706,
            "descuento": 0.19,
            "IVA": 5
        },
        {
            "codigo": "D7X2rkk8UF",
            "total": 16,
            "valor_unitario": 765903,
            "descuento": 0.28,
            "IVA": 19
        },
        {
            "codigo": "CixEXhR6iy",
            "total": 4,
            "valor_unitario": 311540,
            "descuento": 0.47,
            "IVA": 19
        },
        {
            "codigo": "UvLtQsqX6n",
            "total": 17,
            "valor_unitario": 892992,
            "descuento": 0.15,
            "IVA": 0
        },
        {
            "codigo": "cAFtYdaO3b",
            "total": 9,
            "valor_unitario": 443560,
            "descuento": 0.23,
            "IVA": 0
        },
        {
            "codigo": "vTNyPHLGRx",
            "total": 17,
            "valor_unitario": 31740,
            "descuento": 0.03,
            "IVA": 5
        },
        {
            "codigo": "9qQXVwdLEm",
            "total": 4,
            "valor_unitario": 963661,
            "descuento": 0.12,
            "IVA": 19
        },
        {
            "codigo": "faCFgdcYtN",
            "total": 11,
            "valor_unitario": 917832,
            "descuento": 0.1,
            "IVA": 0
        }
    ]
}