{
    "empresa_nit": "789526431",
    "empresa_ciudad": "CALI",
    "empresa_sede": "aeropuerto",
    "empresa_nombre": "Supermercado Central",
    "fecha_hora": "2020-09-20 09:51:33",
    "factura_num": "01316",
    "ciente_numero": 379314141,
    "pago_tipo": "TAR.DEBITO",
    "productos": [
        {
            "codigo": "x1pGDtthnj",
            "total": 13,
            "valor_unitario": 198994,
            "descuento": 0.3,
            "IVA": 19
        },
        {
            "codigo": "Q90XNOjT7l",
            "total": 18,
            "valor_unitario": 81066,
            "descuento": 0.22,
            "IVA": 0
        },
        {
            "codigo": "ObY1dN6JLR",
            "total": 15,
            "valor_unitario": 172160,
            "descuento": 0.32,
            "IVA": 19
        },
        {
            "codigo": "JxrxDkEGIz",
            "total": 1,
            "valor_unitario": 308890,
            "descuento": 0.27,
            "IVA": 19
        },
        {
            "codigo": "8Kx7cHmqB5",
            "total": 18,
            "valor_unitario": 874665,
            "descuento": 0.27,
            "IVA": 19
        },
        {
            "codigo": "ntkDriPI6R",
            "total": 13,
            "valor_unitario": 433168,
            "descuento": 0.39,
            "IVA": 19
        },
        {
            "codigo": "bVWoC3ALMV",
            "total": 9,
            "valor_unitario": 275612,
            "descuento": 0.15,
            "IVA": 19
        },
        {
            "codigo": "FIVL4ft93P",
            "total": 12,
            "valor_unitario": 204725,
            "descuento": 0.12,
            "IVA": 5
        },
        {
            "codigo": "qmctqb5wxG",
            "total": 10,
            "valor_unitario": 636610,
            "descuento": 0.47,
            "IVA": 5
        },
        {
            "codigo": "TZzAxPGZYl",
            "total": 18,
            "valor_unitario": 6138,
            "descuento": 0.18,
            "IVA": 19
        },
        {
            "codigo": "QlRoPjVKda",
            "total": 17,
            "valor_unitario": 281346,
            "descuento": 0.15,
            "IVA": 0
        },
        {
            "codigo": "w1IcKj0Q3W",
            "total": 11,
            "valor_unitario": 73173,
            "descuento": 0.3,
            "IVA": 0
        },
        {
            "codigo": "hde0DOGEQB",
            "total": 13,
            "valor_unitario": 225362,
            "descuento": 0.25,
            "IVA": 5
        },
        {
            "codigo": "tuMTOnC8wy",
            "total": 19,
            "valor_unitario": 78979,
            "descuento": 0.48,
            "IVA": 5
        },
        {
            "codigo": "ELwMDfe8rx",
            "total": 19,
            "valor_unitario": 46384,
            "descuento": 0.07,
            "IVA": 19
        },
        {
            "codigo": "pt0M5VwHlX",
            "total": 13,
            "valor_unitario": 512747,
            "descuento": 0.33,
            "IVA": 0
        },
        {
            "codigo": "5abQrVMlZK",
            "total": 7,
            "valor_unitario": 288577,
            "descuento": 0.43,
            "IVA": 19
        },
        {
            "codigo": "XfdBv3yYoP",
            "total": 16,
            "valor_unitario": 506330,
            "descuento": 0.48,
            "IVA": 5
        }
    ]
}