{
    "empresa_nit": "789526431",
    "empresa_ciudad": "BOGOTA",
    "empresa_sede": "plaza",
    "empresa_nombre": "Supermercado Central",
    "fecha_hora": "2025-02-14 11:32:53",
    "factura_num": "01158",
    "ciente_numero": 222035290,
    "pago_tipo": "EFECTIVO",
    "productos": [
        {
            "codigo": "9rgWPYMmin",
            "total": 13,
            "valor_unitario": 728982,
            "descuento": 0.41,
            "IVA": 5
        },
        {
            "codigo": "e4p3bMv715",
            "total": 1,
            "valor_unitario": 52626,
            "descuento": 0.12,
            "IVA": 0
        },
        {
            "codigo": "V34P5FDnxX",
            "total": 18,
            "valor_unitario": 47509,
            "descuento": 0.3,
            "IVA": 0
        },
        {
            "codigo": "cpR2mBi5DJ",
            "total": 19,
            "valor_unitario": 235011,
            "descuento": 0.49,
            "IVA": 5
        },
        {
            "codigo": "boSb09rFSR",
            "total": 16,
            "valor_unitario": 176889,
            "descuento": 0.44,
            "IVA": 0
        },
        {
            "codigo": "LBszpHV3fp",
            "total": 1,
            "valor_unitario": 734114,
            "descuento": 0.01,
            "IVA": 19
        },
        {
            "codigo": "m8vHcwv5m1",
            "total": 6,
            "valor_unitario": 878977,
            "descuento": 0.1,
            "IVA": 19
        },
        {
            "codigo": "JfjInhXURS",
            "total": 12,
            "valor_unitario": 564266,
            "descuento": 0.07,
            "IVA": 19
        }
    ]
}