{
    "empresa_nit": "789526431",
    "empresa_ciudad": "TUNJA",
    "empresa_sede": "centro",
    "empresa_nombre": "Supermercado Central",
    "fecha_hora": "2023-06-06 01:16:02",
    "factura_num": "01127",
    "ciente_numero": 48633967,
    "pago_tipo": "TRANFERENCIA",
    "productos": [
        {
            "codigo": "kw87Ty2laj",
            "total": 15,
            "valor_unitario": 802218,
            "descuento": 0.22,
            "IVA": 19
        },
        {
            "codigo": "PrypO3Idfk",
            "total": 1,
            "valor_unitario": 597605,
            "descuento": 0.13,
            "IVA": 19
        },
        {
            "codigo": "vZzo0eb1Pc",
            "total": 13,
            "valor_unitario": 885904,
            "descuento": 0.11,
            "IVA": 5
        },
        {
            "codigo": "uBRph4YZXz",
            "total": 13,
            "valor_unitario": 810087,
            "descuento": 0.14,
            "IVA": 0
        },
        {
            "codigo": "70NsEz8D1s",
            "total": 3,
            "valor_unitario": 676525,
            "descuento": 0.07,
            "IVA": 19
        },
        {
            "codigo": "BHNnVjxva7",
            "total": 9,
            "valor_unitario": 128486,
            "descuento": 0.18,
            "IVA": 0
        },
        {
            "codigo": "w9AXhnrpiN",
            "total": 17,
            "valor_unitario": 492955,
            "descuento": 0.1,
            "IVA": 19
        },
        {
            "codigo": "RvdLWk7rcF",
            "total": 7,
            "valor_unitario": 631103,
            "descuento": 0.42,
            "IVA": 0
        },
        {
            "codigo": "Mhv0wl6rwm",
            "total": 18,
            "valor_unitario": 567717,
            "descuento": 0.42,
            "IVA": 0
        },
        {
            "codigo": "AUpfIxp6py",
            "total": 6,
            "valor_unitario": 740704,
            "descuento": 0.11,
            "IVA": 19
        },
        {
            "codigo": "he9aeO9Rtc",
            "total": 1,
            "valor_unitario": 538204,
            "descuento": 0.45,
            "IVA": 5
        },
        {
            "codigo": "nFRxvG1qWf",
            "total": 18,
            "valor_unitario": 677268,
            "descuento": 0.08,
            "IVA": 19
        }
    ]
}