{
    "empresa_nit": "789526431",
    "empresa_ciudad": "BARRANQUILLA",
    "empresa_sede": "aeropuerto",
    "empresa_nombre": "Supermercado Central",
    "fecha_hora": "2022-08-14 20:51:28",
    "factura_num": "00121",
    "ciente_numero": 519789044,
    "pago_tipo": "EFECTIVO",
    "productos": [
        {
            "codigo": "lurX69rfkj",
            "total": 8,
            "valor_unitario": 132715,
            "descuento": 0.33,
            "IVA": 19
        },
        {
            "codigo": "yWJyxou1AB",
            "total": 17,
            "valor_unitario": 597615,
            "descuento": 0.3,
            "IVA": 5
        },
        {
            "codigo": "VgxGzP4iiR",
            "total": 9,
            "valor_unitario": 920708,
            "descuento": 0.42,
            "IVA": 19
        },
        {
            "codigo": "dKvLJpDBCW",
            "total": 5,
            "valor_unitario": 574890,
            "descuento": 0.37,
            "IVA": 5
        },
        {
            "codigo": "8ifnLDmG9J",
            "total": 7,
            "valor_unitario": 495924,
            "descuento": 0.49,
            "IVA": 0
        },
        {
            "codigo": "ACfN4nlp4C",
            "total": 10,
            "valor_unitario": 573723,
            "descuento": 0.28,
            "IVA": 5
        }
    ]
}