{
    "empresa_nit": "789526431",
    "empresa_ciudad": "BOGOTA",
    "empresa_sede": "aeropuerto",
    "empresa_nombre": "Supermercado Central",
    "fecha_hora": "2022-02-03 22:10:49",
    "factura_num": "01090",
    "ciente_numero": 735600595,
    "pago_tipo": "EFECTIVO",
    "productos": [
        {
            "codigo": "S37pp7MbRK",
            "total": 9,
            "valor_unitario": 354886,
            "descuento": 0.03,
            "IVA": 5
        },
        {
            "codigo": "qXiXdQXU6m",
            "total": 18,
            "valor_unitario": 814585,
            "descuento": 0.34,
            "IVA": 19
        },
        {
            "codigo": "AvSoUaYjTE",
            "total": 17,
            "valor_unitario": 421315,
            "descuento": 0.41,
            "IVA": 0
        },
        {
            "codigo": "04dV5DkSpE",
            "total": 8,
            "valor_unitario": 617260,
            "descuento": 0.17,
            "IVA": 19
        },
        {
            "codigo": "rMyp7lxmka",
            "total": 16,
            "valor_unitario": 859513,
            "descuento": 0.32,
            "IVA": 5
        },
        {
            "codigo": "QtMicJyPQt",
            "total": 19,
            "valor_unitario": 249345,
            "descuento": 0.11,
            "IVA": 5
        },
        {
            "codigo": "6VcGpzXHNn",
            "total": 14,
            "valor_unitario": 435981,
            "descuento": 0.01,
            "IVA": 0
        },
        {
            "codigo": "V35Usr4xh7",
            "total": 1,
            "valor_unitario": 410568,
            "descuento": 0.3,
            "IVA": 5
        },
        {
            "codigo": "kK2INURENW",
            "total": 5,
            "valor_unitario": 335834,
            "descuento": 0.37,
            "IVA": 0
        },
        {
            "codigo": "qEFQdC8Znt",
            "total": 5,
            "valor_unitario": 801398,
            "descuento": 0.02,
            "IVA": 0
        },
        {
            "codigo": "ZXcfw2hGo5",
            "total": 9,
            "valor_unitario": 810003,
            "descuento": 0.19,
            "IVA": 5
        },
        {
            "codigo": "ep7ODYIIdD",
            "total": 8,
            "valor_unitario": 83853,
            "descuento": 0.06,
            "IVA": 0
        },
        {
            "codigo": "HFujHgY8SZ",
            "total": 8,
            "valor_unitario": 606719,
            "descuento": 0.44,
            "IVA": 0
        },
        {
            "codigo": "hppEVIq1bW",
            "total": 16,
            "valor_unitario": 137694,
            "descuento": 0.31,
            "IVA": 0
        },
        {
            "codigo": "hivzl9EZWf",
            "total": 20,
            "valor_unitario": 748816,
            "descuento": 0.3,
            "IVA": 19
        },
        {
            "codigo": "D8Ho45ujzH",
            "total": 7,
            "valor_unitario": 92928,
            "descuento": 0.1,
            "IVA": 5
        },
        {
            "codigo": "eJyaAOYLeG",
            "total": 15,
            "valor_unitario": 392135,
            "descuento": 0.14,
            "IVA": 19
        },
        {
            "codigo": "fdz8zPKWBZ",
            "total": 7,
            "valor_unitario": 50216,
            "descuento": 0.35,
            "IVA": 19
        },
        {
            "codigo": "bfW3baZUk4",
            "total": 2,
            "valor_unitario": 257760,
            "descuento": 0.33,
            "IVA": 5
        }
    ]
}