{
    "empresa_nit": "789526431",
    "empresa_ciudad": "TUNJA",
    "empresa_sede": "aeropuerto",
    "empresa_nombre": "Supermercado Central",
    "fecha_hora": "2020-04-28 04:55:21",
    "factura_num": "01387",
    "ciente_numero": 568404663,
    "pago_tipo": "EFECTIVO",
    "productos": [
        {
            "codigo": "thUeQGS0Rf",
            "total": 20,
            "valor_unitario": 11261,
            "descuento": 0.33,
            "IVA": 19
        },
        {
            "codigo": "X0qZ9uDGxN",
            "total": 7,
            "valor_unitario": 969468,
            "descuento": 0.43,
            "IVA": 19
        },
        {
            "codigo": "STN010Q3zU",
            "total": 10,
            "valor_unitario": 486369,
            "descuento": 0.4,
            "IVA": 19
        },
        {
            "codigo": "Z66JVI4EbF",
            "total": 15,
            "valor_unitario": 61674,
            "descuento": 0.5,
            "IVA": 0
        },
        {
            "codigo": "w8yioq6fFi",
            "total": 1,
            "valor_unitario": 408024,
            "descuento": 0.4,
            "IVA": 5
        },
        {
            "codigo": "uNXKIZI8sd",
            "total": 1,
            "valor_unitario": 893913,
            "descuento": 0.22,
            "IVA": 19
        },
        {
            "codigo": "A5hvuLIVnG",
            "total": 4,
            "valor_unitario": 743443,
            "descuento": 0.41,
            "IVA": 0
        },
        {
            "codigo": "zrQ3BArQBf",
            "total": 9,
            "valor_unitario": 28395,
            "descuento": 0.07,
            "IVA": 5
        },
        {
            "codigo": "JzcEUAJIcR",
            "total": 11,
            "valor_unitario": 928370,
            "descuento": 0.1,
            "IVA": 5
        },
        {
            "codigo": "FtvGjlVbRB",
            "total": 15,
            "valor_unitario": 417065,
            "descuento": 0.23,
            "IVA": 5
        },
        {
            "codigo": "aK8xxYCReS",
            "total": 19,
            "valor_unitario": 458970,
            "descuento": 0.34,
            "IVA": 0
        },
        {
            "codigo": "yW5HynXLED",
            "total": 7,
            "valor_unitario": 15117,
            "descuento": 0.25,
            "IVA": 5
        }
    ]
}