{
    "empresa_nit": "789526431",
    "empresa_ciudad": "BOGOTA",
    "empresa_sede": "centro",
    "empresa_nombre": "Supermercado Central",
    "fecha_hora": "2022-02-19 21:57:33",
    "factura_num": "01280",
    "ciente_numero": 356177725,
    "pago_tipo": "EFECTIVO",
    "productos": [
        {
            "codigo": "F6o7wFq0Td",
            "total": 7,
            "valor_unitario": 949027,
            "descuento": 0.26,
            "IVA": 5
        },
        {
            "codigo": "hDJsy8IuYh",
            "total": 3,
            "valor_unitario": 962434,
            "descuento": 0.48,
            "IVA": 5
        },
        {
            "codigo": "XkK1z9Ndk2",
            "total": 10,
            "valor_unitario": 59668,
            "descuento": 0.14,
            "IVA": 0
        },
        {
            "codigo": "ungrXkm5Dv",
            "total": 19,
            "valor_unitario": 537460,
            "descuento": 0.29,
            "IVA": 19
        },
        {
            "codigo": "1BOKYAYLTh",
            "total": 18,
            "valor_unitario": 859926,
            "descuento": 0.4,
            "IVA": 5
        },
        {
            "codigo": "Yw5IOubcuO",
            "total": 4,
            "valor_unitario": 979763,
            "descuento": 0.45,
            "IVA": 5
        },
        {
            "codigo": "ei7TsIcixP",
            "total": 3,
            "valor_unitario": 763189,
            "descuento": 0.38,
            "IVA": 0
        },
        {
            "codigo": "ahc2TdLvVV",
            "total": 5,
            "valor_unitario": 995736,
            "descuento": 0.04,
            "IVA": 0
        },
        {
            "codigo": "CHoS9gHidM",
            "total": 16,
            "valor_unitario": 651444,
            "descuento": 0.34,
            "IVA": 19
        }
    ]
}