{
    "empresa_nit": "789526431",
    "empresa_ciudad": "BARRANQUILLA",
    "empresa_sede": "alcaldia",
    "empresa_nombre": "Supermercado Central",
    "fecha_hora": "2021-10-19 10:15:28",
    "factura_num": "01047",
    "ciente_numero": 472643017,
    "pago_tipo": "EFECTIVO",
    "productos": [
        {
            "codigo": "AgB5Eu5yWA",
            "total": 4,
            "valor_unitario": 206366,
            "descuento": 0.24,
            "IVA": 5
        },
        {
            "codigo": "K8uUDwVnXK",
            "total": 1,
            "valor_unitario": 943928,
            "descuento": 0.31,
            "IVA": 19
        },
        {
            "codigo": "TDn6AAKIRq",
            "total": 5,
            "valor_unitario": 269482,
            "descuento": 0.38,
            "IVA": 0
        },
        {
            "codigo": "wVfPXgPCFt",
            "total": 6,
            "valor_unitario": 779144,
            "descuento": 0.19,
            "IVA": 19
        },
        {
            "codigo": "DqiodMowZF",
            "total": 4,
            "valor_unitario": 916923,
            "descuento": 0.14,
            "IVA": 19
        },
        {
            "codigo": "7ei12v3a7F",
            "total": 16,
            "valor_unitario": 456853,
            "descuento": 0.19,
            "IVA": 0
        },
        {
            "codigo": "SwPwp61VqS",
            "total": 7,
            "valor_unitario": 497254,
            "descuento": 0.01,
            "IVA": 19
        },
        {
            "codigo": "DfglkYjEla",
            "total": 6,
            "valor_unitario": 618992,
            "descuento": 0.05,
            "IVA": 19
        },
        {
            "codigo": "Ikqshvbdek",
            "total": 3,
            "valor_unitario": 523360,
            "descuento": 0.08,
            "IVA": 19
        },
        {
            "codigo": "HhNj2O4Qw6",
            "total": 8,
            "valor_unitario": 40422,
            "descuento": 0.2,
            "IVA": 5
        },
        {
            "codigo": "pVKHIRg9Hl",
            "total": 7,
            "valor_unitario": 664927,
            "descuento": 0.11,
            "IVA": 0
        },
        {
            "codigo": "Of1zJykA3x",
            "total": 16,
            "valor_unitario": 179674,
            "descuento": 0.06,
            "IVA": 0
        },
        {
            "codigo": "hbEMnzbhKp",
            "total": 1,
            "valor_unitario": 657788,
            "descuento": 0.35,
            "IVA": 0
        },
        {
            "codigo": "ODTNXSm3oH",
            "total": 11,
            "valor_unitario": 209447,
            "descuento": 0.16,
            "IVA": 19
        },
        {
            "codigo": "XFUSsXkbcg",
            "total": 4,
            "valor_unitario": 413124,
            "descuento": 0.36,
            "IVA": 5
        },
        {
            "codigo": "ideDVlEOxd",
            "total": 20,
            "valor_unitario": 718720,
            "descuento": 0.26,
            "IVA": 0
        },
        {
            "codigo": "ZW86qWhQnT",
            "total": 19,
            "valor_unitario": 848513,
            "descuento": 0.21,
            "IVA": 5
        },
        {
            "codigo": "HVVP3fhv5Z",
            "total": 3,
            "valor_unitario": 215414,
            "descuento": 0.12,
            "IVA": 0
        },
        {
            "codigo": "X7mPsPbzgh",
            "total": 1,
            "valor_unitario": 993015,
            "descuento": 0.14,
            "IVA": 5
        },
        {
            "codigo": "Wk4vUGNJSz",
            "total": 13,
            "valor_unitario": 269840,
            "descuento": 0.16,
            "IVA": 0
        }
    ]
}