{
    "empresa_nit": "789526431",
    "empresa_ciudad": "CALI",
    "empresa_sede": "centro",
    "empresa_nombre": "Supermercado Central",
    "fecha_hora": "2023-12-02 18:45:39",
    "factura_num": "01328",
    "ciente_numero": 299351054,
    "pago_tipo": "EFECTIVO",
    "productos": [
        {
            "codigo": "ojq9vCTcUZ",
            "total": 11,
            "valor_unitario": 612027,
            "descuento": 0.48,
            "IVA": 19
        },
        {
            "codigo": "mO7rnM0YMX",
            "total": 9,
            "valor_unitario": 14480,
            "descuento": 0.23,
            "IVA": 0
        },
        {
            "codigo": "q7zLkzpnHm",
            "total": 2,
            "valor_unitario": 998126,
            "descuento": 0.46,
            "IVA": 19
        },
        {
            "codigo": "prijhdfH92",
            "total": 13,
            "valor_unitario": 672686,
            "descuento": 0.3,
            "IVA": 19
        },
        {
            "codigo": "NqaQV7Te2f",
            "total": 19,
            "valor_unitario": 463113,
            "descuento": 0.15,
            "IVA": 5
        },
        {
            "codigo": "h5NxGbRZDQ",
            "total": 5,
            "valor_unitario": 418694,
            "descuento": 0.21,
            "IVA": 5
        },
        {
            "codigo": "KbNnNt5hsC",
            "total": 15,
            "valor_unitario": 706983,
            "descuento": 0.45,
            "IVA": 19
        },
        {
            "codigo": "oNqhF5yaj7",
            "total": 19,
            "valor_unitario": 774161,
            "descuento": 0.23,
            "IVA": 0
        },
        {
            "codigo": "4KRdyFLxJd",
            "total": 19,
            "valor_unitario": 170164,
            "descuento": 0.37,
            "IVA": 0
        },
        {
            "codigo": "b4xmlkSup9",
            "total": 15,
            "valor_unitario": 647034,
            "descuento": 0.2,
            "IVA": 5
        },
        {
            "codigo": "iVKLUH8Ut6",
            "total": 7,
            "valor_unitario": 105963,
            "descuento": 0.01,
            "IVA": 5
        },
        {
            "codigo": "Pewtn5pbhw",
            "total": 15,
            "valor_unitario": 541911,
            "descuento": 0.34,
            "IVA": 0
        },
        {
            "codigo": "7SiT98ZkSZ",
            "total": 15,
            "valor_unitario": 604017,
            "descuento": 0.45,
            "IVA": 0
        },
        {
            "codigo": "XzswaMBgcI",
            "total": 17,
            "valor_unitario": 630282,
            "descuento": 0.33,
            "IVA": 5
        }
    ]
}