{
    "empresa_nit": "789526431",
    "empresa_ciudad": "TUNJA",
    "empresa_sede": "alcaldia",
    "empresa_nombre": "Supermercado Central",
    "fecha_hora": "2021-04-06 14:09:57",
    "factura_num": "01282",
    "ciente_numero": 409002812,
    "pago_tipo": "TAR.DEBITO",
    "productos": [
        {
            "codigo": "oMKGlKdzsC",
            "total": 20,
            "valor_unitario": 401089,
            "descuento": 0.34,
            "IVA": 19
        },
        {
            "codigo": "7TSs1TLa7K",
            "total": 5,
            "valor_unitario": 70360,
            "descuento": 0.48,
            "IVA": 5
        },
        {
            "codigo": "aXgaVQnldf",
            "total": 20,
            "valor_unitario": 810302,
            "descuento": 0.39,
            "IVA": 0
        },
        {
            "codigo": "ad1NZF1SCj",
            "total": 4,
            "valor_unitario": 859115,
            "descuento": 0.44,
            "IVA": 0
        },
        {
            "codigo": "q4QCV6jj79",
            "total": 1,
            "valor_unitario": 586898,
            "descuento": 0.14,
            "IVA": 0
        }
    ]
}