{
    "empresa_nit": "789526431",
    "empresa_ciudad": "MEDELLIN",
    "empresa_sede": "centro",
    "empresa_nombre": "Supermercado Central",
    "fecha_hora": "2020-11-12 16:53:06",
    "factura_num": "01195",
    "ciente_numero": 620052989,
    "pago_tipo": "EFECTIVO",
    "productos": [
        {
            "codigo": "ceR2ismxcf",
            "total": 11,
            "valor_unitario": 720484,
            "descuento": 0.0,
            "IVA": 19
        },
        {
            "codigo": "jFRkyYCO95",
            "total": 14,
            "valor_unitario": 610745,
            "descuento": 0.02,
            "IVA": 5
        },
        {
            "codigo": "mMw4sdXRZC",
            "total": 11,
            "valor_unitario": 61816,
            "descuento": 0.2,
            "IVA": 0
        },
        {
            "codigo": "4xMqjhAHVZ",
            "total": 14,
            "valor_unitario": 708388,
            "descuento": 0.27,
            "IVA": 19
        },
        {
            "codigo": "lUHkQqLwf5",
            "total": 5,
            "valor_unitario": 393714,
            "descuento": 0.33,
            "IVA": 5
        },
        {
            "codigo": "EPENDqnaS6",
            "total": 8,
            "valor_unitario": 367489,
            "descuento": 0.34,
            "IVA": 0
        },
        {
            "codigo": "W18osHwh2p",
            "total": 14,
            "valor_unitario": 894731,
            "descuento": 0.1,
            "IVA": 19
        },
        {
            "codigo": "MHUgHhKlGM",
            "total": 17,
            "valor_unitario": 193743,
            "descuento": 0.09,
            "IVA": 19
        },
        {
            "codigo": "R4x99uy8zh",
            "total": 20,
            "valor_unitario": 42481,
            "descuento": 0.1,
            "IVA": 0
        },
        {
            "codigo": "IcTsQWXI53",
            "total": 19,
            "valor_unitario": 207509,
            "descuento": 0.07,
            "IVA": 5
        },
        {
            "codigo": "6RtvzoqaJS",
            "total": 7,
            "valor_unitario": 236352,
            "descuento": 0.14,
            "IVA": 5
        },
        {
            "codigo": "ErxUh3ORAM",
            "total": 3,
            "valor_unitario": 253231,
            "descuento": 0.35,
            "IVA": 0
        },
        {
            "codigo": "txWsLSiBVE",
            "total": 4,
            "valor_unitario": 355755,
            "descuento": 0.05,
            "IVA": 19
        },
        {
            "codigo": "SeueEXI5wT",
            "total": 5,
            "valor_unitario": 274876,
            "descuento": 0.09,
            "IVA": 5
        },
        {
            "codigo": "ZooS6HPaEC",
            "total": 18,
            "valor_unitario": 75947,
            "descuento": 0.24,
            "IVA": 5
        },
        {
            "codigo": "IDNBQflcDm",
            "total": 7,
            "valor_unitario": 346251,
            "descuento": 0.15,
            "IVA": 19
        }
    ]
}