{
    "empresa_nit": "789526431",
    "empresa_ciudad": "BOGOTA",
    "empresa_sede": "alcaldia",
    "empresa_nombre": "Supermercado Central",
    "fecha_hora": "2020-06-04 23:13:51",
    "factura_num": "01274",
    "ciente_numero": 230090558,
    "pago_tipo": "TAR.DEBITO",
    "productos": [
        {
            "codigo": "bIwumXEp81",
            "total": 10,
            "valor_unitario": 261461,
            "descuento": 0.12,
            "IVA": 5
        },
        {
            "codigo": "A5UlRK4SvD",
            "total": 9,
            "valor_unitario": 496162,
            "descuento": 0.09,
            "IVA": 5
        },
        {
            "codigo": "g3YfBcB6XM",
            "total": 17,
            "valor_unitario": 959088,
            "descuento": 0.21,
            "IVA": 0
        },
        {
            "codigo": "Taq5uVOQio",
            "total": 20,
            "valor_unitario": 669562,
            "descuento": 0.13,
            "IVA": 0
        },
        {
            "codigo": "LhiDjqkMJQ",
            "total": 16,
            "valor_unitario": 187028,
            "descuento": 0.35,
            "IVA": 19
        },
        {
            "codigo": "Y0gpPaPeSO",
            "total": 20,
            "valor_unitario": 798420,
            "descuento": 0.01,
            "IVA": 5
        },
        {
            "codigo": "dlD5xOyFMQ",
            "total": 17,
            "valor_unitario": 616897,
            "descuento": 0.4,
            "IVA": 0
        },
        {
            "codigo": "xakNcNGCkG",
            "total": 6,
            "valor_unitario": 292991,
            "descuento": 0.22,
            "IVA": 0
        },
        {
            "codigo": "zdacB1reOo",
            "total": 9,
            "valor_unitario": 864734,
            "descuento": 0.01,
            "IVA": 19
        },
        {
            "codigo": "OA4RMEjiwq",
            "total": 13,
            "valor_unitario": 905182,
            "descuento": 0.2,
            "IVA": 5
        },
        {
            "codigo": "24WVzxWDZO",
            "total": 13,
            "valor_unitario": 866475,
            "descuento": 0.1,
            "IVA": 0
        }
    ]
}