{
    "empresa_nit": "789526431",
    "empresa_ciudad": "CALI",
    "empresa_sede": "centro",
    "empresa_nombre": "Supermercado Central",
    "fecha_hora": "2020-10-29 08:17:39",
    "factura_num": "01212",
    "ciente_numero": 511385513,
    "pago_tipo": "TAR.CREDITO",
    "productos": [
        {
            "codigo": "L7DaHeoKN2",
            "total": 16,
            "valor_unitario": 976017,
            "descuento": 0.29,
            "IVA": 19
        },
        {
            "codigo": "0LGuBEDQZP",
            "total": 1,
            "valor_unitario": 302417,
            "descuento": 0.25,
            "IVA": 19
        },
        {
            "codigo": "mQB8Lk2s0i",
            "total": 3,
            "valor_unitario": 623941,
            "descuento": 0.24,
            "IVA": 5
        }
    ]
}