{
    "empresa_nit": "789526431",
    "empresa_ciudad": "TUNJA",
    "empresa_sede": "aeropuerto",
    "empresa_nombre": "Supermercado Central",
    "fecha_hora": "2024-02-03 10:07:32",
    "factura_num": "01163",
    "ciente_numero": 742820985,
    "pago_tipo": "EFECTIVO",
    "productos": [
        {
            "codigo": "8ppYysSW1s",
            "total": 13,
            "valor_unitario": 361862,
            "descuento": 0.36,
            "IVA": 5
        },
        {
            "codigo": "KqNZIvCkkn",
            "total": 20,
            "valor_unitario": 12804,
            "descuento": 0.38,
            "IVA": 0
        },
        {
            "codigo": "Ua2ydWaEwJ",
            "total": 13,
            "valor_unitario": 502134,
            "descuento": 0.05,
            "IVA": 5
        },
        {
            "codigo": "8ZmSPmkqaG",
            "total": 3,
            "valor_unitario": 128963,
            "descuento": 0.35,
            "IVA": 5
        },
        {
            "codigo": "6e6WqDQTjA",
            "total": 5,
            "valor_unitario": 719061,
            "descuento": 0.15,
            "IVA": 5
        },
        {
            "codigo": "CImNIlMy0L",
            "total": 1,
            "valor_unitario": 593706,
            "descuento": 0.3,
            "IVA": 19
        }
    ]
}