{
    "empresa_nit": "789526431",
    "empresa_ciudad": "BARRANQUILLA",
    "empresa_sede": "aeropuerto",
    "empresa_nombre": "Supermercado Central",
    "fecha_hora": "2024-11-06 23:46:24",
    "factura_num": "01023",
    "ciente_numero": 35792550,
    "pago_tipo": "TAR.CREDITO",
    "productos": [
        {
            "codigo": "OHEckmfPNl",
            "total": 16,
            "valor_unitario": 762770,
            "descuento": 0.02,
            "IVA": 19
        },
        {
            "codigo": "JqMDEFbwtE",
            "total": 9,
            "valor_unitario": 215799,
            "descuento": 0.35,
            "IVA": 5
        },
        {
            "codigo": "cUwZ1aEUfF",
            "total": 8,
            "valor_unitario": 748152,
            "descuento": 0.21,
            "IVA": 0
        },
        {
            "codigo": "VRka5uvMo6",
            "total": 5,
            "valor_unitario": 760627,
            "descuento": 0.06,
            "IVA": 5
        },
        {
            "codigo": "Mjteap29hr",
            "total": 20,
            "valor_unitario": 181796,
            "descuento": 0.06,
            "IVA": 0
        },
        {
            "codigo": "L4iUhmYMdc",
            "total": 2,
            "valor_unitario": 542408,
            "descuento": 0.17,
            "IVA": 5
        },
        {
            "codigo": "gUQiCAOy9A",
            "total": 17,
            "valor_unitario": 542144,
            "descuento": 0.44,
            "IVA": 19
        },
        {
            "codigo": "XuJlZiXvuH",
            "total": 15,
            "valor_unitario": 960255,
            "descuento": 0.06,
            "IVA": 19
        },
        {
            "codigo": "EpkgtVRcyw",
            "total": 11,
            "valor_unitario": 457868,
            "descuento": 0.16,
            "IVA": 19
        },
        {
            "codigo": "8qeeGg4Y8S",
            "total": 9,
            "valor_unitario": 805390,
            "descuento": 0.15,
            "IVA": 0
        },
        {
            "codigo": "0fY1mZd13B",
            "total": 15,
            "valor_unitario": 761454,
            "descuento": 0.29,
            "IVA": 5
        },
        {
            "codigo": "DP6Dbj5bdR",
            "total": 11,
            "valor_unitario": 752133,
            "descuento": 0.12,
            "IVA": 5
        },
        {
            "codigo": "10rrl6uGbc",
            "total": 19,
            "valor_unitario": 544257,
            "descuento": 0.37,
            "IVA": 0
        },
        {
            "codigo": "KAPHXPD9r3",
            "total": 12,
            "valor_unitario": 762622,
            "descuento": 0.49,
            "IVA": 19
        },
        {
            "codigo": "mJov7WKAwX",
            "total": 3,
            "valor_unitario": 803800,
            "descuento": 0.02,
            "IVA": 5
        },
        {
            "codigo": "27XbuaFHyG",
            "total": 19,
            "valor_unitario": 216916,
            "descuento": 0.2,
            "IVA": 5
        },
        {
            "codigo": "4jMlap3MDJ",
            "total": 4,
            "valor_unitario": 429359,
            "descuento": 0.41,
            "IVA": 0
        }
    ]
}