{
    "empresa_nit": "789526431",
    "empresa_ciudad": "CALI",
    "empresa_sede": "terminal",
    "empresa_nombre": "Supermercado Central",
    "fecha_hora": "2020-02-09 03:16:49",
    "factura_num": "01165",
    "ciente_numero": 72385771,
    "pago_tipo": "EFECTIVO",
    "productos": [
        {
            "codigo": "n1p0f838I6",
            "total": 1,
            "valor_unitario": 878990,
            "descuento": 0.14,
            "IVA": 19
        },
        {
            "codigo": "FS8GYDXIx6",
            "total": 15,
            "valor_unitario": 478608,
            "descuento": 0.45,
            "IVA": 0
        },
        {
            "codigo": "5XZp3y4wRy",
            "total": 8,
            "valor_unitario": 441519,
            "descuento": 0.15,
            "IVA": 5
        },
        {
            "codigo": "kv1Xl3Ns6b",
            "total": 9,
            "valor_unitario": 144769,
            "descuento": 0.16,
            "IVA": 0
        },
        {
            "codigo": "GCPPdllYNf",
            "total": 2,
            "valor_unitario": 197294,
            "descuento": 0.4,
            "IVA": 5
        },
        {
            "codigo": "EXM8Q3Wkws",
            "total": 6,
            "valor_unitario": 854227,
            "descuento": 0.43,
            "IVA": 0
        },
        {
            "codigo": "RzNmI1EXRq",
            "total": 2,
            "valor_unitario": 33983,
            "descuento": 0.44,
            "IVA": 19
        },
        {
            "codigo": "iVaH8OChyz",
            "total": 3,
            "valor_unitario": 868901,
            "descuento": 0.1,
            "IVA": 5
        },
        {
            "codigo": "l2B4b8dPlb",
            "total": 3,
            "valor_unitario": 380565,
            "descuento": 0.4,
            "IVA": 0
        },
        {
            "codigo": "2tmPIeWN3f",
            "total": 12,
            "valor_unitario": 590623,
            "descuento": 0.42,
            "IVA": 0
        },
        {
            "codigo": "Kls557cyWP",
            "total": 1,
            "valor_unitario": 715435,
            "descuento": 0.09,
            "IVA": 19
        },
        {
            "codigo": "nI2miHl7p7",
            "total": 2,
            "valor_unitario": 322907,
            "descuento": 0.46,
            "IVA": 19
        },
        {
            "codigo": "5zytBAxv8d",
            "total": 5,
            "valor_unitario": 268186,
            "descuento": 0.33,
            "IVA": 19
        },
        {
            "codigo": "4akqzpFytl",
            "total": 20,
            "valor_unitario": 440861,
            "descuento": 0.5,
            "IVA": 5
        },
        {
            "codigo": "iFLXXWK12V",
            "total": 20,
            "valor_unitario": 347637,
            "descuento": 0.11,
            "IVA": 0
        },
        {
            "codigo": "vZUTdcDl95",
            "total": 17,
            "valor_unitario": 184394,
            "descuento": 0.45,
            "IVA": 0
        },
        {
            "codigo": "uspayJXOyD",
            "total": 1,
            "valor_unitario": 830888,
            "descuento": 0.01,
            "IVA": 19
        },
        {
            "codigo": "V5mFiVzRa0",
            "total": 12,
            "valor_unitario": 590233,
            "descuento": 0.29,
            "IVA": 5
        }
    ]
}