{
    "empresa_nit": "789526431",
    "empresa_ciudad": "TUNJA",
    "empresa_sede": "alcaldia",
    "empresa_nombre": "Supermercado Central",
    "fecha_hora": "2024-04-20 13:03:12",
    "factura_num": "01193",
    "ciente_numero": 960581826,
    "pago_tipo": "TRANFERENCIA",
    "productos": [
        {
            "codigo": "LMjA3zAG6E",
            "total": 3,
            "valor_unitario": 17277,
            "descuento": 0.33,
            "IVA": 0
        },
        {
            "codigo": "6ILLQDFEIK",
            "total": 2,
            "valor_unitario": 156122,
            "descuento": 0.33,
            "IVA": 5
        },
        {
            "codigo": "ZnHKY23rj7",
            "total": 10,
            "valor_unitario": 525016,
            "descuento": 0.35,
            "IVA": 0
        },
        {
            "codigo": "mzTl4dejDo",
            "total": 14,
            "valor_unitario": 436509,
            "descuento": 0.16,
            "IVA": 5
        },
        {
            "codigo": "k53vTRVukK",
            "total": 11,
            "valor_unitario": 682737,
            "descuento": 0.12,
            "IVA": 5
        },
        {
            "codigo": "fc4rZtJmiV",
            "total": 8,
            "valor_unitario": 559041,
            "descuento": 0.34,
            "IVA": 19
        },
        {
            "codigo": "lVtq69ISbI",
            "total": 19,
            "valor_unitario": 45926,
            "descuento": 0.09,
            "IVA": 19
        },
        {
            "codigo": "W3zmpCJhNw",
            "total": 19,
            "valor_unitario": 593543,
            "descuento": 0.02,
            "IVA": 0
        },
        {
            "codigo": "lQ0LUUqW52",
            "total": 6,
            "valor_unitario": 602274,
            "descuento": 0.27,
            "IVA": 0
        }
    ]
}