{
    "empresa_nit": "789526431",
    "empresa_ciudad": "TUNJA",
    "empresa_sede": "plaza",
    "empresa_nombre": "Supermercado Central",
    "fecha_hora": "2021-02-20 23:10:37",
    "factura_num": "01440",
    "ciente_numero": 136628028,
    "pago_tipo": "TAR.DEBITO",
    "productos": [
        {
            "codigo": "1VXEx62L5i",
            "total": 6,
            "valor_unitario": 284338,
            "descuento": 0.31,
            "IVA": 5
        },
        {
            "codigo": "WfyEYhzgta",
            "total": 14,
            "valor_unitario": 542373,
            "descuento": 0.06,
            "IVA": 0
        },
        {
            "codigo": "AEQ6bAMkDv",
            "total": 1,
            "valor_unitario": 689816,
            "descuento": 0.42,
            "IVA": 19
        },
        {
            "codigo": "ph3Y3vmlQ9",
            "total": 13,
            "valor_unitario": 186890,
            "descuento": 0.42,
            "IVA": 5
        },
        {
            "codigo": "k4RyNLcOEO",
            "total": 14,
            "valor_unitario": 975567,
            "descuento": 0.14,
            "IVA": 19
        },
        {
            "codigo": "M1uM7zWOAO",
            "total": 6,
            "valor_unitario": 386330,
            "descuento": 0.03,
            "IVA": 19
        },
        {
            "codigo": "yYI3gVhP0Z",
            "total": 2,
            "valor_unitario": 807139,
            "descuento": 0.24,
            "IVA": 5
        },
        {
            "codigo": "WZOg10YZu5",
            "total": 10,
            "valor_unitario": 119689,
            "descuento": 0.36,
            "IVA": 5
        },
        {
            "codigo": "B2D6pRaE1u",
            "total": 17,
            "valor_unitario": 656377,
            "descuento": 0.42,
            "IVA": 19
        },
        {
            "codigo": "GpPeAOAvtr",
            "total": 3,
            "valor_unitario": 220708,
            "descuento": 0.24,
            "IVA": 19
        },
        {
            "codigo": "vjoik1cpoo",
            "total": 8,
            "valor_unitario": 446868,
            "descuento": 0.05,
            "IVA": 0
        },
        {
            "codigo": "EyggdKLzfZ",
            "total": 13,
            "valor_unitario": 314256,
            "descuento": 0.05,
            "IVA": 0
        },
        {
            "codigo": "KP8xWgkcfp",
            "total": 4,
            "valor_unitario": 811998,
            "descuento": 0.19,
            "IVA": 19
        }
    ]
}