{
    "empresa_nit": "789526431",
    "empresa_ciudad": "MEDELLIN",
    "empresa_sede": "autopista",
    "empresa_nombre": "Supermercado Central",
    "fecha_hora": "2023-02-14 21:16:46",
    "factura_num": "01203",
    "ciente_numero": 788751907,
    "pago_tipo": "EFECTIVO",
    "productos": [
        {
            "codigo": "mRwj3p8LFk",
            "total": 3,
            "valor_unitario": 723238,
            "descuento": 0.02,
            "IVA": 5
        },
        {
            "codigo": "FF81pAgs5o",
            "total": 1,
            "valor_unitario": 124930,
            "descuento": 0.41,
            "IVA": 5
        },
        {
            "codigo": "FxwE0mdV11",
            "total": 7,
            "valor_unitario": 5325,
            "descuento": 0.01,
            "IVA": 0
        },
        {
            "codigo": "NxRV7LkmgO",
            "total": 20,
            "valor_unitario": 715072,
            "descuento": 0.24,
            "IVA": 0
        }
    ]
}