{
    "empresa_nit": "789526431",
    "empresa_ciudad": "MEDELLIN",
    "empresa_sede": "aeropuerto",
    "empresa_nombre": "Supermercado Central",
    "fecha_hora": "2020-08-19 01:28:18",
    "factura_num": "01171",
    "ciente_numero": 675459593,
    "pago_tipo": "TAR.CREDITO",
    "productos": [
        {
            "codigo": "yOiJDs39a4",
            "total": 1,
            "valor_unitario": 605491,
            "descuento": 0.09,
            "IVA": 19
        },
        {
            "codigo": "riZUv82a9U",
            "total": 8,
            "valor_unitario": 373253,
            "descuento": 0.01,
            "IVA": 0
        },
        {
            "codigo": "kCe6JBYyco",
            "total": 13,
            "valor_unitario": 345932,
            "descuento": 0.03,
            "IVA": 19
        },
        {
            "codigo": "DALUPkUAPg",
            "total": 19,
            "valor_unitario": 786331,
            "descuento": 0.13,
            "IVA": 19
        },
        {
            "codigo": "nBzisHSOtf",
            "total": 3,
            "valor_unitario": 694933,
            "descuento": 0.24,
            "IVA": 19
        },
        {
            "codigo": "u3pdYXdpyR",
            "total": 18,
            "valor_unitario": 237527,
            "descuento": 0.47,
            "IVA": 19
        },
        {
            "codigo": "a5bvXvVeR8",
            "total": 2,
            "valor_unitario": 577125,
            "descuento": 0.15,
            "IVA": 0
        },
        {
            "codigo": "DTiBPIzC6G",
            "total": 16,
            "valor_unitario": 521166,
            "descuento": 0.24,
            "IVA": 5
        },
        {
            "codigo": "HpfjxwUnR3",
            "total": 9,
            "valor_unitario": 991266,
            "descuento": 0.09,
            "IVA": 0
        },
        {
            "codigo": "2wlOEpyo5c",
            "total": 19,
            "valor_unitario": 377817,
            "descuento": 0.36,
            "IVA": 5
        },
        {
            "codigo": "tApnXiIjPP",
            "total": 18,
            "valor_unitario": 937568,
            "descuento": 0.32,
            "IVA": 0
        },
        {
            "codigo": "tUVnYPXsrl",
            "total": 14,
            "valor_unitario": 920502,
            "descuento": 0.38,
            "IVA": 19
        },
        {
            "codigo": "2IS6EEyPOH",
            "total": 17,
            "valor_unitario": 812963,
            "descuento": 0.18,
            "IVA": 0
        },
        {
            "codigo": "kUf6cy4TrN",
            "total": 20,
            "valor_unitario": 795844,
            "descuento": 0.28,
            "IVA": 5
        },
        {
            "codigo": "lllbOcMr4e",
            "total": 19,
            "valor_unitario": 244213,
            "descuento": 0.49,
            "IVA": 5
        },
        {
            "codigo": "uXnUmLoR9L",
            "total": 16,
            "valor_unitario": 40599,
            "descuento": 0.02,
            "IVA": 19
        },
        {
            "codigo": "n7lHqSjp9p",
            "total": 17,
            "valor_unitario": 559571,
            "descuento": 0.47,
            "IVA": 5
        }
    ]
}