{
    "empresa_nit": "789526431",
    "empresa_ciudad": "BARRANQUILLA",
    "empresa_sede": "alcaldia",
    "empresa_nombre": "Supermercado Central",
    "fecha_hora": "2020-06-01 21:36:38",
    "factura_num": "00137",
    "ciente_numero": 175441108,
    "pago_tipo": "EFECTIVO",
    "productos": [
        {
            "codigo": "BiIEAGan1W",
            "total": 3,
            "valor_unitario": 741413,
            "descuento": 0.23,
            "IVA": 5
        },
        {
            "codigo": "ARLl5csDXZ",
            "total": 11,
            "valor_unitario": 88340,
            "descuento": 0.36,
            "IVA": 19
        },
        {
            "codigo": "bt8zNkex1w",
            "total": 20,
            "valor_unitario": 878720,
            "descuento": 0.23,
            "IVA": 19
        },
        {
            "codigo": "AyoCa3Q5rZ",
            "total": 4,
            "valor_unitario": 356133,
            "descuento": 0.27,
            "IVA": 0
        },
        {
            "codigo": "eVoTatSZiD",
            "total": 1,
            "valor_unitario": 826110,
            "descuento": 0.41,
            "IVA": 5
        },
        {
            "codigo": "QTdToChrkI",
            "total": 16,
            "valor_unitario": 132226,
            "descuento": 0.14,
            "IVA": 19
        },
        {
            "codigo": "Qf2vNMgweC",
            "total": 18,
            "valor_unitario": 876703,
            "descuento": 0.22,
            "IVA": 19
        },
        {
            "codigo": "BzJUiMJ67Q",
            "total": 9,
            "valor_unitario": 255477,
            "descuento": 0.11,
            "IVA": 5
        }
    ]
}