{
    "empresa_nit": "789526431",
    "empresa_ciudad": "CALI",
    "empresa_sede": "plaza",
    "empresa_nombre": "Supermercado Central",
    "fecha_hora": "2022-10-12 21:19:21",
    "factura_num": "01083",
    "ciente_numero": 406512878,
    "pago_tipo": "TRANFERENCIA",
    "productos": [
        {
            "codigo": "Wg1OULanlk",
            "total": 13,
            "valor_unitario": 321510,
            "descuento": 0.06,
            "IVA": 0
        },
        {
            "codigo": "se117HpsqW",
            "total": 13,
            "valor_unitario": 876652,
            "descuento": 0.17,
            "IVA": 5
        },
        {
            "codigo": "iLd6GvIJp2",
            "total": 2,
            "valor_unitario": 67955,
            "descuento": 0.12,
            "IVA": 0
        },
        {
            "codigo": "aqqw0RHwob",
            "total": 4,
            "valor_unitario": 995596,
            "descuento": 0.25,
            "IVA": 19
        },
        {
            "codigo": "vzitcGUrcq",
            "total": 10,
            "valor_unitario": 556275,
            "descuento": 0.41,
            "IVA": 0
        },
        {
            "codigo": "aBTOAgYjCs",
            "total": 20,
            "valor_unitario": 224959,
            "descuento": 0.18,
            "IVA": 0
        },
        {
            "codigo": "bWKkajZeUo",
            "total": 10,
            "valor_unitario": 693828,
            "descuento": 0.35,
            "IVA": 0
        },
        {
            "codigo": "L3niu5EYVj",
            "total": 18,
            "valor_unitario": 854621,
            "descuento": 0.4,
            "IVA": 0
        },
        {
            "codigo": "jK7ezytmDe",
            "total": 9,
            "valor_unitario": 472268,
            "descuento": 0.05,
            "IVA": 0
        },
        {
            "codigo": "kQyM2EUfRT",
            "total": 12,
            "valor_unitario": 629313,
            "descuento": 0.39,
            "IVA": 19
        },
        {
            "codigo": "093CArCKbd",
            "total": 1,
            "valor_unitario": 304667,
            "descuento": 0.26,
            "IVA": 5
        },
        {
            "codigo": "e0S1ececIF",
            "total": 15,
            "valor_unitario": 377647,
            "descuento": 0.14,
            "IVA": 5
        },
        {
            "codigo": "vnuBC4JfdC",
            "total": 18,
            "valor_unitario": 242210,
            "descuento": 0.24,
            "IVA": 0
        },
        {
            "codigo": "yw4i9QAJez",
            "total": 4,
            "valor_unitario": 736100,
            "descuento": 0.11,
            "IVA": 0
        },
        {
            "codigo": "PVVlo5vPla",
            "total": 6,
            "valor_unitario": 828629,
            "descuento": 0.0,
            "IVA": 5
        },
        {
            "codigo": "uY8dsNrFO5",
            "total": 16,
            "valor_unitario": 591053,
            "descuento": 0.33,
            "IVA": 0
        },
        {
            "codigo": "pFO8Pldgg6",
            "total": 18,
            "valor_unitario": 847650,
            "descuento": 0.31,
            "IVA": 5
        },
        {
            "codigo": "rFWaS8YBBa",
            "total": 16,
            "valor_unitario": 636171,
            "descuento": 0.44,
            "IVA": 19
        },
        {
            "codigo": "yS3UeMin1A",
            "total": 18,
            "valor_unitario": 822538,
            "descuento": 0.33,
            "IVA": 19
        }
    ]
}