{
    "empresa_nit": "789526431",
    "empresa_ciudad": "TUNJA",
    "empresa_sede": "terminal",
    "empresa_nombre": "Supermercado Central",
    "fecha_hora": "2023-09-22 01:08:26",
    "factura_num": "01189",
    "ciente_numero": 507516382,
    "pago_tipo": "TAR.CREDITO",
    "productos": [
        {
            "codigo": "v9DUtfYJWy",
            "total": 3,
            "valor_unitario": 476285,
            "descuento": 0.03,
            "IVA": 5
        },
        {
            "codigo": "JM59SHK9fF",
            "total": 2,
            "valor_unitario": 620752,
            "descuento": 0.19,
            "IVA": 19
        },
        {
            "codigo": "eIi4FGaIqP",
            "total": 8,
            "valor_unitario": 544277,
            "descuento": 0.32,
            "IVA": 5
        },
        {
            "codigo": "ZnesZ3W12d",
            "total": 9,
            "valor_unitario": 10938,
            "descuento": 0.42,
            "IVA": 5
        },
        {
            "codigo": "vNrOxmu1yZ",
            "total": 1,
            "valor_unitario": 998535,
            "descuento": 0.05,
            "IVA": 19
        },
        {
            "codigo": "Zgw6ZF26EI",
            "total": 17,
            "valor_unitario": 27429,
            "descuento": 0.35,
            "IVA": 19
        },
        {
            "codigo": "9VtlVvlhE6",
            "total": 5,
            "valor_unitario": 806355,
            "descuento": 0.22,
            "IVA": 19
        },
        {
            "codigo": "CXP6gbEUHC",
            "total": 7,
            "valor_unitario": 257327,
            "descuento": 0.49,
            "IVA": 0
        },
        {
            "codigo": "S9HQs5NJrf",
            "total": 20,
            "valor_unitario": 835839,
            "descuento": 0.44,
            "IVA": 5
        },
        {
            "codigo": "RTJJQh4uxN",
            "total": 16,
            "valor_unitario": 23126,
            "descuento": 0.43,
            "IVA": 5
        },
        {
            "codigo": "kB171s4Sb4",
            "total": 15,
            "valor_unitario": 997336,
            "descuento": 0.01,
            "IVA": 5
        }
    ]
}