{
    "empresa_nit": "789526431",
    "empresa_ciudad": "CALI",
    "empresa_sede": "autopista",
    "empresa_nombre": "Supermercado Central",
    "fecha_hora": "2020-05-26 11:22:04",
    "factura_num": "00104",
    "ciente_numero": 160944673,
    "pago_tipo": "EFECTIVO",
    "productos": [
        {
            "codigo": "7AGVQQ5kuw",
            "total": 13,
            "valor_unitario": 533809,
            "descuento": 0.02,
            "IVA": 19
        },
        {
            "codigo": "I53TAe3plg",
            "total": 17,
            "valor_unitario": 558235,
            "descuento": 0.19,
            "IVA": 5
        },
        {
            "codigo": "BXnsaGPjAt",
            "total": 20,
            "valor_unitario": 961195,
            "descuento": 0.26,
            "IVA": 0
        },
        {
            "codigo": "HMdCepTleh",
            "total": 16,
            "valor_unitario": 19798,
            "descuento": 0.12,
            "IVA": 19
        },
        {
            "codigo": "F9J3oYg4Q0",
            "total": 4,
            "valor_unitario": 296242,
            "descuento": 0.22,
            "IVA": 5
        },
        {
            "codigo": "XQdhIgca4e",
            "total": 13,
            "valor_unitario": 944641,
            "descuento": 0.33,
            "IVA": 0
        },
        {
            "codigo": "zJGGAxNofI",
            "total": 5,
            "valor_unitario": 72123,
            "descuento": 0.02,
            "IVA": 19
        },
        {
            "codigo": "K884Eb2ZyG",
            "total": 5,
            "valor_unitario": 377154,
            "descuento": 0.03,
            "IVA": 5
        },
        {
            "codigo": "1WJqO9OnJ7",
            "total": 12,
            "valor_unitario": 671729,
            "descuento": 0.14,
            "IVA": 19
        },
        {
            "codigo": "KDmYlK80X7",
            "total": 7,
            "valor_unitario": 289252,
            "descuento": 0.49,
            "IVA": 0
        },
        {
            "codigo": "JKBNbqHCMl",
            "total": 11,
            "valor_unitario": 434422,
            "descuento": 0.42,
            "IVA": 19
        },
        {
            "codigo": "Q6nn0JQQm7",
            "total": 13,
            "valor_unitario": 447815,
            "descuento": 0.13,
            "IVA": 0
        },
        {
            "codigo": "nmvF7FdC9e",
            "total": 2,
            "valor_unitario": 790737,
            "descuento": 0.47,
            "IVA": 5
        },
        {
            "codigo": "0U0mJ6iVYa",
            "total": 1,
            "valor_unitario": 37398,
            "descuento": 0.43,
            "IVA": 5
        },
        {
            "codigo": "bTeuJnnvIP",
            "total": 12,
            "valor_unitario": 526549,
            "descuento": 0.24,
            "IVA": 0
        },
        {
            "codigo": "l7LOiVwYKv",
            "total": 19,
            "valor_unitario": 284181,
            "descuento": 0.1,
            "IVA": 0
        },
        {
            "codigo": "pQjT3fYBzE",
            "total": 13,
            "valor_unitario": 136141,
            "descuento": 0.17,
            "IVA": 5
        }
    ]
}