{
    "empresa_nit": "789526431",
    "empresa_ciudad": "BOGOTA",
    "empresa_sede": "autopista",
    "empresa_nombre": "Supermercado Central",
    "fecha_hora": "2021-06-22 20:33:44",
    "factura_num": "01116",
    "ciente_numero": 49399807,
    "pago_tipo": "TAR.DEBITO",
    "productos": [
        {
            "codigo": "3yOYM70Wy3",
            "total": 20,
            "valor_unitario": 102850,
            "descuento": 0.04,
            "IVA": 19
        },
        {
            "codigo": "dIZ0pithNI",
            "total": 5,
            "valor_unitario": 850425,
            "descuento": 0.25,
            "IVA": 19
        },
        {
            "codigo": "wLCgQMEyLm",
            "total": 9,
            "valor_unitario": 616352,
            "descuento": 0.03,
            "IVA": 19
        },
        {
            "codigo": "V9ib9Ys2ZY",
            "total": 7,
            "valor_unitario": 181462,
            "descuento": 0.38,
            "IVA": 5
        },
        {
            "codigo": "3bgyuQrEyM",
            "total": 8,
            "valor_unitario": 368283,
            "descuento": 0.27,
            "IVA": 0
        },
        {
            "codigo": "u4d3EmVfa6",
            "total": 6,
            "valor_unitario": 408047,
            "descuento": 0.24,
            "IVA": 19
        },
        {
            "codigo": "826axXamoZ",
            "total": 6,
            "valor_unitario": 766733,
            "descuento": 0.17,
            "IVA": 5
        },
        {
            "codigo": "319RnkuQuo",
            "total": 19,
            "valor_unitario": 597404,
            "descuento": 0.13,
            "IVA": 19
        },
        {
            "codigo": "3EvJGhvwhS",
            "total": 19,
            "valor_unitario": 195847,
            "descuento": 0.04,
            "IVA": 0
        },
        {
            "codigo": "Fys5YjCvo6",
            "total": 2,
            "valor_unitario": 587679,
            "descuento": 0.14,
            "IVA": 19
        },
        {
            "codigo": "Se3Nd5iQaq",
            "total": 10,
            "valor_unitario": 187156,
            "descuento": 0.35,
            "IVA": 19
        },
        {
            "codigo": "QTVdLwDh3u",
            "total": 4,
            "valor_unitario": 168220,
            "descuento": 0.18,
            "IVA": 19
        },
        {
            "codigo": "DCIUABw6er",
            "total": 20,
            "valor_unitario": 336713,
            "descuento": 0.03,
            "IVA": 19
        },
        {
            "codigo": "5ALMyb7MKu",
            "total": 13,
            "valor_unitario": 661907,
            "descuento": 0.48,
            "IVA": 19
        }
    ]
}