{
    "empresa_nit": "789526431",
    "empresa_ciudad": "MEDELLIN",
    "empresa_sede": "plaza",
    "empresa_nombre": "Supermercado Central",
    "fecha_hora": "2022-06-10 07:22:15",
    "factura_num": "01220",
    "ciente_numero": 365846387,
    "pago_tipo": "TAR.DEBITO",
    "productos": [
        {
            "codigo": "z0GIa82n4J",
            "total": 12,
            "valor_unitario": 196100,
            "descuento": 0.41,
            "IVA": 5
        },
        {
            "codigo": "vv6FMHkuQ6",
            "total": 20,
            "valor_unitario": 424700,
            "descuento": 0.37,
            "IVA": 19
        },
        {
            "codigo": "2VlJTOLc0Z",
            "total": 12,
            "valor_unitario": 921911,
            "descuento": 0.46,
            "IVA": 5
        },
        {
            "codigo": "299qafLkP4",
            "total": 12,
            "valor_unitario": 339688,
            "descuento": 0.07,
            "IVA": 0
        },
        {
            "codigo": "dDZhkMkpii",
            "total": 9,
            "valor_unitario": 43616,
            "descuento": 0.18,
            "IVA": 5
        },
        {
            "codigo": "XNXZV51MJr",
            "total": 15,
            "valor_unitario": 583692,
            "descuento": 0.18,
            "IVA": 19
        },
        {
            "codigo": "mdGcrrkpOT",
            "total": 6,
            "valor_unitario": 897637,
            "descuento": 0.18,
            "IVA": 0
        },
        {
            "codigo": "8ZAPjvtdqz",
            "total": 1,
            "valor_unitario": 587242,
            "descuento": 0.06,
            "IVA": 0
        },
        {
            "codigo": "5fgZy7JFHB",
            "total": 14,
            "valor_unitario": 785544,
            "descuento": 0.39,
            "IVA": 19
        },
        {
            "codigo": "WK8bxQqeKj",
            "total": 15,
            "valor_unitario": 34332,
            "descuento": 0.11,
            "IVA": 0
        },
        {
            "codigo": "9C279kOQ2G",
            "total": 1,
            "valor_unitario": 964542,
            "descuento": 0.09,
            "IVA": 0
        },
        {
            "codigo": "DaDstvBds2",
            "total": 14,
            "valor_unitario": 358235,
            "descuento": 0.29,
            "IVA": 19
        },
        {
            "codigo": "2rDUDtK4UQ",
            "total": 5,
            "valor_unitario": 167186,
            "descuento": 0.06,
            "IVA": 0
        },
        {
            "codigo": "7Q0LDafacn",
            "total": 3,
            "valor_unitario": 280034,
            "descuento": 0.17,
            "IVA": 5
        }
    ]
}