{
    "empresa_nit": "789526431",
    "empresa_ciudad": "BOGOTA",
    "empresa_sede": "terminal",
    "empresa_nombre": "Supermercado Central",
    "fecha_hora": "2021-01-26 14:27:37",
    "factura_num": "01155",
    "ciente_numero": 15841951,
    "pago_tipo": "TAR.DEBITO",
    "productos": [
        {
            "codigo": "nt9WlrV5y1",
            "total": 1,
            "valor_unitario": 100481,
            "descuento": 0.24,
            "IVA": 5
        },
        {
            "codigo": "t7WJwX5L6L",
            "total": 19,
            "valor_unitario": 820209,
            "descuento": 0.31,
            "IVA": 19
        },
        {
            "codigo": "S9mWzjNN0P",
            "total": 15,
            "valor_unitario": 772946,
            "descuento": 0.3,
            "IVA": 5
        },
        {
            "codigo": "CZjCnjrX9h",
            "total": 8,
            "valor_unitario": 909149,
            "descuento": 0.41,
            "IVA": 5
        },
        {
            "codigo": "SNLRL8qV0y",
            "total": 2,
            "valor_unitario": 499500,
            "descuento": 0.44,
            "IVA": 5
        },
        {
            "codigo": "3ngb6jcuJH",
            "total": 12,
            "valor_unitario": 798275,
            "descuento": 0.42,
            "IVA": 19
        },
        {
            "codigo": "w104kKzRbz",
            "total": 6,
            "valor_unitario": 821982,
            "descuento": 0.39,
            "IVA": 0
        },
        {
            "codigo": "BYlADicOws",
            "total": 17,
            "valor_unitario": 596619,
            "descuento": 0.37,
            "IVA": 0
        },
        {
            "codigo": "CKpz4B6hwO",
            "total": 6,
            "valor_unitario": 913036,
            "descuento": 0.21,
            "IVA": 19
        },
        {
            "codigo": "kOaV20DjWZ",
            "total": 12,
            "valor_unitario": 733363,
            "descuento": 0.06,
            "IVA": 5
        },
        {
            "codigo": "u8f8PNc8Hk",
            "total": 1,
            "valor_unitario": 744921,
            "descuento": 0.37,
            "IVA": 19
        },
        {
            "codigo": "ZbVpmvTRBi",
            "total": 3,
            "valor_unitario": 796974,
            "descuento": 0.31,
            "IVA": 19
        },
        {
            "codigo": "tHpR3dwPCx",
            "total": 18,
            "valor_unitario": 184083,
            "descuento": 0.42,
            "IVA": 0
        },
        {
            "codigo": "YY5gdc4NIj",
            "total": 16,
            "valor_unitario": 428687,
            "descuento": 0.39,
            "IVA": 19
        },
        {
            "codigo": "gMwEroQiW6",
            "total": 19,
            "valor_unitario": 2903,
            "descuento": 0.4,
            "IVA": 19
        },
        {
            "codigo": "SIUFiiOmaF",
            "total": 7,
            "valor_unitario": 981191,
            "descuento": 0.38,
            "IVA": 19
        },
        {
            "codigo": "Mf9q513YnV",
            "total": 3,
            "valor_unitario": 296904,
            "descuento": 0.19,
            "IVA": 0
        },
        {
            "codigo": "J3WgbtzXBT",
            "total": 10,
            "valor_unitario": 317618,
            "descuento": 0.43,
            "IVA": 5
        },
        {
            "codigo": "eIAuZq3NLC",
            "total": 5,
            "valor_unitario": 828644,
            "descuento": 0.46,
            "IVA": 0
        }
    ]
}