{
    "empresa_nit": "789526431",
    "empresa_ciudad": "BOGOTA",
    "empresa_sede": "terminal",
    "empresa_nombre": "Supermercado Central",
    "fecha_hora": "2022-07-08 05:19:42",
    "factura_num": "01432",
    "ciente_numero": 509019078,
    "pago_tipo": "TAR.DEBITO",
    "productos": [
        {
            "codigo": "8rh5DmD9rl",
            "total": 7,
            "valor_unitario": 625910,
            "descuento": 0.43,
            "IVA": 0
        },
        {
            "codigo": "jmnhEOh8yS",
            "total": 10,
            "valor_unitario": 258831,
            "descuento": 0.37,
            "IVA": 5
        },
        {
            "codigo": "pownuVr0ZV",
            "total": 11,
            "valor_unitario": 117058,
            "descuento": 0.04,
            "IVA": 19
        },
        {
            "codigo": "2OjWSieyOD",
            "total": 5,
            "valor_unitario": 763943,
            "descuento": 0.26,
            "IVA": 19
        },
        {
            "codigo": "hgE0vBkaRh",
            "total": 10,
            "valor_unitario": 217169,
            "descuento": 0.34,
            "IVA": 0
        },
        {
            "codigo": "3d5Z9LiQB1",
            "total": 1,
            "valor_unitario": 700092,
            "descuento": 0.11,
            "IVA": 5
        },
        {
            "codigo": "TaM7vokHEY",
            "total": 4,
            "valor_unitario": 950870,
            "descuento": 0.36,
            "IVA": 0
        },
        {
            "codigo": "LAVjfnK7A7",
            "total": 4,
            "valor_unitario": 618165,
            "descuento": 0.28,
            "IVA": 5
        },
        {
            "codigo": "I1Y38Ou1pm",
            "total": 12,
            "valor_unitario": 991807,
            "descuento": 0.18,
            "IVA": 19
        },
        {
            "codigo": "8gxexBOqAf",
            "total": 10,
            "valor_unitario": 308563,
            "descuento": 0.46,
            "IVA": 0
        },
        {
            "codigo": "vTkZ4AOOjI",
            "total": 6,
            "valor_unitario": 308885,
            "descuento": 0.46,
            "IVA": 19
        },
        {
            "codigo": "svLa2qCUy0",
            "total": 17,
            "valor_unitario": 276618,
            "descuento": 0.11,
            "IVA": 5
        },
        {
            "codigo": "88iCWn0o3s",
            "total": 16,
            "valor_unitario": 545025,
            "descuento": 0.42,
            "IVA": 0
        },
        {
            "codigo": "I19KjjfsbD",
            "total": 10,
            "valor_unitario": 713424,
            "descuento": 0.11,
            "IVA": 5
        },
        {
            "codigo": "Ov0uhSvMf7",
            "total": 17,
            "valor_unitario": 431133,
            "descuento": 0.02,
            "IVA": 19
        },
        {
            "codigo": "OVFwfjvNDm",
            "total": 2,
            "valor_unitario": 743594,
            "descuento": 0.16,
            "IVA": 5
        }
    ]
}