{
    "empresa_nit": "789526431",
    "empresa_ciudad": "BARRANQUILLA",
    "empresa_sede": "terminal",
    "empresa_nombre": "Supermercado Central",
    "fecha_hora": "2020-06-03 11:20:30",
    "factura_num": "01281",
    "ciente_numero": 205510702,
    "pago_tipo": "TAR.DEBITO",
    "productos": [
        {
            "codigo": "80MBGNDvHp",
            "total": 5,
            "valor_unitario": 296441,
            "descuento": 0.45,
            "IVA": 5
        },
        {
            "codigo": "bmbwlXZJ4e",
            "total": 2,
            "valor_unitario": 477064,
            "descuento": 0.17,
            "IVA": 0
        },
        {
            "codigo": "d6pAjXIirS",
            "total": 20,
            "valor_unitario": 753311,
            "descuento": 0.14,
            "IVA": 5
        }
    ]
}