{
    "empresa_nit": "789526431",
    "empresa_ciudad": "MEDELLIN",
    "empresa_sede": "centro",
    "empresa_nombre": "Supermercado Central",
    "fecha_hora": "2022-11-27 22:00:17",
    "factura_num": "01333",
    "ciente_numero": 158078400,
    "pago_tipo": "TAR.DEBITO",
    "productos": [
        {
            "codigo": "k2M6sRT4uw",
            "total": 14,
            "valor_unitario": 251232,
            "descuento": 0.29,
            "IVA": 19
        },
        {
            "codigo": "p1VhByj4aA",
            "total": 13,
            "valor_unitario": 28906,
            "descuento": 0.4,
            "IVA": 5
        },
        {
            "codigo": "SFMl8O6DYl",
            "total": 15,
            "valor_unitario": 598306,
            "descuento": 0.03,
            "IVA": 19
        },
        {
            "codigo": "3qKk2OQ6Qa",
            "total": 9,
            "valor_unitario": 271771,
            "descuento": 0.03,
            "IVA": 5
        },
        {
            "codigo": "NMG4MJjgGP",
            "total": 12,
            "valor_unitario": 214292,
            "descuento": 0.35,
            "IVA": 5
        },
        {
            "codigo": "YfNVuusz6K",
            "total": 20,
            "valor_unitario": 507021,
            "descuento": 0.27,
            "IVA": 19
        },
        {
            "codigo": "mdBnvTWp0T",
            "total": 6,
            "valor_unitario": 583769,
            "descuento": 0.02,
            "IVA": 0
        },
        {
            "codigo": "QsZ7yt6QxE",
            "total": 1,
            "valor_unitario": 918454,
            "descuento": 0.19,
            "IVA": 5
        },
        {
            "codigo": "71kGpTXBYN",
            "total": 2,
            "valor_unitario": 453198,
            "descuento": 0.43,
            "IVA": 19
        },
        {
            "codigo": "oUwTgn2otb",
            "total": 7,
            "valor_unitario": 397648,
            "descuento": 0.05,
            "IVA": 0
        },
        {
            "codigo": "MMCD2pI6mX",
            "total": 17,
            "valor_unitario": 570669,
            "descuento": 0.32,
            "IVA": 5
        },
        {
            "codigo": "pvzJSpXvUD",
            "total": 6,
            "valor_unitario": 852862,
            "descuento": 0.13,
            "IVA": 5
        },
        {
            "codigo": "DJOPoxL8gV",
            "total": 4,
            "valor_unitario": 170904,
            "descuento": 0.45,
            "IVA": 5
        }
    ]
}