{
    "empresa_nit": "789526431",
    "empresa_ciudad": "BOGOTA",
    "empresa_sede": "plaza",
    "empresa_nombre": "Supermercado Central",
    "fecha_hora": "2023-01-18 08:00:14",
    "factura_num": "00130",
    "ciente_numero": 772171671,
    "pago_tipo": "TAR.CREDITO",
    "productos": [
        {
            "codigo": "5UwBFR1pnB",
            "total": 19,
            "valor_unitario": 777027,
            "descuento": 0.09,
            "IVA": 19
        },
        {
            "codigo": "VOvJz1su5W",
            "total": 20,
            "valor_unitario": 761505,
            "descuento": 0.36,
            "IVA": 5
        },
        {
            "codigo": "UtbjAVxUTx",
            "total": 2,
            "valor_unitario": 947799,
            "descuento": 0.38,
            "IVA": 0
        },
        {
            "codigo": "YZbjL0esIf",
            "total": 19,
            "valor_unitario": 447715,
            "descuento": 0.12,
            "IVA": 19
        },
        {
            "codigo": "DrnDHEsEDe",
            "total": 1,
            "valor_unitario": 405495,
            "descuento": 0.26,
            "IVA": 0
        },
        {
            "codigo": "PkOY8E7QPF",
            "total": 16,
            "valor_unitario": 513794,
            "descuento": 0.41,
            "IVA": 0
        },
        {
            "codigo": "9Xtp7STS0s",
            "total": 16,
            "valor_unitario": 852518,
            "descuento": 0.37,
            "IVA": 19
        },
        {
            "codigo": "JFfEReKTe3",
            "total": 17,
            "valor_unitario": 797513,
            "descuento": 0.05,
            "IVA": 5
        },
        {
            "codigo": "iuYaV63Jk9",
            "total": 4,
            "valor_unitario": 503339,
            "descuento": 0.31,
            "IVA": 5
        },
        {
            "codigo": "mf8iT8NGgT",
            "total": 15,
            "valor_unitario": 795530,
            "descuento": 0.48,
            "IVA": 5
        },
        {
            "codigo": "ZaTADSmByh",
            "total": 13,
            "valor_unitario": 660436,
            "descuento": 0.12,
            "IVA": 5
        },
        {
            "codigo": "Wb2MddYrji",
            "total": 3,
            "valor_unitario": 323561,
            "descuento": 0.18,
            "IVA": 19
        },
        {
            "codigo": "jip0qQXwCo",
            "total": 17,
            "valor_unitario": 945189,
            "descuento": 0.23,
            "IVA": 0
        },
        {
            "codigo": "3wBGObiJpL",
            "total": 13,
            "valor_unitario": 853841,
            "descuento": 0.32,
            "IVA": 5
        },
        {
            "codigo": "iHh8ZMpOPf",
            "total": 20,
            "valor_unitario": 72059,
            "descuento": 0.06,
            "IVA": 0
        }
    ]
}