{
    "empresa_nit": "789526431",
    "empresa_ciudad": "BARRANQUILLA",
    "empresa_sede": "terminal",
    "empresa_nombre": "Supermercado Central",
    "fecha_hora": "2021-11-23 09:15:04",
    "factura_num": "01025",
    "ciente_numero": 543903214,
    "pago_tipo": "TAR.CREDITO",
    "productos": [
        {
            "codigo": "44OooKTnsZ",
            "total": 20,
            "valor_unitario": 922428,
            "descuento": 0.23,
            "IVA": 5
        },
        {
            "codigo": "YC74d22qPh",
            "total": 11,
            "valor_unitario": 122486,
            "descuento": 0.08,
            "IVA": 0
        },
        {
            "codigo": "Vy87aLsyOc",
            "total": 8,
            "valor_unitario": 159069,
            "descuento": 0.48,
            "IVA": 19
        },
        {
            "codigo": "5vc6zwvx9j",
            "total": 8,
            "valor_unitario": 183986,
            "descuento": 0.28,
            "IVA": 5
        },
        {
            "codigo": "syl3A9yhRc",
            "total": 15,
            "valor_unitario": 780405,
            "descuento": 0.26,
            "IVA": 0
        },
        {
            "codigo": "XvVhiCLpuX",
            "total": 1,
            "valor_unitario": 377759,
            "descuento": 0.19,
            "IVA": 0
        },
        {
            "codigo": "kalkvKa1MI",
            "total": 5,
            "valor_unitario": 406574,
            "descuento": 0.3,
            "IVA": 0
        },
        {
            "codigo": "A3TIn4KBMk",
            "total": 10,
            "valor_unitario": 66264,
            "descuento": 0.37,
            "IVA": 19
        },
        {
            "codigo": "PyiUdqGnsC",
            "total": 5,
            "valor_unitario": 789880,
            "descuento": 0.27,
            "IVA": 5
        },
        {
            "codigo": "ScPdDUA58a",
            "total": 20,
            "valor_unitario": 164574,
            "descuento": 0.27,
            "IVA": 19
        },
        {
            "codigo": "k9pRgsY0RO",
            "total": 5,
            "valor_unitario": 656485,
            "descuento": 0.44,
            "IVA": 5
        },
        {
            "codigo": "y1yEOy4qrG",
            "total": 5,
            "valor_unitario": 938900,
            "descuento": 0.09,
            "IVA": 5
        },
        {
            "codigo": "3upfG25GJM",
            "total": 14,
            "valor_unitario": 607387,
            "descuento": 0.3,
            "IVA": 0
        }
    ]
}