{
    "empresa_nit": "789526431",
    "empresa_ciudad": "CALI",
    "empresa_sede": "autopista",
    "empresa_nombre": "Supermercado Central",
    "fecha_hora": "2025-01-31 23:38:40",
    "factura_num": "01109",
    "ciente_numero": 815688754,
    "pago_tipo": "TRANFERENCIA",
    "productos": [
        {
            "codigo": "x7RWvnlG6b",
            "total": 11,
            "valor_unitario": 795107,
            "descuento": 0.01,
            "IVA": 0
        },
        {
            "codigo": "1EwdA277WR",
            "total": 11,
            "valor_unitario": 36749,
            "descuento": 0.47,
            "IVA": 19
        }
    ]
}