{
    "empresa_nit": "789526431",
    "empresa_ciudad": "BOGOTA",
    "empresa_sede": "plaza",
    "empresa_nombre": "Supermercado Central",
    "fecha_hora": "2025-01-05 01:50:30",
    "factura_num": "01353",
    "ciente_numero": 148239902,
    "pago_tipo": "TRANFERENCIA",
    "productos": [
        {
            "codigo": "mnLgWuVhmU",
            "total": 12,
            "valor_unitario": 701066,
            "descuento": 0.46,
            "IVA": 19
        },
        {
            "codigo": "0PNmX6OSGG",
            "total": 8,
            "valor_unitario": 799269,
            "descuento": 0.37,
            "IVA": 5
        },
        {
            "codigo": "LBFY37QIVv",
            "total": 18,
            "valor_unitario": 28469,
            "descuento": 0.24,
            "IVA": 0
        },
        {
            "codigo": "hvZoOC2SEm",
            "total": 17,
            "valor_unitario": 379912,
            "descuento": 0.44,
            "IVA": 0
        },
        {
            "codigo": "mWpT1TDX54",
            "total": 4,
            "valor_unitario": 662818,
            "descuento": 0.14,
            "IVA": 0
        }
    ]
}