{
    "empresa_nit": "789526431",
    "empresa_ciudad": "CALI",
    "empresa_sede": "terminal",
    "empresa_nombre": "Supermercado Central",
    "fecha_hora": "2025-03-08 16:46:49",
    "factura_num": "01040",
    "ciente_numero": 837229633,
    "pago_tipo": "TRANFERENCIA",
    "productos": [
        {
            "codigo": "ZmqFUxKazt",
            "total": 16,
            "valor_unitario": 993981,
            "descuento": 0.29,
            "IVA": 5
        },
        {
            "codigo": "r6BV9yCIy1",
            "total": 14,
            "valor_unitario": 490432,
            "descuento": 0.47,
            "IVA": 5
        },
        {
            "codigo": "L1Ouk3XqV3",
            "total": 14,
            "valor_unitario": 617844,
            "descuento": 0.4,
            "IVA": 19
        },
        {
            "codigo": "9PUbCq8I2E",
            "total": 9,
            "valor_unitario": 871809,
            "descuento": 0.04,
            "IVA": 0
        },
        {
            "codigo": "89p7Rq4QQp",
            "total": 12,
            "valor_unitario": 79784,
            "descuento": 0.11,
            "IVA": 19
        },
        {
            "codigo": "yDlAUTs3Lu",
            "total": 11,
            "valor_unitario": 667977,
            "descuento": 0.32,
            "IVA": 5
        },
        {
            "codigo": "R41EG88dPF",
            "total": 11,
            "valor_unitario": 83166,
            "descuento": 0.05,
            "IVA": 5
        }
    ]
}