{
    "empresa_nit": "789526431",
    "empresa_ciudad": "MEDELLIN",
    "empresa_sede": "autopista",
    "empresa_nombre": "Supermercado Central",
    "fecha_hora": "2023-04-28 12:41:50",
    "factura_num": "01176",
    "ciente_numero": 761583557,
    "pago_tipo": "TAR.CREDITO",
    "productos": [
        {
            "codigo": "YwXeHaYTjv",
            "total": 12,
            "valor_unitario": 204143,
            "descuento": 0.05,
            "IVA": 5
        },
        {
            "codigo": "l9hLwOHaN8",
            "total": 19,
            "valor_unitario": 407262,
            "descuento": 0.28,
            "IVA": 19
        },
        {
            "codigo": "eipUIt6JdW",
            "total": 3,
            "valor_unitario": 115896,
            "descuento": 0.1,
            "IVA": 5
        },
        {
            "codigo": "rRDbTJ9E2p",
            "total": 2,
            "valor_unitario": 730056,
            "descuento": 0.41,
            "IVA": 0
        },
        {
            "codigo": "3xEE9JQTlG",
            "total": 14,
            "valor_unitario": 758405,
            "descuento": 0.36,
            "IVA": 0
        },
        {
            "codigo": "VhrVkFkXgX",
            "total": 1,
            "valor_unitario": 816004,
            "descuento": 0.15,
            "IVA": 19
        },
        {
            "codigo": "dWXeCLrVCD",
            "total": 9,
            "valor_unitario": 221048,
            "descuento": 0.33,
            "IVA": 0
        },
        {
            "codigo": "7okJheFX0Q",
            "total": 1,
            "valor_unitario": 68666,
            "descuento": 0.11,
            "IVA": 0
        },
        {
            "codigo": "6Ygsrmtwsh",
            "total": 4,
            "valor_unitario": 340201,
            "descuento": 0.27,
            "IVA": 5
        },
        {
            "codigo": "f8LA3VW6fT",
            "total": 3,
            "valor_unitario": 127020,
            "descuento": 0.27,
            "IVA": 0
        },
        {
            "codigo": "SJNXr0Rztt",
            "total": 8,
            "valor_unitario": 140356,
            "descuento": 0.49,
            "IVA": 19
        },
        {
            "codigo": "tdkSyxDAd4",
            "total": 10,
            "valor_unitario": 545300,
            "descuento": 0.08,
            "IVA": 0
        },
        {
            "codigo": "vcvo4YFATy",
            "total": 6,
            "valor_unitario": 242910,
            "descuento": 0.33,
            "IVA": 5
        },
        {
            "codigo": "gcdR4i5Y1K",
            "total": 9,
            "valor_unitario": 71757,
            "descuento": 0.22,
            "IVA": 19
        },
        {
            "codigo": "deYk643g7r",
            "total": 8,
            "valor_unitario": 942502,
            "descuento": 0.02,
            "IVA": 0
        },
        {
            "codigo": "C1hpZ6DMoe",
            "total": 2,
            "valor_unitario": 872119,
            "descuento": 0.21,
            "IVA": 0
        },
        {
            "codigo": "osIBiPpQUH",
            "total": 4,
            "valor_unitario": 315288,
            "descuento": 0.16,
            "IVA": 0
        },
        {
            "codigo": "3uxwRgJPqh",
            "total": 14,
            "valor_unitario": 635086,
            "descuento": 0.45,
            "IVA": 5
        },
        {
            "codigo": "OJjuezuugU",
            "total": 10,
            "valor_unitario": 296923,
            "descuento": 0.43,
            "IVA": 0
        }
    ]
}