{
    "empresa_nit": "789526431",
    "empresa_ciudad": "TUNJA",
    "empresa_sede": "autopista",
    "empresa_nombre": "Supermercado Central",
    "fecha_hora": "2024-07-06 07:32:40",
    "factura_num": "01311",
    "ciente_numero": 528067005,
    "pago_tipo": "EFECTIVO",
    "productos": [
        {
            "codigo": "jXJmhhFrF0",
            "total": 5,
            "valor_unitario": 770832,
            "descuento": 0.28,
            "IVA": 0
        },
        {
            "codigo": "IdQdG04vFq",
            "total": 18,
            "valor_unitario": 190412,
            "descuento": 0.27,
            "IVA": 0
        },
        {
            "codigo": "ElX7hAVUVd",
            "total": 16,
            "valor_unitario": 455334,
            "descuento": 0.25,
            "IVA": 0
        },
        {
            "codigo": "HhepnAEkPS",
            "total": 9,
            "valor_unitario": 749839,
            "descuento": 0.03,
            "IVA": 19
        },
        {
            "codigo": "tuSny3JY1h",
            "total": 5,
            "valor_unitario": 636830,
            "descuento": 0.02,
            "IVA": 5
        },
        {
            "codigo": "gtu7mrB2Sn",
            "total": 14,
            "valor_unitario": 693162,
            "descuento": 0.03,
            "IVA": 19
        },
        {
            "codigo": "jEB0Y3Cocu",
            "total": 10,
            "valor_unitario": 549383,
            "descuento": 0.21,
            "IVA": 5
        },
        {
            "codigo": "viAk3qzOnq",
            "total": 3,
            "valor_unitario": 270554,
            "descuento": 0.04,
            "IVA": 19
        },
        {
            "codigo": "tIvCZKxRd6",
            "total": 19,
            "valor_unitario": 538562,
            "descuento": 0.28,
            "IVA": 0
        }
    ]
}