{
    "empresa_nit": "789526431",
    "empresa_ciudad": "CALI",
    "empresa_sede": "centro",
    "empresa_nombre": "Supermercado Central",
    "fecha_hora": "2023-07-23 21:28:51",
    "factura_num": "01098",
    "ciente_numero": 847152839,
    "pago_tipo": "TAR.DEBITO",
    "productos": [
        {
            "codigo": "NHdCPXIK4Q",
            "total": 9,
            "valor_unitario": 765394,
            "descuento": 0.21,
            "IVA": 0
        },
        {
            "codigo": "GtEia8dXVL",
            "total": 13,
            "valor_unitario": 134665,
            "descuento": 0.34,
            "IVA": 0
        },
        {
            "codigo": "jxIYGzL67j",
            "total": 12,
            "valor_unitario": 202358,
            "descuento": 0.0,
            "IVA": 5
        },
        {
            "codigo": "vjw5OIlM3k",
            "total": 11,
            "valor_unitario": 799655,
            "descuento": 0.06,
            "IVA": 19
        }
    ]
}