{
    "empresa_nit": "789526431",
    "empresa_ciudad": "BOGOTA",
    "empresa_sede": "centro",
    "empresa_nombre": "Supermercado Central",
    "fecha_hora": "2020-12-05 12:56:13",
    "factura_num": "01022",
    "ciente_numero": 219713302,
    "pago_tipo": "EFECTIVO",
    "productos": [
        {
            "codigo": "u6Qi30DZsq",
            "total": 9,
            "valor_unitario": 166029,
            "descuento": 0.01,
            "IVA": 5
        },
        {
            "codigo": "CECTIuwoGm",
            "total": 2,
            "valor_unitario": 831318,
            "descuento": 0.49,
            "IVA": 5
        },
        {
            "codigo": "80Xo9hUtq4",
            "total": 7,
            "valor_unitario": 544645,
            "descuento": 0.4,
            "IVA": 5
        },
        {
            "codigo": "2zINKktoPv",
            "total": 12,
            "valor_unitario": 236732,
            "descuento": 0.12,
            "IVA": 0
        },
        {
            "codigo": "3Z4M9yULMx",
            "total": 19,
            "valor_unitario": 423765,
            "descuento": 0.39,
            "IVA": 5
        },
        {
            "codigo": "i0qiYYiBT6",
            "total": 2,
            "valor_unitario": 452367,
            "descuento": 0.11,
            "IVA": 19
        },
        {
            "codigo": "KE0D2LHXup",
            "total": 13,
            "valor_unitario": 926734,
            "descuento": 0.3,
            "IVA": 19
        },
        {
            "codigo": "m5FehFhR7O",
            "total": 12,
            "valor_unitario": 501305,
            "descuento": 0.48,
            "IVA": 5
        },
        {
            "codigo": "Hf4bpPRZ7g",
            "total": 13,
            "valor_unitario": 223168,
            "descuento": 0.22,
            "IVA": 19
        },
        {
            "codigo": "VQzeQrBQcA",
            "total": 11,
            "valor_unitario": 798600,
            "descuento": 0.28,
            "IVA": 0
        },
        {
            "codigo": "lSqekPV88w",
            "total": 15,
            "valor_unitario": 958957,
            "descuento": 0.21,
            "IVA": 19
        },
        {
            "codigo": "ZMPidOPc8n",
            "total": 17,
            "valor_unitario": 497730,
            "descuento": 0.48,
            "IVA": 5
        },
        {
            "codigo": "BYZRU28oNj",
            "total": 12,
            "valor_unitario": 773925,
            "descuento": 0.49,
            "IVA": 5
        },
        {
            "codigo": "h2UbJTAHj0",
            "total": 18,
            "valor_unitario": 211530,
            "descuento": 0.17,
            "IVA": 5
        }
    ]
}