{
    "empresa_nit": "789526431",
    "empresa_ciudad": "BARRANQUILLA",
    "empresa_sede": "plaza",
    "empresa_nombre": "Supermercado Central",
    "fecha_hora": "2024-06-10 10:49:50",
    "factura_num": "01366",
    "ciente_numero": 709738454,
    "pago_tipo": "TAR.DEBITO",
    "productos": [
        {
            "codigo": "qSEvFzbqqZ",
            "total": 13,
            "valor_unitario": 435997,
            "descuento": 0.3,
            "IVA": 5
        },
        {
            "codigo": "vSZXjqePDX",
            "total": 14,
            "valor_unitario": 643027,
            "descuento": 0.03,
            "IVA": 5
        },
        {
            "codigo": "CRqcenJufs",
            "total": 13,
            "valor_unitario": 273787,
            "descuento": 0.18,
            "IVA": 19
        },
        {
            "codigo": "mM6XyHEUbt",
            "total": 17,
            "valor_unitario": 753429,
            "descuento": 0.37,
            "IVA": 19
        },
        {
            "codigo": "BVF4T2vZvo",
            "total": 13,
            "valor_unitario": 480822,
            "descuento": 0.22,
            "IVA": 19
        },
        {
            "codigo": "plkJEwcyVW",
            "total": 20,
            "valor_unitario": 818512,
            "descuento": 0.35,
            "IVA": 5
        },
        {
            "codigo": "pyY1iZcb2v",
            "total": 7,
            "valor_unitario": 429916,
            "descuento": 0.36,
            "IVA": 5
        }
    ]
}