{
    "empresa_nit": "789526431",
    "empresa_ciudad": "CALI",
    "empresa_sede": "plaza",
    "empresa_nombre": "Supermercado Central",
    "fecha_hora": "2023-12-04 15:31:25",
    "factura_num": "00122",
    "ciente_numero": 106178617,
    "pago_tipo": "TAR.DEBITO",
    "productos": [
        {
            "codigo": "9xhbh8msTG",
            "total": 15,
            "valor_unitario": 746941,
            "descuento": 0.49,
            "IVA": 19
        },
        {
            "codigo": "X8MrsXcK0T",
            "total": 6,
            "valor_unitario": 710155,
            "descuento": 0.06,
            "IVA": 0
        },
        {
            "codigo": "QiCyYoxoWi",
            "total": 3,
            "valor_unitario": 481150,
            "descuento": 0.14,
            "IVA": 0
        },
        {
            "codigo": "w1ZoItFT4p",
            "total": 10,
            "valor_unitario": 968317,
            "descuento": 0.35,
            "IVA": 19
        },
        {
            "codigo": "Gs1oukVKmX",
            "total": 4,
            "valor_unitario": 354912,
            "descuento": 0.3,
            "IVA": 5
        }
    ]
}