{
    "empresa_nit": "789526431",
    "empresa_ciudad": "BOGOTA",
    "empresa_sede": "centro",
    "empresa_nombre": "Supermercado Central",
    "fecha_hora": "2021-07-31 00:11:22",
    "factura_num": "01360",
    "ciente_numero": 171748433,
    "pago_tipo": "TRANFERENCIA",
    "productos": [
        {
            "codigo": "hDavaLLxPI",
            "total": 13,
            "valor_unitario": 273266,
            "descuento": 0.07,
            "IVA": 5
        },
        {
            "codigo": "cFHgKedFEM",
            "total": 9,
            "valor_unitario": 433922,
            "descuento": 0.45,
            "IVA": 19
        },
        {
            "codigo": "I46HxzFiDm",
            "total": 7,
            "valor_unitario": 748745,
            "descuento": 0.46,
            "IVA": 0
        },
        {
            "codigo": "FOpKW3eWWj",
            "total": 13,
            "valor_unitario": 63371,
            "descuento": 0.35,
            "IVA": 19
        },
        {
            "codigo": "BNmEBb9sQr",
            "total": 14,
            "valor_unitario": 251928,
            "descuento": 0.41,
            "IVA": 5
        },
        {
            "codigo": "zGBZs9wx4Y",
            "total": 13,
            "valor_unitario": 474245,
            "descuento": 0.33,
            "IVA": 0
        },
        {
            "codigo": "dTdBEnfLjW",
            "total": 13,
            "valor_unitario": 645006,
            "descuento": 0.24,
            "IVA": 19
        },
        {
            "codigo": "zznZxoa2VR",
            "total": 13,
            "valor_unitario": 940889,
            "descuento": 0.09,
            "IVA": 5
        },
        {
            "codigo": "seEc4eWHML",
            "total": 3,
            "valor_unitario": 702659,
            "descuento": 0.06,
            "IVA": 5
        },
        {
            "codigo": "RqxZl0NOlG",
            "total": 2,
            "valor_unitario": 635174,
            "descuento": 0.08,
            "IVA": 19
        }
    ]
}