{
    "empresa_nit": "789526431",
    "empresa_ciudad": "MEDELLIN",
    "empresa_sede": "alcaldia",
    "empresa_nombre": "Supermercado Central",
    "fecha_hora": "2021-08-09 22:45:26",
    "factura_num": "01003",
    "ciente_numero": 783494059,
    "pago_tipo": "TAR.CREDITO",
    "productos": [
        {
            "codigo": "U1LWi9X5tH",
            "total": 14,
            "valor_unitario": 330195,
            "descuento": 0.39,
            "IVA": 19
        },
        {
            "codigo": "TJyiJs6WTJ",
            "total": 6,
            "valor_unitario": 975910,
            "descuento": 0.35,
            "IVA": 5
        },
        {
            "codigo": "OPSiK3BsnK",
            "total": 4,
            "valor_unitario": 254309,
            "descuento": 0.28,
            "IVA": 19
        },
        {
            "codigo": "GSam1PPtrz",
            "total": 11,
            "valor_unitario": 215328,
            "descuento": 0.02,
            "IVA": 5
        },
        {
            "codigo": "tyofCeCS5F",
            "total": 5,
            "valor_unitario": 193731,
            "descuento": 0.41,
            "IVA": 19
        },
        {
            "codigo": "lz0sy81K7a",
            "total": 5,
            "valor_unitario": 170038,
            "descuento": 0.07,
            "IVA": 0
        },
        {
            "codigo": "XZJ5VPBpBN",
            "total": 3,
            "valor_unitario": 536090,
            "descuento": 0.0,
            "IVA": 0
        },
        {
            "codigo": "vMMkSspTKv",
            "total": 4,
            "valor_unitario": 121221,
            "descuento": 0.13,
            "IVA": 0
        },
        {
            "codigo": "oqHoctVSjd",
            "total": 5,
            "valor_unitario": 621976,
            "descuento": 0.37,
            "IVA": 5
        },
        {
            "codigo": "mrGKQJU2rE",
            "total": 8,
            "valor_unitario": 761045,
            "descuento": 0.22,
            "IVA": 5
        },
        {
            "codigo": "uI6HIXIN37",
            "total": 7,
            "valor_unitario": 988283,
            "descuento": 0.15,
            "IVA": 5
        },
        {
            "codigo": "BHMeXcHTDs",
            "total": 9,
            "valor_unitario": 66266,
            "descuento": 0.4,
            "IVA": 0
        },
        {
            "codigo": "8hNmmkZXNn",
            "total": 9,
            "valor_unitario": 851927,
            "descuento": 0.37,
            "IVA": 0
        },
        {
            "codigo": "NsJb8pCYju",
            "total": 12,
            "valor_unitario": 646789,
            "descuento": 0.3,
            "IVA": 0
        },
        {
            "codigo": "jI8gaIDYKb",
            "total": 17,
            "valor_unitario": 526903,
            "descuento": 0.37,
            "IVA": 19
        },
        {
            "codigo": "iEjRLRueKg",
            "total": 15,
            "valor_unitario": 752625,
            "descuento": 0.1,
            "IVA": 0
        },
        {
            "codigo": "YEx4c0xP4u",
            "total": 1,
            "valor_unitario": 773192,
            "descuento": 0.26,
            "IVA": 0
        },
        {
            "codigo": "E7RYj4iZ6u",
            "total": 5,
            "valor_unitario": 773172,
            "descuento": 0.35,
            "IVA": 5
        }
    ]
}