{
    "empresa_nit": "789526431",
    "empresa_ciudad": "CALI",
    "empresa_sede": "alcaldia",
    "empresa_nombre": "Supermercado Central",
    "fecha_hora": "2024-11-28 14:16:36",
    "factura_num": "00141",
    "ciente_numero": 258431873,
    "pago_tipo": "TAR.CREDITO",
    "productos": [
        {
            "codigo": "jYyGSbJhHn",
            "total": 17,
            "valor_unitario": 804770,
            "descuento": 0.07,
            "IVA": 5
        },
        {
            "codigo": "g5k2WJBxn8",
            "total": 19,
            "valor_unitario": 83252,
            "descuento": 0.36,
            "IVA": 0
        },
        {
            "codigo": "TdWe2ZqM9J",
            "total": 3,
            "valor_unitario": 852627,
            "descuento": 0.45,
            "IVA": 0
        },
        {
            "codigo": "9BGRX31Xm9",
            "total": 8,
            "valor_unitario": 652681,
            "descuento": 0.46,
            "IVA": 0
        },
        {
            "codigo": "aRFSlZcBA9",
            "total": 6,
            "valor_unitario": 324121,
            "descuento": 0.31,
            "IVA": 5
        },
        {
            "codigo": "IFjq0XZTFc",
            "total": 4,
            "valor_unitario": 969557,
            "descuento": 0.02,
            "IVA": 19
        }
    ]
}