{
    "empresa_nit": "789526431",
    "empresa_ciudad": "MEDELLIN",
    "empresa_sede": "plaza",
    "empresa_nombre": "Supermercado Central",
    "fecha_hora": "2020-03-31 06:54:35",
    "factura_num": "01403",
    "ciente_numero": 691954521,
    "pago_tipo": "EFECTIVO",
    "productos": [
        {
            "codigo": "4vu0Ej4bYT",
            "total": 16,
            "valor_unitario": 618795,
            "descuento": 0.17,
            "IVA": 5
        },
        {
            "codigo": "eQfjHXD7Za",
            "total": 17,
            "valor_unitario": 587065,
            "descuento": 0.13,
            "IVA": 0
        },
        {
            "codigo": "QJpMszqadK",
            "total": 5,
            "valor_unitario": 972675,
            "descuento": 0.42,
            "IVA": 19
        },
        {
            "codigo": "xYEPgylQKC",
            "total": 2,
            "valor_unitario": 755377,
            "descuento": 0.26,
            "IVA": 19
        },
        {
            "codigo": "WkGPKRrfjb",
            "total": 15,
            "valor_unitario": 814243,
            "descuento": 0.22,
            "IVA": 5
        },
        {
            "codigo": "taogaZKXMO",
            "total": 7,
            "valor_unitario": 223565,
            "descuento": 0.4,
            "IVA": 0
        },
        {
            "codigo": "8SguyV7SEV",
            "total": 19,
            "valor_unitario": 723828,
            "descuento": 0.28,
            "IVA": 0
        }
    ]
}