{
    "empresa_nit": "789526431",
    "empresa_ciudad": "CALI",
    "empresa_sede": "centro",
    "empresa_nombre": "Supermercado Central",
    "fecha_hora": "2021-12-25 00:12:40",
    "factura_num": "01001",
    "ciente_numero": 778402913,
    "pago_tipo": "TAR.CREDITO",
    "productos": [
        {
            "codigo": "JiPE9eEsLA",
            "total": 17,
            "valor_unitario": 49508,
            "descuento": 0.07,
            "IVA": 19
        },
        {
            "codigo": "SKCaD0MLdp",
            "total": 13,
            "valor_unitario": 79541,
            "descuento": 0.03,
            "IVA": 19
        },
        {
            "codigo": "PbFTZmpbtP",
            "total": 17,
            "valor_unitario": 706362,
            "descuento": 0.26,
            "IVA": 0
        },
        {
            "codigo": "6KpyAV5CaV",
            "total": 10,
            "valor_unitario": 833692,
            "descuento": 0.14,
            "IVA": 5
        },
        {
            "codigo": "3uNxNU4U1h",
            "total": 13,
            "valor_unitario": 519792,
            "descuento": 0.22,
            "IVA": 0
        },
        {
            "codigo": "Tit9MbM2Ab",
            "total": 13,
            "valor_unitario": 996586,
            "descuento": 0.38,
            "IVA": 5
        },
        {
            "codigo": "R8QCe4SOxp",
            "total": 5,
            "valor_unitario": 880559,
            "descuento": 0.25,
            "IVA": 5
        }
    ]
}