{
    "empresa_nit": "789526431",
    "empresa_ciudad": "BOGOTA",
    "empresa_sede": "terminal",
    "empresa_nombre": "Supermercado Central",
    "fecha_hora": "2021-11-05 07:49:36",
    "factura_num": "01310",
    "ciente_numero": 634185066,
    "pago_tipo": "EFECTIVO",
    "productos": [
        {
            "codigo": "8Df0644Qt1",
            "total": 15,
            "valor_unitario": 596502,
            "descuento": 0.06,
            "IVA": 5
        },
        {
            "codigo": "I95aj4MIhD",
            "total": 17,
            "valor_unitario": 247205,
            "descuento": 0.48,
            "IVA": 19
        },
        {
            "codigo": "mnuaOx35HD",
            "total": 7,
            "valor_unitario": 834601,
            "descuento": 0.34,
            "IVA": 19
        },
        {
            "codigo": "cwKeJP1Cwu",
            "total": 2,
            "valor_unitario": 564053,
            "descuento": 0.34,
            "IVA": 0
        }
    ]
}