{
    "empresa_nit": "789526431",
    "empresa_ciudad": "MEDELLIN",
    "empresa_sede": "plaza",
    "empresa_nombre": "Supermercado Central",
    "fecha_hora": "2021-04-14 10:46:51",
    "factura_num": "01031",
    "ciente_numero": 148451911,
    "pago_tipo": "EFECTIVO",
    "productos": [
        {
            "codigo": "EfVFmXERMm",
            "total": 10,
            "valor_unitario": 274084,
            "descuento": 0.13,
            "IVA": 19
        },
        {
            "codigo": "5i5YOi8TYX",
            "total": 16,
            "valor_unitario": 960042,
            "descuento": 0.41,
            "IVA": 19
        },
        {
            "codigo": "N1vwLkCGfK",
            "total": 2,
            "valor_unitario": 763369,
            "descuento": 0.39,
            "IVA": 5
        },
        {
            "codigo": "hm85JQKMAK",
            "total": 11,
            "valor_unitario": 215116,
            "descuento": 0.5,
            "IVA": 0
        },
        {
            "codigo": "kKhh8ApuBr",
            "total": 14,
            "valor_unitario": 998255,
            "descuento": 0.34,
            "IVA": 0
        },
        {
            "codigo": "8S5mmyZHHj",
            "total": 13,
            "valor_unitario": 409658,
            "descuento": 0.28,
            "IVA": 0
        },
        {
            "codigo": "UCMf5IzKiz",
            "total": 7,
            "valor_unitario": 913888,
            "descuento": 0.23,
            "IVA": 0
        },
        {
            "codigo": "UVcaAgDeUS",
            "total": 2,
            "valor_unitario": 384054,
            "descuento": 0.43,
            "IVA": 5
        },
        {
            "codigo": "wz5bonbwQg",
            "total": 9,
            "valor_unitario": 101487,
            "descuento": 0.04,
            "IVA": 19
        },
        {
            "codigo": "uFLDMiENEI",
            "total": 8,
            "valor_unitario": 245681,
            "descuento": 0.28,
            "IVA": 0
        },
        {
            "codigo": "fg3qKGYWYS",
            "total": 17,
            "valor_unitario": 41715,
            "descuento": 0.43,
            "IVA": 0
        },
        {
            "codigo": "MdSg0sN6gY",
            "total": 4,
            "valor_unitario": 434987,
            "descuento": 0.1,
            "IVA": 5
        },
        {
            "codigo": "vqi19Cn0M1",
            "total": 3,
            "valor_unitario": 629270,
            "descuento": 0.21,
            "IVA": 5
        },
        {
            "codigo": "er1BQixUxQ",
            "total": 4,
            "valor_unitario": 662203,
            "descuento": 0.23,
            "IVA": 19
        },
        {
            "codigo": "2NgTHh5Hnm",
            "total": 8,
            "valor_unitario": 799207,
            "descuento": 0.13,
            "IVA": 0
        },
        {
            "codigo": "yh1BF8a1r1",
            "total": 18,
            "valor_unitario": 93941,
            "descuento": 0.47,
            "IVA": 19
        },
        {
            "codigo": "ILwmX833Sy",
            "total": 5,
            "valor_unitario": 465766,
            "descuento": 0.18,
            "IVA": 5
        }
    ]
}