{
    "empresa_nit": "789526431",
    "empresa_ciudad": "CALI",
    "empresa_sede": "alcaldia",
    "empresa_nombre": "Supermercado Central",
    "fecha_hora": "2020-11-08 12:55:56",
    "factura_num": "01348",
    "ciente_numero": 237111338,
    "pago_tipo": "TRANFERENCIA",
    "productos": [
        {
            "codigo": "jwnl02sAUP",
            "total": 12,
            "valor_unitario": 268043,
            "descuento": 0.09,
            "IVA": 0
        },
        {
            "codigo": "OUyeiEhNSf",
            "total": 8,
            "valor_unitario": 281027,
            "descuento": 0.48,
            "IVA": 5
        },
        {
            "codigo": "FUzhAE21WX",
            "total": 17,
            "valor_unitario": 414517,
            "descuento": 0.5,
            "IVA": 0
        },
        {
            "codigo": "tUsr9Ean9i",
            "total": 9,
            "valor_unitario": 913792,
            "descuento": 0.29,
            "IVA": 19
        },
        {
            "codigo": "nXDLzIdpVn",
            "total": 3,
            "valor_unitario": 496446,
            "descuento": 0.49,
            "IVA": 0
        },
        {
            "codigo": "WHot3JhaJj",
            "total": 6,
            "valor_unitario": 295502,
            "descuento": 0.4,
            "IVA": 0
        },
        {
            "codigo": "XwwE7pjfrG",
            "total": 12,
            "valor_unitario": 538529,
            "descuento": 0.5,
            "IVA": 19
        },
        {
            "codigo": "pCPEKtXhWI",
            "total": 5,
            "valor_unitario": 93606,
            "descuento": 0.49,
            "IVA": 0
        },
        {
            "codigo": "odCR5CTmKq",
            "total": 9,
            "valor_unitario": 574965,
            "descuento": 0.36,
            "IVA": 5
        },
        {
            "codigo": "qz8ZW5qj4B",
            "total": 8,
            "valor_unitario": 34462,
            "descuento": 0.32,
            "IVA": 19
        },
        {
            "codigo": "pV2Qlww9Al",
            "total": 8,
            "valor_unitario": 238514,
            "descuento": 0.34,
            "IVA": 19
        },
        {
            "codigo": "C49N6nSNAd",
            "total": 12,
            "valor_unitario": 116799,
            "descuento": 0.49,
            "IVA": 5
        },
        {
            "codigo": "84mf4avgwc",
            "total": 7,
            "valor_unitario": 456205,
            "descuento": 0.1,
            "IVA": 5
        },
        {
            "codigo": "JA8RSOHxKA",
            "total": 15,
            "valor_unitario": 844847,
            "descuento": 0.13,
            "IVA": 5
        }
    ]
}