{
    "empresa_nit": "789526431",
    "empresa_ciudad": "TUNJA",
    "empresa_sede": "autopista",
    "empresa_nombre": "Supermercado Central",
    "fecha_hora": "2021-04-07 02:27:35",
    "factura_num": "00127",
    "ciente_numero": 93936558,
    "pago_tipo": "TAR.DEBITO",
    "productos": [
        {
            "codigo": "JdjPN4wqTU",
            "total": 16,
            "valor_unitario": 803253,
            "descuento": 0.18,
            "IVA": 0
        },
        {
            "codigo": "9JyDRMsg4Z",
            "total": 19,
            "valor_unitario": 218612,
            "descuento": 0.36,
            "IVA": 19
        },
        {
            "codigo": "4CyHwxJyM1",
            "total": 3,
            "valor_unitario": 669103,
            "descuento": 0.5,
            "IVA": 19
        },
        {
            "codigo": "6jhdkRC2D4",
            "total": 19,
            "valor_unitario": 951006,
            "descuento": 0.04,
            "IVA": 19
        },
        {
            "codigo": "pr8O7UReVv",
            "total": 18,
            "valor_unitario": 413075,
            "descuento": 0.41,
            "IVA": 19
        },
        {
            "codigo": "dNANLldksp",
            "total": 18,
            "valor_unitario": 101989,
            "descuento": 0.13,
            "IVA": 19
        },
        {
            "codigo": "rEeizr1Lbe",
            "total": 7,
            "valor_unitario": 808162,
            "descuento": 0.02,
            "IVA": 0
        },
        {
            "codigo": "pNacEp3pQL",
            "total": 18,
            "valor_unitario": 842163,
            "descuento": 0.22,
            "IVA": 5
        },
        {
            "codigo": "r6skthgqzh",
            "total": 13,
            "valor_unitario": 839371,
            "descuento": 0.42,
            "IVA": 19
        },
        {
            "codigo": "ffLKDed2l8",
            "total": 4,
            "valor_unitario": 213647,
            "descuento": 0.31,
            "IVA": 19
        },
        {
            "codigo": "kVuqaszO44",
            "total": 13,
            "valor_unitario": 65570,
            "descuento": 0.28,
            "IVA": 5
        },
        {
            "codigo": "Zvklcj023n",
            "total": 1,
            "valor_unitario": 119996,
            "descuento": 0.14,
            "IVA": 19
        },
        {
            "codigo": "LswR3SoSOO",
            "total": 12,
            "valor_unitario": 650360,
            "descuento": 0.04,
            "IVA": 19
        },
        {
            "codigo": "sZA2oBe1p2",
            "total": 5,
            "valor_unitario": 161182,
            "descuento": 0.23,
            "IVA": 0
        },
        {
            "codigo": "CRmr9fKtFx",
            "total": 1,
            "valor_unitario": 293698,
            "descuento": 0.23,
            "IVA": 19
        }
    ]
}