{
    "empresa_nit": "789526431",
    "empresa_ciudad": "BOGOTA",
    "empresa_sede": "plaza",
    "empresa_nombre": "Supermercado Central",
    "fecha_hora": "2023-06-29 00:02:53",
    "factura_num": "01034",
    "ciente_numero": 447314116,
    "pago_tipo": "TRANFERENCIA",
    "productos": [
        {
            "codigo": "FgJmCaGDRC",
            "total": 13,
            "valor_unitario": 568580,
            "descuento": 0.41,
            "IVA": 19
        },
        {
            "codigo": "0uomJmh4T1",
            "total": 10,
            "valor_unitario": 528270,
            "descuento": 0.14,
            "IVA": 19
        },
        {
            "codigo": "z22BUXTy9j",
            "total": 1,
            "valor_unitario": 637758,
            "descuento": 0.22,
            "IVA": 0
        },
        {
            "codigo": "GxgzBFi7B4",
            "total": 12,
            "valor_unitario": 277500,
            "descuento": 0.35,
            "IVA": 19
        }
    ]
}