{
    "empresa_nit": "789526431",
    "empresa_ciudad": "CALI",
    "empresa_sede": "terminal",
    "empresa_nombre": "Supermercado Central",
    "fecha_hora": "2023-02-24 18:20:48",
    "factura_num": "01377",
    "ciente_numero": 293598613,
    "pago_tipo": "EFECTIVO",
    "productos": [
        {
            "codigo": "fFL1VgGEmk",
            "total": 17,
            "valor_unitario": 142942,
            "descuento": 0.18,
            "IVA": 5
        },
        {
            "codigo": "uPolhr2XDb",
            "total": 11,
            "valor_unitario": 206065,
            "descuento": 0.35,
            "IVA": 19
        },
        {
            "codigo": "3PFJv2wqpu",
            "total": 18,
            "valor_unitario": 85957,
            "descuento": 0.16,
            "IVA": 19
        },
        {
            "codigo": "qMBcfSnptw",
            "total": 2,
            "valor_unitario": 844256,
            "descuento": 0.2,
            "IVA": 5
        },
        {
            "codigo": "C4oO7W93gb",
            "total": 10,
            "valor_unitario": 583479,
            "descuento": 0.26,
            "IVA": 0
        }
    ]
}