{
    "empresa_nit": "789526431",
    "empresa_ciudad": "TUNJA",
    "empresa_sede": "autopista",
    "empresa_nombre": "Supermercado Central",
    "fecha_hora": "2020-02-23 00:55:01",
    "factura_num": "00011",
    "ciente_numero": 878576780,
    "pago_tipo": "EFECTIVO",
    "productos": [
        {
            "codigo": "ra7E8M4Ykr",
            "total": 13,
            "valor_unitario": 678222,
            "descuento": 0.11,
            "IVA": 19
        },
        {
            "codigo": "8xNFtLqpy1",
            "total": 7,
            "valor_unitario": 633108,
            "descuento": 0.37,
            "IVA": 5
        },
        {
            "codigo": "TVClcPZ385",
            "total": 10,
            "valor_unitario": 645140,
            "descuento": 0.31,
            "IVA": 5
        },
        {
            "codigo": "LFOEdPbvOt",
            "total": 7,
            "valor_unitario": 971813,
            "descuento": 0.41,
            "IVA": 19
        },
        {
            "codigo": "wj9zDDNF65",
            "total": 14,
            "valor_unitario": 520787,
            "descuento": 0.33,
            "IVA": 5
        },
        {
            "codigo": "7PdjDFyybo",
            "total": 20,
            "valor_unitario": 50658,
            "descuento": 0.33,
            "IVA": 0
        },
        {
            "codigo": "aJSukpI8jv",
            "total": 7,
            "valor_unitario": 925886,
            "descuento": 0.4,
            "IVA": 19
        },
        {
            "codigo": "rZjKQvjXwc",
            "total": 5,
            "valor_unitario": 515629,
            "descuento": 0.1,
            "IVA": 5
        },
        {
            "codigo": "3aj6tKAQmU",
            "total": 13,
            "valor_unitario": 395646,
            "descuento": 0.08,
            "IVA": 0
        },
        {
            "codigo": "e15cebxK6u",
            "total": 9,
            "valor_unitario": 16379,
            "descuento": 0.12,
            "IVA": 19
        },
        {
            "codigo": "32GcEzLvLo",
            "total": 9,
            "valor_unitario": 554864,
            "descuento": 0.1,
            "IVA": 0
        },
        {
            "codigo": "P36jGNWrj6",
            "total": 9,
            "valor_unitario": 591737,
            "descuento": 0.12,
            "IVA": 5
        },
        {
            "codigo": "ValKfTrSSt",
            "total": 19,
            "valor_unitario": 299182,
            "descuento": 0.45,
            "IVA": 19
        },
        {
            "codigo": "aCbA7awP8t",
            "total": 9,
            "valor_unitario": 457261,
            "descuento": 0.23,
            "IVA": 0
        }
    ]
}