{
    "empresa_nit": "789526431",
    "empresa_ciudad": "TUNJA",
    "empresa_sede": "terminal",
    "empresa_nombre": "Supermercado Central",
    "fecha_hora": "2023-07-12 05:03:11",
    "factura_num": "01042",
    "ciente_numero": 205622147,
    "pago_tipo": "TRANFERENCIA",
    "productos": [
        {
            "codigo": "f7hFDUOqFg",
            "total": 13,
            "valor_unitario": 529417,
            "descuento": 0.34,
            "IVA": 5
        },
        {
            "codigo": "n1a4afRmsf",
            "total": 12,
            "valor_unitario": 787612,
            "descuento": 0.44,
            "IVA": 19
        },
        {
            "codigo": "pg4bojk4X2",
            "total": 7,
            "valor_unitario": 457434,
            "descuento": 0.29,
            "IVA": 5
        },
        {
            "codigo": "j9lJS6TfbL",
            "total": 6,
            "valor_unitario": 924487,
            "descuento": 0.33,
            "IVA": 19
        },
        {
            "codigo": "uxbjy8zdba",
            "total": 10,
            "valor_unitario": 724271,
            "descuento": 0.22,
            "IVA": 5
        },
        {
            "codigo": "OUs8MYOfuu",
            "total": 19,
            "valor_unitario": 831566,
            "descuento": 0.49,
            "IVA": 19
        },
        {
            "codigo": "fsxfHhPPgD",
            "total": 15,
            "valor_unitario": 871153,
            "descuento": 0.4,
            "IVA": 5
        },
        {
            "codigo": "ONAh7fibVH",
            "total": 15,
            "valor_unitario": 96745,
            "descuento": 0.2,
            "IVA": 19
        },
        {
            "codigo": "zxSmSx289p",
            "total": 17,
            "valor_unitario": 463729,
            "descuento": 0.02,
            "IVA": 5
        },
        {
            "codigo": "mB0UXh0XWv",
            "total": 2,
            "valor_unitario": 868694,
            "descuento": 0.27,
            "IVA": 0
        },
        {
            "codigo": "QlYYACQgWX",
            "total": 7,
            "valor_unitario": 692999,
            "descuento": 0.07,
            "IVA": 19
        },
        {
            "codigo": "J9jzyk4fsN",
            "total": 4,
            "valor_unitario": 183111,
            "descuento": 0.13,
            "IVA": 19
        },
        {
            "codigo": "3USWSS8uX8",
            "total": 10,
            "valor_unitario": 530274,
            "descuento": 0.33,
            "IVA": 19
        },
        {
            "codigo": "qhp9coBGab",
            "total": 10,
            "valor_unitario": 281311,
            "descuento": 0.05,
            "IVA": 5
        }
    ]
}