{
    "empresa_nit": "789526431",
    "empresa_ciudad": "BOGOTA",
    "empresa_sede": "aeropuerto",
    "empresa_nombre": "Supermercado Central",
    "fecha_hora": "2024-04-12 18:16:45",
    "factura_num": "01232",
    "ciente_numero": 604559615,
    "pago_tipo": "TRANFERENCIA",
    "productos": [
        {
            "codigo": "q7dYdibPun",
            "total": 10,
            "valor_unitario": 905195,
            "descuento": 0.26,
            "IVA": 0
        },
        {
            "codigo": "ULtIpc5Vgt",
            "total": 1,
            "valor_unitario": 895546,
            "descuento": 0.03,
            "IVA": 5
        }
    ]
}