{
    "empresa_nit": "789526431",
    "empresa_ciudad": "BOGOTA",
    "empresa_sede": "autopista",
    "empresa_nombre": "Supermercado Central",
    "fecha_hora": "2021-10-20 10:22:56",
    "factura_num": "01183",
    "ciente_numero": 142950779,
    "pago_tipo": "EFECTIVO",
    "productos": [
        {
            "codigo": "otaV8S0TX2",
            "total": 20,
            "valor_unitario": 379146,
            "descuento": 0.07,
            "IVA": 19
        },
        {
            "codigo": "3NPNU5HlBO",
            "total": 10,
            "valor_unitario": 570208,
            "descuento": 0.12,
            "IVA": 19
        },
        {
            "codigo": "Pg9m6dJAkN",
            "total": 11,
            "valor_unitario": 953546,
            "descuento": 0.08,
            "IVA": 5
        },
        {
            "codigo": "7RgMSklTcL",
            "total": 7,
            "valor_unitario": 967956,
            "descuento": 0.1,
            "IVA": 5
        },
        {
            "codigo": "PJrX46CgOE",
            "total": 16,
            "valor_unitario": 360626,
            "descuento": 0.25,
            "IVA": 19
        },
        {
            "codigo": "cudbCwtBhm",
            "total": 7,
            "valor_unitario": 468260,
            "descuento": 0.28,
            "IVA": 0
        },
        {
            "codigo": "3eAGiNhP9y",
            "total": 7,
            "valor_unitario": 503066,
            "descuento": 0.18,
            "IVA": 19
        },
        {
            "codigo": "n6IwtOyNLv",
            "total": 14,
            "valor_unitario": 934350,
            "descuento": 0.39,
            "IVA": 5
        }
    ]
}