{
    "empresa_nit": "789526431",
    "empresa_ciudad": "TUNJA",
    "empresa_sede": "aeropuerto",
    "empresa_nombre": "Supermercado Central",
    "fecha_hora": "2021-03-09 20:01:41",
    "factura_num": "01151",
    "ciente_numero": 480562245,
    "pago_tipo": "TAR.DEBITO",
    "productos": [
        {
            "codigo": "vZrowt3OME",
            "total": 8,
            "valor_unitario": 491536,
            "descuento": 0.18,
            "IVA": 5
        },
        {
            "codigo": "lhF67GPLWo",
            "total": 20,
            "valor_unitario": 748293,
            "descuento": 0.38,
            "IVA": 19
        },
        {
            "codigo": "1Iy1g8PgEJ",
            "total": 8,
            "valor_unitario": 757719,
            "descuento": 0.17,
            "IVA": 5
        },
        {
            "codigo": "s4i9gj7wl0",
            "total": 12,
            "valor_unitario": 705859,
            "descuento": 0.48,
            "IVA": 0
        },
        {
            "codigo": "MkoeLRUB69",
            "total": 6,
            "valor_unitario": 775803,
            "descuento": 0.44,
            "IVA": 0
        },
        {
            "codigo": "yGSX2kUmbX",
            "total": 5,
            "valor_unitario": 826347,
            "descuento": 0.13,
            "IVA": 0
        },
        {
            "codigo": "OdRCZ40WHR",
            "total": 3,
            "valor_unitario": 162061,
            "descuento": 0.43,
            "IVA": 5
        },
        {
            "codigo": "HaBbfXO7E4",
            "total": 18,
            "valor_unitario": 412733,
            "descuento": 0.16,
            "IVA": 19
        },
        {
            "codigo": "UL2NN6bT3V",
            "total": 2,
            "valor_unitario": 376973,
            "descuento": 0.2,
            "IVA": 19
        },
        {
            "codigo": "UlCLVnrC2Y",
            "total": 9,
            "valor_unitario": 663307,
            "descuento": 0.1,
            "IVA": 0
        },
        {
            "codigo": "B5l9UrgwhP",
            "total": 14,
            "valor_unitario": 209695,
            "descuento": 0.39,
            "IVA": 5
        }
    ]
}