{
    "empresa_nit": "789526431",
    "empresa_ciudad": "MEDELLIN",
    "empresa_sede": "centro",
    "empresa_nombre": "Supermercado Central",
    "fecha_hora": "2024-04-27 05:41:09",
    "factura_num": "01168",
    "ciente_numero": 561813435,
    "pago_tipo": "EFECTIVO",
    "productos": [
        {
            "codigo": "lGm7HFkwlW",
            "total": 1,
            "valor_unitario": 520666,
            "descuento": 0.35,
            "IVA": 19
        },
        {
            "codigo": "PMWXIOC1wU",
            "total": 19,
            "valor_unitario": 161919,
            "descuento": 0.03,
            "IVA": 19
        },
        {
            "codigo": "EPcKu7AXnr",
            "total": 13,
            "valor_unitario": 283639,
            "descuento": 0.34,
            "IVA": 19
        },
        {
            "codigo": "f9MBKmKHoW",
            "total": 14,
            "valor_unitario": 205001,
            "descuento": 0.29,
            "IVA": 0
        },
        {
            "codigo": "bLB3Eq8CYu",
            "total": 11,
            "valor_unitario": 672260,
            "descuento": 0.09,
            "IVA": 5
        },
        {
            "codigo": "xnndElE91I",
            "total": 11,
            "valor_unitario": 297297,
            "descuento": 0.45,
            "IVA": 5
        },
        {
            "codigo": "JVdqBhODr6",
            "total": 12,
            "valor_unitario": 22557,
            "descuento": 0.48,
            "IVA": 0
        },
        {
            "codigo": "OSGa5qdtUD",
            "total": 20,
            "valor_unitario": 540559,
            "descuento": 0.35,
            "IVA": 19
        },
        {
            "codigo": "P7XX5nOtNy",
            "total": 2,
            "valor_unitario": 942348,
            "descuento": 0.01,
            "IVA": 0
        },
        {
            "codigo": "qBRWF4tC39",
            "total": 7,
            "valor_unitario": 63554,
            "descuento": 0.01,
            "IVA": 5
        },
        {
            "codigo": "faz2jvopTL",
            "total": 20,
            "valor_unitario": 401339,
            "descuento": 0.33,
            "IVA": 0
        },
        {
            "codigo": "YXuEoNhebT",
            "total": 14,
            "valor_unitario": 311876,
            "descuento": 0.29,
            "IVA": 0
        }
    ]
}