{
    "empresa_nit": "789526431",
    "empresa_ciudad": "MEDELLIN",
    "empresa_sede": "terminal",
    "empresa_nombre": "Supermercado Central",
    "fecha_hora": "2022-12-15 03:59:49",
    "factura_num": "01255",
    "ciente_numero": 271051088,
    "pago_tipo": "TAR.DEBITO",
    "productos": [
        {
            "codigo": "pu8K5tJiGT",
            "total": 1,
            "valor_unitario": 263299,
            "descuento": 0.35,
            "IVA": 0
        },
        {
            "codigo": "qrxUBq3BM8",
            "total": 4,
            "valor_unitario": 480995,
            "descuento": 0.1,
            "IVA": 19
        },
        {
            "codigo": "UE2eQcncop",
            "total": 15,
            "valor_unitario": 425320,
            "descuento": 0.29,
            "IVA": 19
        },
        {
            "codigo": "4GHYoXil0W",
            "total": 3,
            "valor_unitario": 119730,
            "descuento": 0.32,
            "IVA": 5
        },
        {
            "codigo": "CJyoIxsMG8",
            "total": 17,
            "valor_unitario": 592143,
            "descuento": 0.05,
            "IVA": 0
        },
        {
            "codigo": "KaW4QC7TmD",
            "total": 16,
            "valor_unitario": 315730,
            "descuento": 0.12,
            "IVA": 5
        },
        {
            "codigo": "Wy1eh85nel",
            "total": 12,
            "valor_unitario": 514143,
            "descuento": 0.34,
            "IVA": 0
        },
        {
            "codigo": "qM1iiXpuuQ",
            "total": 19,
            "valor_unitario": 947244,
            "descuento": 0.07,
            "IVA": 0
        }
    ]
}