{
    "empresa_nit": "789526431",
    "empresa_ciudad": "TUNJA",
    "empresa_sede": "autopista",
    "empresa_nombre": "Supermercado Central",
    "fecha_hora": "2022-03-15 03:52:07",
    "factura_num": "01323",
    "ciente_numero": 491337535,
    "pago_tipo": "TRANFERENCIA",
    "productos": [
        {
            "codigo": "2cL90E5sXD",
            "total": 19,
            "valor_unitario": 760710,
            "descuento": 0.02,
            "IVA": 5
        },
        {
            "codigo": "CjDUjf4a9l",
            "total": 5,
            "valor_unitario": 413242,
            "descuento": 0.27,
            "IVA": 5
        },
        {
            "codigo": "bin2uQPPBw",
            "total": 17,
            "valor_unitario": 514063,
            "descuento": 0.02,
            "IVA": 0
        },
        {
            "codigo": "CiPgqcb0ls",
            "total": 3,
            "valor_unitario": 231999,
            "descuento": 0.04,
            "IVA": 19
        }
    ]
}