{
    "empresa_nit": "789526431",
    "empresa_ciudad": "BOGOTA",
    "empresa_sede": "alcaldia",
    "empresa_nombre": "Supermercado Central",
    "fecha_hora": "2024-06-09 18:18:09",
    "factura_num": "01058",
    "ciente_numero": 691637975,
    "pago_tipo": "TAR.DEBITO",
    "productos": [
        {
            "codigo": "2uTUGZVvyb",
            "total": 13,
            "valor_unitario": 811759,
            "descuento": 0.4,
            "IVA": 0
        },
        {
            "codigo": "74LixY3Sh5",
            "total": 8,
            "valor_unitario": 801597,
            "descuento": 0.18,
            "IVA": 0
        },
        {
            "codigo": "yEo7KyGTUY",
            "total": 13,
            "valor_unitario": 384498,
            "descuento": 0.3,
            "IVA": 5
        },
        {
            "codigo": "dDRXH7xuGz",
            "total": 12,
            "valor_unitario": 552125,
            "descuento": 0.02,
            "IVA": 19
        },
        {
            "codigo": "U98oasKAGf",
            "total": 1,
            "valor_unitario": 754494,
            "descuento": 0.31,
            "IVA": 0
        },
        {
            "codigo": "ZaKYjdEb3v",
            "total": 9,
            "valor_unitario": 997656,
            "descuento": 0.16,
            "IVA": 19
        },
        {
            "codigo": "nQn1GVdZVm",
            "total": 12,
            "valor_unitario": 247217,
            "descuento": 0.42,
            "IVA": 19
        },
        {
            "codigo": "Rq0vNXi218",
            "total": 18,
            "valor_unitario": 716356,
            "descuento": 0.44,
            "IVA": 0
        },
        {
            "codigo": "X6k98VNiBe",
            "total": 3,
            "valor_unitario": 267523,
            "descuento": 0.18,
            "IVA": 0
        },
        {
            "codigo": "C4YnurvmR0",
            "total": 9,
            "valor_unitario": 493525,
            "descuento": 0.36,
            "IVA": 19
        }
    ]
}