{
    "empresa_nit": "789526431",
    "empresa_ciudad": "BARRANQUILLA",
    "empresa_sede": "autopista",
    "empresa_nombre": "Supermercado Central",
    "fecha_hora": "2021-02-12 17:11:12",
    "factura_num": "00001",
    "ciente_numero": 84824371,
    "pago_tipo": "TAR.DEBITO",
    "productos": [
        {
            "codigo": "H5uMHpV4GI",
            "total": 18,
            "valor_unitario": 511547,
            "descuento": 0.39,
            "IVA": 19
        },
        {
            "codigo": "xKjgN9XxM9",
            "total": 20,
            "valor_unitario": 429924,
            "descuento": 0.42,
            "IVA": 19
        },
        {
            "codigo": "ZRQeKMMnEo",
            "total": 16,
            "valor_unitario": 11218,
            "descuento": 0.29,
            "IVA": 5
        },
        {
            "codigo": "1zz7zLHQFt",
            "total": 13,
            "valor_unitario": 585287,
            "descuento": 0.42,
            "IVA": 19
        },
        {
            "codigo": "elH20WgMZ3",
            "total": 5,
            "valor_unitario": 617930,
            "descuento": 0.42,
            "IVA": 5
        },
        {
            "codigo": "ywFpprwZcu",
            "total": 10,
            "valor_unitario": 781410,
            "descuento": 0.41,
            "IVA": 5
        },
        {
            "codigo": "YZW11TiPxH",
            "total": 8,
            "valor_unitario": 516389,
            "descuento": 0.48,
            "IVA": 0
        },
        {
            "codigo": "poVnZHEaVJ",
            "total": 8,
            "valor_unitario": 782910,
            "descuento": 0.29,
            "IVA": 0
        },
        {
            "codigo": "IF0O9V84Fo",
            "total": 12,
            "valor_unitario": 233016,
            "descuento": 0.4,
            "IVA": 0
        },
        {
            "codigo": "SxYnZ5ioye",
            "total": 3,
            "valor_unitario": 575096,
            "descuento": 0.01,
            "IVA": 5
        },
        {
            "codigo": "uuCP3D2ic3",
            "total": 1,
            "valor_unitario": 333543,
            "descuento": 0.42,
            "IVA": 19
        },
        {
            "codigo": "ELjA6RXu6A",
            "total": 18,
            "valor_unitario": 589529,
            "descuento": 0.15,
            "IVA": 0
        },
        {
            "codigo": "Ydu4Fg1qWw",
            "total": 20,
            "valor_unitario": 888522,
            "descuento": 0.4,
            "IVA": 19
        },
        {
            "codigo": "1b0gqUUcjf",
            "total": 1,
            "valor_unitario": 855870,
            "descuento": 0.25,
            "IVA": 19
        },
        {
            "codigo": "yutH8P6iSj",
            "total": 15,
            "valor_unitario": 607728,
            "descuento": 0.28,
            "IVA": 5
        },
        {
            "codigo": "myjstlpxKC",
            "total": 4,
            "valor_unitario": 631461,
            "descuento": 0.13,
            "IVA": 19
        },
        {
            "codigo": "DSoOrbdnmF",
            "total": 5,
            "valor_unitario": 837138,
            "descuento": 0.33,
            "IVA": 5
        }
    ]
}