{
    "empresa_nit": "789526431",
    "empresa_ciudad": "BARRANQUILLA",
    "empresa_sede": "autopista",
    "empresa_nombre": "Supermercado Central",
    "fecha_hora": "2020-12-07 21:52:53",
    "factura_num": "01437",
    "ciente_numero": 525281558,
    "pago_tipo": "EFECTIVO",
    "productos": [
        {
            "codigo": "TndvgAYFNu",
            "total": 7,
            "valor_unitario": 450282,
            "descuento": 0.32,
            "IVA": 19
        },
        {
            "codigo": "gEfXvYB5cP",
            "total": 1,
            "valor_unitario": 402053,
            "descuento": 0.45,
            "IVA": 5
        },
        {
            "codigo": "EfvlDlNmss",
            "total": 5,
            "valor_unitario": 528224,
            "descuento": 0.31,
            "IVA": 5
        },
        {
            "codigo": "Lxhjp2uaxB",
            "total": 12,
            "valor_unitario": 321201,
            "descuento": 0.0,
            "IVA": 19
        },
        {
            "codigo": "1Xc6uTAp3s",
            "total": 16,
            "valor_unitario": 737526,
            "descuento": 0.39,
            "IVA": 19
        },
        {
            "codigo": "Ebh7AD53MZ",
            "total": 13,
            "valor_unitario": 829450,
            "descuento": 0.44,
            "IVA": 5
        },
        {
            "codigo": "xD1GPezfUL",
            "total": 17,
            "valor_unitario": 373785,
            "descuento": 0.04,
            "IVA": 5
        },
        {
            "codigo": "Z0Gbd9qjsE",
            "total": 13,
            "valor_unitario": 480445,
            "descuento": 0.24,
            "IVA": 19
        },
        {
            "codigo": "IvmQ2VXYg8",
            "total": 20,
            "valor_unitario": 750549,
            "descuento": 0.06,
            "IVA": 5
        },
        {
            "codigo": "XKM5yd54Vc",
            "total": 3,
            "valor_unitario": 201894,
            "descuento": 0.31,
            "IVA": 0
        },
        {
            "codigo": "fDT48LegAk",
            "total": 9,
            "valor_unitario": 479367,
            "descuento": 0.49,
            "IVA": 5
        },
        {
            "codigo": "8lydZvy7S0",
            "total": 6,
            "valor_unitario": 705447,
            "descuento": 0.45,
            "IVA": 0
        },
        {
            "codigo": "R400gyyBPB",
            "total": 12,
            "valor_unitario": 681646,
            "descuento": 0.08,
            "IVA": 5
        },
        {
            "codigo": "1brd6Lg989",
            "total": 12,
            "valor_unitario": 684164,
            "descuento": 0.14,
            "IVA": 5
        },
        {
            "codigo": "wqQC16Rb0Y",
            "total": 6,
            "valor_unitario": 59516,
            "descuento": 0.25,
            "IVA": 0
        },
        {
            "codigo": "KrizzLrGuc",
            "total": 16,
            "valor_unitario": 803660,
            "descuento": 0.48,
            "IVA": 5
        },
        {
            "codigo": "yWPyAjzcmw",
            "total": 16,
            "valor_unitario": 725593,
            "descuento": 0.1,
            "IVA": 19
        },
        {
            "codigo": "LkqF68DaSg",
            "total": 2,
            "valor_unitario": 619603,
            "descuento": 0.42,
            "IVA": 19
        }
    ]
}