{
    "empresa_nit": "789526431",
    "empresa_ciudad": "TUNJA",
    "empresa_sede": "autopista",
    "empresa_nombre": "Supermercado Central",
    "fecha_hora": "2024-07-07 04:59:07",
    "factura_num": "01367",
    "ciente_numero": 249291124,
    "pago_tipo": "TAR.CREDITO",
    "productos": [
        {
            "codigo": "7ik6I7BK0e",
            "total": 3,
            "valor_unitario": 425265,
            "descuento": 0.36,
            "IVA": 19
        },
        {
            "codigo": "zGTL66LYy2",
            "total": 2,
            "valor_unitario": 560311,
            "descuento": 0.48,
            "IVA": 0
        },
        {
            "codigo": "yFE3moFCVR",
            "total": 2,
            "valor_unitario": 205548,
            "descuento": 0.2,
            "IVA": 0
        },
        {
            "codigo": "45o4awNVim",
            "total": 12,
            "valor_unitario": 908396,
            "descuento": 0.07,
            "IVA": 5
        },
        {
            "codigo": "85UjL764K4",
            "total": 11,
            "valor_unitario": 96586,
            "descuento": 0.37,
            "IVA": 5
        },
        {
            "codigo": "PJoUDWA0kz",
            "total": 17,
            "valor_unitario": 770165,
            "descuento": 0.02,
            "IVA": 19
        },
        {
            "codigo": "9Lrc0dNx7H",
            "total": 15,
            "valor_unitario": 653728,
            "descuento": 0.03,
            "IVA": 19
        },
        {
            "codigo": "0GOTgoIlxQ",
            "total": 17,
            "valor_unitario": 410957,
            "descuento": 0.12,
            "IVA": 5
        },
        {
            "codigo": "QsRY5dpmnJ",
            "total": 8,
            "valor_unitario": 983724,
            "descuento": 0.12,
            "IVA": 19
        },
        {
            "codigo": "D5D8lQbeQH",
            "total": 17,
            "valor_unitario": 278550,
            "descuento": 0.41,
            "IVA": 19
        },
        {
            "codigo": "nL0pfwqO66",
            "total": 17,
            "valor_unitario": 751747,
            "descuento": 0.41,
            "IVA": 0
        },
        {
            "codigo": "1oy7QKmsTa",
            "total": 5,
            "valor_unitario": 921983,
            "descuento": 0.14,
            "IVA": 5
        },
        {
            "codigo": "3QMND5bpjd",
            "total": 19,
            "valor_unitario": 442948,
            "descuento": 0.45,
            "IVA": 19
        },
        {
            "codigo": "6yQyWj64T7",
            "total": 3,
            "valor_unitario": 839695,
            "descuento": 0.29,
            "IVA": 0
        }
    ]
}