{
    "empresa_nit": "789526431",
    "empresa_ciudad": "BOGOTA",
    "empresa_sede": "plaza",
    "empresa_nombre": "Supermercado Central",
    "fecha_hora": "2022-03-29 02:49:12",
    "factura_num": "01285",
    "ciente_numero": 308580485,
    "pago_tipo": "TAR.DEBITO",
    "productos": [
        {
            "codigo": "tkfcWkzKct",
            "total": 9,
            "valor_unitario": 48917,
            "descuento": 0.06,
            "IVA": 19
        },
        {
            "codigo": "nyBXhvuPoX",
            "total": 10,
            "valor_unitario": 411247,
            "descuento": 0.07,
            "IVA": 0
        },
        {
            "codigo": "Kr8qNNbefM",
            "total": 11,
            "valor_unitario": 949981,
            "descuento": 0.23,
            "IVA": 19
        },
        {
            "codigo": "71wRjsIYy6",
            "total": 3,
            "valor_unitario": 934401,
            "descuento": 0.41,
            "IVA": 5
        },
        {
            "codigo": "rUSH4BGriT",
            "total": 7,
            "valor_unitario": 857519,
            "descuento": 0.1,
            "IVA": 5
        },
        {
            "codigo": "afAFl8lYVm",
            "total": 4,
            "valor_unitario": 322679,
            "descuento": 0.45,
            "IVA": 5
        },
        {
            "codigo": "k7qVZLs4Gx",
            "total": 16,
            "valor_unitario": 222339,
            "descuento": 0.13,
            "IVA": 5
        },
        {
            "codigo": "mrvZ3sTYXE",
            "total": 15,
            "valor_unitario": 589327,
            "descuento": 0.1,
            "IVA": 0
        },
        {
            "codigo": "oXolFGfiRY",
            "total": 17,
            "valor_unitario": 519657,
            "descuento": 0.03,
            "IVA": 19
        },
        {
            "codigo": "G4u7jfMDW5",
            "total": 17,
            "valor_unitario": 568386,
            "descuento": 0.14,
            "IVA": 5
        },
        {
            "codigo": "mxtq9PPm4w",
            "total": 6,
            "valor_unitario": 141325,
            "descuento": 0.04,
            "IVA": 5
        },
        {
            "codigo": "BfybU60oG2",
            "total": 16,
            "valor_unitario": 490639,
            "descuento": 0.21,
            "IVA": 5
        }
    ]
}