{
    "empresa_nit": "789526431",
    "empresa_ciudad": "BOGOTA",
    "empresa_sede": "aeropuerto",
    "empresa_nombre": "Supermercado Central",
    "fecha_hora": "2023-03-27 06:58:50",
    "factura_num": "01433",
    "ciente_numero": 829656305,
    "pago_tipo": "TAR.DEBITO",
    "productos": [
        {
            "codigo": "LGlOlvo2Tl",
            "total": 11,
            "valor_unitario": 305595,
            "descuento": 0.33,
            "IVA": 19
        },
        {
            "codigo": "kOZNvtiiRk",
            "total": 15,
            "valor_unitario": 136512,
            "descuento": 0.29,
            "IVA": 5
        }
    ]
}