{
    "empresa_nit": "789526431",
    "empresa_ciudad": "MEDELLIN",
    "empresa_sede": "plaza",
    "empresa_nombre": "Supermercado Central",
    "fecha_hora": "2024-11-12 04:21:17",
    "factura_num": "01393",
    "ciente_numero": 644481451,
    "pago_tipo": "TAR.DEBITO",
    "productos": [
        {
            "codigo": "9YYHR9Fcqt",
            "total": 7,
            "valor_unitario": 289991,
            "descuento": 0.27,
            "IVA": 0
        },
        {
            "codigo": "KTmIsEm9k5",
            "total": 13,
            "valor_unitario": 639166,
            "descuento": 0.1,
            "IVA": 0
        },
        {
            "codigo": "TEmOqfAcGo",
            "total": 4,
            "valor_unitario": 419042,
            "descuento": 0.27,
            "IVA": 5
        },
        {
            "codigo": "G9zBwtGl40",
            "total": 4,
            "valor_unitario": 441405,
            "descuento": 0.32,
            "IVA": 5
        },
        {
            "codigo": "KIB2cIesct",
            "total": 2,
            "valor_unitario": 66233,
            "descuento": 0.15,
            "IVA": 19
        },
        {
            "codigo": "gqoG6vV3tt",
            "total": 15,
            "valor_unitario": 811447,
            "descuento": 0.02,
            "IVA": 5
        },
        {
            "codigo": "bQI6HY8zbc",
            "total": 19,
            "valor_unitario": 658294,
            "descuento": 0.25,
            "IVA": 0
        },
        {
            "codigo": "8WvVcKA6Mj",
            "total": 14,
            "valor_unitario": 165840,
            "descuento": 0.07,
            "IVA": 0
        },
        {
            "codigo": "JDUKd0rpwK",
            "total": 19,
            "valor_unitario": 170252,
            "descuento": 0.31,
            "IVA": 0
        },
        {
            "codigo": "HHFHDI4MYC",
            "total": 19,
            "valor_unitario": 901957,
            "descuento": 0.4,
            "IVA": 0
        },
        {
            "codigo": "8FZIQwxdEi",
            "total": 4,
            "valor_unitario": 486196,
            "descuento": 0.41,
            "IVA": 19
        },
        {
            "codigo": "wRFZolDEK2",
            "total": 3,
            "valor_unitario": 425464,
            "descuento": 0.1,
            "IVA": 0
        },
        {
            "codigo": "IFewDZFyu4",
            "total": 1,
            "valor_unitario": 810666,
            "descuento": 0.31,
            "IVA": 5
        },
        {
            "codigo": "GLhh9GyBF6",
            "total": 16,
            "valor_unitario": 131949,
            "descuento": 0.21,
            "IVA": 0
        },
        {
            "codigo": "nnyJgKhw4v",
            "total": 3,
            "valor_unitario": 523365,
            "descuento": 0.07,
            "IVA": 5
        },
        {
            "codigo": "FYtqz7ghtT",
            "total": 1,
            "valor_unitario": 983520,
            "descuento": 0.31,
            "IVA": 19
        }
    ]
}