{
    "empresa_nit": "789526431",
    "empresa_ciudad": "CALI",
    "empresa_sede": "plaza",
    "empresa_nombre": "Supermercado Central",
    "fecha_hora": "2024-11-03 21:51:48",
    "factura_num": "01390",
    "ciente_numero": 131724951,
    "pago_tipo": "TAR.CREDITO",
    "productos": [
        {
            "codigo": "Z9XZFMC1ZQ",
            "total": 3,
            "valor_unitario": 132950,
            "descuento": 0.46,
            "IVA": 19
        },
        {
            "codigo": "Ks7MAhGdRK",
            "total": 16,
            "valor_unitario": 97406,
            "descuento": 0.06,
            "IVA": 19
        },
        {
            "codigo": "cgprVUL58d",
            "total": 9,
            "valor_unitario": 885657,
            "descuento": 0.07,
            "IVA": 19
        }
    ]
}