{
    "empresa_nit": "789526431",
    "empresa_ciudad": "BARRANQUILLA",
    "empresa_sede": "centro",
    "empresa_nombre": "Supermercado Central",
    "fecha_hora": "2024-11-30 03:35:47",
    "factura_num": "01009",
    "ciente_numero": 44232346,
    "pago_tipo": "TAR.DEBITO",
    "productos": [
        {
            "codigo": "IEylHbMf7N",
            "total": 19,
            "valor_unitario": 872900,
            "descuento": 0.41,
            "IVA": 19
        },
        {
            "codigo": "go6VZtWEqm",
            "total": 12,
            "valor_unitario": 154524,
            "descuento": 0.27,
            "IVA": 0
        },
        {
            "codigo": "UvSbBC7Qbn",
            "total": 14,
            "valor_unitario": 806328,
            "descuento": 0.33,
            "IVA": 0
        },
        {
            "codigo": "H7x16Y3I41",
            "total": 1,
            "valor_unitario": 786897,
            "descuento": 0.15,
            "IVA": 5
        },
        {
            "codigo": "Sq8pcdt4lK",
            "total": 3,
            "valor_unitario": 79759,
            "descuento": 0.17,
            "IVA": 19
        },
        {
            "codigo": "R8vDpz3E2k",
            "total": 13,
            "valor_unitario": 592636,
            "descuento": 0.41,
            "IVA": 5
        },
        {
            "codigo": "JQVJeqVU0C",
            "total": 20,
            "valor_unitario": 179126,
            "descuento": 0.29,
            "IVA": 5
        },
        {
            "codigo": "2lSFakehlS",
            "total": 9,
            "valor_unitario": 552196,
            "descuento": 0.2,
            "IVA": 0
        },
        {
            "codigo": "HBorawOgX4",
            "total": 7,
            "valor_unitario": 616010,
            "descuento": 0.24,
            "IVA": 0
        }
    ]
}