{
    "empresa_nit": "789526431",
    "empresa_ciudad": "BOGOTA",
    "empresa_sede": "centro",
    "empresa_nombre": "Supermercado Central",
    "fecha_hora": "2023-12-04 21:28:53",
    "factura_num": "01146",
    "ciente_numero": 318186471,
    "pago_tipo": "EFECTIVO",
    "productos": [
        {
            "codigo": "ZbAjvJVc3c",
            "total": 15,
            "valor_unitario": 676402,
            "descuento": 0.22,
            "IVA": 0
        },
        {
            "codigo": "PqM4WzGfji",
            "total": 9,
            "valor_unitario": 526081,
            "descuento": 0.3,
            "IVA": 5
        },
        {
            "codigo": "Xy6KamDZOR",
            "total": 14,
            "valor_unitario": 938985,
            "descuento": 0.41,
            "IVA": 19
        },
        {
            "codigo": "g65wbSEzdO",
            "total": 12,
            "valor_unitario": 269553,
            "descuento": 0.03,
            "IVA": 19
        },
        {
            "codigo": "7mkDpbOZcB",
            "total": 17,
            "valor_unitario": 389282,
            "descuento": 0.04,
            "IVA": 5
        },
        {
            "codigo": "hRyInZl9Fw",
            "total": 11,
            "valor_unitario": 875394,
            "descuento": 0.09,
            "IVA": 5
        },
        {
            "codigo": "r0bmrN6VJI",
            "total": 3,
            "valor_unitario": 743451,
            "descuento": 0.16,
            "IVA": 19
        },
        {
            "codigo": "PmruLJ0qMK",
            "total": 11,
            "valor_unitario": 865492,
            "descuento": 0.4,
            "IVA": 19
        },
        {
            "codigo": "iMgRNaEo2D",
            "total": 16,
            "valor_unitario": 421917,
            "descuento": 0.2,
            "IVA": 0
        },
        {
            "codigo": "ebhYvtWoHn",
            "total": 16,
            "valor_unitario": 614788,
            "descuento": 0.31,
            "IVA": 0
        },
        {
            "codigo": "Y0kFBjwnUq",
            "total": 2,
            "valor_unitario": 282186,
            "descuento": 0.44,
            "IVA": 19
        },
        {
            "codigo": "3P58eMD0K9",
            "total": 5,
            "valor_unitario": 453413,
            "descuento": 0.41,
            "IVA": 19
        },
        {
            "codigo": "xEMwXM31Iu",
            "total": 3,
            "valor_unitario": 69313,
            "descuento": 0.44,
            "IVA": 0
        },
        {
            "codigo": "Ao1d6w7gG9",
            "total": 4,
            "valor_unitario": 397974,
            "descuento": 0.25,
            "IVA": 0
        },
        {
            "codigo": "VL5byZhcjU",
            "total": 20,
            "valor_unitario": 476544,
            "descuento": 0.42,
            "IVA": 0
        },
        {
            "codigo": "3O8WYncNMX",
            "total": 1,
            "valor_unitario": 619393,
            "descuento": 0.21,
            "IVA": 5
        },
        {
            "codigo": "epQVzdL0oY",
            "total": 16,
            "valor_unitario": 751875,
            "descuento": 0.33,
            "IVA": 19
        },
        {
            "codigo": "Tbcw9ae5KS",
            "total": 15,
            "valor_unitario": 864287,
            "descuento": 0.27,
            "IVA": 19
        },
        {
            "codigo": "RdxlJdMU3K",
            "total": 20,
            "valor_unitario": 8694,
            "descuento": 0.47,
            "IVA": 5
        },
        {
            "codigo": "vCJanwWz8p",
            "total": 1,
            "valor_unitario": 773251,
            "descuento": 0.47,
            "IVA": 0
        }
    ]
}