{
    "empresa_nit": "789526431",
    "empresa_ciudad": "BOGOTA",
    "empresa_sede": "alcaldia",
    "empresa_nombre": "Supermercado Central",
    "fecha_hora": "2020-10-29 21:15:28",
    "factura_num": "01148",
    "ciente_numero": 13869160,
    "pago_tipo": "TRANFERENCIA",
    "productos": [
        {
            "codigo": "YwrbuVWZiG",
            "total": 15,
            "valor_unitario": 686016,
            "descuento": 0.01,
            "IVA": 19
        },
        {
            "codigo": "t0xRsfB4Al",
            "total": 7,
            "valor_unitario": 672935,
            "descuento": 0.1,
            "IVA": 0
        },
        {
            "codigo": "UNvuoWgL7M",
            "total": 6,
            "valor_unitario": 835799,
            "descuento": 0.36,
            "IVA": 19
        },
        {
            "codigo": "Kq7O28IUlA",
            "total": 4,
            "valor_unitario": 644184,
            "descuento": 0.44,
            "IVA": 5
        },
        {
            "codigo": "lc0JKLg3qP",
            "total": 1,
            "valor_unitario": 558030,
            "descuento": 0.1,
            "IVA": 5
        },
        {
            "codigo": "ocikuteS1t",
            "total": 15,
            "valor_unitario": 578883,
            "descuento": 0.38,
            "IVA": 19
        },
        {
            "codigo": "4xiDuaPBlQ",
            "total": 3,
            "valor_unitario": 435914,
            "descuento": 0.42,
            "IVA": 19
        },
        {
            "codigo": "I8ywCgIFJp",
            "total": 1,
            "valor_unitario": 462134,
            "descuento": 0.28,
            "IVA": 19
        },
        {
            "codigo": "mSS6Xl0RqM",
            "total": 12,
            "valor_unitario": 634173,
            "descuento": 0.17,
            "IVA": 5
        },
        {
            "codigo": "3wZS3YeUDa",
            "total": 15,
            "valor_unitario": 188906,
            "descuento": 0.32,
            "IVA": 0
        },
        {
            "codigo": "f71oTJqU4r",
            "total": 20,
            "valor_unitario": 599866,
            "descuento": 0.08,
            "IVA": 0
        },
        {
            "codigo": "F3lUUIKdC6",
            "total": 9,
            "valor_unitario": 924221,
            "descuento": 0.2,
            "IVA": 19
        },
        {
            "codigo": "hQd39PwTzb",
            "total": 17,
            "valor_unitario": 53672,
            "descuento": 0.23,
            "IVA": 5
        },
        {
            "codigo": "NbG5jNgV8f",
            "total": 9,
            "valor_unitario": 266745,
            "descuento": 0.29,
            "IVA": 5
        },
        {
            "codigo": "zHC6aC58eA",
            "total": 7,
            "valor_unitario": 101063,
            "descuento": 0.13,
            "IVA": 19
        },
        {
            "codigo": "cIdihueFzo",
            "total": 1,
            "valor_unitario": 3087,
            "descuento": 0.01,
            "IVA": 5
        }
    ]
}