{
    "empresa_nit": "789526431",
    "empresa_ciudad": "CALI",
    "empresa_sede": "autopista",
    "empresa_nombre": "Supermercado Central",
    "fecha_hora": "2022-07-26 18:59:41",
    "factura_num": "01045",
    "ciente_numero": 195864462,
    "pago_tipo": "EFECTIVO",
    "productos": [
        {
            "codigo": "KrenHNWC4n",
            "total": 5,
            "valor_unitario": 733755,
            "descuento": 0.41,
            "IVA": 19
        },
        {
            "codigo": "ta4WVfn7qW",
            "total": 20,
            "valor_unitario": 629875,
            "descuento": 0.48,
            "IVA": 0
        }
    ]
}