{
    "empresa_nit": "789526431",
    "empresa_ciudad": "MEDELLIN",
    "empresa_sede": "autopista",
    "empresa_nombre": "Supermercado Central",
    "fecha_hora": "2021-01-14 22:10:18",
    "factura_num": "01218",
    "ciente_numero": 148843125,
    "pago_tipo": "TRANFERENCIA",
    "productos": [
        {
            "codigo": "fGWhVPMKrE",
            "total": 11,
            "valor_unitario": 924516,
            "descuento": 0.12,
            "IVA": 5
        },
        {
            "codigo": "PmqwMDiAE2",
            "total": 16,
            "valor_unitario": 612309,
            "descuento": 0.18,
            "IVA": 19
        },
        {
            "codigo": "bbAv5obXwo",
            "total": 20,
            "valor_unitario": 26578,
            "descuento": 0.08,
            "IVA": 0
        },
        {
            "codigo": "g2YdGImkai",
            "total": 12,
            "valor_unitario": 942910,
            "descuento": 0.17,
            "IVA": 0
        },
        {
            "codigo": "dhRNblE9Ki",
            "total": 14,
            "valor_unitario": 350442,
            "descuento": 0.13,
            "IVA": 5
        },
        {
            "codigo": "CdT1dNJLHj",
            "total": 11,
            "valor_unitario": 457478,
            "descuento": 0.05,
            "IVA": 5
        },
        {
            "codigo": "7TjYe9BmEA",
            "total": 5,
            "valor_unitario": 74643,
            "descuento": 0.48,
            "IVA": 0
        },
        {
            "codigo": "yy8IwjswNO",
            "total": 8,
            "valor_unitario": 485307,
            "descuento": 0.24,
            "IVA": 19
        },
        {
            "codigo": "ZWhtzW0JE0",
            "total": 6,
            "valor_unitario": 319688,
            "descuento": 0.02,
            "IVA": 0
        }
    ]
}