{
    "empresa_nit": "789526431",
    "empresa_ciudad": "MEDELLIN",
    "empresa_sede": "terminal",
    "empresa_nombre": "Supermercado Central",
    "fecha_hora": "2020-03-24 00:43:41",
    "factura_num": "01092",
    "ciente_numero": 517977834,
    "pago_tipo": "TRANFERENCIA",
    "productos": [
        {
            "codigo": "FtqJ7rIkIm",
            "total": 19,
            "valor_unitario": 905178,
            "descuento": 0.09,
            "IVA": 0
        },
        {
            "codigo": "QUZQ4dhEaD",
            "total": 15,
            "valor_unitario": 238274,
            "descuento": 0.35,
            "IVA": 5
        },
        {
            "codigo": "fAFrP8CH0Y",
            "total": 13,
            "valor_unitario": 100152,
            "descuento": 0.37,
            "IVA": 19
        },
        {
            "codigo": "dbpbLqDjFg",
            "total": 2,
            "valor_unitario": 415656,
            "descuento": 0.2,
            "IVA": 19
        },
        {
            "codigo": "4eHhLPp2F0",
            "total": 12,
            "valor_unitario": 461112,
            "descuento": 0.49,
            "IVA": 0
        },
        {
            "codigo": "i1gNB2uMJe",
            "total": 3,
            "valor_unitario": 40166,
            "descuento": 0.07,
            "IVA": 19
        },
        {
            "codigo": "3JBWjrO8Bs",
            "total": 19,
            "valor_unitario": 800194,
            "descuento": 0.44,
            "IVA": 0
        },
        {
            "codigo": "SXBV3r3Th5",
            "total": 10,
            "valor_unitario": 769943,
            "descuento": 0.09,
            "IVA": 19
        },
        {
            "codigo": "ZmDCxgEwR6",
            "total": 9,
            "valor_unitario": 621438,
            "descuento": 0.29,
            "IVA": 0
        },
        {
            "codigo": "M2dEj1an1f",
            "total": 2,
            "valor_unitario": 779972,
            "descuento": 0.46,
            "IVA": 19
        },
        {
            "codigo": "xIKD9sTMVf",
            "total": 20,
            "valor_unitario": 813056,
            "descuento": 0.38,
            "IVA": 0
        },
        {
            "codigo": "ueeS9Lmlaq",
            "total": 2,
            "valor_unitario": 482455,
            "descuento": 0.26,
            "IVA": 19
        },
        {
            "codigo": "SQZHpkSmOK",
            "total": 6,
            "valor_unitario": 341290,
            "descuento": 0.38,
            "IVA": 0
        },
        {
            "codigo": "z7s3fz7ANb",
            "total": 11,
            "valor_unitario": 406820,
            "descuento": 0.42,
            "IVA": 19
        },
        {
            "codigo": "QtPeV3FdTJ",
            "total": 8,
            "valor_unitario": 990857,
            "descuento": 0.07,
            "IVA": 19
        },
        {
            "codigo": "6VoRk0QnzC",
            "total": 7,
            "valor_unitario": 324553,
            "descuento": 0.31,
            "IVA": 0
        }
    ]
}