{
    "empresa_nit": "789526431",
    "empresa_ciudad": "CALI",
    "empresa_sede": "centro",
    "empresa_nombre": "Supermercado Central",
    "fecha_hora": "2020-10-17 08:26:01",
    "factura_num": "00139",
    "ciente_numero": 267269373,
    "pago_tipo": "EFECTIVO",
    "productos": [
        {
            "codigo": "kpkFMIJycf",
            "total": 14,
            "valor_unitario": 873741,
            "descuento": 0.22,
            "IVA": 19
        },
        {
            "codigo": "dOoncyCbps",
            "total": 7,
            "valor_unitario": 444765,
            "descuento": 0.2,
            "IVA": 5
        },
        {
            "codigo": "WXxKndXLEX",
            "total": 12,
            "valor_unitario": 678614,
            "descuento": 0.33,
            "IVA": 0
        }
    ]
}