{
    "empresa_nit": "789526431",
    "empresa_ciudad": "BARRANQUILLA",
    "empresa_sede": "alcaldia",
    "empresa_nombre": "Supermercado Central",
    "fecha_hora": "2023-03-18 02:51:50",
    "factura_num": "01169",
    "ciente_numero": 991559994,
    "pago_tipo": "EFECTIVO",
    "productos": [
        {
            "codigo": "VfmQy7TzYN",
            "total": 20,
            "valor_unitario": 25937,
            "descuento": 0.36,
            "IVA": 0
        },
        {
            "codigo": "pX1OLiloQK",
            "total": 15,
            "valor_unitario": 504806,
            "descuento": 0.11,
            "IVA": 0
        },
        {
            "codigo": "Dwp7NSa2k3",
            "total": 7,
            "valor_unitario": 304244,
            "descuento": 0.21,
            "IVA": 0
        },
        {
            "codigo": "fbZ7hCWp6q",
            "total": 6,
            "valor_unitario": 121519,
            "descuento": 0.2,
            "IVA": 0
        },
        {
            "codigo": "eDHvYhHIuY",
            "total": 17,
            "valor_unitario": 430257,
            "descuento": 0.36,
            "IVA": 5
        },
        {
            "codigo": "fI8dLncRCW",
            "total": 3,
            "valor_unitario": 57517,
            "descuento": 0.21,
            "IVA": 19
        },
        {
            "codigo": "2uqBL7KepQ",
            "total": 11,
            "valor_unitario": 498882,
            "descuento": 0.24,
            "IVA": 0
        },
        {
            "codigo": "7pZgTKfRRn",
            "total": 10,
            "valor_unitario": 756297,
            "descuento": 0.24,
            "IVA": 0
        },
        {
            "codigo": "Ej2bH2TCX2",
            "total": 12,
            "valor_unitario": 599736,
            "descuento": 0.12,
            "IVA": 5
        },
        {
            "codigo": "SzmJofY6jm",
            "total": 7,
            "valor_unitario": 158091,
            "descuento": 0.15,
            "IVA": 0
        },
        {
            "codigo": "JGOSZLzkhL",
            "total": 16,
            "valor_unitario": 520494,
            "descuento": 0.34,
            "IVA": 5
        },
        {
            "codigo": "1KlbjF1cFH",
            "total": 20,
            "valor_unitario": 16418,
            "descuento": 0.11,
            "IVA": 19
        },
        {
            "codigo": "NQtc44uOow",
            "total": 20,
            "valor_unitario": 682102,
            "descuento": 0.07,
            "IVA": 5
        },
        {
            "codigo": "M5aM0nqNVF",
            "total": 16,
            "valor_unitario": 568854,
            "descuento": 0.41,
            "IVA": 5
        }
    ]
}