{
    "empresa_nit": "789526431",
    "empresa_ciudad": "BOGOTA",
    "empresa_sede": "autopista",
    "empresa_nombre": "Supermercado Central",
    "fecha_hora": "2021-11-11 00:51:00",
    "factura_num": "01070",
    "ciente_numero": 493384675,
    "pago_tipo": "EFECTIVO",
    "productos": [
        {
            "codigo": "7HABC1ijT9",
            "total": 18,
            "valor_unitario": 876636,
            "descuento": 0.43,
            "IVA": 0
        },
        {
            "codigo": "4zDVMO6g0c",
            "total": 17,
            "valor_unitario": 990225,
            "descuento": 0.12,
            "IVA": 5
        }
    ]
}