{
    "empresa_nit": "789526431",
    "empresa_ciudad": "BOGOTA",
    "empresa_sede": "alcaldia",
    "empresa_nombre": "Supermercado Central",
    "fecha_hora": "2021-09-12 08:02:04",
    "factura_num": "01117",
    "ciente_numero": 628952032,
    "pago_tipo": "EFECTIVO",
    "productos": [
        {
            "codigo": "iILi19lAaX",
            "total": 7,
            "valor_unitario": 857239,
            "descuento": 0.16,
            "IVA": 5
        },
        {
            "codigo": "H15sYQQURD",
            "total": 9,
            "valor_unitario": 85253,
            "descuento": 0.27,
            "IVA": 0
        },
        {
            "codigo": "X80jDzCJH7",
            "total": 11,
            "valor_unitario": 633173,
            "descuento": 0.21,
            "IVA": 0
        },
        {
            "codigo": "TuPMOnwMAW",
            "total": 19,
            "valor_unitario": 661654,
            "descuento": 0.15,
            "IVA": 19
        },
        {
            "codigo": "M0cnJzyQsh",
            "total": 1,
            "valor_unitario": 48554,
            "descuento": 0.49,
            "IVA": 19
        },
        {
            "codigo": "omIkCrzWZn",
            "total": 17,
            "valor_unitario": 336159,
            "descuento": 0.32,
            "IVA": 19
        },
        {
            "codigo": "xrAUK7hxlH",
            "total": 5,
            "valor_unitario": 753206,
            "descuento": 0.17,
            "IVA": 19
        },
        {
            "codigo": "m6LcvbzCbN",
            "total": 14,
            "valor_unitario": 521844,
            "descuento": 0.4,
            "IVA": 0
        },
        {
            "codigo": "inSdxxRXsg",
            "total": 10,
            "valor_unitario": 882702,
            "descuento": 0.36,
            "IVA": 5
        },
        {
            "codigo": "HKWeMeY382",
            "total": 19,
            "valor_unitario": 921341,
            "descuento": 0.1,
            "IVA": 0
        },
        {
            "codigo": "x2dI8aVVRA",
            "total": 19,
            "valor_unitario": 300863,
            "descuento": 0.14,
            "IVA": 0
        },
        {
            "codigo": "Ilsyd5pqdU",
            "total": 12,
            "valor_unitario": 489817,
            "descuento": 0.03,
            "IVA": 0
        },
        {
            "codigo": "TJ7lZ7BMrg",
            "total": 2,
            "valor_unitario": 421460,
            "descuento": 0.17,
            "IVA": 5
        },
        {
            "codigo": "UU2J7jAVvo",
            "total": 1,
            "valor_unitario": 588446,
            "descuento": 0.28,
            "IVA": 5
        },
        {
            "codigo": "m6etbXlWoU",
            "total": 16,
            "valor_unitario": 936018,
            "descuento": 0.35,
            "IVA": 5
        },
        {
            "codigo": "Z3MjbnNzpK",
            "total": 6,
            "valor_unitario": 497108,
            "descuento": 0.4,
            "IVA": 0
        },
        {
            "codigo": "qPKO8H6NQp",
            "total": 18,
            "valor_unitario": 689941,
            "descuento": 0.2,
            "IVA": 0
        },
        {
            "codigo": "GwCnvHMEj9",
            "total": 11,
            "valor_unitario": 926720,
            "descuento": 0.06,
            "IVA": 0
        },
        {
            "codigo": "MAZVXgBejj",
            "total": 15,
            "valor_unitario": 434680,
            "descuento": 0.15,
            "IVA": 5
        }
    ]
}