{
    "empresa_nit": "789526431",
    "empresa_ciudad": "MEDELLIN",
    "empresa_sede": "terminal",
    "empresa_nombre": "Supermercado Central",
    "fecha_hora": "2024-04-17 09:40:45",
    "factura_num": "01082",
    "ciente_numero": 795940320,
    "pago_tipo": "TAR.CREDITO",
    "productos": [
        {
            "codigo": "wc2amcMUyX",
            "total": 1,
            "valor_unitario": 269717,
            "descuento": 0.43,
            "IVA": 0
        },
        {
            "codigo": "mfonB9Ci4w",
            "total": 17,
            "valor_unitario": 181051,
            "descuento": 0.44,
            "IVA": 5
        },
        {
            "codigo": "8rrN4zw8ST",
            "total": 8,
            "valor_unitario": 506799,
            "descuento": 0.24,
            "IVA": 19
        }
    ]
}