{
    "empresa_nit": "789526431",
    "empresa_ciudad": "CALI",
    "empresa_sede": "alcaldia",
    "empresa_nombre": "Supermercado Central",
    "fecha_hora": "2024-08-06 05:36:04",
    "factura_num": "01154",
    "ciente_numero": 398918220,
    "pago_tipo": "TRANFERENCIA",
    "productos": [
        {
            "codigo": "hxxZBuz7Ff",
            "total": 8,
            "valor_unitario": 179395,
            "descuento": 0.13,
            "IVA": 0
        },
        {
            "codigo": "bv364vqDWN",
            "total": 7,
            "valor_unitario": 373207,
            "descuento": 0.31,
            "IVA": 19
        },
        {
            "codigo": "E4SwfDOBzC",
            "total": 17,
            "valor_unitario": 67251,
            "descuento": 0.05,
            "IVA": 5
        },
        {
            "codigo": "NVegV2IbLk",
            "total": 13,
            "valor_unitario": 595545,
            "descuento": 0.09,
            "IVA": 19
        },
        {
            "codigo": "JdMtSdrp7s",
            "total": 5,
            "valor_unitario": 842794,
            "descuento": 0.36,
            "IVA": 5
        },
        {
            "codigo": "CZvBQkQjVg",
            "total": 8,
            "valor_unitario": 220371,
            "descuento": 0.3,
            "IVA": 5
        },
        {
            "codigo": "QVeBDCWXxk",
            "total": 1,
            "valor_unitario": 721537,
            "descuento": 0.34,
            "IVA": 0
        },
        {
            "codigo": "P1XgDHMzMf",
            "total": 7,
            "valor_unitario": 137532,
            "descuento": 0.3,
            "IVA": 19
        },
        {
            "codigo": "Q00B6E9gAs",
            "total": 4,
            "valor_unitario": 468262,
            "descuento": 0.33,
            "IVA": 19
        },
        {
            "codigo": "xQsH2g5dgz",
            "total": 14,
            "valor_unitario": 749390,
            "descuento": 0.34,
            "IVA": 5
        },
        {
            "codigo": "dn3JMkTKn0",
            "total": 12,
            "valor_unitario": 13944,
            "descuento": 0.14,
            "IVA": 5
        },
        {
            "codigo": "MVwPmSw8tq",
            "total": 2,
            "valor_unitario": 599152,
            "descuento": 0.29,
            "IVA": 19
        },
        {
            "codigo": "EbawLlNKL2",
            "total": 19,
            "valor_unitario": 296554,
            "descuento": 0.02,
            "IVA": 5
        },
        {
            "codigo": "n2WE9SCiME",
            "total": 6,
            "valor_unitario": 789264,
            "descuento": 0.18,
            "IVA": 19
        },
        {
            "codigo": "ei4NLlT6R9",
            "total": 15,
            "valor_unitario": 312577,
            "descuento": 0.3,
            "IVA": 0
        },
        {
            "codigo": "w46Jra6vrx",
            "total": 4,
            "valor_unitario": 556293,
            "descuento": 0.02,
            "IVA": 19
        },
        {
            "codigo": "fjiLEeRcfj",
            "total": 5,
            "valor_unitario": 626068,
            "descuento": 0.02,
            "IVA": 19
        },
        {
            "codigo": "LoSjrpJ8gU",
            "total": 1,
            "valor_unitario": 486665,
            "descuento": 0.48,
            "IVA": 19
        },
        {
            "codigo": "g4JyopaUOd",
            "total": 3,
            "valor_unitario": 26234,
            "descuento": 0.17,
            "IVA": 19
        },
        {
            "codigo": "Qizo5EGtqF",
            "total": 16,
            "valor_unitario": 711988,
            "descuento": 0.34,
            "IVA": 5
        }
    ]
}