{
    "empresa_nit": "789526431",
    "empresa_ciudad": "CALI",
    "empresa_sede": "centro",
    "empresa_nombre": "Supermercado Central",
    "fecha_hora": "2020-04-05 04:56:21",
    "factura_num": "00118",
    "ciente_numero": 739841355,
    "pago_tipo": "TAR.CREDITO",
    "productos": [
        {
            "codigo": "chAgs3CGgq",
            "total": 5,
            "valor_unitario": 492024,
            "descuento": 0.25,
            "IVA": 19
        },
        {
            "codigo": "RWqJZN0YZl",
            "total": 1,
            "valor_unitario": 395381,
            "descuento": 0.17,
            "IVA": 19
        },
        {
            "codigo": "SjWuMGi5XC",
            "total": 1,
            "valor_unitario": 849318,
            "descuento": 0.16,
            "IVA": 0
        },
        {
            "codigo": "WJeRkemIfc",
            "total": 18,
            "valor_unitario": 105239,
            "descuento": 0.3,
            "IVA": 0
        },
        {
            "codigo": "kNKEZ33wxV",
            "total": 18,
            "valor_unitario": 276876,
            "descuento": 0.29,
            "IVA": 0
        },
        {
            "codigo": "SrPYOjAo2t",
            "total": 13,
            "valor_unitario": 206096,
            "descuento": 0.17,
            "IVA": 5
        },
        {
            "codigo": "kGZauTA2lq",
            "total": 3,
            "valor_unitario": 282136,
            "descuento": 0.27,
            "IVA": 19
        },
        {
            "codigo": "xUzyR7PtfE",
            "total": 20,
            "valor_unitario": 73288,
            "descuento": 0.14,
            "IVA": 0
        },
        {
            "codigo": "GQOw1LHjyz",
            "total": 1,
            "valor_unitario": 89093,
            "descuento": 0.28,
            "IVA": 5
        },
        {
            "codigo": "6D2OvpMYfO",
            "total": 5,
            "valor_unitario": 140395,
            "descuento": 0.08,
            "IVA": 19
        },
        {
            "codigo": "67UgZRCRsa",
            "total": 1,
            "valor_unitario": 201902,
            "descuento": 0.4,
            "IVA": 5
        },
        {
            "codigo": "udGCZmIqzF",
            "total": 19,
            "valor_unitario": 524181,
            "descuento": 0.48,
            "IVA": 0
        },
        {
            "codigo": "OcgpsOnqDC",
            "total": 6,
            "valor_unitario": 46630,
            "descuento": 0.45,
            "IVA": 19
        },
        {
            "codigo": "8QWxyCTeAu",
            "total": 5,
            "valor_unitario": 326316,
            "descuento": 0.23,
            "IVA": 19
        },
        {
            "codigo": "dzYaDvr3zc",
            "total": 8,
            "valor_unitario": 618768,
            "descuento": 0.34,
            "IVA": 5
        },
        {
            "codigo": "25tuN2rU6p",
            "total": 14,
            "valor_unitario": 570602,
            "descuento": 0.04,
            "IVA": 19
        },
        {
            "codigo": "6Okn2W6H3F",
            "total": 11,
            "valor_unitario": 98426,
            "descuento": 0.04,
            "IVA": 0
        },
        {
            "codigo": "jz0hHxcPIJ",
            "total": 7,
            "valor_unitario": 340474,
            "descuento": 0.14,
            "IVA": 19
        },
        {
            "codigo": "1ESv4AqmO4",
            "total": 8,
            "valor_unitario": 42010,
            "descuento": 0.27,
            "IVA": 0
        }
    ]
}