{
    "empresa_nit": "789526431",
    "empresa_ciudad": "CALI",
    "empresa_sede": "aeropuerto",
    "empresa_nombre": "Supermercado Central",
    "fecha_hora": "2025-02-28 04:58:20",
    "factura_num": "01270",
    "ciente_numero": 679843063,
    "pago_tipo": "TAR.DEBITO",
    "productos": [
        {
            "codigo": "UqEZWgvTOd",
            "total": 20,
            "valor_unitario": 192170,
            "descuento": 0.03,
            "IVA": 0
        },
        {
            "codigo": "570f3PYcYn",
            "total": 16,
            "valor_unitario": 98529,
            "descuento": 0.36,
            "IVA": 19
        },
        {
            "codigo": "3UUtOT3VDL",
            "total": 2,
            "valor_unitario": 121060,
            "descuento": 0.04,
            "IVA": 5
        },
        {
            "codigo": "OzSifWY4p7",
            "total": 6,
            "valor_unitario": 91465,
            "descuento": 0.22,
            "IVA": 5
        },
        {
            "codigo": "bQlCDBfVKd",
            "total": 14,
            "valor_unitario": 81509,
            "descuento": 0.43,
            "IVA": 0
        },
        {
            "codigo": "OUDILPn1zV",
            "total": 2,
            "valor_unitario": 303244,
            "descuento": 0.04,
            "IVA": 19
        },
        {
            "codigo": "wEiwVAcrVM",
            "total": 8,
            "valor_unitario": 616389,
            "descuento": 0.34,
            "IVA": 0
        },
        {
            "codigo": "bDE9ri8LJU",
            "total": 4,
            "valor_unitario": 231553,
            "descuento": 0.11,
            "IVA": 5
        },
        {
            "codigo": "5YV8oaBOgh",
            "total": 6,
            "valor_unitario": 854798,
            "descuento": 0.12,
            "IVA": 5
        },
        {
            "codigo": "Maz9pSSL6k",
            "total": 9,
            "valor_unitario": 781433,
            "descuento": 0.25,
            "IVA": 19
        },
        {
            "codigo": "5ngoL3bzuf",
            "total": 4,
            "valor_unitario": 805979,
            "descuento": 0.12,
            "IVA": 19
        },
        {
            "codigo": "5pdaxrf7Su",
            "total": 9,
            "valor_unitario": 417853,
            "descuento": 0.34,
            "IVA": 5
        },
        {
            "codigo": "JyXtxBUteS",
            "total": 9,
            "valor_unitario": 888246,
            "descuento": 0.42,
            "IVA": 19
        }
    ]
}