{
    "empresa_nit": "789526431",
    "empresa_ciudad": "TUNJA",
    "empresa_sede": "alcaldia",
    "empresa_nombre": "Supermercado Central",
    "fecha_hora": "2021-09-22 03:37:12",
    "factura_num": "01444",
    "ciente_numero": 790923653,
    "pago_tipo": "EFECTIVO",
    "productos": [
        {
            "codigo": "gTNWliJLgN",
            "total": 4,
            "valor_unitario": 811420,
            "descuento": 0.13,
            "IVA": 5
        },
        {
            "codigo": "55BotQBdqE",
            "total": 18,
            "valor_unitario": 112736,
            "descuento": 0.22,
            "IVA": 0
        },
        {
            "codigo": "WF9GTI1uG0",
            "total": 10,
            "valor_unitario": 408024,
            "descuento": 0.43,
            "IVA": 5
        },
        {
            "codigo": "v8sbac9dPC",
            "total": 9,
            "valor_unitario": 613138,
            "descuento": 0.5,
            "IVA": 5
        },
        {
            "codigo": "dVu7NR3VGJ",
            "total": 13,
            "valor_unitario": 465483,
            "descuento": 0.45,
            "IVA": 0
        },
        {
            "codigo": "h7arAS76rF",
            "total": 6,
            "valor_unitario": 146555,
            "descuento": 0.09,
            "IVA": 19
        },
        {
            "codigo": "qVuWg8zJI5",
            "total": 5,
            "valor_unitario": 358593,
            "descuento": 0.47,
            "IVA": 19
        },
        {
            "codigo": "cfjMubEW3P",
            "total": 13,
            "valor_unitario": 771534,
            "descuento": 0.17,
            "IVA": 0
        },
        {
            "codigo": "UQwv7s2giJ",
            "total": 5,
            "valor_unitario": 277324,
            "descuento": 0.18,
            "IVA": 0
        },
        {
            "codigo": "tQd9yTvEq1",
            "total": 12,
            "valor_unitario": 699487,
            "descuento": 0.35,
            "IVA": 19
        },
        {
            "codigo": "keunVoYAhC",
            "total": 9,
            "valor_unitario": 751673,
            "descuento": 0.19,
            "IVA": 5
        },
        {
            "codigo": "LxX9xXvL7W",
            "total": 10,
            "valor_unitario": 45488,
            "descuento": 0.42,
            "IVA": 5
        },
        {
            "codigo": "iaQL2uMP6D",
            "total": 10,
            "valor_unitario": 469309,
            "descuento": 0.21,
            "IVA": 0
        }
    ]
}