{
    "empresa_nit": "789526431",
    "empresa_ciudad": "BARRANQUILLA",
    "empresa_sede": "autopista",
    "empresa_nombre": "Supermercado Central",
    "fecha_hora": "2023-05-09 23:51:18",
    "factura_num": "01078",
    "ciente_numero": 718836000,
    "pago_tipo": "TRANFERENCIA",
    "productos": [
        {
            "codigo": "nxJ59L0BrG",
            "total": 14,
            "valor_unitario": 920883,
            "descuento": 0.03,
            "IVA": 0
        },
        {
            "codigo": "hJmEHlFYeB",
            "total": 5,
            "valor_unitario": 849652,
            "descuento": 0.14,
            "IVA": 0
        },
        {
            "codigo": "GLjsEnWuWY",
            "total": 1,
            "valor_unitario": 592687,
            "descuento": 0.42,
            "IVA": 5
        },
        {
            "codigo": "p1MalIALJa",
            "total": 16,
            "valor_unitario": 789653,
            "descuento": 0.24,
            "IVA": 0
        },
        {
            "codigo": "7QDIQ0PBLn",
            "total": 16,
            "valor_unitario": 473558,
            "descuento": 0.14,
            "IVA": 0
        },
        {
            "codigo": "2k29x8taid",
            "total": 6,
            "valor_unitario": 140115,
            "descuento": 0.39,
            "IVA": 19
        },
        {
            "codigo": "E2Lllqtp63",
            "total": 14,
            "valor_unitario": 531600,
            "descuento": 0.21,
            "IVA": 0
        },
        {
            "codigo": "SEbqHRGpT4",
            "total": 2,
            "valor_unitario": 203457,
            "descuento": 0.12,
            "IVA": 5
        },
        {
            "codigo": "uyOQdPYi9U",
            "total": 20,
            "valor_unitario": 157528,
            "descuento": 0.46,
            "IVA": 19
        }
    ]
}