{
    "empresa_nit": "789526431",
    "empresa_ciudad": "MEDELLIN",
    "empresa_sede": "plaza",
    "empresa_nombre": "Supermercado Central",
    "fecha_hora": "2025-02-01 13:22:27",
    "factura_num": "01124",
    "ciente_numero": 550455847,
    "pago_tipo": "EFECTIVO",
    "productos": [
        {
            "codigo": "TMW2ohHRbv",
            "total": 20,
            "valor_unitario": 464259,
            "descuento": 0.26,
            "IVA": 5
        },
        {
            "codigo": "1YID4FaBnm",
            "total": 17,
            "valor_unitario": 987632,
            "descuento": 0.08,
            "IVA": 0
        },
        {
            "codigo": "zxE2dGZQFG",
            "total": 9,
            "valor_unitario": 286523,
            "descuento": 0.36,
            "IVA": 0
        },
        {
            "codigo": "SShlIhqAMO",
            "total": 5,
            "valor_unitario": 926628,
            "descuento": 0.24,
            "IVA": 5
        },
        {
            "codigo": "nN4316m9Z8",
            "total": 19,
            "valor_unitario": 421517,
            "descuento": 0.32,
            "IVA": 0
        }
    ]
}