{
    "empresa_nit": "789526431",
    "empresa_ciudad": "TUNJA",
    "empresa_sede": "autopista",
    "empresa_nombre": "Supermercado Central",
    "fecha_hora": "2021-02-22 13:53:26",
    "factura_num": "01108",
    "ciente_numero": 182555097,
    "pago_tipo": "TRANFERENCIA",
    "productos": [
        {
            "codigo": "7Z8lKfF2Er",
            "total": 10,
            "valor_unitario": 414796,
            "descuento": 0.37,
            "IVA": 5
        },
        {
            "codigo": "xS05re4XjS",
            "total": 10,
            "valor_unitario": 242742,
            "descuento": 0.01,
            "IVA": 19
        },
        {
            "codigo": "flzj8kyTER",
            "total": 4,
            "valor_unitario": 933211,
            "descuento": 0.35,
            "IVA": 19
        },
        {
            "codigo": "UPQou6M3UQ",
            "total": 7,
            "valor_unitario": 51581,
            "descuento": 0.21,
            "IVA": 5
        },
        {
            "codigo": "hGdtPgQI5W",
            "total": 14,
            "valor_unitario": 336510,
            "descuento": 0.13,
            "IVA": 19
        },
        {
            "codigo": "ZU2jDuIIXD",
            "total": 19,
            "valor_unitario": 224096,
            "descuento": 0.11,
            "IVA": 19
        },
        {
            "codigo": "W4Xq2vmnEI",
            "total": 15,
            "valor_unitario": 859376,
            "descuento": 0.16,
            "IVA": 19
        },
        {
            "codigo": "TaUH1kv8He",
            "total": 14,
            "valor_unitario": 226915,
            "descuento": 0.15,
            "IVA": 5
        },
        {
            "codigo": "cFtBXy3jeY",
            "total": 11,
            "valor_unitario": 360302,
            "descuento": 0.35,
            "IVA": 0
        },
        {
            "codigo": "TtUNzuF8w4",
            "total": 10,
            "valor_unitario": 644668,
            "descuento": 0.23,
            "IVA": 5
        },
        {
            "codigo": "AC4kXxtCpC",
            "total": 2,
            "valor_unitario": 992421,
            "descuento": 0.44,
            "IVA": 19
        },
        {
            "codigo": "IcIIMHwX0P",
            "total": 17,
            "valor_unitario": 314947,
            "descuento": 0.4,
            "IVA": 19
        },
        {
            "codigo": "qbk42qVdRy",
            "total": 16,
            "valor_unitario": 774105,
            "descuento": 0.1,
            "IVA": 5
        },
        {
            "codigo": "o7PyWztRDI",
            "total": 6,
            "valor_unitario": 66929,
            "descuento": 0.17,
            "IVA": 0
        },
        {
            "codigo": "BtgFEpC1CY",
            "total": 1,
            "valor_unitario": 403993,
            "descuento": 0.22,
            "IVA": 19
        },
        {
            "codigo": "veBV9DNOft",
            "total": 9,
            "valor_unitario": 573636,
            "descuento": 0.4,
            "IVA": 5
        }
    ]
}