{
    "empresa_nit": "789526431",
    "empresa_ciudad": "MEDELLIN",
    "empresa_sede": "alcaldia",
    "empresa_nombre": "Supermercado Central",
    "fecha_hora": "2021-01-07 01:02:24",
    "factura_num": "01405",
    "ciente_numero": 795870662,
    "pago_tipo": "TRANFERENCIA",
    "productos": [
        {
            "codigo": "wnSeVJKXyM",
            "total": 14,
            "valor_unitario": 263723,
            "descuento": 0.03,
            "IVA": 5
        },
        {
            "codigo": "UVn0pnPUWw",
            "total": 16,
            "valor_unitario": 550093,
            "descuento": 0.43,
            "IVA": 5
        },
        {
            "codigo": "uxQc0presm",
            "total": 8,
            "valor_unitario": 222029,
            "descuento": 0.01,
            "IVA": 0
        },
        {
            "codigo": "9FbP5irW1f",
            "total": 12,
            "valor_unitario": 712182,
            "descuento": 0.31,
            "IVA": 0
        },
        {
            "codigo": "5FX9SBu0nc",
            "total": 9,
            "valor_unitario": 879340,
            "descuento": 0.44,
            "IVA": 5
        }
    ]
}