{
    "empresa_nit": "789526431",
    "empresa_ciudad": "CALI",
    "empresa_sede": "plaza",
    "empresa_nombre": "Supermercado Central",
    "fecha_hora": "2023-03-08 20:36:41",
    "factura_num": "01069",
    "ciente_numero": 725437732,
    "pago_tipo": "EFECTIVO",
    "productos": [
        {
            "codigo": "pCIrer3en0",
            "total": 19,
            "valor_unitario": 458211,
            "descuento": 0.25,
            "IVA": 5
        },
        {
            "codigo": "oIOp6iEWnD",
            "total": 17,
            "valor_unitario": 482113,
            "descuento": 0.15,
            "IVA": 0
        },
        {
            "codigo": "Z2iabw8uQC",
            "total": 14,
            "valor_unitario": 621499,
            "descuento": 0.04,
            "IVA": 19
        },
        {
            "codigo": "hZfscy8kfe",
            "total": 13,
            "valor_unitario": 296248,
            "descuento": 0.01,
            "IVA": 0
        },
        {
            "codigo": "SXAmSqhJFU",
            "total": 1,
            "valor_unitario": 202933,
            "descuento": 0.12,
            "IVA": 5
        },
        {
            "codigo": "HsU7swHaxb",
            "total": 9,
            "valor_unitario": 838554,
            "descuento": 0.42,
            "IVA": 19
        },
        {
            "codigo": "pdww32HSLn",
            "total": 13,
            "valor_unitario": 849432,
            "descuento": 0.14,
            "IVA": 5
        },
        {
            "codigo": "aSHNjMy4Pc",
            "total": 8,
            "valor_unitario": 721326,
            "descuento": 0.34,
            "IVA": 0
        },
        {
            "codigo": "XVxe5Lztik",
            "total": 11,
            "valor_unitario": 123894,
            "descuento": 0.28,
            "IVA": 0
        },
        {
            "codigo": "ygfMWJfbFc",
            "total": 1,
            "valor_unitario": 616598,
            "descuento": 0.33,
            "IVA": 5
        }
    ]
}