{
    "empresa_nit": "789526431",
    "empresa_ciudad": "TUNJA",
    "empresa_sede": "terminal",
    "empresa_nombre": "Supermercado Central",
    "fecha_hora": "2020-05-31 23:26:28",
    "factura_num": "01427",
    "ciente_numero": 105183604,
    "pago_tipo": "EFECTIVO",
    "productos": [
        {
            "codigo": "RTYCU195cV",
            "total": 19,
            "valor_unitario": 709382,
            "descuento": 0.45,
            "IVA": 0
        },
        {
            "codigo": "3Uwcz1YE5Z",
            "total": 12,
            "valor_unitario": 647287,
            "descuento": 0.25,
            "IVA": 0
        },
        {
            "codigo": "W1aniBKWYY",
            "total": 18,
            "valor_unitario": 247535,
            "descuento": 0.29,
            "IVA": 0
        },
        {
            "codigo": "z4o80pYC4m",
            "total": 8,
            "valor_unitario": 98939,
            "descuento": 0.47,
            "IVA": 5
        },
        {
            "codigo": "4DTJjY6ZxV",
            "total": 2,
            "valor_unitario": 609644,
            "descuento": 0.17,
            "IVA": 19
        },
        {
            "codigo": "CqDj6aEvQe",
            "total": 20,
            "valor_unitario": 910115,
            "descuento": 0.16,
            "IVA": 5
        },
        {
            "codigo": "MBUqbkrETD",
            "total": 4,
            "valor_unitario": 664471,
            "descuento": 0.5,
            "IVA": 0
        },
        {
            "codigo": "U9xjn8OBGP",
            "total": 6,
            "valor_unitario": 534806,
            "descuento": 0.1,
            "IVA": 19
        },
        {
            "codigo": "VaHPc3o2dk",
            "total": 3,
            "valor_unitario": 531066,
            "descuento": 0.16,
            "IVA": 19
        },
        {
            "codigo": "ndPypfpPrp",
            "total": 9,
            "valor_unitario": 140398,
            "descuento": 0.08,
            "IVA": 5
        },
        {
            "codigo": "GxIVidjpbU",
            "total": 19,
            "valor_unitario": 270481,
            "descuento": 0.43,
            "IVA": 5
        },
        {
            "codigo": "ZSUlT3aX5e",
            "total": 7,
            "valor_unitario": 377539,
            "descuento": 0.02,
            "IVA": 19
        },
        {
            "codigo": "MbVrlQtC7u",
            "total": 1,
            "valor_unitario": 351531,
            "descuento": 0.02,
            "IVA": 0
        },
        {
            "codigo": "H2v7Iimc7j",
            "total": 6,
            "valor_unitario": 439327,
            "descuento": 0.04,
            "IVA": 19
        },
        {
            "codigo": "YkNpmrLn5D",
            "total": 2,
            "valor_unitario": 212773,
            "descuento": 0.39,
            "IVA": 19
        },
        {
            "codigo": "2Yt0Rai1Oh",
            "total": 2,
            "valor_unitario": 400219,
            "descuento": 0.12,
            "IVA": 0
        },
        {
            "codigo": "oOn9luB18J",
            "total": 11,
            "valor_unitario": 924725,
            "descuento": 0.49,
            "IVA": 19
        },
        {
            "codigo": "T7MMoTIjjy",
            "total": 10,
            "valor_unitario": 717166,
            "descuento": 0.36,
            "IVA": 0
        }
    ]
}