{
    "empresa_nit": "789526431",
    "empresa_ciudad": "BOGOTA",
    "empresa_sede": "centro",
    "empresa_nombre": "Supermercado Central",
    "fecha_hora": "2021-10-06 21:28:41",
    "factura_num": "01137",
    "ciente_numero": 326165300,
    "pago_tipo": "TRANFERENCIA",
    "productos": [
        {
            "codigo": "8v6YArt6YH",
            "total": 20,
            "valor_unitario": 606262,
            "descuento": 0.28,
            "IVA": 19
        },
        {
            "codigo": "ykffu7ETFR",
            "total": 2,
            "valor_unitario": 279517,
            "descuento": 0.16,
            "IVA": 5
        },
        {
            "codigo": "6Veqzkuy4P",
            "total": 18,
            "valor_unitario": 589997,
            "descuento": 0.21,
            "IVA": 0
        },
        {
            "codigo": "6yDoFWWQrW",
            "total": 7,
            "valor_unitario": 908023,
            "descuento": 0.18,
            "IVA": 5
        }
    ]
}