{
    "empresa_nit": "789526431",
    "empresa_ciudad": "BOGOTA",
    "empresa_sede": "plaza",
    "empresa_nombre": "Supermercado Central",
    "fecha_hora": "2020-07-20 01:12:17",
    "factura_num": "01295",
    "ciente_numero": 85322125,
    "pago_tipo": "TAR.DEBITO",
    "productos": [
        {
            "codigo": "sA25IqZO9I",
            "total": 12,
            "valor_unitario": 762981,
            "descuento": 0.46,
            "IVA": 19
        },
        {
            "codigo": "ye7ESlY2qP",
            "total": 5,
            "valor_unitario": 429262,
            "descuento": 0.39,
            "IVA": 5
        },
        {
            "codigo": "Pl8MZe77nR",
            "total": 16,
            "valor_unitario": 930905,
            "descuento": 0.39,
            "IVA": 19
        },
        {
            "codigo": "2exG4EpgrF",
            "total": 16,
            "valor_unitario": 217880,
            "descuento": 0.28,
            "IVA": 5
        },
        {
            "codigo": "zkyomf73wO",
            "total": 2,
            "valor_unitario": 389732,
            "descuento": 0.02,
            "IVA": 19
        },
        {
            "codigo": "iAbfGsWcwl",
            "total": 4,
            "valor_unitario": 733020,
            "descuento": 0.36,
            "IVA": 0
        },
        {
            "codigo": "STRsDWuXgW",
            "total": 11,
            "valor_unitario": 481535,
            "descuento": 0.04,
            "IVA": 5
        },
        {
            "codigo": "8a3AuuW1YQ",
            "total": 8,
            "valor_unitario": 607295,
            "descuento": 0.02,
            "IVA": 19
        },
        {
            "codigo": "OSbCc7al1l",
            "total": 8,
            "valor_unitario": 924296,
            "descuento": 0.42,
            "IVA": 19
        },
        {
            "codigo": "mc3MvO7qVD",
            "total": 9,
            "valor_unitario": 263850,
            "descuento": 0.1,
            "IVA": 5
        },
        {
            "codigo": "vjHokU3kTQ",
            "total": 16,
            "valor_unitario": 650756,
            "descuento": 0.28,
            "IVA": 0
        }
    ]
}