{
    "empresa_nit": "789526431",
    "empresa_ciudad": "BARRANQUILLA",
    "empresa_sede": "autopista",
    "empresa_nombre": "Supermercado Central",
    "fecha_hora": "2025-03-11 14:09:49",
    "factura_num": "01402",
    "ciente_numero": 609246857,
    "pago_tipo": "TRANFERENCIA",
    "productos": [
        {
            "codigo": "2jeVnDFDN0",
            "total": 18,
            "valor_unitario": 180542,
            "descuento": 0.34,
            "IVA": 5
        },
        {
            "codigo": "KJQc0gxeFI",
            "total": 10,
            "valor_unitario": 330543,
            "descuento": 0.35,
            "IVA": 0
        },
        {
            "codigo": "jicWwxTei8",
            "total": 4,
            "valor_unitario": 786886,
            "descuento": 0.1,
            "IVA": 5
        },
        {
            "codigo": "hZw2Qt6kwI",
            "total": 19,
            "valor_unitario": 95965,
            "descuento": 0.04,
            "IVA": 19
        },
        {
            "codigo": "g0a96Lhfqz",
            "total": 6,
            "valor_unitario": 661853,
            "descuento": 0.45,
            "IVA": 19
        },
        {
            "codigo": "0chT80hOHz",
            "total": 13,
            "valor_unitario": 395588,
            "descuento": 0.1,
            "IVA": 5
        }
    ]
}