{
    "empresa_nit": "789526431",
    "empresa_ciudad": "TUNJA",
    "empresa_sede": "autopista",
    "empresa_nombre": "Supermercado Central",
    "fecha_hora": "2024-04-10 10:53:08",
    "factura_num": "01442",
    "ciente_numero": 641744898,
    "pago_tipo": "TRANFERENCIA",
    "productos": [
        {
            "codigo": "0Zmq0fjfZn",
            "total": 16,
            "valor_unitario": 845633,
            "descuento": 0.48,
            "IVA": 19
        },
        {
            "codigo": "ElKD9O0IGj",
            "total": 14,
            "valor_unitario": 882515,
            "descuento": 0.33,
            "IVA": 5
        },
        {
            "codigo": "zQ4aZOekZB",
            "total": 9,
            "valor_unitario": 337178,
            "descuento": 0.3,
            "IVA": 5
        },
        {
            "codigo": "OLsLHBKsjK",
            "total": 20,
            "valor_unitario": 806132,
            "descuento": 0.17,
            "IVA": 0
        },
        {
            "codigo": "M8wzgoygZQ",
            "total": 8,
            "valor_unitario": 82931,
            "descuento": 0.1,
            "IVA": 19
        },
        {
            "codigo": "vZMgKbHUN7",
            "total": 13,
            "valor_unitario": 647783,
            "descuento": 0.38,
            "IVA": 5
        },
        {
            "codigo": "8ynsrMguhm",
            "total": 11,
            "valor_unitario": 460317,
            "descuento": 0.21,
            "IVA": 0
        },
        {
            "codigo": "G1cBhfjEAg",
            "total": 10,
            "valor_unitario": 371356,
            "descuento": 0.35,
            "IVA": 0
        },
        {
            "codigo": "qZ4dNsEOJs",
            "total": 2,
            "valor_unitario": 175551,
            "descuento": 0.27,
            "IVA": 0
        },
        {
            "codigo": "ArvUGbR01n",
            "total": 2,
            "valor_unitario": 909279,
            "descuento": 0.09,
            "IVA": 0
        },
        {
            "codigo": "iP2zr3V3JC",
            "total": 10,
            "valor_unitario": 17659,
            "descuento": 0.41,
            "IVA": 19
        },
        {
            "codigo": "AGsLMkXs8R",
            "total": 18,
            "valor_unitario": 250663,
            "descuento": 0.11,
            "IVA": 19
        },
        {
            "codigo": "RzPhW5ne57",
            "total": 15,
            "valor_unitario": 962552,
            "descuento": 0.18,
            "IVA": 0
        },
        {
            "codigo": "cpb9R6mo28",
            "total": 7,
            "valor_unitario": 855860,
            "descuento": 0.06,
            "IVA": 19
        },
        {
            "codigo": "qwkyHoTpZd",
            "total": 1,
            "valor_unitario": 591336,
            "descuento": 0.44,
            "IVA": 5
        }
    ]
}