{
    "empresa_nit": "789526431",
    "empresa_ciudad": "CALI",
    "empresa_sede": "aeropuerto",
    "empresa_nombre": "Supermercado Central",
    "fecha_hora": "2021-02-06 08:10:34",
    "factura_num": "01235",
    "ciente_numero": 496135133,
    "pago_tipo": "TRANFERENCIA",
    "productos": [
        {
            "codigo": "GFjCG1CNzQ",
            "total": 14,
            "valor_unitario": 332822,
            "descuento": 0.27,
            "IVA": 0
        },
        {
            "codigo": "Q0HJKHDTNQ",
            "total": 5,
            "valor_unitario": 550594,
            "descuento": 0.12,
            "IVA": 0
        }
    ]
}