{
    "empresa_nit": "789526431",
    "empresa_ciudad": "BOGOTA",
    "empresa_sede": "aeropuerto",
    "empresa_nombre": "Supermercado Central",
    "fecha_hora": "2022-10-06 15:30:45",
    "factura_num": "01373",
    "ciente_numero": 507293176,
    "pago_tipo": "TAR.CREDITO",
    "productos": [
        {
            "codigo": "vwNH8H8uu3",
            "total": 15,
            "valor_unitario": 479251,
            "descuento": 0.24,
            "IVA": 0
        },
        {
            "codigo": "fdAUQtNJx2",
            "total": 15,
            "valor_unitario": 518338,
            "descuento": 0.05,
            "IVA": 19
        },
        {
            "codigo": "hcKiLSmc14",
            "total": 18,
            "valor_unitario": 576528,
            "descuento": 0.39,
            "IVA": 19
        },
        {
            "codigo": "ZdkP1qjW8F",
            "total": 11,
            "valor_unitario": 833912,
            "descuento": 0.37,
            "IVA": 19
        },
        {
            "codigo": "xdiqcLTVPd",
            "total": 15,
            "valor_unitario": 296976,
            "descuento": 0.15,
            "IVA": 19
        },
        {
            "codigo": "TeZeAfnkPW",
            "total": 13,
            "valor_unitario": 611110,
            "descuento": 0.1,
            "IVA": 19
        },
        {
            "codigo": "9AGNQtzWT4",
            "total": 10,
            "valor_unitario": 453074,
            "descuento": 0.38,
            "IVA": 5
        },
        {
            "codigo": "rF8CuYICmn",
            "total": 6,
            "valor_unitario": 494379,
            "descuento": 0.35,
            "IVA": 5
        },
        {
            "codigo": "XWYJll0aUF",
            "total": 13,
            "valor_unitario": 413452,
            "descuento": 0.21,
            "IVA": 0
        },
        {
            "codigo": "iadl72ngjG",
            "total": 12,
            "valor_unitario": 289597,
            "descuento": 0.43,
            "IVA": 5
        },
        {
            "codigo": "fDEGsjJn95",
            "total": 7,
            "valor_unitario": 370287,
            "descuento": 0.17,
            "IVA": 5
        },
        {
            "codigo": "KRGYBc2BW7",
            "total": 13,
            "valor_unitario": 943554,
            "descuento": 0.24,
            "IVA": 5
        },
        {
            "codigo": "tTX2LUJ92e",
            "total": 13,
            "valor_unitario": 111687,
            "descuento": 0.12,
            "IVA": 0
        },
        {
            "codigo": "zLxfWeSUv0",
            "total": 15,
            "valor_unitario": 777030,
            "descuento": 0.44,
            "IVA": 19
        },
        {
            "codigo": "ycDKOEqwne",
            "total": 15,
            "valor_unitario": 856144,
            "descuento": 0.1,
            "IVA": 0
        },
        {
            "codigo": "ZbnXni32H1",
            "total": 17,
            "valor_unitario": 897603,
            "descuento": 0.28,
            "IVA": 0
        },
        {
            "codigo": "VoafhPYsxe",
            "total": 5,
            "valor_unitario": 584362,
            "descuento": 0.11,
            "IVA": 19
        }
    ]
}