{
    "empresa_nit": "789526431",
    "empresa_ciudad": "MEDELLIN",
    "empresa_sede": "terminal",
    "empresa_nombre": "Supermercado Central",
    "fecha_hora": "2020-04-01 03:34:02",
    "factura_num": "01100",
    "ciente_numero": 806881971,
    "pago_tipo": "TRANFERENCIA",
    "productos": [
        {
            "codigo": "4iQxm7VRPx",
            "total": 4,
            "valor_unitario": 808954,
            "descuento": 0.47,
            "IVA": 19
        },
        {
            "codigo": "3VCD63xSHU",
            "total": 9,
            "valor_unitario": 507421,
            "descuento": 0.1,
            "IVA": 5
        },
        {
            "codigo": "cK8MCgUH1c",
            "total": 13,
            "valor_unitario": 138152,
            "descuento": 0.17,
            "IVA": 5
        },
        {
            "codigo": "ZdvY835AXR",
            "total": 6,
            "valor_unitario": 600928,
            "descuento": 0.34,
            "IVA": 5
        },
        {
            "codigo": "CSzrbvjlWO",
            "total": 8,
            "valor_unitario": 518790,
            "descuento": 0.08,
            "IVA": 0
        },
        {
            "codigo": "pCD9GAxwgo",
            "total": 12,
            "valor_unitario": 861585,
            "descuento": 0.08,
            "IVA": 19
        },
        {
            "codigo": "HOaZLrlMdq",
            "total": 8,
            "valor_unitario": 388692,
            "descuento": 0.42,
            "IVA": 19
        },
        {
            "codigo": "GUjRUsH1BX",
            "total": 20,
            "valor_unitario": 647391,
            "descuento": 0.07,
            "IVA": 19
        },
        {
            "codigo": "jLMSplHVyc",
            "total": 13,
            "valor_unitario": 757943,
            "descuento": 0.08,
            "IVA": 19
        },
        {
            "codigo": "TUOuvkJYaC",
            "total": 6,
            "valor_unitario": 703696,
            "descuento": 0.37,
            "IVA": 5
        },
        {
            "codigo": "CKcam6X20f",
            "total": 15,
            "valor_unitario": 269694,
            "descuento": 0.38,
            "IVA": 19
        },
        {
            "codigo": "362Ow1gObE",
            "total": 2,
            "valor_unitario": 659842,
            "descuento": 0.21,
            "IVA": 5
        },
        {
            "codigo": "RspoT2qfPY",
            "total": 1,
            "valor_unitario": 49800,
            "descuento": 0.25,
            "IVA": 19
        },
        {
            "codigo": "A1yC5y0hy4",
            "total": 4,
            "valor_unitario": 768838,
            "descuento": 0.01,
            "IVA": 0
        },
        {
            "codigo": "ddocADLV5O",
            "total": 3,
            "valor_unitario": 515230,
            "descuento": 0.14,
            "IVA": 19
        },
        {
            "codigo": "PJ2CDbK4ZZ",
            "total": 16,
            "valor_unitario": 497823,
            "descuento": 0.29,
            "IVA": 5
        },
        {
            "codigo": "xcw2F9fdwS",
            "total": 3,
            "valor_unitario": 417800,
            "descuento": 0.11,
            "IVA": 5
        },
        {
            "codigo": "CFkqTDr5ug",
            "total": 2,
            "valor_unitario": 133723,
            "descuento": 0.5,
            "IVA": 0
        },
        {
            "codigo": "1W4fIWiMNy",
            "total": 12,
            "valor_unitario": 683073,
            "descuento": 0.5,
            "IVA": 0
        }
    ]
}