{
    "empresa_nit": "789526431",
    "empresa_ciudad": "TUNJA",
    "empresa_sede": "autopista",
    "empresa_nombre": "Supermercado Central",
    "fecha_hora": "2020-11-12 12:38:49",
    "factura_num": "01332",
    "ciente_numero": 635384753,
    "pago_tipo": "TAR.CREDITO",
    "productos": [
        {
            "codigo": "YcnQSJzGrv",
            "total": 11,
            "valor_unitario": 665177,
            "descuento": 0.05,
            "IVA": 5
        },
        {
            "codigo": "S8UzhbW2sn",
            "total": 12,
            "valor_unitario": 377332,
            "descuento": 0.39,
            "IVA": 19
        },
        {
            "codigo": "SfnXu9Ru41",
            "total": 2,
            "valor_unitario": 507839,
            "descuento": 0.31,
            "IVA": 19
        },
        {
            "codigo": "WRKAexGIKo",
            "total": 1,
            "valor_unitario": 938653,
            "descuento": 0.1,
            "IVA": 5
        },
        {
            "codigo": "8Ec4C0s2Vu",
            "total": 3,
            "valor_unitario": 65635,
            "descuento": 0.47,
            "IVA": 5
        },
        {
            "codigo": "1nfjqg1CQk",
            "total": 7,
            "valor_unitario": 246605,
            "descuento": 0.2,
            "IVA": 0
        },
        {
            "codigo": "zxKTzuaaWw",
            "total": 14,
            "valor_unitario": 849111,
            "descuento": 0.15,
            "IVA": 5
        },
        {
            "codigo": "emRWlUBr21",
            "total": 18,
            "valor_unitario": 876375,
            "descuento": 0.46,
            "IVA": 5
        },
        {
            "codigo": "yLbkXsZTYD",
            "total": 7,
            "valor_unitario": 560397,
            "descuento": 0.23,
            "IVA": 19
        },
        {
            "codigo": "SmfDYpCwG6",
            "total": 12,
            "valor_unitario": 488576,
            "descuento": 0.45,
            "IVA": 0
        },
        {
            "codigo": "41vbfgzl7g",
            "total": 8,
            "valor_unitario": 903921,
            "descuento": 0.06,
            "IVA": 0
        },
        {
            "codigo": "M6g3zo5iB6",
            "total": 20,
            "valor_unitario": 354363,
            "descuento": 0.02,
            "IVA": 5
        },
        {
            "codigo": "c0jytJ4tlW",
            "total": 19,
            "valor_unitario": 150657,
            "descuento": 0.34,
            "IVA": 5
        },
        {
            "codigo": "pIfeQlwyNb",
            "total": 16,
            "valor_unitario": 749690,
            "descuento": 0.13,
            "IVA": 0
        },
        {
            "codigo": "Yu5woDMEHv",
            "total": 12,
            "valor_unitario": 130907,
            "descuento": 0.44,
            "IVA": 5
        },
        {
            "codigo": "pWUWdohVcr",
            "total": 2,
            "valor_unitario": 962339,
            "descuento": 0.15,
            "IVA": 0
        },
        {
            "codigo": "PTn8I43kB0",
            "total": 4,
            "valor_unitario": 470393,
            "descuento": 0.47,
            "IVA": 0
        }
    ]
}