{
    "empresa_nit": "789526431",
    "empresa_ciudad": "BOGOTA",
    "empresa_sede": "terminal",
    "empresa_nombre": "Supermercado Central",
    "fecha_hora": "2020-04-23 14:47:32",
    "factura_num": "01120",
    "ciente_numero": 943252309,
    "pago_tipo": "TAR.DEBITO",
    "productos": [
        {
            "codigo": "ZsdisnLf9s",
            "total": 14,
            "valor_unitario": 921505,
            "descuento": 0.12,
            "IVA": 0
        },
        {
            "codigo": "ta5wRLiNOX",
            "total": 6,
            "valor_unitario": 441542,
            "descuento": 0.47,
            "IVA": 5
        },
        {
            "codigo": "EQaZYuGbMX",
            "total": 19,
            "valor_unitario": 384543,
            "descuento": 0.43,
            "IVA": 0
        },
        {
            "codigo": "Cv4jhYQatv",
            "total": 20,
            "valor_unitario": 313953,
            "descuento": 0.3,
            "IVA": 19
        }
    ]
}