{
    "empresa_nit": "789526431",
    "empresa_ciudad": "BARRANQUILLA",
    "empresa_sede": "aeropuerto",
    "empresa_nombre": "Supermercado Central",
    "fecha_hora": "2021-02-03 12:07:25",
    "factura_num": "01125",
    "ciente_numero": 421688459,
    "pago_tipo": "TAR.CREDITO",
    "productos": [
        {
            "codigo": "tUjq9XcAkk",
            "total": 13,
            "valor_unitario": 294908,
            "descuento": 0.23,
            "IVA": 5
        },
        {
            "codigo": "N9YVByAib8",
            "total": 15,
            "valor_unitario": 914135,
            "descuento": 0.26,
            "IVA": 19
        },
        {
            "codigo": "ytsDBQvl0V",
            "total": 20,
            "valor_unitario": 332846,
            "descuento": 0.31,
            "IVA": 19
        },
        {
            "codigo": "mZDBNNxUBy",
            "total": 19,
            "valor_unitario": 469806,
            "descuento": 0.02,
            "IVA": 5
        },
        {
            "codigo": "iV4QDBKtjW",
            "total": 6,
            "valor_unitario": 323973,
            "descuento": 0.44,
            "IVA": 19
        },
        {
            "codigo": "PSAgvsT5ft",
            "total": 15,
            "valor_unitario": 838245,
            "descuento": 0.15,
            "IVA": 19
        }
    ]
}