{
    "empresa_nit": "789526431",
    "empresa_ciudad": "TUNJA",
    "empresa_sede": "aeropuerto",
    "empresa_nombre": "Supermercado Central",
    "fecha_hora": "2024-08-12 01:46:39",
    "factura_num": "01202",
    "ciente_numero": 364742570,
    "pago_tipo": "TAR.DEBITO",
    "productos": [
        {
            "codigo": "PefZuRuBbs",
            "total": 20,
            "valor_unitario": 492686,
            "descuento": 0.09,
            "IVA": 5
        },
        {
            "codigo": "u6MSESg942",
            "total": 17,
            "valor_unitario": 373433,
            "descuento": 0.01,
            "IVA": 5
        },
        {
            "codigo": "Lntf8B8Fbu",
            "total": 20,
            "valor_unitario": 443494,
            "descuento": 0.45,
            "IVA": 5
        },
        {
            "codigo": "NQRXIOJHiA",
            "total": 13,
            "valor_unitario": 397759,
            "descuento": 0.17,
            "IVA": 5
        },
        {
            "codigo": "evDMMdGFQW",
            "total": 1,
            "valor_unitario": 479040,
            "descuento": 0.4,
            "IVA": 19
        },
        {
            "codigo": "YFpKYIzDTq",
            "total": 5,
            "valor_unitario": 616893,
            "descuento": 0.36,
            "IVA": 5
        },
        {
            "codigo": "BJ2JUiQn2U",
            "total": 4,
            "valor_unitario": 595567,
            "descuento": 0.14,
            "IVA": 0
        },
        {
            "codigo": "CEShPShS4k",
            "total": 20,
            "valor_unitario": 939062,
            "descuento": 0.24,
            "IVA": 19
        }
    ]
}