{
    "empresa_nit": "789526431",
    "empresa_ciudad": "MEDELLIN",
    "empresa_sede": "autopista",
    "empresa_nombre": "Supermercado Central",
    "fecha_hora": "2023-05-04 04:07:07",
    "factura_num": "01131",
    "ciente_numero": 882040535,
    "pago_tipo": "TAR.DEBITO",
    "productos": [
        {
            "codigo": "VOrVfjguyF",
            "total": 2,
            "valor_unitario": 377213,
            "descuento": 0.44,
            "IVA": 19
        },
        {
            "codigo": "VEF3UzBSJh",
            "total": 14,
            "valor_unitario": 554762,
            "descuento": 0.23,
            "IVA": 0
        }
    ]
}