{
    "empresa_nit": "789526431",
    "empresa_ciudad": "CALI",
    "empresa_sede": "autopista",
    "empresa_nombre": "Supermercado Central",
    "fecha_hora": "2021-02-01 12:58:53",
    "factura_num": "01226",
    "ciente_numero": 425096024,
    "pago_tipo": "EFECTIVO",
    "productos": [
        {
            "codigo": "tS0g4bFYUE",
            "total": 15,
            "valor_unitario": 53429,
            "descuento": 0.12,
            "IVA": 19
        },
        {
            "codigo": "bpXfzIRGCz",
            "total": 16,
            "valor_unitario": 484832,
            "descuento": 0.39,
            "IVA": 19
        },
        {
            "codigo": "mnRYZUsL0M",
            "total": 13,
            "valor_unitario": 716620,
            "descuento": 0.29,
            "IVA": 5
        },
        {
            "codigo": "FDHEQFoD0w",
            "total": 1,
            "valor_unitario": 885476,
            "descuento": 0.2,
            "IVA": 5
        },
        {
            "codigo": "9rTSFh64JC",
            "total": 15,
            "valor_unitario": 180878,
            "descuento": 0.01,
            "IVA": 0
        },
        {
            "codigo": "OcnqETCUMl",
            "total": 14,
            "valor_unitario": 953394,
            "descuento": 0.17,
            "IVA": 0
        },
        {
            "codigo": "VeeELDDfrE",
            "total": 2,
            "valor_unitario": 15161,
            "descuento": 0.46,
            "IVA": 5
        },
        {
            "codigo": "fGHrQPKecJ",
            "total": 9,
            "valor_unitario": 272332,
            "descuento": 0.11,
            "IVA": 5
        },
        {
            "codigo": "Ahj8nNJ50o",
            "total": 16,
            "valor_unitario": 870052,
            "descuento": 0.09,
            "IVA": 0
        },
        {
            "codigo": "0TQi5jaDoi",
            "total": 16,
            "valor_unitario": 455899,
            "descuento": 0.49,
            "IVA": 19
        },
        {
            "codigo": "uh6scyaUoK",
            "total": 12,
            "valor_unitario": 513370,
            "descuento": 0.4,
            "IVA": 19
        },
        {
            "codigo": "kKe2zLSDeP",
            "total": 18,
            "valor_unitario": 878944,
            "descuento": 0.0,
            "IVA": 19
        },
        {
            "codigo": "4CcM9o1dYH",
            "total": 1,
            "valor_unitario": 623971,
            "descuento": 0.0,
            "IVA": 0
        },
        {
            "codigo": "j9m630kHav",
            "total": 8,
            "valor_unitario": 585708,
            "descuento": 0.42,
            "IVA": 5
        },
        {
            "codigo": "EW83vZlvfZ",
            "total": 15,
            "valor_unitario": 51058,
            "descuento": 0.3,
            "IVA": 5
        },
        {
            "codigo": "z7qVSLZB5q",
            "total": 2,
            "valor_unitario": 171150,
            "descuento": 0.36,
            "IVA": 0
        },
        {
            "codigo": "OfT4iIdEYf",
            "total": 6,
            "valor_unitario": 682438,
            "descuento": 0.05,
            "IVA": 5
        },
        {
            "codigo": "OFN45OhD3m",
            "total": 14,
            "valor_unitario": 35167,
            "descuento": 0.02,
            "IVA": 19
        }
    ]
}