{
    "empresa_nit": "789526431",
    "empresa_ciudad": "BOGOTA",
    "empresa_sede": "alcaldia",
    "empresa_nombre": "Supermercado Central",
    "fecha_hora": "2024-04-17 17:57:34",
    "factura_num": "01059",
    "ciente_numero": 430761224,
    "pago_tipo": "TRANFERENCIA",
    "productos": [
        {
            "codigo": "ST8L9VXt5p",
            "total": 12,
            "valor_unitario": 177439,
            "descuento": 0.37,
            "IVA": 5
        },
        {
            "codigo": "xVCLhqt1cH",
            "total": 18,
            "valor_unitario": 25995,
            "descuento": 0.17,
            "IVA": 0
        },
        {
            "codigo": "yNmFnEA8dO",
            "total": 13,
            "valor_unitario": 950176,
            "descuento": 0.17,
            "IVA": 5
        },
        {
            "codigo": "jWzpjdp86T",
            "total": 18,
            "valor_unitario": 944288,
            "descuento": 0.38,
            "IVA": 5
        },
        {
            "codigo": "7o9H1es6Rn",
            "total": 20,
            "valor_unitario": 630852,
            "descuento": 0.16,
            "IVA": 19
        },
        {
            "codigo": "ZcyDZOUkeb",
            "total": 4,
            "valor_unitario": 342269,
            "descuento": 0.5,
            "IVA": 5
        },
        {
            "codigo": "U36Yea36P5",
            "total": 14,
            "valor_unitario": 746381,
            "descuento": 0.36,
            "IVA": 5
        },
        {
            "codigo": "LolkbUD8ae",
            "total": 13,
            "valor_unitario": 559708,
            "descuento": 0.3,
            "IVA": 19
        },
        {
            "codigo": "oEjbhq2B8R",
            "total": 18,
            "valor_unitario": 7695,
            "descuento": 0.32,
            "IVA": 0
        },
        {
            "codigo": "0bBFtNQxvC",
            "total": 8,
            "valor_unitario": 558992,
            "descuento": 0.34,
            "IVA": 5
        },
        {
            "codigo": "igeoS2IobM",
            "total": 18,
            "valor_unitario": 918018,
            "descuento": 0.38,
            "IVA": 19
        },
        {
            "codigo": "6ncJucW2qG",
            "total": 8,
            "valor_unitario": 606698,
            "descuento": 0.31,
            "IVA": 19
        },
        {
            "codigo": "2oBRQN0nMu",
            "total": 20,
            "valor_unitario": 138687,
            "descuento": 0.05,
            "IVA": 19
        },
        {
            "codigo": "ucSXVBepgb",
            "total": 7,
            "valor_unitario": 755621,
            "descuento": 0.18,
            "IVA": 0
        },
        {
            "codigo": "9re3HYuOC0",
            "total": 20,
            "valor_unitario": 175732,
            "descuento": 0.13,
            "IVA": 19
        },
        {
            "codigo": "2dpFQTDQJA",
            "total": 5,
            "valor_unitario": 680063,
            "descuento": 0.3,
            "IVA": 0
        },
        {
            "codigo": "H1ZVdBx3LJ",
            "total": 4,
            "valor_unitario": 584478,
            "descuento": 0.12,
            "IVA": 0
        },
        {
            "codigo": "2mvTbdAQZJ",
            "total": 17,
            "valor_unitario": 772176,
            "descuento": 0.27,
            "IVA": 5
        }
    ]
}