{
    "empresa_nit": "789526431",
    "empresa_ciudad": "BARRANQUILLA",
    "empresa_sede": "terminal",
    "empresa_nombre": "Supermercado Central",
    "fecha_hora": "2023-05-16 20:00:38",
    "factura_num": "01417",
    "ciente_numero": 724625977,
    "pago_tipo": "TAR.DEBITO",
    "productos": [
        {
            "codigo": "RqLp1qh4yW",
            "total": 1,
            "valor_unitario": 492364,
            "descuento": 0.23,
            "IVA": 19
        },
        {
            "codigo": "TLa3fqWKcm",
            "total": 13,
            "valor_unitario": 788577,
            "descuento": 0.47,
            "IVA": 19
        },
        {
            "codigo": "JsBSPDNWTy",
            "total": 16,
            "valor_unitario": 12814,
            "descuento": 0.38,
            "IVA": 0
        },
        {
            "codigo": "IQCrGbswtM",
            "total": 13,
            "valor_unitario": 146183,
            "descuento": 0.42,
            "IVA": 19
        },
        {
            "codigo": "L8XcYJ6V0p",
            "total": 12,
            "valor_unitario": 145704,
            "descuento": 0.12,
            "IVA": 0
        },
        {
            "codigo": "4UF2mzIIEc",
            "total": 5,
            "valor_unitario": 7118,
            "descuento": 0.23,
            "IVA": 19
        },
        {
            "codigo": "hXhD7jjhZw",
            "total": 20,
            "valor_unitario": 570395,
            "descuento": 0.39,
            "IVA": 5
        },
        {
            "codigo": "g2hxCwtxhQ",
            "total": 6,
            "valor_unitario": 399976,
            "descuento": 0.17,
            "IVA": 19
        },
        {
            "codigo": "YYK2sUBUYV",
            "total": 2,
            "valor_unitario": 854130,
            "descuento": 0.17,
            "IVA": 0
        },
        {
            "codigo": "xiPjnfHlrF",
            "total": 12,
            "valor_unitario": 737231,
            "descuento": 0.32,
            "IVA": 0
        },
        {
            "codigo": "TiGceNKGwD",
            "total": 8,
            "valor_unitario": 828471,
            "descuento": 0.1,
            "IVA": 5
        },
        {
            "codigo": "3VRpUwzyiQ",
            "total": 15,
            "valor_unitario": 851203,
            "descuento": 0.29,
            "IVA": 19
        }
    ]
}