{
    "empresa_nit": "789526431",
    "empresa_ciudad": "BARRANQUILLA",
    "empresa_sede": "autopista",
    "empresa_nombre": "Supermercado Central",
    "fecha_hora": "2021-05-28 08:01:11",
    "factura_num": "00128",
    "ciente_numero": 29142098,
    "pago_tipo": "TAR.CREDITO",
    "productos": [
        {
            "codigo": "odDLUOO3mU",
            "total": 2,
            "valor_unitario": 152361,
            "descuento": 0.24,
            "IVA": 5
        },
        {
            "codigo": "KeT1qXPS8e",
            "total": 4,
            "valor_unitario": 130452,
            "descuento": 0.03,
            "IVA": 5
        },
        {
            "codigo": "ojYzJHrFy2",
            "total": 17,
            "valor_unitario": 731184,
            "descuento": 0.4,
            "IVA": 5
        },
        {
            "codigo": "7S2JO0u1y0",
            "total": 2,
            "valor_unitario": 576028,
            "descuento": 0.16,
            "IVA": 0
        },
        {
            "codigo": "maw7NOlEvv",
            "total": 9,
            "valor_unitario": 846495,
            "descuento": 0.0,
            "IVA": 19
        },
        {
            "codigo": "cIbpGDY3Qv",
            "total": 17,
            "valor_unitario": 176058,
            "descuento": 0.11,
            "IVA": 0
        },
        {
            "codigo": "Yvjbkw513k",
            "total": 20,
            "valor_unitario": 547163,
            "descuento": 0.44,
            "IVA": 5
        },
        {
            "codigo": "9d8NaWmwtS",
            "total": 13,
            "valor_unitario": 610464,
            "descuento": 0.11,
            "IVA": 19
        }
    ]
}