{
    "empresa_nit": "789526431",
    "empresa_ciudad": "BARRANQUILLA",
    "empresa_sede": "aeropuerto",
    "empresa_nombre": "Supermercado Central",
    "fecha_hora": "2020-10-11 21:55:48",
    "factura_num": "01249",
    "ciente_numero": 870490047,
    "pago_tipo": "EFECTIVO",
    "productos": [
        {
            "codigo": "9QT5CMBfAH",
            "total": 19,
            "valor_unitario": 361530,
            "descuento": 0.15,
            "IVA": 19
        },
        {
            "codigo": "4ICIFjaFKu",
            "total": 8,
            "valor_unitario": 696079,
            "descuento": 0.18,
            "IVA": 19
        },
        {
            "codigo": "wSvpzV8SPi",
            "total": 20,
            "valor_unitario": 131788,
            "descuento": 0.16,
            "IVA": 5
        },
        {
            "codigo": "nLjhwHh8CC",
            "total": 2,
            "valor_unitario": 370487,
            "descuento": 0.37,
            "IVA": 5
        },
        {
            "codigo": "0Lw9q1O9RJ",
            "total": 9,
            "valor_unitario": 295376,
            "descuento": 0.33,
            "IVA": 0
        },
        {
            "codigo": "Uz9tbFEFCH",
            "total": 15,
            "valor_unitario": 608303,
            "descuento": 0.1,
            "IVA": 19
        },
        {
            "codigo": "Ghq1Yxbdcr",
            "total": 16,
            "valor_unitario": 803103,
            "descuento": 0.0,
            "IVA": 5
        },
        {
            "codigo": "yKO32nzJX1",
            "total": 18,
            "valor_unitario": 712444,
            "descuento": 0.27,
            "IVA": 19
        },
        {
            "codigo": "jpU0y84zv4",
            "total": 15,
            "valor_unitario": 335815,
            "descuento": 0.36,
            "IVA": 19
        },
        {
            "codigo": "sr6llo6yvI",
            "total": 13,
            "valor_unitario": 106908,
            "descuento": 0.37,
            "IVA": 0
        },
        {
            "codigo": "cAbIcsDp28",
            "total": 2,
            "valor_unitario": 722400,
            "descuento": 0.17,
            "IVA": 5
        },
        {
            "codigo": "BSOKMJnaNR",
            "total": 1,
            "valor_unitario": 123362,
            "descuento": 0.1,
            "IVA": 19
        },
        {
            "codigo": "k9z0F3zST1",
            "total": 7,
            "valor_unitario": 63375,
            "descuento": 0.28,
            "IVA": 19
        },
        {
            "codigo": "7NNwB4uAso",
            "total": 12,
            "valor_unitario": 627126,
            "descuento": 0.17,
            "IVA": 5
        },
        {
            "codigo": "bzKUoSPkxU",
            "total": 3,
            "valor_unitario": 322487,
            "descuento": 0.36,
            "IVA": 0
        },
        {
            "codigo": "dhHiqJQz8P",
            "total": 14,
            "valor_unitario": 573889,
            "descuento": 0.03,
            "IVA": 0
        }
    ]
}