{
    "empresa_nit": "789526431",
    "empresa_ciudad": "BOGOTA",
    "empresa_sede": "plaza",
    "empresa_nombre": "Supermercado Central",
    "fecha_hora": "2025-03-14 18:04:58",
    "factura_num": "01279",
    "ciente_numero": 405912430,
    "pago_tipo": "TAR.DEBITO",
    "productos": [
        {
            "codigo": "zjZfaPMrGw",
            "total": 1,
            "valor_unitario": 218607,
            "descuento": 0.15,
            "IVA": 5
        },
        {
            "codigo": "mH1JEdIfke",
            "total": 12,
            "valor_unitario": 499464,
            "descuento": 0.38,
            "IVA": 19
        },
        {
            "codigo": "jlifGG8p1r",
            "total": 11,
            "valor_unitario": 208393,
            "descuento": 0.2,
            "IVA": 5
        },
        {
            "codigo": "GCgo3FiuV9",
            "total": 9,
            "valor_unitario": 675194,
            "descuento": 0.04,
            "IVA": 0
        },
        {
            "codigo": "Puurac9knZ",
            "total": 5,
            "valor_unitario": 841038,
            "descuento": 0.05,
            "IVA": 19
        },
        {
            "codigo": "U70DfEQgDC",
            "total": 16,
            "valor_unitario": 663410,
            "descuento": 0.18,
            "IVA": 0
        },
        {
            "codigo": "yZW6A4hSZM",
            "total": 17,
            "valor_unitario": 186550,
            "descuento": 0.43,
            "IVA": 0
        },
        {
            "codigo": "5Z0D7p6xl8",
            "total": 20,
            "valor_unitario": 629107,
            "descuento": 0.05,
            "IVA": 0
        },
        {
            "codigo": "X8kdnJJVoO",
            "total": 13,
            "valor_unitario": 154737,
            "descuento": 0.02,
            "IVA": 0
        },
        {
            "codigo": "3BAQJRLOHh",
            "total": 15,
            "valor_unitario": 80848,
            "descuento": 0.49,
            "IVA": 0
        },
        {
            "codigo": "AjMW9Tp4sE",
            "total": 7,
            "valor_unitario": 859139,
            "descuento": 0.14,
            "IVA": 0
        },
        {
            "codigo": "0wI4ukIRe8",
            "total": 18,
            "valor_unitario": 627170,
            "descuento": 0.21,
            "IVA": 5
        },
        {
            "codigo": "qhCvUB9M9Q",
            "total": 2,
            "valor_unitario": 965253,
            "descuento": 0.05,
            "IVA": 0
        },
        {
            "codigo": "tEYvoBGvfU",
            "total": 8,
            "valor_unitario": 383330,
            "descuento": 0.36,
            "IVA": 0
        },
        {
            "codigo": "3ymXiJLSCA",
            "total": 18,
            "valor_unitario": 835017,
            "descuento": 0.47,
            "IVA": 0
        },
        {
            "codigo": "lxhFeRk54L",
            "total": 18,
            "valor_unitario": 180444,
            "descuento": 0.09,
            "IVA": 0
        },
        {
            "codigo": "1GxME5P4hq",
            "total": 5,
            "valor_unitario": 801846,
            "descuento": 0.48,
            "IVA": 19
        },
        {
            "codigo": "IZmXhqbkDi",
            "total": 19,
            "valor_unitario": 678948,
            "descuento": 0.22,
            "IVA": 0
        }
    ]
}