{
    "empresa_nit": "789526431",
    "empresa_ciudad": "BARRANQUILLA",
    "empresa_sede": "autopista",
    "empresa_nombre": "Supermercado Central",
    "fecha_hora": "2021-06-23 03:56:05",
    "factura_num": "00012",
    "ciente_numero": 76328985,
    "pago_tipo": "EFECTIVO",
    "productos": [
        {
            "codigo": "dhBGW3Yjh3",
            "total": 15,
            "valor_unitario": 76494,
            "descuento": 0.28,
            "IVA": 19
        },
        {
            "codigo": "ITqkqfBhjd",
            "total": 16,
            "valor_unitario": 252990,
            "descuento": 0.24,
            "IVA": 5
        },
        {
            "codigo": "bnFXJuYICu",
            "total": 16,
            "valor_unitario": 243963,
            "descuento": 0.48,
            "IVA": 19
        },
        {
            "codigo": "r14QIqsliy",
            "total": 10,
            "valor_unitario": 580869,
            "descuento": 0.03,
            "IVA": 19
        },
        {
            "codigo": "XgjOXMvcEU",
            "total": 9,
            "valor_unitario": 169482,
            "descuento": 0.07,
            "IVA": 0
        },
        {
            "codigo": "dvI8S0ZApO",
            "total": 1,
            "valor_unitario": 582095,
            "descuento": 0.21,
            "IVA": 19
        },
        {
            "codigo": "d4U2GedkHC",
            "total": 2,
            "valor_unitario": 329164,
            "descuento": 0.16,
            "IVA": 0
        },
        {
            "codigo": "1vtg8tPiI6",
            "total": 6,
            "valor_unitario": 359274,
            "descuento": 0.3,
            "IVA": 0
        },
        {
            "codigo": "Em7e6JlVZn",
            "total": 6,
            "valor_unitario": 389850,
            "descuento": 0.16,
            "IVA": 19
        },
        {
            "codigo": "9DA4U20XqW",
            "total": 4,
            "valor_unitario": 433723,
            "descuento": 0.41,
            "IVA": 5
        },
        {
            "codigo": "HttsTtOvUL",
            "total": 1,
            "valor_unitario": 731115,
            "descuento": 0.38,
            "IVA": 19
        },
        {
            "codigo": "mxLU2Wx548",
            "total": 6,
            "valor_unitario": 328385,
            "descuento": 0.47,
            "IVA": 5
        }
    ]
}