{
    "empresa_nit": "789526431",
    "empresa_ciudad": "CALI",
    "empresa_sede": "autopista",
    "empresa_nombre": "Supermercado Central",
    "fecha_hora": "2024-02-01 02:49:29",
    "factura_num": "01103",
    "ciente_numero": 307679153,
    "pago_tipo": "TAR.DEBITO",
    "productos": [
        {
            "codigo": "uvSBawgqAE",
            "total": 14,
            "valor_unitario": 391802,
            "descuento": 0.24,
            "IVA": 5
        },
        {
            "codigo": "l3TaKpu9QZ",
            "total": 11,
            "valor_unitario": 45533,
            "descuento": 0.2,
            "IVA": 0
        },
        {
            "codigo": "QjNLtCiU8K",
            "total": 5,
            "valor_unitario": 239543,
            "descuento": 0.26,
            "IVA": 0
        },
        {
            "codigo": "VlaePG0cvJ",
            "total": 10,
            "valor_unitario": 11225,
            "descuento": 0.27,
            "IVA": 19
        },
        {
            "codigo": "MlKYI0Nsx9",
            "total": 20,
            "valor_unitario": 865762,
            "descuento": 0.23,
            "IVA": 5
        },
        {
            "codigo": "3hf0LaTIC7",
            "total": 6,
            "valor_unitario": 335454,
            "descuento": 0.29,
            "IVA": 19
        },
        {
            "codigo": "47w6f0OGad",
            "total": 16,
            "valor_unitario": 695143,
            "descuento": 0.36,
            "IVA": 19
        },
        {
            "codigo": "uEPkYsQKBi",
            "total": 2,
            "valor_unitario": 463305,
            "descuento": 0.03,
            "IVA": 0
        },
        {
            "codigo": "3MlpfSBG4q",
            "total": 2,
            "valor_unitario": 212484,
            "descuento": 0.32,
            "IVA": 5
        },
        {
            "codigo": "rVzszKLOd1",
            "total": 10,
            "valor_unitario": 90441,
            "descuento": 0.33,
            "IVA": 5
        }
    ]
}