{
    "empresa_nit": "789526431",
    "empresa_ciudad": "MEDELLIN",
    "empresa_sede": "terminal",
    "empresa_nombre": "Supermercado Central",
    "fecha_hora": "2021-06-13 19:55:24",
    "factura_num": "01088",
    "ciente_numero": 885695707,
    "pago_tipo": "EFECTIVO",
    "productos": [
        {
            "codigo": "vvmT69FRYK",
            "total": 5,
            "valor_unitario": 211935,
            "descuento": 0.38,
            "IVA": 0
        },
        {
            "codigo": "3v6Cg9z720",
            "total": 1,
            "valor_unitario": 80534,
            "descuento": 0.28,
            "IVA": 0
        },
        {
            "codigo": "VOXKuJtOBx",
            "total": 11,
            "valor_unitario": 746661,
            "descuento": 0.46,
            "IVA": 19
        },
        {
            "codigo": "SoG9MgI7lw",
            "total": 1,
            "valor_unitario": 57308,
            "descuento": 0.28,
            "IVA": 5
        },
        {
            "codigo": "bkjzQcQZzS",
            "total": 11,
            "valor_unitario": 610908,
            "descuento": 0.29,
            "IVA": 0
        },
        {
            "codigo": "vwH4jluUen",
            "total": 1,
            "valor_unitario": 430380,
            "descuento": 0.37,
            "IVA": 5
        },
        {
            "codigo": "JFVrY94flC",
            "total": 13,
            "valor_unitario": 241893,
            "descuento": 0.48,
            "IVA": 19
        },
        {
            "codigo": "W4030SNN5F",
            "total": 8,
            "valor_unitario": 799055,
            "descuento": 0.37,
            "IVA": 19
        },
        {
            "codigo": "pTwHAc5hnS",
            "total": 12,
            "valor_unitario": 798225,
            "descuento": 0.44,
            "IVA": 5
        },
        {
            "codigo": "ym3jxgSKjr",
            "total": 7,
            "valor_unitario": 176687,
            "descuento": 0.24,
            "IVA": 0
        },
        {
            "codigo": "pGDh7ycOWX",
            "total": 4,
            "valor_unitario": 149689,
            "descuento": 0.33,
            "IVA": 0
        },
        {
            "codigo": "eOdTKcj9Ri",
            "total": 1,
            "valor_unitario": 334416,
            "descuento": 0.48,
            "IVA": 19
        },
        {
            "codigo": "dyCLL2NXCk",
            "total": 10,
            "valor_unitario": 973672,
            "descuento": 0.09,
            "IVA": 19
        },
        {
            "codigo": "xrlvg45rp3",
            "total": 1,
            "valor_unitario": 52318,
            "descuento": 0.06,
            "IVA": 0
        },
        {
            "codigo": "xBsb5cxebX",
            "total": 10,
            "valor_unitario": 311514,
            "descuento": 0.19,
            "IVA": 19
        },
        {
            "codigo": "bZ7A7WyKJT",
            "total": 8,
            "valor_unitario": 321984,
            "descuento": 0.26,
            "IVA": 0
        },
        {
            "codigo": "BRSD1LC8lA",
            "total": 7,
            "valor_unitario": 13649,
            "descuento": 0.23,
            "IVA": 19
        }
    ]
}