{
    "empresa_nit": "789526431",
    "empresa_ciudad": "CALI",
    "empresa_sede": "alcaldia",
    "empresa_nombre": "Supermercado Central",
    "fecha_hora": "2020-09-12 19:04:48",
    "factura_num": "01143",
    "ciente_numero": 63360038,
    "pago_tipo": "TAR.CREDITO",
    "productos": [
        {
            "codigo": "6Dvcqhf4MP",
            "total": 4,
            "valor_unitario": 372358,
            "descuento": 0.47,
            "IVA": 19
        },
        {
            "codigo": "PNn9r7d4Nb",
            "total": 15,
            "valor_unitario": 848204,
            "descuento": 0.04,
            "IVA": 0
        },
        {
            "codigo": "qQdaEUjfAW",
            "total": 16,
            "valor_unitario": 789778,
            "descuento": 0.45,
            "IVA": 0
        },
        {
            "codigo": "BfagvF6XLU",
            "total": 17,
            "valor_unitario": 932533,
            "descuento": 0.11,
            "IVA": 5
        },
        {
            "codigo": "VhdfmRL5Lm",
            "total": 18,
            "valor_unitario": 491044,
            "descuento": 0.22,
            "IVA": 19
        },
        {
            "codigo": "9dyNeYfroP",
            "total": 8,
            "valor_unitario": 411098,
            "descuento": 0.33,
            "IVA": 0
        },
        {
            "codigo": "IrnbVWlMD9",
            "total": 19,
            "valor_unitario": 922713,
            "descuento": 0.09,
            "IVA": 19
        },
        {
            "codigo": "NDWlzBS2z8",
            "total": 12,
            "valor_unitario": 609484,
            "descuento": 0.4,
            "IVA": 0
        },
        {
            "codigo": "utBMMV09qB",
            "total": 19,
            "valor_unitario": 653422,
            "descuento": 0.45,
            "IVA": 19
        },
        {
            "codigo": "I69qLR874a",
            "total": 15,
            "valor_unitario": 656988,
            "descuento": 0.13,
            "IVA": 5
        }
    ]
}