{
    "empresa_nit": "789526431",
    "empresa_ciudad": "CALI",
    "empresa_sede": "alcaldia",
    "empresa_nombre": "Supermercado Central",
    "fecha_hora": "2024-11-15 02:28:13",
    "factura_num": "01139",
    "ciente_numero": 956291952,
    "pago_tipo": "TAR.CREDITO",
    "productos": [
        {
            "codigo": "rRlqap6FKy",
            "total": 5,
            "valor_unitario": 969004,
            "descuento": 0.5,
            "IVA": 19
        },
        {
            "codigo": "tDW7wFK4po",
            "total": 17,
            "valor_unitario": 265141,
            "descuento": 0.38,
            "IVA": 19
        },
        {
            "codigo": "xomWFZif4C",
            "total": 15,
            "valor_unitario": 611687,
            "descuento": 0.25,
            "IVA": 5
        },
        {
            "codigo": "KB8b2JgtoO",
            "total": 19,
            "valor_unitario": 674217,
            "descuento": 0.4,
            "IVA": 5
        },
        {
            "codigo": "KNNnT0e4ZF",
            "total": 7,
            "valor_unitario": 806344,
            "descuento": 0.26,
            "IVA": 19
        },
        {
            "codigo": "LJzEdCSaBI",
            "total": 19,
            "valor_unitario": 621276,
            "descuento": 0.21,
            "IVA": 19
        },
        {
            "codigo": "Mhfebit63L",
            "total": 20,
            "valor_unitario": 865135,
            "descuento": 0.17,
            "IVA": 5
        }
    ]
}