{
    "empresa_nit": "789526431",
    "empresa_ciudad": "TUNJA",
    "empresa_sede": "aeropuerto",
    "empresa_nombre": "Supermercado Central",
    "fecha_hora": "2021-02-28 02:17:53",
    "factura_num": "01030",
    "ciente_numero": 549028777,
    "pago_tipo": "TRANFERENCIA",
    "productos": [
        {
            "codigo": "LXFLQXK3wb",
            "total": 8,
            "valor_unitario": 375077,
            "descuento": 0.1,
            "IVA": 5
        },
        {
            "codigo": "62sC9gpeXx",
            "total": 2,
            "valor_unitario": 715659,
            "descuento": 0.16,
            "IVA": 19
        },
        {
            "codigo": "6Zkee0nc0r",
            "total": 13,
            "valor_unitario": 4166,
            "descuento": 0.36,
            "IVA": 5
        },
        {
            "codigo": "ludkp6Lkia",
            "total": 17,
            "valor_unitario": 170533,
            "descuento": 0.43,
            "IVA": 5
        },
        {
            "codigo": "0cQjXWDkKe",
            "total": 2,
            "valor_unitario": 725231,
            "descuento": 0.48,
            "IVA": 0
        },
        {
            "codigo": "1abpHctXyL",
            "total": 12,
            "valor_unitario": 613309,
            "descuento": 0.47,
            "IVA": 19
        },
        {
            "codigo": "a0Vm6WBlGo",
            "total": 10,
            "valor_unitario": 182884,
            "descuento": 0.43,
            "IVA": 19
        },
        {
            "codigo": "VUqcM6eK3i",
            "total": 10,
            "valor_unitario": 735084,
            "descuento": 0.27,
            "IVA": 0
        },
        {
            "codigo": "2SLuR4s3MS",
            "total": 14,
            "valor_unitario": 727186,
            "descuento": 0.27,
            "IVA": 5
        },
        {
            "codigo": "2fY6CgkOnp",
            "total": 10,
            "valor_unitario": 526992,
            "descuento": 0.33,
            "IVA": 0
        },
        {
            "codigo": "t5KmEuwJiU",
            "total": 14,
            "valor_unitario": 641329,
            "descuento": 0.49,
            "IVA": 19
        },
        {
            "codigo": "JE9Qsr4Tio",
            "total": 8,
            "valor_unitario": 668860,
            "descuento": 0.38,
            "IVA": 5
        },
        {
            "codigo": "LDo6U26Uh1",
            "total": 11,
            "valor_unitario": 385987,
            "descuento": 0.42,
            "IVA": 19
        },
        {
            "codigo": "1wl0IsSLF2",
            "total": 19,
            "valor_unitario": 767132,
            "descuento": 0.42,
            "IVA": 19
        },
        {
            "codigo": "EC2zQpgT16",
            "total": 4,
            "valor_unitario": 790989,
            "descuento": 0.1,
            "IVA": 5
        }
    ]
}