{
    "empresa_nit": "789526431",
    "empresa_ciudad": "MEDELLIN",
    "empresa_sede": "aeropuerto",
    "empresa_nombre": "Supermercado Central",
    "fecha_hora": "2024-06-01 14:12:40",
    "factura_num": "01342",
    "ciente_numero": 296164724,
    "pago_tipo": "TRANFERENCIA",
    "productos": [
        {
            "codigo": "D5Ba0Fm6o4",
            "total": 4,
            "valor_unitario": 418265,
            "descuento": 0.07,
            "IVA": 5
        },
        {
            "codigo": "zxCAAO4wEy",
            "total": 7,
            "valor_unitario": 79700,
            "descuento": 0.43,
            "IVA": 0
        },
        {
            "codigo": "e6zpktgog0",
            "total": 15,
            "valor_unitario": 342518,
            "descuento": 0.08,
            "IVA": 5
        }
    ]
}