{
    "empresa_nit": "789526431",
    "empresa_ciudad": "BARRANQUILLA",
    "empresa_sede": "plaza",
    "empresa_nombre": "Supermercado Central",
    "fecha_hora": "2021-04-21 00:42:51",
    "factura_num": "01149",
    "ciente_numero": 503490508,
    "pago_tipo": "TRANFERENCIA",
    "productos": [
        {
            "codigo": "f8vJss2YpX",
            "total": 16,
            "valor_unitario": 958038,
            "descuento": 0.04,
            "IVA": 5
        },
        {
            "codigo": "xx3jp3UIic",
            "total": 20,
            "valor_unitario": 340240,
            "descuento": 0.01,
            "IVA": 0
        },
        {
            "codigo": "xbF8idx9nZ",
            "total": 17,
            "valor_unitario": 965363,
            "descuento": 0.23,
            "IVA": 19
        },
        {
            "codigo": "hpUorDiVlY",
            "total": 14,
            "valor_unitario": 123237,
            "descuento": 0.16,
            "IVA": 5
        },
        {
            "codigo": "SG7tLPxID7",
            "total": 5,
            "valor_unitario": 272324,
            "descuento": 0.07,
            "IVA": 19
        },
        {
            "codigo": "oZky0S3oBl",
            "total": 11,
            "valor_unitario": 85620,
            "descuento": 0.49,
            "IVA": 5
        },
        {
            "codigo": "p7AWeh47Tn",
            "total": 11,
            "valor_unitario": 487445,
            "descuento": 0.05,
            "IVA": 19
        },
        {
            "codigo": "x9HSXxRxUn",
            "total": 20,
            "valor_unitario": 901075,
            "descuento": 0.29,
            "IVA": 19
        },
        {
            "codigo": "QLZ9SpKljg",
            "total": 11,
            "valor_unitario": 130585,
            "descuento": 0.49,
            "IVA": 19
        },
        {
            "codigo": "9WNtRfkWyJ",
            "total": 6,
            "valor_unitario": 757125,
            "descuento": 0.25,
            "IVA": 19
        },
        {
            "codigo": "yyBPA8dCOH",
            "total": 16,
            "valor_unitario": 135848,
            "descuento": 0.21,
            "IVA": 5
        },
        {
            "codigo": "649qhOkMtB",
            "total": 15,
            "valor_unitario": 954882,
            "descuento": 0.04,
            "IVA": 5
        },
        {
            "codigo": "S1Wj8pKDtp",
            "total": 15,
            "valor_unitario": 748637,
            "descuento": 0.11,
            "IVA": 5
        },
        {
            "codigo": "UBhDSOKlDz",
            "total": 1,
            "valor_unitario": 220425,
            "descuento": 0.41,
            "IVA": 5
        }
    ]
}