{
    "empresa_nit": "789526431",
    "empresa_ciudad": "TUNJA",
    "empresa_sede": "terminal",
    "empresa_nombre": "Supermercado Central",
    "fecha_hora": "2020-11-18 12:50:14",
    "factura_num": "01268",
    "ciente_numero": 37534050,
    "pago_tipo": "TRANFERENCIA",
    "productos": [
        {
            "codigo": "76mKpTRMZx",
            "total": 14,
            "valor_unitario": 649371,
            "descuento": 0.44,
            "IVA": 0
        },
        {
            "codigo": "D4d27yd5fL",
            "total": 12,
            "valor_unitario": 332586,
            "descuento": 0.23,
            "IVA": 0
        },
        {
            "codigo": "NLeytIAges",
            "total": 5,
            "valor_unitario": 472811,
            "descuento": 0.29,
            "IVA": 0
        },
        {
            "codigo": "6n8OSOHnXm",
            "total": 10,
            "valor_unitario": 850976,
            "descuento": 0.01,
            "IVA": 5
        },
        {
            "codigo": "EVBjH0yS4K",
            "total": 8,
            "valor_unitario": 970952,
            "descuento": 0.16,
            "IVA": 19
        },
        {
            "codigo": "FZZfPnTVNK",
            "total": 3,
            "valor_unitario": 431448,
            "descuento": 0.37,
            "IVA": 19
        },
        {
            "codigo": "8gSOUATpVg",
            "total": 9,
            "valor_unitario": 314313,
            "descuento": 0.35,
            "IVA": 5
        },
        {
            "codigo": "U1DNs4mNSx",
            "total": 15,
            "valor_unitario": 589957,
            "descuento": 0.17,
            "IVA": 19
        },
        {
            "codigo": "EzFghDlHRH",
            "total": 3,
            "valor_unitario": 679891,
            "descuento": 0.32,
            "IVA": 5
        },
        {
            "codigo": "srGEe6GFAZ",
            "total": 5,
            "valor_unitario": 526591,
            "descuento": 0.21,
            "IVA": 0
        },
        {
            "codigo": "iQnLC1y8yr",
            "total": 10,
            "valor_unitario": 493022,
            "descuento": 0.14,
            "IVA": 19
        },
        {
            "codigo": "6Oh1O8VTzg",
            "total": 8,
            "valor_unitario": 234824,
            "descuento": 0.28,
            "IVA": 19
        },
        {
            "codigo": "hkxoAVIuWE",
            "total": 4,
            "valor_unitario": 494636,
            "descuento": 0.31,
            "IVA": 0
        },
        {
            "codigo": "sci1EnoEfY",
            "total": 6,
            "valor_unitario": 750984,
            "descuento": 0.11,
            "IVA": 19
        },
        {
            "codigo": "eSZH13UCva",
            "total": 13,
            "valor_unitario": 154344,
            "descuento": 0.21,
            "IVA": 0
        },
        {
            "codigo": "uCggybg8gd",
            "total": 11,
            "valor_unitario": 747971,
            "descuento": 0.14,
            "IVA": 0
        }
    ]
}