{
    "empresa_nit": "789526431",
    "empresa_ciudad": "MEDELLIN",
    "empresa_sede": "centro",
    "empresa_nombre": "Supermercado Central",
    "fecha_hora": "2024-09-21 02:02:59",
    "factura_num": "01201",
    "ciente_numero": 235213806,
    "pago_tipo": "TRANFERENCIA",
    "productos": [
        {
            "codigo": "oLP9Jp8ol1",
            "total": 8,
            "valor_unitario": 907190,
            "descuento": 0.11,
            "IVA": 19
        },
        {
            "codigo": "WDThMXeHre",
            "total": 1,
            "valor_unitario": 543494,
            "descuento": 0.23,
            "IVA": 5
        },
        {
            "codigo": "ETFRHLJXwN",
            "total": 5,
            "valor_unitario": 293993,
            "descuento": 0.28,
            "IVA": 5
        },
        {
            "codigo": "Xr43goGpvj",
            "total": 2,
            "valor_unitario": 825785,
            "descuento": 0.15,
            "IVA": 19
        },
        {
            "codigo": "gX52vvpJGq",
            "total": 20,
            "valor_unitario": 143319,
            "descuento": 0.06,
            "IVA": 0
        },
        {
            "codigo": "f6YIRixG9r",
            "total": 15,
            "valor_unitario": 590060,
            "descuento": 0.3,
            "IVA": 19
        },
        {
            "codigo": "sM0srlmrwL",
            "total": 6,
            "valor_unitario": 643449,
            "descuento": 0.26,
            "IVA": 0
        },
        {
            "codigo": "L5Ql7K5MA1",
            "total": 6,
            "valor_unitario": 7848,
            "descuento": 0.15,
            "IVA": 0
        },
        {
            "codigo": "1MdaKDxajw",
            "total": 9,
            "valor_unitario": 754183,
            "descuento": 0.17,
            "IVA": 5
        },
        {
            "codigo": "9yciVQkQpa",
            "total": 19,
            "valor_unitario": 831603,
            "descuento": 0.19,
            "IVA": 0
        },
        {
            "codigo": "Lf3TcVK4sI",
            "total": 6,
            "valor_unitario": 448894,
            "descuento": 0.45,
            "IVA": 5
        },
        {
            "codigo": "goMgky29n1",
            "total": 8,
            "valor_unitario": 918534,
            "descuento": 0.19,
            "IVA": 19
        },
        {
            "codigo": "v8uDuPZ5tD",
            "total": 10,
            "valor_unitario": 929270,
            "descuento": 0.17,
            "IVA": 19
        },
        {
            "codigo": "8k5YCvrWWU",
            "total": 16,
            "valor_unitario": 619209,
            "descuento": 0.13,
            "IVA": 19
        }
    ]
}