{
    "empresa_nit": "789526431",
    "empresa_ciudad": "BOGOTA",
    "empresa_sede": "plaza",
    "empresa_nombre": "Supermercado Central",
    "fecha_hora": "2024-05-17 04:15:12",
    "factura_num": "01407",
    "ciente_numero": 342773203,
    "pago_tipo": "TRANFERENCIA",
    "productos": [
        {
            "codigo": "uKWUu7ImnN",
            "total": 13,
            "valor_unitario": 430317,
            "descuento": 0.28,
            "IVA": 5
        },
        {
            "codigo": "e55GYVZI6C",
            "total": 4,
            "valor_unitario": 573792,
            "descuento": 0.14,
            "IVA": 5
        },
        {
            "codigo": "Kg8KvvRak5",
            "total": 15,
            "valor_unitario": 468343,
            "descuento": 0.48,
            "IVA": 0
        },
        {
            "codigo": "bF4Vq7Ia0B",
            "total": 17,
            "valor_unitario": 615591,
            "descuento": 0.05,
            "IVA": 0
        },
        {
            "codigo": "ALSZ3nYZyz",
            "total": 15,
            "valor_unitario": 261234,
            "descuento": 0.27,
            "IVA": 5
        },
        {
            "codigo": "mFk2EkUHdt",
            "total": 2,
            "valor_unitario": 942707,
            "descuento": 0.34,
            "IVA": 0
        },
        {
            "codigo": "VhaYTOX6eh",
            "total": 8,
            "valor_unitario": 587482,
            "descuento": 0.11,
            "IVA": 0
        },
        {
            "codigo": "lIhyAec8v6",
            "total": 16,
            "valor_unitario": 253453,
            "descuento": 0.37,
            "IVA": 0
        },
        {
            "codigo": "ZII2DfawBb",
            "total": 4,
            "valor_unitario": 133892,
            "descuento": 0.43,
            "IVA": 0
        },
        {
            "codigo": "JCerNjHBuo",
            "total": 19,
            "valor_unitario": 888375,
            "descuento": 0.17,
            "IVA": 0
        },
        {
            "codigo": "IWscczGAzq",
            "total": 15,
            "valor_unitario": 566198,
            "descuento": 0.03,
            "IVA": 5
        },
        {
            "codigo": "rcSSEK4HpU",
            "total": 10,
            "valor_unitario": 183596,
            "descuento": 0.28,
            "IVA": 0
        },
        {
            "codigo": "XjTA30GbeP",
            "total": 17,
            "valor_unitario": 553070,
            "descuento": 0.14,
            "IVA": 0
        },
        {
            "codigo": "DtVvlEPyke",
            "total": 11,
            "valor_unitario": 354814,
            "descuento": 0.32,
            "IVA": 5
        },
        {
            "codigo": "TvtY0Po0nj",
            "total": 1,
            "valor_unitario": 566264,
            "descuento": 0.34,
            "IVA": 0
        },
        {
            "codigo": "jgwVyzqyu8",
            "total": 15,
            "valor_unitario": 347606,
            "descuento": 0.38,
            "IVA": 0
        },
        {
            "codigo": "oZ7F0oyQMu",
            "total": 11,
            "valor_unitario": 711745,
            "descuento": 0.15,
            "IVA": 5
        }
    ]
}