{
    "empresa_nit": "789526431",
    "empresa_ciudad": "TUNJA",
    "empresa_sede": "aeropuerto",
    "empresa_nombre": "Supermercado Central",
    "fecha_hora": "2020-01-19 10:11:21",
    "factura_num": "01198",
    "ciente_numero": 401821829,
    "pago_tipo": "TAR.CREDITO",
    "productos": [
        {
            "codigo": "bvr4O5wDxw",
            "total": 4,
            "valor_unitario": 758001,
            "descuento": 0.25,
            "IVA": 5
        },
        {
            "codigo": "Dyb7kBTz1G",
            "total": 19,
            "valor_unitario": 451053,
            "descuento": 0.14,
            "IVA": 0
        },
        {
            "codigo": "tGsI4TQUCF",
            "total": 8,
            "valor_unitario": 800834,
            "descuento": 0.46,
            "IVA": 5
        },
        {
            "codigo": "gB2tErKpRC",
            "total": 8,
            "valor_unitario": 77335,
            "descuento": 0.15,
            "IVA": 0
        },
        {
            "codigo": "eCnzyjXqOP",
            "total": 2,
            "valor_unitario": 885465,
            "descuento": 0.31,
            "IVA": 0
        },
        {
            "codigo": "2qjz7hPEtQ",
            "total": 15,
            "valor_unitario": 388017,
            "descuento": 0.15,
            "IVA": 5
        }
    ]
}