{
    "empresa_nit": "789526431",
    "empresa_ciudad": "TUNJA",
    "empresa_sede": "plaza",
    "empresa_nombre": "Supermercado Central",
    "fecha_hora": "2024-06-20 23:38:16",
    "factura_num": "01118",
    "ciente_numero": 885863287,
    "pago_tipo": "TAR.DEBITO",
    "productos": [
        {
            "codigo": "Za578iWX5r",
            "total": 18,
            "valor_unitario": 172169,
            "descuento": 0.36,
            "IVA": 5
        },
        {
            "codigo": "L5dSKwmRgI",
            "total": 2,
            "valor_unitario": 343558,
            "descuento": 0.39,
            "IVA": 0
        },
        {
            "codigo": "ZbNm5msUiE",
            "total": 5,
            "valor_unitario": 620579,
            "descuento": 0.28,
            "IVA": 19
        },
        {
            "codigo": "Fe7l0fWmPf",
            "total": 9,
            "valor_unitario": 219514,
            "descuento": 0.17,
            "IVA": 19
        },
        {
            "codigo": "AoT9DntVgl",
            "total": 15,
            "valor_unitario": 925748,
            "descuento": 0.27,
            "IVA": 19
        },
        {
            "codigo": "3jAnvNpK8H",
            "total": 5,
            "valor_unitario": 166685,
            "descuento": 0.25,
            "IVA": 19
        },
        {
            "codigo": "YiUZn2Tmzo",
            "total": 3,
            "valor_unitario": 47348,
            "descuento": 0.05,
            "IVA": 5
        },
        {
            "codigo": "cuRFPwwScS",
            "total": 1,
            "valor_unitario": 917702,
            "descuento": 0.46,
            "IVA": 19
        },
        {
            "codigo": "kgRTFwz0nP",
            "total": 16,
            "valor_unitario": 140222,
            "descuento": 0.39,
            "IVA": 5
        },
        {
            "codigo": "bdLuvFjJky",
            "total": 1,
            "valor_unitario": 42834,
            "descuento": 0.09,
            "IVA": 19
        }
    ]
}