{
    "empresa_nit": "789526431",
    "empresa_ciudad": "CALI",
    "empresa_sede": "plaza",
    "empresa_nombre": "Supermercado Central",
    "fecha_hora": "2022-12-22 16:49:30",
    "factura_num": "01215",
    "ciente_numero": 696939074,
    "pago_tipo": "TAR.DEBITO",
    "productos": [
        {
            "codigo": "KSpkNStD1q",
            "total": 17,
            "valor_unitario": 164398,
            "descuento": 0.17,
            "IVA": 19
        },
        {
            "codigo": "Ad6uxrwKbl",
            "total": 19,
            "valor_unitario": 109811,
            "descuento": 0.32,
            "IVA": 19
        },
        {
            "codigo": "92lcgjp1Io",
            "total": 13,
            "valor_unitario": 856739,
            "descuento": 0.04,
            "IVA": 5
        },
        {
            "codigo": "NGeFUlPSFS",
            "total": 8,
            "valor_unitario": 70038,
            "descuento": 0.23,
            "IVA": 19
        },
        {
            "codigo": "LoxJUbe7A5",
            "total": 12,
            "valor_unitario": 308395,
            "descuento": 0.09,
            "IVA": 19
        },
        {
            "codigo": "PFLdesYcEC",
            "total": 8,
            "valor_unitario": 710572,
            "descuento": 0.49,
            "IVA": 5
        },
        {
            "codigo": "dIz6UaY3Fd",
            "total": 13,
            "valor_unitario": 128710,
            "descuento": 0.47,
            "IVA": 5
        },
        {
            "codigo": "4CF4wk9ZQJ",
            "total": 10,
            "valor_unitario": 426738,
            "descuento": 0.18,
            "IVA": 19
        },
        {
            "codigo": "8vcAiVGIyx",
            "total": 2,
            "valor_unitario": 267530,
            "descuento": 0.45,
            "IVA": 19
        },
        {
            "codigo": "ROop6fLtTL",
            "total": 19,
            "valor_unitario": 494769,
            "descuento": 0.3,
            "IVA": 19
        },
        {
            "codigo": "fxJGfqv71O",
            "total": 9,
            "valor_unitario": 879212,
            "descuento": 0.38,
            "IVA": 19
        },
        {
            "codigo": "XJiY8JbMDW",
            "total": 19,
            "valor_unitario": 734316,
            "descuento": 0.21,
            "IVA": 5
        },
        {
            "codigo": "oXRFgAs71V",
            "total": 18,
            "valor_unitario": 530678,
            "descuento": 0.05,
            "IVA": 0
        },
        {
            "codigo": "2W3zp8s0KD",
            "total": 17,
            "valor_unitario": 750681,
            "descuento": 0.0,
            "IVA": 19
        },
        {
            "codigo": "5pU3zU8mWq",
            "total": 19,
            "valor_unitario": 466174,
            "descuento": 0.37,
            "IVA": 5
        },
        {
            "codigo": "AuolF9AHWK",
            "total": 6,
            "valor_unitario": 664179,
            "descuento": 0.43,
            "IVA": 0
        },
        {
            "codigo": "kLtWb96S4y",
            "total": 20,
            "valor_unitario": 691059,
            "descuento": 0.19,
            "IVA": 19
        }
    ]
}