{
    "empresa_nit": "789526431",
    "empresa_ciudad": "MEDELLIN",
    "empresa_sede": "terminal",
    "empresa_nombre": "Supermercado Central",
    "fecha_hora": "2021-10-15 03:27:38",
    "factura_num": "01247",
    "ciente_numero": 646520894,
    "pago_tipo": "TAR.CREDITO",
    "productos": [
        {
            "codigo": "89e77pCzP0",
            "total": 6,
            "valor_unitario": 360271,
            "descuento": 0.06,
            "IVA": 5
        },
        {
            "codigo": "Nd2WJAfHiM",
            "total": 16,
            "valor_unitario": 289933,
            "descuento": 0.44,
            "IVA": 19
        },
        {
            "codigo": "ZkiAZ2CirN",
            "total": 6,
            "valor_unitario": 384659,
            "descuento": 0.32,
            "IVA": 19
        },
        {
            "codigo": "XJQ6wuHX1r",
            "total": 4,
            "valor_unitario": 673262,
            "descuento": 0.13,
            "IVA": 19
        },
        {
            "codigo": "P4TFO94gx5",
            "total": 8,
            "valor_unitario": 937874,
            "descuento": 0.12,
            "IVA": 5
        },
        {
            "codigo": "qFcIaz3nGq",
            "total": 18,
            "valor_unitario": 654612,
            "descuento": 0.03,
            "IVA": 5
        }
    ]
}