{
    "empresa_nit": "789526431",
    "empresa_ciudad": "MEDELLIN",
    "empresa_sede": "autopista",
    "empresa_nombre": "Supermercado Central",
    "fecha_hora": "2021-01-23 13:45:47",
    "factura_num": "01251",
    "ciente_numero": 774341325,
    "pago_tipo": "TAR.DEBITO",
    "productos": [
        {
            "codigo": "ds1GqGUDTP",
            "total": 3,
            "valor_unitario": 346105,
            "descuento": 0.29,
            "IVA": 19
        },
        {
            "codigo": "t0v74XEsx4",
            "total": 3,
            "valor_unitario": 791527,
            "descuento": 0.05,
            "IVA": 0
        },
        {
            "codigo": "cubtZWkTJ0",
            "total": 15,
            "valor_unitario": 795154,
            "descuento": 0.39,
            "IVA": 19
        },
        {
            "codigo": "bsTHq0E8or",
            "total": 18,
            "valor_unitario": 603674,
            "descuento": 0.29,
            "IVA": 5
        }
    ]
}