{
    "empresa_nit": "789526431",
    "empresa_ciudad": "BARRANQUILLA",
    "empresa_sede": "plaza",
    "empresa_nombre": "Supermercado Central",
    "fecha_hora": "2023-04-06 11:13:32",
    "factura_num": "00136",
    "ciente_numero": 880245585,
    "pago_tipo": "TAR.DEBITO",
    "productos": [
        {
            "codigo": "Yvzu4XbRhE",
            "total": 6,
            "valor_unitario": 301840,
            "descuento": 0.06,
            "IVA": 0
        },
        {
            "codigo": "BNRR5ALZup",
            "total": 17,
            "valor_unitario": 418474,
            "descuento": 0.21,
            "IVA": 19
        },
        {
            "codigo": "V9xnzgbyzc",
            "total": 17,
            "valor_unitario": 297253,
            "descuento": 0.29,
            "IVA": 5
        },
        {
            "codigo": "WHr9duNOKl",
            "total": 4,
            "valor_unitario": 241928,
            "descuento": 0.13,
            "IVA": 19
        },
        {
            "codigo": "Dfcrw4q961",
            "total": 15,
            "valor_unitario": 696573,
            "descuento": 0.36,
            "IVA": 19
        },
        {
            "codigo": "j5LO6Y79Oe",
            "total": 13,
            "valor_unitario": 416120,
            "descuento": 0.36,
            "IVA": 5
        },
        {
            "codigo": "ZTtd333ywg",
            "total": 6,
            "valor_unitario": 241477,
            "descuento": 0.03,
            "IVA": 0
        },
        {
            "codigo": "ig9J1hLt34",
            "total": 16,
            "valor_unitario": 608864,
            "descuento": 0.43,
            "IVA": 19
        },
        {
            "codigo": "u6WrrjjH5m",
            "total": 3,
            "valor_unitario": 472649,
            "descuento": 0.46,
            "IVA": 19
        },
        {
            "codigo": "gS46zPp5TK",
            "total": 20,
            "valor_unitario": 844548,
            "descuento": 0.14,
            "IVA": 0
        },
        {
            "codigo": "C80grHr4Bh",
            "total": 2,
            "valor_unitario": 586116,
            "descuento": 0.11,
            "IVA": 19
        },
        {
            "codigo": "SIFBcfSebd",
            "total": 6,
            "valor_unitario": 368381,
            "descuento": 0.42,
            "IVA": 0
        },
        {
            "codigo": "LBfvVuoY1s",
            "total": 2,
            "valor_unitario": 679848,
            "descuento": 0.25,
            "IVA": 5
        },
        {
            "codigo": "wVaSeZ6FMf",
            "total": 20,
            "valor_unitario": 150944,
            "descuento": 0.37,
            "IVA": 0
        },
        {
            "codigo": "8eycsaJM6w",
            "total": 10,
            "valor_unitario": 449702,
            "descuento": 0.31,
            "IVA": 0
        }
    ]
}