{
    "empresa_nit": "789526431",
    "empresa_ciudad": "CALI",
    "empresa_sede": "aeropuerto",
    "empresa_nombre": "Supermercado Central",
    "fecha_hora": "2024-07-29 15:34:52",
    "factura_num": "01024",
    "ciente_numero": 381784486,
    "pago_tipo": "TAR.DEBITO",
    "productos": [
        {
            "codigo": "vwaeptpSMP",
            "total": 10,
            "valor_unitario": 647427,
            "descuento": 0.25,
            "IVA": 5
        },
        {
            "codigo": "JxG3Dxc36w",
            "total": 11,
            "valor_unitario": 796293,
            "descuento": 0.05,
            "IVA": 0
        },
        {
            "codigo": "OCahpYhGpL",
            "total": 15,
            "valor_unitario": 913784,
            "descuento": 0.2,
            "IVA": 19
        },
        {
            "codigo": "luYKNf7Ibd",
            "total": 13,
            "valor_unitario": 533435,
            "descuento": 0.29,
            "IVA": 0
        },
        {
            "codigo": "xe9jTG2MV8",
            "total": 6,
            "valor_unitario": 464830,
            "descuento": 0.06,
            "IVA": 5
        },
        {
            "codigo": "MSREJQjQIz",
            "total": 8,
            "valor_unitario": 217213,
            "descuento": 0.3,
            "IVA": 5
        },
        {
            "codigo": "JNx6bzZ0c9",
            "total": 17,
            "valor_unitario": 366427,
            "descuento": 0.43,
            "IVA": 19
        },
        {
            "codigo": "gXXckcDJXS",
            "total": 7,
            "valor_unitario": 600098,
            "descuento": 0.21,
            "IVA": 19
        },
        {
            "codigo": "Z7oXnw8JEj",
            "total": 12,
            "valor_unitario": 594990,
            "descuento": 0.37,
            "IVA": 19
        }
    ]
}