{
    "empresa_nit": "789526431",
    "empresa_ciudad": "BOGOTA",
    "empresa_sede": "alcaldia",
    "empresa_nombre": "Supermercado Central",
    "fecha_hora": "2025-03-16 06:09:12",
    "factura_num": "01262",
    "ciente_numero": 491268115,
    "pago_tipo": "TRANFERENCIA",
    "productos": [
        {
            "codigo": "CGaWmy9ofs",
            "total": 17,
            "valor_unitario": 845395,
            "descuento": 0.33,
            "IVA": 0
        },
        {
            "codigo": "cUQqHXMid3",
            "total": 15,
            "valor_unitario": 209394,
            "descuento": 0.1,
            "IVA": 5
        },
        {
            "codigo": "NCLeRoAJRu",
            "total": 6,
            "valor_unitario": 887974,
            "descuento": 0.15,
            "IVA": 0
        },
        {
            "codigo": "RYkmv26bOc",
            "total": 2,
            "valor_unitario": 974312,
            "descuento": 0.43,
            "IVA": 0
        },
        {
            "codigo": "OW0jiCFePl",
            "total": 5,
            "valor_unitario": 770853,
            "descuento": 0.01,
            "IVA": 5
        },
        {
            "codigo": "KifH7btTb6",
            "total": 5,
            "valor_unitario": 488742,
            "descuento": 0.31,
            "IVA": 5
        },
        {
            "codigo": "DKscmWz2tq",
            "total": 18,
            "valor_unitario": 626927,
            "descuento": 0.21,
            "IVA": 5
        },
        {
            "codigo": "q6RtHF7eHl",
            "total": 20,
            "valor_unitario": 990213,
            "descuento": 0.11,
            "IVA": 0
        },
        {
            "codigo": "ZHG6APACk8",
            "total": 13,
            "valor_unitario": 171844,
            "descuento": 0.23,
            "IVA": 19
        },
        {
            "codigo": "4IpV3tpJai",
            "total": 19,
            "valor_unitario": 540925,
            "descuento": 0.07,
            "IVA": 5
        },
        {
            "codigo": "PEK5r4lntp",
            "total": 20,
            "valor_unitario": 971407,
            "descuento": 0.12,
            "IVA": 19
        },
        {
            "codigo": "67HY4cWYgR",
            "total": 3,
            "valor_unitario": 419934,
            "descuento": 0.04,
            "IVA": 5
        },
        {
            "codigo": "92DNyILGyY",
            "total": 5,
            "valor_unitario": 560156,
            "descuento": 0.03,
            "IVA": 0
        },
        {
            "codigo": "Sv5O6e8izd",
            "total": 13,
            "valor_unitario": 736116,
            "descuento": 0.12,
            "IVA": 0
        },
        {
            "codigo": "sUc4kvngog",
            "total": 10,
            "valor_unitario": 241650,
            "descuento": 0.31,
            "IVA": 5
        },
        {
            "codigo": "1xvtsuagf9",
            "total": 20,
            "valor_unitario": 253838,
            "descuento": 0.29,
            "IVA": 5
        },
        {
            "codigo": "N2XpRXF9Cs",
            "total": 19,
            "valor_unitario": 531436,
            "descuento": 0.19,
            "IVA": 19
        },
        {
            "codigo": "924TsrjjLE",
            "total": 19,
            "valor_unitario": 93944,
            "descuento": 0.0,
            "IVA": 0
        }
    ]
}