{
    "empresa_nit": "789526431",
    "empresa_ciudad": "BOGOTA",
    "empresa_sede": "autopista",
    "empresa_nombre": "Supermercado Central",
    "fecha_hora": "2020-08-25 11:51:18",
    "factura_num": "01091",
    "ciente_numero": 681374670,
    "pago_tipo": "TAR.CREDITO",
    "productos": [
        {
            "codigo": "MqGrw95JYw",
            "total": 1,
            "valor_unitario": 395111,
            "descuento": 0.39,
            "IVA": 0
        },
        {
            "codigo": "YYJeLd0IS5",
            "total": 5,
            "valor_unitario": 385538,
            "descuento": 0.21,
            "IVA": 5
        },
        {
            "codigo": "cY62QrFIFM",
            "total": 19,
            "valor_unitario": 138053,
            "descuento": 0.31,
            "IVA": 5
        }
    ]
}