{
    "empresa_nit": "789526431",
    "empresa_ciudad": "CALI",
    "empresa_sede": "autopista",
    "empresa_nombre": "Supermercado Central",
    "fecha_hora": "2022-10-03 21:21:28",
    "factura_num": "01445",
    "ciente_numero": 338088980,
    "pago_tipo": "TRANFERENCIA",
    "productos": [
        {
            "codigo": "8QBO7HW8YH",
            "total": 18,
            "valor_unitario": 594968,
            "descuento": 0.11,
            "IVA": 5
        },
        {
            "codigo": "mesLE7Qx3Z",
            "total": 15,
            "valor_unitario": 698513,
            "descuento": 0.05,
            "IVA": 19
        },
        {
            "codigo": "CeojXmrKfr",
            "total": 10,
            "valor_unitario": 275386,
            "descuento": 0.29,
            "IVA": 19
        },
        {
            "codigo": "8fwsL6gfAo",
            "total": 17,
            "valor_unitario": 921368,
            "descuento": 0.35,
            "IVA": 5
        },
        {
            "codigo": "sFyQRvZR2j",
            "total": 8,
            "valor_unitario": 861081,
            "descuento": 0.03,
            "IVA": 19
        },
        {
            "codigo": "UtSzISQ3ut",
            "total": 17,
            "valor_unitario": 8774,
            "descuento": 0.42,
            "IVA": 5
        },
        {
            "codigo": "Q2A7qmg0c9",
            "total": 6,
            "valor_unitario": 876259,
            "descuento": 0.01,
            "IVA": 19
        },
        {
            "codigo": "10wruunvZ4",
            "total": 19,
            "valor_unitario": 770724,
            "descuento": 0.15,
            "IVA": 5
        },
        {
            "codigo": "mqmdLOuYRd",
            "total": 1,
            "valor_unitario": 782226,
            "descuento": 0.49,
            "IVA": 0
        },
        {
            "codigo": "NElMwzQndw",
            "total": 11,
            "valor_unitario": 348449,
            "descuento": 0.44,
            "IVA": 19
        },
        {
            "codigo": "izab5f8jJa",
            "total": 10,
            "valor_unitario": 709080,
            "descuento": 0.17,
            "IVA": 0
        },
        {
            "codigo": "qLKJoCSd7o",
            "total": 15,
            "valor_unitario": 902705,
            "descuento": 0.46,
            "IVA": 0
        },
        {
            "codigo": "ZAZjFKNIeS",
            "total": 16,
            "valor_unitario": 244736,
            "descuento": 0.41,
            "IVA": 5
        },
        {
            "codigo": "KypT5QzMe2",
            "total": 10,
            "valor_unitario": 842075,
            "descuento": 0.47,
            "IVA": 0
        },
        {
            "codigo": "pC0CN58J7w",
            "total": 6,
            "valor_unitario": 126185,
            "descuento": 0.25,
            "IVA": 5
        },
        {
            "codigo": "gTG4LsiTBo",
            "total": 17,
            "valor_unitario": 482895,
            "descuento": 0.29,
            "IVA": 19
        },
        {
            "codigo": "NnJnZEMerI",
            "total": 12,
            "valor_unitario": 975582,
            "descuento": 0.39,
            "IVA": 19
        },
        {
            "codigo": "yX8m8msq37",
            "total": 2,
            "valor_unitario": 119947,
            "descuento": 0.38,
            "IVA": 5
        },
        {
            "codigo": "ajN4md25Bq",
            "total": 1,
            "valor_unitario": 592334,
            "descuento": 0.36,
            "IVA": 19
        }
    ]
}