{
    "empresa_nit": "789526431",
    "empresa_ciudad": "BARRANQUILLA",
    "empresa_sede": "aeropuerto",
    "empresa_nombre": "Supermercado Central",
    "fecha_hora": "2024-08-02 07:55:07",
    "factura_num": "01250",
    "ciente_numero": 782185813,
    "pago_tipo": "TAR.DEBITO",
    "productos": [
        {
            "codigo": "QNdyW6ZVtT",
            "total": 14,
            "valor_unitario": 821366,
            "descuento": 0.2,
            "IVA": 0
        },
        {
            "codigo": "afeqnjxfTr",
            "total": 9,
            "valor_unitario": 515672,
            "descuento": 0.21,
            "IVA": 5
        },
        {
            "codigo": "2Xq1SPhR4j",
            "total": 1,
            "valor_unitario": 74058,
            "descuento": 0.36,
            "IVA": 5
        },
        {
            "codigo": "PwutKqEBgy",
            "total": 18,
            "valor_unitario": 356891,
            "descuento": 0.45,
            "IVA": 0
        },
        {
            "codigo": "HNeCd72G9q",
            "total": 18,
            "valor_unitario": 17177,
            "descuento": 0.22,
            "IVA": 19
        },
        {
            "codigo": "W61OqIh8GV",
            "total": 3,
            "valor_unitario": 701481,
            "descuento": 0.38,
            "IVA": 0
        },
        {
            "codigo": "UiIQP0yjfy",
            "total": 12,
            "valor_unitario": 91615,
            "descuento": 0.38,
            "IVA": 0
        },
        {
            "codigo": "BpXxM5uQhn",
            "total": 15,
            "valor_unitario": 980586,
            "descuento": 0.21,
            "IVA": 19
        },
        {
            "codigo": "osI4BqupoW",
            "total": 9,
            "valor_unitario": 13924,
            "descuento": 0.34,
            "IVA": 19
        },
        {
            "codigo": "niFkAUKNmE",
            "total": 13,
            "valor_unitario": 133245,
            "descuento": 0.08,
            "IVA": 5
        },
        {
            "codigo": "5Z74q4HQec",
            "total": 11,
            "valor_unitario": 128971,
            "descuento": 0.38,
            "IVA": 19
        },
        {
            "codigo": "Tdpa8K1oqR",
            "total": 12,
            "valor_unitario": 982373,
            "descuento": 0.02,
            "IVA": 0
        },
        {
            "codigo": "3HI4nPeZ6M",
            "total": 15,
            "valor_unitario": 866070,
            "descuento": 0.42,
            "IVA": 19
        },
        {
            "codigo": "wNU5Akiikm",
            "total": 8,
            "valor_unitario": 760996,
            "descuento": 0.07,
            "IVA": 19
        },
        {
            "codigo": "PxgkykLY3l",
            "total": 20,
            "valor_unitario": 550675,
            "descuento": 0.33,
            "IVA": 19
        },
        {
            "codigo": "tjTzwxh72e",
            "total": 19,
            "valor_unitario": 945670,
            "descuento": 0.5,
            "IVA": 0
        },
        {
            "codigo": "hOPOHka3Wo",
            "total": 7,
            "valor_unitario": 561272,
            "descuento": 0.16,
            "IVA": 0
        },
        {
            "codigo": "qurSPsPHqj",
            "total": 5,
            "valor_unitario": 525932,
            "descuento": 0.45,
            "IVA": 0
        },
        {
            "codigo": "uxOZB6riuP",
            "total": 7,
            "valor_unitario": 918651,
            "descuento": 0.29,
            "IVA": 19
        },
        {
            "codigo": "aN8BCFUvE3",
            "total": 11,
            "valor_unitario": 557598,
            "descuento": 0.41,
            "IVA": 0
        }
    ]
}