{
    "empresa_nit": "789526431",
    "empresa_ciudad": "TUNJA",
    "empresa_sede": "autopista",
    "empresa_nombre": "Supermercado Central",
    "fecha_hora": "2024-10-16 03:45:01",
    "factura_num": "01396",
    "ciente_numero": 873377205,
    "pago_tipo": "TAR.DEBITO",
    "productos": [
        {
            "codigo": "A8zJxk61bE",
            "total": 6,
            "valor_unitario": 272114,
            "descuento": 0.11,
            "IVA": 5
        },
        {
            "codigo": "dNpucsKUOk",
            "total": 12,
            "valor_unitario": 493260,
            "descuento": 0.46,
            "IVA": 19
        }
    ]
}