{
    "empresa_nit": "789526431",
    "empresa_ciudad": "TUNJA",
    "empresa_sede": "alcaldia",
    "empresa_nombre": "Supermercado Central",
    "fecha_hora": "2020-02-01 11:15:12",
    "factura_num": "01174",
    "ciente_numero": 160477088,
    "pago_tipo": "TRANFERENCIA",
    "productos": [
        {
            "codigo": "uFfIPG48tF",
            "total": 5,
            "valor_unitario": 257044,
            "descuento": 0.34,
            "IVA": 5
        },
        {
            "codigo": "YEWnbxZCwI",
            "total": 13,
            "valor_unitario": 78011,
            "descuento": 0.28,
            "IVA": 19
        },
        {
            "codigo": "2xnEYDQeis",
            "total": 3,
            "valor_unitario": 242401,
            "descuento": 0.4,
            "IVA": 5
        },
        {
            "codigo": "tYlUtIRNsU",
            "total": 2,
            "valor_unitario": 404706,
            "descuento": 0.43,
            "IVA": 5
        },
        {
            "codigo": "GhQadvaqZG",
            "total": 4,
            "valor_unitario": 541537,
            "descuento": 0.23,
            "IVA": 19
        },
        {
            "codigo": "C4n4o0FWKu",
            "total": 14,
            "valor_unitario": 931021,
            "descuento": 0.39,
            "IVA": 0
        },
        {
            "codigo": "vXBWTmoJDZ",
            "total": 14,
            "valor_unitario": 195089,
            "descuento": 0.18,
            "IVA": 19
        },
        {
            "codigo": "mTqizLMfMF",
            "total": 4,
            "valor_unitario": 87779,
            "descuento": 0.38,
            "IVA": 5
        },
        {
            "codigo": "5HBUEFsXMn",
            "total": 11,
            "valor_unitario": 320189,
            "descuento": 0.41,
            "IVA": 5
        },
        {
            "codigo": "Pv2cktLnwr",
            "total": 5,
            "valor_unitario": 389231,
            "descuento": 0.32,
            "IVA": 5
        },
        {
            "codigo": "onRP4v7NnI",
            "total": 17,
            "valor_unitario": 529873,
            "descuento": 0.43,
            "IVA": 19
        },
        {
            "codigo": "as0B9bUj1h",
            "total": 19,
            "valor_unitario": 479571,
            "descuento": 0.03,
            "IVA": 0
        },
        {
            "codigo": "05lOLcicrX",
            "total": 1,
            "valor_unitario": 843656,
            "descuento": 0.45,
            "IVA": 19
        },
        {
            "codigo": "Sh0GI2rOU1",
            "total": 3,
            "valor_unitario": 299000,
            "descuento": 0.16,
            "IVA": 19
        },
        {
            "codigo": "9ppFnHMMMW",
            "total": 17,
            "valor_unitario": 651751,
            "descuento": 0.37,
            "IVA": 5
        }
    ]
}