{
    "empresa_nit": "789526431",
    "empresa_ciudad": "MEDELLIN",
    "empresa_sede": "alcaldia",
    "empresa_nombre": "Supermercado Central",
    "fecha_hora": "2024-06-16 08:34:22",
    "factura_num": "01133",
    "ciente_numero": 703358966,
    "pago_tipo": "EFECTIVO",
    "productos": [
        {
            "codigo": "4a4mSqDciQ",
            "total": 9,
            "valor_unitario": 982519,
            "descuento": 0.4,
            "IVA": 0
        },
        {
            "codigo": "c0xj1kb7zy",
            "total": 18,
            "valor_unitario": 223734,
            "descuento": 0.06,
            "IVA": 0
        },
        {
            "codigo": "gSI4vOKgyR",
            "total": 7,
            "valor_unitario": 758193,
            "descuento": 0.44,
            "IVA": 0
        },
        {
            "codigo": "QRTAnQ6lLm",
            "total": 7,
            "valor_unitario": 565028,
            "descuento": 0.11,
            "IVA": 0
        },
        {
            "codigo": "VVYyNiPi44",
            "total": 5,
            "valor_unitario": 899774,
            "descuento": 0.07,
            "IVA": 19
        },
        {
            "codigo": "KjDdue7iZv",
            "total": 18,
            "valor_unitario": 38797,
            "descuento": 0.06,
            "IVA": 19
        },
        {
            "codigo": "DyxK8AdEWh",
            "total": 13,
            "valor_unitario": 12327,
            "descuento": 0.43,
            "IVA": 0
        },
        {
            "codigo": "H8uwt1KHIh",
            "total": 13,
            "valor_unitario": 183174,
            "descuento": 0.25,
            "IVA": 5
        },
        {
            "codigo": "Vy2twslw3g",
            "total": 17,
            "valor_unitario": 16895,
            "descuento": 0.5,
            "IVA": 19
        },
        {
            "codigo": "OWZkzqSaQk",
            "total": 7,
            "valor_unitario": 353407,
            "descuento": 0.18,
            "IVA": 5
        },
        {
            "codigo": "c1QkkWObnS",
            "total": 18,
            "valor_unitario": 894739,
            "descuento": 0.12,
            "IVA": 0
        },
        {
            "codigo": "rUsSmiahCH",
            "total": 17,
            "valor_unitario": 530680,
            "descuento": 0.43,
            "IVA": 0
        }
    ]
}