{
    "empresa_nit": "789526431",
    "empresa_ciudad": "TUNJA",
    "empresa_sede": "terminal",
    "empresa_nombre": "Supermercado Central",
    "fecha_hora": "2023-12-10 12:58:11",
    "factura_num": "01294",
    "ciente_numero": 822146851,
    "pago_tipo": "TRANFERENCIA",
    "productos": [
        {
            "codigo": "SNMWgAnbzL",
            "total": 9,
            "valor_unitario": 566690,
            "descuento": 0.44,
            "IVA": 5
        },
        {
            "codigo": "TWmocK1sxQ",
            "total": 17,
            "valor_unitario": 268340,
            "descuento": 0.11,
            "IVA": 5
        },
        {
            "codigo": "T4bLgH4fbg",
            "total": 8,
            "valor_unitario": 265616,
            "descuento": 0.32,
            "IVA": 0
        },
        {
            "codigo": "rAY2Y7vrzI",
            "total": 5,
            "valor_unitario": 285527,
            "descuento": 0.05,
            "IVA": 5
        },
        {
            "codigo": "jQRzLZapu8",
            "total": 13,
            "valor_unitario": 999253,
            "descuento": 0.27,
            "IVA": 19
        },
        {
            "codigo": "3pvYexoT29",
            "total": 2,
            "valor_unitario": 375299,
            "descuento": 0.07,
            "IVA": 0
        },
        {
            "codigo": "AXHc4yENgH",
            "total": 3,
            "valor_unitario": 336890,
            "descuento": 0.38,
            "IVA": 19
        },
        {
            "codigo": "0ah6F3xGo2",
            "total": 3,
            "valor_unitario": 412133,
            "descuento": 0.49,
            "IVA": 5
        },
        {
            "codigo": "77DWLWyk4E",
            "total": 2,
            "valor_unitario": 214870,
            "descuento": 0.02,
            "IVA": 5
        }
    ]
}