{
    "empresa_nit": "789526431",
    "empresa_ciudad": "TUNJA",
    "empresa_sede": "alcaldia",
    "empresa_nombre": "Supermercado Central",
    "fecha_hora": "2020-11-07 07:52:28",
    "factura_num": "01062",
    "ciente_numero": 857530512,
    "pago_tipo": "EFECTIVO",
    "productos": [
        {
            "codigo": "F0rexFaocW",
            "total": 9,
            "valor_unitario": 792799,
            "descuento": 0.17,
            "IVA": 5
        },
        {
            "codigo": "GQTvhC9wNB",
            "total": 16,
            "valor_unitario": 144300,
            "descuento": 0.2,
            "IVA": 0
        },
        {
            "codigo": "jUsj7PAcAs",
            "total": 3,
            "valor_unitario": 214902,
            "descuento": 0.02,
            "IVA": 19
        },
        {
            "codigo": "I14KEX4fHe",
            "total": 7,
            "valor_unitario": 963090,
            "descuento": 0.19,
            "IVA": 5
        },
        {
            "codigo": "zRbzlfcNZW",
            "total": 13,
            "valor_unitario": 745633,
            "descuento": 0.27,
            "IVA": 5
        },
        {
            "codigo": "6hFsXNvZcY",
            "total": 5,
            "valor_unitario": 150289,
            "descuento": 0.28,
            "IVA": 19
        },
        {
            "codigo": "ZLKpYW2URz",
            "total": 11,
            "valor_unitario": 509135,
            "descuento": 0.29,
            "IVA": 5
        },
        {
            "codigo": "KK5Dx6YmaT",
            "total": 1,
            "valor_unitario": 655944,
            "descuento": 0.32,
            "IVA": 19
        },
        {
            "codigo": "IAEEJAp7oJ",
            "total": 1,
            "valor_unitario": 897531,
            "descuento": 0.12,
            "IVA": 19
        },
        {
            "codigo": "2AwLCdT7sx",
            "total": 7,
            "valor_unitario": 953080,
            "descuento": 0.28,
            "IVA": 0
        }
    ]
}