{
    "empresa_nit": "789526431",
    "empresa_ciudad": "CALI",
    "empresa_sede": "centro",
    "empresa_nombre": "Supermercado Central",
    "fecha_hora": "2022-10-03 22:12:46",
    "factura_num": "01296",
    "ciente_numero": 974061142,
    "pago_tipo": "TAR.CREDITO",
    "productos": [
        {
            "codigo": "s74Bd19cqQ",
            "total": 3,
            "valor_unitario": 580674,
            "descuento": 0.37,
            "IVA": 19
        },
        {
            "codigo": "RdvAlPnHSe",
            "total": 4,
            "valor_unitario": 834947,
            "descuento": 0.2,
            "IVA": 5
        },
        {
            "codigo": "YGIu7FBDLk",
            "total": 18,
            "valor_unitario": 591575,
            "descuento": 0.32,
            "IVA": 19
        },
        {
            "codigo": "O6zjthaYl0",
            "total": 18,
            "valor_unitario": 224065,
            "descuento": 0.22,
            "IVA": 0
        },
        {
            "codigo": "uxcRjRVtBb",
            "total": 1,
            "valor_unitario": 236972,
            "descuento": 0.45,
            "IVA": 19
        },
        {
            "codigo": "dYAybU2xyj",
            "total": 15,
            "valor_unitario": 980001,
            "descuento": 0.39,
            "IVA": 0
        },
        {
            "codigo": "6KZXKmKkmp",
            "total": 7,
            "valor_unitario": 200994,
            "descuento": 0.06,
            "IVA": 5
        },
        {
            "codigo": "Ucsy1hzvAQ",
            "total": 3,
            "valor_unitario": 661487,
            "descuento": 0.29,
            "IVA": 0
        },
        {
            "codigo": "YpsDJWLLNX",
            "total": 19,
            "valor_unitario": 302750,
            "descuento": 0.38,
            "IVA": 5
        },
        {
            "codigo": "U71RDA5Hkw",
            "total": 5,
            "valor_unitario": 248996,
            "descuento": 0.17,
            "IVA": 0
        },
        {
            "codigo": "lbnNCH8RQL",
            "total": 12,
            "valor_unitario": 762817,
            "descuento": 0.12,
            "IVA": 19
        },
        {
            "codigo": "iGWmGyOX9k",
            "total": 10,
            "valor_unitario": 995844,
            "descuento": 0.23,
            "IVA": 0
        }
    ]
}