{
    "empresa_nit": "789526431",
    "empresa_ciudad": "TUNJA",
    "empresa_sede": "plaza",
    "empresa_nombre": "Supermercado Central",
    "fecha_hora": "2022-07-19 10:53:25",
    "factura_num": "01204",
    "ciente_numero": 274076512,
    "pago_tipo": "TAR.DEBITO",
    "productos": [
        {
            "codigo": "HCgqtcGUEV",
            "total": 16,
            "valor_unitario": 567564,
            "descuento": 0.48,
            "IVA": 5
        },
        {
            "codigo": "3mjVmUuhjh",
            "total": 13,
            "valor_unitario": 588792,
            "descuento": 0.21,
            "IVA": 19
        },
        {
            "codigo": "qUypQ2fmMm",
            "total": 11,
            "valor_unitario": 320814,
            "descuento": 0.02,
            "IVA": 0
        },
        {
            "codigo": "olTa0tEbVk",
            "total": 4,
            "valor_unitario": 527867,
            "descuento": 0.12,
            "IVA": 0
        },
        {
            "codigo": "OtKinGn50x",
            "total": 3,
            "valor_unitario": 168951,
            "descuento": 0.01,
            "IVA": 5
        },
        {
            "codigo": "OHCqrzJctb",
            "total": 4,
            "valor_unitario": 558511,
            "descuento": 0.43,
            "IVA": 19
        },
        {
            "codigo": "amvT22dBJS",
            "total": 7,
            "valor_unitario": 105633,
            "descuento": 0.26,
            "IVA": 19
        },
        {
            "codigo": "RTOjUvNB8P",
            "total": 15,
            "valor_unitario": 504496,
            "descuento": 0.45,
            "IVA": 19
        },
        {
            "codigo": "QH2fx9VaL0",
            "total": 20,
            "valor_unitario": 609448,
            "descuento": 0.13,
            "IVA": 19
        },
        {
            "codigo": "bloFQV1NEY",
            "total": 13,
            "valor_unitario": 23618,
            "descuento": 0.13,
            "IVA": 0
        },
        {
            "codigo": "mGCRctvRtP",
            "total": 5,
            "valor_unitario": 221704,
            "descuento": 0.41,
            "IVA": 5
        },
        {
            "codigo": "kJoe1baioj",
            "total": 8,
            "valor_unitario": 814271,
            "descuento": 0.35,
            "IVA": 19
        },
        {
            "codigo": "3NdZSttWCz",
            "total": 19,
            "valor_unitario": 57661,
            "descuento": 0.33,
            "IVA": 0
        },
        {
            "codigo": "lFZ2iCfxjo",
            "total": 1,
            "valor_unitario": 346803,
            "descuento": 0.41,
            "IVA": 5
        },
        {
            "codigo": "IMAbP41P0J",
            "total": 2,
            "valor_unitario": 920399,
            "descuento": 0.01,
            "IVA": 19
        },
        {
            "codigo": "zNZtK9mK0J",
            "total": 7,
            "valor_unitario": 338415,
            "descuento": 0.49,
            "IVA": 5
        },
        {
            "codigo": "YPt9Gb9bry",
            "total": 9,
            "valor_unitario": 999911,
            "descuento": 0.09,
            "IVA": 19
        },
        {
            "codigo": "5QgVHkECO0",
            "total": 20,
            "valor_unitario": 767539,
            "descuento": 0.37,
            "IVA": 0
        },
        {
            "codigo": "PF4GxWS34I",
            "total": 3,
            "valor_unitario": 105510,
            "descuento": 0.01,
            "IVA": 0
        }
    ]
}