{
    "empresa_nit": "789526431",
    "empresa_ciudad": "CALI",
    "empresa_sede": "alcaldia",
    "empresa_nombre": "Supermercado Central",
    "fecha_hora": "2024-06-03 10:27:01",
    "factura_num": "01233",
    "ciente_numero": 302252102,
    "pago_tipo": "EFECTIVO",
    "productos": [
        {
            "codigo": "bwsadRfsHR",
            "total": 15,
            "valor_unitario": 449835,
            "descuento": 0.09,
            "IVA": 0
        },
        {
            "codigo": "nC75tpTMRD",
            "total": 13,
            "valor_unitario": 663661,
            "descuento": 0.37,
            "IVA": 19
        },
        {
            "codigo": "FtqRigXpnV",
            "total": 20,
            "valor_unitario": 996198,
            "descuento": 0.47,
            "IVA": 0
        },
        {
            "codigo": "0cUcEs1BpY",
            "total": 16,
            "valor_unitario": 350218,
            "descuento": 0.24,
            "IVA": 0
        },
        {
            "codigo": "86KssQeFYD",
            "total": 14,
            "valor_unitario": 183802,
            "descuento": 0.4,
            "IVA": 0
        }
    ]
}