{
    "empresa_nit": "789526431",
    "empresa_ciudad": "CALI",
    "empresa_sede": "alcaldia",
    "empresa_nombre": "Supermercado Central",
    "fecha_hora": "2021-09-26 05:38:16",
    "factura_num": "01368",
    "ciente_numero": 464708827,
    "pago_tipo": "TRANFERENCIA",
    "productos": [
        {
            "codigo": "ZtSnP4CC0l",
            "total": 15,
            "valor_unitario": 492664,
            "descuento": 0.08,
            "IVA": 19
        },
        {
            "codigo": "IWM5pf0MXd",
            "total": 1,
            "valor_unitario": 723335,
            "descuento": 0.14,
            "IVA": 19
        },
        {
            "codigo": "m2CBRfXt9P",
            "total": 15,
            "valor_unitario": 268175,
            "descuento": 0.36,
            "IVA": 5
        },
        {
            "codigo": "08ix7GNAbG",
            "total": 4,
            "valor_unitario": 198255,
            "descuento": 0.08,
            "IVA": 19
        },
        {
            "codigo": "fAJAyUgSLK",
            "total": 8,
            "valor_unitario": 113626,
            "descuento": 0.45,
            "IVA": 0
        },
        {
            "codigo": "G2W3o6lh0W",
            "total": 16,
            "valor_unitario": 975552,
            "descuento": 0.47,
            "IVA": 0
        },
        {
            "codigo": "Bqinw9nL1z",
            "total": 17,
            "valor_unitario": 877731,
            "descuento": 0.31,
            "IVA": 5
        },
        {
            "codigo": "M6ZjIKHjJH",
            "total": 11,
            "valor_unitario": 812725,
            "descuento": 0.41,
            "IVA": 0
        },
        {
            "codigo": "8AnLjjyPA1",
            "total": 2,
            "valor_unitario": 604134,
            "descuento": 0.32,
            "IVA": 19
        },
        {
            "codigo": "FTRGb1WNnw",
            "total": 4,
            "valor_unitario": 466683,
            "descuento": 0.48,
            "IVA": 5
        },
        {
            "codigo": "tkVlALb2Te",
            "total": 14,
            "valor_unitario": 220155,
            "descuento": 0.2,
            "IVA": 19
        },
        {
            "codigo": "82AkVHUgxQ",
            "total": 5,
            "valor_unitario": 656498,
            "descuento": 0.34,
            "IVA": 0
        },
        {
            "codigo": "YZsfvoqVHs",
            "total": 4,
            "valor_unitario": 101028,
            "descuento": 0.29,
            "IVA": 19
        },
        {
            "codigo": "KLkpyIqs1s",
            "total": 18,
            "valor_unitario": 219012,
            "descuento": 0.27,
            "IVA": 19
        },
        {
            "codigo": "9XdCdg09fo",
            "total": 3,
            "valor_unitario": 299010,
            "descuento": 0.31,
            "IVA": 0
        },
        {
            "codigo": "Ok2BoxmjUL",
            "total": 1,
            "valor_unitario": 860442,
            "descuento": 0.21,
            "IVA": 0
        },
        {
            "codigo": "raoJ7WFvIv",
            "total": 16,
            "valor_unitario": 630618,
            "descuento": 0.1,
            "IVA": 0
        },
        {
            "codigo": "HhXmW4s2eP",
            "total": 4,
            "valor_unitario": 725751,
            "descuento": 0.32,
            "IVA": 5
        },
        {
            "codigo": "Al7d82HJ4B",
            "total": 9,
            "valor_unitario": 937072,
            "descuento": 0.24,
            "IVA": 19
        },
        {
            "codigo": "ixmk95di30",
            "total": 4,
            "valor_unitario": 284115,
            "descuento": 0.3,
            "IVA": 5
        }
    ]
}