{
    "empresa_nit": "789526431",
    "empresa_ciudad": "BOGOTA",
    "empresa_sede": "plaza",
    "empresa_nombre": "Supermercado Central",
    "fecha_hora": "2022-06-11 21:57:26",
    "factura_num": "01144",
    "ciente_numero": 444501521,
    "pago_tipo": "TAR.DEBITO",
    "productos": [
        {
            "codigo": "QHMqnLgJRk",
            "total": 17,
            "valor_unitario": 156610,
            "descuento": 0.31,
            "IVA": 0
        },
        {
            "codigo": "ZdSfV67z7L",
            "total": 17,
            "valor_unitario": 420190,
            "descuento": 0.2,
            "IVA": 5
        },
        {
            "codigo": "1XCnSFDmjw",
            "total": 10,
            "valor_unitario": 976099,
            "descuento": 0.3,
            "IVA": 0
        },
        {
            "codigo": "WsOJm2tubX",
            "total": 17,
            "valor_unitario": 188410,
            "descuento": 0.26,
            "IVA": 5
        }
    ]
}