{
    "empresa_nit": "789526431",
    "empresa_ciudad": "TUNJA",
    "empresa_sede": "alcaldia",
    "empresa_nombre": "Supermercado Central",
    "fecha_hora": "2024-06-29 14:02:34",
    "factura_num": "01113",
    "ciente_numero": 671008967,
    "pago_tipo": "EFECTIVO",
    "productos": [
        {
            "codigo": "eU4PRxrfMh",
            "total": 5,
            "valor_unitario": 432804,
            "descuento": 0.15,
            "IVA": 5
        },
        {
            "codigo": "np9wHC7hu2",
            "total": 7,
            "valor_unitario": 453125,
            "descuento": 0.18,
            "IVA": 0
        }
    ]
}