{
    "empresa_nit": "789526431",
    "empresa_ciudad": "TUNJA",
    "empresa_sede": "alcaldia",
    "empresa_nombre": "Supermercado Central",
    "fecha_hora": "2022-07-13 01:21:59",
    "factura_num": "01410",
    "ciente_numero": 8868988,
    "pago_tipo": "EFECTIVO",
    "productos": [
        {
            "codigo": "8lTmg7Vhtb",
            "total": 20,
            "valor_unitario": 703984,
            "descuento": 0.03,
            "IVA": 19
        },
        {
            "codigo": "mszkRIGq0S",
            "total": 12,
            "valor_unitario": 736714,
            "descuento": 0.46,
            "IVA": 0
        },
        {
            "codigo": "PbBp6acR4v",
            "total": 1,
            "valor_unitario": 394701,
            "descuento": 0.04,
            "IVA": 5
        },
        {
            "codigo": "UvO79c1S6n",
            "total": 1,
            "valor_unitario": 123787,
            "descuento": 0.44,
            "IVA": 5
        },
        {
            "codigo": "icAtVHCWeZ",
            "total": 18,
            "valor_unitario": 311459,
            "descuento": 0.44,
            "IVA": 0
        },
        {
            "codigo": "h9RojB7tiZ",
            "total": 20,
            "valor_unitario": 236080,
            "descuento": 0.06,
            "IVA": 5
        },
        {
            "codigo": "QQ0Uf3IeSe",
            "total": 8,
            "valor_unitario": 168497,
            "descuento": 0.28,
            "IVA": 5
        },
        {
            "codigo": "EOUXMTm5vI",
            "total": 1,
            "valor_unitario": 845484,
            "descuento": 0.38,
            "IVA": 5
        },
        {
            "codigo": "nd3DZpErtT",
            "total": 13,
            "valor_unitario": 919153,
            "descuento": 0.2,
            "IVA": 5
        },
        {
            "codigo": "Dd9HomiWep",
            "total": 2,
            "valor_unitario": 269530,
            "descuento": 0.22,
            "IVA": 5
        },
        {
            "codigo": "hTRh6A2u32",
            "total": 12,
            "valor_unitario": 187070,
            "descuento": 0.18,
            "IVA": 5
        },
        {
            "codigo": "QSbSU70HCr",
            "total": 15,
            "valor_unitario": 523789,
            "descuento": 0.39,
            "IVA": 19
        },
        {
            "codigo": "2u68YPrqAx",
            "total": 14,
            "valor_unitario": 671253,
            "descuento": 0.09,
            "IVA": 5
        },
        {
            "codigo": "egBcvSEiLe",
            "total": 17,
            "valor_unitario": 891183,
            "descuento": 0.11,
            "IVA": 19
        }
    ]
}