{
    "empresa_nit": "789526431",
    "empresa_ciudad": "CALI",
    "empresa_sede": "centro",
    "empresa_nombre": "Supermercado Central",
    "fecha_hora": "2021-10-18 21:06:51",
    "factura_num": "01292",
    "ciente_numero": 931358254,
    "pago_tipo": "TAR.CREDITO",
    "productos": [
        {
            "codigo": "Vtb3rYmkOU",
            "total": 16,
            "valor_unitario": 508528,
            "descuento": 0.41,
            "IVA": 0
        },
        {
            "codigo": "rw6Ei3RcBz",
            "total": 6,
            "valor_unitario": 465630,
            "descuento": 0.28,
            "IVA": 5
        },
        {
            "codigo": "RDXgd5mkoz",
            "total": 7,
            "valor_unitario": 244130,
            "descuento": 0.29,
            "IVA": 0
        },
        {
            "codigo": "Zs7yAlPFcO",
            "total": 9,
            "valor_unitario": 99279,
            "descuento": 0.14,
            "IVA": 0
        },
        {
            "codigo": "eTFEJFrDP0",
            "total": 5,
            "valor_unitario": 142935,
            "descuento": 0.36,
            "IVA": 19
        },
        {
            "codigo": "bDDP8jfPGB",
            "total": 9,
            "valor_unitario": 887916,
            "descuento": 0.14,
            "IVA": 19
        },
        {
            "codigo": "oPDY2lbXJG",
            "total": 7,
            "valor_unitario": 94889,
            "descuento": 0.35,
            "IVA": 0
        },
        {
            "codigo": "isgO9ep2Zd",
            "total": 14,
            "valor_unitario": 273467,
            "descuento": 0.35,
            "IVA": 0
        }
    ]
}