{
    "empresa_nit": "789526431",
    "empresa_ciudad": "BARRANQUILLA",
    "empresa_sede": "aeropuerto",
    "empresa_nombre": "Supermercado Central",
    "fecha_hora": "2021-02-25 02:50:27",
    "factura_num": "01399",
    "ciente_numero": 629225485,
    "pago_tipo": "EFECTIVO",
    "productos": [
        {
            "codigo": "IKEnQioxpI",
            "total": 10,
            "valor_unitario": 563390,
            "descuento": 0.18,
            "IVA": 19
        },
        {
            "codigo": "mqU2gHXAvs",
            "total": 7,
            "valor_unitario": 196438,
            "descuento": 0.14,
            "IVA": 0
        },
        {
            "codigo": "onzKkXskMK",
            "total": 15,
            "valor_unitario": 460418,
            "descuento": 0.49,
            "IVA": 5
        },
        {
            "codigo": "ulrw1E40FV",
            "total": 17,
            "valor_unitario": 256642,
            "descuento": 0.23,
            "IVA": 0
        },
        {
            "codigo": "MP2DgzCoWk",
            "total": 7,
            "valor_unitario": 284097,
            "descuento": 0.14,
            "IVA": 5
        },
        {
            "codigo": "Z8gqZg7Lic",
            "total": 13,
            "valor_unitario": 1188,
            "descuento": 0.47,
            "IVA": 19
        },
        {
            "codigo": "zu4pcxmBY1",
            "total": 16,
            "valor_unitario": 914930,
            "descuento": 0.29,
            "IVA": 0
        },
        {
            "codigo": "QphIku13sM",
            "total": 13,
            "valor_unitario": 332956,
            "descuento": 0.38,
            "IVA": 5
        },
        {
            "codigo": "iLkOjifNiM",
            "total": 14,
            "valor_unitario": 780889,
            "descuento": 0.4,
            "IVA": 19
        }
    ]
}