{
    "empresa_nit": "789526431",
    "empresa_ciudad": "BARRANQUILLA",
    "empresa_sede": "terminal",
    "empresa_nombre": "Supermercado Central",
    "fecha_hora": "2022-03-08 05:27:50",
    "factura_num": "00134",
    "ciente_numero": 759413723,
    "pago_tipo": "EFECTIVO",
    "productos": [
        {
            "codigo": "jDiGZWrOIR",
            "total": 7,
            "valor_unitario": 31751,
            "descuento": 0.41,
            "IVA": 5
        },
        {
            "codigo": "FlDkK6siyU",
            "total": 15,
            "valor_unitario": 188502,
            "descuento": 0.46,
            "IVA": 5
        },
        {
            "codigo": "ER8iG1KmLZ",
            "total": 5,
            "valor_unitario": 111130,
            "descuento": 0.37,
            "IVA": 5
        },
        {
            "codigo": "gwaWbpuxc5",
            "total": 17,
            "valor_unitario": 430901,
            "descuento": 0.2,
            "IVA": 0
        },
        {
            "codigo": "lfgzZjgvMg",
            "total": 15,
            "valor_unitario": 760697,
            "descuento": 0.21,
            "IVA": 19
        },
        {
            "codigo": "oNV0lV5vCA",
            "total": 19,
            "valor_unitario": 690977,
            "descuento": 0.17,
            "IVA": 0
        },
        {
            "codigo": "d7Wvrc9NpX",
            "total": 20,
            "valor_unitario": 960875,
            "descuento": 0.06,
            "IVA": 19
        },
        {
            "codigo": "WVliGDDnw3",
            "total": 11,
            "valor_unitario": 284303,
            "descuento": 0.48,
            "IVA": 19
        },
        {
            "codigo": "PEtM4X56CY",
            "total": 5,
            "valor_unitario": 648150,
            "descuento": 0.44,
            "IVA": 5
        },
        {
            "codigo": "0aBqphjS4V",
            "total": 8,
            "valor_unitario": 443120,
            "descuento": 0.04,
            "IVA": 0
        },
        {
            "codigo": "HDVui488TX",
            "total": 1,
            "valor_unitario": 760889,
            "descuento": 0.09,
            "IVA": 5
        },
        {
            "codigo": "nsRZnmeWU0",
            "total": 1,
            "valor_unitario": 677627,
            "descuento": 0.46,
            "IVA": 19
        },
        {
            "codigo": "bZcRb6sWiN",
            "total": 2,
            "valor_unitario": 760507,
            "descuento": 0.41,
            "IVA": 19
        },
        {
            "codigo": "EOKnmYhPHD",
            "total": 2,
            "valor_unitario": 294704,
            "descuento": 0.26,
            "IVA": 0
        },
        {
            "codigo": "wCuqdfKPSZ",
            "total": 6,
            "valor_unitario": 35790,
            "descuento": 0.01,
            "IVA": 5
        },
        {
            "codigo": "L9DdLt0Gnl",
            "total": 3,
            "valor_unitario": 471640,
            "descuento": 0.39,
            "IVA": 5
        },
        {
            "codigo": "1Sp4kGtfpZ",
            "total": 18,
            "valor_unitario": 854694,
            "descuento": 0.19,
            "IVA": 5
        },
        {
            "codigo": "4ETRMRc72z",
            "total": 9,
            "valor_unitario": 774995,
            "descuento": 0.13,
            "IVA": 0
        },
        {
            "codigo": "EyqS13HI4r",
            "total": 2,
            "valor_unitario": 517296,
            "descuento": 0.34,
            "IVA": 19
        }
    ]
}