{
    "empresa_nit": "789526431",
    "empresa_ciudad": "BOGOTA",
    "empresa_sede": "autopista",
    "empresa_nombre": "Supermercado Central",
    "fecha_hora": "2022-05-26 13:37:06",
    "factura_num": "01085",
    "ciente_numero": 95089118,
    "pago_tipo": "TAR.DEBITO",
    "productos": [
        {
            "codigo": "mmw5Xwm6dp",
            "total": 15,
            "valor_unitario": 326792,
            "descuento": 0.32,
            "IVA": 0
        },
        {
            "codigo": "qvygyhmsIx",
            "total": 16,
            "valor_unitario": 668369,
            "descuento": 0.29,
            "IVA": 5
        },
        {
            "codigo": "g3UJINIxvN",
            "total": 4,
            "valor_unitario": 273442,
            "descuento": 0.06,
            "IVA": 0
        },
        {
            "codigo": "l4PezT6sBr",
            "total": 12,
            "valor_unitario": 370367,
            "descuento": 0.44,
            "IVA": 19
        },
        {
            "codigo": "MGyXU69Dz9",
            "total": 18,
            "valor_unitario": 882974,
            "descuento": 0.32,
            "IVA": 5
        },
        {
            "codigo": "hiaq5UFs0M",
            "total": 9,
            "valor_unitario": 132313,
            "descuento": 0.42,
            "IVA": 19
        },
        {
            "codigo": "0oIznjbRx6",
            "total": 11,
            "valor_unitario": 513557,
            "descuento": 0.18,
            "IVA": 5
        },
        {
            "codigo": "8iHh9gqjE8",
            "total": 7,
            "valor_unitario": 946848,
            "descuento": 0.22,
            "IVA": 19
        },
        {
            "codigo": "pKNikfKH3b",
            "total": 17,
            "valor_unitario": 847123,
            "descuento": 0.37,
            "IVA": 5
        },
        {
            "codigo": "lE2vz4tBdq",
            "total": 6,
            "valor_unitario": 38916,
            "descuento": 0.3,
            "IVA": 19
        },
        {
            "codigo": "BFNOrT7DuK",
            "total": 13,
            "valor_unitario": 717567,
            "descuento": 0.37,
            "IVA": 0
        },
        {
            "codigo": "FmExGUAfad",
            "total": 15,
            "valor_unitario": 727563,
            "descuento": 0.06,
            "IVA": 19
        }
    ]
}