{
    "empresa_nit": "789526431",
    "empresa_ciudad": "BARRANQUILLA",
    "empresa_sede": "plaza",
    "empresa_nombre": "Supermercado Central",
    "fecha_hora": "2021-11-23 10:11:27",
    "factura_num": "01267",
    "ciente_numero": 849918198,
    "pago_tipo": "TAR.DEBITO",
    "productos": [
        {
            "codigo": "m0h7Vdok0D",
            "total": 7,
            "valor_unitario": 565596,
            "descuento": 0.32,
            "IVA": 0
        },
        {
            "codigo": "fxqiEgyPXz",
            "total": 16,
            "valor_unitario": 610255,
            "descuento": 0.3,
            "IVA": 19
        },
        {
            "codigo": "zEarqz5ddY",
            "total": 2,
            "valor_unitario": 673927,
            "descuento": 0.49,
            "IVA": 0
        },
        {
            "codigo": "A0txH5KcN1",
            "total": 15,
            "valor_unitario": 16244,
            "descuento": 0.46,
            "IVA": 0
        },
        {
            "codigo": "JQk1fJNGzZ",
            "total": 11,
            "valor_unitario": 324795,
            "descuento": 0.1,
            "IVA": 5
        },
        {
            "codigo": "RnBUQMcZkE",
            "total": 2,
            "valor_unitario": 628803,
            "descuento": 0.41,
            "IVA": 19
        },
        {
            "codigo": "WdlAp7yreu",
            "total": 10,
            "valor_unitario": 868497,
            "descuento": 0.45,
            "IVA": 0
        },
        {
            "codigo": "Ob7FYybORw",
            "total": 7,
            "valor_unitario": 996906,
            "descuento": 0.47,
            "IVA": 19
        },
        {
            "codigo": "ZFQ4DZvbWr",
            "total": 11,
            "valor_unitario": 194810,
            "descuento": 0.12,
            "IVA": 0
        },
        {
            "codigo": "PMo4hDhd95",
            "total": 18,
            "valor_unitario": 583629,
            "descuento": 0.04,
            "IVA": 19
        }
    ]
}