{
    "empresa_nit": "789526431",
    "empresa_ciudad": "MEDELLIN",
    "empresa_sede": "plaza",
    "empresa_nombre": "Supermercado Central",
    "fecha_hora": "2025-02-04 22:18:37",
    "factura_num": "01222",
    "ciente_numero": 248628477,
    "pago_tipo": "TRANFERENCIA",
    "productos": [
        {
            "codigo": "hlRvNCxQPA",
            "total": 10,
            "valor_unitario": 233398,
            "descuento": 0.01,
            "IVA": 19
        },
        {
            "codigo": "JcrdvxneIZ",
            "total": 6,
            "valor_unitario": 799586,
            "descuento": 0.05,
            "IVA": 19
        },
        {
            "codigo": "TVk9MDW620",
            "total": 14,
            "valor_unitario": 3500,
            "descuento": 0.42,
            "IVA": 0
        },
        {
            "codigo": "CspbWdVCNJ",
            "total": 11,
            "valor_unitario": 434317,
            "descuento": 0.29,
            "IVA": 19
        },
        {
            "codigo": "YTJbkTK3C9",
            "total": 10,
            "valor_unitario": 594779,
            "descuento": 0.21,
            "IVA": 19
        },
        {
            "codigo": "pq6Za5fcpq",
            "total": 15,
            "valor_unitario": 678249,
            "descuento": 0.42,
            "IVA": 19
        },
        {
            "codigo": "06FXuHcJvK",
            "total": 17,
            "valor_unitario": 772180,
            "descuento": 0.18,
            "IVA": 5
        },
        {
            "codigo": "vIReuJGXt3",
            "total": 3,
            "valor_unitario": 196811,
            "descuento": 0.49,
            "IVA": 0
        },
        {
            "codigo": "VlrBGqpzcI",
            "total": 1,
            "valor_unitario": 317911,
            "descuento": 0.16,
            "IVA": 0
        },
        {
            "codigo": "LQqHlJQZvq",
            "total": 2,
            "valor_unitario": 484859,
            "descuento": 0.1,
            "IVA": 0
        },
        {
            "codigo": "9xLffVQ3ll",
            "total": 17,
            "valor_unitario": 656693,
            "descuento": 0.01,
            "IVA": 5
        },
        {
            "codigo": "8mwq4y3fXq",
            "total": 17,
            "valor_unitario": 773990,
            "descuento": 0.33,
            "IVA": 19
        },
        {
            "codigo": "DWZgMDT4ro",
            "total": 11,
            "valor_unitario": 902735,
            "descuento": 0.25,
            "IVA": 19
        },
        {
            "codigo": "nHYMDCKA7e",
            "total": 4,
            "valor_unitario": 655456,
            "descuento": 0.32,
            "IVA": 19
        },
        {
            "codigo": "z3onWDXOlF",
            "total": 7,
            "valor_unitario": 265745,
            "descuento": 0.45,
            "IVA": 19
        },
        {
            "codigo": "AOwzlAFLfq",
            "total": 5,
            "valor_unitario": 823913,
            "descuento": 0.1,
            "IVA": 5
        },
        {
            "codigo": "Z3N0FiK2QV",
            "total": 5,
            "valor_unitario": 974782,
            "descuento": 0.21,
            "IVA": 5
        },
        {
            "codigo": "VLxO7V8rhs",
            "total": 7,
            "valor_unitario": 82297,
            "descuento": 0.17,
            "IVA": 19
        },
        {
            "codigo": "gI1uYl1j2M",
            "total": 9,
            "valor_unitario": 143678,
            "descuento": 0.05,
            "IVA": 0
        }
    ]
}