{
    "empresa_nit": "789526431",
    "empresa_ciudad": "CALI",
    "empresa_sede": "autopista",
    "empresa_nombre": "Supermercado Central",
    "fecha_hora": "2020-03-04 04:42:03",
    "factura_num": "01358",
    "ciente_numero": 217309076,
    "pago_tipo": "TRANFERENCIA",
    "productos": [
        {
            "codigo": "W1sPMQc3wX",
            "total": 12,
            "valor_unitario": 408686,
            "descuento": 0.27,
            "IVA": 0
        },
        {
            "codigo": "48eZwYcod3",
            "total": 6,
            "valor_unitario": 398869,
            "descuento": 0.01,
            "IVA": 0
        },
        {
            "codigo": "dWXu3bV55q",
            "total": 12,
            "valor_unitario": 60045,
            "descuento": 0.34,
            "IVA": 0
        },
        {
            "codigo": "XLuiIKU1VM",
            "total": 8,
            "valor_unitario": 159146,
            "descuento": 0.37,
            "IVA": 19
        },
        {
            "codigo": "7f5o75MBBt",
            "total": 9,
            "valor_unitario": 380914,
            "descuento": 0.14,
            "IVA": 0
        },
        {
            "codigo": "qnqsnaw8EM",
            "total": 12,
            "valor_unitario": 783802,
            "descuento": 0.03,
            "IVA": 5
        },
        {
            "codigo": "HEy2XvrhM5",
            "total": 11,
            "valor_unitario": 768207,
            "descuento": 0.28,
            "IVA": 0
        },
        {
            "codigo": "qdAavOwIqx",
            "total": 8,
            "valor_unitario": 545188,
            "descuento": 0.19,
            "IVA": 0
        },
        {
            "codigo": "jQfsinMhEU",
            "total": 6,
            "valor_unitario": 941591,
            "descuento": 0.2,
            "IVA": 5
        },
        {
            "codigo": "VRkRiYQNRe",
            "total": 5,
            "valor_unitario": 405384,
            "descuento": 0.43,
            "IVA": 19
        },
        {
            "codigo": "7DeVKIktvQ",
            "total": 13,
            "valor_unitario": 124569,
            "descuento": 0.42,
            "IVA": 0
        },
        {
            "codigo": "GTSZ3Eh7H1",
            "total": 20,
            "valor_unitario": 3668,
            "descuento": 0.31,
            "IVA": 5
        },
        {
            "codigo": "aa2E3Vho6Y",
            "total": 19,
            "valor_unitario": 16842,
            "descuento": 0.16,
            "IVA": 19
        },
        {
            "codigo": "4irFMVOVvY",
            "total": 7,
            "valor_unitario": 410410,
            "descuento": 0.32,
            "IVA": 0
        },
        {
            "codigo": "eCF6CRe6Ms",
            "total": 9,
            "valor_unitario": 429081,
            "descuento": 0.24,
            "IVA": 0
        },
        {
            "codigo": "5dzKARpuuO",
            "total": 15,
            "valor_unitario": 864217,
            "descuento": 0.42,
            "IVA": 0
        },
        {
            "codigo": "YDuK5DsE3c",
            "total": 12,
            "valor_unitario": 219164,
            "descuento": 0.19,
            "IVA": 0
        }
    ]
}