{
    "empresa_nit": "789526431",
    "empresa_ciudad": "BARRANQUILLA",
    "empresa_sede": "centro",
    "empresa_nombre": "Supermercado Central",
    "fecha_hora": "2024-08-29 06:38:05",
    "factura_num": "01355",
    "ciente_numero": 426418709,
    "pago_tipo": "TRANFERENCIA",
    "productos": [
        {
            "codigo": "9YnzT4sDu6",
            "total": 18,
            "valor_unitario": 44237,
            "descuento": 0.32,
            "IVA": 0
        },
        {
            "codigo": "oBHdNY3SY6",
            "total": 14,
            "valor_unitario": 315293,
            "descuento": 0.27,
            "IVA": 0
        },
        {
            "codigo": "Lfws6LP5hI",
            "total": 18,
            "valor_unitario": 178573,
            "descuento": 0.07,
            "IVA": 0
        },
        {
            "codigo": "nnd65h58Nz",
            "total": 3,
            "valor_unitario": 304338,
            "descuento": 0.24,
            "IVA": 19
        },
        {
            "codigo": "XNHZjwDp6h",
            "total": 1,
            "valor_unitario": 444476,
            "descuento": 0.41,
            "IVA": 5
        },
        {
            "codigo": "r6zBb35eUo",
            "total": 10,
            "valor_unitario": 736716,
            "descuento": 0.19,
            "IVA": 19
        },
        {
            "codigo": "cRI4Zjhv5Q",
            "total": 16,
            "valor_unitario": 20926,
            "descuento": 0.43,
            "IVA": 19
        },
        {
            "codigo": "nlTBnBprsD",
            "total": 18,
            "valor_unitario": 202188,
            "descuento": 0.17,
            "IVA": 0
        },
        {
            "codigo": "YKatAYtGpV",
            "total": 8,
            "valor_unitario": 524510,
            "descuento": 0.32,
            "IVA": 19
        },
        {
            "codigo": "8f7IHwkXx3",
            "total": 2,
            "valor_unitario": 49693,
            "descuento": 0.42,
            "IVA": 5
        },
        {
            "codigo": "RRO2Oy1jk2",
            "total": 7,
            "valor_unitario": 653678,
            "descuento": 0.44,
            "IVA": 5
        },
        {
            "codigo": "P9jRB2fCgB",
            "total": 11,
            "valor_unitario": 678982,
            "descuento": 0.1,
            "IVA": 5
        },
        {
            "codigo": "OMkIpUFf0O",
            "total": 10,
            "valor_unitario": 577094,
            "descuento": 0.22,
            "IVA": 5
        },
        {
            "codigo": "7O5MxGg5sn",
            "total": 18,
            "valor_unitario": 819026,
            "descuento": 0.41,
            "IVA": 5
        },
        {
            "codigo": "jJaO7HFFhh",
            "total": 14,
            "valor_unitario": 24520,
            "descuento": 0.46,
            "IVA": 0
        },
        {
            "codigo": "6kR2wvPF7f",
            "total": 2,
            "valor_unitario": 766993,
            "descuento": 0.18,
            "IVA": 19
        },
        {
            "codigo": "NBVCOGA1gc",
            "total": 19,
            "valor_unitario": 129669,
            "descuento": 0.46,
            "IVA": 19
        },
        {
            "codigo": "rJjzUQHVbF",
            "total": 4,
            "valor_unitario": 271712,
            "descuento": 0.44,
            "IVA": 0
        },
        {
            "codigo": "NA1mcFDult",
            "total": 20,
            "valor_unitario": 773676,
            "descuento": 0.41,
            "IVA": 5
        },
        {
            "codigo": "JmsPEvz6jH",
            "total": 18,
            "valor_unitario": 863469,
            "descuento": 0.15,
            "IVA": 5
        }
    ]
}