{
    "empresa_nit": "789526431",
    "empresa_ciudad": "BARRANQUILLA",
    "empresa_sede": "centro",
    "empresa_nombre": "Supermercado Central",
    "fecha_hora": "2020-04-12 06:51:26",
    "factura_num": "01115",
    "ciente_numero": 851317534,
    "pago_tipo": "TAR.CREDITO",
    "productos": [
        {
            "codigo": "uV9bix6hVh",
            "total": 14,
            "valor_unitario": 956177,
            "descuento": 0.4,
            "IVA": 5
        },
        {
            "codigo": "BNHc2BquRb",
            "total": 1,
            "valor_unitario": 75755,
            "descuento": 0.2,
            "IVA": 5
        },
        {
            "codigo": "oIGQ0gbXst",
            "total": 8,
            "valor_unitario": 42243,
            "descuento": 0.12,
            "IVA": 0
        },
        {
            "codigo": "6fGkR476go",
            "total": 5,
            "valor_unitario": 806769,
            "descuento": 0.23,
            "IVA": 0
        },
        {
            "codigo": "0W0bg2QUnc",
            "total": 15,
            "valor_unitario": 15022,
            "descuento": 0.03,
            "IVA": 5
        },
        {
            "codigo": "JsXsyVRX6U",
            "total": 7,
            "valor_unitario": 299532,
            "descuento": 0.37,
            "IVA": 5
        },
        {
            "codigo": "PpCXvJz5Ej",
            "total": 7,
            "valor_unitario": 729965,
            "descuento": 0.23,
            "IVA": 5
        },
        {
            "codigo": "jPDTRak0kL",
            "total": 1,
            "valor_unitario": 818339,
            "descuento": 0.44,
            "IVA": 19
        }
    ]
}