{
    "empresa_nit": "789526431",
    "empresa_ciudad": "BOGOTA",
    "empresa_sede": "autopista",
    "empresa_nombre": "Supermercado Central",
    "fecha_hora": "2021-05-24 06:26:31",
    "factura_num": "01246",
    "ciente_numero": 506286478,
    "pago_tipo": "TAR.DEBITO",
    "productos": [
        {
            "codigo": "ICCextiIyP",
            "total": 4,
            "valor_unitario": 113661,
            "descuento": 0.35,
            "IVA": 5
        },
        {
            "codigo": "oc53f3m5OG",
            "total": 9,
            "valor_unitario": 470115,
            "descuento": 0.48,
            "IVA": 19
        },
        {
            "codigo": "q32C1VVKb3",
            "total": 9,
            "valor_unitario": 75740,
            "descuento": 0.41,
            "IVA": 5
        },
        {
            "codigo": "CzDIlm9pOC",
            "total": 7,
            "valor_unitario": 402829,
            "descuento": 0.09,
            "IVA": 0
        },
        {
            "codigo": "sZ6WCkTtBv",
            "total": 9,
            "valor_unitario": 890670,
            "descuento": 0.21,
            "IVA": 0
        },
        {
            "codigo": "03j52blCRU",
            "total": 16,
            "valor_unitario": 29342,
            "descuento": 0.29,
            "IVA": 5
        },
        {
            "codigo": "tRFLY72sKj",
            "total": 9,
            "valor_unitario": 725390,
            "descuento": 0.29,
            "IVA": 19
        },
        {
            "codigo": "oXGmXGWcEI",
            "total": 8,
            "valor_unitario": 473827,
            "descuento": 0.29,
            "IVA": 5
        },
        {
            "codigo": "HLCngpLlV3",
            "total": 11,
            "valor_unitario": 758310,
            "descuento": 0.41,
            "IVA": 19
        },
        {
            "codigo": "ZBQtu9coBj",
            "total": 8,
            "valor_unitario": 816665,
            "descuento": 0.26,
            "IVA": 0
        },
        {
            "codigo": "GVqyE2NOVn",
            "total": 16,
            "valor_unitario": 249614,
            "descuento": 0.49,
            "IVA": 0
        },
        {
            "codigo": "74WvA4ioIb",
            "total": 15,
            "valor_unitario": 677069,
            "descuento": 0.34,
            "IVA": 5
        },
        {
            "codigo": "jR63j3pe8W",
            "total": 8,
            "valor_unitario": 217932,
            "descuento": 0.22,
            "IVA": 0
        },
        {
            "codigo": "RtHUtmQi79",
            "total": 16,
            "valor_unitario": 751330,
            "descuento": 0.43,
            "IVA": 0
        },
        {
            "codigo": "KHtavhc7Gj",
            "total": 13,
            "valor_unitario": 564137,
            "descuento": 0.3,
            "IVA": 0
        },
        {
            "codigo": "lY1SVKYWB6",
            "total": 13,
            "valor_unitario": 798388,
            "descuento": 0.24,
            "IVA": 0
        }
    ]
}