{
    "empresa_nit": "789526431",
    "empresa_ciudad": "TUNJA",
    "empresa_sede": "centro",
    "empresa_nombre": "Supermercado Central",
    "fecha_hora": "2021-05-09 11:54:02",
    "factura_num": "01164",
    "ciente_numero": 467588408,
    "pago_tipo": "EFECTIVO",
    "productos": [
        {
            "codigo": "HFlKrd2Ual",
            "total": 14,
            "valor_unitario": 257806,
            "descuento": 0.06,
            "IVA": 0
        },
        {
            "codigo": "z1XdIY62rf",
            "total": 8,
            "valor_unitario": 175542,
            "descuento": 0.28,
            "IVA": 5
        },
        {
            "codigo": "8v80J1LHNq",
            "total": 16,
            "valor_unitario": 308823,
            "descuento": 0.19,
            "IVA": 5
        },
        {
            "codigo": "3dyOhLMO98",
            "total": 18,
            "valor_unitario": 957174,
            "descuento": 0.13,
            "IVA": 5
        },
        {
            "codigo": "iv0QrZClKT",
            "total": 4,
            "valor_unitario": 200343,
            "descuento": 0.37,
            "IVA": 19
        },
        {
            "codigo": "HGweLlJcje",
            "total": 14,
            "valor_unitario": 348953,
            "descuento": 0.47,
            "IVA": 0
        },
        {
            "codigo": "00rLdDwLDj",
            "total": 2,
            "valor_unitario": 358424,
            "descuento": 0.1,
            "IVA": 19
        },
        {
            "codigo": "ogrGokhYfc",
            "total": 13,
            "valor_unitario": 377583,
            "descuento": 0.18,
            "IVA": 19
        },
        {
            "codigo": "knJbfDLr5B",
            "total": 15,
            "valor_unitario": 202943,
            "descuento": 0.37,
            "IVA": 19
        },
        {
            "codigo": "ozKVF4B3jg",
            "total": 18,
            "valor_unitario": 379829,
            "descuento": 0.22,
            "IVA": 19
        },
        {
            "codigo": "ZC773e7EB2",
            "total": 5,
            "valor_unitario": 308687,
            "descuento": 0.15,
            "IVA": 5
        },
        {
            "codigo": "95d9E8n5E2",
            "total": 20,
            "valor_unitario": 797641,
            "descuento": 0.41,
            "IVA": 0
        },
        {
            "codigo": "MyQbP99wzn",
            "total": 4,
            "valor_unitario": 785877,
            "descuento": 0.08,
            "IVA": 19
        },
        {
            "codigo": "i2inFWFhJI",
            "total": 1,
            "valor_unitario": 47822,
            "descuento": 0.28,
            "IVA": 0
        },
        {
            "codigo": "ZBelbLbM5I",
            "total": 5,
            "valor_unitario": 451203,
            "descuento": 0.22,
            "IVA": 5
        },
        {
            "codigo": "vYxH4hl174",
            "total": 19,
            "valor_unitario": 38246,
            "descuento": 0.09,
            "IVA": 0
        },
        {
            "codigo": "h500DdUPS6",
            "total": 7,
            "valor_unitario": 455819,
            "descuento": 0.29,
            "IVA": 0
        },
        {
            "codigo": "AYbwabLkOu",
            "total": 12,
            "valor_unitario": 753492,
            "descuento": 0.32,
            "IVA": 5
        }
    ]
}