{
    "empresa_nit": "789526431",
    "empresa_ciudad": "MEDELLIN",
    "empresa_sede": "alcaldia",
    "empresa_nombre": "Supermercado Central",
    "fecha_hora": "2023-11-09 07:26:16",
    "factura_num": "01136",
    "ciente_numero": 43181982,
    "pago_tipo": "TAR.DEBITO",
    "productos": [
        {
            "codigo": "ozSMq19Q0r",
            "total": 19,
            "valor_unitario": 629151,
            "descuento": 0.45,
            "IVA": 5
        },
        {
            "codigo": "5mCU0MU3Oi",
            "total": 16,
            "valor_unitario": 191140,
            "descuento": 0.37,
            "IVA": 5
        },
        {
            "codigo": "lMdw02892r",
            "total": 6,
            "valor_unitario": 354033,
            "descuento": 0.39,
            "IVA": 5
        },
        {
            "codigo": "6tXsLJCjdK",
            "total": 10,
            "valor_unitario": 627584,
            "descuento": 0.48,
            "IVA": 0
        },
        {
            "codigo": "VhxQ2Yi64s",
            "total": 14,
            "valor_unitario": 318735,
            "descuento": 0.16,
            "IVA": 0
        },
        {
            "codigo": "1KcX5GZYle",
            "total": 19,
            "valor_unitario": 103348,
            "descuento": 0.27,
            "IVA": 5
        },
        {
            "codigo": "vgEl05TWVQ",
            "total": 8,
            "valor_unitario": 389754,
            "descuento": 0.38,
            "IVA": 5
        },
        {
            "codigo": "tMrYpYLLqA",
            "total": 10,
            "valor_unitario": 459213,
            "descuento": 0.15,
            "IVA": 19
        },
        {
            "codigo": "tn8bg4ntBQ",
            "total": 10,
            "valor_unitario": 834685,
            "descuento": 0.11,
            "IVA": 19
        },
        {
            "codigo": "1P0AgWwTZH",
            "total": 18,
            "valor_unitario": 972691,
            "descuento": 0.28,
            "IVA": 0
        },
        {
            "codigo": "9S73t5UMnp",
            "total": 3,
            "valor_unitario": 302400,
            "descuento": 0.22,
            "IVA": 0
        },
        {
            "codigo": "ex2JhfjwyM",
            "total": 20,
            "valor_unitario": 196835,
            "descuento": 0.02,
            "IVA": 0
        },
        {
            "codigo": "TtGrk5uHhv",
            "total": 19,
            "valor_unitario": 621897,
            "descuento": 0.4,
            "IVA": 0
        },
        {
            "codigo": "376kBiPrLw",
            "total": 13,
            "valor_unitario": 351296,
            "descuento": 0.11,
            "IVA": 19
        },
        {
            "codigo": "J0cNJ75gqN",
            "total": 11,
            "valor_unitario": 107321,
            "descuento": 0.49,
            "IVA": 0
        }
    ]
}