{
    "empresa_nit": "789526431",
    "empresa_ciudad": "BOGOTA",
    "empresa_sede": "centro",
    "empresa_nombre": "Supermercado Central",
    "fecha_hora": "2022-05-19 21:10:59",
    "factura_num": "01018",
    "ciente_numero": 369598522,
    "pago_tipo": "TRANFERENCIA",
    "productos": [
        {
            "codigo": "ja4b6dOGZQ",
            "total": 14,
            "valor_unitario": 819928,
            "descuento": 0.45,
            "IVA": 0
        },
        {
            "codigo": "Tqbh26yOvY",
            "total": 18,
            "valor_unitario": 868617,
            "descuento": 0.31,
            "IVA": 0
        },
        {
            "codigo": "yEnxIf8wDY",
            "total": 3,
            "valor_unitario": 822992,
            "descuento": 0.44,
            "IVA": 19
        },
        {
            "codigo": "9cufUojYNe",
            "total": 2,
            "valor_unitario": 145412,
            "descuento": 0.26,
            "IVA": 5
        },
        {
            "codigo": "mqkbxBmQT3",
            "total": 18,
            "valor_unitario": 317839,
            "descuento": 0.35,
            "IVA": 0
        },
        {
            "codigo": "XkxfK2gT9I",
            "total": 1,
            "valor_unitario": 126345,
            "descuento": 0.27,
            "IVA": 5
        },
        {
            "codigo": "hoNSqi9A2c",
            "total": 7,
            "valor_unitario": 412457,
            "descuento": 0.4,
            "IVA": 0
        },
        {
            "codigo": "BFpcBM0ZdI",
            "total": 5,
            "valor_unitario": 754094,
            "descuento": 0.04,
            "IVA": 19
        },
        {
            "codigo": "f8U5mmbbhR",
            "total": 18,
            "valor_unitario": 266595,
            "descuento": 0.31,
            "IVA": 0
        }
    ]
}