{
    "empresa_nit": "789526431",
    "empresa_ciudad": "BARRANQUILLA",
    "empresa_sede": "aeropuerto",
    "empresa_nombre": "Supermercado Central",
    "fecha_hora": "2022-10-22 19:07:23",
    "factura_num": "01093",
    "ciente_numero": 618255173,
    "pago_tipo": "TAR.DEBITO",
    "productos": [
        {
            "codigo": "3OQc001NSn",
            "total": 14,
            "valor_unitario": 196422,
            "descuento": 0.23,
            "IVA": 0
        },
        {
            "codigo": "LYnPgyzWE2",
            "total": 12,
            "valor_unitario": 575976,
            "descuento": 0.0,
            "IVA": 0
        },
        {
            "codigo": "ujMrHZWuZO",
            "total": 2,
            "valor_unitario": 569281,
            "descuento": 0.19,
            "IVA": 0
        },
        {
            "codigo": "lXoNkbspvd",
            "total": 6,
            "valor_unitario": 319477,
            "descuento": 0.16,
            "IVA": 5
        },
        {
            "codigo": "LqhI1JBM5Y",
            "total": 2,
            "valor_unitario": 788031,
            "descuento": 0.26,
            "IVA": 5
        },
        {
            "codigo": "cLdz8VL8Qm",
            "total": 5,
            "valor_unitario": 305980,
            "descuento": 0.25,
            "IVA": 19
        },
        {
            "codigo": "BpIZeB6ekP",
            "total": 9,
            "valor_unitario": 627253,
            "descuento": 0.37,
            "IVA": 19
        },
        {
            "codigo": "gTILzoyQ3S",
            "total": 20,
            "valor_unitario": 824377,
            "descuento": 0.48,
            "IVA": 0
        },
        {
            "codigo": "56RCNR8rB5",
            "total": 5,
            "valor_unitario": 973141,
            "descuento": 0.38,
            "IVA": 5
        },
        {
            "codigo": "AnsnqvsEX3",
            "total": 5,
            "valor_unitario": 150692,
            "descuento": 0.16,
            "IVA": 0
        },
        {
            "codigo": "ylBkFn5yEo",
            "total": 8,
            "valor_unitario": 531332,
            "descuento": 0.46,
            "IVA": 19
        },
        {
            "codigo": "XvlhpHvTzn",
            "total": 1,
            "valor_unitario": 40834,
            "descuento": 0.46,
            "IVA": 19
        },
        {
            "codigo": "bgmge7Kloo",
            "total": 5,
            "valor_unitario": 910857,
            "descuento": 0.36,
            "IVA": 5
        },
        {
            "codigo": "jyWdfhht45",
            "total": 2,
            "valor_unitario": 647563,
            "descuento": 0.17,
            "IVA": 5
        },
        {
            "codigo": "1XRaV1HOY3",
            "total": 9,
            "valor_unitario": 628910,
            "descuento": 0.36,
            "IVA": 5
        },
        {
            "codigo": "tXTcAo2w8X",
            "total": 18,
            "valor_unitario": 436068,
            "descuento": 0.22,
            "IVA": 0
        },
        {
            "codigo": "iNGc906nCe",
            "total": 18,
            "valor_unitario": 610943,
            "descuento": 0.46,
            "IVA": 0
        }
    ]
}