{
    "empresa_nit": "789526431",
    "empresa_ciudad": "TUNJA",
    "empresa_sede": "centro",
    "empresa_nombre": "Supermercado Central",
    "fecha_hora": "2020-07-23 06:56:50",
    "factura_num": "01305",
    "ciente_numero": 93558471,
    "pago_tipo": "TAR.CREDITO",
    "productos": [
        {
            "codigo": "KUcbVTtov2",
            "total": 6,
            "valor_unitario": 172607,
            "descuento": 0.37,
            "IVA": 5
        },
        {
            "codigo": "B8KVphIyaL",
            "total": 18,
            "valor_unitario": 237619,
            "descuento": 0.33,
            "IVA": 0
        },
        {
            "codigo": "79Y0O1BKyr",
            "total": 2,
            "valor_unitario": 465656,
            "descuento": 0.0,
            "IVA": 19
        },
        {
            "codigo": "1xhsnEMt2u",
            "total": 18,
            "valor_unitario": 91801,
            "descuento": 0.5,
            "IVA": 5
        },
        {
            "codigo": "5zfSGG3rha",
            "total": 7,
            "valor_unitario": 954642,
            "descuento": 0.25,
            "IVA": 5
        },
        {
            "codigo": "KaGxUlSdFr",
            "total": 3,
            "valor_unitario": 969367,
            "descuento": 0.3,
            "IVA": 5
        },
        {
            "codigo": "W8PX0sufVe",
            "total": 6,
            "valor_unitario": 699346,
            "descuento": 0.23,
            "IVA": 19
        },
        {
            "codigo": "5QuN0e75hc",
            "total": 15,
            "valor_unitario": 447368,
            "descuento": 0.33,
            "IVA": 0
        },
        {
            "codigo": "KVc9uQmpVm",
            "total": 13,
            "valor_unitario": 658275,
            "descuento": 0.12,
            "IVA": 5
        },
        {
            "codigo": "K2g9UMjp5w",
            "total": 16,
            "valor_unitario": 157037,
            "descuento": 0.22,
            "IVA": 0
        }
    ]
}