{
    "empresa_nit": "789526431",
    "empresa_ciudad": "TUNJA",
    "empresa_sede": "autopista",
    "empresa_nombre": "Supermercado Central",
    "fecha_hora": "2024-06-21 18:05:19",
    "factura_num": "01094",
    "ciente_numero": 400456676,
    "pago_tipo": "TAR.CREDITO",
    "productos": [
        {
            "codigo": "4789LgV6gN",
            "total": 8,
            "valor_unitario": 204276,
            "descuento": 0.06,
            "IVA": 0
        },
        {
            "codigo": "82hbz1H2Sk",
            "total": 19,
            "valor_unitario": 57036,
            "descuento": 0.11,
            "IVA": 19
        },
        {
            "codigo": "2rWXdeiN1u",
            "total": 20,
            "valor_unitario": 569392,
            "descuento": 0.28,
            "IVA": 5
        },
        {
            "codigo": "r4lTRF5aWP",
            "total": 18,
            "valor_unitario": 43505,
            "descuento": 0.09,
            "IVA": 19
        },
        {
            "codigo": "GbUlS4bcYZ",
            "total": 4,
            "valor_unitario": 480316,
            "descuento": 0.46,
            "IVA": 0
        },
        {
            "codigo": "G22JmMhUNK",
            "total": 16,
            "valor_unitario": 2881,
            "descuento": 0.21,
            "IVA": 0
        },
        {
            "codigo": "HAXqunGd7A",
            "total": 18,
            "valor_unitario": 511928,
            "descuento": 0.04,
            "IVA": 19
        },
        {
            "codigo": "zTMiQfgIgs",
            "total": 13,
            "valor_unitario": 90127,
            "descuento": 0.39,
            "IVA": 5
        },
        {
            "codigo": "VvlZQkxYVo",
            "total": 20,
            "valor_unitario": 444287,
            "descuento": 0.36,
            "IVA": 0
        },
        {
            "codigo": "CSsiCSF0K0",
            "total": 14,
            "valor_unitario": 894499,
            "descuento": 0.11,
            "IVA": 0
        },
        {
            "codigo": "78xt3TqaVr",
            "total": 3,
            "valor_unitario": 18194,
            "descuento": 0.33,
            "IVA": 0
        },
        {
            "codigo": "8JiybYdOSM",
            "total": 17,
            "valor_unitario": 594660,
            "descuento": 0.26,
            "IVA": 19
        }
    ]
}