{
    "empresa_nit": "789526431",
    "empresa_ciudad": "BOGOTA",
    "empresa_sede": "aeropuerto",
    "empresa_nombre": "Supermercado Central",
    "fecha_hora": "2024-04-23 03:09:21",
    "factura_num": "01200",
    "ciente_numero": 53338058,
    "pago_tipo": "EFECTIVO",
    "productos": [
        {
            "codigo": "zeHO3Djj2v",
            "total": 2,
            "valor_unitario": 659922,
            "descuento": 0.16,
            "IVA": 5
        },
        {
            "codigo": "ACtv1AOlNL",
            "total": 5,
            "valor_unitario": 218686,
            "descuento": 0.07,
            "IVA": 19
        },
        {
            "codigo": "F2hVaoA3aB",
            "total": 10,
            "valor_unitario": 466013,
            "descuento": 0.4,
            "IVA": 19
        },
        {
            "codigo": "r4ewaMFahl",
            "total": 8,
            "valor_unitario": 616547,
            "descuento": 0.11,
            "IVA": 0
        },
        {
            "codigo": "c5Bn72IZH1",
            "total": 6,
            "valor_unitario": 745074,
            "descuento": 0.46,
            "IVA": 19
        },
        {
            "codigo": "julNzmvm1e",
            "total": 7,
            "valor_unitario": 70790,
            "descuento": 0.31,
            "IVA": 0
        },
        {
            "codigo": "kHwV0wOwRs",
            "total": 1,
            "valor_unitario": 439650,
            "descuento": 0.45,
            "IVA": 19
        }
    ]
}