{
    "empresa_nit": "789526431",
    "empresa_ciudad": "CALI",
    "empresa_sede": "autopista",
    "empresa_nombre": "Supermercado Central",
    "fecha_hora": "2021-01-20 23:28:02",
    "factura_num": "01347",
    "ciente_numero": 763699848,
    "pago_tipo": "EFECTIVO",
    "productos": [
        {
            "codigo": "8SQMimePH8",
            "total": 14,
            "valor_unitario": 412618,
            "descuento": 0.23,
            "IVA": 5
        },
        {
            "codigo": "TEuEFTzrbS",
            "total": 14,
            "valor_unitario": 981713,
            "descuento": 0.36,
            "IVA": 5
        },
        {
            "codigo": "XyZx3ENpnR",
            "total": 7,
            "valor_unitario": 82603,
            "descuento": 0.4,
            "IVA": 19
        },
        {
            "codigo": "N665L0CZYh",
            "total": 14,
            "valor_unitario": 143939,
            "descuento": 0.37,
            "IVA": 19
        },
        {
            "codigo": "RP1zQbXyBN",
            "total": 7,
            "valor_unitario": 164791,
            "descuento": 0.45,
            "IVA": 19
        },
        {
            "codigo": "c2c3qWHfo4",
            "total": 16,
            "valor_unitario": 684046,
            "descuento": 0.46,
            "IVA": 19
        },
        {
            "codigo": "J1vJIEkcN6",
            "total": 18,
            "valor_unitario": 497719,
            "descuento": 0.33,
            "IVA": 5
        },
        {
            "codigo": "OhIvukzaz7",
            "total": 4,
            "valor_unitario": 176933,
            "descuento": 0.48,
            "IVA": 19
        },
        {
            "codigo": "CEAhursUrw",
            "total": 12,
            "valor_unitario": 840905,
            "descuento": 0.03,
            "IVA": 19
        },
        {
            "codigo": "YlqYIGd4eO",
            "total": 6,
            "valor_unitario": 372659,
            "descuento": 0.31,
            "IVA": 0
        },
        {
            "codigo": "mfqDpmtW6W",
            "total": 6,
            "valor_unitario": 284013,
            "descuento": 0.17,
            "IVA": 5
        },
        {
            "codigo": "eTGfWywrdw",
            "total": 2,
            "valor_unitario": 904288,
            "descuento": 0.04,
            "IVA": 19
        },
        {
            "codigo": "huykoDfgOv",
            "total": 11,
            "valor_unitario": 353119,
            "descuento": 0.43,
            "IVA": 19
        },
        {
            "codigo": "aHGmsH18jV",
            "total": 15,
            "valor_unitario": 628160,
            "descuento": 0.16,
            "IVA": 19
        },
        {
            "codigo": "0wXdBEoYKR",
            "total": 1,
            "valor_unitario": 103927,
            "descuento": 0.05,
            "IVA": 19
        },
        {
            "codigo": "7dQS3h7kjn",
            "total": 7,
            "valor_unitario": 579290,
            "descuento": 0.47,
            "IVA": 5
        },
        {
            "codigo": "843aAIlnFp",
            "total": 18,
            "valor_unitario": 484842,
            "descuento": 0.37,
            "IVA": 0
        },
        {
            "codigo": "64FxPIyrXu",
            "total": 4,
            "valor_unitario": 720765,
            "descuento": 0.31,
            "IVA": 5
        },
        {
            "codigo": "XUH5pBglfq",
            "total": 9,
            "valor_unitario": 780626,
            "descuento": 0.21,
            "IVA": 5
        },
        {
            "codigo": "awRKvVPaKH",
            "total": 12,
            "valor_unitario": 686104,
            "descuento": 0.24,
            "IVA": 19
        }
    ]
}