{
    "empresa_nit": "789526431",
    "empresa_ciudad": "MEDELLIN",
    "empresa_sede": "plaza",
    "empresa_nombre": "Supermercado Central",
    "fecha_hora": "2020-08-03 05:59:11",
    "factura_num": "00014",
    "ciente_numero": 178962361,
    "pago_tipo": "EFECTIVO",
    "productos": [
        {
            "codigo": "UT9acXBMRp",
            "total": 5,
            "valor_unitario": 411125,
            "descuento": 0.03,
            "IVA": 0
        },
        {
            "codigo": "jkQ99JEzwz",
            "total": 17,
            "valor_unitario": 366464,
            "descuento": 0.5,
            "IVA": 0
        },
        {
            "codigo": "eEXcNK3s8t",
            "total": 1,
            "valor_unitario": 181760,
            "descuento": 0.18,
            "IVA": 19
        },
        {
            "codigo": "jBlF4y6K8p",
            "total": 19,
            "valor_unitario": 361743,
            "descuento": 0.06,
            "IVA": 19
        },
        {
            "codigo": "O0al5W9uXA",
            "total": 14,
            "valor_unitario": 572773,
            "descuento": 0.48,
            "IVA": 0
        },
        {
            "codigo": "Cblwejq3Of",
            "total": 2,
            "valor_unitario": 914861,
            "descuento": 0.13,
            "IVA": 19
        },
        {
            "codigo": "yf2EosJmOE",
            "total": 5,
            "valor_unitario": 977154,
            "descuento": 0.32,
            "IVA": 19
        },
        {
            "codigo": "2n4ETLHbSn",
            "total": 6,
            "valor_unitario": 908347,
            "descuento": 0.17,
            "IVA": 0
        }
    ]
}