{
    "empresa_nit": "789526431",
    "empresa_ciudad": "BARRANQUILLA",
    "empresa_sede": "alcaldia",
    "empresa_nombre": "Supermercado Central",
    "fecha_hora": "2020-05-20 15:44:25",
    "factura_num": "01221",
    "ciente_numero": 829078001,
    "pago_tipo": "TRANFERENCIA",
    "productos": [
        {
            "codigo": "GRQuni6Pss",
            "total": 5,
            "valor_unitario": 980989,
            "descuento": 0.34,
            "IVA": 19
        },
        {
            "codigo": "4SEFOq24fY",
            "total": 15,
            "valor_unitario": 542092,
            "descuento": 0.15,
            "IVA": 19
        },
        {
            "codigo": "XbBYin3byW",
            "total": 9,
            "valor_unitario": 533965,
            "descuento": 0.14,
            "IVA": 19
        },
        {
            "codigo": "Nd9ftNSuj0",
            "total": 10,
            "valor_unitario": 650386,
            "descuento": 0.48,
            "IVA": 19
        },
        {
            "codigo": "3q9yX6gAYl",
            "total": 1,
            "valor_unitario": 993390,
            "descuento": 0.37,
            "IVA": 19
        },
        {
            "codigo": "YebWUDdgE7",
            "total": 7,
            "valor_unitario": 89515,
            "descuento": 0.08,
            "IVA": 5
        },
        {
            "codigo": "kayV4Lry6M",
            "total": 4,
            "valor_unitario": 384627,
            "descuento": 0.36,
            "IVA": 19
        },
        {
            "codigo": "qRbhRcdECh",
            "total": 20,
            "valor_unitario": 908360,
            "descuento": 0.04,
            "IVA": 5
        },
        {
            "codigo": "szSWcc4q6J",
            "total": 2,
            "valor_unitario": 802612,
            "descuento": 0.2,
            "IVA": 0
        }
    ]
}