{
    "empresa_nit": "789526431",
    "empresa_ciudad": "BOGOTA",
    "empresa_sede": "centro",
    "empresa_nombre": "Supermercado Central",
    "fecha_hora": "2022-10-15 20:55:52",
    "factura_num": "01369",
    "ciente_numero": 82920812,
    "pago_tipo": "EFECTIVO",
    "productos": [
        {
            "codigo": "1L2rFzLfkq",
            "total": 14,
            "valor_unitario": 926663,
            "descuento": 0.15,
            "IVA": 5
        },
        {
            "codigo": "s1mYp3pfVW",
            "total": 16,
            "valor_unitario": 378751,
            "descuento": 0.15,
            "IVA": 0
        },
        {
            "codigo": "LLBtzBw3u6",
            "total": 15,
            "valor_unitario": 854352,
            "descuento": 0.1,
            "IVA": 5
        },
        {
            "codigo": "Vztru2ZwXC",
            "total": 18,
            "valor_unitario": 251194,
            "descuento": 0.26,
            "IVA": 5
        },
        {
            "codigo": "HB6zzRHVbh",
            "total": 20,
            "valor_unitario": 103360,
            "descuento": 0.32,
            "IVA": 5
        },
        {
            "codigo": "JLVdZ2JkQY",
            "total": 15,
            "valor_unitario": 219757,
            "descuento": 0.44,
            "IVA": 5
        }
    ]
}