{
    "empresa_nit": "789526431",
    "empresa_ciudad": "BARRANQUILLA",
    "empresa_sede": "plaza",
    "empresa_nombre": "Supermercado Central",
    "fecha_hora": "2021-06-25 04:40:26",
    "factura_num": "01128",
    "ciente_numero": 771348392,
    "pago_tipo": "EFECTIVO",
    "productos": [
        {
            "codigo": "qJgobv04xB",
            "total": 19,
            "valor_unitario": 696898,
            "descuento": 0.36,
            "IVA": 19
        },
        {
            "codigo": "THuBlCQawX",
            "total": 7,
            "valor_unitario": 371699,
            "descuento": 0.17,
            "IVA": 19
        },
        {
            "codigo": "lKOe9Ee3bd",
            "total": 8,
            "valor_unitario": 805614,
            "descuento": 0.0,
            "IVA": 0
        },
        {
            "codigo": "vLRHuONsxO",
            "total": 19,
            "valor_unitario": 282622,
            "descuento": 0.07,
            "IVA": 19
        },
        {
            "codigo": "YVv4bhqYUN",
            "total": 5,
            "valor_unitario": 111550,
            "descuento": 0.2,
            "IVA": 19
        },
        {
            "codigo": "rOvkyhWPlP",
            "total": 3,
            "valor_unitario": 6747,
            "descuento": 0.37,
            "IVA": 5
        },
        {
            "codigo": "g5feHJrmyl",
            "total": 14,
            "valor_unitario": 774350,
            "descuento": 0.02,
            "IVA": 5
        },
        {
            "codigo": "BwQVs2BWJO",
            "total": 9,
            "valor_unitario": 326636,
            "descuento": 0.11,
            "IVA": 0
        },
        {
            "codigo": "8Ly89O12B8",
            "total": 6,
            "valor_unitario": 285319,
            "descuento": 0.08,
            "IVA": 0
        },
        {
            "codigo": "tKUo7GlHyY",
            "total": 12,
            "valor_unitario": 808433,
            "descuento": 0.12,
            "IVA": 5
        },
        {
            "codigo": "80eyxcDVCt",
            "total": 4,
            "valor_unitario": 996789,
            "descuento": 0.3,
            "IVA": 19
        },
        {
            "codigo": "PyV6WDChiv",
            "total": 3,
            "valor_unitario": 822673,
            "descuento": 0.31,
            "IVA": 5
        },
        {
            "codigo": "G6Q8LRo6Go",
            "total": 19,
            "valor_unitario": 211926,
            "descuento": 0.33,
            "IVA": 0
        },
        {
            "codigo": "3QbpP56pDm",
            "total": 2,
            "valor_unitario": 474901,
            "descuento": 0.32,
            "IVA": 0
        },
        {
            "codigo": "I3JMEISubS",
            "total": 17,
            "valor_unitario": 632520,
            "descuento": 0.44,
            "IVA": 19
        },
        {
            "codigo": "O361hF5fsu",
            "total": 6,
            "valor_unitario": 110446,
            "descuento": 0.19,
            "IVA": 19
        },
        {
            "codigo": "euna7iciSd",
            "total": 5,
            "valor_unitario": 607869,
            "descuento": 0.34,
            "IVA": 0
        },
        {
            "codigo": "f8LWBDoZM2",
            "total": 15,
            "valor_unitario": 297041,
            "descuento": 0.03,
            "IVA": 5
        }
    ]
}