{
    "empresa_nit": "789526431",
    "empresa_ciudad": "BARRANQUILLA",
    "empresa_sede": "autopista",
    "empresa_nombre": "Supermercado Central",
    "fecha_hora": "2025-02-07 02:54:52",
    "factura_num": "01383",
    "ciente_numero": 925335249,
    "pago_tipo": "EFECTIVO",
    "productos": [
        {
            "codigo": "wGaUu0qZDC",
            "total": 10,
            "valor_unitario": 224322,
            "descuento": 0.05,
            "IVA": 19
        },
        {
            "codigo": "rdDnrgll9j",
            "total": 15,
            "valor_unitario": 735198,
            "descuento": 0.38,
            "IVA": 0
        },
        {
            "codigo": "25l5rqMBuE",
            "total": 14,
            "valor_unitario": 427487,
            "descuento": 0.02,
            "IVA": 5
        },
        {
            "codigo": "Fzf0XIr9W9",
            "total": 6,
            "valor_unitario": 778210,
            "descuento": 0.2,
            "IVA": 5
        },
        {
            "codigo": "542IcIzndP",
            "total": 16,
            "valor_unitario": 989172,
            "descuento": 0.21,
            "IVA": 0
        },
        {
            "codigo": "k1NHnKTrnA",
            "total": 17,
            "valor_unitario": 341264,
            "descuento": 0.11,
            "IVA": 19
        },
        {
            "codigo": "cLCeyqNoBp",
            "total": 17,
            "valor_unitario": 46518,
            "descuento": 0.32,
            "IVA": 19
        },
        {
            "codigo": "xy415LNj7E",
            "total": 4,
            "valor_unitario": 576639,
            "descuento": 0.05,
            "IVA": 0
        },
        {
            "codigo": "oqpDJS0lsE",
            "total": 9,
            "valor_unitario": 532416,
            "descuento": 0.44,
            "IVA": 19
        }
    ]
}