{
    "empresa_nit": "789526431",
    "empresa_ciudad": "MEDELLIN",
    "empresa_sede": "terminal",
    "empresa_nombre": "Supermercado Central",
    "fecha_hora": "2024-08-04 23:50:29",
    "factura_num": "01107",
    "ciente_numero": 603337190,
    "pago_tipo": "TAR.CREDITO",
    "productos": [
        {
            "codigo": "RBFSqIjZ0v",
            "total": 3,
            "valor_unitario": 80981,
            "descuento": 0.33,
            "IVA": 5
        },
        {
            "codigo": "Ir5Zfrb1tE",
            "total": 15,
            "valor_unitario": 801446,
            "descuento": 0.21,
            "IVA": 19
        },
        {
            "codigo": "NbBgLy6AT1",
            "total": 1,
            "valor_unitario": 623090,
            "descuento": 0.11,
            "IVA": 19
        },
        {
            "codigo": "q7q8qgmHxl",
            "total": 16,
            "valor_unitario": 82848,
            "descuento": 0.13,
            "IVA": 19
        },
        {
            "codigo": "95FZmz0bLo",
            "total": 2,
            "valor_unitario": 585657,
            "descuento": 0.34,
            "IVA": 19
        },
        {
            "codigo": "FdMKxpJx1a",
            "total": 7,
            "valor_unitario": 511499,
            "descuento": 0.45,
            "IVA": 5
        },
        {
            "codigo": "QBrGtpLmlR",
            "total": 20,
            "valor_unitario": 968231,
            "descuento": 0.2,
            "IVA": 5
        },
        {
            "codigo": "7E7vUtgXPo",
            "total": 13,
            "valor_unitario": 293934,
            "descuento": 0.06,
            "IVA": 19
        },
        {
            "codigo": "kZxH2PIXuw",
            "total": 9,
            "valor_unitario": 789899,
            "descuento": 0.06,
            "IVA": 19
        },
        {
            "codigo": "8VUDQ535qH",
            "total": 7,
            "valor_unitario": 838354,
            "descuento": 0.33,
            "IVA": 19
        },
        {
            "codigo": "GXiWUH0StX",
            "total": 19,
            "valor_unitario": 331719,
            "descuento": 0.33,
            "IVA": 0
        },
        {
            "codigo": "OVJv2kTQHy",
            "total": 2,
            "valor_unitario": 996566,
            "descuento": 0.45,
            "IVA": 0
        },
        {
            "codigo": "aK1YbQeV6d",
            "total": 2,
            "valor_unitario": 830066,
            "descuento": 0.23,
            "IVA": 0
        },
        {
            "codigo": "cFWiKCRuoC",
            "total": 3,
            "valor_unitario": 854735,
            "descuento": 0.01,
            "IVA": 19
        },
        {
            "codigo": "vyOg0vx1MH",
            "total": 6,
            "valor_unitario": 989617,
            "descuento": 0.06,
            "IVA": 5
        },
        {
            "codigo": "rCFGDrXbvm",
            "total": 1,
            "valor_unitario": 624717,
            "descuento": 0.49,
            "IVA": 19
        },
        {
            "codigo": "ujt92UkaA2",
            "total": 11,
            "valor_unitario": 693484,
            "descuento": 0.11,
            "IVA": 19
        }
    ]
}