{
    "empresa_nit": "789526431",
    "empresa_ciudad": "BARRANQUILLA",
    "empresa_sede": "centro",
    "empresa_nombre": "Supermercado Central",
    "fecha_hora": "2022-07-29 22:30:11",
    "factura_num": "01321",
    "ciente_numero": 928990258,
    "pago_tipo": "TAR.DEBITO",
    "productos": [
        {
            "codigo": "SOEPNwy9Tg",
            "total": 10,
            "valor_unitario": 580273,
            "descuento": 0.19,
            "IVA": 0
        },
        {
            "codigo": "mVGvFUwyCn",
            "total": 6,
            "valor_unitario": 107544,
            "descuento": 0.3,
            "IVA": 0
        },
        {
            "codigo": "KCnYNL4TNj",
            "total": 9,
            "valor_unitario": 376089,
            "descuento": 0.05,
            "IVA": 0
        },
        {
            "codigo": "6RQesn9f6V",
            "total": 16,
            "valor_unitario": 61432,
            "descuento": 0.0,
            "IVA": 19
        },
        {
            "codigo": "AP9IuStmNL",
            "total": 19,
            "valor_unitario": 427087,
            "descuento": 0.07,
            "IVA": 19
        },
        {
            "codigo": "2BZS1NtG3s",
            "total": 18,
            "valor_unitario": 284432,
            "descuento": 0.41,
            "IVA": 0
        },
        {
            "codigo": "6pNWu1mEwn",
            "total": 19,
            "valor_unitario": 880864,
            "descuento": 0.23,
            "IVA": 19
        },
        {
            "codigo": "zJMrDnwLYW",
            "total": 15,
            "valor_unitario": 361169,
            "descuento": 0.46,
            "IVA": 0
        },
        {
            "codigo": "mqJKFoeqOY",
            "total": 12,
            "valor_unitario": 763406,
            "descuento": 0.25,
            "IVA": 0
        }
    ]
}