{
    "empresa_nit": "789526431",
    "empresa_ciudad": "MEDELLIN",
    "empresa_sede": "plaza",
    "empresa_nombre": "Supermercado Central",
    "fecha_hora": "2024-10-31 08:26:45",
    "factura_num": "01033",
    "ciente_numero": 503941522,
    "pago_tipo": "TAR.DEBITO",
    "productos": [
        {
            "codigo": "NW3UT5jK66",
            "total": 2,
            "valor_unitario": 626938,
            "descuento": 0.21,
            "IVA": 0
        },
        {
            "codigo": "j0IueVf51t",
            "total": 1,
            "valor_unitario": 784302,
            "descuento": 0.27,
            "IVA": 19
        }
    ]
}