{
    "empresa_nit": "789526431",
    "empresa_ciudad": "BARRANQUILLA",
    "empresa_sede": "autopista",
    "empresa_nombre": "Supermercado Central",
    "fecha_hora": "2024-03-22 17:49:49",
    "factura_num": "01102",
    "ciente_numero": 45213978,
    "pago_tipo": "EFECTIVO",
    "productos": [
        {
            "codigo": "XdAn6dwDYS",
            "total": 9,
            "valor_unitario": 165120,
            "descuento": 0.27,
            "IVA": 0
        },
        {
            "codigo": "vCCPrkWcb2",
            "total": 4,
            "valor_unitario": 988320,
            "descuento": 0.43,
            "IVA": 19
        },
        {
            "codigo": "aH2OUWK6o9",
            "total": 19,
            "valor_unitario": 598237,
            "descuento": 0.26,
            "IVA": 0
        },
        {
            "codigo": "gK5TLpwU83",
            "total": 18,
            "valor_unitario": 760025,
            "descuento": 0.29,
            "IVA": 0
        }
    ]
}