{
    "empresa_nit": "789526431",
    "empresa_ciudad": "BARRANQUILLA",
    "empresa_sede": "aeropuerto",
    "empresa_nombre": "Supermercado Central",
    "fecha_hora": "2021-11-29 19:10:36",
    "factura_num": "01271",
    "ciente_numero": 778556088,
    "pago_tipo": "TRANFERENCIA",
    "productos": [
        {
            "codigo": "jyR34vxskB",
            "total": 2,
            "valor_unitario": 216759,
            "descuento": 0.18,
            "IVA": 5
        }
    ]
}