{
    "empresa_nit": "789526431",
    "empresa_ciudad": "TUNJA",
    "empresa_sede": "alcaldia",
    "empresa_nombre": "Supermercado Central",
    "fecha_hora": "2020-06-27 21:02:51",
    "factura_num": "01375",
    "ciente_numero": 796189635,
    "pago_tipo": "TAR.DEBITO",
    "productos": [
        {
            "codigo": "O20GwxHXIV",
            "total": 9,
            "valor_unitario": 12326,
            "descuento": 0.03,
            "IVA": 0
        },
        {
            "codigo": "dikg8fV5PC",
            "total": 18,
            "valor_unitario": 290010,
            "descuento": 0.49,
            "IVA": 5
        },
        {
            "codigo": "16UmZ1OxgH",
            "total": 19,
            "valor_unitario": 984593,
            "descuento": 0.49,
            "IVA": 5
        },
        {
            "codigo": "CDdoxQ2WEa",
            "total": 19,
            "valor_unitario": 560871,
            "descuento": 0.11,
            "IVA": 19
        },
        {
            "codigo": "I6s257keDb",
            "total": 17,
            "valor_unitario": 253940,
            "descuento": 0.19,
            "IVA": 0
        },
        {
            "codigo": "LgvJlMgz0v",
            "total": 2,
            "valor_unitario": 216380,
            "descuento": 0.1,
            "IVA": 5
        },
        {
            "codigo": "ZVicszmioU",
            "total": 6,
            "valor_unitario": 180343,
            "descuento": 0.34,
            "IVA": 19
        },
        {
            "codigo": "4p0z2Os9vt",
            "total": 1,
            "valor_unitario": 529112,
            "descuento": 0.13,
            "IVA": 5
        },
        {
            "codigo": "KK4kOr7P2b",
            "total": 2,
            "valor_unitario": 381799,
            "descuento": 0.17,
            "IVA": 0
        },
        {
            "codigo": "n1pkwt07Vh",
            "total": 3,
            "valor_unitario": 622875,
            "descuento": 0.03,
            "IVA": 0
        },
        {
            "codigo": "IBkfOMQQxG",
            "total": 14,
            "valor_unitario": 121046,
            "descuento": 0.1,
            "IVA": 19
        }
    ]
}