{
    "empresa_nit": "789526431",
    "empresa_ciudad": "CALI",
    "empresa_sede": "terminal",
    "empresa_nombre": "Supermercado Central",
    "fecha_hora": "2023-02-25 14:22:20",
    "factura_num": "01052",
    "ciente_numero": 649131770,
    "pago_tipo": "EFECTIVO",
    "productos": [
        {
            "codigo": "y2upKclEhV",
            "total": 4,
            "valor_unitario": 358978,
            "descuento": 0.38,
            "IVA": 0
        },
        {
            "codigo": "08OMSb49OY",
            "total": 2,
            "valor_unitario": 274578,
            "descuento": 0.44,
            "IVA": 19
        },
        {
            "codigo": "Uq1NioHEEI",
            "total": 19,
            "valor_unitario": 385073,
            "descuento": 0.08,
            "IVA": 0
        },
        {
            "codigo": "YY3oOJDUmP",
            "total": 17,
            "valor_unitario": 751097,
            "descuento": 0.49,
            "IVA": 5
        },
        {
            "codigo": "6D9gX6Lv01",
            "total": 20,
            "valor_unitario": 977928,
            "descuento": 0.19,
            "IVA": 0
        },
        {
            "codigo": "G2D5Z9AKtp",
            "total": 3,
            "valor_unitario": 900175,
            "descuento": 0.42,
            "IVA": 5
        },
        {
            "codigo": "zcpphYSdMJ",
            "total": 11,
            "valor_unitario": 217990,
            "descuento": 0.11,
            "IVA": 0
        },
        {
            "codigo": "mW5KnObCCx",
            "total": 5,
            "valor_unitario": 479201,
            "descuento": 0.42,
            "IVA": 19
        },
        {
            "codigo": "bQYjZXhpAF",
            "total": 5,
            "valor_unitario": 973121,
            "descuento": 0.26,
            "IVA": 19
        },
        {
            "codigo": "D2erZH8RiR",
            "total": 15,
            "valor_unitario": 284210,
            "descuento": 0.39,
            "IVA": 5
        },
        {
            "codigo": "UkGI8Nbj6i",
            "total": 4,
            "valor_unitario": 576220,
            "descuento": 0.31,
            "IVA": 5
        },
        {
            "codigo": "yaGKssLrHj",
            "total": 4,
            "valor_unitario": 229349,
            "descuento": 0.36,
            "IVA": 5
        },
        {
            "codigo": "sE7TkCaF0d",
            "total": 16,
            "valor_unitario": 791854,
            "descuento": 0.23,
            "IVA": 0
        },
        {
            "codigo": "8tIbbvaUJC",
            "total": 8,
            "valor_unitario": 207596,
            "descuento": 0.44,
            "IVA": 5
        },
        {
            "codigo": "pKieC8x7fU",
            "total": 15,
            "valor_unitario": 915785,
            "descuento": 0.09,
            "IVA": 19
        },
        {
            "codigo": "iNuwTMUHTA",
            "total": 5,
            "valor_unitario": 110595,
            "descuento": 0.27,
            "IVA": 19
        },
        {
            "codigo": "x3UmCk395s",
            "total": 19,
            "valor_unitario": 157141,
            "descuento": 0.11,
            "IVA": 5
        },
        {
            "codigo": "qRx29yP8MD",
            "total": 6,
            "valor_unitario": 267413,
            "descuento": 0.35,
            "IVA": 5
        },
        {
            "codigo": "gDCD7zRMbo",
            "total": 6,
            "valor_unitario": 580309,
            "descuento": 0.43,
            "IVA": 5
        }
    ]
}