{
    "empresa_nit": "789526431",
    "empresa_ciudad": "TUNJA",
    "empresa_sede": "autopista",
    "empresa_nombre": "Supermercado Central",
    "fecha_hora": "2024-01-16 16:17:43",
    "factura_num": "01426",
    "ciente_numero": 70455593,
    "pago_tipo": "TRANFERENCIA",
    "productos": [
        {
            "codigo": "Y0NVXOKjXO",
            "total": 14,
            "valor_unitario": 298914,
            "descuento": 0.2,
            "IVA": 0
        },
        {
            "codigo": "hRrcyrlfbo",
            "total": 14,
            "valor_unitario": 841433,
            "descuento": 0.24,
            "IVA": 19
        },
        {
            "codigo": "ljlKpj2UCx",
            "total": 3,
            "valor_unitario": 516700,
            "descuento": 0.05,
            "IVA": 19
        },
        {
            "codigo": "CxPNyKSBPI",
            "total": 1,
            "valor_unitario": 445605,
            "descuento": 0.09,
            "IVA": 0
        },
        {
            "codigo": "ZnJ7lqL5tm",
            "total": 14,
            "valor_unitario": 629808,
            "descuento": 0.32,
            "IVA": 5
        },
        {
            "codigo": "8tmIFuarDT",
            "total": 3,
            "valor_unitario": 677142,
            "descuento": 0.2,
            "IVA": 5
        },
        {
            "codigo": "MmBPvyPRtQ",
            "total": 11,
            "valor_unitario": 971533,
            "descuento": 0.23,
            "IVA": 5
        }
    ]
}