{
    "empresa_nit": "789526431",
    "empresa_ciudad": "BARRANQUILLA",
    "empresa_sede": "centro",
    "empresa_nombre": "Supermercado Central",
    "fecha_hora": "2024-10-17 03:43:28",
    "factura_num": "01037",
    "ciente_numero": 461110405,
    "pago_tipo": "TAR.CREDITO",
    "productos": [
        {
            "codigo": "PN9CUgVNNR",
            "total": 19,
            "valor_unitario": 204636,
            "descuento": 0.29,
            "IVA": 5
        },
        {
            "codigo": "LX2J5FT0Fq",
            "total": 6,
            "valor_unitario": 931320,
            "descuento": 0.4,
            "IVA": 19
        },
        {
            "codigo": "aT1psxpdaA",
            "total": 20,
            "valor_unitario": 859609,
            "descuento": 0.13,
            "IVA": 0
        },
        {
            "codigo": "R7SqdLGpBp",
            "total": 1,
            "valor_unitario": 652777,
            "descuento": 0.11,
            "IVA": 0
        },
        {
            "codigo": "ZFhabPa823",
            "total": 16,
            "valor_unitario": 894854,
            "descuento": 0.45,
            "IVA": 19
        },
        {
            "codigo": "ablHa7M6au",
            "total": 20,
            "valor_unitario": 702277,
            "descuento": 0.4,
            "IVA": 5
        },
        {
            "codigo": "0KD7ta3V0G",
            "total": 3,
            "valor_unitario": 641863,
            "descuento": 0.02,
            "IVA": 0
        },
        {
            "codigo": "m257g0oXzK",
            "total": 17,
            "valor_unitario": 363144,
            "descuento": 0.09,
            "IVA": 0
        },
        {
            "codigo": "BwpETTP4F5",
            "total": 16,
            "valor_unitario": 253429,
            "descuento": 0.48,
            "IVA": 0
        },
        {
            "codigo": "yVu2QeoKbm",
            "total": 3,
            "valor_unitario": 595003,
            "descuento": 0.12,
            "IVA": 5
        },
        {
            "codigo": "EdXVp6U8ui",
            "total": 9,
            "valor_unitario": 505613,
            "descuento": 0.45,
            "IVA": 19
        },
        {
            "codigo": "GgUIEMEzU5",
            "total": 9,
            "valor_unitario": 399640,
            "descuento": 0.39,
            "IVA": 5
        },
        {
            "codigo": "ez4I6lCwDf",
            "total": 3,
            "valor_unitario": 426768,
            "descuento": 0.1,
            "IVA": 19
        },
        {
            "codigo": "7gpPqeYiUH",
            "total": 4,
            "valor_unitario": 280090,
            "descuento": 0.05,
            "IVA": 5
        },
        {
            "codigo": "NC0215JvN8",
            "total": 5,
            "valor_unitario": 936639,
            "descuento": 0.5,
            "IVA": 5
        },
        {
            "codigo": "rDavvk2lTe",
            "total": 3,
            "valor_unitario": 522992,
            "descuento": 0.37,
            "IVA": 19
        },
        {
            "codigo": "aGdcF49DdX",
            "total": 20,
            "valor_unitario": 792047,
            "descuento": 0.07,
            "IVA": 5
        },
        {
            "codigo": "KYHwJdiGLO",
            "total": 2,
            "valor_unitario": 233894,
            "descuento": 0.32,
            "IVA": 5
        },
        {
            "codigo": "eTh16IkclD",
            "total": 9,
            "valor_unitario": 568531,
            "descuento": 0.02,
            "IVA": 5
        },
        {
            "codigo": "3GWxsDtsBV",
            "total": 10,
            "valor_unitario": 660530,
            "descuento": 0.25,
            "IVA": 19
        }
    ]
}