{
    "empresa_nit": "789526431",
    "empresa_ciudad": "MEDELLIN",
    "empresa_sede": "centro",
    "empresa_nombre": "Supermercado Central",
    "fecha_hora": "2024-01-14 02:46:06",
    "factura_num": "00108",
    "ciente_numero": 223221070,
    "pago_tipo": "TAR.DEBITO",
    "productos": [
        {
            "codigo": "6VX0vFypnE",
            "total": 19,
            "valor_unitario": 670352,
            "descuento": 0.27,
            "IVA": 19
        },
        {
            "codigo": "hdbRYYphFY",
            "total": 20,
            "valor_unitario": 583606,
            "descuento": 0.17,
            "IVA": 19
        }
    ]
}