{
    "empresa_nit": "789526431",
    "empresa_ciudad": "CALI",
    "empresa_sede": "aeropuerto",
    "empresa_nombre": "Supermercado Central",
    "fecha_hora": "2022-12-25 14:00:37",
    "factura_num": "00105",
    "ciente_numero": 975737370,
    "pago_tipo": "TRANFERENCIA",
    "productos": [
        {
            "codigo": "3fFgMW2B79",
            "total": 5,
            "valor_unitario": 880288,
            "descuento": 0.25,
            "IVA": 5
        },
        {
            "codigo": "XXEBGfYVdh",
            "total": 9,
            "valor_unitario": 165917,
            "descuento": 0.39,
            "IVA": 19
        },
        {
            "codigo": "BWiftGNU69",
            "total": 9,
            "valor_unitario": 751721,
            "descuento": 0.08,
            "IVA": 19
        },
        {
            "codigo": "wTdXt75A5A",
            "total": 10,
            "valor_unitario": 795126,
            "descuento": 0.03,
            "IVA": 5
        },
        {
            "codigo": "oz072tibH6",
            "total": 11,
            "valor_unitario": 783742,
            "descuento": 0.13,
            "IVA": 19
        },
        {
            "codigo": "85VGKSyrxy",
            "total": 12,
            "valor_unitario": 614640,
            "descuento": 0.06,
            "IVA": 19
        },
        {
            "codigo": "M0TNMttQcw",
            "total": 19,
            "valor_unitario": 869595,
            "descuento": 0.03,
            "IVA": 5
        },
        {
            "codigo": "JbvaCtQpSd",
            "total": 20,
            "valor_unitario": 405459,
            "descuento": 0.48,
            "IVA": 19
        },
        {
            "codigo": "pyiGigt5Xq",
            "total": 14,
            "valor_unitario": 826040,
            "descuento": 0.12,
            "IVA": 5
        },
        {
            "codigo": "n6S9CIcwFz",
            "total": 1,
            "valor_unitario": 406973,
            "descuento": 0.42,
            "IVA": 19
        },
        {
            "codigo": "rq11pfruqf",
            "total": 3,
            "valor_unitario": 620321,
            "descuento": 0.35,
            "IVA": 5
        },
        {
            "codigo": "GJB1dx1LmR",
            "total": 14,
            "valor_unitario": 293931,
            "descuento": 0.28,
            "IVA": 19
        },
        {
            "codigo": "T0A8QoXawB",
            "total": 13,
            "valor_unitario": 429128,
            "descuento": 0.48,
            "IVA": 5
        },
        {
            "codigo": "Zzo7haQnSc",
            "total": 18,
            "valor_unitario": 633925,
            "descuento": 0.33,
            "IVA": 19
        },
        {
            "codigo": "TVzv3tOvh1",
            "total": 19,
            "valor_unitario": 658507,
            "descuento": 0.2,
            "IVA": 0
        },
        {
            "codigo": "LXF7iQ51x5",
            "total": 20,
            "valor_unitario": 53603,
            "descuento": 0.33,
            "IVA": 0
        },
        {
            "codigo": "t3LOo6UT0V",
            "total": 11,
            "valor_unitario": 958424,
            "descuento": 0.4,
            "IVA": 19
        },
        {
            "codigo": "1KxVcBq0rQ",
            "total": 10,
            "valor_unitario": 177230,
            "descuento": 0.26,
            "IVA": 0
        }
    ]
}