{
    "empresa_nit": "789526431",
    "empresa_ciudad": "TUNJA",
    "empresa_sede": "terminal",
    "empresa_nombre": "Supermercado Central",
    "fecha_hora": "2022-08-21 04:41:32",
    "factura_num": "01326",
    "ciente_numero": 444697387,
    "pago_tipo": "EFECTIVO",
    "productos": [
        {
            "codigo": "mw2uZdRWTw",
            "total": 3,
            "valor_unitario": 932938,
            "descuento": 0.08,
            "IVA": 0
        },
        {
            "codigo": "yzjJACeUU3",
            "total": 9,
            "valor_unitario": 211790,
            "descuento": 0.22,
            "IVA": 19
        },
        {
            "codigo": "4KXjAineGw",
            "total": 4,
            "valor_unitario": 229650,
            "descuento": 0.15,
            "IVA": 0
        },
        {
            "codigo": "LrDOsAKmRE",
            "total": 14,
            "valor_unitario": 289234,
            "descuento": 0.41,
            "IVA": 19
        },
        {
            "codigo": "XQbApd9F4b",
            "total": 7,
            "valor_unitario": 850653,
            "descuento": 0.21,
            "IVA": 19
        },
        {
            "codigo": "G5CUGAVW0m",
            "total": 13,
            "valor_unitario": 855729,
            "descuento": 0.19,
            "IVA": 0
        },
        {
            "codigo": "4s6HrtQu9w",
            "total": 15,
            "valor_unitario": 13460,
            "descuento": 0.26,
            "IVA": 0
        },
        {
            "codigo": "zillF5U8iC",
            "total": 4,
            "valor_unitario": 230577,
            "descuento": 0.1,
            "IVA": 19
        },
        {
            "codigo": "OAj3R2VFyj",
            "total": 15,
            "valor_unitario": 794061,
            "descuento": 0.43,
            "IVA": 5
        },
        {
            "codigo": "nz7fi0038o",
            "total": 13,
            "valor_unitario": 890503,
            "descuento": 0.34,
            "IVA": 5
        },
        {
            "codigo": "xr0A8IuOkO",
            "total": 19,
            "valor_unitario": 213462,
            "descuento": 0.0,
            "IVA": 0
        }
    ]
}