{
    "empresa_nit": "789526431",
    "empresa_ciudad": "CALI",
    "empresa_sede": "plaza",
    "empresa_nombre": "Supermercado Central",
    "fecha_hora": "2024-05-16 02:07:28",
    "factura_num": "01130",
    "ciente_numero": 160815278,
    "pago_tipo": "TAR.CREDITO",
    "productos": [
        {
            "codigo": "eJXI4bQeiI",
            "total": 9,
            "valor_unitario": 879619,
            "descuento": 0.35,
            "IVA": 5
        },
        {
            "codigo": "13e4qvQudq",
            "total": 14,
            "valor_unitario": 330184,
            "descuento": 0.32,
            "IVA": 0
        },
        {
            "codigo": "Wa3VGTWw0Z",
            "total": 7,
            "valor_unitario": 860835,
            "descuento": 0.17,
            "IVA": 0
        },
        {
            "codigo": "IY3BtC72Wx",
            "total": 4,
            "valor_unitario": 547997,
            "descuento": 0.17,
            "IVA": 0
        },
        {
            "codigo": "vFT2fsgW85",
            "total": 1,
            "valor_unitario": 667868,
            "descuento": 0.48,
            "IVA": 0
        }
    ]
}