{
    "empresa_nit": "789526431",
    "empresa_ciudad": "CALI",
    "empresa_sede": "autopista",
    "empresa_nombre": "Supermercado Central",
    "fecha_hora": "2021-07-23 10:27:06",
    "factura_num": "01349",
    "ciente_numero": 820605947,
    "pago_tipo": "TRANFERENCIA",
    "productos": [
        {
            "codigo": "d8AHIkmd7q",
            "total": 15,
            "valor_unitario": 749568,
            "descuento": 0.34,
            "IVA": 5
        },
        {
            "codigo": "Xm8vmtEV2r",
            "total": 6,
            "valor_unitario": 226513,
            "descuento": 0.42,
            "IVA": 0
        },
        {
            "codigo": "iNOmzP5L4G",
            "total": 17,
            "valor_unitario": 213905,
            "descuento": 0.45,
            "IVA": 5
        },
        {
            "codigo": "VtWoX2RSko",
            "total": 15,
            "valor_unitario": 662271,
            "descuento": 0.37,
            "IVA": 19
        },
        {
            "codigo": "7T9gQsstYi",
            "total": 6,
            "valor_unitario": 473179,
            "descuento": 0.03,
            "IVA": 0
        },
        {
            "codigo": "bplj33gtNz",
            "total": 18,
            "valor_unitario": 238439,
            "descuento": 0.37,
            "IVA": 5
        },
        {
            "codigo": "HYL5bNLcPq",
            "total": 16,
            "valor_unitario": 434559,
            "descuento": 0.39,
            "IVA": 19
        },
        {
            "codigo": "WfvdELrdSY",
            "total": 4,
            "valor_unitario": 725873,
            "descuento": 0.08,
            "IVA": 0
        },
        {
            "codigo": "rlxTJaPudq",
            "total": 9,
            "valor_unitario": 874275,
            "descuento": 0.25,
            "IVA": 5
        },
        {
            "codigo": "7YuZv6PCHB",
            "total": 16,
            "valor_unitario": 959465,
            "descuento": 0.06,
            "IVA": 0
        },
        {
            "codigo": "dFoUdIVRNL",
            "total": 10,
            "valor_unitario": 23319,
            "descuento": 0.3,
            "IVA": 0
        },
        {
            "codigo": "maLqqqJife",
            "total": 16,
            "valor_unitario": 924578,
            "descuento": 0.4,
            "IVA": 19
        },
        {
            "codigo": "sUxS4FUPqT",
            "total": 5,
            "valor_unitario": 36285,
            "descuento": 0.39,
            "IVA": 0
        },
        {
            "codigo": "ySkIwraTH4",
            "total": 15,
            "valor_unitario": 205330,
            "descuento": 0.41,
            "IVA": 19
        }
    ]
}