{
    "empresa_nit": "789526431",
    "empresa_ciudad": "MEDELLIN",
    "empresa_sede": "plaza",
    "empresa_nombre": "Supermercado Central",
    "fecha_hora": "2020-06-21 16:30:44",
    "factura_num": "00106",
    "ciente_numero": 620005075,
    "pago_tipo": "EFECTIVO",
    "productos": [
        {
            "codigo": "G2vB50Fq4j",
            "total": 14,
            "valor_unitario": 511812,
            "descuento": 0.24,
            "IVA": 5
        },
        {
            "codigo": "tcgqpIYJIn",
            "total": 17,
            "valor_unitario": 973516,
            "descuento": 0.28,
            "IVA": 19
        },
        {
            "codigo": "2YnU84zw0c",
            "total": 10,
            "valor_unitario": 420843,
            "descuento": 0.31,
            "IVA": 0
        },
        {
            "codigo": "pYfi6oNUBD",
            "total": 6,
            "valor_unitario": 54080,
            "descuento": 0.22,
            "IVA": 5
        },
        {
            "codigo": "dMnZvwJjTQ",
            "total": 8,
            "valor_unitario": 327656,
            "descuento": 0.48,
            "IVA": 5
        },
        {
            "codigo": "bIiriIli3x",
            "total": 6,
            "valor_unitario": 613564,
            "descuento": 0.1,
            "IVA": 0
        }
    ]
}