{
    "empresa_nit": "789526431",
    "empresa_ciudad": "MEDELLIN",
    "empresa_sede": "alcaldia",
    "empresa_nombre": "Supermercado Central",
    "fecha_hora": "2020-07-01 01:43:54",
    "factura_num": "00126",
    "ciente_numero": 922655719,
    "pago_tipo": "EFECTIVO",
    "productos": [
        {
            "codigo": "n9pEQuvnoe",
            "total": 17,
            "valor_unitario": 386072,
            "descuento": 0.1,
            "IVA": 19
        },
        {
            "codigo": "0FiIXijiad",
            "total": 12,
            "valor_unitario": 27014,
            "descuento": 0.15,
            "IVA": 19
        },
        {
            "codigo": "4qhhr9VQrA",
            "total": 11,
            "valor_unitario": 928224,
            "descuento": 0.38,
            "IVA": 5
        },
        {
            "codigo": "NNg2l3tZ4z",
            "total": 17,
            "valor_unitario": 84152,
            "descuento": 0.38,
            "IVA": 0
        },
        {
            "codigo": "g3d261xtxP",
            "total": 2,
            "valor_unitario": 403385,
            "descuento": 0.2,
            "IVA": 5
        },
        {
            "codigo": "RWXlpYkAQm",
            "total": 18,
            "valor_unitario": 627941,
            "descuento": 0.24,
            "IVA": 19
        },
        {
            "codigo": "z77d67htj9",
            "total": 16,
            "valor_unitario": 103658,
            "descuento": 0.41,
            "IVA": 5
        },
        {
            "codigo": "76oUtBIOBS",
            "total": 19,
            "valor_unitario": 67677,
            "descuento": 0.44,
            "IVA": 19
        },
        {
            "codigo": "mFa3ZaMFv7",
            "total": 20,
            "valor_unitario": 258412,
            "descuento": 0.32,
            "IVA": 5
        },
        {
            "codigo": "xdpSfwTKzu",
            "total": 11,
            "valor_unitario": 714352,
            "descuento": 0.25,
            "IVA": 0
        }
    ]
}