{
    "empresa_nit": "789526431",
    "empresa_ciudad": "MEDELLIN",
    "empresa_sede": "terminal",
    "empresa_nombre": "Supermercado Central",
    "fecha_hora": "2022-02-02 17:21:33",
    "factura_num": "00100",
    "ciente_numero": 404317503,
    "pago_tipo": "EFECTIVO",
    "productos": [
        {
            "codigo": "4mkL3KLYBC",
            "total": 15,
            "valor_unitario": 798895,
            "descuento": 0.03,
            "IVA": 19
        },
        {
            "codigo": "P2abl4PBDO",
            "total": 20,
            "valor_unitario": 292385,
            "descuento": 0.14,
            "IVA": 5
        },
        {
            "codigo": "pLJgyh5htU",
            "total": 8,
            "valor_unitario": 513608,
            "descuento": 0.43,
            "IVA": 5
        },
        {
            "codigo": "8srPEoiQaE",
            "total": 5,
            "valor_unitario": 558696,
            "descuento": 0.41,
            "IVA": 19
        },
        {
            "codigo": "eNsUOW7Lt0",
            "total": 18,
            "valor_unitario": 648208,
            "descuento": 0.11,
            "IVA": 5
        },
        {
            "codigo": "abVp00hyzb",
            "total": 1,
            "valor_unitario": 571045,
            "descuento": 0.27,
            "IVA": 19
        },
        {
            "codigo": "ri6LmDIOJw",
            "total": 4,
            "valor_unitario": 88612,
            "descuento": 0.12,
            "IVA": 19
        },
        {
            "codigo": "Ac5QPOOQQr",
            "total": 6,
            "valor_unitario": 597974,
            "descuento": 0.12,
            "IVA": 0
        },
        {
            "codigo": "RdcfMPn5nU",
            "total": 15,
            "valor_unitario": 845870,
            "descuento": 0.18,
            "IVA": 0
        },
        {
            "codigo": "y3uElYA7E4",
            "total": 20,
            "valor_unitario": 705272,
            "descuento": 0.02,
            "IVA": 5
        },
        {
            "codigo": "7w525obgpn",
            "total": 16,
            "valor_unitario": 461465,
            "descuento": 0.25,
            "IVA": 5
        },
        {
            "codigo": "4Qd2lyvpUh",
            "total": 10,
            "valor_unitario": 497113,
            "descuento": 0.12,
            "IVA": 0
        },
        {
            "codigo": "CQsiDDbZxX",
            "total": 3,
            "valor_unitario": 294232,
            "descuento": 0.42,
            "IVA": 0
        },
        {
            "codigo": "E69UJILu8a",
            "total": 9,
            "valor_unitario": 569320,
            "descuento": 0.02,
            "IVA": 0
        }
    ]
}