{
    "empresa_nit": "789526431",
    "empresa_ciudad": "MEDELLIN",
    "empresa_sede": "plaza",
    "empresa_nombre": "Supermercado Central",
    "fecha_hora": "2020-08-08 09:22:50",
    "factura_num": "01394",
    "ciente_numero": 387503560,
    "pago_tipo": "EFECTIVO",
    "productos": [
        {
            "codigo": "7IT1FkATpj",
            "total": 1,
            "valor_unitario": 765423,
            "descuento": 0.29,
            "IVA": 5
        },
        {
            "codigo": "qamI4fS8SV",
            "total": 3,
            "valor_unitario": 537484,
            "descuento": 0.39,
            "IVA": 0
        },
        {
            "codigo": "4G7K0gjOLu",
            "total": 12,
            "valor_unitario": 33246,
            "descuento": 0.08,
            "IVA": 0
        },
        {
            "codigo": "RaAh1Hj0qp",
            "total": 1,
            "valor_unitario": 250135,
            "descuento": 0.23,
            "IVA": 5
        },
        {
            "codigo": "TtFkc4IJWa",
            "total": 10,
            "valor_unitario": 878598,
            "descuento": 0.19,
            "IVA": 0
        },
        {
            "codigo": "DlI0E6Oe4c",
            "total": 4,
            "valor_unitario": 505936,
            "descuento": 0.13,
            "IVA": 19
        },
        {
            "codigo": "j8mAfvycvj",
            "total": 16,
            "valor_unitario": 996591,
            "descuento": 0.46,
            "IVA": 5
        },
        {
            "codigo": "dBKhaK838F",
            "total": 6,
            "valor_unitario": 786414,
            "descuento": 0.13,
            "IVA": 0
        },
        {
            "codigo": "8QHXW1i53H",
            "total": 2,
            "valor_unitario": 40025,
            "descuento": 0.23,
            "IVA": 19
        },
        {
            "codigo": "yj0ekmSRbK",
            "total": 1,
            "valor_unitario": 419137,
            "descuento": 0.4,
            "IVA": 0
        },
        {
            "codigo": "2KS49b3AZh",
            "total": 13,
            "valor_unitario": 989367,
            "descuento": 0.2,
            "IVA": 19
        },
        {
            "codigo": "uUebAGaCJ2",
            "total": 1,
            "valor_unitario": 899001,
            "descuento": 0.31,
            "IVA": 19
        }
    ]
}