{
    "empresa_nit": "789526431",
    "empresa_ciudad": "TUNJA",
    "empresa_sede": "aeropuerto",
    "empresa_nombre": "Supermercado Central",
    "fecha_hora": "2021-11-05 02:38:52",
    "factura_num": "01038",
    "ciente_numero": 339968178,
    "pago_tipo": "EFECTIVO",
    "productos": [
        {
            "codigo": "btG4hjxjDr",
            "total": 18,
            "valor_unitario": 425984,
            "descuento": 0.38,
            "IVA": 0
        },
        {
            "codigo": "JaO1kAGxUb",
            "total": 14,
            "valor_unitario": 934979,
            "descuento": 0.02,
            "IVA": 19
        },
        {
            "codigo": "3wwZK9r677",
            "total": 15,
            "valor_unitario": 508048,
            "descuento": 0.36,
            "IVA": 5
        },
        {
            "codigo": "AaJZ4ggEy3",
            "total": 6,
            "valor_unitario": 503953,
            "descuento": 0.44,
            "IVA": 5
        }
    ]
}