{
    "empresa_nit": "789526431",
    "empresa_ciudad": "BARRANQUILLA",
    "empresa_sede": "alcaldia",
    "empresa_nombre": "Supermercado Central",
    "fecha_hora": "2022-08-04 16:40:13",
    "factura_num": "01335",
    "ciente_numero": 604528860,
    "pago_tipo": "TAR.CREDITO",
    "productos": [
        {
            "codigo": "psfrEZitSy",
            "total": 1,
            "valor_unitario": 384076,
            "descuento": 0.24,
            "IVA": 19
        },
        {
            "codigo": "2hNAakhIOf",
            "total": 6,
            "valor_unitario": 567542,
            "descuento": 0.27,
            "IVA": 0
        },
        {
            "codigo": "0VbunSwJM8",
            "total": 11,
            "valor_unitario": 928691,
            "descuento": 0.19,
            "IVA": 5
        },
        {
            "codigo": "OKHcfmlQbi",
            "total": 11,
            "valor_unitario": 13305,
            "descuento": 0.35,
            "IVA": 5
        },
        {
            "codigo": "iD9w2LCqzi",
            "total": 3,
            "valor_unitario": 693012,
            "descuento": 0.41,
            "IVA": 0
        },
        {
            "codigo": "HLxMCcU8Dv",
            "total": 5,
            "valor_unitario": 251497,
            "descuento": 0.1,
            "IVA": 0
        },
        {
            "codigo": "7x1jj3PSXg",
            "total": 3,
            "valor_unitario": 670494,
            "descuento": 0.38,
            "IVA": 0
        },
        {
            "codigo": "yELvY5sB6X",
            "total": 18,
            "valor_unitario": 495594,
            "descuento": 0.28,
            "IVA": 5
        },
        {
            "codigo": "1TNAaS2s3g",
            "total": 10,
            "valor_unitario": 346030,
            "descuento": 0.08,
            "IVA": 19
        },
        {
            "codigo": "RXDJSEK4bt",
            "total": 2,
            "valor_unitario": 787488,
            "descuento": 0.29,
            "IVA": 0
        },
        {
            "codigo": "G4T4WDOPJl",
            "total": 8,
            "valor_unitario": 531175,
            "descuento": 0.25,
            "IVA": 5
        },
        {
            "codigo": "5erLRW3aq3",
            "total": 11,
            "valor_unitario": 459809,
            "descuento": 0.28,
            "IVA": 0
        },
        {
            "codigo": "xsFrZqcvf0",
            "total": 15,
            "valor_unitario": 212781,
            "descuento": 0.36,
            "IVA": 19
        }
    ]
}