{
    "empresa_nit": "789526431",
    "empresa_ciudad": "CALI",
    "empresa_sede": "terminal",
    "empresa_nombre": "Supermercado Central",
    "fecha_hora": "2023-03-29 09:26:00",
    "factura_num": "01413",
    "ciente_numero": 789415681,
    "pago_tipo": "TAR.DEBITO",
    "productos": [
        {
            "codigo": "MjECVXpTgV",
            "total": 8,
            "valor_unitario": 768355,
            "descuento": 0.11,
            "IVA": 5
        },
        {
            "codigo": "FGe53SgYxV",
            "total": 12,
            "valor_unitario": 642103,
            "descuento": 0.12,
            "IVA": 0
        }
    ]
}