{
    "empresa_nit": "789526431",
    "empresa_ciudad": "BOGOTA",
    "empresa_sede": "aeropuerto",
    "empresa_nombre": "Supermercado Central",
    "fecha_hora": "2022-05-04 09:22:27",
    "factura_num": "01284",
    "ciente_numero": 45470216,
    "pago_tipo": "TRANFERENCIA",
    "productos": [
        {
            "codigo": "fn4RNuGgIG",
            "total": 14,
            "valor_unitario": 987549,
            "descuento": 0.36,
            "IVA": 5
        },
        {
            "codigo": "Yi8vsDN4h8",
            "total": 8,
            "valor_unitario": 515253,
            "descuento": 0.08,
            "IVA": 19
        },
        {
            "codigo": "a4Kpt90VRF",
            "total": 5,
            "valor_unitario": 976643,
            "descuento": 0.34,
            "IVA": 5
        },
        {
            "codigo": "ahIG52ClND",
            "total": 8,
            "valor_unitario": 189814,
            "descuento": 0.35,
            "IVA": 5
        },
        {
            "codigo": "HSMnSrHiy0",
            "total": 9,
            "valor_unitario": 541528,
            "descuento": 0.5,
            "IVA": 0
        },
        {
            "codigo": "qhQzA9p0xT",
            "total": 20,
            "valor_unitario": 250540,
            "descuento": 0.4,
            "IVA": 0
        },
        {
            "codigo": "2hJgmKbR2p",
            "total": 15,
            "valor_unitario": 606618,
            "descuento": 0.18,
            "IVA": 19
        },
        {
            "codigo": "cgCyuzRxAE",
            "total": 19,
            "valor_unitario": 630237,
            "descuento": 0.49,
            "IVA": 19
        },
        {
            "codigo": "Snzho5TGUq",
            "total": 4,
            "valor_unitario": 625860,
            "descuento": 0.15,
            "IVA": 5
        },
        {
            "codigo": "hTHwPrxyLI",
            "total": 12,
            "valor_unitario": 203355,
            "descuento": 0.22,
            "IVA": 5
        },
        {
            "codigo": "9hzSaqcSaA",
            "total": 4,
            "valor_unitario": 987230,
            "descuento": 0.37,
            "IVA": 5
        },
        {
            "codigo": "kmkNRYB9NJ",
            "total": 17,
            "valor_unitario": 736228,
            "descuento": 0.36,
            "IVA": 0
        },
        {
            "codigo": "CoklvLb17u",
            "total": 19,
            "valor_unitario": 372496,
            "descuento": 0.13,
            "IVA": 0
        },
        {
            "codigo": "LZpxNh6gEI",
            "total": 15,
            "valor_unitario": 129953,
            "descuento": 0.35,
            "IVA": 5
        },
        {
            "codigo": "Tjp0WApA8t",
            "total": 20,
            "valor_unitario": 212478,
            "descuento": 0.39,
            "IVA": 0
        },
        {
            "codigo": "t59vrLSXt7",
            "total": 4,
            "valor_unitario": 942111,
            "descuento": 0.25,
            "IVA": 19
        },
        {
            "codigo": "Nn5rdmk6ml",
            "total": 11,
            "valor_unitario": 255879,
            "descuento": 0.24,
            "IVA": 5
        }
    ]
}