{
    "empresa_nit": "789526431",
    "empresa_ciudad": "MEDELLIN",
    "empresa_sede": "terminal",
    "empresa_nombre": "Supermercado Central",
    "fecha_hora": "2025-01-26 12:12:44",
    "factura_num": "01299",
    "ciente_numero": 816326724,
    "pago_tipo": "EFECTIVO",
    "productos": [
        {
            "codigo": "LZv4eMXCfA",
            "total": 19,
            "valor_unitario": 488582,
            "descuento": 0.04,
            "IVA": 19
        },
        {
            "codigo": "wUjGb8DmFJ",
            "total": 8,
            "valor_unitario": 113652,
            "descuento": 0.12,
            "IVA": 5
        },
        {
            "codigo": "1D6bUq2Ml3",
            "total": 14,
            "valor_unitario": 676697,
            "descuento": 0.13,
            "IVA": 5
        },
        {
            "codigo": "a1eCIzIpJ9",
            "total": 1,
            "valor_unitario": 384727,
            "descuento": 0.14,
            "IVA": 0
        },
        {
            "codigo": "iYHlouEUEK",
            "total": 5,
            "valor_unitario": 458100,
            "descuento": 0.07,
            "IVA": 5
        },
        {
            "codigo": "yLkL6gWv7s",
            "total": 7,
            "valor_unitario": 313798,
            "descuento": 0.08,
            "IVA": 19
        },
        {
            "codigo": "zvpqxBZ6ZT",
            "total": 15,
            "valor_unitario": 135304,
            "descuento": 0.32,
            "IVA": 19
        },
        {
            "codigo": "UM35W4xuY7",
            "total": 13,
            "valor_unitario": 86239,
            "descuento": 0.2,
            "IVA": 19
        }
    ]
}