{
    "empresa_nit": "789526431",
    "empresa_ciudad": "BOGOTA",
    "empresa_sede": "terminal",
    "empresa_nombre": "Supermercado Central",
    "fecha_hora": "2021-04-27 07:05:51",
    "factura_num": "01196",
    "ciente_numero": 470835102,
    "pago_tipo": "TAR.DEBITO",
    "productos": [
        {
            "codigo": "IzwdPGVMFW",
            "total": 3,
            "valor_unitario": 385207,
            "descuento": 0.26,
            "IVA": 0
        },
        {
            "codigo": "cBKZn5wL0L",
            "total": 6,
            "valor_unitario": 309043,
            "descuento": 0.01,
            "IVA": 0
        },
        {
            "codigo": "WRoEygc8WX",
            "total": 17,
            "valor_unitario": 564302,
            "descuento": 0.32,
            "IVA": 5
        }
    ]
}