{
    "empresa_nit": "789526431",
    "empresa_ciudad": "BARRANQUILLA",
    "empresa_sede": "plaza",
    "empresa_nombre": "Supermercado Central",
    "fecha_hora": "2020-02-24 19:56:53",
    "factura_num": "01339",
    "ciente_numero": 983818706,
    "pago_tipo": "EFECTIVO",
    "productos": [
        {
            "codigo": "DWDqvHHAUE",
            "total": 12,
            "valor_unitario": 844051,
            "descuento": 0.04,
            "IVA": 5
        },
        {
            "codigo": "WAlnAVNJPw",
            "total": 18,
            "valor_unitario": 447105,
            "descuento": 0.24,
            "IVA": 0
        },
        {
            "codigo": "pLKGnfcMmv",
            "total": 17,
            "valor_unitario": 664983,
            "descuento": 0.5,
            "IVA": 19
        },
        {
            "codigo": "TBHUjQa8Kf",
            "total": 16,
            "valor_unitario": 966673,
            "descuento": 0.38,
            "IVA": 5
        },
        {
            "codigo": "cfQ4QJVIei",
            "total": 18,
            "valor_unitario": 232863,
            "descuento": 0.44,
            "IVA": 19
        },
        {
            "codigo": "TT0LRyAg7t",
            "total": 9,
            "valor_unitario": 241775,
            "descuento": 0.21,
            "IVA": 0
        },
        {
            "codigo": "lJcjskX0n1",
            "total": 14,
            "valor_unitario": 884144,
            "descuento": 0.01,
            "IVA": 0
        },
        {
            "codigo": "36hqdJ1xwH",
            "total": 6,
            "valor_unitario": 998446,
            "descuento": 0.45,
            "IVA": 19
        },
        {
            "codigo": "88DvBdHzy4",
            "total": 2,
            "valor_unitario": 690812,
            "descuento": 0.26,
            "IVA": 0
        },
        {
            "codigo": "t8aczXBpNi",
            "total": 19,
            "valor_unitario": 63561,
            "descuento": 0.37,
            "IVA": 5
        },
        {
            "codigo": "HfBA33reNR",
            "total": 18,
            "valor_unitario": 160858,
            "descuento": 0.37,
            "IVA": 5
        },
        {
            "codigo": "IpLNIKYR8t",
            "total": 6,
            "valor_unitario": 647562,
            "descuento": 0.32,
            "IVA": 19
        },
        {
            "codigo": "X5gxuLgHpW",
            "total": 11,
            "valor_unitario": 819561,
            "descuento": 0.28,
            "IVA": 19
        },
        {
            "codigo": "MaXuqCb67V",
            "total": 11,
            "valor_unitario": 192349,
            "descuento": 0.29,
            "IVA": 0
        },
        {
            "codigo": "8hzxoH8886",
            "total": 5,
            "valor_unitario": 917609,
            "descuento": 0.1,
            "IVA": 0
        },
        {
            "codigo": "stGpXYWbgp",
            "total": 12,
            "valor_unitario": 625959,
            "descuento": 0.39,
            "IVA": 5
        },
        {
            "codigo": "HjiUp8cXcH",
            "total": 15,
            "valor_unitario": 753760,
            "descuento": 0.36,
            "IVA": 5
        }
    ]
}