{
    "empresa_nit": "789526431",
    "empresa_ciudad": "BARRANQUILLA",
    "empresa_sede": "aeropuerto",
    "empresa_nombre": "Supermercado Central",
    "fecha_hora": "2023-11-06 08:24:49",
    "factura_num": "01314",
    "ciente_numero": 883500556,
    "pago_tipo": "TAR.DEBITO",
    "productos": [
        {
            "codigo": "6zxnK73HY5",
            "total": 4,
            "valor_unitario": 826760,
            "descuento": 0.32,
            "IVA": 19
        },
        {
            "codigo": "ameNLQg0kS",
            "total": 18,
            "valor_unitario": 224032,
            "descuento": 0.43,
            "IVA": 5
        }
    ]
}