{
    "empresa_nit": "789526431",
    "empresa_ciudad": "MEDELLIN",
    "empresa_sede": "alcaldia",
    "empresa_nombre": "Supermercado Central",
    "fecha_hora": "2020-12-01 11:47:45",
    "factura_num": "01172",
    "ciente_numero": 583086250,
    "pago_tipo": "TAR.CREDITO",
    "productos": [
        {
            "codigo": "CQC775T1QY",
            "total": 17,
            "valor_unitario": 579562,
            "descuento": 0.29,
            "IVA": 0
        },
        {
            "codigo": "5FOyxtApsS",
            "total": 10,
            "valor_unitario": 619594,
            "descuento": 0.42,
            "IVA": 19
        },
        {
            "codigo": "bA3RnqxzbO",
            "total": 15,
            "valor_unitario": 513910,
            "descuento": 0.34,
            "IVA": 0
        },
        {
            "codigo": "mGeXEf9WBI",
            "total": 16,
            "valor_unitario": 717013,
            "descuento": 0.02,
            "IVA": 0
        },
        {
            "codigo": "ytv5igbVOx",
            "total": 5,
            "valor_unitario": 316860,
            "descuento": 0.31,
            "IVA": 0
        },
        {
            "codigo": "NjmH3MgmEZ",
            "total": 2,
            "valor_unitario": 91677,
            "descuento": 0.02,
            "IVA": 5
        }
    ]
}