{
    "empresa_nit": "789526431",
    "empresa_ciudad": "CALI",
    "empresa_sede": "centro",
    "empresa_nombre": "Supermercado Central",
    "fecha_hora": "2021-03-25 23:01:12",
    "factura_num": "01104",
    "ciente_numero": 113667395,
    "pago_tipo": "TAR.DEBITO",
    "productos": [
        {
            "codigo": "CwIhXh9fLF",
            "total": 14,
            "valor_unitario": 525765,
            "descuento": 0.22,
            "IVA": 19
        },
        {
            "codigo": "IJnL0z1e1w",
            "total": 11,
            "valor_unitario": 528981,
            "descuento": 0.07,
            "IVA": 0
        }
    ]
}