{
    "empresa_nit": "789526431",
    "empresa_ciudad": "BOGOTA",
    "empresa_sede": "terminal",
    "empresa_nombre": "Supermercado Central",
    "fecha_hora": "2021-01-24 17:26:57",
    "factura_num": "01142",
    "ciente_numero": 868009942,
    "pago_tipo": "TAR.DEBITO",
    "productos": [
        {
            "codigo": "zcMng3SnQu",
            "total": 18,
            "valor_unitario": 609881,
            "descuento": 0.29,
            "IVA": 5
        },
        {
            "codigo": "1wR8UegJla",
            "total": 14,
            "valor_unitario": 649150,
            "descuento": 0.17,
            "IVA": 0
        },
        {
            "codigo": "0XWRqMozVl",
            "total": 5,
            "valor_unitario": 183091,
            "descuento": 0.46,
            "IVA": 19
        },
        {
            "codigo": "WX52a5O3C1",
            "total": 9,
            "valor_unitario": 755114,
            "descuento": 0.02,
            "IVA": 5
        },
        {
            "codigo": "jd1fIbgzDP",
            "total": 10,
            "valor_unitario": 473107,
            "descuento": 0.09,
            "IVA": 0
        },
        {
            "codigo": "z47feRrMp9",
            "total": 16,
            "valor_unitario": 199303,
            "descuento": 0.39,
            "IVA": 5
        },
        {
            "codigo": "hwc7AboDSp",
            "total": 18,
            "valor_unitario": 637144,
            "descuento": 0.39,
            "IVA": 0
        },
        {
            "codigo": "k3nWsmNm15",
            "total": 9,
            "valor_unitario": 483985,
            "descuento": 0.44,
            "IVA": 5
        }
    ]
}