{
    "empresa_nit": "789526431",
    "empresa_ciudad": "MEDELLIN",
    "empresa_sede": "autopista",
    "empresa_nombre": "Supermercado Central",
    "fecha_hora": "2020-01-03 21:21:09",
    "factura_num": "01166",
    "ciente_numero": 514656149,
    "pago_tipo": "TRANFERENCIA",
    "productos": [
        {
            "codigo": "VAmB0RVsGW",
            "total": 19,
            "valor_unitario": 470664,
            "descuento": 0.24,
            "IVA": 0
        },
        {
            "codigo": "eTei1jfzS5",
            "total": 19,
            "valor_unitario": 110565,
            "descuento": 0.33,
            "IVA": 5
        },
        {
            "codigo": "rG08ZsIirV",
            "total": 10,
            "valor_unitario": 701372,
            "descuento": 0.13,
            "IVA": 5
        },
        {
            "codigo": "mygLMj2vDb",
            "total": 1,
            "valor_unitario": 662038,
            "descuento": 0.4,
            "IVA": 19
        },
        {
            "codigo": "tFxxgmTlEa",
            "total": 19,
            "valor_unitario": 29747,
            "descuento": 0.24,
            "IVA": 5
        },
        {
            "codigo": "WjlVaxO5uH",
            "total": 2,
            "valor_unitario": 772875,
            "descuento": 0.22,
            "IVA": 5
        },
        {
            "codigo": "aGZc9myp9C",
            "total": 18,
            "valor_unitario": 846269,
            "descuento": 0.04,
            "IVA": 19
        }
    ]
}