{
    "empresa_nit": "789526431",
    "empresa_ciudad": "MEDELLIN",
    "empresa_sede": "aeropuerto",
    "empresa_nombre": "Supermercado Central",
    "fecha_hora": "2021-07-04 07:36:36",
    "factura_num": "01370",
    "ciente_numero": 316157495,
    "pago_tipo": "TRANFERENCIA",
    "productos": [
        {
            "codigo": "TEZh95Hvlm",
            "total": 8,
            "valor_unitario": 392208,
            "descuento": 0.08,
            "IVA": 19
        },
        {
            "codigo": "fGiJK3UxeC",
            "total": 4,
            "valor_unitario": 71163,
            "descuento": 0.3,
            "IVA": 5
        },
        {
            "codigo": "NnRjZxhIZd",
            "total": 10,
            "valor_unitario": 567589,
            "descuento": 0.05,
            "IVA": 19
        },
        {
            "codigo": "AEztByRXTr",
            "total": 5,
            "valor_unitario": 486286,
            "descuento": 0.1,
            "IVA": 19
        },
        {
            "codigo": "HP0cDb8sVP",
            "total": 15,
            "valor_unitario": 263630,
            "descuento": 0.46,
            "IVA": 5
        },
        {
            "codigo": "IGWfe1AMji",
            "total": 13,
            "valor_unitario": 144643,
            "descuento": 0.08,
            "IVA": 5
        },
        {
            "codigo": "gOQNsgMD3O",
            "total": 11,
            "valor_unitario": 986571,
            "descuento": 0.0,
            "IVA": 19
        },
        {
            "codigo": "l4SkUellh2",
            "total": 7,
            "valor_unitario": 11216,
            "descuento": 0.45,
            "IVA": 19
        },
        {
            "codigo": "psbTbiq6xx",
            "total": 1,
            "valor_unitario": 726650,
            "descuento": 0.09,
            "IVA": 0
        },
        {
            "codigo": "rF5rRj8rHG",
            "total": 17,
            "valor_unitario": 814066,
            "descuento": 0.21,
            "IVA": 19
        }
    ]
}