{
    "empresa_nit": "789526431",
    "empresa_ciudad": "BOGOTA",
    "empresa_sede": "terminal",
    "empresa_nombre": "Supermercado Central",
    "fecha_hora": "2022-08-27 02:56:10",
    "factura_num": "01110",
    "ciente_numero": 301937885,
    "pago_tipo": "EFECTIVO",
    "productos": [
        {
            "codigo": "xRnKNf61ge",
            "total": 1,
            "valor_unitario": 603853,
            "descuento": 0.46,
            "IVA": 0
        },
        {
            "codigo": "XyzLa5BjNy",
            "total": 5,
            "valor_unitario": 908347,
            "descuento": 0.19,
            "IVA": 5
        },
        {
            "codigo": "NfsTCUr8GT",
            "total": 5,
            "valor_unitario": 310231,
            "descuento": 0.24,
            "IVA": 0
        },
        {
            "codigo": "A8iZiY09J1",
            "total": 11,
            "valor_unitario": 539994,
            "descuento": 0.13,
            "IVA": 19
        },
        {
            "codigo": "kZOprszo8Q",
            "total": 19,
            "valor_unitario": 207246,
            "descuento": 0.19,
            "IVA": 5
        },
        {
            "codigo": "i7hl9n4XHV",
            "total": 5,
            "valor_unitario": 331538,
            "descuento": 0.35,
            "IVA": 5
        },
        {
            "codigo": "h8lOYZiEJW",
            "total": 5,
            "valor_unitario": 719600,
            "descuento": 0.22,
            "IVA": 5
        },
        {
            "codigo": "2jtJzOHtov",
            "total": 18,
            "valor_unitario": 292416,
            "descuento": 0.47,
            "IVA": 5
        },
        {
            "codigo": "toTYe8kWt0",
            "total": 7,
            "valor_unitario": 637459,
            "descuento": 0.07,
            "IVA": 19
        },
        {
            "codigo": "y4cubVtB3O",
            "total": 6,
            "valor_unitario": 508114,
            "descuento": 0.16,
            "IVA": 19
        },
        {
            "codigo": "nGJXm71zar",
            "total": 1,
            "valor_unitario": 82527,
            "descuento": 0.24,
            "IVA": 19
        },
        {
            "codigo": "9ruekQYcVh",
            "total": 7,
            "valor_unitario": 972646,
            "descuento": 0.36,
            "IVA": 0
        },
        {
            "codigo": "k2k1VUXWSh",
            "total": 20,
            "valor_unitario": 680420,
            "descuento": 0.27,
            "IVA": 5
        }
    ]
}