{
    "empresa_nit": "789526431",
    "empresa_ciudad": "MEDELLIN",
    "empresa_sede": "plaza",
    "empresa_nombre": "Supermercado Central",
    "fecha_hora": "2020-02-26 04:25:01",
    "factura_num": "01206",
    "ciente_numero": 570955275,
    "pago_tipo": "TRANFERENCIA",
    "productos": [
        {
            "codigo": "FnNq8iCJhH",
            "total": 2,
            "valor_unitario": 423397,
            "descuento": 0.37,
            "IVA": 19
        },
        {
            "codigo": "4vGoLJofMa",
            "total": 20,
            "valor_unitario": 969017,
            "descuento": 0.08,
            "IVA": 0
        },
        {
            "codigo": "Kzix2Q4069",
            "total": 4,
            "valor_unitario": 179498,
            "descuento": 0.06,
            "IVA": 0
        },
        {
            "codigo": "xYrtDW3AzD",
            "total": 10,
            "valor_unitario": 165557,
            "descuento": 0.27,
            "IVA": 19
        },
        {
            "codigo": "35ZYDfSjM4",
            "total": 6,
            "valor_unitario": 84688,
            "descuento": 0.13,
            "IVA": 0
        }
    ]
}