{
    "empresa_nit": "789526431",
    "empresa_ciudad": "BOGOTA",
    "empresa_sede": "autopista",
    "empresa_nombre": "Supermercado Central",
    "fecha_hora": "2024-06-24 09:05:55",
    "factura_num": "01443",
    "ciente_numero": 506546185,
    "pago_tipo": "TAR.CREDITO",
    "productos": [
        {
            "codigo": "RKyDQ3r7PB",
            "total": 6,
            "valor_unitario": 676105,
            "descuento": 0.26,
            "IVA": 5
        },
        {
            "codigo": "fO6f2HxPE4",
            "total": 13,
            "valor_unitario": 478349,
            "descuento": 0.39,
            "IVA": 5
        },
        {
            "codigo": "N48JdgdmUG",
            "total": 17,
            "valor_unitario": 696866,
            "descuento": 0.43,
            "IVA": 19
        },
        {
            "codigo": "8Oh8hbJK92",
            "total": 18,
            "valor_unitario": 695090,
            "descuento": 0.45,
            "IVA": 5
        },
        {
            "codigo": "WmLpvc2rMh",
            "total": 4,
            "valor_unitario": 312190,
            "descuento": 0.13,
            "IVA": 0
        },
        {
            "codigo": "Fyv9etWfOr",
            "total": 5,
            "valor_unitario": 442779,
            "descuento": 0.15,
            "IVA": 19
        },
        {
            "codigo": "l7TYkNprQF",
            "total": 20,
            "valor_unitario": 977956,
            "descuento": 0.47,
            "IVA": 0
        },
        {
            "codigo": "BnitwnA9Ko",
            "total": 5,
            "valor_unitario": 374793,
            "descuento": 0.15,
            "IVA": 5
        },
        {
            "codigo": "iDXvfgDQVR",
            "total": 5,
            "valor_unitario": 886722,
            "descuento": 0.5,
            "IVA": 0
        },
        {
            "codigo": "GJFO5xKZeu",
            "total": 14,
            "valor_unitario": 884691,
            "descuento": 0.13,
            "IVA": 19
        }
    ]
}