{
    "empresa_nit": "789526431",
    "empresa_ciudad": "BARRANQUILLA",
    "empresa_sede": "aeropuerto",
    "empresa_nombre": "Supermercado Central",
    "fecha_hora": "2022-08-29 02:57:12",
    "factura_num": "01338",
    "ciente_numero": 776599875,
    "pago_tipo": "TAR.DEBITO",
    "productos": [
        {
            "codigo": "hvv9jaHHFS",
            "total": 16,
            "valor_unitario": 408240,
            "descuento": 0.45,
            "IVA": 5
        },
        {
            "codigo": "frMX2FPKfR",
            "total": 3,
            "valor_unitario": 489224,
            "descuento": 0.36,
            "IVA": 0
        },
        {
            "codigo": "iPQanwaiT9",
            "total": 18,
            "valor_unitario": 119423,
            "descuento": 0.42,
            "IVA": 19
        },
        {
            "codigo": "MUkr8opG5I",
            "total": 19,
            "valor_unitario": 291519,
            "descuento": 0.35,
            "IVA": 0
        },
        {
            "codigo": "0dl4RH7r9Q",
            "total": 5,
            "valor_unitario": 921956,
            "descuento": 0.44,
            "IVA": 0
        },
        {
            "codigo": "ZwB6COgAW3",
            "total": 3,
            "valor_unitario": 347670,
            "descuento": 0.29,
            "IVA": 5
        },
        {
            "codigo": "4JIFTGEB4H",
            "total": 16,
            "valor_unitario": 27066,
            "descuento": 0.35,
            "IVA": 0
        },
        {
            "codigo": "GoZ9P2BtEE",
            "total": 15,
            "valor_unitario": 912463,
            "descuento": 0.31,
            "IVA": 19
        },
        {
            "codigo": "cJBFivGDcu",
            "total": 16,
            "valor_unitario": 534594,
            "descuento": 0.49,
            "IVA": 19
        },
        {
            "codigo": "wF8SuBPTjZ",
            "total": 8,
            "valor_unitario": 424064,
            "descuento": 0.36,
            "IVA": 0
        },
        {
            "codigo": "gnraFuclbq",
            "total": 2,
            "valor_unitario": 212765,
            "descuento": 0.1,
            "IVA": 19
        },
        {
            "codigo": "j8QwlaXhGg",
            "total": 18,
            "valor_unitario": 219045,
            "descuento": 0.28,
            "IVA": 0
        },
        {
            "codigo": "9j33RmhQ7a",
            "total": 11,
            "valor_unitario": 460509,
            "descuento": 0.09,
            "IVA": 5
        },
        {
            "codigo": "8Uo4ev8EXi",
            "total": 16,
            "valor_unitario": 397919,
            "descuento": 0.39,
            "IVA": 0
        },
        {
            "codigo": "MWZP9B68v3",
            "total": 20,
            "valor_unitario": 597298,
            "descuento": 0.39,
            "IVA": 19
        },
        {
            "codigo": "epGmmAE5PJ",
            "total": 17,
            "valor_unitario": 449222,
            "descuento": 0.47,
            "IVA": 5
        },
        {
            "codigo": "BviU5zRAvj",
            "total": 17,
            "valor_unitario": 187596,
            "descuento": 0.27,
            "IVA": 19
        },
        {
            "codigo": "6D8Xv7hEb1",
            "total": 12,
            "valor_unitario": 145928,
            "descuento": 0.26,
            "IVA": 19
        },
        {
            "codigo": "AIeKqVcKZk",
            "total": 3,
            "valor_unitario": 991432,
            "descuento": 0.14,
            "IVA": 5
        }
    ]
}