{
    "empresa_nit": "789526431",
    "empresa_ciudad": "BARRANQUILLA",
    "empresa_sede": "aeropuerto",
    "empresa_nombre": "Supermercado Central",
    "fecha_hora": "2023-08-25 22:09:33",
    "factura_num": "00102",
    "ciente_numero": 364295169,
    "pago_tipo": "TRANFERENCIA",
    "productos": [
        {
            "codigo": "GI631eyrZB",
            "total": 11,
            "valor_unitario": 729496,
            "descuento": 0.41,
            "IVA": 0
        },
        {
            "codigo": "q4a2RngYrJ",
            "total": 15,
            "valor_unitario": 403466,
            "descuento": 0.36,
            "IVA": 19
        },
        {
            "codigo": "1w2yq7RmmE",
            "total": 12,
            "valor_unitario": 590622,
            "descuento": 0.13,
            "IVA": 5
        },
        {
            "codigo": "FjajRdxs2S",
            "total": 17,
            "valor_unitario": 957211,
            "descuento": 0.2,
            "IVA": 0
        },
        {
            "codigo": "6QmygJHXlT",
            "total": 12,
            "valor_unitario": 858908,
            "descuento": 0.41,
            "IVA": 0
        },
        {
            "codigo": "gQdP0WiKE1",
            "total": 19,
            "valor_unitario": 671121,
            "descuento": 0.13,
            "IVA": 5
        },
        {
            "codigo": "UDVhtVXSBt",
            "total": 20,
            "valor_unitario": 645526,
            "descuento": 0.28,
            "IVA": 0
        },
        {
            "codigo": "gn02FvJOWf",
            "total": 13,
            "valor_unitario": 214203,
            "descuento": 0.15,
            "IVA": 0
        },
        {
            "codigo": "064monMLrV",
            "total": 12,
            "valor_unitario": 949637,
            "descuento": 0.19,
            "IVA": 5
        },
        {
            "codigo": "ARTd5x66op",
            "total": 7,
            "valor_unitario": 199408,
            "descuento": 0.32,
            "IVA": 19
        },
        {
            "codigo": "1WMWCuO3wG",
            "total": 16,
            "valor_unitario": 589715,
            "descuento": 0.18,
            "IVA": 0
        },
        {
            "codigo": "K0n03aPJgq",
            "total": 2,
            "valor_unitario": 792551,
            "descuento": 0.25,
            "IVA": 5
        },
        {
            "codigo": "5Vc3gDoT7p",
            "total": 11,
            "valor_unitario": 243931,
            "descuento": 0.45,
            "IVA": 19
        },
        {
            "codigo": "0pHuHXKBKY",
            "total": 18,
            "valor_unitario": 890611,
            "descuento": 0.12,
            "IVA": 5
        },
        {
            "codigo": "kMg9Ctnd9Y",
            "total": 16,
            "valor_unitario": 266771,
            "descuento": 0.2,
            "IVA": 19
        }
    ]
}