{
    "empresa_nit": "789526431",
    "empresa_ciudad": "BARRANQUILLA",
    "empresa_sede": "alcaldia",
    "empresa_nombre": "Supermercado Central",
    "fecha_hora": "2022-03-24 19:30:40",
    "factura_num": "01066",
    "ciente_numero": 11204510,
    "pago_tipo": "EFECTIVO",
    "productos": [
        {
            "codigo": "oLDSxAdRN0",
            "total": 9,
            "valor_unitario": 531216,
            "descuento": 0.33,
            "IVA": 0
        },
        {
            "codigo": "B3ob60rWaL",
            "total": 13,
            "valor_unitario": 113535,
            "descuento": 0.35,
            "IVA": 0
        }
    ]
}