{
    "empresa_nit": "789526431",
    "empresa_ciudad": "MEDELLIN",
    "empresa_sede": "autopista",
    "empresa_nombre": "Supermercado Central",
    "fecha_hora": "2020-01-02 15:42:08",
    "factura_num": "01225",
    "ciente_numero": 960530640,
    "pago_tipo": "EFECTIVO",
    "productos": [
        {
            "codigo": "VhbwfjX3Mu",
            "total": 17,
            "valor_unitario": 910367,
            "descuento": 0.47,
            "IVA": 0
        },
        {
            "codigo": "TMSlefIUZ7",
            "total": 6,
            "valor_unitario": 566332,
            "descuento": 0.12,
            "IVA": 0
        },
        {
            "codigo": "UXyu4n0LdB",
            "total": 19,
            "valor_unitario": 891020,
            "descuento": 0.1,
            "IVA": 19
        },
        {
            "codigo": "5ziuAQnucD",
            "total": 9,
            "valor_unitario": 468884,
            "descuento": 0.29,
            "IVA": 19
        },
        {
            "codigo": "RzUBKeHyb6",
            "total": 3,
            "valor_unitario": 602556,
            "descuento": 0.24,
            "IVA": 5
        },
        {
            "codigo": "TIJpqg36Hu",
            "total": 13,
            "valor_unitario": 7771,
            "descuento": 0.5,
            "IVA": 5
        },
        {
            "codigo": "EHy642Biwn",
            "total": 12,
            "valor_unitario": 784568,
            "descuento": 0.31,
            "IVA": 5
        },
        {
            "codigo": "glppf9jBFr",
            "total": 19,
            "valor_unitario": 748561,
            "descuento": 0.5,
            "IVA": 5
        },
        {
            "codigo": "wIprRTEKvr",
            "total": 19,
            "valor_unitario": 398678,
            "descuento": 0.14,
            "IVA": 0
        },
        {
            "codigo": "81UCtapqbP",
            "total": 15,
            "valor_unitario": 871432,
            "descuento": 0.43,
            "IVA": 19
        },
        {
            "codigo": "FrnKUXYGXI",
            "total": 19,
            "valor_unitario": 968661,
            "descuento": 0.49,
            "IVA": 5
        },
        {
            "codigo": "93XYxWU67y",
            "total": 20,
            "valor_unitario": 463088,
            "descuento": 0.2,
            "IVA": 5
        },
        {
            "codigo": "KzUFxRzVSk",
            "total": 15,
            "valor_unitario": 848358,
            "descuento": 0.46,
            "IVA": 5
        },
        {
            "codigo": "T0oo9Gp8Yh",
            "total": 14,
            "valor_unitario": 828856,
            "descuento": 0.34,
            "IVA": 19
        },
        {
            "codigo": "uOWJD50nct",
            "total": 9,
            "valor_unitario": 722691,
            "descuento": 0.03,
            "IVA": 19
        },
        {
            "codigo": "hPOpMcxDxU",
            "total": 6,
            "valor_unitario": 695804,
            "descuento": 0.26,
            "IVA": 19
        },
        {
            "codigo": "kB1gzRrp1I",
            "total": 14,
            "valor_unitario": 63888,
            "descuento": 0.36,
            "IVA": 0
        },
        {
            "codigo": "hZdmv5X71I",
            "total": 12,
            "valor_unitario": 494151,
            "descuento": 0.26,
            "IVA": 0
        }
    ]
}