{
    "empresa_nit": "789526431",
    "empresa_ciudad": "BOGOTA",
    "empresa_sede": "centro",
    "empresa_nombre": "Supermercado Central",
    "fecha_hora": "2023-07-10 20:27:17",
    "factura_num": "00101",
    "ciente_numero": 409459088,
    "pago_tipo": "TAR.DEBITO",
    "productos": [
        {
            "codigo": "lIr8QUbSGe",
            "total": 15,
            "valor_unitario": 720179,
            "descuento": 0.42,
            "IVA": 19
        },
        {
            "codigo": "OGj0c9sTFd",
            "total": 15,
            "valor_unitario": 481460,
            "descuento": 0.21,
            "IVA": 19
        },
        {
            "codigo": "pHTWvq5Mes",
            "total": 12,
            "valor_unitario": 151866,
            "descuento": 0.45,
            "IVA": 19
        },
        {
            "codigo": "kZPHgu7VoO",
            "total": 11,
            "valor_unitario": 987719,
            "descuento": 0.05,
            "IVA": 5
        },
        {
            "codigo": "Cx78tqeiQ2",
            "total": 4,
            "valor_unitario": 123150,
            "descuento": 0.2,
            "IVA": 5
        },
        {
            "codigo": "6o74Dxfhqw",
            "total": 6,
            "valor_unitario": 282273,
            "descuento": 0.17,
            "IVA": 5
        },
        {
            "codigo": "oKCPUo7O8x",
            "total": 4,
            "valor_unitario": 488139,
            "descuento": 0.28,
            "IVA": 19
        },
        {
            "codigo": "4cnzkxHear",
            "total": 6,
            "valor_unitario": 340860,
            "descuento": 0.19,
            "IVA": 19
        },
        {
            "codigo": "LEtd8NQnZS",
            "total": 15,
            "valor_unitario": 640713,
            "descuento": 0.12,
            "IVA": 0
        },
        {
            "codigo": "NOBnUi9mWo",
            "total": 19,
            "valor_unitario": 203637,
            "descuento": 0.47,
            "IVA": 0
        },
        {
            "codigo": "7lOk2OS5Ou",
            "total": 4,
            "valor_unitario": 576424,
            "descuento": 0.46,
            "IVA": 5
        },
        {
            "codigo": "yWmSqPBrf5",
            "total": 2,
            "valor_unitario": 856396,
            "descuento": 0.26,
            "IVA": 5
        },
        {
            "codigo": "9Cog1Zn1BD",
            "total": 5,
            "valor_unitario": 367242,
            "descuento": 0.26,
            "IVA": 0
        },
        {
            "codigo": "Ev4PQ139Z1",
            "total": 15,
            "valor_unitario": 279734,
            "descuento": 0.12,
            "IVA": 5
        },
        {
            "codigo": "k8ZDm2nT28",
            "total": 2,
            "valor_unitario": 943460,
            "descuento": 0.32,
            "IVA": 19
        },
        {
            "codigo": "6LWeWlyUaL",
            "total": 15,
            "valor_unitario": 181818,
            "descuento": 0.5,
            "IVA": 19
        },
        {
            "codigo": "ioZOZvPFDM",
            "total": 20,
            "valor_unitario": 375844,
            "descuento": 0.24,
            "IVA": 0
        },
        {
            "codigo": "VWOBya3PJp",
            "total": 19,
            "valor_unitario": 242939,
            "descuento": 0.49,
            "IVA": 5
        },
        {
            "codigo": "sgaMZW16BQ",
            "total": 6,
            "valor_unitario": 359287,
            "descuento": 0.38,
            "IVA": 5
        }
    ]
}