{
    "empresa_nit": "789526431",
    "empresa_ciudad": "BOGOTA",
    "empresa_sede": "aeropuerto",
    "empresa_nombre": "Supermercado Central",
    "fecha_hora": "2021-09-22 19:52:45",
    "factura_num": "01364",
    "ciente_numero": 671545347,
    "pago_tipo": "TAR.DEBITO",
    "productos": [
        {
            "codigo": "iBKmpILIKX",
            "total": 1,
            "valor_unitario": 697970,
            "descuento": 0.27,
            "IVA": 5
        },
        {
            "codigo": "sIW1llWoIH",
            "total": 15,
            "valor_unitario": 492379,
            "descuento": 0.11,
            "IVA": 0
        },
        {
            "codigo": "mHmPG2ghfg",
            "total": 8,
            "valor_unitario": 278274,
            "descuento": 0.08,
            "IVA": 19
        },
        {
            "codigo": "d822WGpE2f",
            "total": 6,
            "valor_unitario": 337464,
            "descuento": 0.29,
            "IVA": 5
        },
        {
            "codigo": "ZTgTY8S5UV",
            "total": 1,
            "valor_unitario": 499959,
            "descuento": 0.13,
            "IVA": 19
        },
        {
            "codigo": "37uqMEzMIg",
            "total": 1,
            "valor_unitario": 393554,
            "descuento": 0.05,
            "IVA": 5
        }
    ]
}