{
    "empresa_nit": "789526431",
    "empresa_ciudad": "TUNJA",
    "empresa_sede": "aeropuerto",
    "empresa_nombre": "Supermercado Central",
    "fecha_hora": "2023-11-23 14:44:48",
    "factura_num": "01075",
    "ciente_numero": 834724789,
    "pago_tipo": "TAR.CREDITO",
    "productos": [
        {
            "codigo": "nE8tuEOFN7",
            "total": 2,
            "valor_unitario": 520752,
            "descuento": 0.21,
            "IVA": 0
        },
        {
            "codigo": "1587yA7dIi",
            "total": 19,
            "valor_unitario": 279700,
            "descuento": 0.36,
            "IVA": 5
        },
        {
            "codigo": "Pt4bNdJmo4",
            "total": 7,
            "valor_unitario": 134846,
            "descuento": 0.29,
            "IVA": 19
        },
        {
            "codigo": "9FnwQQCTDf",
            "total": 16,
            "valor_unitario": 412512,
            "descuento": 0.33,
            "IVA": 0
        },
        {
            "codigo": "x1i3O7bnF4",
            "total": 5,
            "valor_unitario": 625047,
            "descuento": 0.03,
            "IVA": 0
        },
        {
            "codigo": "pxRwGamGg8",
            "total": 7,
            "valor_unitario": 271666,
            "descuento": 0.08,
            "IVA": 19
        },
        {
            "codigo": "vBrBsZSppB",
            "total": 12,
            "valor_unitario": 616176,
            "descuento": 0.25,
            "IVA": 5
        },
        {
            "codigo": "A2O0jlIpNQ",
            "total": 2,
            "valor_unitario": 135317,
            "descuento": 0.38,
            "IVA": 0
        },
        {
            "codigo": "ojQWikg2Wv",
            "total": 7,
            "valor_unitario": 316063,
            "descuento": 0.08,
            "IVA": 5
        },
        {
            "codigo": "gfbz25WEMq",
            "total": 2,
            "valor_unitario": 453893,
            "descuento": 0.21,
            "IVA": 19
        },
        {
            "codigo": "AnZakXB1GN",
            "total": 12,
            "valor_unitario": 809455,
            "descuento": 0.49,
            "IVA": 19
        },
        {
            "codigo": "2nO9gBxAye",
            "total": 18,
            "valor_unitario": 30205,
            "descuento": 0.24,
            "IVA": 19
        },
        {
            "codigo": "ZpNySxp04v",
            "total": 1,
            "valor_unitario": 908318,
            "descuento": 0.49,
            "IVA": 19
        },
        {
            "codigo": "jDPq0Pgxxs",
            "total": 9,
            "valor_unitario": 933304,
            "descuento": 0.46,
            "IVA": 5
        },
        {
            "codigo": "PvIzAXw3s0",
            "total": 1,
            "valor_unitario": 167683,
            "descuento": 0.26,
            "IVA": 5
        },
        {
            "codigo": "GtixntiUpC",
            "total": 19,
            "valor_unitario": 398098,
            "descuento": 0.49,
            "IVA": 0
        },
        {
            "codigo": "SILi57eATj",
            "total": 17,
            "valor_unitario": 597474,
            "descuento": 0.35,
            "IVA": 0
        },
        {
            "codigo": "IHFahxeCEc",
            "total": 11,
            "valor_unitario": 117657,
            "descuento": 0.5,
            "IVA": 0
        }
    ]
}