{
    "empresa_nit": "789526431",
    "empresa_ciudad": "CALI",
    "empresa_sede": "aeropuerto",
    "empresa_nombre": "Supermercado Central",
    "fecha_hora": "2021-10-08 06:51:44",
    "factura_num": "01238",
    "ciente_numero": 814167898,
    "pago_tipo": "TAR.CREDITO",
    "productos": [
        {
            "codigo": "MVEIXgifHz",
            "total": 11,
            "valor_unitario": 352105,
            "descuento": 0.0,
            "IVA": 0
        },
        {
            "codigo": "tDtJ1xyDRp",
            "total": 15,
            "valor_unitario": 299012,
            "descuento": 0.43,
            "IVA": 0
        },
        {
            "codigo": "22XYPH5zHp",
            "total": 20,
            "valor_unitario": 995770,
            "descuento": 0.43,
            "IVA": 5
        },
        {
            "codigo": "eXikyPNQra",
            "total": 1,
            "valor_unitario": 459414,
            "descuento": 0.04,
            "IVA": 5
        },
        {
            "codigo": "Wl1xBQcJWJ",
            "total": 5,
            "valor_unitario": 771880,
            "descuento": 0.13,
            "IVA": 0
        },
        {
            "codigo": "IZ5G5XpGVw",
            "total": 7,
            "valor_unitario": 376826,
            "descuento": 0.36,
            "IVA": 0
        },
        {
            "codigo": "2iG8doFAUr",
            "total": 7,
            "valor_unitario": 529188,
            "descuento": 0.19,
            "IVA": 19
        }
    ]
}