{
    "empresa_nit": "789526431",
    "empresa_ciudad": "BARRANQUILLA",
    "empresa_sede": "plaza",
    "empresa_nombre": "Supermercado Central",
    "fecha_hora": "2022-09-01 14:38:16",
    "factura_num": "00114",
    "ciente_numero": 389127995,
    "pago_tipo": "TAR.DEBITO",
    "productos": [
        {
            "codigo": "q8VaR0TI2e",
            "total": 2,
            "valor_unitario": 328141,
            "descuento": 0.28,
            "IVA": 0
        },
        {
            "codigo": "Qv0Ig40shg",
            "total": 12,
            "valor_unitario": 128189,
            "descuento": 0.26,
            "IVA": 19
        },
        {
            "codigo": "m8hSEAIrBz",
            "total": 20,
            "valor_unitario": 723075,
            "descuento": 0.16,
            "IVA": 5
        },
        {
            "codigo": "0M2sVvu2bE",
            "total": 3,
            "valor_unitario": 205176,
            "descuento": 0.31,
            "IVA": 0
        },
        {
            "codigo": "RNhHr7Sqyx",
            "total": 19,
            "valor_unitario": 367514,
            "descuento": 0.09,
            "IVA": 19
        },
        {
            "codigo": "ile9cl9pSs",
            "total": 11,
            "valor_unitario": 262373,
            "descuento": 0.49,
            "IVA": 5
        },
        {
            "codigo": "rDWNZHWflp",
            "total": 9,
            "valor_unitario": 170492,
            "descuento": 0.5,
            "IVA": 0
        },
        {
            "codigo": "1x6HsY4kRU",
            "total": 19,
            "valor_unitario": 390563,
            "descuento": 0.32,
            "IVA": 5
        },
        {
            "codigo": "ApXcgkRqlK",
            "total": 9,
            "valor_unitario": 721251,
            "descuento": 0.39,
            "IVA": 0
        },
        {
            "codigo": "Spd3C1fyTe",
            "total": 7,
            "valor_unitario": 590615,
            "descuento": 0.3,
            "IVA": 0
        }
    ]
}