{
    "empresa_nit": "789526431",
    "empresa_ciudad": "BARRANQUILLA",
    "empresa_sede": "centro",
    "empresa_nombre": "Supermercado Central",
    "fecha_hora": "2023-10-22 03:46:24",
    "factura_num": "01341",
    "ciente_numero": 286026501,
    "pago_tipo": "TRANFERENCIA",
    "productos": [
        {
            "codigo": "1oOCFPSEoI",
            "total": 9,
            "valor_unitario": 156765,
            "descuento": 0.19,
            "IVA": 5
        },
        {
            "codigo": "L95Umv7K4N",
            "total": 2,
            "valor_unitario": 481551,
            "descuento": 0.39,
            "IVA": 0
        },
        {
            "codigo": "qmIj313TD6",
            "total": 18,
            "valor_unitario": 638348,
            "descuento": 0.22,
            "IVA": 0
        },
        {
            "codigo": "OnhmWUenIG",
            "total": 5,
            "valor_unitario": 707252,
            "descuento": 0.23,
            "IVA": 5
        },
        {
            "codigo": "z0xnSaJ3u0",
            "total": 14,
            "valor_unitario": 480171,
            "descuento": 0.19,
            "IVA": 0
        }
    ]
}