{
    "empresa_nit": "789526431",
    "empresa_ciudad": "TUNJA",
    "empresa_sede": "alcaldia",
    "empresa_nombre": "Supermercado Central",
    "fecha_hora": "2021-02-27 18:18:36",
    "factura_num": "01303",
    "ciente_numero": 562154562,
    "pago_tipo": "TAR.DEBITO",
    "productos": [
        {
            "codigo": "JXPpIcJRjd",
            "total": 11,
            "valor_unitario": 38229,
            "descuento": 0.12,
            "IVA": 19
        },
        {
            "codigo": "LrubaJUn9y",
            "total": 10,
            "valor_unitario": 972060,
            "descuento": 0.24,
            "IVA": 0
        },
        {
            "codigo": "P8aAwxUqHn",
            "total": 8,
            "valor_unitario": 376150,
            "descuento": 0.32,
            "IVA": 5
        },
        {
            "codigo": "SChP6GQt6U",
            "total": 2,
            "valor_unitario": 327245,
            "descuento": 0.29,
            "IVA": 5
        },
        {
            "codigo": "h631COYeco",
            "total": 4,
            "valor_unitario": 262529,
            "descuento": 0.25,
            "IVA": 5
        },
        {
            "codigo": "kpaVjDPhmo",
            "total": 5,
            "valor_unitario": 454967,
            "descuento": 0.35,
            "IVA": 19
        },
        {
            "codigo": "ZvZRbwfria",
            "total": 8,
            "valor_unitario": 808411,
            "descuento": 0.29,
            "IVA": 5
        }
    ]
}