{
    "empresa_nit": "789526431",
    "empresa_ciudad": "CALI",
    "empresa_sede": "alcaldia",
    "empresa_nombre": "Supermercado Central",
    "fecha_hora": "2020-04-09 15:26:47",
    "factura_num": "01391",
    "ciente_numero": 612379997,
    "pago_tipo": "EFECTIVO",
    "productos": [
        {
            "codigo": "PgChAXqUIm",
            "total": 15,
            "valor_unitario": 210636,
            "descuento": 0.39,
            "IVA": 19
        },
        {
            "codigo": "8Or2rL7lXY",
            "total": 6,
            "valor_unitario": 112182,
            "descuento": 0.17,
            "IVA": 19
        },
        {
            "codigo": "udXfuoIuCF",
            "total": 6,
            "valor_unitario": 458410,
            "descuento": 0.04,
            "IVA": 5
        },
        {
            "codigo": "eM68NgLjNJ",
            "total": 10,
            "valor_unitario": 61971,
            "descuento": 0.29,
            "IVA": 5
        },
        {
            "codigo": "jlOFuNZqe9",
            "total": 6,
            "valor_unitario": 228341,
            "descuento": 0.04,
            "IVA": 0
        },
        {
            "codigo": "Vff2zoXYj3",
            "total": 1,
            "valor_unitario": 43159,
            "descuento": 0.41,
            "IVA": 5
        },
        {
            "codigo": "IOEyNRMCFv",
            "total": 1,
            "valor_unitario": 774151,
            "descuento": 0.17,
            "IVA": 5
        },
        {
            "codigo": "Gk0QdmJvnd",
            "total": 13,
            "valor_unitario": 485527,
            "descuento": 0.37,
            "IVA": 19
        }
    ]
}