{
    "empresa_nit": "789526431",
    "empresa_ciudad": "BOGOTA",
    "empresa_sede": "autopista",
    "empresa_nombre": "Supermercado Central",
    "fecha_hora": "2024-03-14 11:31:28",
    "factura_num": "00112",
    "ciente_numero": 836175490,
    "pago_tipo": "TRANFERENCIA",
    "productos": [
        {
            "codigo": "00Cbn627NJ",
            "total": 11,
            "valor_unitario": 851958,
            "descuento": 0.29,
            "IVA": 19
        },
        {
            "codigo": "Ge2oNABI9m",
            "total": 15,
            "valor_unitario": 56179,
            "descuento": 0.09,
            "IVA": 0
        },
        {
            "codigo": "5yNaJhUKcS",
            "total": 2,
            "valor_unitario": 884806,
            "descuento": 0.28,
            "IVA": 5
        },
        {
            "codigo": "r8GMRsP1al",
            "total": 17,
            "valor_unitario": 807530,
            "descuento": 0.32,
            "IVA": 0
        }
    ]
}