{
    "empresa_nit": "789526431",
    "empresa_ciudad": "BARRANQUILLA",
    "empresa_sede": "autopista",
    "empresa_nombre": "Supermercado Central",
    "fecha_hora": "2024-05-27 03:10:49",
    "factura_num": "01395",
    "ciente_numero": 522165700,
    "pago_tipo": "TAR.DEBITO",
    "productos": [
        {
            "codigo": "NEOUQhfCZe",
            "total": 1,
            "valor_unitario": 437858,
            "descuento": 0.39,
            "IVA": 19
        },
        {
            "codigo": "V0L7XvlKXj",
            "total": 20,
            "valor_unitario": 940231,
            "descuento": 0.48,
            "IVA": 0
        },
        {
            "codigo": "jzZSKxIiid",
            "total": 2,
            "valor_unitario": 899726,
            "descuento": 0.25,
            "IVA": 5
        },
        {
            "codigo": "R6wVkxc5Qq",
            "total": 8,
            "valor_unitario": 364787,
            "descuento": 0.23,
            "IVA": 19
        },
        {
            "codigo": "hRN8EzWuLb",
            "total": 13,
            "valor_unitario": 934638,
            "descuento": 0.39,
            "IVA": 5
        },
        {
            "codigo": "fUf2NM7FMH",
            "total": 3,
            "valor_unitario": 746516,
            "descuento": 0.34,
            "IVA": 0
        },
        {
            "codigo": "rUSLbMyMp7",
            "total": 7,
            "valor_unitario": 276071,
            "descuento": 0.2,
            "IVA": 19
        },
        {
            "codigo": "HpQIustPfx",
            "total": 15,
            "valor_unitario": 365712,
            "descuento": 0.49,
            "IVA": 0
        },
        {
            "codigo": "gRqz52v8Q3",
            "total": 14,
            "valor_unitario": 360833,
            "descuento": 0.25,
            "IVA": 19
        },
        {
            "codigo": "Cpb7LNn5o0",
            "total": 17,
            "valor_unitario": 787379,
            "descuento": 0.47,
            "IVA": 5
        },
        {
            "codigo": "uJ0ipP1qPT",
            "total": 2,
            "valor_unitario": 909085,
            "descuento": 0.39,
            "IVA": 0
        },
        {
            "codigo": "T7JCcDDMzK",
            "total": 10,
            "valor_unitario": 747646,
            "descuento": 0.34,
            "IVA": 5
        },
        {
            "codigo": "U7pfZBtvum",
            "total": 20,
            "valor_unitario": 357426,
            "descuento": 0.14,
            "IVA": 5
        }
    ]
}