{
    "empresa_nit": "789526431",
    "empresa_ciudad": "BARRANQUILLA",
    "empresa_sede": "centro",
    "empresa_nombre": "Supermercado Central",
    "fecha_hora": "2022-01-15 20:36:46",
    "factura_num": "01286",
    "ciente_numero": 554767551,
    "pago_tipo": "TAR.CREDITO",
    "productos": [
        {
            "codigo": "o53jMBIa4w",
            "total": 13,
            "valor_unitario": 356091,
            "descuento": 0.04,
            "IVA": 19
        },
        {
            "codigo": "zRWm398aPs",
            "total": 14,
            "valor_unitario": 39184,
            "descuento": 0.26,
            "IVA": 5
        },
        {
            "codigo": "aibZc0eLoq",
            "total": 8,
            "valor_unitario": 596466,
            "descuento": 0.16,
            "IVA": 0
        },
        {
            "codigo": "SwZsdlWVAJ",
            "total": 17,
            "valor_unitario": 898711,
            "descuento": 0.02,
            "IVA": 0
        },
        {
            "codigo": "KYmsVJyimy",
            "total": 6,
            "valor_unitario": 429875,
            "descuento": 0.41,
            "IVA": 19
        },
        {
            "codigo": "o9bJPwfs8o",
            "total": 14,
            "valor_unitario": 474566,
            "descuento": 0.36,
            "IVA": 5
        },
        {
            "codigo": "ZnLM9gEQUJ",
            "total": 15,
            "valor_unitario": 399786,
            "descuento": 0.44,
            "IVA": 19
        },
        {
            "codigo": "n0taXtR7jD",
            "total": 6,
            "valor_unitario": 754224,
            "descuento": 0.32,
            "IVA": 19
        },
        {
            "codigo": "9D1HEJdI3u",
            "total": 13,
            "valor_unitario": 856752,
            "descuento": 0.31,
            "IVA": 5
        },
        {
            "codigo": "u2hWq2e1jY",
            "total": 17,
            "valor_unitario": 149419,
            "descuento": 0.48,
            "IVA": 0
        },
        {
            "codigo": "Afz9gyAQLX",
            "total": 8,
            "valor_unitario": 916671,
            "descuento": 0.08,
            "IVA": 5
        },
        {
            "codigo": "VceU6qWgld",
            "total": 13,
            "valor_unitario": 458736,
            "descuento": 0.4,
            "IVA": 0
        },
        {
            "codigo": "90tAotwDTv",
            "total": 17,
            "valor_unitario": 830318,
            "descuento": 0.26,
            "IVA": 5
        },
        {
            "codigo": "MId3gFSaFT",
            "total": 2,
            "valor_unitario": 618297,
            "descuento": 0.43,
            "IVA": 19
        }
    ]
}