{
    "empresa_nit": "789526431",
    "empresa_ciudad": "MEDELLIN",
    "empresa_sede": "terminal",
    "empresa_nombre": "Supermercado Central",
    "fecha_hora": "2024-03-25 00:10:33",
    "factura_num": "01199",
    "ciente_numero": 764503419,
    "pago_tipo": "TAR.DEBITO",
    "productos": [
        {
            "codigo": "CLo00a1ScV",
            "total": 11,
            "valor_unitario": 294836,
            "descuento": 0.33,
            "IVA": 0
        },
        {
            "codigo": "LLYrhotBBK",
            "total": 20,
            "valor_unitario": 192370,
            "descuento": 0.22,
            "IVA": 5
        },
        {
            "codigo": "qB55cN1dEd",
            "total": 3,
            "valor_unitario": 923687,
            "descuento": 0.44,
            "IVA": 0
        },
        {
            "codigo": "21S4TSKPuw",
            "total": 5,
            "valor_unitario": 9684,
            "descuento": 0.34,
            "IVA": 19
        },
        {
            "codigo": "OBeozTtbt1",
            "total": 3,
            "valor_unitario": 133663,
            "descuento": 0.45,
            "IVA": 5
        },
        {
            "codigo": "A886Cuki1r",
            "total": 12,
            "valor_unitario": 516002,
            "descuento": 0.05,
            "IVA": 0
        },
        {
            "codigo": "JwgUqMhugP",
            "total": 19,
            "valor_unitario": 440751,
            "descuento": 0.28,
            "IVA": 19
        },
        {
            "codigo": "0c4H6wLM6N",
            "total": 12,
            "valor_unitario": 422039,
            "descuento": 0.16,
            "IVA": 0
        },
        {
            "codigo": "XSBSQJLVne",
            "total": 12,
            "valor_unitario": 678424,
            "descuento": 0.42,
            "IVA": 5
        },
        {
            "codigo": "29UUdPciyx",
            "total": 12,
            "valor_unitario": 969432,
            "descuento": 0.25,
            "IVA": 19
        },
        {
            "codigo": "fDmpo1ItIy",
            "total": 15,
            "valor_unitario": 230333,
            "descuento": 0.14,
            "IVA": 0
        },
        {
            "codigo": "oIiqtpEXLU",
            "total": 18,
            "valor_unitario": 608732,
            "descuento": 0.46,
            "IVA": 5
        },
        {
            "codigo": "W29Jsb4zxH",
            "total": 16,
            "valor_unitario": 654795,
            "descuento": 0.04,
            "IVA": 0
        },
        {
            "codigo": "5f0wZ2S1v1",
            "total": 18,
            "valor_unitario": 13388,
            "descuento": 0.47,
            "IVA": 5
        },
        {
            "codigo": "f9yO4Pi4im",
            "total": 5,
            "valor_unitario": 593301,
            "descuento": 0.47,
            "IVA": 5
        },
        {
            "codigo": "DAmWGflX2I",
            "total": 10,
            "valor_unitario": 509002,
            "descuento": 0.07,
            "IVA": 19
        },
        {
            "codigo": "7lC9qMcaG6",
            "total": 7,
            "valor_unitario": 583557,
            "descuento": 0.28,
            "IVA": 0
        },
        {
            "codigo": "OM1dq4SdNV",
            "total": 17,
            "valor_unitario": 507779,
            "descuento": 0.17,
            "IVA": 0
        }
    ]
}