{
    "empresa_nit": "789526431",
    "empresa_ciudad": "MEDELLIN",
    "empresa_sede": "aeropuerto",
    "empresa_nombre": "Supermercado Central",
    "fecha_hora": "2023-03-12 05:54:05",
    "factura_num": "01388",
    "ciente_numero": 292075883,
    "pago_tipo": "TAR.DEBITO",
    "productos": [
        {
            "codigo": "F74DAVwK95",
            "total": 12,
            "valor_unitario": 21535,
            "descuento": 0.06,
            "IVA": 19
        },
        {
            "codigo": "AqnK1zdTQi",
            "total": 20,
            "valor_unitario": 380867,
            "descuento": 0.25,
            "IVA": 19
        },
        {
            "codigo": "s6GHzIAECQ",
            "total": 14,
            "valor_unitario": 272304,
            "descuento": 0.14,
            "IVA": 19
        },
        {
            "codigo": "WH0swNad3N",
            "total": 14,
            "valor_unitario": 97334,
            "descuento": 0.16,
            "IVA": 5
        },
        {
            "codigo": "bd9Pufzu5m",
            "total": 15,
            "valor_unitario": 889476,
            "descuento": 0.34,
            "IVA": 0
        },
        {
            "codigo": "ekoQzilwI6",
            "total": 8,
            "valor_unitario": 966669,
            "descuento": 0.02,
            "IVA": 0
        },
        {
            "codigo": "RaqrPw5BhC",
            "total": 14,
            "valor_unitario": 894264,
            "descuento": 0.44,
            "IVA": 0
        },
        {
            "codigo": "7MK5cF8U2b",
            "total": 1,
            "valor_unitario": 882485,
            "descuento": 0.2,
            "IVA": 19
        },
        {
            "codigo": "1a4d3TClys",
            "total": 9,
            "valor_unitario": 493454,
            "descuento": 0.24,
            "IVA": 0
        },
        {
            "codigo": "qvCE0wMImX",
            "total": 2,
            "valor_unitario": 607313,
            "descuento": 0.39,
            "IVA": 5
        },
        {
            "codigo": "YaqGmHM8Mw",
            "total": 6,
            "valor_unitario": 564185,
            "descuento": 0.15,
            "IVA": 19
        },
        {
            "codigo": "Wstib7ZMUS",
            "total": 16,
            "valor_unitario": 691888,
            "descuento": 0.19,
            "IVA": 19
        },
        {
            "codigo": "EpsSUze0E3",
            "total": 16,
            "valor_unitario": 935962,
            "descuento": 0.3,
            "IVA": 0
        },
        {
            "codigo": "RfGqqnd3BX",
            "total": 1,
            "valor_unitario": 692060,
            "descuento": 0.05,
            "IVA": 5
        },
        {
            "codigo": "xrh1nTMTba",
            "total": 10,
            "valor_unitario": 519092,
            "descuento": 0.35,
            "IVA": 19
        },
        {
            "codigo": "0C96oQwHhR",
            "total": 19,
            "valor_unitario": 692324,
            "descuento": 0.28,
            "IVA": 5
        },
        {
            "codigo": "W0NleGU3mV",
            "total": 9,
            "valor_unitario": 798017,
            "descuento": 0.13,
            "IVA": 5
        },
        {
            "codigo": "YA22azZr5F",
            "total": 20,
            "valor_unitario": 207886,
            "descuento": 0.09,
            "IVA": 0
        },
        {
            "codigo": "w7WdphtXl9",
            "total": 7,
            "valor_unitario": 266581,
            "descuento": 0.0,
            "IVA": 0
        }
    ]
}