{
    "empresa_nit": "789526431",
    "empresa_ciudad": "BOGOTA",
    "empresa_sede": "autopista",
    "empresa_nombre": "Supermercado Central",
    "fecha_hora": "2024-03-12 04:23:31",
    "factura_num": "01346",
    "ciente_numero": 181946254,
    "pago_tipo": "TRANFERENCIA",
    "productos": [
        {
            "codigo": "xfKJmC9e4l",
            "total": 20,
            "valor_unitario": 553690,
            "descuento": 0.37,
            "IVA": 19
        },
        {
            "codigo": "ieiHyUnjnE",
            "total": 17,
            "valor_unitario": 847334,
            "descuento": 0.28,
            "IVA": 5
        },
        {
            "codigo": "7UlgVCmfk5",
            "total": 3,
            "valor_unitario": 233950,
            "descuento": 0.18,
            "IVA": 19
        }
    ]
}