{
    "empresa_nit": "789526431",
    "empresa_ciudad": "BOGOTA",
    "empresa_sede": "centro",
    "empresa_nombre": "Supermercado Central",
    "fecha_hora": "2021-07-09 22:13:46",
    "factura_num": "01340",
    "ciente_numero": 495777037,
    "pago_tipo": "TAR.DEBITO",
    "productos": [
        {
            "codigo": "EJCw2brpoZ",
            "total": 4,
            "valor_unitario": 684124,
            "descuento": 0.0,
            "IVA": 5
        },
        {
            "codigo": "cce7iUIkaO",
            "total": 2,
            "valor_unitario": 382920,
            "descuento": 0.19,
            "IVA": 5
        },
        {
            "codigo": "0WzMNRSuuz",
            "total": 13,
            "valor_unitario": 925036,
            "descuento": 0.17,
            "IVA": 0
        },
        {
            "codigo": "k1Yh8f6eks",
            "total": 6,
            "valor_unitario": 67777,
            "descuento": 0.08,
            "IVA": 0
        },
        {
            "codigo": "gIOPjlk0zq",
            "total": 13,
            "valor_unitario": 270098,
            "descuento": 0.31,
            "IVA": 5
        },
        {
            "codigo": "IHLcDwWKyc",
            "total": 7,
            "valor_unitario": 330663,
            "descuento": 0.41,
            "IVA": 0
        },
        {
            "codigo": "JEb9I6Gcrd",
            "total": 17,
            "valor_unitario": 830590,
            "descuento": 0.07,
            "IVA": 5
        },
        {
            "codigo": "Z7qd8QcWGR",
            "total": 19,
            "valor_unitario": 322571,
            "descuento": 0.44,
            "IVA": 5
        },
        {
            "codigo": "vPLgiYhowQ",
            "total": 9,
            "valor_unitario": 122035,
            "descuento": 0.34,
            "IVA": 0
        },
        {
            "codigo": "0W4jUiidkQ",
            "total": 15,
            "valor_unitario": 510284,
            "descuento": 0.36,
            "IVA": 5
        },
        {
            "codigo": "mLvQqajtv5",
            "total": 12,
            "valor_unitario": 315051,
            "descuento": 0.15,
            "IVA": 0
        },
        {
            "codigo": "I5kIwJlNQ8",
            "total": 11,
            "valor_unitario": 792471,
            "descuento": 0.44,
            "IVA": 19
        },
        {
            "codigo": "molQ44YLzg",
            "total": 4,
            "valor_unitario": 855492,
            "descuento": 0.27,
            "IVA": 0
        },
        {
            "codigo": "KCtL1SdQ4K",
            "total": 9,
            "valor_unitario": 220937,
            "descuento": 0.36,
            "IVA": 0
        },
        {
            "codigo": "wYxOdDZbiv",
            "total": 18,
            "valor_unitario": 175966,
            "descuento": 0.18,
            "IVA": 19
        },
        {
            "codigo": "kiAOAJf6dq",
            "total": 13,
            "valor_unitario": 382720,
            "descuento": 0.12,
            "IVA": 19
        }
    ]
}