{
    "empresa_nit": "789526431",
    "empresa_ciudad": "CALI",
    "empresa_sede": "alcaldia",
    "empresa_nombre": "Supermercado Central",
    "fecha_hora": "2024-01-15 00:14:26",
    "factura_num": "01259",
    "ciente_numero": 394630065,
    "pago_tipo": "TRANFERENCIA",
    "productos": [
        {
            "codigo": "wqi1FOel5I",
            "total": 19,
            "valor_unitario": 282753,
            "descuento": 0.47,
            "IVA": 0
        },
        {
            "codigo": "eLmD4wZpse",
            "total": 17,
            "valor_unitario": 960798,
            "descuento": 0.41,
            "IVA": 19
        }
    ]
}