{
    "empresa_nit": "789526431",
    "empresa_ciudad": "MEDELLIN",
    "empresa_sede": "aeropuerto",
    "empresa_nombre": "Supermercado Central",
    "fecha_hora": "2022-02-28 23:22:47",
    "factura_num": "01061",
    "ciente_numero": 690205822,
    "pago_tipo": "EFECTIVO",
    "productos": [
        {
            "codigo": "Uf0jWYCYiS",
            "total": 7,
            "valor_unitario": 787104,
            "descuento": 0.39,
            "IVA": 5
        },
        {
            "codigo": "eNZB0I7Nu8",
            "total": 7,
            "valor_unitario": 833654,
            "descuento": 0.12,
            "IVA": 5
        },
        {
            "codigo": "pcuVINcdcR",
            "total": 15,
            "valor_unitario": 694425,
            "descuento": 0.01,
            "IVA": 0
        },
        {
            "codigo": "vP7Kpsrnpl",
            "total": 13,
            "valor_unitario": 196187,
            "descuento": 0.31,
            "IVA": 5
        },
        {
            "codigo": "P89mWkhT2a",
            "total": 17,
            "valor_unitario": 454937,
            "descuento": 0.4,
            "IVA": 0
        }
    ]
}