{
    "empresa_nit": "789526431",
    "empresa_ciudad": "BARRANQUILLA",
    "empresa_sede": "autopista",
    "empresa_nombre": "Supermercado Central",
    "fecha_hora": "2022-06-19 04:08:11",
    "factura_num": "01079",
    "ciente_numero": 357955359,
    "pago_tipo": "EFECTIVO",
    "productos": [
        {
            "codigo": "TkPIis009a",
            "total": 9,
            "valor_unitario": 658688,
            "descuento": 0.38,
            "IVA": 5
        },
        {
            "codigo": "mxwiaWGthE",
            "total": 17,
            "valor_unitario": 864376,
            "descuento": 0.45,
            "IVA": 19
        },
        {
            "codigo": "KM825dd3QD",
            "total": 1,
            "valor_unitario": 430144,
            "descuento": 0.01,
            "IVA": 5
        },
        {
            "codigo": "Pw1NGHPVFJ",
            "total": 9,
            "valor_unitario": 741053,
            "descuento": 0.08,
            "IVA": 0
        },
        {
            "codigo": "lKpeYd3Nz7",
            "total": 12,
            "valor_unitario": 532592,
            "descuento": 0.16,
            "IVA": 5
        },
        {
            "codigo": "jFWudcq4rX",
            "total": 19,
            "valor_unitario": 114545,
            "descuento": 0.44,
            "IVA": 5
        }
    ]
}