{
    "empresa_nit": "789526431",
    "empresa_ciudad": "BOGOTA",
    "empresa_sede": "plaza",
    "empresa_nombre": "Supermercado Central",
    "fecha_hora": "2024-03-28 04:17:09",
    "factura_num": "01331",
    "ciente_numero": 799765121,
    "pago_tipo": "TAR.DEBITO",
    "productos": [
        {
            "codigo": "K8RWg6iSOA",
            "total": 20,
            "valor_unitario": 294701,
            "descuento": 0.03,
            "IVA": 19
        },
        {
            "codigo": "H5bPoZa8QC",
            "total": 3,
            "valor_unitario": 381114,
            "descuento": 0.04,
            "IVA": 19
        },
        {
            "codigo": "GQLGsECvi6",
            "total": 15,
            "valor_unitario": 486640,
            "descuento": 0.02,
            "IVA": 5
        },
        {
            "codigo": "EkxQ1WZE3L",
            "total": 4,
            "valor_unitario": 706594,
            "descuento": 0.5,
            "IVA": 19
        },
        {
            "codigo": "BKu3bxdCz8",
            "total": 20,
            "valor_unitario": 495087,
            "descuento": 0.03,
            "IVA": 19
        },
        {
            "codigo": "SRECOpQhN7",
            "total": 20,
            "valor_unitario": 576137,
            "descuento": 0.32,
            "IVA": 5
        },
        {
            "codigo": "4lf44ecTk8",
            "total": 19,
            "valor_unitario": 171040,
            "descuento": 0.33,
            "IVA": 5
        },
        {
            "codigo": "bcWszPUDyN",
            "total": 9,
            "valor_unitario": 726462,
            "descuento": 0.16,
            "IVA": 0
        },
        {
            "codigo": "6KG5oVHTpD",
            "total": 4,
            "valor_unitario": 629753,
            "descuento": 0.17,
            "IVA": 19
        },
        {
            "codigo": "25T4oSpu9y",
            "total": 8,
            "valor_unitario": 256790,
            "descuento": 0.48,
            "IVA": 5
        },
        {
            "codigo": "mVJVEET4hj",
            "total": 3,
            "valor_unitario": 704080,
            "descuento": 0.3,
            "IVA": 5
        },
        {
            "codigo": "6hM2drg9bA",
            "total": 16,
            "valor_unitario": 773004,
            "descuento": 0.07,
            "IVA": 19
        },
        {
            "codigo": "Ks1ngJpOIR",
            "total": 6,
            "valor_unitario": 618182,
            "descuento": 0.3,
            "IVA": 5
        },
        {
            "codigo": "9FvR8vEHEe",
            "total": 19,
            "valor_unitario": 689446,
            "descuento": 0.2,
            "IVA": 0
        },
        {
            "codigo": "G1tAaid7x2",
            "total": 7,
            "valor_unitario": 454640,
            "descuento": 0.27,
            "IVA": 0
        }
    ]
}