{
    "empresa_nit": "789526431",
    "empresa_ciudad": "TUNJA",
    "empresa_sede": "autopista",
    "empresa_nombre": "Supermercado Central",
    "fecha_hora": "2024-08-15 05:09:22",
    "factura_num": "01105",
    "ciente_numero": 163875133,
    "pago_tipo": "TAR.DEBITO",
    "productos": [
        {
            "codigo": "KMtERa2Xgw",
            "total": 14,
            "valor_unitario": 101819,
            "descuento": 0.23,
            "IVA": 19
        },
        {
            "codigo": "98RVnquyLA",
            "total": 20,
            "valor_unitario": 556941,
            "descuento": 0.02,
            "IVA": 5
        },
        {
            "codigo": "MEzO07DuBj",
            "total": 12,
            "valor_unitario": 713482,
            "descuento": 0.06,
            "IVA": 19
        },
        {
            "codigo": "Cg3lcwCRoV",
            "total": 15,
            "valor_unitario": 162169,
            "descuento": 0.04,
            "IVA": 5
        },
        {
            "codigo": "xbGA9fJp1t",
            "total": 13,
            "valor_unitario": 37632,
            "descuento": 0.25,
            "IVA": 0
        }
    ]
}