{
    "empresa_nit": "789526431",
    "empresa_ciudad": "BARRANQUILLA",
    "empresa_sede": "terminal",
    "empresa_nombre": "Supermercado Central",
    "fecha_hora": "2022-11-01 01:56:12",
    "factura_num": "01074",
    "ciente_numero": 731409658,
    "pago_tipo": "TAR.DEBITO",
    "productos": [
        {
            "codigo": "PVxdevXN3K",
            "total": 14,
            "valor_unitario": 442450,
            "descuento": 0.3,
            "IVA": 0
        },
        {
            "codigo": "4kHjsQKZCi",
            "total": 8,
            "valor_unitario": 829094,
            "descuento": 0.07,
            "IVA": 0
        },
        {
            "codigo": "ZaWhmJZH5d",
            "total": 13,
            "valor_unitario": 721246,
            "descuento": 0.17,
            "IVA": 0
        },
        {
            "codigo": "WSGagoUQPD",
            "total": 12,
            "valor_unitario": 558306,
            "descuento": 0.22,
            "IVA": 5
        }
    ]
}