{
    "empresa_nit": "789526431",
    "empresa_ciudad": "MEDELLIN",
    "empresa_sede": "aeropuerto",
    "empresa_nombre": "Supermercado Central",
    "fecha_hora": "2022-10-28 22:39:12",
    "factura_num": "01157",
    "ciente_numero": 485493508,
    "pago_tipo": "TAR.CREDITO",
    "productos": [
        {
            "codigo": "LHI1HTrAJY",
            "total": 13,
            "valor_unitario": 584215,
            "descuento": 0.14,
            "IVA": 19
        },
        {
            "codigo": "exxGr97NN6",
            "total": 16,
            "valor_unitario": 667241,
            "descuento": 0.35,
            "IVA": 19
        },
        {
            "codigo": "6krPWzixxg",
            "total": 12,
            "valor_unitario": 530196,
            "descuento": 0.14,
            "IVA": 19
        },
        {
            "codigo": "2vtCx44bDh",
            "total": 11,
            "valor_unitario": 698526,
            "descuento": 0.29,
            "IVA": 19
        },
        {
            "codigo": "lqqFPmsIHA",
            "total": 13,
            "valor_unitario": 830091,
            "descuento": 0.16,
            "IVA": 0
        }
    ]
}