{
    "empresa_nit": "789526431",
    "empresa_ciudad": "BOGOTA",
    "empresa_sede": "plaza",
    "empresa_nombre": "Supermercado Central",
    "fecha_hora": "2024-11-01 19:31:58",
    "factura_num": "01289",
    "ciente_numero": 496284008,
    "pago_tipo": "EFECTIVO",
    "productos": [
        {
            "codigo": "13AwVCKNjG",
            "total": 8,
            "valor_unitario": 365640,
            "descuento": 0.34,
            "IVA": 0
        },
        {
            "codigo": "tbNXrHIEs5",
            "total": 14,
            "valor_unitario": 883878,
            "descuento": 0.1,
            "IVA": 19
        },
        {
            "codigo": "d2HWPnvPiJ",
            "total": 13,
            "valor_unitario": 644845,
            "descuento": 0.31,
            "IVA": 0
        },
        {
            "codigo": "92YBAPr6lz",
            "total": 10,
            "valor_unitario": 174097,
            "descuento": 0.15,
            "IVA": 0
        },
        {
            "codigo": "Znm1yV4oB3",
            "total": 3,
            "valor_unitario": 632246,
            "descuento": 0.05,
            "IVA": 19
        },
        {
            "codigo": "im00McxNGm",
            "total": 11,
            "valor_unitario": 569777,
            "descuento": 0.34,
            "IVA": 19
        },
        {
            "codigo": "hwpp7jDGTn",
            "total": 10,
            "valor_unitario": 486524,
            "descuento": 0.29,
            "IVA": 0
        },
        {
            "codigo": "K1MW5Ol0xH",
            "total": 19,
            "valor_unitario": 852345,
            "descuento": 0.0,
            "IVA": 19
        },
        {
            "codigo": "QXkTK22FSU",
            "total": 3,
            "valor_unitario": 788651,
            "descuento": 0.23,
            "IVA": 5
        },
        {
            "codigo": "tBjJupBjfv",
            "total": 10,
            "valor_unitario": 952149,
            "descuento": 0.09,
            "IVA": 0
        },
        {
            "codigo": "TRazQWVOt5",
            "total": 10,
            "valor_unitario": 430068,
            "descuento": 0.42,
            "IVA": 0
        },
        {
            "codigo": "ndC7Hfe0WI",
            "total": 20,
            "valor_unitario": 465713,
            "descuento": 0.31,
            "IVA": 0
        },
        {
            "codigo": "VbKfl3Fqti",
            "total": 10,
            "valor_unitario": 327467,
            "descuento": 0.39,
            "IVA": 5
        },
        {
            "codigo": "Uk0Xz4B16o",
            "total": 10,
            "valor_unitario": 912169,
            "descuento": 0.19,
            "IVA": 0
        }
    ]
}