{
    "empresa_nit": "789526431",
    "empresa_ciudad": "BOGOTA",
    "empresa_sede": "terminal",
    "empresa_nombre": "Supermercado Central",
    "fecha_hora": "2022-08-18 01:43:13",
    "factura_num": "01005",
    "ciente_numero": 713673208,
    "pago_tipo": "TAR.CREDITO",
    "productos": [
        {
            "codigo": "IrTpCjj7ti",
            "total": 6,
            "valor_unitario": 521102,
            "descuento": 0.5,
            "IVA": 5
        },
        {
            "codigo": "pnDD1h4K6c",
            "total": 1,
            "valor_unitario": 757105,
            "descuento": 0.06,
            "IVA": 0
        },
        {
            "codigo": "HaWhQsZzFb",
            "total": 12,
            "valor_unitario": 563004,
            "descuento": 0.15,
            "IVA": 19
        },
        {
            "codigo": "RNZa8ZtKaI",
            "total": 12,
            "valor_unitario": 387026,
            "descuento": 0.05,
            "IVA": 5
        },
        {
            "codigo": "ThZwuLRFtf",
            "total": 11,
            "valor_unitario": 651055,
            "descuento": 0.21,
            "IVA": 0
        },
        {
            "codigo": "dn8gGZNE9F",
            "total": 1,
            "valor_unitario": 945942,
            "descuento": 0.02,
            "IVA": 0
        },
        {
            "codigo": "IvC6GcACUT",
            "total": 9,
            "valor_unitario": 286407,
            "descuento": 0.16,
            "IVA": 19
        },
        {
            "codigo": "DwHRlJovob",
            "total": 14,
            "valor_unitario": 670586,
            "descuento": 0.24,
            "IVA": 0
        },
        {
            "codigo": "kiVRvvIC7w",
            "total": 1,
            "valor_unitario": 205596,
            "descuento": 0.41,
            "IVA": 19
        },
        {
            "codigo": "yaf5Sa0CIA",
            "total": 8,
            "valor_unitario": 535672,
            "descuento": 0.07,
            "IVA": 19
        },
        {
            "codigo": "ozGaUfEShn",
            "total": 18,
            "valor_unitario": 541675,
            "descuento": 0.37,
            "IVA": 5
        },
        {
            "codigo": "mq8X7dHZGM",
            "total": 3,
            "valor_unitario": 349264,
            "descuento": 0.24,
            "IVA": 5
        }
    ]
}