{
    "empresa_nit": "789526431",
    "empresa_ciudad": "CALI",
    "empresa_sede": "autopista",
    "empresa_nombre": "Supermercado Central",
    "fecha_hora": "2020-02-04 16:57:55",
    "factura_num": "01404",
    "ciente_numero": 538083304,
    "pago_tipo": "TRANFERENCIA",
    "productos": [
        {
            "codigo": "CiAFgFtn0s",
            "total": 2,
            "valor_unitario": 737484,
            "descuento": 0.29,
            "IVA": 0
        },
        {
            "codigo": "pwNBtFFDi6",
            "total": 17,
            "valor_unitario": 993369,
            "descuento": 0.47,
            "IVA": 19
        },
        {
            "codigo": "eDP6b8zySJ",
            "total": 6,
            "valor_unitario": 620565,
            "descuento": 0.09,
            "IVA": 5
        },
        {
            "codigo": "hppwopGd9j",
            "total": 17,
            "valor_unitario": 508470,
            "descuento": 0.03,
            "IVA": 5
        }
    ]
}