{
    "empresa_nit": "789526431",
    "empresa_ciudad": "MEDELLIN",
    "empresa_sede": "terminal",
    "empresa_nombre": "Supermercado Central",
    "fecha_hora": "2025-02-16 07:23:56",
    "factura_num": "01424",
    "ciente_numero": 232498826,
    "pago_tipo": "EFECTIVO",
    "productos": [
        {
            "codigo": "SW7EJh6PCl",
            "total": 20,
            "valor_unitario": 61196,
            "descuento": 0.47,
            "IVA": 5
        },
        {
            "codigo": "24w7I0Q4Hi",
            "total": 16,
            "valor_unitario": 881560,
            "descuento": 0.23,
            "IVA": 5
        },
        {
            "codigo": "buz4Jxwyv2",
            "total": 12,
            "valor_unitario": 796390,
            "descuento": 0.47,
            "IVA": 5
        },
        {
            "codigo": "K3qWGabAVH",
            "total": 10,
            "valor_unitario": 142683,
            "descuento": 0.33,
            "IVA": 19
        },
        {
            "codigo": "gXyBJDnaRS",
            "total": 10,
            "valor_unitario": 400120,
            "descuento": 0.1,
            "IVA": 5
        },
        {
            "codigo": "ZzsaMNWfQE",
            "total": 3,
            "valor_unitario": 390993,
            "descuento": 0.31,
            "IVA": 5
        },
        {
            "codigo": "sYKvXCnf2c",
            "total": 19,
            "valor_unitario": 504864,
            "descuento": 0.45,
            "IVA": 19
        },
        {
            "codigo": "eFiOEeArJo",
            "total": 3,
            "valor_unitario": 777392,
            "descuento": 0.42,
            "IVA": 0
        },
        {
            "codigo": "mbt9w5WD52",
            "total": 18,
            "valor_unitario": 608747,
            "descuento": 0.13,
            "IVA": 0
        },
        {
            "codigo": "ID8YNRDuLl",
            "total": 5,
            "valor_unitario": 100409,
            "descuento": 0.27,
            "IVA": 19
        },
        {
            "codigo": "p8mCdfLqlb",
            "total": 9,
            "valor_unitario": 997170,
            "descuento": 0.25,
            "IVA": 0
        },
        {
            "codigo": "YEjXcIT5Ht",
            "total": 5,
            "valor_unitario": 957447,
            "descuento": 0.37,
            "IVA": 0
        },
        {
            "codigo": "uMkJZPlkfW",
            "total": 16,
            "valor_unitario": 265754,
            "descuento": 0.14,
            "IVA": 5
        },
        {
            "codigo": "ZAqCGdQZpq",
            "total": 11,
            "valor_unitario": 816918,
            "descuento": 0.03,
            "IVA": 19
        }
    ]
}