{
    "empresa_nit": "789526431",
    "empresa_ciudad": "BOGOTA",
    "empresa_sede": "terminal",
    "empresa_nombre": "Supermercado Central",
    "fecha_hora": "2021-03-12 02:30:19",
    "factura_num": "01307",
    "ciente_numero": 932922886,
    "pago_tipo": "EFECTIVO",
    "productos": [
        {
            "codigo": "TzclLTASi7",
            "total": 6,
            "valor_unitario": 749553,
            "descuento": 0.34,
            "IVA": 5
        },
        {
            "codigo": "FZKZ2VQ4hD",
            "total": 14,
            "valor_unitario": 531118,
            "descuento": 0.25,
            "IVA": 0
        },
        {
            "codigo": "OCvQ3jq273",
            "total": 20,
            "valor_unitario": 912601,
            "descuento": 0.27,
            "IVA": 5
        },
        {
            "codigo": "a4KgRe3Gvj",
            "total": 9,
            "valor_unitario": 435353,
            "descuento": 0.0,
            "IVA": 0
        },
        {
            "codigo": "TPZWO54Rxp",
            "total": 8,
            "valor_unitario": 384518,
            "descuento": 0.33,
            "IVA": 5
        },
        {
            "codigo": "EFyQVFfVPv",
            "total": 13,
            "valor_unitario": 314957,
            "descuento": 0.42,
            "IVA": 19
        },
        {
            "codigo": "rR62JMm0G1",
            "total": 16,
            "valor_unitario": 247877,
            "descuento": 0.02,
            "IVA": 0
        },
        {
            "codigo": "9yAdxt1VkE",
            "total": 6,
            "valor_unitario": 775913,
            "descuento": 0.05,
            "IVA": 19
        },
        {
            "codigo": "bn8iuO71BP",
            "total": 12,
            "valor_unitario": 390405,
            "descuento": 0.28,
            "IVA": 0
        }
    ]
}