{
    "empresa_nit": "789526431",
    "empresa_ciudad": "MEDELLIN",
    "empresa_sede": "plaza",
    "empresa_nombre": "Supermercado Central",
    "fecha_hora": "2021-12-19 20:14:52",
    "factura_num": "01421",
    "ciente_numero": 463564324,
    "pago_tipo": "TRANFERENCIA",
    "productos": [
        {
            "codigo": "owPNKYKz79",
            "total": 10,
            "valor_unitario": 666879,
            "descuento": 0.09,
            "IVA": 19
        },
        {
            "codigo": "FtU1mzQIh9",
            "total": 10,
            "valor_unitario": 805865,
            "descuento": 0.25,
            "IVA": 0
        },
        {
            "codigo": "Ec2uUbrhdz",
            "total": 16,
            "valor_unitario": 945891,
            "descuento": 0.34,
            "IVA": 0
        },
        {
            "codigo": "D1QQ6HGxiV",
            "total": 10,
            "valor_unitario": 431552,
            "descuento": 0.43,
            "IVA": 0
        },
        {
            "codigo": "xerkuySwqN",
            "total": 5,
            "valor_unitario": 107308,
            "descuento": 0.22,
            "IVA": 5
        },
        {
            "codigo": "ggsCOISAhl",
            "total": 1,
            "valor_unitario": 424036,
            "descuento": 0.49,
            "IVA": 0
        },
        {
            "codigo": "CibLkjGSnV",
            "total": 6,
            "valor_unitario": 899625,
            "descuento": 0.13,
            "IVA": 0
        },
        {
            "codigo": "XQf1OWGjIz",
            "total": 1,
            "valor_unitario": 937614,
            "descuento": 0.16,
            "IVA": 0
        },
        {
            "codigo": "3pPcXhrACn",
            "total": 15,
            "valor_unitario": 452823,
            "descuento": 0.47,
            "IVA": 19
        },
        {
            "codigo": "XSFYEMjyyb",
            "total": 10,
            "valor_unitario": 860992,
            "descuento": 0.44,
            "IVA": 19
        },
        {
            "codigo": "ptYSpcRbja",
            "total": 2,
            "valor_unitario": 239442,
            "descuento": 0.07,
            "IVA": 0
        },
        {
            "codigo": "ODEs2zEZlC",
            "total": 7,
            "valor_unitario": 636768,
            "descuento": 0.22,
            "IVA": 19
        },
        {
            "codigo": "PMF62yUlop",
            "total": 19,
            "valor_unitario": 972305,
            "descuento": 0.41,
            "IVA": 19
        },
        {
            "codigo": "6yqlvujK7w",
            "total": 8,
            "valor_unitario": 377651,
            "descuento": 0.38,
            "IVA": 5
        },
        {
            "codigo": "0kjyTZSD0n",
            "total": 2,
            "valor_unitario": 85766,
            "descuento": 0.41,
            "IVA": 19
        },
        {
            "codigo": "OSGhOkppQV",
            "total": 9,
            "valor_unitario": 194506,
            "descuento": 0.0,
            "IVA": 19
        },
        {
            "codigo": "hgeCcaQhqu",
            "total": 2,
            "valor_unitario": 722751,
            "descuento": 0.31,
            "IVA": 19
        },
        {
            "codigo": "lF84QY82TV",
            "total": 11,
            "valor_unitario": 650434,
            "descuento": 0.27,
            "IVA": 0
        },
        {
            "codigo": "DwzcDJOH1g",
            "total": 8,
            "valor_unitario": 394120,
            "descuento": 0.41,
            "IVA": 19
        },
        {
            "codigo": "yj2wrdrFLv",
            "total": 9,
            "valor_unitario": 441821,
            "descuento": 0.36,
            "IVA": 19
        }
    ]
}