{
    "empresa_nit": "789526431",
    "empresa_ciudad": "BOGOTA",
    "empresa_sede": "autopista",
    "empresa_nombre": "Supermercado Central",
    "fecha_hora": "2020-04-04 19:07:52",
    "factura_num": "01053",
    "ciente_numero": 768738177,
    "pago_tipo": "TAR.DEBITO",
    "productos": [
        {
            "codigo": "W7ewu1bltW",
            "total": 3,
            "valor_unitario": 358660,
            "descuento": 0.45,
            "IVA": 0
        },
        {
            "codigo": "5WgbBV7r0T",
            "total": 14,
            "valor_unitario": 465968,
            "descuento": 0.15,
            "IVA": 19
        },
        {
            "codigo": "wIWYOVh3tw",
            "total": 14,
            "valor_unitario": 908242,
            "descuento": 0.22,
            "IVA": 0
        },
        {
            "codigo": "A02irTzUlD",
            "total": 4,
            "valor_unitario": 284908,
            "descuento": 0.46,
            "IVA": 0
        },
        {
            "codigo": "6BuIqpWXJc",
            "total": 7,
            "valor_unitario": 880180,
            "descuento": 0.41,
            "IVA": 0
        },
        {
            "codigo": "K57Im81BMR",
            "total": 18,
            "valor_unitario": 352667,
            "descuento": 0.01,
            "IVA": 19
        },
        {
            "codigo": "RBAubRHlcQ",
            "total": 16,
            "valor_unitario": 85474,
            "descuento": 0.13,
            "IVA": 5
        },
        {
            "codigo": "ILQ10vBEIX",
            "total": 5,
            "valor_unitario": 934931,
            "descuento": 0.11,
            "IVA": 19
        },
        {
            "codigo": "ejsFZGMOqF",
            "total": 20,
            "valor_unitario": 480552,
            "descuento": 0.24,
            "IVA": 19
        },
        {
            "codigo": "rFBMKwcVmZ",
            "total": 11,
            "valor_unitario": 900425,
            "descuento": 0.36,
            "IVA": 19
        },
        {
            "codigo": "SSqhKdRqUj",
            "total": 5,
            "valor_unitario": 2317,
            "descuento": 0.23,
            "IVA": 0
        },
        {
            "codigo": "WMJ0NO65CN",
            "total": 6,
            "valor_unitario": 919446,
            "descuento": 0.23,
            "IVA": 0
        },
        {
            "codigo": "9KVDjYJDiY",
            "total": 1,
            "valor_unitario": 834963,
            "descuento": 0.13,
            "IVA": 5
        },
        {
            "codigo": "AGaQ7OWPsc",
            "total": 20,
            "valor_unitario": 186129,
            "descuento": 0.02,
            "IVA": 5
        },
        {
            "codigo": "VaU2tBeF1P",
            "total": 10,
            "valor_unitario": 730725,
            "descuento": 0.5,
            "IVA": 19
        },
        {
            "codigo": "bNRN9hUmwy",
            "total": 8,
            "valor_unitario": 909821,
            "descuento": 0.42,
            "IVA": 19
        },
        {
            "codigo": "pyAgCc71C2",
            "total": 7,
            "valor_unitario": 185358,
            "descuento": 0.29,
            "IVA": 19
        }
    ]
}