{
    "empresa_nit": "789526431",
    "empresa_ciudad": "MEDELLIN",
    "empresa_sede": "alcaldia",
    "empresa_nombre": "Supermercado Central",
    "fecha_hora": "2022-02-24 12:40:45",
    "factura_num": "01217",
    "ciente_numero": 556269947,
    "pago_tipo": "TRANFERENCIA",
    "productos": [
        {
            "codigo": "fnrrnEqmcb",
            "total": 3,
            "valor_unitario": 325052,
            "descuento": 0.49,
            "IVA": 19
        },
        {
            "codigo": "hfkf8lBnQk",
            "total": 13,
            "valor_unitario": 792805,
            "descuento": 0.23,
            "IVA": 0
        },
        {
            "codigo": "0B07OB4PkG",
            "total": 14,
            "valor_unitario": 4845,
            "descuento": 0.13,
            "IVA": 0
        },
        {
            "codigo": "y2CnpCoeWY",
            "total": 15,
            "valor_unitario": 401616,
            "descuento": 0.2,
            "IVA": 19
        },
        {
            "codigo": "527nmk7qSQ",
            "total": 12,
            "valor_unitario": 983660,
            "descuento": 0.37,
            "IVA": 19
        },
        {
            "codigo": "K72sRNhyZZ",
            "total": 3,
            "valor_unitario": 848793,
            "descuento": 0.21,
            "IVA": 0
        },
        {
            "codigo": "mHFAu0lm1v",
            "total": 18,
            "valor_unitario": 297912,
            "descuento": 0.12,
            "IVA": 0
        },
        {
            "codigo": "B35kLMwlhD",
            "total": 20,
            "valor_unitario": 458617,
            "descuento": 0.04,
            "IVA": 5
        },
        {
            "codigo": "tbjekwTnyH",
            "total": 6,
            "valor_unitario": 885758,
            "descuento": 0.37,
            "IVA": 0
        },
        {
            "codigo": "EWdAg5PUaI",
            "total": 19,
            "valor_unitario": 965043,
            "descuento": 0.27,
            "IVA": 19
        },
        {
            "codigo": "KqeOoHKLS2",
            "total": 13,
            "valor_unitario": 750873,
            "descuento": 0.09,
            "IVA": 19
        },
        {
            "codigo": "OgDrEji5kk",
            "total": 15,
            "valor_unitario": 787179,
            "descuento": 0.35,
            "IVA": 5
        },
        {
            "codigo": "KChuPBQ8pp",
            "total": 6,
            "valor_unitario": 771550,
            "descuento": 0.18,
            "IVA": 0
        },
        {
            "codigo": "RdffvnQS5g",
            "total": 4,
            "valor_unitario": 332275,
            "descuento": 0.16,
            "IVA": 5
        },
        {
            "codigo": "6F2lja7WZa",
            "total": 18,
            "valor_unitario": 37146,
            "descuento": 0.16,
            "IVA": 0
        },
        {
            "codigo": "ICqwtW0NG3",
            "total": 12,
            "valor_unitario": 902796,
            "descuento": 0.43,
            "IVA": 5
        },
        {
            "codigo": "ULG3l9FEPJ",
            "total": 6,
            "valor_unitario": 754938,
            "descuento": 0.39,
            "IVA": 19
        }
    ]
}