{
    "empresa_nit": "789526431",
    "empresa_ciudad": "TUNJA",
    "empresa_sede": "plaza",
    "empresa_nombre": "Supermercado Central",
    "fecha_hora": "2024-03-16 16:24:17",
    "factura_num": "01000",
    "ciente_numero": 572127044,
    "pago_tipo": "TRANFERENCIA",
    "productos": [
        {
            "codigo": "Fos2eqdVrG",
            "total": 11,
            "valor_unitario": 868041,
            "descuento": 0.45,
            "IVA": 19
        },
        {
            "codigo": "CWoA0qEJ2V",
            "total": 20,
            "valor_unitario": 86632,
            "descuento": 0.15,
            "IVA": 19
        },
        {
            "codigo": "bObrjIC4CO",
            "total": 11,
            "valor_unitario": 976297,
            "descuento": 0.26,
            "IVA": 5
        },
        {
            "codigo": "b3UxsorJvz",
            "total": 20,
            "valor_unitario": 648704,
            "descuento": 0.16,
            "IVA": 19
        },
        {
            "codigo": "id3nsTuJ92",
            "total": 4,
            "valor_unitario": 51536,
            "descuento": 0.12,
            "IVA": 5
        },
        {
            "codigo": "uvAHRlJruo",
            "total": 11,
            "valor_unitario": 243400,
            "descuento": 0.09,
            "IVA": 19
        },
        {
            "codigo": "6bOoWZXWrd",
            "total": 1,
            "valor_unitario": 67755,
            "descuento": 0.38,
            "IVA": 19
        },
        {
            "codigo": "i7tszPmOJy",
            "total": 3,
            "valor_unitario": 871876,
            "descuento": 0.4,
            "IVA": 19
        },
        {
            "codigo": "lYtccXW5bh",
            "total": 17,
            "valor_unitario": 215479,
            "descuento": 0.39,
            "IVA": 5
        },
        {
            "codigo": "lEH8KFUYu4",
            "total": 8,
            "valor_unitario": 397283,
            "descuento": 0.09,
            "IVA": 5
        },
        {
            "codigo": "gfuglYM8c4",
            "total": 2,
            "valor_unitario": 735889,
            "descuento": 0.16,
            "IVA": 5
        },
        {
            "codigo": "rQ9PY29HXf",
            "total": 4,
            "valor_unitario": 635341,
            "descuento": 0.2,
            "IVA": 5
        },
        {
            "codigo": "ZFE8WyJ9Ar",
            "total": 17,
            "valor_unitario": 924493,
            "descuento": 0.19,
            "IVA": 5
        },
        {
            "codigo": "s1dHYUVdAs",
            "total": 6,
            "valor_unitario": 530543,
            "descuento": 0.35,
            "IVA": 19
        },
        {
            "codigo": "mNLhJ5wQO2",
            "total": 3,
            "valor_unitario": 526524,
            "descuento": 0.05,
            "IVA": 19
        },
        {
            "codigo": "H50DMkCOGO",
            "total": 8,
            "valor_unitario": 876210,
            "descuento": 0.44,
            "IVA": 0
        },
        {
            "codigo": "yJjjo6DJmW",
            "total": 6,
            "valor_unitario": 588279,
            "descuento": 0.01,
            "IVA": 19
        }
    ]
}