{
    "empresa_nit": "789526431",
    "empresa_ciudad": "TUNJA",
    "empresa_sede": "alcaldia",
    "empresa_nombre": "Supermercado Central",
    "fecha_hora": "2024-03-28 11:50:31",
    "factura_num": "01381",
    "ciente_numero": 419315852,
    "pago_tipo": "EFECTIVO",
    "productos": [
        {
            "codigo": "TFkmCdFIMi",
            "total": 2,
            "valor_unitario": 481548,
            "descuento": 0.3,
            "IVA": 0
        },
        {
            "codigo": "KJrS7FNHbd",
            "total": 11,
            "valor_unitario": 597812,
            "descuento": 0.49,
            "IVA": 19
        },
        {
            "codigo": "MvHHM5A6Hc",
            "total": 3,
            "valor_unitario": 538098,
            "descuento": 0.31,
            "IVA": 19
        }
    ]
}