{
    "empresa_nit": "789526431",
    "empresa_ciudad": "BOGOTA",
    "empresa_sede": "plaza",
    "empresa_nombre": "Supermercado Central",
    "fecha_hora": "2022-07-08 11:58:47",
    "factura_num": "01359",
    "ciente_numero": 586748674,
    "pago_tipo": "TAR.DEBITO",
    "productos": [
        {
            "codigo": "jnKmD3msWC",
            "total": 1,
            "valor_unitario": 633274,
            "descuento": 0.49,
            "IVA": 5
        },
        {
            "codigo": "wMyfJFNVie",
            "total": 10,
            "valor_unitario": 938583,
            "descuento": 0.07,
            "IVA": 19
        },
        {
            "codigo": "RiSbcxNJfl",
            "total": 5,
            "valor_unitario": 755341,
            "descuento": 0.5,
            "IVA": 5
        },
        {
            "codigo": "dl2A96WPbF",
            "total": 1,
            "valor_unitario": 514162,
            "descuento": 0.12,
            "IVA": 5
        },
        {
            "codigo": "idvCdwVacN",
            "total": 18,
            "valor_unitario": 440669,
            "descuento": 0.19,
            "IVA": 0
        },
        {
            "codigo": "FwfFQYImei",
            "total": 3,
            "valor_unitario": 347657,
            "descuento": 0.46,
            "IVA": 5
        },
        {
            "codigo": "jRLeAa0tEE",
            "total": 13,
            "valor_unitario": 453440,
            "descuento": 0.09,
            "IVA": 19
        },
        {
            "codigo": "yYEPI4kOjv",
            "total": 3,
            "valor_unitario": 339260,
            "descuento": 0.11,
            "IVA": 5
        },
        {
            "codigo": "oSksZwccqE",
            "total": 16,
            "valor_unitario": 171023,
            "descuento": 0.43,
            "IVA": 5
        },
        {
            "codigo": "1EmU3UCFOf",
            "total": 5,
            "valor_unitario": 763165,
            "descuento": 0.45,
            "IVA": 5
        },
        {
            "codigo": "gVenftjzVW",
            "total": 13,
            "valor_unitario": 891529,
            "descuento": 0.23,
            "IVA": 0
        },
        {
            "codigo": "8aBhCefOkI",
            "total": 15,
            "valor_unitario": 825949,
            "descuento": 0.03,
            "IVA": 19
        },
        {
            "codigo": "CtydTEQDsn",
            "total": 14,
            "valor_unitario": 455813,
            "descuento": 0.42,
            "IVA": 19
        },
        {
            "codigo": "86UWKjXSez",
            "total": 4,
            "valor_unitario": 47363,
            "descuento": 0.37,
            "IVA": 19
        },
        {
            "codigo": "NglT8ZjwBt",
            "total": 16,
            "valor_unitario": 437683,
            "descuento": 0.14,
            "IVA": 5
        },
        {
            "codigo": "81thiKEGtf",
            "total": 9,
            "valor_unitario": 65334,
            "descuento": 0.09,
            "IVA": 0
        }
    ]
}