{
    "empresa_nit": "789526431",
    "empresa_ciudad": "CALI",
    "empresa_sede": "autopista",
    "empresa_nombre": "Supermercado Central",
    "fecha_hora": "2020-08-08 14:49:53",
    "factura_num": "01304",
    "ciente_numero": 435043593,
    "pago_tipo": "EFECTIVO",
    "productos": [
        {
            "codigo": "1wWEYtPBWu",
            "total": 2,
            "valor_unitario": 151315,
            "descuento": 0.49,
            "IVA": 19
        },
        {
            "codigo": "imqF4AgR5W",
            "total": 11,
            "valor_unitario": 372078,
            "descuento": 0.26,
            "IVA": 19
        },
        {
            "codigo": "xXbH3hQSNf",
            "total": 8,
            "valor_unitario": 679090,
            "descuento": 0.41,
            "IVA": 19
        },
        {
            "codigo": "gqZpMOY6t6",
            "total": 13,
            "valor_unitario": 493146,
            "descuento": 0.28,
            "IVA": 19
        },
        {
            "codigo": "CDPAby9NrE",
            "total": 2,
            "valor_unitario": 431163,
            "descuento": 0.09,
            "IVA": 5
        },
        {
            "codigo": "ToxPoNe0U6",
            "total": 12,
            "valor_unitario": 42234,
            "descuento": 0.36,
            "IVA": 19
        },
        {
            "codigo": "dNHN88xA89",
            "total": 16,
            "valor_unitario": 753256,
            "descuento": 0.0,
            "IVA": 5
        },
        {
            "codigo": "R7ncmCqyoc",
            "total": 1,
            "valor_unitario": 156949,
            "descuento": 0.37,
            "IVA": 19
        },
        {
            "codigo": "sswAmf3wAI",
            "total": 15,
            "valor_unitario": 99775,
            "descuento": 0.48,
            "IVA": 0
        },
        {
            "codigo": "W1FsbTiswc",
            "total": 6,
            "valor_unitario": 981395,
            "descuento": 0.25,
            "IVA": 0
        },
        {
            "codigo": "Ygn8mjSf3R",
            "total": 6,
            "valor_unitario": 708809,
            "descuento": 0.5,
            "IVA": 19
        },
        {
            "codigo": "5MsqQAl1EH",
            "total": 1,
            "valor_unitario": 295302,
            "descuento": 0.44,
            "IVA": 0
        }
    ]
}