{
    "empresa_nit": "789526431",
    "empresa_ciudad": "TUNJA",
    "empresa_sede": "aeropuerto",
    "empresa_nombre": "Supermercado Central",
    "fecha_hora": "2024-09-07 12:05:09",
    "factura_num": "01080",
    "ciente_numero": 440926745,
    "pago_tipo": "TAR.CREDITO",
    "productos": [
        {
            "codigo": "e2Kvz82ZZF",
            "total": 18,
            "valor_unitario": 576144,
            "descuento": 0.44,
            "IVA": 5
        },
        {
            "codigo": "aaFZwqUJNx",
            "total": 12,
            "valor_unitario": 906779,
            "descuento": 0.43,
            "IVA": 19
        },
        {
            "codigo": "v4Qv21bXhG",
            "total": 2,
            "valor_unitario": 715328,
            "descuento": 0.33,
            "IVA": 5
        },
        {
            "codigo": "LcCYRS2gMe",
            "total": 16,
            "valor_unitario": 556147,
            "descuento": 0.0,
            "IVA": 19
        },
        {
            "codigo": "RKDWRqbbra",
            "total": 6,
            "valor_unitario": 354049,
            "descuento": 0.1,
            "IVA": 5
        },
        {
            "codigo": "fcroNgnsg2",
            "total": 7,
            "valor_unitario": 236979,
            "descuento": 0.06,
            "IVA": 0
        },
        {
            "codigo": "NAxmJLvRd2",
            "total": 9,
            "valor_unitario": 69221,
            "descuento": 0.46,
            "IVA": 19
        },
        {
            "codigo": "axPZEt0z8y",
            "total": 3,
            "valor_unitario": 626332,
            "descuento": 0.02,
            "IVA": 19
        },
        {
            "codigo": "NEGAI221O5",
            "total": 10,
            "valor_unitario": 540734,
            "descuento": 0.05,
            "IVA": 5
        },
        {
            "codigo": "Zh2ZF3x0QN",
            "total": 3,
            "valor_unitario": 198942,
            "descuento": 0.46,
            "IVA": 5
        },
        {
            "codigo": "e7FzG48YbU",
            "total": 3,
            "valor_unitario": 994732,
            "descuento": 0.14,
            "IVA": 5
        },
        {
            "codigo": "ZZeuuQJmea",
            "total": 3,
            "valor_unitario": 630244,
            "descuento": 0.32,
            "IVA": 5
        },
        {
            "codigo": "8qGLI4Vhv6",
            "total": 1,
            "valor_unitario": 657113,
            "descuento": 0.03,
            "IVA": 5
        },
        {
            "codigo": "xVnbvyTwKg",
            "total": 19,
            "valor_unitario": 773350,
            "descuento": 0.19,
            "IVA": 19
        },
        {
            "codigo": "0fXV9EWRQ8",
            "total": 14,
            "valor_unitario": 644607,
            "descuento": 0.13,
            "IVA": 19
        },
        {
            "codigo": "4VAKRxaZJz",
            "total": 15,
            "valor_unitario": 272669,
            "descuento": 0.13,
            "IVA": 0
        }
    ]
}