{
    "empresa_nit": "789526431",
    "empresa_ciudad": "CALI",
    "empresa_sede": "autopista",
    "empresa_nombre": "Supermercado Central",
    "fecha_hora": "2020-12-01 09:47:34",
    "factura_num": "01019",
    "ciente_numero": 72558083,
    "pago_tipo": "TAR.DEBITO",
    "productos": [
        {
            "codigo": "mJU1fdFv3Q",
            "total": 12,
            "valor_unitario": 450811,
            "descuento": 0.43,
            "IVA": 5
        },
        {
            "codigo": "VoNu4W5i9t",
            "total": 8,
            "valor_unitario": 300866,
            "descuento": 0.26,
            "IVA": 5
        },
        {
            "codigo": "LROwcxxrWv",
            "total": 5,
            "valor_unitario": 186218,
            "descuento": 0.16,
            "IVA": 19
        },
        {
            "codigo": "3qXf8us9JA",
            "total": 20,
            "valor_unitario": 502078,
            "descuento": 0.18,
            "IVA": 19
        },
        {
            "codigo": "TxdZA7RyiQ",
            "total": 3,
            "valor_unitario": 227280,
            "descuento": 0.31,
            "IVA": 5
        },
        {
            "codigo": "dbet5xgSve",
            "total": 4,
            "valor_unitario": 336050,
            "descuento": 0.0,
            "IVA": 5
        },
        {
            "codigo": "EazYDXJ69t",
            "total": 15,
            "valor_unitario": 855154,
            "descuento": 0.19,
            "IVA": 19
        },
        {
            "codigo": "oQazHNezqi",
            "total": 19,
            "valor_unitario": 355454,
            "descuento": 0.25,
            "IVA": 19
        },
        {
            "codigo": "bV3vVii120",
            "total": 4,
            "valor_unitario": 468437,
            "descuento": 0.33,
            "IVA": 5
        },
        {
            "codigo": "qCgbV685gb",
            "total": 5,
            "valor_unitario": 868553,
            "descuento": 0.02,
            "IVA": 5
        },
        {
            "codigo": "sEvGf6p6Yx",
            "total": 19,
            "valor_unitario": 990905,
            "descuento": 0.19,
            "IVA": 19
        },
        {
            "codigo": "nZDqjsWEWs",
            "total": 17,
            "valor_unitario": 760984,
            "descuento": 0.15,
            "IVA": 0
        },
        {
            "codigo": "0ue8sTWdYA",
            "total": 8,
            "valor_unitario": 51300,
            "descuento": 0.22,
            "IVA": 5
        },
        {
            "codigo": "oC3TJ2EMRh",
            "total": 9,
            "valor_unitario": 104135,
            "descuento": 0.07,
            "IVA": 5
        },
        {
            "codigo": "Lz2PqvL48e",
            "total": 4,
            "valor_unitario": 994021,
            "descuento": 0.14,
            "IVA": 19
        },
        {
            "codigo": "62qvOH7hkq",
            "total": 4,
            "valor_unitario": 670476,
            "descuento": 0.02,
            "IVA": 19
        },
        {
            "codigo": "gYG0XC9zf8",
            "total": 19,
            "valor_unitario": 469646,
            "descuento": 0.06,
            "IVA": 19
        },
        {
            "codigo": "ccOIMSayAh",
            "total": 6,
            "valor_unitario": 280602,
            "descuento": 0.4,
            "IVA": 19
        },
        {
            "codigo": "pMsUFEPUQF",
            "total": 19,
            "valor_unitario": 927558,
            "descuento": 0.06,
            "IVA": 5
        },
        {
            "codigo": "dMJ8QAgYCB",
            "total": 1,
            "valor_unitario": 547639,
            "descuento": 0.31,
            "IVA": 19
        }
    ]
}