{
    "empresa_nit": "789526431",
    "empresa_ciudad": "BOGOTA",
    "empresa_sede": "terminal",
    "empresa_nombre": "Supermercado Central",
    "fecha_hora": "2020-10-17 17:18:23",
    "factura_num": "01056",
    "ciente_numero": 105404493,
    "pago_tipo": "TAR.CREDITO",
    "productos": [
        {
            "codigo": "SdTLMoRkCY",
            "total": 6,
            "valor_unitario": 529529,
            "descuento": 0.2,
            "IVA": 5
        },
        {
            "codigo": "O1gZNyQS4x",
            "total": 14,
            "valor_unitario": 904109,
            "descuento": 0.44,
            "IVA": 19
        },
        {
            "codigo": "XjFkAQeXNJ",
            "total": 9,
            "valor_unitario": 932001,
            "descuento": 0.19,
            "IVA": 19
        }
    ]
}