{
    "empresa_nit": "789526431",
    "empresa_ciudad": "CALI",
    "empresa_sede": "terminal",
    "empresa_nombre": "Supermercado Central",
    "fecha_hora": "2023-02-28 01:42:25",
    "factura_num": "01205",
    "ciente_numero": 882942938,
    "pago_tipo": "TAR.CREDITO",
    "productos": [
        {
            "codigo": "VaxQ63F3JD",
            "total": 4,
            "valor_unitario": 990061,
            "descuento": 0.42,
            "IVA": 5
        },
        {
            "codigo": "DJB3KgfuvY",
            "total": 4,
            "valor_unitario": 777311,
            "descuento": 0.17,
            "IVA": 0
        },
        {
            "codigo": "FlAEfa6e2g",
            "total": 12,
            "valor_unitario": 412870,
            "descuento": 0.08,
            "IVA": 0
        },
        {
            "codigo": "TmqvFgm7T3",
            "total": 3,
            "valor_unitario": 340319,
            "descuento": 0.24,
            "IVA": 0
        },
        {
            "codigo": "p1ZvYI0bID",
            "total": 11,
            "valor_unitario": 187188,
            "descuento": 0.05,
            "IVA": 0
        },
        {
            "codigo": "ygFl2QM0ug",
            "total": 14,
            "valor_unitario": 824162,
            "descuento": 0.07,
            "IVA": 0
        },
        {
            "codigo": "Bsy2adoZiF",
            "total": 9,
            "valor_unitario": 733743,
            "descuento": 0.1,
            "IVA": 19
        },
        {
            "codigo": "Jw79425O9t",
            "total": 7,
            "valor_unitario": 207102,
            "descuento": 0.11,
            "IVA": 0
        },
        {
            "codigo": "jN61qbSDn2",
            "total": 17,
            "valor_unitario": 340183,
            "descuento": 0.23,
            "IVA": 19
        },
        {
            "codigo": "0kxTLncffB",
            "total": 13,
            "valor_unitario": 392503,
            "descuento": 0.46,
            "IVA": 0
        },
        {
            "codigo": "tTRz74GGH9",
            "total": 13,
            "valor_unitario": 593373,
            "descuento": 0.32,
            "IVA": 19
        },
        {
            "codigo": "J5uoJQKZ0V",
            "total": 3,
            "valor_unitario": 202351,
            "descuento": 0.42,
            "IVA": 19
        },
        {
            "codigo": "LVKO6R6vEH",
            "total": 19,
            "valor_unitario": 317109,
            "descuento": 0.46,
            "IVA": 0
        }
    ]
}