{
    "empresa_nit": "789526431",
    "empresa_ciudad": "TUNJA",
    "empresa_sede": "centro",
    "empresa_nombre": "Supermercado Central",
    "fecha_hora": "2024-03-16 16:34:31",
    "factura_num": "01159",
    "ciente_numero": 702942044,
    "pago_tipo": "TAR.DEBITO",
    "productos": [
        {
            "codigo": "rx6ZuTNE25",
            "total": 8,
            "valor_unitario": 986951,
            "descuento": 0.29,
            "IVA": 0
        },
        {
            "codigo": "tIWl9lDd7J",
            "total": 5,
            "valor_unitario": 747187,
            "descuento": 0.11,
            "IVA": 0
        },
        {
            "codigo": "vzEok2f1Lb",
            "total": 16,
            "valor_unitario": 788115,
            "descuento": 0.0,
            "IVA": 0
        },
        {
            "codigo": "90YauxcLnq",
            "total": 15,
            "valor_unitario": 549069,
            "descuento": 0.05,
            "IVA": 19
        },
        {
            "codigo": "b033LOXWAZ",
            "total": 8,
            "valor_unitario": 628072,
            "descuento": 0.1,
            "IVA": 0
        },
        {
            "codigo": "EDVhc3oERk",
            "total": 4,
            "valor_unitario": 739414,
            "descuento": 0.36,
            "IVA": 19
        },
        {
            "codigo": "HvQ8h7EXbc",
            "total": 20,
            "valor_unitario": 70674,
            "descuento": 0.15,
            "IVA": 19
        },
        {
            "codigo": "W4Du68bzB3",
            "total": 1,
            "valor_unitario": 947947,
            "descuento": 0.35,
            "IVA": 5
        },
        {
            "codigo": "3Lh7iIS5eV",
            "total": 19,
            "valor_unitario": 16530,
            "descuento": 0.47,
            "IVA": 0
        },
        {
            "codigo": "wWTPk6Z2Qc",
            "total": 6,
            "valor_unitario": 106705,
            "descuento": 0.24,
            "IVA": 19
        },
        {
            "codigo": "KozKX9EP2A",
            "total": 14,
            "valor_unitario": 260221,
            "descuento": 0.48,
            "IVA": 0
        },
        {
            "codigo": "8omuUAVdeL",
            "total": 13,
            "valor_unitario": 72272,
            "descuento": 0.4,
            "IVA": 5
        },
        {
            "codigo": "OvSjGWcxs4",
            "total": 5,
            "valor_unitario": 904439,
            "descuento": 0.4,
            "IVA": 19
        },
        {
            "codigo": "AhJnzlKrWQ",
            "total": 14,
            "valor_unitario": 18330,
            "descuento": 0.25,
            "IVA": 19
        },
        {
            "codigo": "TKmtHJ1T3K",
            "total": 2,
            "valor_unitario": 271535,
            "descuento": 0.03,
            "IVA": 0
        },
        {
            "codigo": "UMpY1YR1M6",
            "total": 16,
            "valor_unitario": 150438,
            "descuento": 0.33,
            "IVA": 0
        },
        {
            "codigo": "PdueFbPUjo",
            "total": 5,
            "valor_unitario": 118546,
            "descuento": 0.41,
            "IVA": 19
        },
        {
            "codigo": "gMzMhE0R8q",
            "total": 19,
            "valor_unitario": 313508,
            "descuento": 0.41,
            "IVA": 0
        },
        {
            "codigo": "EVCII1cIDQ",
            "total": 9,
            "valor_unitario": 319934,
            "descuento": 0.04,
            "IVA": 0
        },
        {
            "codigo": "mMeNJ6Adw7",
            "total": 12,
            "valor_unitario": 334906,
            "descuento": 0.03,
            "IVA": 0
        }
    ]
}