{
    "empresa_nit": "789526431",
    "empresa_ciudad": "CALI",
    "empresa_sede": "centro",
    "empresa_nombre": "Supermercado Central",
    "fecha_hora": "2023-10-11 10:38:26",
    "factura_num": "01265",
    "ciente_numero": 451442938,
    "pago_tipo": "EFECTIVO",
    "productos": [
        {
            "codigo": "j9Nm16egUQ",
            "total": 3,
            "valor_unitario": 97107,
            "descuento": 0.14,
            "IVA": 0
        },
        {
            "codigo": "Yyh4dYITVP",
            "total": 9,
            "valor_unitario": 907642,
            "descuento": 0.16,
            "IVA": 5
        },
        {
            "codigo": "2iiIxb4PNg",
            "total": 3,
            "valor_unitario": 60172,
            "descuento": 0.23,
            "IVA": 0
        },
        {
            "codigo": "zEJ7TzPmGR",
            "total": 4,
            "valor_unitario": 408655,
            "descuento": 0.23,
            "IVA": 19
        },
        {
            "codigo": "9KZj4CS81X",
            "total": 18,
            "valor_unitario": 915070,
            "descuento": 0.29,
            "IVA": 0
        },
        {
            "codigo": "BqgdUjDRYY",
            "total": 14,
            "valor_unitario": 900443,
            "descuento": 0.05,
            "IVA": 19
        },
        {
            "codigo": "SIxIGMbOYh",
            "total": 10,
            "valor_unitario": 727952,
            "descuento": 0.45,
            "IVA": 0
        },
        {
            "codigo": "OndWTnBjcs",
            "total": 18,
            "valor_unitario": 596041,
            "descuento": 0.45,
            "IVA": 19
        },
        {
            "codigo": "uHIoaigO0W",
            "total": 17,
            "valor_unitario": 146970,
            "descuento": 0.36,
            "IVA": 5
        },
        {
            "codigo": "riaFImKjIH",
            "total": 14,
            "valor_unitario": 809855,
            "descuento": 0.07,
            "IVA": 19
        },
        {
            "codigo": "vTCVeocZ7J",
            "total": 10,
            "valor_unitario": 13292,
            "descuento": 0.46,
            "IVA": 19
        },
        {
            "codigo": "zhCaSDKm7g",
            "total": 19,
            "valor_unitario": 488333,
            "descuento": 0.02,
            "IVA": 5
        },
        {
            "codigo": "mIhQVzLOZ4",
            "total": 7,
            "valor_unitario": 194657,
            "descuento": 0.09,
            "IVA": 5
        },
        {
            "codigo": "YdTd9J4OIO",
            "total": 10,
            "valor_unitario": 186243,
            "descuento": 0.43,
            "IVA": 5
        },
        {
            "codigo": "cIlmX5zzzq",
            "total": 6,
            "valor_unitario": 113260,
            "descuento": 0.29,
            "IVA": 0
        },
        {
            "codigo": "FtFUlNdu3m",
            "total": 13,
            "valor_unitario": 161157,
            "descuento": 0.32,
            "IVA": 5
        },
        {
            "codigo": "LublWlRiI3",
            "total": 16,
            "valor_unitario": 434134,
            "descuento": 0.05,
            "IVA": 5
        },
        {
            "codigo": "cTre08gVaX",
            "total": 4,
            "valor_unitario": 285859,
            "descuento": 0.4,
            "IVA": 0
        }
    ]
}