{
    "empresa_nit": "789526431",
    "empresa_ciudad": "BARRANQUILLA",
    "empresa_sede": "alcaldia",
    "empresa_nombre": "Supermercado Central",
    "fecha_hora": "2021-05-02 03:17:34",
    "factura_num": "01354",
    "ciente_numero": 311420196,
    "pago_tipo": "TRANFERENCIA",
    "productos": [
        {
            "codigo": "el9Qpb3aIy",
            "total": 4,
            "valor_unitario": 990515,
            "descuento": 0.07,
            "IVA": 19
        },
        {
            "codigo": "ZdAxytEAyD",
            "total": 5,
            "valor_unitario": 80622,
            "descuento": 0.47,
            "IVA": 19
        },
        {
            "codigo": "Hocd6Ha1fp",
            "total": 17,
            "valor_unitario": 598981,
            "descuento": 0.05,
            "IVA": 19
        },
        {
            "codigo": "ecYQzbztsg",
            "total": 12,
            "valor_unitario": 209019,
            "descuento": 0.15,
            "IVA": 0
        },
        {
            "codigo": "cyWbJySGd1",
            "total": 19,
            "valor_unitario": 182288,
            "descuento": 0.05,
            "IVA": 0
        },
        {
            "codigo": "whSk7kTYbL",
            "total": 3,
            "valor_unitario": 427192,
            "descuento": 0.25,
            "IVA": 0
        },
        {
            "codigo": "pf7xlO60oP",
            "total": 4,
            "valor_unitario": 937654,
            "descuento": 0.36,
            "IVA": 5
        },
        {
            "codigo": "dwosoM8Ycq",
            "total": 1,
            "valor_unitario": 228935,
            "descuento": 0.06,
            "IVA": 5
        },
        {
            "codigo": "aAwatozOGO",
            "total": 9,
            "valor_unitario": 799713,
            "descuento": 0.49,
            "IVA": 19
        },
        {
            "codigo": "tSgQaw4rnI",
            "total": 13,
            "valor_unitario": 730933,
            "descuento": 0.37,
            "IVA": 0
        },
        {
            "codigo": "DGkWY22mMi",
            "total": 16,
            "valor_unitario": 603884,
            "descuento": 0.48,
            "IVA": 0
        },
        {
            "codigo": "K66B3hHScC",
            "total": 10,
            "valor_unitario": 957832,
            "descuento": 0.12,
            "IVA": 19
        },
        {
            "codigo": "i71w4fQpOY",
            "total": 20,
            "valor_unitario": 531771,
            "descuento": 0.28,
            "IVA": 19
        },
        {
            "codigo": "iKrdVnOLO0",
            "total": 10,
            "valor_unitario": 66253,
            "descuento": 0.14,
            "IVA": 0
        },
        {
            "codigo": "dS2mguIyFt",
            "total": 6,
            "valor_unitario": 475134,
            "descuento": 0.18,
            "IVA": 5
        },
        {
            "codigo": "PFs7sDd57T",
            "total": 5,
            "valor_unitario": 471688,
            "descuento": 0.13,
            "IVA": 19
        },
        {
            "codigo": "xyTp2YPyqO",
            "total": 4,
            "valor_unitario": 53787,
            "descuento": 0.35,
            "IVA": 19
        }
    ]
}