{
    "empresa_nit": "789526431",
    "empresa_ciudad": "BARRANQUILLA",
    "empresa_sede": "terminal",
    "empresa_nombre": "Supermercado Central",
    "fecha_hora": "2024-09-05 14:32:16",
    "factura_num": "01106",
    "ciente_numero": 515299298,
    "pago_tipo": "TRANFERENCIA",
    "productos": [
        {
            "codigo": "ypANKFS4a7",
            "total": 13,
            "valor_unitario": 457205,
            "descuento": 0.42,
            "IVA": 0
        },
        {
            "codigo": "wafeDuIKpJ",
            "total": 9,
            "valor_unitario": 844848,
            "descuento": 0.16,
            "IVA": 5
        },
        {
            "codigo": "4dFeAcVy2A",
            "total": 17,
            "valor_unitario": 2872,
            "descuento": 0.2,
            "IVA": 0
        },
        {
            "codigo": "fQu0Ulkg3g",
            "total": 3,
            "valor_unitario": 261584,
            "descuento": 0.48,
            "IVA": 19
        },
        {
            "codigo": "lkhHQfpZ2y",
            "total": 9,
            "valor_unitario": 248421,
            "descuento": 0.07,
            "IVA": 5
        },
        {
            "codigo": "783xpuGF0Y",
            "total": 11,
            "valor_unitario": 214349,
            "descuento": 0.0,
            "IVA": 5
        },
        {
            "codigo": "oDEGqboNbF",
            "total": 4,
            "valor_unitario": 663928,
            "descuento": 0.41,
            "IVA": 19
        }
    ]
}