{
    "empresa_nit": "789526431",
    "empresa_ciudad": "TUNJA",
    "empresa_sede": "plaza",
    "empresa_nombre": "Supermercado Central",
    "fecha_hora": "2024-04-04 02:24:30",
    "factura_num": "01173",
    "ciente_numero": 385063559,
    "pago_tipo": "TRANFERENCIA",
    "productos": [
        {
            "codigo": "Ou4bsMmvko",
            "total": 13,
            "valor_unitario": 40463,
            "descuento": 0.39,
            "IVA": 0
        },
        {
            "codigo": "Nj0WqRMK1z",
            "total": 18,
            "valor_unitario": 841881,
            "descuento": 0.4,
            "IVA": 5
        },
        {
            "codigo": "wt5MyHCYqe",
            "total": 10,
            "valor_unitario": 164910,
            "descuento": 0.24,
            "IVA": 5
        },
        {
            "codigo": "iyy1z00qir",
            "total": 15,
            "valor_unitario": 694901,
            "descuento": 0.18,
            "IVA": 19
        },
        {
            "codigo": "9hN3uPnpCe",
            "total": 1,
            "valor_unitario": 678287,
            "descuento": 0.17,
            "IVA": 19
        },
        {
            "codigo": "o9Q5xmst0o",
            "total": 7,
            "valor_unitario": 231261,
            "descuento": 0.32,
            "IVA": 0
        },
        {
            "codigo": "28VmlDeHtL",
            "total": 1,
            "valor_unitario": 477361,
            "descuento": 0.33,
            "IVA": 0
        },
        {
            "codigo": "IDvVlM3Siu",
            "total": 8,
            "valor_unitario": 876917,
            "descuento": 0.44,
            "IVA": 5
        },
        {
            "codigo": "nOUOB7RAtd",
            "total": 18,
            "valor_unitario": 883391,
            "descuento": 0.46,
            "IVA": 0
        },
        {
            "codigo": "lpYd3G7qoU",
            "total": 17,
            "valor_unitario": 824708,
            "descuento": 0.45,
            "IVA": 5
        },
        {
            "codigo": "eYSH0dNMsR",
            "total": 11,
            "valor_unitario": 112198,
            "descuento": 0.5,
            "IVA": 5
        },
        {
            "codigo": "bv1Y8F3Exx",
            "total": 6,
            "valor_unitario": 796835,
            "descuento": 0.15,
            "IVA": 19
        },
        {
            "codigo": "jjh618mhtv",
            "total": 5,
            "valor_unitario": 642615,
            "descuento": 0.12,
            "IVA": 5
        },
        {
            "codigo": "qEfWnAPaQz",
            "total": 11,
            "valor_unitario": 238391,
            "descuento": 0.29,
            "IVA": 5
        },
        {
            "codigo": "q1TNu97x7b",
            "total": 14,
            "valor_unitario": 885415,
            "descuento": 0.47,
            "IVA": 5
        },
        {
            "codigo": "uvaEmozKIf",
            "total": 5,
            "valor_unitario": 772393,
            "descuento": 0.12,
            "IVA": 19
        }
    ]
}