{
    "empresa_nit": "789526431",
    "empresa_ciudad": "BARRANQUILLA",
    "empresa_sede": "autopista",
    "empresa_nombre": "Supermercado Central",
    "fecha_hora": "2020-10-02 23:48:26",
    "factura_num": "01017",
    "ciente_numero": 58675988,
    "pago_tipo": "EFECTIVO",
    "productos": [
        {
            "codigo": "6jC2aqAWtq",
            "total": 4,
            "valor_unitario": 579089,
            "descuento": 0.11,
            "IVA": 5
        },
        {
            "codigo": "zl56exOw8N",
            "total": 7,
            "valor_unitario": 889683,
            "descuento": 0.47,
            "IVA": 19
        },
        {
            "codigo": "p8dAIHHzs2",
            "total": 7,
            "valor_unitario": 792291,
            "descuento": 0.16,
            "IVA": 5
        },
        {
            "codigo": "7Ttqnin1Ic",
            "total": 4,
            "valor_unitario": 102944,
            "descuento": 0.14,
            "IVA": 5
        },
        {
            "codigo": "WjzTChll2Q",
            "total": 6,
            "valor_unitario": 397356,
            "descuento": 0.49,
            "IVA": 0
        },
        {
            "codigo": "zWx2XFTFp2",
            "total": 12,
            "valor_unitario": 295564,
            "descuento": 0.02,
            "IVA": 0
        },
        {
            "codigo": "eEwZxDiZPb",
            "total": 2,
            "valor_unitario": 929266,
            "descuento": 0.29,
            "IVA": 0
        },
        {
            "codigo": "QopDt4R1vu",
            "total": 3,
            "valor_unitario": 256173,
            "descuento": 0.09,
            "IVA": 19
        },
        {
            "codigo": "NHkuLmBSjx",
            "total": 4,
            "valor_unitario": 625566,
            "descuento": 0.2,
            "IVA": 19
        },
        {
            "codigo": "a2R3xsIjc9",
            "total": 10,
            "valor_unitario": 120694,
            "descuento": 0.3,
            "IVA": 19
        },
        {
            "codigo": "UZcB0R4G7B",
            "total": 6,
            "valor_unitario": 146805,
            "descuento": 0.34,
            "IVA": 5
        },
        {
            "codigo": "QpC0emkxKD",
            "total": 13,
            "valor_unitario": 275503,
            "descuento": 0.43,
            "IVA": 19
        },
        {
            "codigo": "ZLHoBFLoK2",
            "total": 11,
            "valor_unitario": 737749,
            "descuento": 0.19,
            "IVA": 0
        },
        {
            "codigo": "dl7CJTtgng",
            "total": 13,
            "valor_unitario": 289260,
            "descuento": 0.16,
            "IVA": 0
        },
        {
            "codigo": "nQK7HWusQj",
            "total": 14,
            "valor_unitario": 23226,
            "descuento": 0.28,
            "IVA": 5
        }
    ]
}