{
    "empresa_nit": "789526431",
    "empresa_ciudad": "BOGOTA",
    "empresa_sede": "alcaldia",
    "empresa_nombre": "Supermercado Central",
    "fecha_hora": "2021-12-22 01:19:49",
    "factura_num": "01011",
    "ciente_numero": 603053904,
    "pago_tipo": "TAR.DEBITO",
    "productos": [
        {
            "codigo": "r92sk9SG0C",
            "total": 10,
            "valor_unitario": 513362,
            "descuento": 0.41,
            "IVA": 19
        },
        {
            "codigo": "3oSVnek8Jp",
            "total": 14,
            "valor_unitario": 327315,
            "descuento": 0.12,
            "IVA": 19
        },
        {
            "codigo": "uSfvIg2Y0j",
            "total": 5,
            "valor_unitario": 905361,
            "descuento": 0.22,
            "IVA": 19
        },
        {
            "codigo": "xo5usFWGHw",
            "total": 15,
            "valor_unitario": 896532,
            "descuento": 0.11,
            "IVA": 0
        },
        {
            "codigo": "79Wr9DPpVb",
            "total": 8,
            "valor_unitario": 43626,
            "descuento": 0.03,
            "IVA": 5
        },
        {
            "codigo": "fmHAGMAzOw",
            "total": 3,
            "valor_unitario": 666724,
            "descuento": 0.15,
            "IVA": 19
        },
        {
            "codigo": "fVHz5S25RK",
            "total": 11,
            "valor_unitario": 489047,
            "descuento": 0.42,
            "IVA": 19
        },
        {
            "codigo": "KKbbDxVX63",
            "total": 5,
            "valor_unitario": 87417,
            "descuento": 0.35,
            "IVA": 0
        },
        {
            "codigo": "zZwYUIuIhl",
            "total": 1,
            "valor_unitario": 965188,
            "descuento": 0.34,
            "IVA": 0
        },
        {
            "codigo": "P5zyZCdTIa",
            "total": 10,
            "valor_unitario": 482059,
            "descuento": 0.18,
            "IVA": 19
        },
        {
            "codigo": "3KQAXBChZy",
            "total": 19,
            "valor_unitario": 246087,
            "descuento": 0.22,
            "IVA": 0
        },
        {
            "codigo": "JT06Bv51sW",
            "total": 18,
            "valor_unitario": 779764,
            "descuento": 0.34,
            "IVA": 0
        },
        {
            "codigo": "ykjKpS8FLj",
            "total": 4,
            "valor_unitario": 174965,
            "descuento": 0.18,
            "IVA": 19
        },
        {
            "codigo": "eoJdmjzAMb",
            "total": 20,
            "valor_unitario": 914203,
            "descuento": 0.36,
            "IVA": 0
        },
        {
            "codigo": "X8jfjGKSiT",
            "total": 13,
            "valor_unitario": 911992,
            "descuento": 0.03,
            "IVA": 0
        },
        {
            "codigo": "3WKpiuVL03",
            "total": 6,
            "valor_unitario": 152887,
            "descuento": 0.2,
            "IVA": 0
        },
        {
            "codigo": "97CJiVmaA2",
            "total": 15,
            "valor_unitario": 68461,
            "descuento": 0.15,
            "IVA": 0
        }
    ]
}