{
    "empresa_nit": "789526431",
    "empresa_ciudad": "BARRANQUILLA",
    "empresa_sede": "aeropuerto",
    "empresa_nombre": "Supermercado Central",
    "fecha_hora": "2022-06-16 02:52:32",
    "factura_num": "00119",
    "ciente_numero": 296695662,
    "pago_tipo": "EFECTIVO",
    "productos": [
        {
            "codigo": "HCsaRdwCqP",
            "total": 18,
            "valor_unitario": 671028,
            "descuento": 0.32,
            "IVA": 19
        },
        {
            "codigo": "bIoObeQVhV",
            "total": 20,
            "valor_unitario": 679909,
            "descuento": 0.23,
            "IVA": 19
        },
        {
            "codigo": "QKAKzwp5Mm",
            "total": 15,
            "valor_unitario": 713515,
            "descuento": 0.22,
            "IVA": 19
        },
        {
            "codigo": "p3MgXdGk0P",
            "total": 4,
            "valor_unitario": 132109,
            "descuento": 0.13,
            "IVA": 0
        },
        {
            "codigo": "hmXhgBX8vb",
            "total": 2,
            "valor_unitario": 536177,
            "descuento": 0.4,
            "IVA": 0
        },
        {
            "codigo": "ctFOZGagHv",
            "total": 8,
            "valor_unitario": 408589,
            "descuento": 0.48,
            "IVA": 5
        },
        {
            "codigo": "0AEPWOhDkQ",
            "total": 3,
            "valor_unitario": 135945,
            "descuento": 0.47,
            "IVA": 19
        },
        {
            "codigo": "GcPYsbZjYc",
            "total": 12,
            "valor_unitario": 312684,
            "descuento": 0.44,
            "IVA": 19
        }
    ]
}