{
    "empresa_nit": "789526431",
    "empresa_ciudad": "CALI",
    "empresa_sede": "aeropuerto",
    "empresa_nombre": "Supermercado Central",
    "fecha_hora": "2021-09-04 08:50:49",
    "factura_num": "01219",
    "ciente_numero": 144067914,
    "pago_tipo": "EFECTIVO",
    "productos": [
        {
            "codigo": "RODFY5pS3S",
            "total": 19,
            "valor_unitario": 995822,
            "descuento": 0.29,
            "IVA": 19
        },
        {
            "codigo": "47Vkn1P4bD",
            "total": 12,
            "valor_unitario": 237601,
            "descuento": 0.14,
            "IVA": 19
        },
        {
            "codigo": "KV4dfxIzqh",
            "total": 10,
            "valor_unitario": 250783,
            "descuento": 0.48,
            "IVA": 5
        },
        {
            "codigo": "p8rGwaMukh",
            "total": 5,
            "valor_unitario": 486270,
            "descuento": 0.05,
            "IVA": 5
        },
        {
            "codigo": "BZjbWTf7WY",
            "total": 5,
            "valor_unitario": 424710,
            "descuento": 0.1,
            "IVA": 0
        },
        {
            "codigo": "j2ba0LsrJ3",
            "total": 10,
            "valor_unitario": 735031,
            "descuento": 0.04,
            "IVA": 0
        },
        {
            "codigo": "wF5djhZpRd",
            "total": 13,
            "valor_unitario": 449275,
            "descuento": 0.26,
            "IVA": 5
        },
        {
            "codigo": "QjtqBEuNiq",
            "total": 11,
            "valor_unitario": 123931,
            "descuento": 0.43,
            "IVA": 0
        },
        {
            "codigo": "kRQWEzogut",
            "total": 1,
            "valor_unitario": 777708,
            "descuento": 0.14,
            "IVA": 0
        },
        {
            "codigo": "FPKssRHLCt",
            "total": 8,
            "valor_unitario": 142909,
            "descuento": 0.17,
            "IVA": 0
        },
        {
            "codigo": "xH0V0pVyId",
            "total": 16,
            "valor_unitario": 843367,
            "descuento": 0.26,
            "IVA": 0
        },
        {
            "codigo": "QXSrNTcJE5",
            "total": 11,
            "valor_unitario": 627218,
            "descuento": 0.13,
            "IVA": 5
        },
        {
            "codigo": "HLY9GUhbUY",
            "total": 17,
            "valor_unitario": 91025,
            "descuento": 0.05,
            "IVA": 19
        }
    ]
}