{
    "empresa_nit": "789526431",
    "empresa_ciudad": "MEDELLIN",
    "empresa_sede": "plaza",
    "empresa_nombre": "Supermercado Central",
    "fecha_hora": "2024-06-15 19:28:21",
    "factura_num": "01256",
    "ciente_numero": 389388453,
    "pago_tipo": "EFECTIVO",
    "productos": [
        {
            "codigo": "VWeMUwzn9F",
            "total": 11,
            "valor_unitario": 97338,
            "descuento": 0.42,
            "IVA": 5
        },
        {
            "codigo": "0EPscC8off",
            "total": 7,
            "valor_unitario": 561417,
            "descuento": 0.17,
            "IVA": 5
        },
        {
            "codigo": "V3Hd3Vc9PV",
            "total": 1,
            "valor_unitario": 358730,
            "descuento": 0.03,
            "IVA": 0
        }
    ]
}