{
    "empresa_nit": "789526431",
    "empresa_ciudad": "MEDELLIN",
    "empresa_sede": "alcaldia",
    "empresa_nombre": "Supermercado Central",
    "fecha_hora": "2020-07-20 23:48:01",
    "factura_num": "01007",
    "ciente_numero": 704183800,
    "pago_tipo": "TAR.CREDITO",
    "productos": [
        {
            "codigo": "v26u62pj3K",
            "total": 11,
            "valor_unitario": 338246,
            "descuento": 0.05,
            "IVA": 5
        },
        {
            "codigo": "kMV0eHYfFE",
            "total": 5,
            "valor_unitario": 624496,
            "descuento": 0.04,
            "IVA": 19
        },
        {
            "codigo": "LkucimEVjy",
            "total": 3,
            "valor_unitario": 961288,
            "descuento": 0.18,
            "IVA": 0
        },
        {
            "codigo": "RmkpgZF9ET",
            "total": 14,
            "valor_unitario": 18832,
            "descuento": 0.45,
            "IVA": 19
        },
        {
            "codigo": "0qqk2t2nUH",
            "total": 12,
            "valor_unitario": 830730,
            "descuento": 0.17,
            "IVA": 0
        },
        {
            "codigo": "t0P9G3FHr1",
            "total": 8,
            "valor_unitario": 846276,
            "descuento": 0.42,
            "IVA": 0
        },
        {
            "codigo": "dA7JlQ1wTP",
            "total": 15,
            "valor_unitario": 540824,
            "descuento": 0.08,
            "IVA": 0
        },
        {
            "codigo": "92SG2DOQoj",
            "total": 5,
            "valor_unitario": 93497,
            "descuento": 0.13,
            "IVA": 0
        },
        {
            "codigo": "2RXf6ebCE5",
            "total": 9,
            "valor_unitario": 772782,
            "descuento": 0.34,
            "IVA": 19
        },
        {
            "codigo": "of8kMtJa6e",
            "total": 10,
            "valor_unitario": 812310,
            "descuento": 0.47,
            "IVA": 19
        },
        {
            "codigo": "ufefaKj0D2",
            "total": 3,
            "valor_unitario": 707670,
            "descuento": 0.42,
            "IVA": 0
        },
        {
            "codigo": "j1BJno598h",
            "total": 7,
            "valor_unitario": 281826,
            "descuento": 0.26,
            "IVA": 5
        },
        {
            "codigo": "wUs8mUUrBy",
            "total": 4,
            "valor_unitario": 247767,
            "descuento": 0.2,
            "IVA": 5
        }
    ]
}