{
    "empresa_nit": "789526431",
    "empresa_ciudad": "CALI",
    "empresa_sede": "autopista",
    "empresa_nombre": "Supermercado Central",
    "fecha_hora": "2020-07-03 07:26:06",
    "factura_num": "00115",
    "ciente_numero": 266162372,
    "pago_tipo": "TAR.DEBITO",
    "productos": [
        {
            "codigo": "b18BFohsvE",
            "total": 10,
            "valor_unitario": 809933,
            "descuento": 0.27,
            "IVA": 0
        },
        {
            "codigo": "ikEJ1rDxzs",
            "total": 1,
            "valor_unitario": 493870,
            "descuento": 0.01,
            "IVA": 19
        },
        {
            "codigo": "RbFdVpKre2",
            "total": 14,
            "valor_unitario": 66497,
            "descuento": 0.34,
            "IVA": 0
        },
        {
            "codigo": "4lebcy8kMN",
            "total": 10,
            "valor_unitario": 31805,
            "descuento": 0.24,
            "IVA": 5
        },
        {
            "codigo": "tkqywXr4e1",
            "total": 10,
            "valor_unitario": 518566,
            "descuento": 0.12,
            "IVA": 19
        },
        {
            "codigo": "1gqpQAbtNC",
            "total": 11,
            "valor_unitario": 463065,
            "descuento": 0.11,
            "IVA": 19
        }
    ]
}