{
    "empresa_nit": "789526431",
    "empresa_ciudad": "CALI",
    "empresa_sede": "terminal",
    "empresa_nombre": "Supermercado Central",
    "fecha_hora": "2023-05-23 03:27:10",
    "factura_num": "00129",
    "ciente_numero": 852475899,
    "pago_tipo": "TRANFERENCIA",
    "productos": [
        {
            "codigo": "PHp58YJIbk",
            "total": 8,
            "valor_unitario": 441489,
            "descuento": 0.32,
            "IVA": 0
        },
        {
            "codigo": "VgvaZWwPAh",
            "total": 14,
            "valor_unitario": 369623,
            "descuento": 0.38,
            "IVA": 5
        },
        {
            "codigo": "Ie6ux3D7l0",
            "total": 13,
            "valor_unitario": 208929,
            "descuento": 0.19,
            "IVA": 19
        },
        {
            "codigo": "qdVfFkMy4d",
            "total": 3,
            "valor_unitario": 904981,
            "descuento": 0.03,
            "IVA": 5
        },
        {
            "codigo": "TXLlXlSjjo",
            "total": 7,
            "valor_unitario": 367593,
            "descuento": 0.07,
            "IVA": 0
        },
        {
            "codigo": "RwVsk4G8MQ",
            "total": 14,
            "valor_unitario": 333811,
            "descuento": 0.42,
            "IVA": 0
        },
        {
            "codigo": "irSynHiWD6",
            "total": 15,
            "valor_unitario": 565343,
            "descuento": 0.03,
            "IVA": 19
        },
        {
            "codigo": "HHFJA1tKRs",
            "total": 18,
            "valor_unitario": 438694,
            "descuento": 0.09,
            "IVA": 19
        },
        {
            "codigo": "BLfuq6QCuT",
            "total": 10,
            "valor_unitario": 751600,
            "descuento": 0.37,
            "IVA": 5
        },
        {
            "codigo": "sje2TzXcV1",
            "total": 7,
            "valor_unitario": 860095,
            "descuento": 0.38,
            "IVA": 0
        },
        {
            "codigo": "DDz1E0NZVk",
            "total": 5,
            "valor_unitario": 626564,
            "descuento": 0.35,
            "IVA": 19
        },
        {
            "codigo": "QUX1dWgihK",
            "total": 17,
            "valor_unitario": 652197,
            "descuento": 0.4,
            "IVA": 5
        }
    ]
}