{
    "empresa_nit": "789526431",
    "empresa_ciudad": "BARRANQUILLA",
    "empresa_sede": "alcaldia",
    "empresa_nombre": "Supermercado Central",
    "fecha_hora": "2020-03-12 11:35:23",
    "factura_num": "01207",
    "ciente_numero": 860352911,
    "pago_tipo": "TRANFERENCIA",
    "productos": [
        {
            "codigo": "fQSNUHAAFj",
            "total": 12,
            "valor_unitario": 330721,
            "descuento": 0.34,
            "IVA": 19
        },
        {
            "codigo": "NQmaRuO299",
            "total": 4,
            "valor_unitario": 745791,
            "descuento": 0.03,
            "IVA": 5
        },
        {
            "codigo": "ooH64553ii",
            "total": 11,
            "valor_unitario": 574433,
            "descuento": 0.24,
            "IVA": 19
        },
        {
            "codigo": "H9X91iVQxh",
            "total": 18,
            "valor_unitario": 128349,
            "descuento": 0.07,
            "IVA": 19
        },
        {
            "codigo": "vU7Wp6gaie",
            "total": 13,
            "valor_unitario": 194334,
            "descuento": 0.47,
            "IVA": 5
        },
        {
            "codigo": "amhNatF5Rv",
            "total": 15,
            "valor_unitario": 759696,
            "descuento": 0.08,
            "IVA": 5
        },
        {
            "codigo": "zKm5JZTwcI",
            "total": 17,
            "valor_unitario": 681775,
            "descuento": 0.39,
            "IVA": 19
        },
        {
            "codigo": "B0dF2tmEhz",
            "total": 5,
            "valor_unitario": 942743,
            "descuento": 0.16,
            "IVA": 19
        },
        {
            "codigo": "nRED356lPk",
            "total": 3,
            "valor_unitario": 635738,
            "descuento": 0.07,
            "IVA": 0
        },
        {
            "codigo": "LeRzb3jgC4",
            "total": 4,
            "valor_unitario": 59323,
            "descuento": 0.48,
            "IVA": 0
        },
        {
            "codigo": "KCLJycIt6n",
            "total": 9,
            "valor_unitario": 758684,
            "descuento": 0.45,
            "IVA": 5
        },
        {
            "codigo": "BqlSb6iiVl",
            "total": 17,
            "valor_unitario": 575543,
            "descuento": 0.45,
            "IVA": 19
        },
        {
            "codigo": "yhFZvdGKlX",
            "total": 18,
            "valor_unitario": 185072,
            "descuento": 0.07,
            "IVA": 5
        },
        {
            "codigo": "3L7SYhM5CJ",
            "total": 9,
            "valor_unitario": 774803,
            "descuento": 0.4,
            "IVA": 0
        },
        {
            "codigo": "nTVB7T4F67",
            "total": 12,
            "valor_unitario": 538297,
            "descuento": 0.35,
            "IVA": 19
        },
        {
            "codigo": "NqG7nskuXN",
            "total": 10,
            "valor_unitario": 168580,
            "descuento": 0.36,
            "IVA": 0
        },
        {
            "codigo": "Hr8PnSZ0xJ",
            "total": 1,
            "valor_unitario": 230564,
            "descuento": 0.45,
            "IVA": 19
        },
        {
            "codigo": "Mt1u3TU6VH",
            "total": 2,
            "valor_unitario": 942698,
            "descuento": 0.07,
            "IVA": 0
        }
    ]
}