{
    "empresa_nit": "789526431",
    "empresa_ciudad": "BOGOTA",
    "empresa_sede": "alcaldia",
    "empresa_nombre": "Supermercado Central",
    "fecha_hora": "2024-03-03 14:46:44",
    "factura_num": "01087",
    "ciente_numero": 744451464,
    "pago_tipo": "TAR.DEBITO",
    "productos": [
        {
            "codigo": "uM50sN3kzA",
            "total": 6,
            "valor_unitario": 954054,
            "descuento": 0.47,
            "IVA": 19
        },
        {
            "codigo": "ILcbtsFjH8",
            "total": 16,
            "valor_unitario": 451617,
            "descuento": 0.46,
            "IVA": 0
        }
    ]
}