{
    "empresa_nit": "789526431",
    "empresa_ciudad": "BOGOTA",
    "empresa_sede": "centro",
    "empresa_nombre": "Supermercado Central",
    "fecha_hora": "2021-07-02 17:07:01",
    "factura_num": "01208",
    "ciente_numero": 59493533,
    "pago_tipo": "TAR.CREDITO",
    "productos": [
        {
            "codigo": "EZsHS81FHO",
            "total": 10,
            "valor_unitario": 139646,
            "descuento": 0.32,
            "IVA": 19
        },
        {
            "codigo": "VeAhkgjoqG",
            "total": 3,
            "valor_unitario": 386068,
            "descuento": 0.38,
            "IVA": 0
        },
        {
            "codigo": "i92bfpeRDA",
            "total": 20,
            "valor_unitario": 565309,
            "descuento": 0.39,
            "IVA": 5
        },
        {
            "codigo": "WPmNAkVkRA",
            "total": 18,
            "valor_unitario": 460555,
            "descuento": 0.46,
            "IVA": 5
        },
        {
            "codigo": "01AIQuYdLu",
            "total": 15,
            "valor_unitario": 698206,
            "descuento": 0.48,
            "IVA": 19
        },
        {
            "codigo": "RFbq1K7hzE",
            "total": 2,
            "valor_unitario": 593383,
            "descuento": 0.04,
            "IVA": 5
        },
        {
            "codigo": "wWIVX2qtq5",
            "total": 17,
            "valor_unitario": 629842,
            "descuento": 0.11,
            "IVA": 0
        },
        {
            "codigo": "x3L813H5eY",
            "total": 2,
            "valor_unitario": 831311,
            "descuento": 0.45,
            "IVA": 0
        }
    ]
}