{
    "empresa_nit": "789526431",
    "empresa_ciudad": "TUNJA",
    "empresa_sede": "autopista",
    "empresa_nombre": "Supermercado Central",
    "fecha_hora": "2023-12-09 16:56:10",
    "factura_num": "01448",
    "ciente_numero": 586833574,
    "pago_tipo": "EFECTIVO",
    "productos": [
        {
            "codigo": "UZebcDQg8E",
            "total": 19,
            "valor_unitario": 549453,
            "descuento": 0.29,
            "IVA": 19
        },
        {
            "codigo": "atJy8sbYdJ",
            "total": 15,
            "valor_unitario": 497910,
            "descuento": 0.49,
            "IVA": 19
        },
        {
            "codigo": "9x6thwPLlv",
            "total": 7,
            "valor_unitario": 535374,
            "descuento": 0.42,
            "IVA": 5
        },
        {
            "codigo": "hzlzg5H24a",
            "total": 4,
            "valor_unitario": 356483,
            "descuento": 0.26,
            "IVA": 5
        },
        {
            "codigo": "ncPLVX7Vio",
            "total": 15,
            "valor_unitario": 383823,
            "descuento": 0.1,
            "IVA": 0
        },
        {
            "codigo": "gM6zwRuUYn",
            "total": 3,
            "valor_unitario": 165355,
            "descuento": 0.17,
            "IVA": 19
        },
        {
            "codigo": "KQLsbRyH1K",
            "total": 10,
            "valor_unitario": 414093,
            "descuento": 0.03,
            "IVA": 19
        },
        {
            "codigo": "v2UhGDzZQA",
            "total": 20,
            "valor_unitario": 84664,
            "descuento": 0.04,
            "IVA": 19
        },
        {
            "codigo": "herXZJkR04",
            "total": 5,
            "valor_unitario": 547349,
            "descuento": 0.25,
            "IVA": 19
        },
        {
            "codigo": "aDBNgYBNnr",
            "total": 10,
            "valor_unitario": 923650,
            "descuento": 0.34,
            "IVA": 5
        },
        {
            "codigo": "mfXkAHVNhr",
            "total": 4,
            "valor_unitario": 496525,
            "descuento": 0.01,
            "IVA": 5
        },
        {
            "codigo": "ugQaqdMI0H",
            "total": 3,
            "valor_unitario": 206235,
            "descuento": 0.23,
            "IVA": 19
        },
        {
            "codigo": "twkdC4LIOH",
            "total": 5,
            "valor_unitario": 535848,
            "descuento": 0.39,
            "IVA": 0
        },
        {
            "codigo": "JBruiwG0mC",
            "total": 8,
            "valor_unitario": 848356,
            "descuento": 0.08,
            "IVA": 19
        },
        {
            "codigo": "zScUXoJr8Z",
            "total": 12,
            "valor_unitario": 219315,
            "descuento": 0.07,
            "IVA": 5
        },
        {
            "codigo": "g8rMekl0zk",
            "total": 13,
            "valor_unitario": 324071,
            "descuento": 0.49,
            "IVA": 0
        },
        {
            "codigo": "KiyJtkHOIv",
            "total": 9,
            "valor_unitario": 191533,
            "descuento": 0.45,
            "IVA": 19
        },
        {
            "codigo": "BsHjV4CVrj",
            "total": 9,
            "valor_unitario": 515646,
            "descuento": 0.33,
            "IVA": 5
        }
    ]
}