{
    "empresa_nit": "789526431",
    "empresa_ciudad": "BOGOTA",
    "empresa_sede": "centro",
    "empresa_nombre": "Supermercado Central",
    "fecha_hora": "2024-09-09 22:43:49",
    "factura_num": "01063",
    "ciente_numero": 951305049,
    "pago_tipo": "TAR.CREDITO",
    "productos": [
        {
            "codigo": "of6rqFExDZ",
            "total": 18,
            "valor_unitario": 587396,
            "descuento": 0.12,
            "IVA": 5
        },
        {
            "codigo": "kYSBkRMSMP",
            "total": 2,
            "valor_unitario": 719519,
            "descuento": 0.39,
            "IVA": 0
        },
        {
            "codigo": "FMnXQCK7KQ",
            "total": 3,
            "valor_unitario": 775889,
            "descuento": 0.3,
            "IVA": 0
        },
        {
            "codigo": "9mg15Re48r",
            "total": 1,
            "valor_unitario": 932751,
            "descuento": 0.39,
            "IVA": 5
        },
        {
            "codigo": "T5kSZvV3A2",
            "total": 5,
            "valor_unitario": 613680,
            "descuento": 0.4,
            "IVA": 0
        },
        {
            "codigo": "7H6XGM2BxI",
            "total": 1,
            "valor_unitario": 213773,
            "descuento": 0.34,
            "IVA": 0
        },
        {
            "codigo": "LogHcu8v8P",
            "total": 1,
            "valor_unitario": 859372,
            "descuento": 0.17,
            "IVA": 0
        },
        {
            "codigo": "nfZvwu4Swu",
            "total": 1,
            "valor_unitario": 696751,
            "descuento": 0.2,
            "IVA": 19
        },
        {
            "codigo": "OySP6aJXSl",
            "total": 16,
            "valor_unitario": 440724,
            "descuento": 0.47,
            "IVA": 5
        },
        {
            "codigo": "NQJplQd8K1",
            "total": 7,
            "valor_unitario": 233483,
            "descuento": 0.5,
            "IVA": 19
        },
        {
            "codigo": "BrUqzzGbwB",
            "total": 10,
            "valor_unitario": 735835,
            "descuento": 0.03,
            "IVA": 0
        }
    ]
}