{
    "empresa_nit": "789526431",
    "empresa_ciudad": "TUNJA",
    "empresa_sede": "autopista",
    "empresa_nombre": "Supermercado Central",
    "fecha_hora": "2020-05-07 23:27:43",
    "factura_num": "01230",
    "ciente_numero": 188806825,
    "pago_tipo": "TAR.DEBITO",
    "productos": [
        {
            "codigo": "6mCWS7JlKG",
            "total": 10,
            "valor_unitario": 93318,
            "descuento": 0.38,
            "IVA": 19
        },
        {
            "codigo": "JhZXG6k9QD",
            "total": 13,
            "valor_unitario": 98243,
            "descuento": 0.46,
            "IVA": 5
        },
        {
            "codigo": "0EqfWD1RjM",
            "total": 13,
            "valor_unitario": 58647,
            "descuento": 0.15,
            "IVA": 5
        },
        {
            "codigo": "GfzoPoCTjA",
            "total": 4,
            "valor_unitario": 375524,
            "descuento": 0.16,
            "IVA": 0
        },
        {
            "codigo": "da3g968XP1",
            "total": 7,
            "valor_unitario": 325021,
            "descuento": 0.15,
            "IVA": 0
        }
    ]
}