{
    "empresa_nit": "789526431",
    "empresa_ciudad": "BOGOTA",
    "empresa_sede": "centro",
    "empresa_nombre": "Supermercado Central",
    "fecha_hora": "2023-12-27 18:13:39",
    "factura_num": "01240",
    "ciente_numero": 234883122,
    "pago_tipo": "TAR.CREDITO",
    "productos": [
        {
            "codigo": "xPBpTtzA6M",
            "total": 14,
            "valor_unitario": 478456,
            "descuento": 0.06,
            "IVA": 5
        },
        {
            "codigo": "pWWRQY3IFo",
            "total": 3,
            "valor_unitario": 297589,
            "descuento": 0.46,
            "IVA": 5
        },
        {
            "codigo": "JA73V9zyzf",
            "total": 3,
            "valor_unitario": 327593,
            "descuento": 0.25,
            "IVA": 0
        },
        {
            "codigo": "v5F8xeFwwO",
            "total": 7,
            "valor_unitario": 520513,
            "descuento": 0.15,
            "IVA": 19
        },
        {
            "codigo": "gMs60EplcQ",
            "total": 17,
            "valor_unitario": 649256,
            "descuento": 0.06,
            "IVA": 5
        },
        {
            "codigo": "znAWiu0sJI",
            "total": 11,
            "valor_unitario": 58187,
            "descuento": 0.4,
            "IVA": 5
        },
        {
            "codigo": "nsw9SknYhD",
            "total": 11,
            "valor_unitario": 144014,
            "descuento": 0.48,
            "IVA": 0
        },
        {
            "codigo": "x5bMopysa6",
            "total": 3,
            "valor_unitario": 973642,
            "descuento": 0.25,
            "IVA": 5
        },
        {
            "codigo": "KYJbDu1EmY",
            "total": 13,
            "valor_unitario": 840811,
            "descuento": 0.33,
            "IVA": 5
        },
        {
            "codigo": "R9UspsfcJD",
            "total": 8,
            "valor_unitario": 645409,
            "descuento": 0.04,
            "IVA": 0
        },
        {
            "codigo": "EKN2XqpPyU",
            "total": 15,
            "valor_unitario": 241608,
            "descuento": 0.06,
            "IVA": 19
        },
        {
            "codigo": "sKcBfwhuHa",
            "total": 13,
            "valor_unitario": 321791,
            "descuento": 0.42,
            "IVA": 5
        },
        {
            "codigo": "cbx87X7R8O",
            "total": 10,
            "valor_unitario": 882456,
            "descuento": 0.36,
            "IVA": 19
        },
        {
            "codigo": "H0cBgVB1Pk",
            "total": 17,
            "valor_unitario": 242683,
            "descuento": 0.07,
            "IVA": 5
        },
        {
            "codigo": "npgSrEFUSE",
            "total": 14,
            "valor_unitario": 511367,
            "descuento": 0.09,
            "IVA": 19
        }
    ]
}