{
    "empresa_nit": "789526431",
    "empresa_ciudad": "BOGOTA",
    "empresa_sede": "centro",
    "empresa_nombre": "Supermercado Central",
    "fecha_hora": "2021-10-26 02:04:51",
    "factura_num": "01028",
    "ciente_numero": 738370439,
    "pago_tipo": "EFECTIVO",
    "productos": [
        {
            "codigo": "ki3FgHqwhv",
            "total": 4,
            "valor_unitario": 303153,
            "descuento": 0.06,
            "IVA": 0
        },
        {
            "codigo": "whIXjhWHCy",
            "total": 10,
            "valor_unitario": 555653,
            "descuento": 0.26,
            "IVA": 5
        },
        {
            "codigo": "vhj6xv6QiR",
            "total": 2,
            "valor_unitario": 524834,
            "descuento": 0.5,
            "IVA": 19
        },
        {
            "codigo": "NA08qJn13q",
            "total": 5,
            "valor_unitario": 871400,
            "descuento": 0.4,
            "IVA": 19
        },
        {
            "codigo": "zf5CESuZFe",
            "total": 12,
            "valor_unitario": 435323,
            "descuento": 0.41,
            "IVA": 0
        },
        {
            "codigo": "oVPyk5fLqJ",
            "total": 7,
            "valor_unitario": 416629,
            "descuento": 0.05,
            "IVA": 0
        },
        {
            "codigo": "tb8KeORMBn",
            "total": 3,
            "valor_unitario": 850980,
            "descuento": 0.16,
            "IVA": 5
        },
        {
            "codigo": "oBl0QsWcVa",
            "total": 13,
            "valor_unitario": 602148,
            "descuento": 0.28,
            "IVA": 19
        },
        {
            "codigo": "zU4u3sO7Tb",
            "total": 5,
            "valor_unitario": 23697,
            "descuento": 0.04,
            "IVA": 19
        },
        {
            "codigo": "e5hAFomUHn",
            "total": 19,
            "valor_unitario": 794312,
            "descuento": 0.02,
            "IVA": 0
        },
        {
            "codigo": "KmGkmPpw5b",
            "total": 16,
            "valor_unitario": 922387,
            "descuento": 0.32,
            "IVA": 19
        },
        {
            "codigo": "D7GZMlG9Ro",
            "total": 10,
            "valor_unitario": 960253,
            "descuento": 0.45,
            "IVA": 5
        },
        {
            "codigo": "YW6BgAEPQE",
            "total": 4,
            "valor_unitario": 413677,
            "descuento": 0.09,
            "IVA": 0
        },
        {
            "codigo": "8jTyX0UiOS",
            "total": 2,
            "valor_unitario": 442346,
            "descuento": 0.37,
            "IVA": 5
        },
        {
            "codigo": "4CLe5DRwdv",
            "total": 5,
            "valor_unitario": 501647,
            "descuento": 0.13,
            "IVA": 19
        },
        {
            "codigo": "SAFkbD7bWy",
            "total": 19,
            "valor_unitario": 631435,
            "descuento": 0.43,
            "IVA": 0
        },
        {
            "codigo": "ffe8SvBspu",
            "total": 5,
            "valor_unitario": 276668,
            "descuento": 0.07,
            "IVA": 5
        }
    ]
}