{
    "empresa_nit": "789526431",
    "empresa_ciudad": "TUNJA",
    "empresa_sede": "plaza",
    "empresa_nombre": "Supermercado Central",
    "fecha_hora": "2020-12-02 06:36:35",
    "factura_num": "01414",
    "ciente_numero": 303859704,
    "pago_tipo": "TAR.DEBITO",
    "productos": [
        {
            "codigo": "Hif1XcXfaX",
            "total": 15,
            "valor_unitario": 694469,
            "descuento": 0.35,
            "IVA": 0
        },
        {
            "codigo": "MviAgnr16M",
            "total": 18,
            "valor_unitario": 76737,
            "descuento": 0.28,
            "IVA": 19
        },
        {
            "codigo": "d7BY5y0bvR",
            "total": 9,
            "valor_unitario": 233452,
            "descuento": 0.23,
            "IVA": 0
        },
        {
            "codigo": "FaTti2Zn5W",
            "total": 4,
            "valor_unitario": 761753,
            "descuento": 0.32,
            "IVA": 19
        },
        {
            "codigo": "wzrKJ6Yt9O",
            "total": 6,
            "valor_unitario": 825789,
            "descuento": 0.34,
            "IVA": 5
        }
    ]
}