{
    "empresa_nit": "789526431",
    "empresa_ciudad": "TUNJA",
    "empresa_sede": "alcaldia",
    "empresa_nombre": "Supermercado Central",
    "fecha_hora": "2024-02-08 11:22:45",
    "factura_num": "01192",
    "ciente_numero": 12849240,
    "pago_tipo": "TAR.CREDITO",
    "productos": [
        {
            "codigo": "usK2wJXloP",
            "total": 18,
            "valor_unitario": 257281,
            "descuento": 0.29,
            "IVA": 19
        },
        {
            "codigo": "7eJlaZaYTN",
            "total": 3,
            "valor_unitario": 768596,
            "descuento": 0.38,
            "IVA": 5
        },
        {
            "codigo": "g7nyRwvaVv",
            "total": 8,
            "valor_unitario": 75580,
            "descuento": 0.26,
            "IVA": 5
        },
        {
            "codigo": "N1LrdJTAMo",
            "total": 20,
            "valor_unitario": 138834,
            "descuento": 0.44,
            "IVA": 19
        },
        {
            "codigo": "kp7TJzaJD6",
            "total": 9,
            "valor_unitario": 732890,
            "descuento": 0.14,
            "IVA": 5
        },
        {
            "codigo": "d2V7pd3gXm",
            "total": 4,
            "valor_unitario": 906197,
            "descuento": 0.23,
            "IVA": 19
        },
        {
            "codigo": "5ZD4RlnOBv",
            "total": 6,
            "valor_unitario": 772651,
            "descuento": 0.28,
            "IVA": 5
        }
    ]
}