{
    "empresa_nit": "789526431",
    "empresa_ciudad": "BOGOTA",
    "empresa_sede": "autopista",
    "empresa_nombre": "Supermercado Central",
    "fecha_hora": "2023-07-29 11:00:24",
    "factura_num": "01400",
    "ciente_numero": 148136037,
    "pago_tipo": "TRANFERENCIA",
    "productos": [
        {
            "codigo": "jDwJ1ldUYv",
            "total": 5,
            "valor_unitario": 23837,
            "descuento": 0.32,
            "IVA": 0
        },
        {
            "codigo": "qKk4aFYahh",
            "total": 15,
            "valor_unitario": 163915,
            "descuento": 0.33,
            "IVA": 0
        },
        {
            "codigo": "1giDgV0Wsu",
            "total": 15,
            "valor_unitario": 796441,
            "descuento": 0.11,
            "IVA": 19
        },
        {
            "codigo": "DzcMKQAo2e",
            "total": 9,
            "valor_unitario": 672196,
            "descuento": 0.41,
            "IVA": 5
        },
        {
            "codigo": "orAoCq1jzB",
            "total": 16,
            "valor_unitario": 530410,
            "descuento": 0.09,
            "IVA": 5
        },
        {
            "codigo": "vlf8S2KdPl",
            "total": 2,
            "valor_unitario": 325860,
            "descuento": 0.08,
            "IVA": 5
        },
        {
            "codigo": "1UduAAzByK",
            "total": 15,
            "valor_unitario": 432870,
            "descuento": 0.39,
            "IVA": 5
        },
        {
            "codigo": "YGVX3CmwgC",
            "total": 9,
            "valor_unitario": 245953,
            "descuento": 0.26,
            "IVA": 5
        }
    ]
}