{
    "empresa_nit": "789526431",
    "empresa_ciudad": "BARRANQUILLA",
    "empresa_sede": "aeropuerto",
    "empresa_nombre": "Supermercado Central",
    "fecha_hora": "2024-10-26 07:25:17",
    "factura_num": "01438",
    "ciente_numero": 552808191,
    "pago_tipo": "TAR.CREDITO",
    "productos": [
        {
            "codigo": "nY4Yt5qsxQ",
            "total": 15,
            "valor_unitario": 173491,
            "descuento": 0.33,
            "IVA": 0
        },
        {
            "codigo": "spjsKVsPud",
            "total": 6,
            "valor_unitario": 449590,
            "descuento": 0.46,
            "IVA": 0
        },
        {
            "codigo": "9J4uzHsmEa",
            "total": 5,
            "valor_unitario": 14864,
            "descuento": 0.32,
            "IVA": 19
        },
        {
            "codigo": "sqN4eoswxj",
            "total": 5,
            "valor_unitario": 658093,
            "descuento": 0.15,
            "IVA": 19
        },
        {
            "codigo": "XGESPveSbx",
            "total": 6,
            "valor_unitario": 566065,
            "descuento": 0.44,
            "IVA": 5
        },
        {
            "codigo": "vSDFU7Seyp",
            "total": 4,
            "valor_unitario": 14816,
            "descuento": 0.34,
            "IVA": 0
        },
        {
            "codigo": "7HbpEskleK",
            "total": 1,
            "valor_unitario": 325544,
            "descuento": 0.05,
            "IVA": 19
        },
        {
            "codigo": "fW1FkUQXHe",
            "total": 12,
            "valor_unitario": 292011,
            "descuento": 0.14,
            "IVA": 19
        }
    ]
}