{
    "empresa_nit": "789526431",
    "empresa_ciudad": "TUNJA",
    "empresa_sede": "alcaldia",
    "empresa_nombre": "Supermercado Central",
    "fecha_hora": "2020-08-19 23:41:16",
    "factura_num": "01021",
    "ciente_numero": 826339410,
    "pago_tipo": "EFECTIVO",
    "productos": [
        {
            "codigo": "9ub5YBcKqy",
            "total": 19,
            "valor_unitario": 231197,
            "descuento": 0.08,
            "IVA": 5
        },
        {
            "codigo": "SmHOEnShgU",
            "total": 13,
            "valor_unitario": 33987,
            "descuento": 0.14,
            "IVA": 5
        },
        {
            "codigo": "h1EMnRwtW4",
            "total": 16,
            "valor_unitario": 486036,
            "descuento": 0.36,
            "IVA": 5
        },
        {
            "codigo": "8ZPiv6IOWy",
            "total": 11,
            "valor_unitario": 58353,
            "descuento": 0.13,
            "IVA": 0
        },
        {
            "codigo": "lvzOKInEc8",
            "total": 12,
            "valor_unitario": 909216,
            "descuento": 0.22,
            "IVA": 5
        },
        {
            "codigo": "ilJBAjCOuc",
            "total": 15,
            "valor_unitario": 57845,
            "descuento": 0.3,
            "IVA": 19
        }
    ]
}