{
    "empresa_nit": "789526431",
    "empresa_ciudad": "MEDELLIN",
    "empresa_sede": "plaza",
    "empresa_nombre": "Supermercado Central",
    "fecha_hora": "2022-03-19 04:40:46",
    "factura_num": "01121",
    "ciente_numero": 703259860,
    "pago_tipo": "TRANFERENCIA",
    "productos": [
        {
            "codigo": "mA3Vw0RPwe",
            "total": 14,
            "valor_unitario": 949416,
            "descuento": 0.06,
            "IVA": 5
        },
        {
            "codigo": "yKT2Mg1bmc",
            "total": 5,
            "valor_unitario": 463961,
            "descuento": 0.1,
            "IVA": 0
        },
        {
            "codigo": "iniygt6nQa",
            "total": 8,
            "valor_unitario": 408523,
            "descuento": 0.07,
            "IVA": 19
        },
        {
            "codigo": "Pco4Tq3KAj",
            "total": 20,
            "valor_unitario": 130445,
            "descuento": 0.41,
            "IVA": 0
        },
        {
            "codigo": "W2sL3m90dP",
            "total": 4,
            "valor_unitario": 511703,
            "descuento": 0.01,
            "IVA": 0
        },
        {
            "codigo": "EmgPioqZ9J",
            "total": 2,
            "valor_unitario": 656213,
            "descuento": 0.35,
            "IVA": 5
        },
        {
            "codigo": "SRO5aGYrS9",
            "total": 2,
            "valor_unitario": 364548,
            "descuento": 0.25,
            "IVA": 5
        },
        {
            "codigo": "BHmIJ3aoMG",
            "total": 11,
            "valor_unitario": 411485,
            "descuento": 0.07,
            "IVA": 5
        },
        {
            "codigo": "4IYMLnyAls",
            "total": 3,
            "valor_unitario": 818790,
            "descuento": 0.06,
            "IVA": 19
        },
        {
            "codigo": "JESad2HfMs",
            "total": 8,
            "valor_unitario": 23598,
            "descuento": 0.42,
            "IVA": 0
        },
        {
            "codigo": "krLe12UNOG",
            "total": 15,
            "valor_unitario": 38575,
            "descuento": 0.28,
            "IVA": 5
        },
        {
            "codigo": "1zHkWBZjqz",
            "total": 19,
            "valor_unitario": 877295,
            "descuento": 0.19,
            "IVA": 0
        },
        {
            "codigo": "TBlQka0Lw7",
            "total": 6,
            "valor_unitario": 601056,
            "descuento": 0.0,
            "IVA": 5
        },
        {
            "codigo": "lxSgIH2CMZ",
            "total": 17,
            "valor_unitario": 95149,
            "descuento": 0.14,
            "IVA": 0
        },
        {
            "codigo": "ZkcMCNMHoW",
            "total": 16,
            "valor_unitario": 564434,
            "descuento": 0.18,
            "IVA": 19
        },
        {
            "codigo": "Ydm0GQe9NN",
            "total": 3,
            "valor_unitario": 545568,
            "descuento": 0.25,
            "IVA": 0
        },
        {
            "codigo": "wuEZbJN5No",
            "total": 20,
            "valor_unitario": 163943,
            "descuento": 0.17,
            "IVA": 19
        },
        {
            "codigo": "gvnKZo6NEl",
            "total": 7,
            "valor_unitario": 40924,
            "descuento": 0.41,
            "IVA": 5
        },
        {
            "codigo": "qUeqWdqwtx",
            "total": 18,
            "valor_unitario": 58428,
            "descuento": 0.1,
            "IVA": 5
        },
        {
            "codigo": "EV3LIjOfS2",
            "total": 1,
            "valor_unitario": 191604,
            "descuento": 0.24,
            "IVA": 5
        }
    ]
}