{
    "empresa_nit": "789526431",
    "empresa_ciudad": "MEDELLIN",
    "empresa_sede": "autopista",
    "empresa_nombre": "Supermercado Central",
    "fecha_hora": "2020-10-18 07:00:56",
    "factura_num": "01441",
    "ciente_numero": 109431253,
    "pago_tipo": "EFECTIVO",
    "productos": [
        {
            "codigo": "HH9DWVTc4S",
            "total": 7,
            "valor_unitario": 663678,
            "descuento": 0.39,
            "IVA": 19
        },
        {
            "codigo": "oq0RFulOK6",
            "total": 2,
            "valor_unitario": 77030,
            "descuento": 0.27,
            "IVA": 19
        },
        {
            "codigo": "bEz2fqfiGq",
            "total": 18,
            "valor_unitario": 359218,
            "descuento": 0.21,
            "IVA": 5
        },
        {
            "codigo": "WhUZczPNZP",
            "total": 16,
            "valor_unitario": 828411,
            "descuento": 0.33,
            "IVA": 5
        },
        {
            "codigo": "5U1QWPo9NZ",
            "total": 3,
            "valor_unitario": 65201,
            "descuento": 0.19,
            "IVA": 5
        },
        {
            "codigo": "AVdKih4Si7",
            "total": 19,
            "valor_unitario": 889856,
            "descuento": 0.28,
            "IVA": 0
        },
        {
            "codigo": "9lO280hkmO",
            "total": 1,
            "valor_unitario": 405736,
            "descuento": 0.21,
            "IVA": 0
        },
        {
            "codigo": "cJFAHYzglB",
            "total": 17,
            "valor_unitario": 749498,
            "descuento": 0.28,
            "IVA": 19
        }
    ]
}