{
    "empresa_nit": "789526431",
    "empresa_ciudad": "TUNJA",
    "empresa_sede": "terminal",
    "empresa_nombre": "Supermercado Central",
    "fecha_hora": "2020-12-22 21:00:24",
    "factura_num": "01228",
    "ciente_numero": 222871643,
    "pago_tipo": "TRANFERENCIA",
    "productos": [
        {
            "codigo": "Y5xuJ1EJky",
            "total": 15,
            "valor_unitario": 482462,
            "descuento": 0.37,
            "IVA": 0
        },
        {
            "codigo": "k63OrgqUSc",
            "total": 9,
            "valor_unitario": 714949,
            "descuento": 0.33,
            "IVA": 0
        },
        {
            "codigo": "pMAbFpSpiA",
            "total": 8,
            "valor_unitario": 63533,
            "descuento": 0.14,
            "IVA": 0
        },
        {
            "codigo": "UXIMFJHZR9",
            "total": 19,
            "valor_unitario": 139474,
            "descuento": 0.12,
            "IVA": 19
        },
        {
            "codigo": "8wOeAbjPkJ",
            "total": 5,
            "valor_unitario": 81145,
            "descuento": 0.31,
            "IVA": 0
        },
        {
            "codigo": "jTvPPiYlUk",
            "total": 5,
            "valor_unitario": 134574,
            "descuento": 0.19,
            "IVA": 19
        },
        {
            "codigo": "1Nc6dG7WYd",
            "total": 20,
            "valor_unitario": 438052,
            "descuento": 0.06,
            "IVA": 0
        },
        {
            "codigo": "sW5n1PC1a1",
            "total": 9,
            "valor_unitario": 214547,
            "descuento": 0.48,
            "IVA": 19
        },
        {
            "codigo": "PK4oRxpJXe",
            "total": 10,
            "valor_unitario": 457020,
            "descuento": 0.12,
            "IVA": 0
        },
        {
            "codigo": "haR2AvsWYr",
            "total": 2,
            "valor_unitario": 805368,
            "descuento": 0.22,
            "IVA": 5
        },
        {
            "codigo": "jFLtM1IA7V",
            "total": 9,
            "valor_unitario": 666159,
            "descuento": 0.4,
            "IVA": 5
        },
        {
            "codigo": "K4pfFUa5yw",
            "total": 6,
            "valor_unitario": 429413,
            "descuento": 0.24,
            "IVA": 5
        },
        {
            "codigo": "Otw5TE6RVq",
            "total": 3,
            "valor_unitario": 430511,
            "descuento": 0.38,
            "IVA": 19
        }
    ]
}