{
    "empresa_nit": "789526431",
    "empresa_ciudad": "TUNJA",
    "empresa_sede": "centro",
    "empresa_nombre": "Supermercado Central",
    "fecha_hora": "2021-08-25 09:59:27",
    "factura_num": "01211",
    "ciente_numero": 429198217,
    "pago_tipo": "TAR.CREDITO",
    "productos": [
        {
            "codigo": "rSjamT9o0F",
            "total": 17,
            "valor_unitario": 254298,
            "descuento": 0.14,
            "IVA": 5
        },
        {
            "codigo": "LipvGOrHcB",
            "total": 1,
            "valor_unitario": 87065,
            "descuento": 0.37,
            "IVA": 5
        },
        {
            "codigo": "CyHBXDqYAR",
            "total": 15,
            "valor_unitario": 464879,
            "descuento": 0.38,
            "IVA": 5
        },
        {
            "codigo": "FwYvPulYOj",
            "total": 10,
            "valor_unitario": 472500,
            "descuento": 0.48,
            "IVA": 19
        },
        {
            "codigo": "iZJb6pnHC5",
            "total": 10,
            "valor_unitario": 648842,
            "descuento": 0.12,
            "IVA": 5
        },
        {
            "codigo": "7ek3QQi9u8",
            "total": 18,
            "valor_unitario": 55792,
            "descuento": 0.49,
            "IVA": 19
        },
        {
            "codigo": "86j0bCoLR3",
            "total": 10,
            "valor_unitario": 198818,
            "descuento": 0.36,
            "IVA": 19
        },
        {
            "codigo": "G2YvlJ0mwq",
            "total": 12,
            "valor_unitario": 383006,
            "descuento": 0.15,
            "IVA": 0
        },
        {
            "codigo": "Ox7iIpU2pc",
            "total": 16,
            "valor_unitario": 271889,
            "descuento": 0.38,
            "IVA": 0
        },
        {
            "codigo": "phMVxFo5gz",
            "total": 10,
            "valor_unitario": 582285,
            "descuento": 0.18,
            "IVA": 5
        },
        {
            "codigo": "YDCUrpG5E4",
            "total": 14,
            "valor_unitario": 568954,
            "descuento": 0.46,
            "IVA": 19
        },
        {
            "codigo": "RTjg1bdILF",
            "total": 2,
            "valor_unitario": 287995,
            "descuento": 0.21,
            "IVA": 5
        },
        {
            "codigo": "QPN9yzS80h",
            "total": 5,
            "valor_unitario": 440186,
            "descuento": 0.42,
            "IVA": 0
        },
        {
            "codigo": "ywHJSLk3MB",
            "total": 15,
            "valor_unitario": 607923,
            "descuento": 0.24,
            "IVA": 0
        },
        {
            "codigo": "CufiUivlf0",
            "total": 1,
            "valor_unitario": 168691,
            "descuento": 0.36,
            "IVA": 19
        }
    ]
}