{
    "empresa_nit": "789526431",
    "empresa_ciudad": "CALI",
    "empresa_sede": "alcaldia",
    "empresa_nombre": "Supermercado Central",
    "fecha_hora": "2020-06-17 00:47:43",
    "factura_num": "01415",
    "ciente_numero": 157560493,
    "pago_tipo": "TAR.CREDITO",
    "productos": [
        {
            "codigo": "QssHxTUard",
            "total": 13,
            "valor_unitario": 816832,
            "descuento": 0.02,
            "IVA": 0
        },
        {
            "codigo": "oLQdpLObel",
            "total": 17,
            "valor_unitario": 6681,
            "descuento": 0.01,
            "IVA": 0
        },
        {
            "codigo": "QbB0F6oT02",
            "total": 17,
            "valor_unitario": 983803,
            "descuento": 0.11,
            "IVA": 0
        },
        {
            "codigo": "OHCuMDwmJR",
            "total": 17,
            "valor_unitario": 606811,
            "descuento": 0.47,
            "IVA": 19
        },
        {
            "codigo": "odrdBYJi2k",
            "total": 17,
            "valor_unitario": 129896,
            "descuento": 0.17,
            "IVA": 19
        },
        {
            "codigo": "y9qi4ptC2X",
            "total": 6,
            "valor_unitario": 370819,
            "descuento": 0.39,
            "IVA": 19
        },
        {
            "codigo": "qsTSM01eiM",
            "total": 3,
            "valor_unitario": 529640,
            "descuento": 0.18,
            "IVA": 0
        },
        {
            "codigo": "NZ9nqAuzHW",
            "total": 12,
            "valor_unitario": 33984,
            "descuento": 0.13,
            "IVA": 19
        },
        {
            "codigo": "3Di09fkvpL",
            "total": 19,
            "valor_unitario": 132064,
            "descuento": 0.07,
            "IVA": 0
        },
        {
            "codigo": "Keu0EJffTB",
            "total": 8,
            "valor_unitario": 740830,
            "descuento": 0.41,
            "IVA": 19
        },
        {
            "codigo": "jXzBbTb9Jw",
            "total": 8,
            "valor_unitario": 490312,
            "descuento": 0.3,
            "IVA": 5
        },
        {
            "codigo": "qnqmTlK3pc",
            "total": 8,
            "valor_unitario": 299778,
            "descuento": 0.47,
            "IVA": 5
        },
        {
            "codigo": "k1MndWf0Au",
            "total": 9,
            "valor_unitario": 118597,
            "descuento": 0.39,
            "IVA": 5
        },
        {
            "codigo": "qVheLakKEH",
            "total": 8,
            "valor_unitario": 560931,
            "descuento": 0.38,
            "IVA": 19
        },
        {
            "codigo": "FOStupFyea",
            "total": 7,
            "valor_unitario": 858251,
            "descuento": 0.13,
            "IVA": 5
        },
        {
            "codigo": "GrP4ENgmXE",
            "total": 5,
            "valor_unitario": 593048,
            "descuento": 0.41,
            "IVA": 19
        }
    ]
}