{
    "empresa_nit": "789526431",
    "empresa_ciudad": "TUNJA",
    "empresa_sede": "terminal",
    "empresa_nombre": "Supermercado Central",
    "fecha_hora": "2020-05-14 13:09:41",
    "factura_num": "01254",
    "ciente_numero": 639321121,
    "pago_tipo": "EFECTIVO",
    "productos": [
        {
            "codigo": "VgCv6kIAHa",
            "total": 14,
            "valor_unitario": 136908,
            "descuento": 0.29,
            "IVA": 0
        },
        {
            "codigo": "AisXXdHbxx",
            "total": 17,
            "valor_unitario": 615368,
            "descuento": 0.02,
            "IVA": 5
        },
        {
            "codigo": "prAp5D6y3V",
            "total": 1,
            "valor_unitario": 397628,
            "descuento": 0.27,
            "IVA": 0
        },
        {
            "codigo": "S3i2ksYBC6",
            "total": 20,
            "valor_unitario": 298479,
            "descuento": 0.45,
            "IVA": 5
        },
        {
            "codigo": "rkZ6Xb0uDW",
            "total": 17,
            "valor_unitario": 234179,
            "descuento": 0.02,
            "IVA": 5
        },
        {
            "codigo": "qEgfTqJ4Xf",
            "total": 18,
            "valor_unitario": 99673,
            "descuento": 0.14,
            "IVA": 19
        },
        {
            "codigo": "0n7v9ZPaMX",
            "total": 4,
            "valor_unitario": 51259,
            "descuento": 0.19,
            "IVA": 19
        },
        {
            "codigo": "F9OSSWjgvQ",
            "total": 1,
            "valor_unitario": 634675,
            "descuento": 0.37,
            "IVA": 5
        },
        {
            "codigo": "5v1kefmRFK",
            "total": 10,
            "valor_unitario": 847096,
            "descuento": 0.42,
            "IVA": 5
        },
        {
            "codigo": "VBRRMdXAHb",
            "total": 9,
            "valor_unitario": 765292,
            "descuento": 0.47,
            "IVA": 0
        },
        {
            "codigo": "jVpiYDtkNk",
            "total": 7,
            "valor_unitario": 608178,
            "descuento": 0.37,
            "IVA": 19
        },
        {
            "codigo": "Sqek1KyCDM",
            "total": 15,
            "valor_unitario": 861503,
            "descuento": 0.06,
            "IVA": 0
        },
        {
            "codigo": "O709Zk4M1k",
            "total": 13,
            "valor_unitario": 219184,
            "descuento": 0.42,
            "IVA": 19
        }
    ]
}