{
    "empresa_nit": "789526431",
    "empresa_ciudad": "BOGOTA",
    "empresa_sede": "autopista",
    "empresa_nombre": "Supermercado Central",
    "fecha_hora": "2025-01-01 14:21:04",
    "factura_num": "01101",
    "ciente_numero": 359469351,
    "pago_tipo": "TAR.CREDITO",
    "productos": [
        {
            "codigo": "av9G0pX4rV",
            "total": 16,
            "valor_unitario": 463738,
            "descuento": 0.08,
            "IVA": 0
        },
        {
            "codigo": "O6QK5EeTjf",
            "total": 16,
            "valor_unitario": 375741,
            "descuento": 0.49,
            "IVA": 0
        }
    ]
}