{
    "empresa_nit": "789526431",
    "empresa_ciudad": "CALI",
    "empresa_sede": "terminal",
    "empresa_nombre": "Supermercado Central",
    "fecha_hora": "2021-12-15 06:33:42",
    "factura_num": "01156",
    "ciente_numero": 353702600,
    "pago_tipo": "EFECTIVO",
    "productos": [
        {
            "codigo": "uV6u41iYgn",
            "total": 5,
            "valor_unitario": 232708,
            "descuento": 0.41,
            "IVA": 19
        },
        {
            "codigo": "gx00zlJTyr",
            "total": 16,
            "valor_unitario": 796741,
            "descuento": 0.02,
            "IVA": 5
        },
        {
            "codigo": "0V6fXQpX5J",
            "total": 16,
            "valor_unitario": 292896,
            "descuento": 0.01,
            "IVA": 5
        },
        {
            "codigo": "2UhoxDKmO5",
            "total": 17,
            "valor_unitario": 12249,
            "descuento": 0.18,
            "IVA": 0
        },
        {
            "codigo": "J4ci2dj7kO",
            "total": 20,
            "valor_unitario": 232112,
            "descuento": 0.04,
            "IVA": 0
        },
        {
            "codigo": "I1aJViYxu0",
            "total": 15,
            "valor_unitario": 828773,
            "descuento": 0.35,
            "IVA": 0
        },
        {
            "codigo": "OIIPse46yV",
            "total": 4,
            "valor_unitario": 606363,
            "descuento": 0.07,
            "IVA": 19
        },
        {
            "codigo": "yTuwn5bggC",
            "total": 2,
            "valor_unitario": 833066,
            "descuento": 0.28,
            "IVA": 0
        },
        {
            "codigo": "6n5d0xMF4Z",
            "total": 5,
            "valor_unitario": 310676,
            "descuento": 0.36,
            "IVA": 0
        },
        {
            "codigo": "ep8q0NMnBM",
            "total": 1,
            "valor_unitario": 156068,
            "descuento": 0.12,
            "IVA": 0
        },
        {
            "codigo": "ID0Oy1xVQy",
            "total": 18,
            "valor_unitario": 625096,
            "descuento": 0.31,
            "IVA": 5
        },
        {
            "codigo": "agUWAMdb1P",
            "total": 3,
            "valor_unitario": 333892,
            "descuento": 0.27,
            "IVA": 0
        },
        {
            "codigo": "5cxsAeVb5z",
            "total": 11,
            "valor_unitario": 993709,
            "descuento": 0.06,
            "IVA": 5
        },
        {
            "codigo": "CJi7voZ7AY",
            "total": 11,
            "valor_unitario": 252450,
            "descuento": 0.33,
            "IVA": 0
        },
        {
            "codigo": "viz7ioQLSh",
            "total": 17,
            "valor_unitario": 333032,
            "descuento": 0.19,
            "IVA": 5
        },
        {
            "codigo": "Ad8ciKXK2Q",
            "total": 20,
            "valor_unitario": 464201,
            "descuento": 0.44,
            "IVA": 0
        },
        {
            "codigo": "482BnkwVXx",
            "total": 17,
            "valor_unitario": 805268,
            "descuento": 0.36,
            "IVA": 19
        }
    ]
}