{
    "empresa_nit": "789526431",
    "empresa_ciudad": "TUNJA",
    "empresa_sede": "plaza",
    "empresa_nombre": "Supermercado Central",
    "fecha_hora": "2021-03-01 20:00:22",
    "factura_num": "01126",
    "ciente_numero": 212539388,
    "pago_tipo": "EFECTIVO",
    "productos": [
        {
            "codigo": "MzRMBiHzxq",
            "total": 19,
            "valor_unitario": 681264,
            "descuento": 0.3,
            "IVA": 0
        },
        {
            "codigo": "awpLYmcHKG",
            "total": 14,
            "valor_unitario": 876435,
            "descuento": 0.44,
            "IVA": 5
        },
        {
            "codigo": "2HfeaFAYSS",
            "total": 20,
            "valor_unitario": 153035,
            "descuento": 0.36,
            "IVA": 5
        },
        {
            "codigo": "OhfXHxUK09",
            "total": 12,
            "valor_unitario": 674086,
            "descuento": 0.18,
            "IVA": 19
        },
        {
            "codigo": "7Np2OcafZQ",
            "total": 1,
            "valor_unitario": 45713,
            "descuento": 0.44,
            "IVA": 19
        },
        {
            "codigo": "2xS6a72FjS",
            "total": 3,
            "valor_unitario": 143074,
            "descuento": 0.1,
            "IVA": 0
        },
        {
            "codigo": "O6z0MOmGGA",
            "total": 10,
            "valor_unitario": 414891,
            "descuento": 0.35,
            "IVA": 19
        },
        {
            "codigo": "BnfpF3HZ07",
            "total": 20,
            "valor_unitario": 399774,
            "descuento": 0.18,
            "IVA": 5
        },
        {
            "codigo": "ZlNfMDADzP",
            "total": 10,
            "valor_unitario": 48097,
            "descuento": 0.26,
            "IVA": 19
        }
    ]
}