{
    "empresa_nit": "789526431",
    "empresa_ciudad": "BOGOTA",
    "empresa_sede": "terminal",
    "empresa_nombre": "Supermercado Central",
    "fecha_hora": "2022-03-31 12:07:35",
    "factura_num": "01076",
    "ciente_numero": 759324369,
    "pago_tipo": "TAR.CREDITO",
    "productos": [
        {
            "codigo": "Qn0hRqiPR7",
            "total": 8,
            "valor_unitario": 817459,
            "descuento": 0.21,
            "IVA": 19
        },
        {
            "codigo": "l6s8oPZIwg",
            "total": 13,
            "valor_unitario": 730892,
            "descuento": 0.13,
            "IVA": 19
        },
        {
            "codigo": "SKmmd8c5pi",
            "total": 1,
            "valor_unitario": 8841,
            "descuento": 0.17,
            "IVA": 19
        },
        {
            "codigo": "mSPumtUSqA",
            "total": 19,
            "valor_unitario": 395733,
            "descuento": 0.24,
            "IVA": 0
        },
        {
            "codigo": "VZ40Bia62z",
            "total": 18,
            "valor_unitario": 405902,
            "descuento": 0.45,
            "IVA": 5
        },
        {
            "codigo": "rYY2snJHTO",
            "total": 3,
            "valor_unitario": 570288,
            "descuento": 0.3,
            "IVA": 19
        },
        {
            "codigo": "sBZm45SIdA",
            "total": 12,
            "valor_unitario": 305138,
            "descuento": 0.06,
            "IVA": 0
        },
        {
            "codigo": "kg6udyuv9l",
            "total": 19,
            "valor_unitario": 972055,
            "descuento": 0.11,
            "IVA": 19
        },
        {
            "codigo": "emlov56EOc",
            "total": 11,
            "valor_unitario": 480246,
            "descuento": 0.22,
            "IVA": 19
        },
        {
            "codigo": "zSNBhCZyV8",
            "total": 4,
            "valor_unitario": 540615,
            "descuento": 0.38,
            "IVA": 5
        },
        {
            "codigo": "o8sDTy2kYY",
            "total": 15,
            "valor_unitario": 585123,
            "descuento": 0.28,
            "IVA": 5
        },
        {
            "codigo": "6wRV7kAojI",
            "total": 10,
            "valor_unitario": 532035,
            "descuento": 0.22,
            "IVA": 0
        },
        {
            "codigo": "DKGKIsUGGg",
            "total": 1,
            "valor_unitario": 389186,
            "descuento": 0.15,
            "IVA": 5
        },
        {
            "codigo": "VXIKQhooqQ",
            "total": 12,
            "valor_unitario": 460710,
            "descuento": 0.35,
            "IVA": 0
        },
        {
            "codigo": "8ZbB9yEtIA",
            "total": 14,
            "valor_unitario": 872051,
            "descuento": 0.25,
            "IVA": 0
        },
        {
            "codigo": "2FeBOKcB68",
            "total": 20,
            "valor_unitario": 30298,
            "descuento": 0.15,
            "IVA": 19
        },
        {
            "codigo": "oqY8Yn6Y45",
            "total": 5,
            "valor_unitario": 589567,
            "descuento": 0.25,
            "IVA": 19
        },
        {
            "codigo": "B9OSfsg0IR",
            "total": 16,
            "valor_unitario": 195199,
            "descuento": 0.5,
            "IVA": 0
        },
        {
            "codigo": "0eqXHTUrvQ",
            "total": 11,
            "valor_unitario": 356896,
            "descuento": 0.0,
            "IVA": 5
        },
        {
            "codigo": "YYZXmfDagu",
            "total": 20,
            "valor_unitario": 795834,
            "descuento": 0.49,
            "IVA": 19
        }
    ]
}