{
    "empresa_nit": "789526431",
    "empresa_ciudad": "MEDELLIN",
    "empresa_sede": "plaza",
    "empresa_nombre": "Supermercado Central",
    "fecha_hora": "2025-01-17 23:09:03",
    "factura_num": "01055",
    "ciente_numero": 161302147,
    "pago_tipo": "EFECTIVO",
    "productos": [
        {
            "codigo": "nM7TWQ9ybm",
            "total": 13,
            "valor_unitario": 421945,
            "descuento": 0.24,
            "IVA": 0
        },
        {
            "codigo": "NaRXaPjQse",
            "total": 8,
            "valor_unitario": 312903,
            "descuento": 0.5,
            "IVA": 5
        },
        {
            "codigo": "29ZKNoambp",
            "total": 1,
            "valor_unitario": 434772,
            "descuento": 0.02,
            "IVA": 0
        },
        {
            "codigo": "2eNcbO5YZU",
            "total": 14,
            "valor_unitario": 570499,
            "descuento": 0.23,
            "IVA": 19
        },
        {
            "codigo": "NEoH92B5BN",
            "total": 3,
            "valor_unitario": 131504,
            "descuento": 0.18,
            "IVA": 5
        },
        {
            "codigo": "G2G8wFmWcM",
            "total": 6,
            "valor_unitario": 102086,
            "descuento": 0.38,
            "IVA": 19
        },
        {
            "codigo": "TX42BAjh65",
            "total": 14,
            "valor_unitario": 823175,
            "descuento": 0.3,
            "IVA": 5
        },
        {
            "codigo": "825AAQrGaW",
            "total": 13,
            "valor_unitario": 703973,
            "descuento": 0.09,
            "IVA": 19
        },
        {
            "codigo": "b0sYrUipq4",
            "total": 20,
            "valor_unitario": 247171,
            "descuento": 0.3,
            "IVA": 0
        },
        {
            "codigo": "M8vx5uIkGg",
            "total": 20,
            "valor_unitario": 632300,
            "descuento": 0.15,
            "IVA": 0
        },
        {
            "codigo": "dabI6LzwcS",
            "total": 4,
            "valor_unitario": 669968,
            "descuento": 0.24,
            "IVA": 19
        }
    ]
}