{
    "empresa_nit": "789526431",
    "empresa_ciudad": "BARRANQUILLA",
    "empresa_sede": "aeropuerto",
    "empresa_nombre": "Supermercado Central",
    "fecha_hora": "2024-03-07 21:58:06",
    "factura_num": "00142",
    "ciente_numero": 338842853,
    "pago_tipo": "EFECTIVO",
    "productos": [
        {
            "codigo": "XrghB0AXb1",
            "total": 16,
            "valor_unitario": 546354,
            "descuento": 0.05,
            "IVA": 19
        },
        {
            "codigo": "0cDYV6rz6C",
            "total": 3,
            "valor_unitario": 152266,
            "descuento": 0.16,
            "IVA": 5
        },
        {
            "codigo": "l0fJVtwDvm",
            "total": 11,
            "valor_unitario": 528218,
            "descuento": 0.14,
            "IVA": 0
        }
    ]
}