{
    "empresa_nit": "789526431",
    "empresa_ciudad": "BOGOTA",
    "empresa_sede": "aeropuerto",
    "empresa_nombre": "Supermercado Central",
    "fecha_hora": "2022-09-23 07:22:07",
    "factura_num": "00117",
    "ciente_numero": 487250181,
    "pago_tipo": "TAR.DEBITO",
    "productos": [
        {
            "codigo": "hOmlQ5yCW0",
            "total": 5,
            "valor_unitario": 460674,
            "descuento": 0.02,
            "IVA": 5
        },
        {
            "codigo": "KkrPS6KwUA",
            "total": 11,
            "valor_unitario": 171148,
            "descuento": 0.08,
            "IVA": 0
        },
        {
            "codigo": "AxGVtk7JHI",
            "total": 14,
            "valor_unitario": 98691,
            "descuento": 0.43,
            "IVA": 0
        },
        {
            "codigo": "OIMbv5XA6Z",
            "total": 17,
            "valor_unitario": 495880,
            "descuento": 0.33,
            "IVA": 5
        },
        {
            "codigo": "w3eZzoY4lZ",
            "total": 7,
            "valor_unitario": 911383,
            "descuento": 0.5,
            "IVA": 5
        },
        {
            "codigo": "YSvy0kDpYR",
            "total": 1,
            "valor_unitario": 623459,
            "descuento": 0.34,
            "IVA": 5
        },
        {
            "codigo": "NAeCPWd663",
            "total": 7,
            "valor_unitario": 370762,
            "descuento": 0.32,
            "IVA": 5
        },
        {
            "codigo": "a8yLArUWb8",
            "total": 20,
            "valor_unitario": 34198,
            "descuento": 0.33,
            "IVA": 19
        }
    ]
}