{
    "empresa_nit": "789526431",
    "empresa_ciudad": "BOGOTA",
    "empresa_sede": "alcaldia",
    "empresa_nombre": "Supermercado Central",
    "fecha_hora": "2023-10-25 06:24:36",
    "factura_num": "00110",
    "ciente_numero": 869238667,
    "pago_tipo": "EFECTIVO",
    "productos": [
        {
            "codigo": "lvWKUFhYv7",
            "total": 17,
            "valor_unitario": 384354,
            "descuento": 0.01,
            "IVA": 0
        },
        {
            "codigo": "DWiTO8RZIp",
            "total": 12,
            "valor_unitario": 937150,
            "descuento": 0.27,
            "IVA": 0
        },
        {
            "codigo": "1BXLkvYlA8",
            "total": 14,
            "valor_unitario": 237148,
            "descuento": 0.3,
            "IVA": 19
        },
        {
            "codigo": "PREL7KJ19D",
            "total": 1,
            "valor_unitario": 497162,
            "descuento": 0.39,
            "IVA": 0
        },
        {
            "codigo": "70uUSY6kHF",
            "total": 4,
            "valor_unitario": 365162,
            "descuento": 0.36,
            "IVA": 19
        },
        {
            "codigo": "Uxp1M1DawO",
            "total": 15,
            "valor_unitario": 732202,
            "descuento": 0.49,
            "IVA": 5
        },
        {
            "codigo": "0sxm5NIiHA",
            "total": 6,
            "valor_unitario": 263116,
            "descuento": 0.34,
            "IVA": 19
        },
        {
            "codigo": "5t2Buwnd0N",
            "total": 15,
            "valor_unitario": 162328,
            "descuento": 0.38,
            "IVA": 0
        },
        {
            "codigo": "PumgPl2Nxr",
            "total": 13,
            "valor_unitario": 736969,
            "descuento": 0.09,
            "IVA": 0
        },
        {
            "codigo": "LQ84PVJ53E",
            "total": 12,
            "valor_unitario": 674865,
            "descuento": 0.18,
            "IVA": 19
        },
        {
            "codigo": "WTYLQZXTxg",
            "total": 1,
            "valor_unitario": 515189,
            "descuento": 0.14,
            "IVA": 5
        },
        {
            "codigo": "G2MnE82H9T",
            "total": 2,
            "valor_unitario": 70660,
            "descuento": 0.43,
            "IVA": 0
        },
        {
            "codigo": "3rzLEYp30Y",
            "total": 10,
            "valor_unitario": 885751,
            "descuento": 0.44,
            "IVA": 0
        },
        {
            "codigo": "i17sWkbEQk",
            "total": 10,
            "valor_unitario": 854800,
            "descuento": 0.44,
            "IVA": 0
        },
        {
            "codigo": "bg7Lk6FOll",
            "total": 4,
            "valor_unitario": 207959,
            "descuento": 0.36,
            "IVA": 5
        }
    ]
}