{
    "empresa_nit": "789526431",
    "empresa_ciudad": "BOGOTA",
    "empresa_sede": "autopista",
    "empresa_nombre": "Supermercado Central",
    "fecha_hora": "2023-03-25 06:32:17",
    "factura_num": "01334",
    "ciente_numero": 212578961,
    "pago_tipo": "TRANFERENCIA",
    "productos": [
        {
            "codigo": "FqMg7oKEw5",
            "total": 12,
            "valor_unitario": 830854,
            "descuento": 0.36,
            "IVA": 19
        },
        {
            "codigo": "RIMKn6aHgc",
            "total": 3,
            "valor_unitario": 612956,
            "descuento": 0.12,
            "IVA": 0
        },
        {
            "codigo": "4Pl0VjKG8P",
            "total": 18,
            "valor_unitario": 408264,
            "descuento": 0.49,
            "IVA": 0
        },
        {
            "codigo": "pKqI79mWv5",
            "total": 8,
            "valor_unitario": 489002,
            "descuento": 0.43,
            "IVA": 0
        },
        {
            "codigo": "4TmphX84Wi",
            "total": 5,
            "valor_unitario": 444898,
            "descuento": 0.4,
            "IVA": 0
        },
        {
            "codigo": "5XxZ23pBUB",
            "total": 5,
            "valor_unitario": 310667,
            "descuento": 0.15,
            "IVA": 5
        },
        {
            "codigo": "dRggCbQm2g",
            "total": 17,
            "valor_unitario": 614216,
            "descuento": 0.02,
            "IVA": 19
        },
        {
            "codigo": "1j36ZImyal",
            "total": 20,
            "valor_unitario": 158050,
            "descuento": 0.37,
            "IVA": 5
        },
        {
            "codigo": "Rn397LcY2B",
            "total": 19,
            "valor_unitario": 441260,
            "descuento": 0.46,
            "IVA": 0
        },
        {
            "codigo": "vqRkmBRjjb",
            "total": 2,
            "valor_unitario": 83214,
            "descuento": 0.37,
            "IVA": 19
        },
        {
            "codigo": "rXH6xjQCMP",
            "total": 3,
            "valor_unitario": 646553,
            "descuento": 0.41,
            "IVA": 19
        },
        {
            "codigo": "5OMaZ3f4ol",
            "total": 15,
            "valor_unitario": 445003,
            "descuento": 0.33,
            "IVA": 0
        },
        {
            "codigo": "E931v6xdDD",
            "total": 4,
            "valor_unitario": 258004,
            "descuento": 0.26,
            "IVA": 0
        },
        {
            "codigo": "d53AtJ9J1p",
            "total": 20,
            "valor_unitario": 750327,
            "descuento": 0.43,
            "IVA": 0
        },
        {
            "codigo": "mHjh6WBFGg",
            "total": 10,
            "valor_unitario": 926279,
            "descuento": 0.05,
            "IVA": 0
        },
        {
            "codigo": "u772xtC6D1",
            "total": 18,
            "valor_unitario": 985697,
            "descuento": 0.22,
            "IVA": 5
        },
        {
            "codigo": "vKa8FEPCtq",
            "total": 16,
            "valor_unitario": 465846,
            "descuento": 0.46,
            "IVA": 0
        },
        {
            "codigo": "8qf8b0YPYd",
            "total": 8,
            "valor_unitario": 992107,
            "descuento": 0.41,
            "IVA": 5
        },
        {
            "codigo": "Ytyz3uhSzv",
            "total": 14,
            "valor_unitario": 94397,
            "descuento": 0.39,
            "IVA": 19
        },
        {
            "codigo": "AJzmWmtoXp",
            "total": 15,
            "valor_unitario": 302018,
            "descuento": 0.2,
            "IVA": 19
        }
    ]
}