{
    "empresa_nit": "789526431",
    "empresa_ciudad": "BARRANQUILLA",
    "empresa_sede": "autopista",
    "empresa_nombre": "Supermercado Central",
    "fecha_hora": "2022-11-30 20:57:10",
    "factura_num": "01418",
    "ciente_numero": 871850566,
    "pago_tipo": "TRANFERENCIA",
    "productos": [
        {
            "codigo": "yuLSUJNAHz",
            "total": 16,
            "valor_unitario": 530420,
            "descuento": 0.01,
            "IVA": 5
        },
        {
            "codigo": "XAvJd0qTdj",
            "total": 14,
            "valor_unitario": 151092,
            "descuento": 0.08,
            "IVA": 0
        },
        {
            "codigo": "xm5o7V7IoR",
            "total": 7,
            "valor_unitario": 726318,
            "descuento": 0.18,
            "IVA": 0
        },
        {
            "codigo": "sE3zUGlPdi",
            "total": 15,
            "valor_unitario": 201008,
            "descuento": 0.44,
            "IVA": 19
        },
        {
            "codigo": "kpOBdGfpD6",
            "total": 14,
            "valor_unitario": 782467,
            "descuento": 0.36,
            "IVA": 0
        }
    ]
}