{
    "empresa_nit": "789526431",
    "empresa_ciudad": "BARRANQUILLA",
    "empresa_sede": "terminal",
    "empresa_nombre": "Supermercado Central",
    "fecha_hora": "2024-10-14 04:36:53",
    "factura_num": "01406",
    "ciente_numero": 618100334,
    "pago_tipo": "TAR.DEBITO",
    "productos": [
        {
            "codigo": "K40t14ZA25",
            "total": 3,
            "valor_unitario": 907479,
            "descuento": 0.04,
            "IVA": 19
        },
        {
            "codigo": "aXeAVp2D8S",
            "total": 13,
            "valor_unitario": 687738,
            "descuento": 0.23,
            "IVA": 19
        },
        {
            "codigo": "9VhUDai88W",
            "total": 16,
            "valor_unitario": 582096,
            "descuento": 0.01,
            "IVA": 5
        },
        {
            "codigo": "HTPwBtvBnj",
            "total": 4,
            "valor_unitario": 353594,
            "descuento": 0.39,
            "IVA": 0
        },
        {
            "codigo": "Chi1kbXXHU",
            "total": 16,
            "valor_unitario": 104951,
            "descuento": 0.25,
            "IVA": 19
        },
        {
            "codigo": "RELgovw6mo",
            "total": 19,
            "valor_unitario": 222627,
            "descuento": 0.1,
            "IVA": 0
        }
    ]
}