{
    "empresa_nit": "789526431",
    "empresa_ciudad": "TUNJA",
    "empresa_sede": "plaza",
    "empresa_nombre": "Supermercado Central",
    "fecha_hora": "2022-05-01 10:21:06",
    "factura_num": "01278",
    "ciente_numero": 795574830,
    "pago_tipo": "EFECTIVO",
    "productos": [
        {
            "codigo": "mGMgZxwCUV",
            "total": 15,
            "valor_unitario": 415639,
            "descuento": 0.19,
            "IVA": 0
        },
        {
            "codigo": "Rb0LAi1itW",
            "total": 12,
            "valor_unitario": 318485,
            "descuento": 0.26,
            "IVA": 0
        },
        {
            "codigo": "HxkOMm4Xgn",
            "total": 7,
            "valor_unitario": 403484,
            "descuento": 0.01,
            "IVA": 0
        },
        {
            "codigo": "Oj0nEGRRZg",
            "total": 17,
            "valor_unitario": 651203,
            "descuento": 0.29,
            "IVA": 19
        },
        {
            "codigo": "nb6LrWExAJ",
            "total": 20,
            "valor_unitario": 828475,
            "descuento": 0.04,
            "IVA": 5
        },
        {
            "codigo": "CuBdPeJ8nS",
            "total": 7,
            "valor_unitario": 197717,
            "descuento": 0.14,
            "IVA": 19
        },
        {
            "codigo": "FE6lMqA68E",
            "total": 17,
            "valor_unitario": 53629,
            "descuento": 0.02,
            "IVA": 19
        },
        {
            "codigo": "P63LKOyfnp",
            "total": 5,
            "valor_unitario": 791325,
            "descuento": 0.29,
            "IVA": 19
        },
        {
            "codigo": "wLr9co29Z6",
            "total": 11,
            "valor_unitario": 802246,
            "descuento": 0.09,
            "IVA": 0
        },
        {
            "codigo": "W9UUelcm7u",
            "total": 16,
            "valor_unitario": 518442,
            "descuento": 0.1,
            "IVA": 0
        },
        {
            "codigo": "SJHU1XwHO6",
            "total": 16,
            "valor_unitario": 585555,
            "descuento": 0.39,
            "IVA": 0
        },
        {
            "codigo": "5Lg2d8JCrB",
            "total": 7,
            "valor_unitario": 555210,
            "descuento": 0.47,
            "IVA": 5
        },
        {
            "codigo": "pJ3OwVgJZv",
            "total": 3,
            "valor_unitario": 303754,
            "descuento": 0.09,
            "IVA": 19
        },
        {
            "codigo": "ExDtYmcUUW",
            "total": 11,
            "valor_unitario": 740197,
            "descuento": 0.42,
            "IVA": 19
        },
        {
            "codigo": "qp3ble7JKO",
            "total": 10,
            "valor_unitario": 375379,
            "descuento": 0.06,
            "IVA": 19
        },
        {
            "codigo": "bubLSDA1cS",
            "total": 19,
            "valor_unitario": 364403,
            "descuento": 0.41,
            "IVA": 5
        }
    ]
}