{
    "empresa_nit": "789526431",
    "empresa_ciudad": "TUNJA",
    "empresa_sede": "alcaldia",
    "empresa_nombre": "Supermercado Central",
    "fecha_hora": "2024-08-18 07:36:26",
    "factura_num": "01419",
    "ciente_numero": 298937835,
    "pago_tipo": "EFECTIVO",
    "productos": [
        {
            "codigo": "6X8rfIy5wO",
            "total": 20,
            "valor_unitario": 154843,
            "descuento": 0.05,
            "IVA": 0
        },
        {
            "codigo": "Pp6k0G5ZWG",
            "total": 10,
            "valor_unitario": 295622,
            "descuento": 0.04,
            "IVA": 19
        },
        {
            "codigo": "jfRMTtklcX",
            "total": 5,
            "valor_unitario": 907174,
            "descuento": 0.23,
            "IVA": 5
        },
        {
            "codigo": "bO4Zt7gipt",
            "total": 14,
            "valor_unitario": 650526,
            "descuento": 0.34,
            "IVA": 0
        },
        {
            "codigo": "LjZZHtkf68",
            "total": 7,
            "valor_unitario": 756722,
            "descuento": 0.38,
            "IVA": 19
        },
        {
            "codigo": "Sdg1G7WE6m",
            "total": 16,
            "valor_unitario": 656735,
            "descuento": 0.5,
            "IVA": 0
        },
        {
            "codigo": "i1Pozbqqdv",
            "total": 1,
            "valor_unitario": 685444,
            "descuento": 0.42,
            "IVA": 0
        },
        {
            "codigo": "a56ITjyUwY",
            "total": 19,
            "valor_unitario": 194018,
            "descuento": 0.13,
            "IVA": 0
        },
        {
            "codigo": "u8zPpG7c3E",
            "total": 17,
            "valor_unitario": 153553,
            "descuento": 0.44,
            "IVA": 5
        },
        {
            "codigo": "Vbes5qp3ng",
            "total": 6,
            "valor_unitario": 27795,
            "descuento": 0.15,
            "IVA": 0
        },
        {
            "codigo": "UXQOU8oSnv",
            "total": 17,
            "valor_unitario": 624171,
            "descuento": 0.13,
            "IVA": 0
        },
        {
            "codigo": "VoTLZhRSA3",
            "total": 9,
            "valor_unitario": 181404,
            "descuento": 0.35,
            "IVA": 5
        },
        {
            "codigo": "WVtek3UUjC",
            "total": 17,
            "valor_unitario": 903662,
            "descuento": 0.5,
            "IVA": 19
        },
        {
            "codigo": "H3vDREeh9B",
            "total": 12,
            "valor_unitario": 476721,
            "descuento": 0.32,
            "IVA": 19
        },
        {
            "codigo": "Qq0D30O2Jc",
            "total": 16,
            "valor_unitario": 181679,
            "descuento": 0.03,
            "IVA": 19
        },
        {
            "codigo": "4bcjROffiY",
            "total": 14,
            "valor_unitario": 629052,
            "descuento": 0.26,
            "IVA": 19
        },
        {
            "codigo": "FJOFdGbmxo",
            "total": 20,
            "valor_unitario": 35393,
            "descuento": 0.02,
            "IVA": 19
        },
        {
            "codigo": "3kbekcQc6u",
            "total": 15,
            "valor_unitario": 422122,
            "descuento": 0.45,
            "IVA": 19
        },
        {
            "codigo": "ABcH007sMC",
            "total": 20,
            "valor_unitario": 334387,
            "descuento": 0.01,
            "IVA": 19
        },
        {
            "codigo": "tJdTsfEPIj",
            "total": 1,
            "valor_unitario": 832603,
            "descuento": 0.36,
            "IVA": 5
        }
    ]
}