{
    "empresa_nit": "789526431",
    "empresa_ciudad": "MEDELLIN",
    "empresa_sede": "centro",
    "empresa_nombre": "Supermercado Central",
    "fecha_hora": "2020-05-04 18:20:56",
    "factura_num": "01194",
    "ciente_numero": 364728012,
    "pago_tipo": "TAR.DEBITO",
    "productos": [
        {
            "codigo": "TKLIlP1boY",
            "total": 11,
            "valor_unitario": 40658,
            "descuento": 0.44,
            "IVA": 0
        },
        {
            "codigo": "CksTN7p8lQ",
            "total": 3,
            "valor_unitario": 625961,
            "descuento": 0.49,
            "IVA": 5
        },
        {
            "codigo": "SiY8uLeDtr",
            "total": 17,
            "valor_unitario": 702140,
            "descuento": 0.27,
            "IVA": 0
        },
        {
            "codigo": "VvHIc7VWJa",
            "total": 10,
            "valor_unitario": 345007,
            "descuento": 0.48,
            "IVA": 19
        },
        {
            "codigo": "QLzw8ZySTo",
            "total": 12,
            "valor_unitario": 459656,
            "descuento": 0.34,
            "IVA": 5
        },
        {
            "codigo": "APEiWbvP4i",
            "total": 17,
            "valor_unitario": 977080,
            "descuento": 0.09,
            "IVA": 0
        },
        {
            "codigo": "gspcaCoBn7",
            "total": 12,
            "valor_unitario": 674899,
            "descuento": 0.43,
            "IVA": 19
        },
        {
            "codigo": "7kqn21hSLd",
            "total": 9,
            "valor_unitario": 613202,
            "descuento": 0.32,
            "IVA": 5
        },
        {
            "codigo": "CfW2hly3aj",
            "total": 5,
            "valor_unitario": 303854,
            "descuento": 0.2,
            "IVA": 5
        },
        {
            "codigo": "35L5NZ9Qxx",
            "total": 4,
            "valor_unitario": 13041,
            "descuento": 0.04,
            "IVA": 0
        },
        {
            "codigo": "v16kxDDCYy",
            "total": 6,
            "valor_unitario": 292252,
            "descuento": 0.44,
            "IVA": 5
        },
        {
            "codigo": "DjrP5ar2ad",
            "total": 9,
            "valor_unitario": 935334,
            "descuento": 0.01,
            "IVA": 0
        },
        {
            "codigo": "TRLRw0kMNv",
            "total": 18,
            "valor_unitario": 156307,
            "descuento": 0.32,
            "IVA": 0
        },
        {
            "codigo": "TVMPJMQ8YA",
            "total": 10,
            "valor_unitario": 498455,
            "descuento": 0.21,
            "IVA": 5
        },
        {
            "codigo": "M4GzkPkynT",
            "total": 16,
            "valor_unitario": 355705,
            "descuento": 0.21,
            "IVA": 19
        },
        {
            "codigo": "yHvWZtt5ug",
            "total": 18,
            "valor_unitario": 656216,
            "descuento": 0.26,
            "IVA": 5
        },
        {
            "codigo": "NyZRT4dh1I",
            "total": 19,
            "valor_unitario": 934658,
            "descuento": 0.48,
            "IVA": 5
        }
    ]
}