{
    "empresa_nit": "789526431",
    "empresa_ciudad": "MEDELLIN",
    "empresa_sede": "autopista",
    "empresa_nombre": "Supermercado Central",
    "fecha_hora": "2021-02-08 04:56:16",
    "factura_num": "00103",
    "ciente_numero": 617814181,
    "pago_tipo": "TAR.DEBITO",
    "productos": [
        {
            "codigo": "creZTHAZwM",
            "total": 13,
            "valor_unitario": 651646,
            "descuento": 0.13,
            "IVA": 19
        },
        {
            "codigo": "ZIyUIjSraW",
            "total": 6,
            "valor_unitario": 876774,
            "descuento": 0.33,
            "IVA": 0
        },
        {
            "codigo": "cbSpExFnRG",
            "total": 20,
            "valor_unitario": 860180,
            "descuento": 0.48,
            "IVA": 5
        },
        {
            "codigo": "uQnDycOj5t",
            "total": 5,
            "valor_unitario": 526662,
            "descuento": 0.36,
            "IVA": 0
        },
        {
            "codigo": "puyqVDuZqx",
            "total": 18,
            "valor_unitario": 535214,
            "descuento": 0.25,
            "IVA": 5
        },
        {
            "codigo": "1jCNEQq3JY",
            "total": 1,
            "valor_unitario": 553108,
            "descuento": 0.32,
            "IVA": 19
        },
        {
            "codigo": "saO6rPRDGt",
            "total": 19,
            "valor_unitario": 493162,
            "descuento": 0.02,
            "IVA": 0
        },
        {
            "codigo": "TP3JxXPxJk",
            "total": 12,
            "valor_unitario": 43958,
            "descuento": 0.24,
            "IVA": 19
        }
    ]
}