{
    "empresa_nit": "789526431",
    "empresa_ciudad": "BOGOTA",
    "empresa_sede": "centro",
    "empresa_nombre": "Supermercado Central",
    "fecha_hora": "2021-07-29 16:33:55",
    "factura_num": "01276",
    "ciente_numero": 858627975,
    "pago_tipo": "TRANFERENCIA",
    "productos": [
        {
            "codigo": "i0kwXTI3A1",
            "total": 18,
            "valor_unitario": 247316,
            "descuento": 0.36,
            "IVA": 0
        },
        {
            "codigo": "kirxppr5Tc",
            "total": 7,
            "valor_unitario": 487776,
            "descuento": 0.36,
            "IVA": 0
        },
        {
            "codigo": "9wE3H5k8G7",
            "total": 4,
            "valor_unitario": 930600,
            "descuento": 0.22,
            "IVA": 5
        }
    ]
}