{
    "empresa_nit": "789526431",
    "empresa_ciudad": "TUNJA",
    "empresa_sede": "terminal",
    "empresa_nombre": "Supermercado Central",
    "fecha_hora": "2023-08-01 10:37:17",
    "factura_num": "01112",
    "ciente_numero": 734513892,
    "pago_tipo": "EFECTIVO",
    "productos": [
        {
            "codigo": "ONrgGEDe97",
            "total": 14,
            "valor_unitario": 190894,
            "descuento": 0.45,
            "IVA": 5
        },
        {
            "codigo": "h9woZXEmqW",
            "total": 17,
            "valor_unitario": 788288,
            "descuento": 0.32,
            "IVA": 0
        },
        {
            "codigo": "wJROoDuIj0",
            "total": 9,
            "valor_unitario": 991908,
            "descuento": 0.42,
            "IVA": 5
        }
    ]
}