{
    "empresa_nit": "789526431",
    "empresa_ciudad": "MEDELLIN",
    "empresa_sede": "alcaldia",
    "empresa_nombre": "Supermercado Central",
    "fecha_hora": "2024-12-21 08:49:44",
    "factura_num": "01129",
    "ciente_numero": 608796994,
    "pago_tipo": "EFECTIVO",
    "productos": [
        {
            "codigo": "t1f9Iy2UPd",
            "total": 8,
            "valor_unitario": 389698,
            "descuento": 0.48,
            "IVA": 0
        },
        {
            "codigo": "ewnPxsqo3G",
            "total": 3,
            "valor_unitario": 9423,
            "descuento": 0.24,
            "IVA": 19
        },
        {
            "codigo": "NCUx697kbl",
            "total": 6,
            "valor_unitario": 818912,
            "descuento": 0.46,
            "IVA": 5
        }
    ]
}