{
    "empresa_nit": "789526431",
    "empresa_ciudad": "BOGOTA",
    "empresa_sede": "alcaldia",
    "empresa_nombre": "Supermercado Central",
    "fecha_hora": "2023-04-03 03:25:39",
    "factura_num": "01329",
    "ciente_numero": 323525237,
    "pago_tipo": "TRANFERENCIA",
    "productos": [
        {
            "codigo": "12UMiM4zE9",
            "total": 12,
            "valor_unitario": 680334,
            "descuento": 0.16,
            "IVA": 0
        },
        {
            "codigo": "dZp2ATLBUu",
            "total": 16,
            "valor_unitario": 533984,
            "descuento": 0.07,
            "IVA": 0
        },
        {
            "codigo": "PhXEYSvq0K",
            "total": 11,
            "valor_unitario": 96865,
            "descuento": 0.32,
            "IVA": 5
        },
        {
            "codigo": "WFQgKhSrg5",
            "total": 3,
            "valor_unitario": 467744,
            "descuento": 0.02,
            "IVA": 5
        },
        {
            "codigo": "PXjPVyA2J2",
            "total": 7,
            "valor_unitario": 238343,
            "descuento": 0.02,
            "IVA": 0
        },
        {
            "codigo": "kxoU959VU1",
            "total": 11,
            "valor_unitario": 778119,
            "descuento": 0.18,
            "IVA": 0
        },
        {
            "codigo": "iTR1ZTCQ81",
            "total": 19,
            "valor_unitario": 667847,
            "descuento": 0.05,
            "IVA": 19
        },
        {
            "codigo": "FZG93ljEwq",
            "total": 17,
            "valor_unitario": 122326,
            "descuento": 0.04,
            "IVA": 5
        }
    ]
}