{
    "empresa_nit": "789526431",
    "empresa_ciudad": "BARRANQUILLA",
    "empresa_sede": "plaza",
    "empresa_nombre": "Supermercado Central",
    "fecha_hora": "2022-02-27 02:38:58",
    "factura_num": "01357",
    "ciente_numero": 159129568,
    "pago_tipo": "TAR.DEBITO",
    "productos": [
        {
            "codigo": "5aeKemq4Pn",
            "total": 5,
            "valor_unitario": 419714,
            "descuento": 0.01,
            "IVA": 19
        },
        {
            "codigo": "bmqqa8lE1a",
            "total": 17,
            "valor_unitario": 239773,
            "descuento": 0.46,
            "IVA": 19
        },
        {
            "codigo": "vSSch8gjiV",
            "total": 5,
            "valor_unitario": 238468,
            "descuento": 0.12,
            "IVA": 5
        },
        {
            "codigo": "u0C29ycf3e",
            "total": 9,
            "valor_unitario": 296519,
            "descuento": 0.25,
            "IVA": 0
        },
        {
            "codigo": "dv5t10yWSz",
            "total": 16,
            "valor_unitario": 993826,
            "descuento": 0.41,
            "IVA": 0
        },
        {
            "codigo": "hf5eLJeUSB",
            "total": 7,
            "valor_unitario": 720526,
            "descuento": 0.11,
            "IVA": 19
        },
        {
            "codigo": "TNsHK2HeG2",
            "total": 12,
            "valor_unitario": 549471,
            "descuento": 0.45,
            "IVA": 19
        },
        {
            "codigo": "iMNxzZ4ugA",
            "total": 5,
            "valor_unitario": 588534,
            "descuento": 0.24,
            "IVA": 5
        },
        {
            "codigo": "KVoy7TVvdB",
            "total": 10,
            "valor_unitario": 395887,
            "descuento": 0.14,
            "IVA": 5
        },
        {
            "codigo": "xbFDlzeo0i",
            "total": 6,
            "valor_unitario": 225424,
            "descuento": 0.36,
            "IVA": 19
        },
        {
            "codigo": "aYI9qfMIfL",
            "total": 4,
            "valor_unitario": 267594,
            "descuento": 0.36,
            "IVA": 5
        },
        {
            "codigo": "RwDl08M6gw",
            "total": 18,
            "valor_unitario": 287087,
            "descuento": 0.47,
            "IVA": 5
        },
        {
            "codigo": "c5rqCBUrwW",
            "total": 5,
            "valor_unitario": 472275,
            "descuento": 0.3,
            "IVA": 19
        },
        {
            "codigo": "jKTtPSRdGy",
            "total": 7,
            "valor_unitario": 468969,
            "descuento": 0.0,
            "IVA": 19
        },
        {
            "codigo": "n4GKJeF0KM",
            "total": 15,
            "valor_unitario": 210694,
            "descuento": 0.37,
            "IVA": 19
        },
        {
            "codigo": "NAAhiop8mB",
            "total": 3,
            "valor_unitario": 970221,
            "descuento": 0.27,
            "IVA": 0
        },
        {
            "codigo": "Oo4GqbThrU",
            "total": 16,
            "valor_unitario": 242631,
            "descuento": 0.35,
            "IVA": 19
        }
    ]
}