{
    "empresa_nit": "789526431",
    "empresa_ciudad": "CALI",
    "empresa_sede": "aeropuerto",
    "empresa_nombre": "Supermercado Central",
    "fecha_hora": "2022-06-27 20:37:44",
    "factura_num": "01422",
    "ciente_numero": 859639974,
    "pago_tipo": "TAR.CREDITO",
    "productos": [
        {
            "codigo": "qq7MYEJC6u",
            "total": 17,
            "valor_unitario": 682277,
            "descuento": 0.35,
            "IVA": 5
        },
        {
            "codigo": "wvpjtLJNfY",
            "total": 5,
            "valor_unitario": 250340,
            "descuento": 0.45,
            "IVA": 19
        },
        {
            "codigo": "xIZVqChR43",
            "total": 20,
            "valor_unitario": 586445,
            "descuento": 0.2,
            "IVA": 5
        },
        {
            "codigo": "TdgWZf3Fea",
            "total": 14,
            "valor_unitario": 619436,
            "descuento": 0.22,
            "IVA": 0
        },
        {
            "codigo": "PDrLp9WOVK",
            "total": 1,
            "valor_unitario": 4229,
            "descuento": 0.36,
            "IVA": 0
        },
        {
            "codigo": "UgK9qkYCnZ",
            "total": 1,
            "valor_unitario": 277294,
            "descuento": 0.47,
            "IVA": 19
        },
        {
            "codigo": "uodtg9xpeb",
            "total": 8,
            "valor_unitario": 950607,
            "descuento": 0.16,
            "IVA": 5
        },
        {
            "codigo": "Io5xde0nof",
            "total": 20,
            "valor_unitario": 281059,
            "descuento": 0.09,
            "IVA": 0
        }
    ]
}