{
    "empresa_nit": "789526431",
    "empresa_ciudad": "MEDELLIN",
    "empresa_sede": "plaza",
    "empresa_nombre": "Supermercado Central",
    "fecha_hora": "2021-12-20 21:08:07",
    "factura_num": "00111",
    "ciente_numero": 592507400,
    "pago_tipo": "EFECTIVO",
    "productos": [
        {
            "codigo": "YPqR3PmCiz",
            "total": 4,
            "valor_unitario": 605245,
            "descuento": 0.27,
            "IVA": 0
        },
        {
            "codigo": "CrpNAAfLzo",
            "total": 18,
            "valor_unitario": 774249,
            "descuento": 0.21,
            "IVA": 19
        },
        {
            "codigo": "NO4cqroayQ",
            "total": 8,
            "valor_unitario": 822844,
            "descuento": 0.38,
            "IVA": 19
        },
        {
            "codigo": "R2zUG75kQu",
            "total": 3,
            "valor_unitario": 560433,
            "descuento": 0.08,
            "IVA": 5
        },
        {
            "codigo": "x0Gbzq9oEW",
            "total": 17,
            "valor_unitario": 76005,
            "descuento": 0.12,
            "IVA": 0
        },
        {
            "codigo": "vJ6IwqSb3M",
            "total": 10,
            "valor_unitario": 228331,
            "descuento": 0.13,
            "IVA": 0
        },
        {
            "codigo": "lec94bzlYF",
            "total": 18,
            "valor_unitario": 660418,
            "descuento": 0.29,
            "IVA": 5
        }
    ]
}