{
    "empresa_nit": "789526431",
    "empresa_ciudad": "CALI",
    "empresa_sede": "alcaldia",
    "empresa_nombre": "Supermercado Central",
    "fecha_hora": "2021-02-02 08:20:20",
    "factura_num": "01122",
    "ciente_numero": 546939298,
    "pago_tipo": "EFECTIVO",
    "productos": [
        {
            "codigo": "lFGKNOcUkj",
            "total": 2,
            "valor_unitario": 891829,
            "descuento": 0.24,
            "IVA": 5
        },
        {
            "codigo": "K5VeshAzy2",
            "total": 10,
            "valor_unitario": 502223,
            "descuento": 0.17,
            "IVA": 19
        },
        {
            "codigo": "PMnYhTPOWk",
            "total": 5,
            "valor_unitario": 954108,
            "descuento": 0.5,
            "IVA": 19
        },
        {
            "codigo": "pQ1zJ1pWaY",
            "total": 3,
            "valor_unitario": 941910,
            "descuento": 0.05,
            "IVA": 19
        },
        {
            "codigo": "ZjImlimvlu",
            "total": 12,
            "valor_unitario": 792957,
            "descuento": 0.23,
            "IVA": 19
        },
        {
            "codigo": "SJV2mmrEaD",
            "total": 13,
            "valor_unitario": 448028,
            "descuento": 0.47,
            "IVA": 5
        },
        {
            "codigo": "UfEX3LDKwo",
            "total": 18,
            "valor_unitario": 146205,
            "descuento": 0.44,
            "IVA": 5
        },
        {
            "codigo": "iPIB17sKJb",
            "total": 4,
            "valor_unitario": 851615,
            "descuento": 0.1,
            "IVA": 19
        },
        {
            "codigo": "7PTTtr0F3i",
            "total": 11,
            "valor_unitario": 650713,
            "descuento": 0.48,
            "IVA": 19
        },
        {
            "codigo": "wXuLvsBVtu",
            "total": 3,
            "valor_unitario": 847074,
            "descuento": 0.27,
            "IVA": 0
        },
        {
            "codigo": "SFIilFlKkN",
            "total": 18,
            "valor_unitario": 869013,
            "descuento": 0.08,
            "IVA": 19
        },
        {
            "codigo": "DzAUCYjGEi",
            "total": 11,
            "valor_unitario": 201037,
            "descuento": 0.05,
            "IVA": 0
        },
        {
            "codigo": "fNeKA7lGJP",
            "total": 14,
            "valor_unitario": 624613,
            "descuento": 0.45,
            "IVA": 19
        }
    ]
}