{
    "empresa_nit": "789526431",
    "empresa_ciudad": "MEDELLIN",
    "empresa_sede": "plaza",
    "empresa_nombre": "Supermercado Central",
    "fecha_hora": "2023-12-21 17:11:09",
    "factura_num": "01209",
    "ciente_numero": 936931090,
    "pago_tipo": "TRANFERENCIA",
    "productos": [
        {
            "codigo": "TsJiXXFK4w",
            "total": 19,
            "valor_unitario": 748869,
            "descuento": 0.43,
            "IVA": 19
        },
        {
            "codigo": "Qk1x68S8JN",
            "total": 9,
            "valor_unitario": 40846,
            "descuento": 0.06,
            "IVA": 19
        },
        {
            "codigo": "9VVowd1arH",
            "total": 10,
            "valor_unitario": 971610,
            "descuento": 0.42,
            "IVA": 5
        },
        {
            "codigo": "DXYkj4cTt2",
            "total": 19,
            "valor_unitario": 732907,
            "descuento": 0.35,
            "IVA": 19
        },
        {
            "codigo": "PsEuCy4nbV",
            "total": 10,
            "valor_unitario": 824789,
            "descuento": 0.06,
            "IVA": 0
        },
        {
            "codigo": "xf3TJZeds0",
            "total": 14,
            "valor_unitario": 528147,
            "descuento": 0.02,
            "IVA": 5
        },
        {
            "codigo": "EAGxQ64oXn",
            "total": 2,
            "valor_unitario": 472205,
            "descuento": 0.37,
            "IVA": 0
        },
        {
            "codigo": "vOesIxTCPQ",
            "total": 3,
            "valor_unitario": 621216,
            "descuento": 0.48,
            "IVA": 0
        },
        {
            "codigo": "5G2nuoxOjr",
            "total": 1,
            "valor_unitario": 585373,
            "descuento": 0.01,
            "IVA": 19
        },
        {
            "codigo": "KXG8cOqUq0",
            "total": 19,
            "valor_unitario": 141538,
            "descuento": 0.02,
            "IVA": 5
        },
        {
            "codigo": "eYT8VURkqA",
            "total": 5,
            "valor_unitario": 665023,
            "descuento": 0.27,
            "IVA": 5
        },
        {
            "codigo": "d8bEJGKabu",
            "total": 14,
            "valor_unitario": 468796,
            "descuento": 0.46,
            "IVA": 0
        },
        {
            "codigo": "XusNLPl7tc",
            "total": 7,
            "valor_unitario": 227665,
            "descuento": 0.47,
            "IVA": 19
        },
        {
            "codigo": "g5NPA90dfj",
            "total": 13,
            "valor_unitario": 782299,
            "descuento": 0.41,
            "IVA": 5
        },
        {
            "codigo": "kdRihAoIGf",
            "total": 11,
            "valor_unitario": 424587,
            "descuento": 0.42,
            "IVA": 5
        },
        {
            "codigo": "0oR0hbnj97",
            "total": 5,
            "valor_unitario": 264422,
            "descuento": 0.15,
            "IVA": 5
        },
        {
            "codigo": "wHH0fDvIDq",
            "total": 15,
            "valor_unitario": 355719,
            "descuento": 0.33,
            "IVA": 5
        },
        {
            "codigo": "1OVgpk7qXK",
            "total": 1,
            "valor_unitario": 22658,
            "descuento": 0.24,
            "IVA": 5
        },
        {
            "codigo": "ikjDLTegYX",
            "total": 18,
            "valor_unitario": 235851,
            "descuento": 0.23,
            "IVA": 5
        }
    ]
}