{
    "empresa_nit": "789526431",
    "empresa_ciudad": "CALI",
    "empresa_sede": "autopista",
    "empresa_nombre": "Supermercado Central",
    "fecha_hora": "2021-08-15 01:42:18",
    "factura_num": "01224",
    "ciente_numero": 45080164,
    "pago_tipo": "TAR.DEBITO",
    "productos": [
        {
            "codigo": "dX1FHccaf3",
            "total": 14,
            "valor_unitario": 959800,
            "descuento": 0.13,
            "IVA": 0
        },
        {
            "codigo": "JOYsUPf4SX",
            "total": 11,
            "valor_unitario": 361799,
            "descuento": 0.37,
            "IVA": 5
        },
        {
            "codigo": "WtQAXLmvgN",
            "total": 10,
            "valor_unitario": 634499,
            "descuento": 0.46,
            "IVA": 5
        },
        {
            "codigo": "S3PFzZ8wvQ",
            "total": 6,
            "valor_unitario": 367598,
            "descuento": 0.42,
            "IVA": 0
        },
        {
            "codigo": "3SZBq3498d",
            "total": 15,
            "valor_unitario": 505920,
            "descuento": 0.17,
            "IVA": 0
        },
        {
            "codigo": "gpGJtYHaoJ",
            "total": 13,
            "valor_unitario": 621577,
            "descuento": 0.29,
            "IVA": 5
        },
        {
            "codigo": "n7P6e2Q91y",
            "total": 19,
            "valor_unitario": 269174,
            "descuento": 0.25,
            "IVA": 0
        },
        {
            "codigo": "ZWIbruMq8A",
            "total": 11,
            "valor_unitario": 462066,
            "descuento": 0.0,
            "IVA": 19
        },
        {
            "codigo": "2KdqfO7uSS",
            "total": 19,
            "valor_unitario": 231480,
            "descuento": 0.45,
            "IVA": 19
        },
        {
            "codigo": "W3XZ7KfSGS",
            "total": 9,
            "valor_unitario": 776596,
            "descuento": 0.06,
            "IVA": 19
        },
        {
            "codigo": "Accxsymt8C",
            "total": 17,
            "valor_unitario": 45142,
            "descuento": 0.23,
            "IVA": 5
        },
        {
            "codigo": "tSXVvlSKs6",
            "total": 1,
            "valor_unitario": 330633,
            "descuento": 0.16,
            "IVA": 0
        }
    ]
}