{
    "empresa_nit": "789526431",
    "empresa_ciudad": "TUNJA",
    "empresa_sede": "plaza",
    "empresa_nombre": "Supermercado Central",
    "fecha_hora": "2023-09-28 07:28:19",
    "factura_num": "01245",
    "ciente_numero": 605899295,
    "pago_tipo": "EFECTIVO",
    "productos": [
        {
            "codigo": "lNPwDGSoaD",
            "total": 15,
            "valor_unitario": 355062,
            "descuento": 0.01,
            "IVA": 0
        },
        {
            "codigo": "8I1uOXHc7W",
            "total": 8,
            "valor_unitario": 50341,
            "descuento": 0.21,
            "IVA": 0
        },
        {
            "codigo": "euoTenWISk",
            "total": 11,
            "valor_unitario": 729802,
            "descuento": 0.46,
            "IVA": 5
        },
        {
            "codigo": "20ygFPu543",
            "total": 10,
            "valor_unitario": 229313,
            "descuento": 0.37,
            "IVA": 0
        },
        {
            "codigo": "bsnrvANDdI",
            "total": 9,
            "valor_unitario": 808413,
            "descuento": 0.23,
            "IVA": 5
        },
        {
            "codigo": "rOfsDFkqdW",
            "total": 10,
            "valor_unitario": 5970,
            "descuento": 0.26,
            "IVA": 19
        }
    ]
}