{
    "empresa_nit": "789526431",
    "empresa_ciudad": "BARRANQUILLA",
    "empresa_sede": "plaza",
    "empresa_nombre": "Supermercado Central",
    "fecha_hora": "2024-06-16 12:46:52",
    "factura_num": "01298",
    "ciente_numero": 202710278,
    "pago_tipo": "TAR.DEBITO",
    "productos": [
        {
            "codigo": "w9Qg2ipUW3",
            "total": 2,
            "valor_unitario": 67524,
            "descuento": 0.07,
            "IVA": 5
        },
        {
            "codigo": "Go1CzBKfON",
            "total": 5,
            "valor_unitario": 660992,
            "descuento": 0.02,
            "IVA": 19
        },
        {
            "codigo": "NTjmBMgsoA",
            "total": 5,
            "valor_unitario": 796045,
            "descuento": 0.46,
            "IVA": 0
        },
        {
            "codigo": "aHh4BuPB3R",
            "total": 12,
            "valor_unitario": 520710,
            "descuento": 0.19,
            "IVA": 19
        },
        {
            "codigo": "nAzQKN3rZ6",
            "total": 8,
            "valor_unitario": 679443,
            "descuento": 0.16,
            "IVA": 5
        },
        {
            "codigo": "CXE5SzrnfH",
            "total": 16,
            "valor_unitario": 367469,
            "descuento": 0.16,
            "IVA": 0
        },
        {
            "codigo": "dnq06gDEIb",
            "total": 17,
            "valor_unitario": 980108,
            "descuento": 0.12,
            "IVA": 19
        }
    ]
}