{
    "empresa_nit": "789526431",
    "empresa_ciudad": "MEDELLIN",
    "empresa_sede": "alcaldia",
    "empresa_nombre": "Supermercado Central",
    "fecha_hora": "2024-10-14 02:44:09",
    "factura_num": "01068",
    "ciente_numero": 347818677,
    "pago_tipo": "TAR.CREDITO",
    "productos": [
        {
            "codigo": "Piif2W9Kxu",
            "total": 9,
            "valor_unitario": 263226,
            "descuento": 0.48,
            "IVA": 0
        },
        {
            "codigo": "N3exVUiDTf",
            "total": 16,
            "valor_unitario": 632981,
            "descuento": 0.17,
            "IVA": 0
        },
        {
            "codigo": "4eOo85XvUP",
            "total": 5,
            "valor_unitario": 536176,
            "descuento": 0.04,
            "IVA": 0
        },
        {
            "codigo": "tDct0tbcit",
            "total": 14,
            "valor_unitario": 629034,
            "descuento": 0.02,
            "IVA": 5
        },
        {
            "codigo": "gStuZMjXtX",
            "total": 8,
            "valor_unitario": 132933,
            "descuento": 0.07,
            "IVA": 5
        },
        {
            "codigo": "4WcHS8DHyr",
            "total": 7,
            "valor_unitario": 623267,
            "descuento": 0.44,
            "IVA": 19
        },
        {
            "codigo": "44FHXV2Qza",
            "total": 17,
            "valor_unitario": 429942,
            "descuento": 0.46,
            "IVA": 0
        },
        {
            "codigo": "mjzo3tG5VN",
            "total": 4,
            "valor_unitario": 106858,
            "descuento": 0.46,
            "IVA": 5
        },
        {
            "codigo": "quMJ7t9Edx",
            "total": 3,
            "valor_unitario": 847416,
            "descuento": 0.26,
            "IVA": 19
        }
    ]
}