{
    "empresa_nit": "789526431",
    "empresa_ciudad": "MEDELLIN",
    "empresa_sede": "autopista",
    "empresa_nombre": "Supermercado Central",
    "fecha_hora": "2022-03-21 08:04:11",
    "factura_num": "01287",
    "ciente_numero": 25199131,
    "pago_tipo": "EFECTIVO",
    "productos": [
        {
            "codigo": "nROFmVX7DI",
            "total": 9,
            "valor_unitario": 168598,
            "descuento": 0.4,
            "IVA": 19
        },
        {
            "codigo": "w3fPNxyPSY",
            "total": 15,
            "valor_unitario": 734511,
            "descuento": 0.03,
            "IVA": 5
        },
        {
            "codigo": "J3mUt3eEHO",
            "total": 17,
            "valor_unitario": 349175,
            "descuento": 0.03,
            "IVA": 19
        },
        {
            "codigo": "hifJmlWVg1",
            "total": 7,
            "valor_unitario": 72318,
            "descuento": 0.3,
            "IVA": 19
        },
        {
            "codigo": "ts9S8Y7StO",
            "total": 20,
            "valor_unitario": 180177,
            "descuento": 0.39,
            "IVA": 19
        },
        {
            "codigo": "C5yGdVzlWj",
            "total": 3,
            "valor_unitario": 532434,
            "descuento": 0.21,
            "IVA": 19
        },
        {
            "codigo": "MuEn7AHQ7o",
            "total": 4,
            "valor_unitario": 24086,
            "descuento": 0.38,
            "IVA": 0
        },
        {
            "codigo": "ZNP8ecOxjw",
            "total": 15,
            "valor_unitario": 782437,
            "descuento": 0.32,
            "IVA": 0
        },
        {
            "codigo": "g81moYO5Lx",
            "total": 3,
            "valor_unitario": 727434,
            "descuento": 0.25,
            "IVA": 5
        },
        {
            "codigo": "7VIjnJnX8P",
            "total": 8,
            "valor_unitario": 658267,
            "descuento": 0.41,
            "IVA": 19
        }
    ]
}