{
    "empresa_nit": "789526431",
    "empresa_ciudad": "CALI",
    "empresa_sede": "autopista",
    "empresa_nombre": "Supermercado Central",
    "fecha_hora": "2024-07-10 05:19:03",
    "factura_num": "01301",
    "ciente_numero": 937022608,
    "pago_tipo": "TRANFERENCIA",
    "productos": [
        {
            "codigo": "lIG3H3GGSB",
            "total": 19,
            "valor_unitario": 332032,
            "descuento": 0.42,
            "IVA": 0
        },
        {
            "codigo": "Kaq4GYeTjl",
            "total": 12,
            "valor_unitario": 321506,
            "descuento": 0.28,
            "IVA": 19
        },
        {
            "codigo": "5azNanzfmC",
            "total": 14,
            "valor_unitario": 739409,
            "descuento": 0.46,
            "IVA": 0
        },
        {
            "codigo": "GQEzBybNOW",
            "total": 5,
            "valor_unitario": 476938,
            "descuento": 0.22,
            "IVA": 5
        }
    ]
}