{
    "empresa_nit": "789526431",
    "empresa_ciudad": "BARRANQUILLA",
    "empresa_sede": "centro",
    "empresa_nombre": "Supermercado Central",
    "fecha_hora": "2021-07-31 09:12:35",
    "factura_num": "01114",
    "ciente_numero": 870735032,
    "pago_tipo": "TAR.DEBITO",
    "productos": [
        {
            "codigo": "yUY4087U5A",
            "total": 15,
            "valor_unitario": 978070,
            "descuento": 0.4,
            "IVA": 5
        },
        {
            "codigo": "2MBw8mE305",
            "total": 14,
            "valor_unitario": 863403,
            "descuento": 0.4,
            "IVA": 0
        },
        {
            "codigo": "ksiZuFe88S",
            "total": 7,
            "valor_unitario": 231984,
            "descuento": 0.28,
            "IVA": 5
        },
        {
            "codigo": "0rSf3j5A6o",
            "total": 7,
            "valor_unitario": 729593,
            "descuento": 0.35,
            "IVA": 19
        },
        {
            "codigo": "qawFpAqTkq",
            "total": 11,
            "valor_unitario": 243166,
            "descuento": 0.05,
            "IVA": 5
        },
        {
            "codigo": "HJLI2CPA8r",
            "total": 12,
            "valor_unitario": 479185,
            "descuento": 0.17,
            "IVA": 0
        }
    ]
}