{
    "empresa_nit": "789526431",
    "empresa_ciudad": "BOGOTA",
    "empresa_sede": "terminal",
    "empresa_nombre": "Supermercado Central",
    "fecha_hora": "2023-02-16 11:12:28",
    "factura_num": "01138",
    "ciente_numero": 237990457,
    "pago_tipo": "TRANFERENCIA",
    "productos": [
        {
            "codigo": "3EGMDKEWsd",
            "total": 14,
            "valor_unitario": 169083,
            "descuento": 0.11,
            "IVA": 5
        },
        {
            "codigo": "sHPH92czAv",
            "total": 13,
            "valor_unitario": 167064,
            "descuento": 0.03,
            "IVA": 0
        },
        {
            "codigo": "1SuiZskGWZ",
            "total": 13,
            "valor_unitario": 825380,
            "descuento": 0.36,
            "IVA": 0
        },
        {
            "codigo": "RSxWM2Sui3",
            "total": 9,
            "valor_unitario": 429727,
            "descuento": 0.09,
            "IVA": 5
        },
        {
            "codigo": "x6eCBYb12u",
            "total": 3,
            "valor_unitario": 450257,
            "descuento": 0.32,
            "IVA": 5
        },
        {
            "codigo": "kjsHZM0JHI",
            "total": 14,
            "valor_unitario": 546683,
            "descuento": 0.19,
            "IVA": 19
        },
        {
            "codigo": "c06CA7Klmh",
            "total": 17,
            "valor_unitario": 183555,
            "descuento": 0.48,
            "IVA": 19
        },
        {
            "codigo": "ivSi9ieINV",
            "total": 6,
            "valor_unitario": 908577,
            "descuento": 0.44,
            "IVA": 0
        },
        {
            "codigo": "tRULHtdZay",
            "total": 19,
            "valor_unitario": 810446,
            "descuento": 0.34,
            "IVA": 5
        },
        {
            "codigo": "DUp7qzs7TU",
            "total": 5,
            "valor_unitario": 891510,
            "descuento": 0.01,
            "IVA": 0
        },
        {
            "codigo": "J6qdaoRE3B",
            "total": 6,
            "valor_unitario": 286682,
            "descuento": 0.17,
            "IVA": 0
        },
        {
            "codigo": "89CdZSZqbN",
            "total": 1,
            "valor_unitario": 117645,
            "descuento": 0.27,
            "IVA": 0
        },
        {
            "codigo": "jTd1OPqouA",
            "total": 7,
            "valor_unitario": 297183,
            "descuento": 0.26,
            "IVA": 0
        },
        {
            "codigo": "OUv85aB7k8",
            "total": 12,
            "valor_unitario": 744853,
            "descuento": 0.06,
            "IVA": 0
        }
    ]
}