{
    "empresa_nit": "789526431",
    "empresa_ciudad": "CALI",
    "empresa_sede": "aeropuerto",
    "empresa_nombre": "Supermercado Central",
    "fecha_hora": "2020-01-23 04:04:02",
    "factura_num": "01273",
    "ciente_numero": 882628960,
    "pago_tipo": "EFECTIVO",
    "productos": [
        {
            "codigo": "i2X3OpFe5A",
            "total": 3,
            "valor_unitario": 621900,
            "descuento": 0.14,
            "IVA": 5
        },
        {
            "codigo": "Xq5qvbBNhF",
            "total": 10,
            "valor_unitario": 888234,
            "descuento": 0.19,
            "IVA": 5
        },
        {
            "codigo": "ZKTiAsCFUR",
            "total": 5,
            "valor_unitario": 17559,
            "descuento": 0.13,
            "IVA": 5
        },
        {
            "codigo": "gJmPoBfd9k",
            "total": 12,
            "valor_unitario": 236792,
            "descuento": 0.06,
            "IVA": 19
        },
        {
            "codigo": "Z0mtuP9229",
            "total": 4,
            "valor_unitario": 565706,
            "descuento": 0.22,
            "IVA": 0
        },
        {
            "codigo": "CIcegj7dKq",
            "total": 7,
            "valor_unitario": 469919,
            "descuento": 0.25,
            "IVA": 19
        },
        {
            "codigo": "in1GdECICB",
            "total": 20,
            "valor_unitario": 319445,
            "descuento": 0.35,
            "IVA": 5
        },
        {
            "codigo": "GefZ1WHy8L",
            "total": 18,
            "valor_unitario": 640261,
            "descuento": 0.39,
            "IVA": 5
        },
        {
            "codigo": "HtNCY4J2iv",
            "total": 5,
            "valor_unitario": 881480,
            "descuento": 0.15,
            "IVA": 0
        },
        {
            "codigo": "B9yqnH7KdY",
            "total": 1,
            "valor_unitario": 702100,
            "descuento": 0.16,
            "IVA": 0
        },
        {
            "codigo": "FpQkhrVeey",
            "total": 16,
            "valor_unitario": 570560,
            "descuento": 0.32,
            "IVA": 0
        },
        {
            "codigo": "S2dGBmY0wM",
            "total": 19,
            "valor_unitario": 257098,
            "descuento": 0.43,
            "IVA": 5
        },
        {
            "codigo": "zLkDBKHVxX",
            "total": 10,
            "valor_unitario": 681047,
            "descuento": 0.38,
            "IVA": 19
        },
        {
            "codigo": "AnGTHG2UJU",
            "total": 18,
            "valor_unitario": 921781,
            "descuento": 0.28,
            "IVA": 0
        },
        {
            "codigo": "VqoeQFRQeR",
            "total": 13,
            "valor_unitario": 88634,
            "descuento": 0.32,
            "IVA": 5
        },
        {
            "codigo": "2ADn6jEKIw",
            "total": 15,
            "valor_unitario": 810045,
            "descuento": 0.3,
            "IVA": 0
        },
        {
            "codigo": "rjpQITGZEQ",
            "total": 14,
            "valor_unitario": 905337,
            "descuento": 0.33,
            "IVA": 19
        },
        {
            "codigo": "cU4iw55mjW",
            "total": 5,
            "valor_unitario": 281100,
            "descuento": 0.38,
            "IVA": 19
        },
        {
            "codigo": "vf5gMQAKhu",
            "total": 14,
            "valor_unitario": 155245,
            "descuento": 0.1,
            "IVA": 19
        },
        {
            "codigo": "Ri4Txr4eS4",
            "total": 11,
            "valor_unitario": 806987,
            "descuento": 0.18,
            "IVA": 19
        }
    ]
}