{
    "empresa_nit": "789526431",
    "empresa_ciudad": "BOGOTA",
    "empresa_sede": "autopista",
    "empresa_nombre": "Supermercado Central",
    "fecha_hora": "2023-02-04 04:16:01",
    "factura_num": "01162",
    "ciente_numero": 127890776,
    "pago_tipo": "EFECTIVO",
    "productos": [
        {
            "codigo": "W2D6dnqnZR",
            "total": 18,
            "valor_unitario": 227488,
            "descuento": 0.06,
            "IVA": 0
        },
        {
            "codigo": "ai2zZsGMBh",
            "total": 11,
            "valor_unitario": 850289,
            "descuento": 0.38,
            "IVA": 0
        },
        {
            "codigo": "IsHxzX9j9g",
            "total": 2,
            "valor_unitario": 16705,
            "descuento": 0.17,
            "IVA": 5
        },
        {
            "codigo": "CnC5EB6TbR",
            "total": 4,
            "valor_unitario": 653819,
            "descuento": 0.16,
            "IVA": 19
        }
    ]
}