{
    "empresa_nit": "789526431",
    "empresa_ciudad": "CALI",
    "empresa_sede": "aeropuerto",
    "empresa_nombre": "Supermercado Central",
    "fecha_hora": "2023-12-11 22:14:55",
    "factura_num": "01319",
    "ciente_numero": 967139308,
    "pago_tipo": "TAR.CREDITO",
    "productos": [
        {
            "codigo": "8xQZJExy4O",
            "total": 6,
            "valor_unitario": 97552,
            "descuento": 0.2,
            "IVA": 0
        },
        {
            "codigo": "ldVcJJ7koA",
            "total": 16,
            "valor_unitario": 547792,
            "descuento": 0.19,
            "IVA": 0
        },
        {
            "codigo": "Ba3WVccdpT",
            "total": 13,
            "valor_unitario": 349810,
            "descuento": 0.13,
            "IVA": 5
        },
        {
            "codigo": "Bs7X3qmz7q",
            "total": 9,
            "valor_unitario": 818663,
            "descuento": 0.43,
            "IVA": 0
        },
        {
            "codigo": "14o3khlqHk",
            "total": 16,
            "valor_unitario": 630876,
            "descuento": 0.38,
            "IVA": 0
        },
        {
            "codigo": "hx8NMnON1Y",
            "total": 19,
            "valor_unitario": 789166,
            "descuento": 0.01,
            "IVA": 0
        },
        {
            "codigo": "1ctcw57Uo1",
            "total": 11,
            "valor_unitario": 822182,
            "descuento": 0.3,
            "IVA": 0
        },
        {
            "codigo": "M4OP9L7uvS",
            "total": 7,
            "valor_unitario": 449920,
            "descuento": 0.47,
            "IVA": 0
        },
        {
            "codigo": "ktvf49CITG",
            "total": 11,
            "valor_unitario": 484538,
            "descuento": 0.45,
            "IVA": 5
        },
        {
            "codigo": "8BdWPXerUo",
            "total": 20,
            "valor_unitario": 271616,
            "descuento": 0.39,
            "IVA": 0
        },
        {
            "codigo": "r1HZMMrrz0",
            "total": 11,
            "valor_unitario": 294374,
            "descuento": 0.39,
            "IVA": 19
        },
        {
            "codigo": "4mWCmlKVeL",
            "total": 19,
            "valor_unitario": 419855,
            "descuento": 0.15,
            "IVA": 0
        },
        {
            "codigo": "gqGQdIz8gH",
            "total": 13,
            "valor_unitario": 780484,
            "descuento": 0.1,
            "IVA": 0
        }
    ]
}