{
    "empresa_nit": "789526431",
    "empresa_ciudad": "TUNJA",
    "empresa_sede": "plaza",
    "empresa_nombre": "Supermercado Central",
    "fecha_hora": "2023-12-01 02:09:58",
    "factura_num": "01060",
    "ciente_numero": 870897522,
    "pago_tipo": "TRANFERENCIA",
    "productos": [
        {
            "codigo": "rWDzH6y1Hb",
            "total": 8,
            "valor_unitario": 521756,
            "descuento": 0.33,
            "IVA": 5
        },
        {
            "codigo": "jfbcroCK8v",
            "total": 10,
            "valor_unitario": 456004,
            "descuento": 0.02,
            "IVA": 19
        },
        {
            "codigo": "ZWKEg1ZSb1",
            "total": 16,
            "valor_unitario": 404283,
            "descuento": 0.44,
            "IVA": 0
        },
        {
            "codigo": "R7ad0MlbII",
            "total": 20,
            "valor_unitario": 526381,
            "descuento": 0.05,
            "IVA": 5
        },
        {
            "codigo": "qKRPgEnDK3",
            "total": 7,
            "valor_unitario": 759338,
            "descuento": 0.34,
            "IVA": 5
        },
        {
            "codigo": "LYbBSuvR5R",
            "total": 10,
            "valor_unitario": 876047,
            "descuento": 0.2,
            "IVA": 5
        },
        {
            "codigo": "bJs8qphK0J",
            "total": 6,
            "valor_unitario": 726480,
            "descuento": 0.47,
            "IVA": 19
        }
    ]
}