{
    "empresa_nit": "789526431",
    "empresa_ciudad": "BOGOTA",
    "empresa_sede": "aeropuerto",
    "empresa_nombre": "Supermercado Central",
    "fecha_hora": "2020-08-10 17:41:41",
    "factura_num": "01227",
    "ciente_numero": 678200037,
    "pago_tipo": "TAR.CREDITO",
    "productos": [
        {
            "codigo": "hKHxAUjthS",
            "total": 16,
            "valor_unitario": 819097,
            "descuento": 0.12,
            "IVA": 19
        },
        {
            "codigo": "5sPGx0tGmr",
            "total": 13,
            "valor_unitario": 817244,
            "descuento": 0.05,
            "IVA": 0
        },
        {
            "codigo": "9oySlpmL9F",
            "total": 16,
            "valor_unitario": 483841,
            "descuento": 0.38,
            "IVA": 0
        },
        {
            "codigo": "KiXOOUDAsJ",
            "total": 1,
            "valor_unitario": 481238,
            "descuento": 0.1,
            "IVA": 0
        },
        {
            "codigo": "Ee2wWZvChz",
            "total": 16,
            "valor_unitario": 535928,
            "descuento": 0.16,
            "IVA": 19
        },
        {
            "codigo": "zglXzc7UYe",
            "total": 19,
            "valor_unitario": 810936,
            "descuento": 0.16,
            "IVA": 19
        },
        {
            "codigo": "LIX13F06Fm",
            "total": 20,
            "valor_unitario": 212432,
            "descuento": 0.38,
            "IVA": 5
        },
        {
            "codigo": "O43uYlfx7t",
            "total": 2,
            "valor_unitario": 3817,
            "descuento": 0.13,
            "IVA": 5
        },
        {
            "codigo": "RXwNi8CHKo",
            "total": 18,
            "valor_unitario": 491783,
            "descuento": 0.06,
            "IVA": 0
        },
        {
            "codigo": "YVGXorQirr",
            "total": 12,
            "valor_unitario": 456669,
            "descuento": 0.23,
            "IVA": 19
        },
        {
            "codigo": "H476vutS9m",
            "total": 6,
            "valor_unitario": 599437,
            "descuento": 0.35,
            "IVA": 5
        },
        {
            "codigo": "i8GGzSfjnS",
            "total": 11,
            "valor_unitario": 743911,
            "descuento": 0.34,
            "IVA": 19
        },
        {
            "codigo": "3yWsPMugzA",
            "total": 4,
            "valor_unitario": 840825,
            "descuento": 0.17,
            "IVA": 0
        },
        {
            "codigo": "yS73ailses",
            "total": 16,
            "valor_unitario": 212309,
            "descuento": 0.25,
            "IVA": 0
        },
        {
            "codigo": "QaFg9uBGKQ",
            "total": 13,
            "valor_unitario": 301183,
            "descuento": 0.14,
            "IVA": 19
        }
    ]
}