{
    "empresa_nit": "789526431",
    "empresa_ciudad": "MEDELLIN",
    "empresa_sede": "aeropuerto",
    "empresa_nombre": "Supermercado Central",
    "fecha_hora": "2022-04-18 01:41:07",
    "factura_num": "01430",
    "ciente_numero": 290608864,
    "pago_tipo": "TAR.CREDITO",
    "productos": [
        {
            "codigo": "q6QBHpuObP",
            "total": 17,
            "valor_unitario": 999397,
            "descuento": 0.07,
            "IVA": 0
        },
        {
            "codigo": "luUPymqsfz",
            "total": 8,
            "valor_unitario": 415197,
            "descuento": 0.29,
            "IVA": 19
        },
        {
            "codigo": "DTkSQJF3tX",
            "total": 18,
            "valor_unitario": 3781,
            "descuento": 0.07,
            "IVA": 19
        },
        {
            "codigo": "Fhtl9Ido33",
            "total": 8,
            "valor_unitario": 565740,
            "descuento": 0.27,
            "IVA": 5
        },
        {
            "codigo": "pWu8QHPsLK",
            "total": 18,
            "valor_unitario": 935327,
            "descuento": 0.35,
            "IVA": 19
        },
        {
            "codigo": "xWTQxRxb34",
            "total": 9,
            "valor_unitario": 204526,
            "descuento": 0.18,
            "IVA": 0
        },
        {
            "codigo": "xhww04M2hQ",
            "total": 19,
            "valor_unitario": 759516,
            "descuento": 0.29,
            "IVA": 19
        },
        {
            "codigo": "aOSBdkfTiy",
            "total": 17,
            "valor_unitario": 12970,
            "descuento": 0.19,
            "IVA": 5
        },
        {
            "codigo": "pjzL8KGj48",
            "total": 14,
            "valor_unitario": 964089,
            "descuento": 0.13,
            "IVA": 19
        },
        {
            "codigo": "ao6KsVgjnQ",
            "total": 13,
            "valor_unitario": 522705,
            "descuento": 0.37,
            "IVA": 19
        },
        {
            "codigo": "JfQPCabqZj",
            "total": 7,
            "valor_unitario": 549675,
            "descuento": 0.47,
            "IVA": 0
        },
        {
            "codigo": "OlB4CqYTGG",
            "total": 11,
            "valor_unitario": 930992,
            "descuento": 0.36,
            "IVA": 0
        },
        {
            "codigo": "fcfooZUnP9",
            "total": 11,
            "valor_unitario": 676754,
            "descuento": 0.26,
            "IVA": 19
        },
        {
            "codigo": "ABjCkXE0Fw",
            "total": 11,
            "valor_unitario": 282740,
            "descuento": 0.36,
            "IVA": 5
        },
        {
            "codigo": "egtJGaYm2f",
            "total": 13,
            "valor_unitario": 852285,
            "descuento": 0.16,
            "IVA": 0
        },
        {
            "codigo": "ZkvxbbtGEA",
            "total": 3,
            "valor_unitario": 189062,
            "descuento": 0.35,
            "IVA": 19
        }
    ]
}