{
    "empresa_nit": "789526431",
    "empresa_ciudad": "CALI",
    "empresa_sede": "terminal",
    "empresa_nombre": "Supermercado Central",
    "fecha_hora": "2022-08-24 11:07:45",
    "factura_num": "01016",
    "ciente_numero": 600031921,
    "pago_tipo": "TAR.DEBITO",
    "productos": [
        {
            "codigo": "yIUsw0mczz",
            "total": 17,
            "valor_unitario": 932503,
            "descuento": 0.12,
            "IVA": 5
        },
        {
            "codigo": "0uEKnWF3nT",
            "total": 11,
            "valor_unitario": 501533,
            "descuento": 0.3,
            "IVA": 0
        },
        {
            "codigo": "GqHUJo9fWT",
            "total": 2,
            "valor_unitario": 181528,
            "descuento": 0.18,
            "IVA": 0
        },
        {
            "codigo": "LSDWpmVfJs",
            "total": 20,
            "valor_unitario": 895130,
            "descuento": 0.17,
            "IVA": 19
        },
        {
            "codigo": "rfZpH0V2dq",
            "total": 7,
            "valor_unitario": 893434,
            "descuento": 0.1,
            "IVA": 19
        },
        {
            "codigo": "quGCNHKQwz",
            "total": 3,
            "valor_unitario": 868938,
            "descuento": 0.37,
            "IVA": 0
        },
        {
            "codigo": "S6wYOkEdzn",
            "total": 14,
            "valor_unitario": 968555,
            "descuento": 0.44,
            "IVA": 5
        },
        {
            "codigo": "UGU0H982jn",
            "total": 17,
            "valor_unitario": 195752,
            "descuento": 0.23,
            "IVA": 5
        },
        {
            "codigo": "Mf3iYK62ff",
            "total": 13,
            "valor_unitario": 722474,
            "descuento": 0.15,
            "IVA": 5
        },
        {
            "codigo": "rZtaF1UJpT",
            "total": 16,
            "valor_unitario": 709926,
            "descuento": 0.29,
            "IVA": 5
        },
        {
            "codigo": "mjIdIJh3Zq",
            "total": 13,
            "valor_unitario": 974965,
            "descuento": 0.36,
            "IVA": 0
        },
        {
            "codigo": "zNfGb7I03c",
            "total": 4,
            "valor_unitario": 726242,
            "descuento": 0.45,
            "IVA": 19
        },
        {
            "codigo": "c1psh5vRwI",
            "total": 19,
            "valor_unitario": 504690,
            "descuento": 0.29,
            "IVA": 19
        },
        {
            "codigo": "LNeQS5GEop",
            "total": 12,
            "valor_unitario": 975586,
            "descuento": 0.14,
            "IVA": 5
        },
        {
            "codigo": "RLdaKAO8k9",
            "total": 14,
            "valor_unitario": 604597,
            "descuento": 0.11,
            "IVA": 0
        }
    ]
}