{
    "empresa_nit": "789526431",
    "empresa_ciudad": "BOGOTA",
    "empresa_sede": "aeropuerto",
    "empresa_nombre": "Supermercado Central",
    "fecha_hora": "2020-10-08 12:13:07",
    "factura_num": "01048",
    "ciente_numero": 805435770,
    "pago_tipo": "TRANFERENCIA",
    "productos": [
        {
            "codigo": "Tj5EUFwXsL",
            "total": 8,
            "valor_unitario": 838714,
            "descuento": 0.14,
            "IVA": 19
        },
        {
            "codigo": "AxKLw6gMrX",
            "total": 9,
            "valor_unitario": 487058,
            "descuento": 0.25,
            "IVA": 19
        },
        {
            "codigo": "RBycYtC0yY",
            "total": 11,
            "valor_unitario": 892712,
            "descuento": 0.34,
            "IVA": 5
        }
    ]
}