{
    "empresa_nit": "789526431",
    "empresa_ciudad": "CALI",
    "empresa_sede": "centro",
    "empresa_nombre": "Supermercado Central",
    "fecha_hora": "2022-05-07 16:30:21",
    "factura_num": "01309",
    "ciente_numero": 210644669,
    "pago_tipo": "EFECTIVO",
    "productos": [
        {
            "codigo": "cJIfCPfw9D",
            "total": 4,
            "valor_unitario": 856252,
            "descuento": 0.03,
            "IVA": 0
        },
        {
            "codigo": "T6g6oz3qtb",
            "total": 15,
            "valor_unitario": 943095,
            "descuento": 0.23,
            "IVA": 5
        },
        {
            "codigo": "NtpTh7dymy",
            "total": 10,
            "valor_unitario": 232516,
            "descuento": 0.46,
            "IVA": 0
        },
        {
            "codigo": "JWuFJmHsAf",
            "total": 19,
            "valor_unitario": 698185,
            "descuento": 0.13,
            "IVA": 0
        }
    ]
}