{
    "empresa_nit": "789526431",
    "empresa_ciudad": "BOGOTA",
    "empresa_sede": "alcaldia",
    "empresa_nombre": "Supermercado Central",
    "fecha_hora": "2023-09-27 09:36:09",
    "factura_num": "01095",
    "ciente_numero": 136873397,
    "pago_tipo": "TAR.CREDITO",
    "productos": [
        {
            "codigo": "AvmBPfwi2T",
            "total": 2,
            "valor_unitario": 58204,
            "descuento": 0.33,
            "IVA": 19
        },
        {
            "codigo": "mTA8gqRG7f",
            "total": 10,
            "valor_unitario": 67940,
            "descuento": 0.47,
            "IVA": 5
        },
        {
            "codigo": "dEFR1XmXVo",
            "total": 7,
            "valor_unitario": 399528,
            "descuento": 0.44,
            "IVA": 0
        },
        {
            "codigo": "CQpROR6lCU",
            "total": 5,
            "valor_unitario": 893185,
            "descuento": 0.09,
            "IVA": 19
        },
        {
            "codigo": "YdcEC8qNrh",
            "total": 14,
            "valor_unitario": 162253,
            "descuento": 0.24,
            "IVA": 5
        },
        {
            "codigo": "FvyWY4Xded",
            "total": 14,
            "valor_unitario": 130121,
            "descuento": 0.34,
            "IVA": 19
        },
        {
            "codigo": "5wwceq2V9Z",
            "total": 2,
            "valor_unitario": 165654,
            "descuento": 0.46,
            "IVA": 0
        }
    ]
}