{
    "empresa_nit": "789526431",
    "empresa_ciudad": "CALI",
    "empresa_sede": "autopista",
    "empresa_nombre": "Supermercado Central",
    "fecha_hora": "2022-11-07 07:15:16",
    "factura_num": "01351",
    "ciente_numero": 376047985,
    "pago_tipo": "TAR.DEBITO",
    "productos": [
        {
            "codigo": "2VZ0AN0Dn3",
            "total": 5,
            "valor_unitario": 248655,
            "descuento": 0.2,
            "IVA": 5
        },
        {
            "codigo": "ueOBPm0082",
            "total": 17,
            "valor_unitario": 998113,
            "descuento": 0.35,
            "IVA": 0
        },
        {
            "codigo": "735ITod0mr",
            "total": 2,
            "valor_unitario": 385786,
            "descuento": 0.15,
            "IVA": 0
        },
        {
            "codigo": "Rf7D51wTnA",
            "total": 12,
            "valor_unitario": 314562,
            "descuento": 0.33,
            "IVA": 19
        },
        {
            "codigo": "deOw5rBrIc",
            "total": 12,
            "valor_unitario": 65983,
            "descuento": 0.38,
            "IVA": 0
        },
        {
            "codigo": "yoQp9mOKSU",
            "total": 17,
            "valor_unitario": 372105,
            "descuento": 0.4,
            "IVA": 5
        },
        {
            "codigo": "eQ37PIDmja",
            "total": 3,
            "valor_unitario": 924898,
            "descuento": 0.38,
            "IVA": 19
        },
        {
            "codigo": "YPisxB8y2j",
            "total": 2,
            "valor_unitario": 96729,
            "descuento": 0.26,
            "IVA": 5
        },
        {
            "codigo": "UDeDLSgEMk",
            "total": 7,
            "valor_unitario": 718392,
            "descuento": 0.38,
            "IVA": 5
        },
        {
            "codigo": "lnwTzIhsMD",
            "total": 19,
            "valor_unitario": 404838,
            "descuento": 0.49,
            "IVA": 0
        }
    ]
}