{
    "empresa_nit": "789526431",
    "empresa_ciudad": "TUNJA",
    "empresa_sede": "autopista",
    "empresa_nombre": "Supermercado Central",
    "fecha_hora": "2023-06-26 16:13:39",
    "factura_num": "01435",
    "ciente_numero": 879721812,
    "pago_tipo": "EFECTIVO",
    "productos": [
        {
            "codigo": "1IoJAsqMlN",
            "total": 7,
            "valor_unitario": 497483,
            "descuento": 0.36,
            "IVA": 5
        },
        {
            "codigo": "1DuSx5N5a6",
            "total": 10,
            "valor_unitario": 998642,
            "descuento": 0.37,
            "IVA": 19
        },
        {
            "codigo": "qHKkDPaB5R",
            "total": 2,
            "valor_unitario": 523333,
            "descuento": 0.12,
            "IVA": 0
        },
        {
            "codigo": "3hQwGLzESN",
            "total": 20,
            "valor_unitario": 532060,
            "descuento": 0.11,
            "IVA": 5
        },
        {
            "codigo": "MNvg4HYAP8",
            "total": 19,
            "valor_unitario": 474604,
            "descuento": 0.38,
            "IVA": 5
        },
        {
            "codigo": "TqXpcXGP5L",
            "total": 9,
            "valor_unitario": 269944,
            "descuento": 0.19,
            "IVA": 0
        },
        {
            "codigo": "1iVvhpi6bA",
            "total": 12,
            "valor_unitario": 963984,
            "descuento": 0.16,
            "IVA": 0
        },
        {
            "codigo": "ytEciTTKiS",
            "total": 5,
            "valor_unitario": 834229,
            "descuento": 0.39,
            "IVA": 0
        },
        {
            "codigo": "xyajyjlgrq",
            "total": 5,
            "valor_unitario": 320968,
            "descuento": 0.36,
            "IVA": 19
        },
        {
            "codigo": "9xpsUFdYHc",
            "total": 11,
            "valor_unitario": 476839,
            "descuento": 0.44,
            "IVA": 5
        },
        {
            "codigo": "LE72dH6siH",
            "total": 10,
            "valor_unitario": 728226,
            "descuento": 0.09,
            "IVA": 0
        },
        {
            "codigo": "BQUxb1lGId",
            "total": 19,
            "valor_unitario": 682420,
            "descuento": 0.32,
            "IVA": 19
        }
    ]
}