{
    "empresa_nit": "789526431",
    "empresa_ciudad": "CALI",
    "empresa_sede": "centro",
    "empresa_nombre": "Supermercado Central",
    "fecha_hora": "2020-06-27 19:11:57",
    "factura_num": "01077",
    "ciente_numero": 387443370,
    "pago_tipo": "TAR.DEBITO",
    "productos": [
        {
            "codigo": "TFw6wlC5pF",
            "total": 16,
            "valor_unitario": 779279,
            "descuento": 0.36,
            "IVA": 19
        },
        {
            "codigo": "TYNwcyUhhN",
            "total": 1,
            "valor_unitario": 784226,
            "descuento": 0.29,
            "IVA": 0
        },
        {
            "codigo": "lj0TPhOrWE",
            "total": 11,
            "valor_unitario": 206947,
            "descuento": 0.25,
            "IVA": 5
        },
        {
            "codigo": "toDIoO6Irv",
            "total": 20,
            "valor_unitario": 6276,
            "descuento": 0.13,
            "IVA": 0
        },
        {
            "codigo": "i6xh4QaFOG",
            "total": 20,
            "valor_unitario": 417519,
            "descuento": 0.24,
            "IVA": 19
        },
        {
            "codigo": "y5qKbxrGwX",
            "total": 17,
            "valor_unitario": 443582,
            "descuento": 0.19,
            "IVA": 19
        },
        {
            "codigo": "3wz1AOqDnu",
            "total": 7,
            "valor_unitario": 435652,
            "descuento": 0.17,
            "IVA": 5
        },
        {
            "codigo": "YjH8OT8kX1",
            "total": 9,
            "valor_unitario": 798300,
            "descuento": 0.13,
            "IVA": 5
        },
        {
            "codigo": "8hqiIoqJTR",
            "total": 11,
            "valor_unitario": 268584,
            "descuento": 0.47,
            "IVA": 19
        },
        {
            "codigo": "WR6tYHlDZW",
            "total": 5,
            "valor_unitario": 870417,
            "descuento": 0.24,
            "IVA": 0
        },
        {
            "codigo": "kwt8njmMjw",
            "total": 19,
            "valor_unitario": 945787,
            "descuento": 0.21,
            "IVA": 0
        },
        {
            "codigo": "JahkZ5tArK",
            "total": 2,
            "valor_unitario": 8360,
            "descuento": 0.25,
            "IVA": 0
        },
        {
            "codigo": "QFY3gGx0fw",
            "total": 20,
            "valor_unitario": 755765,
            "descuento": 0.25,
            "IVA": 5
        },
        {
            "codigo": "8z5DPzl991",
            "total": 13,
            "valor_unitario": 684379,
            "descuento": 0.43,
            "IVA": 0
        }
    ]
}