{
    "empresa_nit": "789526431",
    "empresa_ciudad": "BOGOTA",
    "empresa_sede": "autopista",
    "empresa_nombre": "Supermercado Central",
    "fecha_hora": "2020-08-21 11:13:32",
    "factura_num": "01153",
    "ciente_numero": 396704931,
    "pago_tipo": "TAR.DEBITO",
    "productos": [
        {
            "codigo": "jNaCf6xJ4Y",
            "total": 16,
            "valor_unitario": 337908,
            "descuento": 0.11,
            "IVA": 19
        },
        {
            "codigo": "AyYScbJjyS",
            "total": 11,
            "valor_unitario": 912645,
            "descuento": 0.23,
            "IVA": 19
        },
        {
            "codigo": "Tj6vVv4BZk",
            "total": 8,
            "valor_unitario": 960156,
            "descuento": 0.3,
            "IVA": 5
        },
        {
            "codigo": "rO5S6rAn5Z",
            "total": 13,
            "valor_unitario": 467346,
            "descuento": 0.4,
            "IVA": 5
        },
        {
            "codigo": "8HWR7mDzGT",
            "total": 20,
            "valor_unitario": 899178,
            "descuento": 0.24,
            "IVA": 5
        },
        {
            "codigo": "FYuGCxfsmF",
            "total": 19,
            "valor_unitario": 112410,
            "descuento": 0.36,
            "IVA": 19
        },
        {
            "codigo": "7eEvEaCaBi",
            "total": 11,
            "valor_unitario": 746841,
            "descuento": 0.17,
            "IVA": 0
        },
        {
            "codigo": "fVlcwP4ZSa",
            "total": 19,
            "valor_unitario": 894853,
            "descuento": 0.0,
            "IVA": 19
        },
        {
            "codigo": "lxRGJ17Iup",
            "total": 4,
            "valor_unitario": 709456,
            "descuento": 0.27,
            "IVA": 19
        },
        {
            "codigo": "TXozZgh16p",
            "total": 6,
            "valor_unitario": 680223,
            "descuento": 0.18,
            "IVA": 19
        },
        {
            "codigo": "IiaxrJuvfi",
            "total": 8,
            "valor_unitario": 789772,
            "descuento": 0.36,
            "IVA": 19
        },
        {
            "codigo": "N6O45xUWjp",
            "total": 6,
            "valor_unitario": 181761,
            "descuento": 0.34,
            "IVA": 5
        },
        {
            "codigo": "hKjdCzos67",
            "total": 19,
            "valor_unitario": 457045,
            "descuento": 0.27,
            "IVA": 0
        },
        {
            "codigo": "f30aHrIHah",
            "total": 15,
            "valor_unitario": 332628,
            "descuento": 0.14,
            "IVA": 19
        },
        {
            "codigo": "MntUziJfN0",
            "total": 1,
            "valor_unitario": 727944,
            "descuento": 0.1,
            "IVA": 5
        },
        {
            "codigo": "4QcvNxcGMK",
            "total": 20,
            "valor_unitario": 676983,
            "descuento": 0.05,
            "IVA": 19
        }
    ]
}