{
    "empresa_nit": "789526431",
    "empresa_ciudad": "TUNJA",
    "empresa_sede": "centro",
    "empresa_nombre": "Supermercado Central",
    "fecha_hora": "2024-02-06 23:20:30",
    "factura_num": "00125",
    "ciente_numero": 510570487,
    "pago_tipo": "TRANFERENCIA",
    "productos": [
        {
            "codigo": "RaKry7FMVb",
            "total": 15,
            "valor_unitario": 281512,
            "descuento": 0.33,
            "IVA": 19
        },
        {
            "codigo": "mnftgIsksR",
            "total": 15,
            "valor_unitario": 842427,
            "descuento": 0.23,
            "IVA": 19
        },
        {
            "codigo": "hrs8TtVWkU",
            "total": 17,
            "valor_unitario": 794452,
            "descuento": 0.22,
            "IVA": 5
        },
        {
            "codigo": "3sRwuJhwu6",
            "total": 13,
            "valor_unitario": 587605,
            "descuento": 0.1,
            "IVA": 19
        },
        {
            "codigo": "SVT36xqLdA",
            "total": 6,
            "valor_unitario": 63563,
            "descuento": 0.49,
            "IVA": 19
        },
        {
            "codigo": "2XBgmORkYp",
            "total": 8,
            "valor_unitario": 680894,
            "descuento": 0.0,
            "IVA": 0
        },
        {
            "codigo": "b0WtT3rPNg",
            "total": 10,
            "valor_unitario": 622512,
            "descuento": 0.43,
            "IVA": 19
        },
        {
            "codigo": "DUls8T620u",
            "total": 8,
            "valor_unitario": 105733,
            "descuento": 0.34,
            "IVA": 5
        },
        {
            "codigo": "x3VEeQ12fq",
            "total": 17,
            "valor_unitario": 383189,
            "descuento": 0.03,
            "IVA": 5
        },
        {
            "codigo": "SK5CdRqCEz",
            "total": 18,
            "valor_unitario": 949208,
            "descuento": 0.46,
            "IVA": 5
        }
    ]
}