{
    "empresa_nit": "789526431",
    "empresa_ciudad": "BARRANQUILLA",
    "empresa_sede": "autopista",
    "empresa_nombre": "Supermercado Central",
    "fecha_hora": "2022-04-22 04:19:37",
    "factura_num": "01064",
    "ciente_numero": 321689049,
    "pago_tipo": "EFECTIVO",
    "productos": [
        {
            "codigo": "u5NwVWRDtC",
            "total": 7,
            "valor_unitario": 824942,
            "descuento": 0.05,
            "IVA": 5
        },
        {
            "codigo": "crEfF0uG5H",
            "total": 4,
            "valor_unitario": 937374,
            "descuento": 0.42,
            "IVA": 19
        },
        {
            "codigo": "AtzEM3hQio",
            "total": 4,
            "valor_unitario": 437393,
            "descuento": 0.4,
            "IVA": 0
        },
        {
            "codigo": "hs8lnsvcE2",
            "total": 2,
            "valor_unitario": 983040,
            "descuento": 0.5,
            "IVA": 19
        },
        {
            "codigo": "u1HFFfJDZY",
            "total": 11,
            "valor_unitario": 332202,
            "descuento": 0.37,
            "IVA": 0
        },
        {
            "codigo": "QQ1pt0q3Mx",
            "total": 15,
            "valor_unitario": 111012,
            "descuento": 0.23,
            "IVA": 19
        },
        {
            "codigo": "sPpu4MuwJe",
            "total": 14,
            "valor_unitario": 755821,
            "descuento": 0.22,
            "IVA": 5
        },
        {
            "codigo": "lNo85Xhu8I",
            "total": 15,
            "valor_unitario": 30477,
            "descuento": 0.38,
            "IVA": 19
        },
        {
            "codigo": "9KHvuxH9mA",
            "total": 8,
            "valor_unitario": 817116,
            "descuento": 0.34,
            "IVA": 0
        },
        {
            "codigo": "QKTB1NpohM",
            "total": 13,
            "valor_unitario": 838353,
            "descuento": 0.37,
            "IVA": 0
        },
        {
            "codigo": "8RaLNX51Lu",
            "total": 13,
            "valor_unitario": 366277,
            "descuento": 0.06,
            "IVA": 0
        },
        {
            "codigo": "ZXqRr8RwjC",
            "total": 2,
            "valor_unitario": 90784,
            "descuento": 0.07,
            "IVA": 19
        },
        {
            "codigo": "dmWXY2C4pR",
            "total": 19,
            "valor_unitario": 346452,
            "descuento": 0.32,
            "IVA": 0
        },
        {
            "codigo": "BE6c97bghR",
            "total": 11,
            "valor_unitario": 986469,
            "descuento": 0.07,
            "IVA": 19
        },
        {
            "codigo": "nhvfvQdKii",
            "total": 6,
            "valor_unitario": 886952,
            "descuento": 0.43,
            "IVA": 0
        },
        {
            "codigo": "THgwQU4Pbz",
            "total": 5,
            "valor_unitario": 337252,
            "descuento": 0.23,
            "IVA": 5
        },
        {
            "codigo": "OA5xiuwAhD",
            "total": 8,
            "valor_unitario": 540814,
            "descuento": 0.26,
            "IVA": 19
        },
        {
            "codigo": "34mLjmmSVy",
            "total": 4,
            "valor_unitario": 985096,
            "descuento": 0.44,
            "IVA": 19
        },
        {
            "codigo": "1ftLvAmWjz",
            "total": 15,
            "valor_unitario": 63977,
            "descuento": 0.23,
            "IVA": 5
        }
    ]
}