{
    "empresa_nit": "789526431",
    "empresa_ciudad": "MEDELLIN",
    "empresa_sede": "centro",
    "empresa_nombre": "Supermercado Central",
    "fecha_hora": "2024-03-17 06:41:45",
    "factura_num": "01006",
    "ciente_numero": 994757230,
    "pago_tipo": "TAR.DEBITO",
    "productos": [
        {
            "codigo": "rgivdWp8JN",
            "total": 10,
            "valor_unitario": 929886,
            "descuento": 0.11,
            "IVA": 19
        },
        {
            "codigo": "pSPrMTicyv",
            "total": 1,
            "valor_unitario": 460433,
            "descuento": 0.3,
            "IVA": 19
        },
        {
            "codigo": "WDaHmJjXvr",
            "total": 3,
            "valor_unitario": 410412,
            "descuento": 0.23,
            "IVA": 0
        },
        {
            "codigo": "U52UuZxS6Q",
            "total": 7,
            "valor_unitario": 982412,
            "descuento": 0.01,
            "IVA": 0
        },
        {
            "codigo": "5cfEZfPxmj",
            "total": 5,
            "valor_unitario": 370900,
            "descuento": 0.31,
            "IVA": 19
        },
        {
            "codigo": "oWRE38YwRX",
            "total": 3,
            "valor_unitario": 41319,
            "descuento": 0.33,
            "IVA": 0
        },
        {
            "codigo": "m0RGC2Sxa1",
            "total": 17,
            "valor_unitario": 920195,
            "descuento": 0.18,
            "IVA": 0
        },
        {
            "codigo": "kOcMZBWxvk",
            "total": 12,
            "valor_unitario": 379008,
            "descuento": 0.14,
            "IVA": 19
        },
        {
            "codigo": "bT0cmeucGN",
            "total": 15,
            "valor_unitario": 490590,
            "descuento": 0.2,
            "IVA": 5
        },
        {
            "codigo": "TgdZ3sOoVT",
            "total": 16,
            "valor_unitario": 423243,
            "descuento": 0.33,
            "IVA": 5
        },
        {
            "codigo": "efOrnKvG0p",
            "total": 4,
            "valor_unitario": 811085,
            "descuento": 0.16,
            "IVA": 19
        },
        {
            "codigo": "1JGieIlcby",
            "total": 13,
            "valor_unitario": 198031,
            "descuento": 0.38,
            "IVA": 0
        },
        {
            "codigo": "G3KR2qHaFP",
            "total": 5,
            "valor_unitario": 445240,
            "descuento": 0.29,
            "IVA": 19
        },
        {
            "codigo": "NGAhRazRyA",
            "total": 14,
            "valor_unitario": 918066,
            "descuento": 0.45,
            "IVA": 0
        },
        {
            "codigo": "6paXMnlMB5",
            "total": 20,
            "valor_unitario": 525039,
            "descuento": 0.35,
            "IVA": 5
        }
    ]
}