{
    "empresa_nit": "789526431",
    "empresa_ciudad": "BOGOTA",
    "empresa_sede": "autopista",
    "empresa_nombre": "Supermercado Central",
    "fecha_hora": "2021-11-07 21:21:53",
    "factura_num": "01186",
    "ciente_numero": 892889311,
    "pago_tipo": "TAR.CREDITO",
    "productos": [
        {
            "codigo": "hn6ovEhQW5",
            "total": 18,
            "valor_unitario": 971200,
            "descuento": 0.3,
            "IVA": 5
        },
        {
            "codigo": "tFLIuALMLC",
            "total": 20,
            "valor_unitario": 851755,
            "descuento": 0.35,
            "IVA": 5
        },
        {
            "codigo": "x7ceYr6kQx",
            "total": 15,
            "valor_unitario": 921111,
            "descuento": 0.13,
            "IVA": 19
        },
        {
            "codigo": "7qCVnyl2eU",
            "total": 5,
            "valor_unitario": 200491,
            "descuento": 0.43,
            "IVA": 0
        },
        {
            "codigo": "N63f3SfGqa",
            "total": 16,
            "valor_unitario": 855245,
            "descuento": 0.21,
            "IVA": 5
        },
        {
            "codigo": "zBrbNyrYG1",
            "total": 4,
            "valor_unitario": 778271,
            "descuento": 0.38,
            "IVA": 0
        },
        {
            "codigo": "mm9UbqhmUY",
            "total": 11,
            "valor_unitario": 516664,
            "descuento": 0.43,
            "IVA": 19
        },
        {
            "codigo": "wTEVkLdG6q",
            "total": 20,
            "valor_unitario": 354259,
            "descuento": 0.46,
            "IVA": 0
        },
        {
            "codigo": "p320ugh9az",
            "total": 10,
            "valor_unitario": 447170,
            "descuento": 0.19,
            "IVA": 5
        },
        {
            "codigo": "x0fyuWvbiq",
            "total": 20,
            "valor_unitario": 193922,
            "descuento": 0.24,
            "IVA": 0
        },
        {
            "codigo": "l8QFbVW4Lk",
            "total": 19,
            "valor_unitario": 588976,
            "descuento": 0.24,
            "IVA": 19
        },
        {
            "codigo": "D5iyVRU1Uk",
            "total": 20,
            "valor_unitario": 170796,
            "descuento": 0.1,
            "IVA": 19
        },
        {
            "codigo": "YBsZp25Svd",
            "total": 17,
            "valor_unitario": 858625,
            "descuento": 0.12,
            "IVA": 0
        },
        {
            "codigo": "RbCQTDgwJI",
            "total": 20,
            "valor_unitario": 150505,
            "descuento": 0.37,
            "IVA": 19
        }
    ]
}