{
    "empresa_nit": "789526431",
    "empresa_ciudad": "BOGOTA",
    "empresa_sede": "aeropuerto",
    "empresa_nombre": "Supermercado Central",
    "fecha_hora": "2023-06-20 22:25:33",
    "factura_num": "01036",
    "ciente_numero": 878877034,
    "pago_tipo": "EFECTIVO",
    "productos": [
        {
            "codigo": "FvAacualda",
            "total": 10,
            "valor_unitario": 50189,
            "descuento": 0.08,
            "IVA": 0
        },
        {
            "codigo": "3X6JujOYFx",
            "total": 9,
            "valor_unitario": 577886,
            "descuento": 0.28,
            "IVA": 19
        },
        {
            "codigo": "xWtl2T6sVk",
            "total": 13,
            "valor_unitario": 895018,
            "descuento": 0.36,
            "IVA": 0
        }
    ]
}