{
    "empresa_nit": "789526431",
    "empresa_ciudad": "BOGOTA",
    "empresa_sede": "autopista",
    "empresa_nombre": "Supermercado Central",
    "fecha_hora": "2021-11-27 14:11:48",
    "factura_num": "01350",
    "ciente_numero": 42888880,
    "pago_tipo": "EFECTIVO",
    "productos": [
        {
            "codigo": "zY3bOtb4gp",
            "total": 3,
            "valor_unitario": 841241,
            "descuento": 0.24,
            "IVA": 19
        },
        {
            "codigo": "yXTDmYhlAL",
            "total": 17,
            "valor_unitario": 367069,
            "descuento": 0.26,
            "IVA": 5
        },
        {
            "codigo": "3olfveuXuO",
            "total": 14,
            "valor_unitario": 295131,
            "descuento": 0.37,
            "IVA": 0
        },
        {
            "codigo": "jgELE1JvK1",
            "total": 3,
            "valor_unitario": 77552,
            "descuento": 0.45,
            "IVA": 5
        },
        {
            "codigo": "GmTCv8xb1a",
            "total": 10,
            "valor_unitario": 47240,
            "descuento": 0.35,
            "IVA": 5
        },
        {
            "codigo": "WTUmUiROw2",
            "total": 19,
            "valor_unitario": 854569,
            "descuento": 0.14,
            "IVA": 5
        },
        {
            "codigo": "AwSEE7Hr0a",
            "total": 18,
            "valor_unitario": 145421,
            "descuento": 0.11,
            "IVA": 19
        },
        {
            "codigo": "6csEmiN2rn",
            "total": 7,
            "valor_unitario": 517110,
            "descuento": 0.44,
            "IVA": 0
        },
        {
            "codigo": "cJOEifn5kG",
            "total": 18,
            "valor_unitario": 14513,
            "descuento": 0.44,
            "IVA": 5
        },
        {
            "codigo": "0IOUVKFNwP",
            "total": 12,
            "valor_unitario": 310425,
            "descuento": 0.38,
            "IVA": 5
        },
        {
            "codigo": "CQy7jXw3wX",
            "total": 1,
            "valor_unitario": 912837,
            "descuento": 0.17,
            "IVA": 19
        },
        {
            "codigo": "chU1l4C4HM",
            "total": 15,
            "valor_unitario": 825518,
            "descuento": 0.2,
            "IVA": 0
        },
        {
            "codigo": "k3SQxTuXYr",
            "total": 4,
            "valor_unitario": 333166,
            "descuento": 0.21,
            "IVA": 0
        },
        {
            "codigo": "4PqNcNgFBI",
            "total": 13,
            "valor_unitario": 188351,
            "descuento": 0.13,
            "IVA": 5
        },
        {
            "codigo": "2MwGOkbbaP",
            "total": 2,
            "valor_unitario": 818137,
            "descuento": 0.47,
            "IVA": 0
        },
        {
            "codigo": "HumKi9AC3M",
            "total": 4,
            "valor_unitario": 476183,
            "descuento": 0.06,
            "IVA": 19
        },
        {
            "codigo": "d1ycEnkR3i",
            "total": 5,
            "valor_unitario": 737094,
            "descuento": 0.37,
            "IVA": 19
        },
        {
            "codigo": "z7jVCmRqXB",
            "total": 5,
            "valor_unitario": 952636,
            "descuento": 0.02,
            "IVA": 19
        },
        {
            "codigo": "lAIfDyhMb2",
            "total": 1,
            "valor_unitario": 363879,
            "descuento": 0.3,
            "IVA": 0
        },
        {
            "codigo": "kT55paUnLZ",
            "total": 12,
            "valor_unitario": 263520,
            "descuento": 0.48,
            "IVA": 5
        }
    ]
}