{
    "empresa_nit": "789526431",
    "empresa_ciudad": "BOGOTA",
    "empresa_sede": "aeropuerto",
    "empresa_nombre": "Supermercado Central",
    "fecha_hora": "2022-05-14 01:03:28",
    "factura_num": "01372",
    "ciente_numero": 93461875,
    "pago_tipo": "TAR.CREDITO",
    "productos": [
        {
            "codigo": "69wwXZTleD",
            "total": 12,
            "valor_unitario": 32031,
            "descuento": 0.04,
            "IVA": 19
        },
        {
            "codigo": "5UGE1SsqPf",
            "total": 9,
            "valor_unitario": 996571,
            "descuento": 0.02,
            "IVA": 0
        },
        {
            "codigo": "aa3yPlAyYX",
            "total": 11,
            "valor_unitario": 275023,
            "descuento": 0.31,
            "IVA": 19
        },
        {
            "codigo": "FJ0wBYyc89",
            "total": 13,
            "valor_unitario": 465847,
            "descuento": 0.38,
            "IVA": 5
        },
        {
            "codigo": "TX44wnQg5M",
            "total": 2,
            "valor_unitario": 998729,
            "descuento": 0.42,
            "IVA": 0
        },
        {
            "codigo": "Jp5oK1qqRE",
            "total": 12,
            "valor_unitario": 107160,
            "descuento": 0.35,
            "IVA": 5
        },
        {
            "codigo": "xm76nhMZWa",
            "total": 14,
            "valor_unitario": 911105,
            "descuento": 0.03,
            "IVA": 19
        },
        {
            "codigo": "hif2HwcMyY",
            "total": 16,
            "valor_unitario": 173173,
            "descuento": 0.26,
            "IVA": 19
        },
        {
            "codigo": "aO4PXyt8Ej",
            "total": 17,
            "valor_unitario": 78860,
            "descuento": 0.11,
            "IVA": 5
        },
        {
            "codigo": "U3nwFvplw8",
            "total": 11,
            "valor_unitario": 797724,
            "descuento": 0.37,
            "IVA": 5
        },
        {
            "codigo": "m6vlDFBlj0",
            "total": 16,
            "valor_unitario": 471582,
            "descuento": 0.33,
            "IVA": 5
        },
        {
            "codigo": "ANnxJ0iJT9",
            "total": 10,
            "valor_unitario": 914808,
            "descuento": 0.08,
            "IVA": 19
        },
        {
            "codigo": "yyPt4vwZWa",
            "total": 18,
            "valor_unitario": 909456,
            "descuento": 0.14,
            "IVA": 0
        },
        {
            "codigo": "thLealtGs4",
            "total": 3,
            "valor_unitario": 421949,
            "descuento": 0.12,
            "IVA": 0
        },
        {
            "codigo": "ALMn5HiOzl",
            "total": 8,
            "valor_unitario": 170186,
            "descuento": 0.27,
            "IVA": 19
        },
        {
            "codigo": "vIeFpo0RHB",
            "total": 6,
            "valor_unitario": 284697,
            "descuento": 0.26,
            "IVA": 5
        },
        {
            "codigo": "lXm0gKIbfW",
            "total": 12,
            "valor_unitario": 294206,
            "descuento": 0.27,
            "IVA": 19
        },
        {
            "codigo": "ZSwYZC28lE",
            "total": 16,
            "valor_unitario": 564969,
            "descuento": 0.17,
            "IVA": 0
        },
        {
            "codigo": "9xnpoR2D9z",
            "total": 1,
            "valor_unitario": 453341,
            "descuento": 0.48,
            "IVA": 0
        },
        {
            "codigo": "OU0h1HM9O5",
            "total": 16,
            "valor_unitario": 849144,
            "descuento": 0.31,
            "IVA": 5
        }
    ]
}