{
    "empresa_nit": "789526431",
    "empresa_ciudad": "BARRANQUILLA",
    "empresa_sede": "aeropuerto",
    "empresa_nombre": "Supermercado Central",
    "fecha_hora": "2020-04-05 14:15:33",
    "factura_num": "01397",
    "ciente_numero": 480121962,
    "pago_tipo": "EFECTIVO",
    "productos": [
        {
            "codigo": "ni6pSatlNQ",
            "total": 20,
            "valor_unitario": 359656,
            "descuento": 0.36,
            "IVA": 19
        },
        {
            "codigo": "3hcHwYy31Z",
            "total": 15,
            "valor_unitario": 696705,
            "descuento": 0.13,
            "IVA": 0
        },
        {
            "codigo": "AbN8lE3Gab",
            "total": 13,
            "valor_unitario": 488241,
            "descuento": 0.2,
            "IVA": 19
        },
        {
            "codigo": "IQ7uhPWmN9",
            "total": 17,
            "valor_unitario": 984495,
            "descuento": 0.42,
            "IVA": 0
        },
        {
            "codigo": "EKq5DARPib",
            "total": 8,
            "valor_unitario": 519735,
            "descuento": 0.07,
            "IVA": 19
        },
        {
            "codigo": "dLX85O4z6l",
            "total": 17,
            "valor_unitario": 313022,
            "descuento": 0.0,
            "IVA": 0
        },
        {
            "codigo": "wuqVHV1snw",
            "total": 7,
            "valor_unitario": 684633,
            "descuento": 0.05,
            "IVA": 5
        },
        {
            "codigo": "FYq3knOYoo",
            "total": 2,
            "valor_unitario": 29124,
            "descuento": 0.46,
            "IVA": 5
        },
        {
            "codigo": "hiBv6ut42y",
            "total": 8,
            "valor_unitario": 156213,
            "descuento": 0.49,
            "IVA": 5
        },
        {
            "codigo": "LicibuD3Em",
            "total": 15,
            "valor_unitario": 602781,
            "descuento": 0.13,
            "IVA": 0
        },
        {
            "codigo": "FNmOJHdEiB",
            "total": 5,
            "valor_unitario": 859997,
            "descuento": 0.01,
            "IVA": 19
        }
    ]
}