{
    "empresa_nit": "789526431",
    "empresa_ciudad": "MEDELLIN",
    "empresa_sede": "centro",
    "empresa_nombre": "Supermercado Central",
    "fecha_hora": "2024-04-08 15:21:23",
    "factura_num": "01272",
    "ciente_numero": 28682443,
    "pago_tipo": "EFECTIVO",
    "productos": [
        {
            "codigo": "zQJV5lXIFz",
            "total": 10,
            "valor_unitario": 106089,
            "descuento": 0.19,
            "IVA": 19
        },
        {
            "codigo": "337hg9F2IF",
            "total": 6,
            "valor_unitario": 637862,
            "descuento": 0.37,
            "IVA": 5
        },
        {
            "codigo": "UAAp8mym95",
            "total": 1,
            "valor_unitario": 664144,
            "descuento": 0.03,
            "IVA": 5
        },
        {
            "codigo": "IsAcOA2QtI",
            "total": 15,
            "valor_unitario": 660528,
            "descuento": 0.32,
            "IVA": 19
        },
        {
            "codigo": "WbN8pi13Qc",
            "total": 1,
            "valor_unitario": 339189,
            "descuento": 0.25,
            "IVA": 19
        },
        {
            "codigo": "PVCARhNwvU",
            "total": 18,
            "valor_unitario": 199116,
            "descuento": 0.4,
            "IVA": 0
        },
        {
            "codigo": "b9RcC6Pc8o",
            "total": 20,
            "valor_unitario": 862074,
            "descuento": 0.16,
            "IVA": 19
        },
        {
            "codigo": "Oidww7BVAg",
            "total": 19,
            "valor_unitario": 819915,
            "descuento": 0.19,
            "IVA": 5
        },
        {
            "codigo": "R8WItceP3x",
            "total": 5,
            "valor_unitario": 612303,
            "descuento": 0.14,
            "IVA": 5
        }
    ]
}