{
    "empresa_nit": "789526431",
    "empresa_ciudad": "CALI",
    "empresa_sede": "plaza",
    "empresa_nombre": "Supermercado Central",
    "fecha_hora": "2020-03-21 15:36:23",
    "factura_num": "01420",
    "ciente_numero": 67958961,
    "pago_tipo": "TAR.DEBITO",
    "productos": [
        {
            "codigo": "2H1vDCuviX",
            "total": 2,
            "valor_unitario": 395192,
            "descuento": 0.19,
            "IVA": 5
        },
        {
            "codigo": "eWvGMKEoKq",
            "total": 20,
            "valor_unitario": 273919,
            "descuento": 0.01,
            "IVA": 0
        },
        {
            "codigo": "cvG9OgHILH",
            "total": 8,
            "valor_unitario": 564316,
            "descuento": 0.0,
            "IVA": 19
        },
        {
            "codigo": "0cmwR45lfC",
            "total": 8,
            "valor_unitario": 933661,
            "descuento": 0.19,
            "IVA": 5
        },
        {
            "codigo": "lSJxmkSCwz",
            "total": 10,
            "valor_unitario": 235691,
            "descuento": 0.31,
            "IVA": 5
        },
        {
            "codigo": "FDnBoxGFMD",
            "total": 15,
            "valor_unitario": 244922,
            "descuento": 0.46,
            "IVA": 0
        },
        {
            "codigo": "9BtYHboL4f",
            "total": 11,
            "valor_unitario": 251996,
            "descuento": 0.16,
            "IVA": 5
        },
        {
            "codigo": "KTI9dANIUj",
            "total": 2,
            "valor_unitario": 891439,
            "descuento": 0.4,
            "IVA": 19
        },
        {
            "codigo": "lvdZvT5lYw",
            "total": 1,
            "valor_unitario": 396716,
            "descuento": 0.37,
            "IVA": 5
        },
        {
            "codigo": "DlDa1bkkxe",
            "total": 20,
            "valor_unitario": 811404,
            "descuento": 0.16,
            "IVA": 0
        }
    ]
}