{
    "empresa_nit": "789526431",
    "empresa_ciudad": "BARRANQUILLA",
    "empresa_sede": "alcaldia",
    "empresa_nombre": "Supermercado Central",
    "fecha_hora": "2024-03-02 17:35:01",
    "factura_num": "01382",
    "ciente_numero": 800178617,
    "pago_tipo": "TRANFERENCIA",
    "productos": [
        {
            "codigo": "KfePBWVExb",
            "total": 9,
            "valor_unitario": 398567,
            "descuento": 0.18,
            "IVA": 19
        },
        {
            "codigo": "aqj9cXAElG",
            "total": 4,
            "valor_unitario": 740636,
            "descuento": 0.18,
            "IVA": 0
        },
        {
            "codigo": "uMlN3xFSfP",
            "total": 4,
            "valor_unitario": 5929,
            "descuento": 0.16,
            "IVA": 19
        },
        {
            "codigo": "gClObRcMdO",
            "total": 14,
            "valor_unitario": 524306,
            "descuento": 0.47,
            "IVA": 0
        },
        {
            "codigo": "DTv1Kw6u67",
            "total": 2,
            "valor_unitario": 62545,
            "descuento": 0.42,
            "IVA": 0
        },
        {
            "codigo": "F90DIFbd49",
            "total": 17,
            "valor_unitario": 120136,
            "descuento": 0.1,
            "IVA": 0
        },
        {
            "codigo": "pRW3Jykgpy",
            "total": 11,
            "valor_unitario": 46053,
            "descuento": 0.11,
            "IVA": 5
        },
        {
            "codigo": "yAQOXTlWBw",
            "total": 13,
            "valor_unitario": 620098,
            "descuento": 0.34,
            "IVA": 0
        },
        {
            "codigo": "1KtPTo618h",
            "total": 4,
            "valor_unitario": 86827,
            "descuento": 0.17,
            "IVA": 5
        },
        {
            "codigo": "KR7gGXA9EU",
            "total": 9,
            "valor_unitario": 226014,
            "descuento": 0.49,
            "IVA": 5
        }
    ]
}