{
    "empresa_nit": "789526431",
    "empresa_ciudad": "MEDELLIN",
    "empresa_sede": "centro",
    "empresa_nombre": "Supermercado Central",
    "fecha_hora": "2023-11-09 11:21:22",
    "factura_num": "01429",
    "ciente_numero": 647430412,
    "pago_tipo": "TAR.DEBITO",
    "productos": [
        {
            "codigo": "EXD1tNtK4D",
            "total": 4,
            "valor_unitario": 332636,
            "descuento": 0.39,
            "IVA": 0
        },
        {
            "codigo": "hi06WHvDQW",
            "total": 14,
            "valor_unitario": 755940,
            "descuento": 0.11,
            "IVA": 19
        },
        {
            "codigo": "hExs0eBDyI",
            "total": 17,
            "valor_unitario": 564750,
            "descuento": 0.45,
            "IVA": 5
        },
        {
            "codigo": "EOHUxWVEpf",
            "total": 10,
            "valor_unitario": 962849,
            "descuento": 0.44,
            "IVA": 19
        },
        {
            "codigo": "xVW5AtM86s",
            "total": 8,
            "valor_unitario": 427037,
            "descuento": 0.21,
            "IVA": 0
        },
        {
            "codigo": "3fFwasSKSQ",
            "total": 10,
            "valor_unitario": 629901,
            "descuento": 0.03,
            "IVA": 0
        },
        {
            "codigo": "h0ZuF0LGQC",
            "total": 2,
            "valor_unitario": 113878,
            "descuento": 0.13,
            "IVA": 5
        },
        {
            "codigo": "uGHZspkIBy",
            "total": 18,
            "valor_unitario": 168375,
            "descuento": 0.02,
            "IVA": 5
        },
        {
            "codigo": "aTWwvSbCXA",
            "total": 17,
            "valor_unitario": 401132,
            "descuento": 0.49,
            "IVA": 5
        },
        {
            "codigo": "KcHSLE6ylH",
            "total": 3,
            "valor_unitario": 25627,
            "descuento": 0.04,
            "IVA": 19
        },
        {
            "codigo": "awwUsjkl6Y",
            "total": 19,
            "valor_unitario": 353108,
            "descuento": 0.06,
            "IVA": 5
        },
        {
            "codigo": "ai6TiycsrL",
            "total": 11,
            "valor_unitario": 604650,
            "descuento": 0.32,
            "IVA": 5
        },
        {
            "codigo": "t0Yel48pCW",
            "total": 5,
            "valor_unitario": 188282,
            "descuento": 0.24,
            "IVA": 19
        },
        {
            "codigo": "inFB3vsvqK",
            "total": 7,
            "valor_unitario": 798097,
            "descuento": 0.46,
            "IVA": 0
        },
        {
            "codigo": "uRfOwaErHU",
            "total": 14,
            "valor_unitario": 197716,
            "descuento": 0.32,
            "IVA": 5
        },
        {
            "codigo": "exJWAeYxYb",
            "total": 13,
            "valor_unitario": 926160,
            "descuento": 0.14,
            "IVA": 0
        }
    ]
}