{
    "empresa_nit": "789526431",
    "empresa_ciudad": "CALI",
    "empresa_sede": "plaza",
    "empresa_nombre": "Supermercado Central",
    "fecha_hora": "2023-06-17 15:30:42",
    "factura_num": "01266",
    "ciente_numero": 727434519,
    "pago_tipo": "TAR.CREDITO",
    "productos": [
        {
            "codigo": "V5ZuYYdiHA",
            "total": 2,
            "valor_unitario": 676546,
            "descuento": 0.32,
            "IVA": 5
        },
        {
            "codigo": "7oTVyaSe1k",
            "total": 20,
            "valor_unitario": 959095,
            "descuento": 0.37,
            "IVA": 5
        },
        {
            "codigo": "VVOPkN6XYD",
            "total": 2,
            "valor_unitario": 357904,
            "descuento": 0.41,
            "IVA": 19
        },
        {
            "codigo": "ltuBbHr4is",
            "total": 13,
            "valor_unitario": 55164,
            "descuento": 0.37,
            "IVA": 0
        }
    ]
}