{
    "empresa_nit": "789526431",
    "empresa_ciudad": "MEDELLIN",
    "empresa_sede": "autopista",
    "empresa_nombre": "Supermercado Central",
    "fecha_hora": "2024-05-30 08:48:28",
    "factura_num": "01384",
    "ciente_numero": 962781460,
    "pago_tipo": "TAR.CREDITO",
    "productos": [
        {
            "codigo": "218vFezfda",
            "total": 16,
            "valor_unitario": 339330,
            "descuento": 0.39,
            "IVA": 0
        },
        {
            "codigo": "dyl9iYsF8Y",
            "total": 1,
            "valor_unitario": 425710,
            "descuento": 0.21,
            "IVA": 19
        },
        {
            "codigo": "hndsy1UcBu",
            "total": 16,
            "valor_unitario": 541409,
            "descuento": 0.37,
            "IVA": 19
        },
        {
            "codigo": "aZ0Fxk1fnw",
            "total": 7,
            "valor_unitario": 42123,
            "descuento": 0.05,
            "IVA": 5
        },
        {
            "codigo": "l6ASTOgJXn",
            "total": 3,
            "valor_unitario": 164066,
            "descuento": 0.27,
            "IVA": 0
        },
        {
            "codigo": "nIgvgQ9yVc",
            "total": 10,
            "valor_unitario": 443414,
            "descuento": 0.35,
            "IVA": 5
        },
        {
            "codigo": "UMhmnT0Nsd",
            "total": 8,
            "valor_unitario": 620335,
            "descuento": 0.38,
            "IVA": 0
        },
        {
            "codigo": "ZkxD345Ylc",
            "total": 16,
            "valor_unitario": 797693,
            "descuento": 0.43,
            "IVA": 19
        },
        {
            "codigo": "EmXgfUjAwr",
            "total": 20,
            "valor_unitario": 694281,
            "descuento": 0.31,
            "IVA": 19
        },
        {
            "codigo": "IfPqdP2bVN",
            "total": 6,
            "valor_unitario": 24688,
            "descuento": 0.49,
            "IVA": 19
        },
        {
            "codigo": "bBsBh7JryU",
            "total": 5,
            "valor_unitario": 975238,
            "descuento": 0.14,
            "IVA": 19
        },
        {
            "codigo": "nO3BY6FwKg",
            "total": 4,
            "valor_unitario": 350463,
            "descuento": 0.33,
            "IVA": 0
        },
        {
            "codigo": "yzspfxsECW",
            "total": 9,
            "valor_unitario": 872951,
            "descuento": 0.1,
            "IVA": 0
        },
        {
            "codigo": "fryS1aWhOi",
            "total": 18,
            "valor_unitario": 557305,
            "descuento": 0.09,
            "IVA": 0
        },
        {
            "codigo": "VNAODa2hig",
            "total": 4,
            "valor_unitario": 914223,
            "descuento": 0.48,
            "IVA": 19
        },
        {
            "codigo": "He2jo8iDSz",
            "total": 1,
            "valor_unitario": 291771,
            "descuento": 0.04,
            "IVA": 19
        },
        {
            "codigo": "iRKbcvH7Fv",
            "total": 20,
            "valor_unitario": 241146,
            "descuento": 0.44,
            "IVA": 19
        }
    ]
}