{
    "empresa_nit": "789526431",
    "empresa_ciudad": "BARRANQUILLA",
    "empresa_sede": "plaza",
    "empresa_nombre": "Supermercado Central",
    "fecha_hora": "2021-06-17 08:18:31",
    "factura_num": "01180",
    "ciente_numero": 941247894,
    "pago_tipo": "TAR.DEBITO",
    "productos": [
        {
            "codigo": "2DIQI0knnl",
            "total": 12,
            "valor_unitario": 272115,
            "descuento": 0.11,
            "IVA": 0
        },
        {
            "codigo": "FYP4UALwth",
            "total": 2,
            "valor_unitario": 735422,
            "descuento": 0.41,
            "IVA": 19
        },
        {
            "codigo": "dWz7uzGJqo",
            "total": 19,
            "valor_unitario": 387357,
            "descuento": 0.34,
            "IVA": 0
        },
        {
            "codigo": "FKT0wNJl7m",
            "total": 6,
            "valor_unitario": 473907,
            "descuento": 0.3,
            "IVA": 19
        },
        {
            "codigo": "witP9nyIeq",
            "total": 6,
            "valor_unitario": 656473,
            "descuento": 0.07,
            "IVA": 5
        },
        {
            "codigo": "OrrIxVdhzJ",
            "total": 12,
            "valor_unitario": 362852,
            "descuento": 0.38,
            "IVA": 0
        },
        {
            "codigo": "5JwKmeGRuC",
            "total": 10,
            "valor_unitario": 687858,
            "descuento": 0.24,
            "IVA": 5
        },
        {
            "codigo": "Xvgbocx0TJ",
            "total": 17,
            "valor_unitario": 885582,
            "descuento": 0.31,
            "IVA": 19
        },
        {
            "codigo": "0dT8y6rQmQ",
            "total": 13,
            "valor_unitario": 722950,
            "descuento": 0.35,
            "IVA": 0
        },
        {
            "codigo": "uAYixomGdS",
            "total": 16,
            "valor_unitario": 570721,
            "descuento": 0.48,
            "IVA": 0
        },
        {
            "codigo": "CPDd5WM7qw",
            "total": 9,
            "valor_unitario": 553244,
            "descuento": 0.02,
            "IVA": 0
        },
        {
            "codigo": "AVE6A5qqgv",
            "total": 1,
            "valor_unitario": 174659,
            "descuento": 0.17,
            "IVA": 5
        },
        {
            "codigo": "gcpkexDPKP",
            "total": 4,
            "valor_unitario": 379642,
            "descuento": 0.37,
            "IVA": 5
        },
        {
            "codigo": "P6FiKHBMwF",
            "total": 19,
            "valor_unitario": 253862,
            "descuento": 0.41,
            "IVA": 0
        }
    ]
}