{
    "empresa_nit": "789526431",
    "empresa_ciudad": "MEDELLIN",
    "empresa_sede": "alcaldia",
    "empresa_nombre": "Supermercado Central",
    "fecha_hora": "2023-09-09 19:58:46",
    "factura_num": "01081",
    "ciente_numero": 875526052,
    "pago_tipo": "TAR.DEBITO",
    "productos": [
        {
            "codigo": "1RqLkRf3YE",
            "total": 10,
            "valor_unitario": 375272,
            "descuento": 0.32,
            "IVA": 5
        },
        {
            "codigo": "H6D5fHaQpL",
            "total": 5,
            "valor_unitario": 231493,
            "descuento": 0.29,
            "IVA": 0
        },
        {
            "codigo": "5OM33IBd5x",
            "total": 7,
            "valor_unitario": 684144,
            "descuento": 0.17,
            "IVA": 19
        },
        {
            "codigo": "2u2S67BLec",
            "total": 12,
            "valor_unitario": 891916,
            "descuento": 0.12,
            "IVA": 19
        },
        {
            "codigo": "Bcic5hCC2R",
            "total": 12,
            "valor_unitario": 87067,
            "descuento": 0.13,
            "IVA": 5
        },
        {
            "codigo": "VdHBltJ3eS",
            "total": 10,
            "valor_unitario": 194223,
            "descuento": 0.08,
            "IVA": 5
        },
        {
            "codigo": "8hJ8eqCT6d",
            "total": 8,
            "valor_unitario": 823297,
            "descuento": 0.34,
            "IVA": 0
        },
        {
            "codigo": "ZNdMaj49kf",
            "total": 14,
            "valor_unitario": 748664,
            "descuento": 0.39,
            "IVA": 0
        },
        {
            "codigo": "K6PvKLzQHy",
            "total": 12,
            "valor_unitario": 319394,
            "descuento": 0.12,
            "IVA": 0
        },
        {
            "codigo": "Z6QMDE2jjC",
            "total": 6,
            "valor_unitario": 29942,
            "descuento": 0.06,
            "IVA": 0
        },
        {
            "codigo": "NLly9CF97G",
            "total": 9,
            "valor_unitario": 853926,
            "descuento": 0.18,
            "IVA": 0
        },
        {
            "codigo": "tEHZcLkpAq",
            "total": 4,
            "valor_unitario": 946025,
            "descuento": 0.47,
            "IVA": 0
        },
        {
            "codigo": "Fb5Qnr1yeS",
            "total": 17,
            "valor_unitario": 813375,
            "descuento": 0.27,
            "IVA": 19
        },
        {
            "codigo": "M3YkjCzIrZ",
            "total": 5,
            "valor_unitario": 424958,
            "descuento": 0.31,
            "IVA": 5
        },
        {
            "codigo": "IJBZGfRE7C",
            "total": 6,
            "valor_unitario": 389856,
            "descuento": 0.31,
            "IVA": 19
        },
        {
            "codigo": "fRcpdgN5PQ",
            "total": 7,
            "valor_unitario": 517084,
            "descuento": 0.42,
            "IVA": 5
        },
        {
            "codigo": "5XDcuPnXB9",
            "total": 17,
            "valor_unitario": 834357,
            "descuento": 0.05,
            "IVA": 5
        },
        {
            "codigo": "GBN4i8iw8G",
            "total": 18,
            "valor_unitario": 957537,
            "descuento": 0.14,
            "IVA": 0
        },
        {
            "codigo": "DosAdn9nUb",
            "total": 2,
            "valor_unitario": 627389,
            "descuento": 0.46,
            "IVA": 0
        }
    ]
}