{
    "empresa_nit": "789526431",
    "empresa_ciudad": "BARRANQUILLA",
    "empresa_sede": "centro",
    "empresa_nombre": "Supermercado Central",
    "fecha_hora": "2020-03-26 17:30:16",
    "factura_num": "01181",
    "ciente_numero": 699691259,
    "pago_tipo": "TAR.DEBITO",
    "productos": [
        {
            "codigo": "7i8glniE9a",
            "total": 9,
            "valor_unitario": 755127,
            "descuento": 0.47,
            "IVA": 5
        },
        {
            "codigo": "CEnlqXbwEY",
            "total": 10,
            "valor_unitario": 89362,
            "descuento": 0.47,
            "IVA": 0
        },
        {
            "codigo": "sGrOvJZsNS",
            "total": 9,
            "valor_unitario": 961889,
            "descuento": 0.41,
            "IVA": 5
        },
        {
            "codigo": "QvOdAO0Q8C",
            "total": 7,
            "valor_unitario": 946900,
            "descuento": 0.08,
            "IVA": 0
        },
        {
            "codigo": "d8UXXkWiU0",
            "total": 3,
            "valor_unitario": 323792,
            "descuento": 0.2,
            "IVA": 19
        },
        {
            "codigo": "A49w2Vk7Ou",
            "total": 7,
            "valor_unitario": 118643,
            "descuento": 0.09,
            "IVA": 19
        },
        {
            "codigo": "9o91Cl39Ua",
            "total": 20,
            "valor_unitario": 276850,
            "descuento": 0.39,
            "IVA": 5
        },
        {
            "codigo": "LYc4DqQzh9",
            "total": 1,
            "valor_unitario": 772813,
            "descuento": 0.27,
            "IVA": 0
        },
        {
            "codigo": "jFzQatCK0m",
            "total": 11,
            "valor_unitario": 871893,
            "descuento": 0.19,
            "IVA": 19
        },
        {
            "codigo": "9jHWSUrjOU",
            "total": 11,
            "valor_unitario": 731144,
            "descuento": 0.28,
            "IVA": 5
        },
        {
            "codigo": "EdWLxdWYSW",
            "total": 1,
            "valor_unitario": 107632,
            "descuento": 0.04,
            "IVA": 0
        },
        {
            "codigo": "Saz4q1koHs",
            "total": 1,
            "valor_unitario": 466086,
            "descuento": 0.09,
            "IVA": 5
        },
        {
            "codigo": "E6wmxYplv1",
            "total": 6,
            "valor_unitario": 607413,
            "descuento": 0.1,
            "IVA": 5
        },
        {
            "codigo": "79KnbYZeBG",
            "total": 10,
            "valor_unitario": 875065,
            "descuento": 0.07,
            "IVA": 0
        },
        {
            "codigo": "ZYXFKfusLm",
            "total": 15,
            "valor_unitario": 617260,
            "descuento": 0.12,
            "IVA": 19
        },
        {
            "codigo": "VFLJuf6O9K",
            "total": 17,
            "valor_unitario": 233797,
            "descuento": 0.4,
            "IVA": 0
        },
        {
            "codigo": "RAXodP3Wo5",
            "total": 2,
            "valor_unitario": 385338,
            "descuento": 0.28,
            "IVA": 19
        },
        {
            "codigo": "uwmd9KHaEy",
            "total": 7,
            "valor_unitario": 222481,
            "descuento": 0.21,
            "IVA": 0
        },
        {
            "codigo": "zOnVefBoYt",
            "total": 8,
            "valor_unitario": 126719,
            "descuento": 0.41,
            "IVA": 19
        },
        {
            "codigo": "0AvmKMkp1e",
            "total": 17,
            "valor_unitario": 293631,
            "descuento": 0.12,
            "IVA": 5
        }
    ]
}