{
    "empresa_nit": "789526431",
    "empresa_ciudad": "BARRANQUILLA",
    "empresa_sede": "plaza",
    "empresa_nombre": "Supermercado Central",
    "fecha_hora": "2020-09-23 19:39:54",
    "factura_num": "01175",
    "ciente_numero": 99813998,
    "pago_tipo": "TAR.CREDITO",
    "productos": [
        {
            "codigo": "YY7YNXMRYX",
            "total": 10,
            "valor_unitario": 24155,
            "descuento": 0.0,
            "IVA": 19
        },
        {
            "codigo": "DiUrQwiSvY",
            "total": 10,
            "valor_unitario": 679685,
            "descuento": 0.5,
            "IVA": 0
        },
        {
            "codigo": "SisXsSWpyo",
            "total": 14,
            "valor_unitario": 171171,
            "descuento": 0.14,
            "IVA": 19
        },
        {
            "codigo": "NLjdCzegxQ",
            "total": 18,
            "valor_unitario": 876313,
            "descuento": 0.24,
            "IVA": 0
        },
        {
            "codigo": "Pqbwv3CJvR",
            "total": 7,
            "valor_unitario": 379876,
            "descuento": 0.15,
            "IVA": 5
        },
        {
            "codigo": "RbmWqwrPqM",
            "total": 17,
            "valor_unitario": 533380,
            "descuento": 0.02,
            "IVA": 5
        },
        {
            "codigo": "gHnaTwYIm5",
            "total": 15,
            "valor_unitario": 309850,
            "descuento": 0.02,
            "IVA": 5
        },
        {
            "codigo": "N1UbBk7aTe",
            "total": 9,
            "valor_unitario": 195547,
            "descuento": 0.17,
            "IVA": 5
        },
        {
            "codigo": "GespU8a3QZ",
            "total": 16,
            "valor_unitario": 942799,
            "descuento": 0.42,
            "IVA": 0
        },
        {
            "codigo": "HRGklNva5u",
            "total": 20,
            "valor_unitario": 689516,
            "descuento": 0.49,
            "IVA": 5
        },
        {
            "codigo": "csCjzpdpyB",
            "total": 14,
            "valor_unitario": 194837,
            "descuento": 0.36,
            "IVA": 19
        },
        {
            "codigo": "IYJvo0aXsf",
            "total": 12,
            "valor_unitario": 723931,
            "descuento": 0.36,
            "IVA": 0
        },
        {
            "codigo": "T93EzYZbx4",
            "total": 20,
            "valor_unitario": 135022,
            "descuento": 0.42,
            "IVA": 19
        },
        {
            "codigo": "8z0UAeJ2a2",
            "total": 2,
            "valor_unitario": 23469,
            "descuento": 0.32,
            "IVA": 19
        },
        {
            "codigo": "B5V7qYhrbd",
            "total": 7,
            "valor_unitario": 926558,
            "descuento": 0.1,
            "IVA": 5
        }
    ]
}