{
    "empresa_nit": "789526431",
    "empresa_ciudad": "BOGOTA",
    "empresa_sede": "terminal",
    "empresa_nombre": "Supermercado Central",
    "fecha_hora": "2021-08-03 23:54:37",
    "factura_num": "01132",
    "ciente_numero": 395040906,
    "pago_tipo": "EFECTIVO",
    "productos": [
        {
            "codigo": "wgduK729WN",
            "total": 3,
            "valor_unitario": 135357,
            "descuento": 0.08,
            "IVA": 19
        },
        {
            "codigo": "BR20eNnmhy",
            "total": 14,
            "valor_unitario": 251775,
            "descuento": 0.22,
            "IVA": 5
        },
        {
            "codigo": "q4bjy3I2iJ",
            "total": 13,
            "valor_unitario": 99532,
            "descuento": 0.41,
            "IVA": 0
        }
    ]
}