{
    "empresa_nit": "789526431",
    "empresa_ciudad": "CALI",
    "empresa_sede": "aeropuerto",
    "empresa_nombre": "Supermercado Central",
    "fecha_hora": "2022-04-26 10:42:38",
    "factura_num": "01385",
    "ciente_numero": 223459149,
    "pago_tipo": "TAR.CREDITO",
    "productos": [
        {
            "codigo": "CttFFjhUzL",
            "total": 4,
            "valor_unitario": 274944,
            "descuento": 0.12,
            "IVA": 19
        },
        {
            "codigo": "LxytUMawFP",
            "total": 13,
            "valor_unitario": 342922,
            "descuento": 0.17,
            "IVA": 0
        },
        {
            "codigo": "zczuSGvdmn",
            "total": 2,
            "valor_unitario": 524120,
            "descuento": 0.2,
            "IVA": 19
        },
        {
            "codigo": "AI8IzLcl9q",
            "total": 5,
            "valor_unitario": 760518,
            "descuento": 0.02,
            "IVA": 0
        },
        {
            "codigo": "AmDV22jDaQ",
            "total": 7,
            "valor_unitario": 492856,
            "descuento": 0.19,
            "IVA": 0
        },
        {
            "codigo": "srlHp27n39",
            "total": 16,
            "valor_unitario": 75419,
            "descuento": 0.11,
            "IVA": 0
        },
        {
            "codigo": "u4QDw5oQ9r",
            "total": 14,
            "valor_unitario": 146270,
            "descuento": 0.32,
            "IVA": 0
        },
        {
            "codigo": "EI8Tk6NAio",
            "total": 7,
            "valor_unitario": 801646,
            "descuento": 0.49,
            "IVA": 19
        },
        {
            "codigo": "StjdgK2TJi",
            "total": 19,
            "valor_unitario": 165623,
            "descuento": 0.38,
            "IVA": 0
        },
        {
            "codigo": "oBocpqXvek",
            "total": 15,
            "valor_unitario": 188770,
            "descuento": 0.1,
            "IVA": 19
        },
        {
            "codigo": "dAYaRfWzIb",
            "total": 4,
            "valor_unitario": 146005,
            "descuento": 0.04,
            "IVA": 5
        },
        {
            "codigo": "Mkf8CqyMZA",
            "total": 11,
            "valor_unitario": 93938,
            "descuento": 0.5,
            "IVA": 0
        },
        {
            "codigo": "BroAKANLQE",
            "total": 15,
            "valor_unitario": 462664,
            "descuento": 0.06,
            "IVA": 19
        },
        {
            "codigo": "sMLglyyr4W",
            "total": 3,
            "valor_unitario": 553682,
            "descuento": 0.26,
            "IVA": 19
        },
        {
            "codigo": "HzhMyZrUER",
            "total": 11,
            "valor_unitario": 273965,
            "descuento": 0.08,
            "IVA": 5
        },
        {
            "codigo": "Eaz1Qy2QHG",
            "total": 13,
            "valor_unitario": 181975,
            "descuento": 0.07,
            "IVA": 19
        },
        {
            "codigo": "eACDyxhdDE",
            "total": 1,
            "valor_unitario": 314948,
            "descuento": 0.34,
            "IVA": 0
        },
        {
            "codigo": "WGE98IyGjg",
            "total": 1,
            "valor_unitario": 158972,
            "descuento": 0.08,
            "IVA": 5
        },
        {
            "codigo": "jpq07vsn76",
            "total": 14,
            "valor_unitario": 18739,
            "descuento": 0.12,
            "IVA": 0
        },
        {
            "codigo": "8JCpVHgkFH",
            "total": 11,
            "valor_unitario": 928531,
            "descuento": 0.22,
            "IVA": 5
        }
    ]
}