{
    "empresa_nit": "789526431",
    "empresa_ciudad": "BOGOTA",
    "empresa_sede": "aeropuerto",
    "empresa_nombre": "Supermercado Central",
    "fecha_hora": "2020-07-12 00:01:00",
    "factura_num": "01365",
    "ciente_numero": 819603589,
    "pago_tipo": "EFECTIVO",
    "productos": [
        {
            "codigo": "5ehRdPVHWn",
            "total": 7,
            "valor_unitario": 763763,
            "descuento": 0.28,
            "IVA": 5
        },
        {
            "codigo": "kHSDmj5mAL",
            "total": 13,
            "valor_unitario": 279148,
            "descuento": 0.23,
            "IVA": 19
        },
        {
            "codigo": "rplcUn1Ya5",
            "total": 20,
            "valor_unitario": 498804,
            "descuento": 0.1,
            "IVA": 0
        },
        {
            "codigo": "utsTW3yt8j",
            "total": 18,
            "valor_unitario": 310866,
            "descuento": 0.17,
            "IVA": 0
        },
        {
            "codigo": "Ve8pzAFC7h",
            "total": 7,
            "valor_unitario": 439211,
            "descuento": 0.04,
            "IVA": 0
        },
        {
            "codigo": "v0ONcHD07F",
            "total": 17,
            "valor_unitario": 491348,
            "descuento": 0.07,
            "IVA": 0
        },
        {
            "codigo": "xpXafxZCcN",
            "total": 5,
            "valor_unitario": 15579,
            "descuento": 0.43,
            "IVA": 19
        },
        {
            "codigo": "HLschMRH3V",
            "total": 14,
            "valor_unitario": 90829,
            "descuento": 0.1,
            "IVA": 0
        },
        {
            "codigo": "UmqCQUY4QV",
            "total": 15,
            "valor_unitario": 705143,
            "descuento": 0.35,
            "IVA": 5
        },
        {
            "codigo": "lafpZezNe7",
            "total": 2,
            "valor_unitario": 772030,
            "descuento": 0.45,
            "IVA": 5
        },
        {
            "codigo": "ztY4BaabBV",
            "total": 14,
            "valor_unitario": 309265,
            "descuento": 0.17,
            "IVA": 0
        },
        {
            "codigo": "UqSfT7GjwX",
            "total": 1,
            "valor_unitario": 378599,
            "descuento": 0.11,
            "IVA": 5
        },
        {
            "codigo": "KhdZyJMPgV",
            "total": 19,
            "valor_unitario": 15140,
            "descuento": 0.05,
            "IVA": 19
        },
        {
            "codigo": "gaw0ggMzhc",
            "total": 14,
            "valor_unitario": 526211,
            "descuento": 0.38,
            "IVA": 19
        },
        {
            "codigo": "QSo1WtctYm",
            "total": 16,
            "valor_unitario": 394019,
            "descuento": 0.28,
            "IVA": 5
        },
        {
            "codigo": "1Iu6fMU5BT",
            "total": 7,
            "valor_unitario": 74434,
            "descuento": 0.04,
            "IVA": 0
        },
        {
            "codigo": "37or75MmUI",
            "total": 9,
            "valor_unitario": 657082,
            "descuento": 0.12,
            "IVA": 5
        },
        {
            "codigo": "M9B8Xk2sP7",
            "total": 4,
            "valor_unitario": 893181,
            "descuento": 0.06,
            "IVA": 5
        },
        {
            "codigo": "arRzcE2fxu",
            "total": 1,
            "valor_unitario": 448002,
            "descuento": 0.06,
            "IVA": 0
        }
    ]
}