{
    "empresa_nit": "789526431",
    "empresa_ciudad": "BOGOTA",
    "empresa_sede": "alcaldia",
    "empresa_nombre": "Supermercado Central",
    "fecha_hora": "2023-03-28 08:49:20",
    "factura_num": "01084",
    "ciente_numero": 801176910,
    "pago_tipo": "TAR.CREDITO",
    "productos": [
        {
            "codigo": "13bAfdQqi1",
            "total": 6,
            "valor_unitario": 239913,
            "descuento": 0.16,
            "IVA": 0
        },
        {
            "codigo": "6XcjnfdNjO",
            "total": 2,
            "valor_unitario": 915737,
            "descuento": 0.08,
            "IVA": 5
        },
        {
            "codigo": "WqKGZCaG8g",
            "total": 2,
            "valor_unitario": 472855,
            "descuento": 0.05,
            "IVA": 5
        },
        {
            "codigo": "Aaary1uK3W",
            "total": 7,
            "valor_unitario": 5618,
            "descuento": 0.05,
            "IVA": 0
        }
    ]
}