{
    "empresa_nit": "789526431",
    "empresa_ciudad": "BARRANQUILLA",
    "empresa_sede": "plaza",
    "empresa_nombre": "Supermercado Central",
    "fecha_hora": "2021-08-14 15:15:58",
    "factura_num": "01275",
    "ciente_numero": 639383094,
    "pago_tipo": "EFECTIVO",
    "productos": [
        {
            "codigo": "pUq1P8E7DX",
            "total": 16,
            "valor_unitario": 144508,
            "descuento": 0.43,
            "IVA": 0
        },
        {
            "codigo": "3iNREGgaWU",
            "total": 12,
            "valor_unitario": 673306,
            "descuento": 0.24,
            "IVA": 0
        },
        {
            "codigo": "S9FqNlvwdU",
            "total": 12,
            "valor_unitario": 671557,
            "descuento": 0.43,
            "IVA": 0
        },
        {
            "codigo": "MVbUMUZh65",
            "total": 13,
            "valor_unitario": 643827,
            "descuento": 0.22,
            "IVA": 19
        },
        {
            "codigo": "BV4DKmzMBL",
            "total": 7,
            "valor_unitario": 744958,
            "descuento": 0.13,
            "IVA": 19
        }
    ]
}