{
    "empresa_nit": "789526431",
    "empresa_ciudad": "CALI",
    "empresa_sede": "centro",
    "empresa_nombre": "Supermercado Central",
    "fecha_hora": "2022-08-03 13:54:41",
    "factura_num": "01315",
    "ciente_numero": 755774953,
    "pago_tipo": "EFECTIVO",
    "productos": [
        {
            "codigo": "6YANAJvrIX",
            "total": 2,
            "valor_unitario": 986760,
            "descuento": 0.33,
            "IVA": 5
        },
        {
            "codigo": "fHOoK8BDPa",
            "total": 4,
            "valor_unitario": 841557,
            "descuento": 0.47,
            "IVA": 19
        },
        {
            "codigo": "K0pVXlcUHR",
            "total": 8,
            "valor_unitario": 529584,
            "descuento": 0.13,
            "IVA": 5
        },
        {
            "codigo": "LeseBeCJGm",
            "total": 2,
            "valor_unitario": 740154,
            "descuento": 0.47,
            "IVA": 19
        },
        {
            "codigo": "Sc2y0anmKi",
            "total": 7,
            "valor_unitario": 844906,
            "descuento": 0.15,
            "IVA": 0
        },
        {
            "codigo": "EoVnmnMUPd",
            "total": 18,
            "valor_unitario": 67409,
            "descuento": 0.01,
            "IVA": 5
        },
        {
            "codigo": "38jdGYO5uZ",
            "total": 9,
            "valor_unitario": 806913,
            "descuento": 0.18,
            "IVA": 5
        },
        {
            "codigo": "aGd3QR7NGt",
            "total": 1,
            "valor_unitario": 544214,
            "descuento": 0.4,
            "IVA": 5
        },
        {
            "codigo": "rkFVlkcozS",
            "total": 6,
            "valor_unitario": 702843,
            "descuento": 0.06,
            "IVA": 5
        },
        {
            "codigo": "Vqo1t6Lumn",
            "total": 17,
            "valor_unitario": 108365,
            "descuento": 0.41,
            "IVA": 19
        },
        {
            "codigo": "byhxPALwbp",
            "total": 6,
            "valor_unitario": 71376,
            "descuento": 0.28,
            "IVA": 0
        },
        {
            "codigo": "Pb5uKedRJ0",
            "total": 14,
            "valor_unitario": 123629,
            "descuento": 0.05,
            "IVA": 5
        },
        {
            "codigo": "hkewvgTRIG",
            "total": 13,
            "valor_unitario": 141292,
            "descuento": 0.46,
            "IVA": 19
        },
        {
            "codigo": "8Njjyz0Psm",
            "total": 2,
            "valor_unitario": 860334,
            "descuento": 0.13,
            "IVA": 0
        },
        {
            "codigo": "aMFAHKcQxL",
            "total": 6,
            "valor_unitario": 451658,
            "descuento": 0.09,
            "IVA": 0
        },
        {
            "codigo": "IsNw1F62w8",
            "total": 10,
            "valor_unitario": 681236,
            "descuento": 0.43,
            "IVA": 19
        },
        {
            "codigo": "OvzF0m45uZ",
            "total": 15,
            "valor_unitario": 412757,
            "descuento": 0.04,
            "IVA": 5
        }
    ]
}