{
    "empresa_nit": "789526431",
    "empresa_ciudad": "BARRANQUILLA",
    "empresa_sede": "alcaldia",
    "empresa_nombre": "Supermercado Central",
    "fecha_hora": "2021-02-14 19:29:35",
    "factura_num": "01008",
    "ciente_numero": 831968915,
    "pago_tipo": "EFECTIVO",
    "productos": [
        {
            "codigo": "WAFCat3pOT",
            "total": 18,
            "valor_unitario": 743044,
            "descuento": 0.27,
            "IVA": 0
        },
        {
            "codigo": "Jm5ZxBta2q",
            "total": 20,
            "valor_unitario": 400688,
            "descuento": 0.28,
            "IVA": 5
        },
        {
            "codigo": "462rXw361F",
            "total": 2,
            "valor_unitario": 835032,
            "descuento": 0.05,
            "IVA": 0
        },
        {
            "codigo": "Nu5tICLmzN",
            "total": 13,
            "valor_unitario": 389515,
            "descuento": 0.23,
            "IVA": 0
        },
        {
            "codigo": "siEmwwa8FD",
            "total": 3,
            "valor_unitario": 465475,
            "descuento": 0.03,
            "IVA": 5
        },
        {
            "codigo": "jwacRSzJga",
            "total": 14,
            "valor_unitario": 41281,
            "descuento": 0.5,
            "IVA": 19
        },
        {
            "codigo": "kpu5ysxF83",
            "total": 8,
            "valor_unitario": 987973,
            "descuento": 0.33,
            "IVA": 19
        },
        {
            "codigo": "EyamLWLBNw",
            "total": 15,
            "valor_unitario": 81238,
            "descuento": 0.28,
            "IVA": 5
        },
        {
            "codigo": "sIWfiA2n7l",
            "total": 7,
            "valor_unitario": 175223,
            "descuento": 0.13,
            "IVA": 5
        },
        {
            "codigo": "VdFLc602Xm",
            "total": 11,
            "valor_unitario": 40458,
            "descuento": 0.48,
            "IVA": 5
        },
        {
            "codigo": "czNBzyxkSI",
            "total": 18,
            "valor_unitario": 60685,
            "descuento": 0.4,
            "IVA": 5
        },
        {
            "codigo": "OxPYmdc0uF",
            "total": 20,
            "valor_unitario": 11184,
            "descuento": 0.32,
            "IVA": 0
        },
        {
            "codigo": "emtWWF9qxW",
            "total": 13,
            "valor_unitario": 822410,
            "descuento": 0.03,
            "IVA": 0
        }
    ]
}