{
    "empresa_nit": "789526431",
    "empresa_ciudad": "BARRANQUILLA",
    "empresa_sede": "alcaldia",
    "empresa_nombre": "Supermercado Central",
    "fecha_hora": "2024-09-17 23:13:01",
    "factura_num": "01147",
    "ciente_numero": 968456393,
    "pago_tipo": "TRANFERENCIA",
    "productos": [
        {
            "codigo": "dbAkqA9OyW",
            "total": 5,
            "valor_unitario": 275036,
            "descuento": 0.02,
            "IVA": 5
        },
        {
            "codigo": "WlQGJiGbxW",
            "total": 20,
            "valor_unitario": 12100,
            "descuento": 0.48,
            "IVA": 5
        },
        {
            "codigo": "5pIyB1cnQi",
            "total": 8,
            "valor_unitario": 421477,
            "descuento": 0.02,
            "IVA": 19
        },
        {
            "codigo": "DJST4xIhhC",
            "total": 1,
            "valor_unitario": 795472,
            "descuento": 0.47,
            "IVA": 0
        },
        {
            "codigo": "YVJIq6sse8",
            "total": 15,
            "valor_unitario": 205816,
            "descuento": 0.09,
            "IVA": 19
        },
        {
            "codigo": "IWcPpWjxf5",
            "total": 20,
            "valor_unitario": 874900,
            "descuento": 0.17,
            "IVA": 5
        },
        {
            "codigo": "x6qCPEwjI7",
            "total": 7,
            "valor_unitario": 716816,
            "descuento": 0.25,
            "IVA": 19
        },
        {
            "codigo": "rmlLASQAsm",
            "total": 6,
            "valor_unitario": 451273,
            "descuento": 0.17,
            "IVA": 0
        },
        {
            "codigo": "tphotwMcdZ",
            "total": 12,
            "valor_unitario": 819804,
            "descuento": 0.26,
            "IVA": 19
        },
        {
            "codigo": "DgfzedAlRw",
            "total": 15,
            "valor_unitario": 580297,
            "descuento": 0.06,
            "IVA": 0
        },
        {
            "codigo": "OpGifb9t8p",
            "total": 10,
            "valor_unitario": 419678,
            "descuento": 0.38,
            "IVA": 0
        },
        {
            "codigo": "govgmjlqxC",
            "total": 4,
            "valor_unitario": 736217,
            "descuento": 0.45,
            "IVA": 5
        },
        {
            "codigo": "L25xqpb0lH",
            "total": 19,
            "valor_unitario": 771886,
            "descuento": 0.28,
            "IVA": 0
        },
        {
            "codigo": "oVLOIymdzZ",
            "total": 18,
            "valor_unitario": 187919,
            "descuento": 0.24,
            "IVA": 5
        },
        {
            "codigo": "4N2NHxRN0s",
            "total": 14,
            "valor_unitario": 816772,
            "descuento": 0.43,
            "IVA": 5
        },
        {
            "codigo": "aRqw8LZaKH",
            "total": 10,
            "valor_unitario": 2100,
            "descuento": 0.38,
            "IVA": 5
        },
        {
            "codigo": "2AjRqP8GqT",
            "total": 10,
            "valor_unitario": 510965,
            "descuento": 0.19,
            "IVA": 5
        },
        {
            "codigo": "Oc6GN8eOds",
            "total": 20,
            "valor_unitario": 644622,
            "descuento": 0.38,
            "IVA": 19
        }
    ]
}