{
    "empresa_nit": "789526431",
    "empresa_ciudad": "CALI",
    "empresa_sede": "aeropuerto",
    "empresa_nombre": "Supermercado Central",
    "fecha_hora": "2022-05-07 23:59:20",
    "factura_num": "01029",
    "ciente_numero": 841598961,
    "pago_tipo": "TRANFERENCIA",
    "productos": [
        {
            "codigo": "01aOBwj3Rk",
            "total": 4,
            "valor_unitario": 26337,
            "descuento": 0.44,
            "IVA": 5
        },
        {
            "codigo": "LYgSvybWsL",
            "total": 19,
            "valor_unitario": 329253,
            "descuento": 0.08,
            "IVA": 19
        },
        {
            "codigo": "bgOsGqeGtJ",
            "total": 17,
            "valor_unitario": 954835,
            "descuento": 0.36,
            "IVA": 19
        },
        {
            "codigo": "C53jl5wHyr",
            "total": 13,
            "valor_unitario": 14635,
            "descuento": 0.33,
            "IVA": 19
        },
        {
            "codigo": "CpJY2sPPMZ",
            "total": 2,
            "valor_unitario": 313062,
            "descuento": 0.47,
            "IVA": 0
        },
        {
            "codigo": "drCvpINwYa",
            "total": 17,
            "valor_unitario": 468382,
            "descuento": 0.28,
            "IVA": 5
        },
        {
            "codigo": "c83erV8ryn",
            "total": 7,
            "valor_unitario": 736151,
            "descuento": 0.08,
            "IVA": 19
        },
        {
            "codigo": "tZx0xp6DPq",
            "total": 4,
            "valor_unitario": 962242,
            "descuento": 0.29,
            "IVA": 0
        },
        {
            "codigo": "lypCraf7yO",
            "total": 17,
            "valor_unitario": 674861,
            "descuento": 0.26,
            "IVA": 19
        },
        {
            "codigo": "FSaHUs8FPu",
            "total": 15,
            "valor_unitario": 524124,
            "descuento": 0.49,
            "IVA": 19
        },
        {
            "codigo": "URnk8HPZcs",
            "total": 20,
            "valor_unitario": 71758,
            "descuento": 0.14,
            "IVA": 19
        },
        {
            "codigo": "E3eEUeTMKp",
            "total": 20,
            "valor_unitario": 264275,
            "descuento": 0.02,
            "IVA": 19
        },
        {
            "codigo": "OukyhshFBV",
            "total": 2,
            "valor_unitario": 168640,
            "descuento": 0.18,
            "IVA": 0
        },
        {
            "codigo": "KJO8jbt5JQ",
            "total": 1,
            "valor_unitario": 516556,
            "descuento": 0.31,
            "IVA": 0
        },
        {
            "codigo": "4SLVA567zP",
            "total": 1,
            "valor_unitario": 976630,
            "descuento": 0.24,
            "IVA": 0
        },
        {
            "codigo": "2Ou0cyMJrl",
            "total": 5,
            "valor_unitario": 179522,
            "descuento": 0.06,
            "IVA": 5
        },
        {
            "codigo": "k8RvrZe6TB",
            "total": 8,
            "valor_unitario": 799623,
            "descuento": 0.36,
            "IVA": 19
        }
    ]
}