{
    "empresa_nit": "789526431",
    "empresa_ciudad": "TUNJA",
    "empresa_sede": "centro",
    "empresa_nombre": "Supermercado Central",
    "fecha_hora": "2020-09-12 20:23:13",
    "factura_num": "00144",
    "ciente_numero": 839670002,
    "pago_tipo": "TRANFERENCIA",
    "productos": [
        {
            "codigo": "aFpvo3ONo0",
            "total": 7,
            "valor_unitario": 799094,
            "descuento": 0.25,
            "IVA": 19
        },
        {
            "codigo": "HgJtqau5Ov",
            "total": 18,
            "valor_unitario": 597857,
            "descuento": 0.34,
            "IVA": 5
        },
        {
            "codigo": "AzkVZGWmQz",
            "total": 4,
            "valor_unitario": 802784,
            "descuento": 0.46,
            "IVA": 0
        },
        {
            "codigo": "95iPnBRDMI",
            "total": 20,
            "valor_unitario": 423574,
            "descuento": 0.08,
            "IVA": 19
        },
        {
            "codigo": "B6e6zk7hDg",
            "total": 6,
            "valor_unitario": 607796,
            "descuento": 0.11,
            "IVA": 5
        },
        {
            "codigo": "KI5LEZTBU6",
            "total": 9,
            "valor_unitario": 613103,
            "descuento": 0.33,
            "IVA": 0
        },
        {
            "codigo": "4FoNysJx34",
            "total": 19,
            "valor_unitario": 141554,
            "descuento": 0.05,
            "IVA": 5
        },
        {
            "codigo": "iCJzO8BDPt",
            "total": 1,
            "valor_unitario": 196204,
            "descuento": 0.36,
            "IVA": 19
        },
        {
            "codigo": "ZyEZFEYoA3",
            "total": 14,
            "valor_unitario": 709456,
            "descuento": 0.37,
            "IVA": 0
        },
        {
            "codigo": "8rESvqxmyh",
            "total": 11,
            "valor_unitario": 328433,
            "descuento": 0.14,
            "IVA": 0
        },
        {
            "codigo": "nacC3wtPae",
            "total": 14,
            "valor_unitario": 934217,
            "descuento": 0.29,
            "IVA": 0
        },
        {
            "codigo": "doZqH53qpu",
            "total": 13,
            "valor_unitario": 352032,
            "descuento": 0.17,
            "IVA": 5
        },
        {
            "codigo": "wcg2fG8fcE",
            "total": 5,
            "valor_unitario": 596251,
            "descuento": 0.06,
            "IVA": 5
        }
    ]
}