{
    "empresa_nit": "789526431",
    "empresa_ciudad": "BARRANQUILLA",
    "empresa_sede": "terminal",
    "empresa_nombre": "Supermercado Central",
    "fecha_hora": "2020-01-12 14:59:17",
    "factura_num": "01352",
    "ciente_numero": 944918444,
    "pago_tipo": "TAR.CREDITO",
    "productos": [
        {
            "codigo": "2LvyxpuC8l",
            "total": 15,
            "valor_unitario": 66087,
            "descuento": 0.27,
            "IVA": 0
        },
        {
            "codigo": "qOp3hPW5fD",
            "total": 5,
            "valor_unitario": 522038,
            "descuento": 0.05,
            "IVA": 19
        },
        {
            "codigo": "OG4qst3mUx",
            "total": 5,
            "valor_unitario": 64185,
            "descuento": 0.37,
            "IVA": 0
        },
        {
            "codigo": "r9B7hBJD6U",
            "total": 12,
            "valor_unitario": 25038,
            "descuento": 0.4,
            "IVA": 0
        },
        {
            "codigo": "liUEniTy07",
            "total": 5,
            "valor_unitario": 497545,
            "descuento": 0.45,
            "IVA": 5
        },
        {
            "codigo": "7aT4tYfd4t",
            "total": 18,
            "valor_unitario": 334545,
            "descuento": 0.07,
            "IVA": 0
        },
        {
            "codigo": "n6cJpdsCrp",
            "total": 4,
            "valor_unitario": 176830,
            "descuento": 0.18,
            "IVA": 19
        },
        {
            "codigo": "r4nTpYzXps",
            "total": 17,
            "valor_unitario": 888726,
            "descuento": 0.33,
            "IVA": 0
        }
    ]
}