{
    "empresa_nit": "789526431",
    "empresa_ciudad": "CALI",
    "empresa_sede": "plaza",
    "empresa_nombre": "Supermercado Central",
    "fecha_hora": "2020-11-14 12:33:19",
    "factura_num": "01237",
    "ciente_numero": 116767726,
    "pago_tipo": "TAR.DEBITO",
    "productos": [
        {
            "codigo": "F2FNaU9c7p",
            "total": 13,
            "valor_unitario": 43198,
            "descuento": 0.35,
            "IVA": 19
        },
        {
            "codigo": "VP0qDhLI7z",
            "total": 8,
            "valor_unitario": 646722,
            "descuento": 0.2,
            "IVA": 5
        },
        {
            "codigo": "gZPFFny5WF",
            "total": 12,
            "valor_unitario": 844638,
            "descuento": 0.4,
            "IVA": 19
        },
        {
            "codigo": "CdDLcZtOqz",
            "total": 1,
            "valor_unitario": 400618,
            "descuento": 0.44,
            "IVA": 5
        }
    ]
}