{
    "empresa_nit": "789526431",
    "empresa_ciudad": "CALI",
    "empresa_sede": "alcaldia",
    "empresa_nombre": "Supermercado Central",
    "fecha_hora": "2022-10-17 16:36:11",
    "factura_num": "00107",
    "ciente_numero": 624046268,
    "pago_tipo": "TAR.CREDITO",
    "productos": [
        {
            "codigo": "UiatpIrH9d",
            "total": 20,
            "valor_unitario": 282442,
            "descuento": 0.09,
            "IVA": 5
        },
        {
            "codigo": "lnKqBsURSW",
            "total": 13,
            "valor_unitario": 374396,
            "descuento": 0.46,
            "IVA": 0
        },
        {
            "codigo": "kuv8pb55Pg",
            "total": 18,
            "valor_unitario": 634395,
            "descuento": 0.32,
            "IVA": 5
        },
        {
            "codigo": "ySDoZmAfto",
            "total": 2,
            "valor_unitario": 828208,
            "descuento": 0.47,
            "IVA": 5
        },
        {
            "codigo": "mORm7hWjwd",
            "total": 13,
            "valor_unitario": 229251,
            "descuento": 0.48,
            "IVA": 19
        },
        {
            "codigo": "ilhS3whIRa",
            "total": 11,
            "valor_unitario": 57786,
            "descuento": 0.31,
            "IVA": 5
        },
        {
            "codigo": "kZFTglexVw",
            "total": 18,
            "valor_unitario": 310442,
            "descuento": 0.05,
            "IVA": 0
        },
        {
            "codigo": "bSYrpqhOur",
            "total": 12,
            "valor_unitario": 655246,
            "descuento": 0.24,
            "IVA": 19
        },
        {
            "codigo": "v1eCMWntNW",
            "total": 9,
            "valor_unitario": 693941,
            "descuento": 0.19,
            "IVA": 0
        },
        {
            "codigo": "6c5jao8uV6",
            "total": 13,
            "valor_unitario": 182048,
            "descuento": 0.42,
            "IVA": 5
        }
    ]
}