{
    "empresa_nit": "789526431",
    "empresa_ciudad": "TUNJA",
    "empresa_sede": "plaza",
    "empresa_nombre": "Supermercado Central",
    "fecha_hora": "2022-02-22 18:34:13",
    "factura_num": "01057",
    "ciente_numero": 894253507,
    "pago_tipo": "TAR.DEBITO",
    "productos": [
        {
            "codigo": "B4xH49GiQO",
            "total": 8,
            "valor_unitario": 433884,
            "descuento": 0.39,
            "IVA": 5
        },
        {
            "codigo": "khpSVrrFhP",
            "total": 19,
            "valor_unitario": 283436,
            "descuento": 0.05,
            "IVA": 19
        },
        {
            "codigo": "zYKGP7Ae5d",
            "total": 13,
            "valor_unitario": 815804,
            "descuento": 0.44,
            "IVA": 0
        },
        {
            "codigo": "cSepEccSrN",
            "total": 14,
            "valor_unitario": 428314,
            "descuento": 0.05,
            "IVA": 19
        },
        {
            "codigo": "JN46ftAWqc",
            "total": 5,
            "valor_unitario": 769149,
            "descuento": 0.37,
            "IVA": 5
        },
        {
            "codigo": "yrWZUmVXII",
            "total": 12,
            "valor_unitario": 4941,
            "descuento": 0.41,
            "IVA": 19
        },
        {
            "codigo": "ATDiWigxwo",
            "total": 16,
            "valor_unitario": 592153,
            "descuento": 0.27,
            "IVA": 19
        },
        {
            "codigo": "zT7E1lGGXC",
            "total": 15,
            "valor_unitario": 159704,
            "descuento": 0.43,
            "IVA": 19
        },
        {
            "codigo": "rmRyRoqNOv",
            "total": 4,
            "valor_unitario": 707411,
            "descuento": 0.35,
            "IVA": 19
        },
        {
            "codigo": "BO5veGBFjt",
            "total": 9,
            "valor_unitario": 854208,
            "descuento": 0.06,
            "IVA": 19
        },
        {
            "codigo": "RWFnqnf28e",
            "total": 1,
            "valor_unitario": 883872,
            "descuento": 0.12,
            "IVA": 0
        },
        {
            "codigo": "LboFAjdHze",
            "total": 12,
            "valor_unitario": 152457,
            "descuento": 0.42,
            "IVA": 5
        },
        {
            "codigo": "aGP7WkYDTO",
            "total": 1,
            "valor_unitario": 896018,
            "descuento": 0.36,
            "IVA": 19
        },
        {
            "codigo": "eoEAPvNOHY",
            "total": 6,
            "valor_unitario": 598022,
            "descuento": 0.19,
            "IVA": 19
        }
    ]
}