{
    "empresa_nit": "789526431",
    "empresa_ciudad": "CALI",
    "empresa_sede": "terminal",
    "empresa_nombre": "Supermercado Central",
    "fecha_hora": "2020-08-18 06:34:50",
    "factura_num": "01380",
    "ciente_numero": 112894853,
    "pago_tipo": "TAR.DEBITO",
    "productos": [
        {
            "codigo": "FPr1n34Uhq",
            "total": 7,
            "valor_unitario": 999807,
            "descuento": 0.35,
            "IVA": 5
        },
        {
            "codigo": "2PEZMrNKFt",
            "total": 11,
            "valor_unitario": 89999,
            "descuento": 0.45,
            "IVA": 5
        },
        {
            "codigo": "JBkOnQtJK6",
            "total": 1,
            "valor_unitario": 604755,
            "descuento": 0.5,
            "IVA": 0
        },
        {
            "codigo": "t2kvBAgnVl",
            "total": 12,
            "valor_unitario": 813568,
            "descuento": 0.4,
            "IVA": 5
        },
        {
            "codigo": "jyvshKFOzL",
            "total": 20,
            "valor_unitario": 207113,
            "descuento": 0.09,
            "IVA": 5
        },
        {
            "codigo": "peYNKaseKD",
            "total": 10,
            "valor_unitario": 947947,
            "descuento": 0.41,
            "IVA": 19
        },
        {
            "codigo": "E2iJpIqZrQ",
            "total": 15,
            "valor_unitario": 31332,
            "descuento": 0.44,
            "IVA": 0
        },
        {
            "codigo": "Zntq53JpT8",
            "total": 4,
            "valor_unitario": 967767,
            "descuento": 0.28,
            "IVA": 0
        },
        {
            "codigo": "o8lQN5h4kP",
            "total": 7,
            "valor_unitario": 45457,
            "descuento": 0.23,
            "IVA": 5
        }
    ]
}