{
    "empresa_nit": "789526431",
    "empresa_ciudad": "TUNJA",
    "empresa_sede": "aeropuerto",
    "empresa_nombre": "Supermercado Central",
    "fecha_hora": "2023-09-08 20:26:41",
    "factura_num": "01184",
    "ciente_numero": 150301436,
    "pago_tipo": "TAR.DEBITO",
    "productos": [
        {
            "codigo": "guS8sCxKXm",
            "total": 7,
            "valor_unitario": 977994,
            "descuento": 0.25,
            "IVA": 0
        },
        {
            "codigo": "y6GIeDfjTY",
            "total": 8,
            "valor_unitario": 736814,
            "descuento": 0.43,
            "IVA": 0
        },
        {
            "codigo": "fT9nEBzxC8",
            "total": 5,
            "valor_unitario": 250273,
            "descuento": 0.3,
            "IVA": 0
        },
        {
            "codigo": "mbOnfxi41I",
            "total": 17,
            "valor_unitario": 285055,
            "descuento": 0.21,
            "IVA": 19
        },
        {
            "codigo": "MbTm5RauIE",
            "total": 4,
            "valor_unitario": 869516,
            "descuento": 0.12,
            "IVA": 0
        },
        {
            "codigo": "vM9MvXjpz0",
            "total": 11,
            "valor_unitario": 746118,
            "descuento": 0.44,
            "IVA": 5
        },
        {
            "codigo": "DLRfsm9mCV",
            "total": 3,
            "valor_unitario": 102586,
            "descuento": 0.32,
            "IVA": 19
        },
        {
            "codigo": "kNOt6UXBdP",
            "total": 9,
            "valor_unitario": 197653,
            "descuento": 0.44,
            "IVA": 5
        },
        {
            "codigo": "XZqzHJmZID",
            "total": 8,
            "valor_unitario": 721152,
            "descuento": 0.33,
            "IVA": 5
        },
        {
            "codigo": "CZCjmMPF4G",
            "total": 10,
            "valor_unitario": 472640,
            "descuento": 0.09,
            "IVA": 0
        },
        {
            "codigo": "X0VOqsY440",
            "total": 9,
            "valor_unitario": 554568,
            "descuento": 0.2,
            "IVA": 0
        },
        {
            "codigo": "WLGickAiLn",
            "total": 12,
            "valor_unitario": 802338,
            "descuento": 0.04,
            "IVA": 0
        },
        {
            "codigo": "OQR3X6Wnla",
            "total": 16,
            "valor_unitario": 90563,
            "descuento": 0.04,
            "IVA": 19
        },
        {
            "codigo": "eG5h3LQqbj",
            "total": 10,
            "valor_unitario": 288780,
            "descuento": 0.07,
            "IVA": 0
        },
        {
            "codigo": "QNwjLrzXie",
            "total": 10,
            "valor_unitario": 816437,
            "descuento": 0.44,
            "IVA": 0
        }
    ]
}