{
    "empresa_nit": "789526431",
    "empresa_ciudad": "BOGOTA",
    "empresa_sede": "centro",
    "empresa_nombre": "Supermercado Central",
    "fecha_hora": "2021-10-25 19:50:08",
    "factura_num": "01290",
    "ciente_numero": 27500113,
    "pago_tipo": "TAR.DEBITO",
    "productos": [
        {
            "codigo": "xRkRPACqFw",
            "total": 20,
            "valor_unitario": 816106,
            "descuento": 0.35,
            "IVA": 19
        },
        {
            "codigo": "RqISjJ7JsJ",
            "total": 4,
            "valor_unitario": 289636,
            "descuento": 0.21,
            "IVA": 5
        },
        {
            "codigo": "GViTEwetD2",
            "total": 17,
            "valor_unitario": 932889,
            "descuento": 0.35,
            "IVA": 5
        },
        {
            "codigo": "pftg4Ipzkp",
            "total": 10,
            "valor_unitario": 934728,
            "descuento": 0.3,
            "IVA": 5
        },
        {
            "codigo": "jOQpIz23gS",
            "total": 6,
            "valor_unitario": 598061,
            "descuento": 0.17,
            "IVA": 0
        },
        {
            "codigo": "mVf5znvxqV",
            "total": 20,
            "valor_unitario": 350779,
            "descuento": 0.35,
            "IVA": 5
        },
        {
            "codigo": "4TUUp1cewj",
            "total": 3,
            "valor_unitario": 150878,
            "descuento": 0.04,
            "IVA": 0
        },
        {
            "codigo": "1Fm2T40W0j",
            "total": 8,
            "valor_unitario": 830277,
            "descuento": 0.5,
            "IVA": 19
        },
        {
            "codigo": "WfCajGEUG0",
            "total": 12,
            "valor_unitario": 256719,
            "descuento": 0.22,
            "IVA": 0
        },
        {
            "codigo": "ivg1mXJagV",
            "total": 5,
            "valor_unitario": 876491,
            "descuento": 0.11,
            "IVA": 19
        },
        {
            "codigo": "kcdxV7J9VO",
            "total": 20,
            "valor_unitario": 356937,
            "descuento": 0.27,
            "IVA": 0
        },
        {
            "codigo": "vatxynWSvq",
            "total": 3,
            "valor_unitario": 960426,
            "descuento": 0.04,
            "IVA": 19
        },
        {
            "codigo": "qeP5GZXgiT",
            "total": 19,
            "valor_unitario": 241790,
            "descuento": 0.46,
            "IVA": 0
        },
        {
            "codigo": "yrYFhIHFEh",
            "total": 17,
            "valor_unitario": 292553,
            "descuento": 0.25,
            "IVA": 0
        },
        {
            "codigo": "cCpK0lEpi2",
            "total": 13,
            "valor_unitario": 385371,
            "descuento": 0.19,
            "IVA": 19
        },
        {
            "codigo": "fMt0v7YTkw",
            "total": 7,
            "valor_unitario": 494440,
            "descuento": 0.35,
            "IVA": 5
        }
    ]
}