{
    "empresa_nit": "789526431",
    "empresa_ciudad": "TUNJA",
    "empresa_sede": "terminal",
    "empresa_nombre": "Supermercado Central",
    "fecha_hora": "2022-11-29 02:14:54",
    "factura_num": "01071",
    "ciente_numero": 738457162,
    "pago_tipo": "TAR.DEBITO",
    "productos": [
        {
            "codigo": "JzHtvG6gp8",
            "total": 7,
            "valor_unitario": 38731,
            "descuento": 0.31,
            "IVA": 19
        },
        {
            "codigo": "IObK1kMbxn",
            "total": 17,
            "valor_unitario": 767467,
            "descuento": 0.41,
            "IVA": 19
        },
        {
            "codigo": "ZAotvCUmIi",
            "total": 1,
            "valor_unitario": 390005,
            "descuento": 0.32,
            "IVA": 19
        },
        {
            "codigo": "a1Ka5wJ2Wf",
            "total": 7,
            "valor_unitario": 578569,
            "descuento": 0.02,
            "IVA": 5
        },
        {
            "codigo": "E2KIy9upqB",
            "total": 8,
            "valor_unitario": 382553,
            "descuento": 0.3,
            "IVA": 5
        },
        {
            "codigo": "ROXriLDsAS",
            "total": 16,
            "valor_unitario": 506418,
            "descuento": 0.12,
            "IVA": 5
        },
        {
            "codigo": "VVkpydaxgQ",
            "total": 9,
            "valor_unitario": 307981,
            "descuento": 0.2,
            "IVA": 19
        },
        {
            "codigo": "XgrjvfxySR",
            "total": 12,
            "valor_unitario": 936948,
            "descuento": 0.08,
            "IVA": 19
        },
        {
            "codigo": "wW0OSJUfzl",
            "total": 6,
            "valor_unitario": 561701,
            "descuento": 0.26,
            "IVA": 19
        },
        {
            "codigo": "xsvF3irau7",
            "total": 17,
            "valor_unitario": 72222,
            "descuento": 0.35,
            "IVA": 5
        },
        {
            "codigo": "x0qihTl1hi",
            "total": 9,
            "valor_unitario": 755725,
            "descuento": 0.02,
            "IVA": 19
        }
    ]
}