{
    "empresa_nit": "789526431",
    "empresa_ciudad": "TUNJA",
    "empresa_sede": "alcaldia",
    "empresa_nombre": "Supermercado Central",
    "fecha_hora": "2023-06-22 16:40:21",
    "factura_num": "01434",
    "ciente_numero": 173742820,
    "pago_tipo": "TAR.CREDITO",
    "productos": [
        {
            "codigo": "v4TIp2HOhN",
            "total": 18,
            "valor_unitario": 52569,
            "descuento": 0.03,
            "IVA": 19
        },
        {
            "codigo": "ge9FLgWLu8",
            "total": 1,
            "valor_unitario": 350543,
            "descuento": 0.1,
            "IVA": 0
        },
        {
            "codigo": "8mkD17krRu",
            "total": 1,
            "valor_unitario": 714734,
            "descuento": 0.38,
            "IVA": 5
        },
        {
            "codigo": "PXcd8rKEx8",
            "total": 14,
            "valor_unitario": 652130,
            "descuento": 0.29,
            "IVA": 19
        },
        {
            "codigo": "nub1YIOVuM",
            "total": 7,
            "valor_unitario": 849099,
            "descuento": 0.42,
            "IVA": 19
        },
        {
            "codigo": "LBHHrbzqG9",
            "total": 9,
            "valor_unitario": 887072,
            "descuento": 0.47,
            "IVA": 5
        },
        {
            "codigo": "hRQ9IOUx5Q",
            "total": 10,
            "valor_unitario": 410363,
            "descuento": 0.5,
            "IVA": 5
        },
        {
            "codigo": "S2nFyxTKTk",
            "total": 5,
            "valor_unitario": 473317,
            "descuento": 0.18,
            "IVA": 19
        },
        {
            "codigo": "JqadYZWdDf",
            "total": 1,
            "valor_unitario": 997350,
            "descuento": 0.29,
            "IVA": 0
        },
        {
            "codigo": "jQs6fhSMrf",
            "total": 1,
            "valor_unitario": 69052,
            "descuento": 0.23,
            "IVA": 0
        },
        {
            "codigo": "nEMfXnWnSi",
            "total": 8,
            "valor_unitario": 960451,
            "descuento": 0.41,
            "IVA": 5
        },
        {
            "codigo": "jV7ujG7L1t",
            "total": 7,
            "valor_unitario": 403324,
            "descuento": 0.36,
            "IVA": 0
        },
        {
            "codigo": "o08VSR4LBF",
            "total": 8,
            "valor_unitario": 570662,
            "descuento": 0.06,
            "IVA": 19
        },
        {
            "codigo": "2PuQTCwDrc",
            "total": 16,
            "valor_unitario": 84219,
            "descuento": 0.41,
            "IVA": 5
        },
        {
            "codigo": "PEKBzrXDXj",
            "total": 6,
            "valor_unitario": 671378,
            "descuento": 0.47,
            "IVA": 0
        },
        {
            "codigo": "jScvs9yrGA",
            "total": 8,
            "valor_unitario": 794643,
            "descuento": 0.44,
            "IVA": 5
        },
        {
            "codigo": "ij7WwafFDC",
            "total": 17,
            "valor_unitario": 721253,
            "descuento": 0.41,
            "IVA": 19
        },
        {
            "codigo": "nydb4eBzsA",
            "total": 15,
            "valor_unitario": 771031,
            "descuento": 0.08,
            "IVA": 5
        },
        {
            "codigo": "Qx06gwZjWc",
            "total": 11,
            "valor_unitario": 699515,
            "descuento": 0.05,
            "IVA": 19
        }
    ]
}