{
    "empresa_nit": "789526431",
    "empresa_ciudad": "TUNJA",
    "empresa_sede": "aeropuerto",
    "empresa_nombre": "Supermercado Central",
    "fecha_hora": "2024-03-06 12:57:10",
    "factura_num": "01216",
    "ciente_numero": 936069116,
    "pago_tipo": "TAR.DEBITO",
    "productos": [
        {
            "codigo": "XVrZh0Ah87",
            "total": 11,
            "valor_unitario": 311581,
            "descuento": 0.18,
            "IVA": 19
        },
        {
            "codigo": "uqMMVfHdKN",
            "total": 17,
            "valor_unitario": 765063,
            "descuento": 0.41,
            "IVA": 0
        },
        {
            "codigo": "iTa6bPGBun",
            "total": 19,
            "valor_unitario": 847929,
            "descuento": 0.4,
            "IVA": 19
        },
        {
            "codigo": "7N4mfDYq6b",
            "total": 1,
            "valor_unitario": 270336,
            "descuento": 0.45,
            "IVA": 0
        },
        {
            "codigo": "2EMent6dMC",
            "total": 6,
            "valor_unitario": 966007,
            "descuento": 0.47,
            "IVA": 0
        },
        {
            "codigo": "2wSEjHJ4Lf",
            "total": 16,
            "valor_unitario": 315097,
            "descuento": 0.37,
            "IVA": 19
        },
        {
            "codigo": "FpjGTTzZzx",
            "total": 1,
            "valor_unitario": 486678,
            "descuento": 0.43,
            "IVA": 19
        },
        {
            "codigo": "K7JzpLWlbI",
            "total": 13,
            "valor_unitario": 239931,
            "descuento": 0.17,
            "IVA": 0
        },
        {
            "codigo": "mA2NYHP8bU",
            "total": 18,
            "valor_unitario": 973437,
            "descuento": 0.28,
            "IVA": 19
        },
        {
            "codigo": "UyK3pYhpgl",
            "total": 19,
            "valor_unitario": 642948,
            "descuento": 0.11,
            "IVA": 0
        },
        {
            "codigo": "RlLcwPNA6X",
            "total": 11,
            "valor_unitario": 711781,
            "descuento": 0.34,
            "IVA": 5
        },
        {
            "codigo": "IAIrTR7Kz9",
            "total": 8,
            "valor_unitario": 492118,
            "descuento": 0.22,
            "IVA": 0
        },
        {
            "codigo": "UDWdO0n8yO",
            "total": 13,
            "valor_unitario": 901993,
            "descuento": 0.22,
            "IVA": 5
        },
        {
            "codigo": "ZbCkVKlGjC",
            "total": 5,
            "valor_unitario": 370441,
            "descuento": 0.33,
            "IVA": 19
        }
    ]
}