{
    "empresa_nit": "789526431",
    "empresa_ciudad": "MEDELLIN",
    "empresa_sede": "alcaldia",
    "empresa_nombre": "Supermercado Central",
    "fecha_hora": "2021-09-26 06:32:47",
    "factura_num": "00116",
    "ciente_numero": 893271489,
    "pago_tipo": "TAR.CREDITO",
    "productos": [
        {
            "codigo": "9cXS6oOtd7",
            "total": 5,
            "valor_unitario": 829319,
            "descuento": 0.26,
            "IVA": 0
        },
        {
            "codigo": "S52wYXOLLH",
            "total": 6,
            "valor_unitario": 351659,
            "descuento": 0.09,
            "IVA": 0
        },
        {
            "codigo": "b95AF8sp3Q",
            "total": 3,
            "valor_unitario": 769690,
            "descuento": 0.34,
            "IVA": 19
        },
        {
            "codigo": "L1EkZyBbUg",
            "total": 20,
            "valor_unitario": 343456,
            "descuento": 0.44,
            "IVA": 0
        },
        {
            "codigo": "6WfFTPS5C2",
            "total": 6,
            "valor_unitario": 92723,
            "descuento": 0.31,
            "IVA": 19
        },
        {
            "codigo": "PuFmbpd0FH",
            "total": 13,
            "valor_unitario": 523827,
            "descuento": 0.11,
            "IVA": 0
        },
        {
            "codigo": "hajnF2PeIb",
            "total": 7,
            "valor_unitario": 279070,
            "descuento": 0.14,
            "IVA": 19
        },
        {
            "codigo": "QDOTQYmJI6",
            "total": 2,
            "valor_unitario": 636027,
            "descuento": 0.04,
            "IVA": 5
        },
        {
            "codigo": "HV69et11Db",
            "total": 4,
            "valor_unitario": 942564,
            "descuento": 0.33,
            "IVA": 0
        },
        {
            "codigo": "Rtf25N2grW",
            "total": 16,
            "valor_unitario": 660316,
            "descuento": 0.46,
            "IVA": 19
        }
    ]
}