{
    "empresa_nit": "789526431",
    "empresa_ciudad": "BARRANQUILLA",
    "empresa_sede": "centro",
    "empresa_nombre": "Supermercado Central",
    "fecha_hora": "2020-12-30 15:25:08",
    "factura_num": "01086",
    "ciente_numero": 754804467,
    "pago_tipo": "TAR.CREDITO",
    "productos": [
        {
            "codigo": "TLW030Wq7a",
            "total": 11,
            "valor_unitario": 30859,
            "descuento": 0.39,
            "IVA": 5
        },
        {
            "codigo": "FUMzQwBoay",
            "total": 11,
            "valor_unitario": 383443,
            "descuento": 0.1,
            "IVA": 5
        },
        {
            "codigo": "w2m65vszNX",
            "total": 18,
            "valor_unitario": 392206,
            "descuento": 0.28,
            "IVA": 19
        },
        {
            "codigo": "INwqAZ6YGS",
            "total": 15,
            "valor_unitario": 802326,
            "descuento": 0.39,
            "IVA": 0
        },
        {
            "codigo": "2832RuVTnH",
            "total": 7,
            "valor_unitario": 2294,
            "descuento": 0.07,
            "IVA": 5
        },
        {
            "codigo": "Sa9a3uVoa6",
            "total": 19,
            "valor_unitario": 623851,
            "descuento": 0.37,
            "IVA": 0
        },
        {
            "codigo": "dMTTiojLVg",
            "total": 12,
            "valor_unitario": 548558,
            "descuento": 0.36,
            "IVA": 19
        },
        {
            "codigo": "cSanAqH4QD",
            "total": 15,
            "valor_unitario": 952710,
            "descuento": 0.17,
            "IVA": 19
        },
        {
            "codigo": "FySG0iO1JI",
            "total": 7,
            "valor_unitario": 307026,
            "descuento": 0.08,
            "IVA": 19
        },
        {
            "codigo": "QIQ4JbKpaH",
            "total": 19,
            "valor_unitario": 883435,
            "descuento": 0.16,
            "IVA": 19
        },
        {
            "codigo": "qeV3ucz1aa",
            "total": 15,
            "valor_unitario": 121463,
            "descuento": 0.43,
            "IVA": 5
        },
        {
            "codigo": "r4gF49s6xW",
            "total": 1,
            "valor_unitario": 750656,
            "descuento": 0.48,
            "IVA": 19
        },
        {
            "codigo": "xmEo8FKHP0",
            "total": 15,
            "valor_unitario": 452004,
            "descuento": 0.09,
            "IVA": 5
        }
    ]
}