{
  "fuente": "ANLA_GACETA",
  "numero_resolución": "RESOLUCIÓN N° 001581",
  "fecha_resolución": "1993-12-22",
  "nombre_proyecto": "proyecto denominado \"Construcción de la Línea Eléctrica de 230 Kv Subestación Chivor—",
  "ubicación": null,
  "es_reposición": true,
  "es_hidrocarburos": true,
  "empresa": "otorgó a la sociedad PETROELECTRICA DE LOS LLANOS S.A.",
  "pdf_id": "47248",
  "file_name": "ANLA_47248.pdf",
  "texto_completo": "AUTORIDAD NACIONAL DE LICENCIAS \nAMBIENTALES\n- ANLA –\nRESOLUCIÓN N° 001581\n(25 JUL. 2024)\nPágina 1 de 5\n“Por medio de la cual se rechaza un recurso de reposición”\nEL ASESOR CÓDIGO 1020 GRADO 15 DE LA AUTORIDAD NACIONAL DE \nLICENCIAS AMBIENTALES – ANLA\nEn uso de sus facultades legales conferidas en la Ley 99 del 22 de diciembre de \n1993, los Decretos 3573 del 27 de septiembre de 2011,1076 del 26 de mayo de \n2015, 376, la Resolución 669 del 14 de abril de 2020, la Resolución 1957 del 5 de \nnoviembre de 2021 y 2795 del 25 de noviembre de 2022, y\nCONSIDERANDO:\nQue la Autoridad Nacional de Licencias Ambientales - ANLA, mediante la \nResolución 0057 del 06 de febrero del 2012 otorgó a la sociedad \nPETROELECTRICA DE LOS LLANOS S.A., Licencia Ambiental para el proyecto \ndenominado \"Construcción de la Línea Eléctrica de 230 Kv Subestación Chivor—\nCampo Rubiales\".\nQue mediante la Resolución 1153 del 28 de diciembre de 2012, esta Autoridad \nNacional modificó la Resolución 0057 del 6 de febrero de 2012.\nQue por medio de la Resolución 585 del 06 de junio de 2014, esta Autoridad \nNacional ajustó vía seguimiento la Resolución 1153 del 28 de diciembre de 2012.\nQue a través de la Resolución 278 del 11 de marzo de 2015, esta Autoridad ajusto \nvía seguimiento la Resolución 1153 del 28 de diciembre de 2012.\nQue a través del Auto 9016 del 22 de octubre de 2019, esta Autoridad aceptó la \nliquidación parcial de la inversión forzosa de no menos del 1%.\nQue por medio de la Resolución 1899 del 27 de octubre de 2021, esta Autoridad \nNacional modificó la Resolución 57 del 06 de febrero de 2012.\n\nResolución No. 001581       Del 25 JUL. 2024          Hoja No. 2 de 5\n“Por medio de la cual se rechaza un recurso de reposición”\nPágina 2 de 5\nQue a través de la Resolución 349 del 11 de febrero de 2022, esta Autoridad \nNacional, aprobó la compensación por extracción de epífitas vasculares y no \nvasculares.\nQue esta Autoridad Nacional llevó a cabo reunión de control y seguimiento \nambiental al proyecto en la que se establecieron unos requerimientos los cuales \nquedaron consignados a través del acta 530 del 25 agosto de 2022.\nQue esta Autoridad Nacional a través de la Resolución 901 del 15 de mayo de 2024, \nse aceptaron algunas actividades con cargo a la inversión forzosa de no menos del \n1%, y se tomaron otras disposiciones.\nQue mediante radicado 20246200619762 del 31 de mayo de 2024, la sociedad \nPETROELECTRICA DE LOS LLANOS LTD SUCURSAL COLOMBIA presentó \nrecurso de reposición en contra de la Resolución 901 del 15 de mayo de 2024.\nDE LA COMPETENCIA DE LA AUTORIDAD NACIONAL DE LICENCIAS \nAMBIENTALES\nMediante Decreto Ley 3573 del 27 de septiembre de 2011, se crea la Autoridad \nNacional de Licencias Ambientales – ANLA, la cual hace parte del Sector \nAdministrativo de Ambiente y Desarrollo Sostenible, en los términos del artículo 67 \nde la Ley 489 de 1998.\nEl numeral 1° del artículo tercero del mencionado decreto estableció dentro de las \nfunciones de la Autoridad Nacional, la de otorgar o negar las licencias, permisos y \ntrámites ambientales de competencia del Ministerio, de conformidad con la ley y los \nreglamentos.\nMediante el Decreto 376 del 11 de marzo de 2020, se modificó la estructura de la \nAutoridad Nacional de Licencias Ambientales. \nA través de la Resolución 669 del 14 de abril de 2020 se nombró al servidor público \nEDILBERTO PEÑARANDA CORREA, en el empleo de libre nombramiento y \nremoción de Asesor, código 1020, grado 15, adscrito a la Dirección General de la \nplanta global de la ANLA.\nMediante la Resolución 1957 del 5 de noviembre de 2021 se adoptó el Manual \nEspecífico de Funciones y de Competencias Laborales para los empleos de la \nplanta de personal de la Autoridad Nacional de Licencias Ambientales - ANLA.\nA través del numeral 6 del artículo 1 de la Resolución 02795 del 25 de noviembre \nde 2022, “Por la cual se delegan unas funciones y se dictan otras disposiciones”, se \ndelegó́ en el Asesor Código 1020 Grado 15 del Despacho del Director General, la \nfunción de suscribir los actos administrativos que aprueben los planes de \ncompensación y de no menos del 1%.\n\nResolución No. 001581       Del 25 JUL. 2024          Hoja No. 3 de 5\n“Por medio de la cual se rechaza un recurso de reposición”\nPágina 3 de 5\nTeniendo en cuenta lo anterior, es el Asesor del Despacho del Director General de \nla Autoridad Nacional de Licencias Ambientales el competente para suscribir la \npresente resolución.\nDEL RECURSO INTERPUESTO\n  \nTeniendo en cuenta el recurso presentado mediante el radicado 20246200619762 \ndel 31 de mayo de 2024 por la sociedad PETROELECTRICA DE LOS LLANOS LTD \nSUCURSAL COLOMBIA, en contra de la Resolución 901 del 15 de mayo de 2024, \npreviamente esta Autoridad procedió a verificar el requisito relativo a la oportunidad \npara su interposición, conforme a lo establecido en el artículo 76 y   el numeral 1 del \nartículo 77 de la Ley 1437 de 2011 los cuales establecen: \n“ARTÍCULO 76. Oportunidad y presentación. Los recursos de reposición y apelación \ndeberán interponerse por escrito en la diligencia de notificación personal, o dentro \nde los diez (10) días siguientes a ella, o a la notificación por aviso, o al \nvencimiento del término de publicación, según el caso. (…)” Negrilla Fuera de Texto \n“ARTÍCULO 77. Requisitos. Por regla general los recursos se interpondrán por \nescrito que no requiere de presentación personal si quien lo presenta ha sido \nreconocido en la actuación. Igualmente, podrán presentarse por medios \nelectrónicos.\n Los recursos deberán reunir, además, los siguientes requisitos:\n 1. Interponerse dentro del plazo legal, por el interesado o su representante o \napoderado debidamente constituido. (….)” Negrilla Fuera de Texto\nEs preciso señalar que de acuerdo a la certificación de notificación de esta \nAutoridad, la Resolución 901 del 15 de mayo de 2024, fue notificada de forma \nelectrónica el día 16 de mayo de 2024, al correo autorizado por parte de la sociedad \nPETROELECTRICA DE LOS LLANOS LTD SUCURSAL COLOMBIA.\nDe tal manera la fecha de notificación, así como el plazo legal para la interposición \ndel recurso de reposición el cual corresponde a diez (10) días hábiles siguientes a \nla notificación del respectivo acto administrativo, la contabilización del término para \nla interposición del recurso de reposición empezó a contar a partir del 17 de mayo \ndel 2024, finalizando el día 30 de mayo del 2024, fecha en la cual se cumplió el \nplazo máximo la presentación del recurso.  \nDel análisis precedente se puede constatar que el recurso de reposición fue \npresentado por fuera del tiempo legal establecido en el artículo 76 del Código de \nProcedimiento Administrativo y de lo Contencioso Administrativo. \nEs importante mencionar que el artículo 78 de la Ley 1437 de 2011, precisó las \ncausales de rechazo de los recursos así:\n\nResolución No. 001581       Del 25 JUL. 2024          Hoja No. 4 de 5\n“Por medio de la cual se rechaza un recurso de reposición”\nPágina 4 de 5\n“ARTÍCULO 78. Rechazo del recurso. Si el escrito con el cual se formula el \nrecurso no se presenta con los requisitos previstos en los numerales 1, 2 y 4 \ndel artículo anterior, el funcionario competente deberá rechazarlo. Contra el rechazo \ndel recurso de apelación procederá el de queja.” Negrilla Fuera de Texto\nEn consecuencia, ante la extemporaneidad en la interposición del recurso de \nreposición, no se cumple con la exigencia establecida en el numeral 1 del artículo \n77 de la Ley 1437 de 2011, referida al plazo legal, por lo tanto, esta Autoridad \nNacional rechazará el recurso en mención. \nEn mérito de lo expuesto,\nRESUELVE\nARTÍCULO PRIMERO. Rechazar el recurso de reposición interpuesto por la \nsociedad PETROELECTRICA DE LOS LLANOS LTD SUCURSAL COLOMBIA – \nPEL contra la Resolución 901 del 15 de mayo de 2024, mediante comunicación con \nradicado ANLA 20246200619762 del 31 de mayo de 2024, de conformidad con lo \nexpuesto en la parte motiva del presente acto administrativo.\nARTÍCULO SEGUNDO. Notificar el presente acto administrativo al representante \nlegal, o al apoderado debidamente constituido o a la persona debidamente \nautorizada de la Sociedad PETROELECTRICA DE LOS LLANOS LTD SUCURSAL \nCOLOMBIA – PEL, NIT. 900329780, de conformidad con lo dispuesto en los \nartículos 67 y siguientes de la Ley 1437 de 2011.\nARTÍCULO TERCERO. Por la Autoridad Nacional de Licencias Ambientales – \nANLA, publicar la presente resolución en la Gaceta Ambiental de la Autoridad \nNacional de Licencias Ambientales – ANLA, en los términos establecidos en la Ley.\nARTÍCULO CUARTO. Contra el presente acto administrativo no procede recurso \nalguno, de conformidad con lo establecido en el artículo 87 del Código de \nProcedimiento Administrativo y de lo Contencioso Administrativo.\nNOTIFÍQUESE, PUBLÍQUESE Y CÚMPLASE\nDado en Bogotá D.C., a los 25 JUL. 2024\n\nResolución No. 001581       Del 25 JUL. 2024          Hoja No. 5 de 5\n“Por medio de la cual se rechaza un recurso de reposición”\nPágina 5 de 5\nEDILBERTO PENARANDA CORREA\nASESOR\nLINA ISABEL OLAYA JUNCO\nPROFESIONAL ESPECIALIZADO\nHERNAN DARIO PAEZ GUTIERREZ\nCONTRATISTA\nExpediente No. LAM4978\nFecha:\nJulio 2024\nProceso No.: 20241000015814\nNota: Este es un documento electrónico generado desde los Sistemas de Información de la ANLA. El original reposa en los \narchivos digitales de la Entidad\n"
}