{
    "empresa_nit": "456789123",
    "empresa_ciudad": "BARRANQUILLA",
    "empresa_sede": "plaza",
    "empresa_nombre": "Despensa Natura",
    "fecha_hora": "2020-07-03 15:13:51",
    "factura_num": "00108",
    "ciente_numero": 367676312,
    "pago_tipo": "TAR.CREDITO",
    "productos": [
        {
            "codigo": "Xg5O1CO2OZ",
            "total": 15,
            "valor_unitario": 717660,
            "descuento": 0.03,
            "IVA": 5
        },
        {
            "codigo": "mm25aSwLmS",
            "total": 13,
            "valor_unitario": 82979,
            "descuento": 0.01,
            "IVA": 0
        },
        {
            "codigo": "zz3fcjZO6A",
            "total": 1,
            "valor_unitario": 410244,
            "descuento": 0.17,
            "IVA": 5
        }
    ]
}