{
    "empresa_nit": "456789123",
    "empresa_ciudad": "TUNJA",
    "empresa_sede": "plaza",
    "empresa_nombre": "Despensa Natura",
    "fecha_hora": "2022-04-30 21:59:20",
    "factura_num": "00115",
    "ciente_numero": 951975742,
    "pago_tipo": "TAR.DEBITO",
    "productos": [
        {
            "codigo": "pENdWo8VvO",
            "total": 9,
            "valor_unitario": 984193,
            "descuento": 0.35,
            "IVA": 19
        },
        {
            "codigo": "IHsmcVv8Fd",
            "total": 8,
            "valor_unitario": 708645,
            "descuento": 0.18,
            "IVA": 0
        },
        {
            "codigo": "wiUBZsE0rX",
            "total": 12,
            "valor_unitario": 297833,
            "descuento": 0.46,
            "IVA": 19
        },
        {
            "codigo": "5A3LP4Q5I3",
            "total": 17,
            "valor_unitario": 273467,
            "descuento": 0.38,
            "IVA": 5
        },
        {
            "codigo": "61HnfQ1YMw",
            "total": 11,
            "valor_unitario": 642143,
            "descuento": 0.34,
            "IVA": 19
        },
        {
            "codigo": "cTEdipcopE",
            "total": 20,
            "valor_unitario": 926986,
            "descuento": 0.32,
            "IVA": 0
        },
        {
            "codigo": "nGQmyirow3",
            "total": 12,
            "valor_unitario": 416631,
            "descuento": 0.04,
            "IVA": 5
        },
        {
            "codigo": "FnZ7R4KfKa",
            "total": 12,
            "valor_unitario": 180657,
            "descuento": 0.23,
            "IVA": 19
        },
        {
            "codigo": "yiuri12L5j",
            "total": 13,
            "valor_unitario": 5748,
            "descuento": 0.03,
            "IVA": 0
        }
    ]
}