{
    "empresa_nit": "456789123",
    "empresa_ciudad": "CALI",
    "empresa_sede": "aeropuerto",
    "empresa_nombre": "Despensa Natura",
    "fecha_hora": "2024-05-30 01:50:27",
    "factura_num": "00193",
    "ciente_numero": 273881466,
    "pago_tipo": "TAR.CREDITO",
    "productos": [
        {
            "codigo": "3yMrbcRaWV",
            "total": 8,
            "valor_unitario": 428119,
            "descuento": 0.22,
            "IVA": 0
        },
        {
            "codigo": "U0OGjchROm",
            "total": 12,
            "valor_unitario": 1748,
            "descuento": 0.11,
            "IVA": 0
        }
    ]
}