{
    "empresa_nit": "456789123",
    "empresa_ciudad": "MEDELLIN",
    "empresa_sede": "alcaldia",
    "empresa_nombre": "Despensa Natura",
    "fecha_hora": "2021-12-10 16:08:35",
    "factura_num": "00233",
    "ciente_numero": 222799731,
    "pago_tipo": "TRANFERENCIA",
    "productos": [
        {
            "codigo": "RNCbrQFsMw",
            "total": 9,
            "valor_unitario": 866731,
            "descuento": 0.38,
            "IVA": 19
        },
        {
            "codigo": "egpaRThNTT",
            "total": 3,
            "valor_unitario": 907906,
            "descuento": 0.17,
            "IVA": 0
        }
    ]
}