{
    "empresa_nit": "456789123",
    "empresa_ciudad": "MEDELLIN",
    "empresa_sede": "terminal",
    "empresa_nombre": "Despensa Natura",
    "fecha_hora": "2020-05-07 09:56:37",
    "factura_num": "01114",
    "ciente_numero": 857880974,
    "pago_tipo": "TRANFERENCIA",
    "productos": [
        {
            "codigo": "vECdnGwYCh",
            "total": 9,
            "valor_unitario": 513132,
            "descuento": 0.17,
            "IVA": 19
        },
        {
            "codigo": "ankpErLuP6",
            "total": 8,
            "valor_unitario": 315324,
            "descuento": 0.29,
            "IVA": 0
        },
        {
            "codigo": "QAIfCipDcW",
            "total": 2,
            "valor_unitario": 94145,
            "descuento": 0.18,
            "IVA": 0
        },
        {
            "codigo": "6m76cItqkj",
            "total": 19,
            "valor_unitario": 124293,
            "descuento": 0.0,
            "IVA": 0
        },
        {
            "codigo": "Y5RTxYRnr8",
            "total": 8,
            "valor_unitario": 991710,
            "descuento": 0.15,
            "IVA": 0
        },
        {
            "codigo": "xUKtclQ9DW",
            "total": 19,
            "valor_unitario": 482637,
            "descuento": 0.49,
            "IVA": 0
        },
        {
            "codigo": "GRgt06Y8zN",
            "total": 9,
            "valor_unitario": 581276,
            "descuento": 0.37,
            "IVA": 0
        },
        {
            "codigo": "kT7vzffs8Z",
            "total": 19,
            "valor_unitario": 710038,
            "descuento": 0.34,
            "IVA": 19
        },
        {
            "codigo": "BcA8Rdc5Ow",
            "total": 3,
            "valor_unitario": 89387,
            "descuento": 0.04,
            "IVA": 0
        }
    ]
}