{
    "empresa_nit": "456789123",
    "empresa_ciudad": "BARRANQUILLA",
    "empresa_sede": "plaza",
    "empresa_nombre": "Despensa Natura",
    "fecha_hora": "2024-02-17 05:17:51",
    "factura_num": "00198",
    "ciente_numero": 507258664,
    "pago_tipo": "TRANFERENCIA",
    "productos": [
        {
            "codigo": "QxVEHV35XW",
            "total": 20,
            "valor_unitario": 968836,
            "descuento": 0.36,
            "IVA": 5
        },
        {
            "codigo": "wrueDxjKka",
            "total": 12,
            "valor_unitario": 217934,
            "descuento": 0.14,
            "IVA": 0
        },
        {
            "codigo": "oZLKorW40O",
            "total": 11,
            "valor_unitario": 808577,
            "descuento": 0.33,
            "IVA": 0
        },
        {
            "codigo": "Ywv2FsoWhz",
            "total": 11,
            "valor_unitario": 280825,
            "descuento": 0.19,
            "IVA": 19
        },
        {
            "codigo": "xpDllley6x",
            "total": 3,
            "valor_unitario": 429225,
            "descuento": 0.07,
            "IVA": 19
        },
        {
            "codigo": "74mEp09gWe",
            "total": 19,
            "valor_unitario": 182138,
            "descuento": 0.38,
            "IVA": 5
        },
        {
            "codigo": "w0xxGyevHM",
            "total": 10,
            "valor_unitario": 929694,
            "descuento": 0.2,
            "IVA": 5
        },
        {
            "codigo": "zJJSo3KfIs",
            "total": 12,
            "valor_unitario": 682116,
            "descuento": 0.25,
            "IVA": 5
        },
        {
            "codigo": "MLyueSlVFT",
            "total": 14,
            "valor_unitario": 610880,
            "descuento": 0.42,
            "IVA": 0
        },
        {
            "codigo": "I23caaArgi",
            "total": 7,
            "valor_unitario": 531318,
            "descuento": 0.48,
            "IVA": 5
        },
        {
            "codigo": "XsBLYT2Mei",
            "total": 16,
            "valor_unitario": 906037,
            "descuento": 0.0,
            "IVA": 5
        },
        {
            "codigo": "oqG8Z7EzWz",
            "total": 6,
            "valor_unitario": 85314,
            "descuento": 0.08,
            "IVA": 0
        },
        {
            "codigo": "5b1KnoJBdN",
            "total": 19,
            "valor_unitario": 402805,
            "descuento": 0.42,
            "IVA": 0
        }
    ]
}