{
    "empresa_nit": "456789123",
    "empresa_ciudad": "CALI",
    "empresa_sede": "aeropuerto",
    "empresa_nombre": "Despensa Natura",
    "fecha_hora": "2022-03-21 14:12:28",
    "factura_num": "00397",
    "ciente_numero": 183407507,
    "pago_tipo": "EFECTIVO",
    "productos": [
        {
            "codigo": "H5lQOEX2LX",
            "total": 19,
            "valor_unitario": 7607,
            "descuento": 0.17,
            "IVA": 5
        },
        {
            "codigo": "Soimr0sTl1",
            "total": 18,
            "valor_unitario": 630234,
            "descuento": 0.24,
            "IVA": 5
        },
        {
            "codigo": "Ye5Td9hIK4",
            "total": 20,
            "valor_unitario": 554599,
            "descuento": 0.29,
            "IVA": 5
        },
        {
            "codigo": "fYLm0d5B7e",
            "total": 1,
            "valor_unitario": 758414,
            "descuento": 0.46,
            "IVA": 19
        },
        {
            "codigo": "h35y0TEub4",
            "total": 20,
            "valor_unitario": 988242,
            "descuento": 0.4,
            "IVA": 19
        },
        {
            "codigo": "nS2pcD2MX5",
            "total": 10,
            "valor_unitario": 582072,
            "descuento": 0.39,
            "IVA": 0
        },
        {
            "codigo": "v1HMYEYW12",
            "total": 18,
            "valor_unitario": 833884,
            "descuento": 0.35,
            "IVA": 5
        },
        {
            "codigo": "C5ZcoIgZ3g",
            "total": 20,
            "valor_unitario": 871862,
            "descuento": 0.42,
            "IVA": 5
        },
        {
            "codigo": "XyB6sTEE7k",
            "total": 16,
            "valor_unitario": 577238,
            "descuento": 0.15,
            "IVA": 19
        },
        {
            "codigo": "9GVRSF4Jo4",
            "total": 15,
            "valor_unitario": 176991,
            "descuento": 0.32,
            "IVA": 5
        },
        {
            "codigo": "b5xJxw8eoU",
            "total": 4,
            "valor_unitario": 591140,
            "descuento": 0.13,
            "IVA": 0
        },
        {
            "codigo": "drozSGgyAX",
            "total": 17,
            "valor_unitario": 971899,
            "descuento": 0.28,
            "IVA": 0
        },
        {
            "codigo": "YxtEhmZwWK",
            "total": 9,
            "valor_unitario": 828464,
            "descuento": 0.31,
            "IVA": 0
        },
        {
            "codigo": "gnAhswB2q4",
            "total": 12,
            "valor_unitario": 725775,
            "descuento": 0.09,
            "IVA": 0
        },
        {
            "codigo": "TW8Ah9ORxr",
            "total": 9,
            "valor_unitario": 282416,
            "descuento": 0.37,
            "IVA": 5
        },
        {
            "codigo": "BLHSAVvfLi",
            "total": 10,
            "valor_unitario": 338767,
            "descuento": 0.38,
            "IVA": 0
        },
        {
            "codigo": "KAklPW5GKo",
            "total": 1,
            "valor_unitario": 126242,
            "descuento": 0.07,
            "IVA": 5
        },
        {
            "codigo": "fVhn9zY8U0",
            "total": 8,
            "valor_unitario": 427585,
            "descuento": 0.1,
            "IVA": 0
        }
    ]
}