{
    "empresa_nit": "456789123",
    "empresa_ciudad": "BOGOTA",
    "empresa_sede": "autopista",
    "empresa_nombre": "Despensa Natura",
    "fecha_hora": "2021-05-13 17:45:45",
    "factura_num": "00209",
    "ciente_numero": 431970065,
    "pago_tipo": "TRANFERENCIA",
    "productos": [
        {
            "codigo": "7Rfp0d1vsP",
            "total": 18,
            "valor_unitario": 394783,
            "descuento": 0.29,
            "IVA": 5
        },
        {
            "codigo": "5LbszSsYBa",
            "total": 6,
            "valor_unitario": 455693,
            "descuento": 0.21,
            "IVA": 0
        },
        {
            "codigo": "ypD4bzsPiM",
            "total": 3,
            "valor_unitario": 437186,
            "descuento": 0.46,
            "IVA": 5
        },
        {
            "codigo": "pVlBNmn4e6",
            "total": 6,
            "valor_unitario": 689088,
            "descuento": 0.14,
            "IVA": 5
        },
        {
            "codigo": "ponW4iYUv8",
            "total": 15,
            "valor_unitario": 783669,
            "descuento": 0.23,
            "IVA": 0
        },
        {
            "codigo": "eVjqCxwfpT",
            "total": 16,
            "valor_unitario": 192474,
            "descuento": 0.2,
            "IVA": 19
        },
        {
            "codigo": "4v8UexrI98",
            "total": 15,
            "valor_unitario": 299250,
            "descuento": 0.11,
            "IVA": 19
        },
        {
            "codigo": "yC99zyH1cS",
            "total": 17,
            "valor_unitario": 857523,
            "descuento": 0.37,
            "IVA": 5
        },
        {
            "codigo": "JFOcSmYstD",
            "total": 1,
            "valor_unitario": 379706,
            "descuento": 0.43,
            "IVA": 0
        },
        {
            "codigo": "vMCl6e6am1",
            "total": 16,
            "valor_unitario": 826004,
            "descuento": 0.42,
            "IVA": 19
        },
        {
            "codigo": "V1uxvpZKIL",
            "total": 10,
            "valor_unitario": 506246,
            "descuento": 0.36,
            "IVA": 0
        },
        {
            "codigo": "Y0Hmu2NK9M",
            "total": 10,
            "valor_unitario": 202070,
            "descuento": 0.46,
            "IVA": 5
        },
        {
            "codigo": "OhWwXfFZBf",
            "total": 13,
            "valor_unitario": 640688,
            "descuento": 0.22,
            "IVA": 5
        },
        {
            "codigo": "5xJuiLSsAT",
            "total": 17,
            "valor_unitario": 152782,
            "descuento": 0.48,
            "IVA": 5
        },
        {
            "codigo": "VGXtTM2Ooi",
            "total": 13,
            "valor_unitario": 826623,
            "descuento": 0.33,
            "IVA": 19
        },
        {
            "codigo": "CwPTLkjBqr",
            "total": 12,
            "valor_unitario": 490933,
            "descuento": 0.31,
            "IVA": 19
        },
        {
            "codigo": "FBO6LVITUg",
            "total": 19,
            "valor_unitario": 461978,
            "descuento": 0.4,
            "IVA": 0
        },
        {
            "codigo": "mXTXBJamZC",
            "total": 3,
            "valor_unitario": 907798,
            "descuento": 0.23,
            "IVA": 0
        },
        {
            "codigo": "nXz11UM3LZ",
            "total": 16,
            "valor_unitario": 184880,
            "descuento": 0.2,
            "IVA": 5
        },
        {
            "codigo": "IvePqFcdcv",
            "total": 17,
            "valor_unitario": 392520,
            "descuento": 0.14,
            "IVA": 5
        }
    ]
}