{
    "empresa_nit": "456789123",
    "empresa_ciudad": "BARRANQUILLA",
    "empresa_sede": "terminal",
    "empresa_nombre": "Despensa Natura",
    "fecha_hora": "2023-01-17 18:37:12",
    "factura_num": "00386",
    "ciente_numero": 921354786,
    "pago_tipo": "EFECTIVO",
    "productos": [
        {
            "codigo": "TfXzlzPque",
            "total": 16,
            "valor_unitario": 933290,
            "descuento": 0.14,
            "IVA": 19
        },
        {
            "codigo": "LW4TGuPTu4",
            "total": 7,
            "valor_unitario": 976999,
            "descuento": 0.37,
            "IVA": 5
        },
        {
            "codigo": "i0MSCx0DQB",
            "total": 7,
            "valor_unitario": 378708,
            "descuento": 0.46,
            "IVA": 5
        },
        {
            "codigo": "6rci6dZlI0",
            "total": 5,
            "valor_unitario": 491880,
            "descuento": 0.48,
            "IVA": 19
        },
        {
            "codigo": "blPd2Gdl3H",
            "total": 6,
            "valor_unitario": 611130,
            "descuento": 0.19,
            "IVA": 0
        },
        {
            "codigo": "8jBIOgKPr3",
            "total": 7,
            "valor_unitario": 153916,
            "descuento": 0.18,
            "IVA": 5
        },
        {
            "codigo": "mbKLbhd0A1",
            "total": 4,
            "valor_unitario": 714420,
            "descuento": 0.16,
            "IVA": 5
        },
        {
            "codigo": "Cjl4CMwklF",
            "total": 16,
            "valor_unitario": 801596,
            "descuento": 0.25,
            "IVA": 19
        },
        {
            "codigo": "b3tPmRHNZB",
            "total": 10,
            "valor_unitario": 281637,
            "descuento": 0.24,
            "IVA": 5
        },
        {
            "codigo": "DmUv93MfHF",
            "total": 12,
            "valor_unitario": 575127,
            "descuento": 0.48,
            "IVA": 0
        },
        {
            "codigo": "O4C0c5D31s",
            "total": 20,
            "valor_unitario": 851563,
            "descuento": 0.12,
            "IVA": 19
        },
        {
            "codigo": "xZqUvdqGt1",
            "total": 1,
            "valor_unitario": 868140,
            "descuento": 0.35,
            "IVA": 0
        },
        {
            "codigo": "WGBmBXJgdQ",
            "total": 10,
            "valor_unitario": 48864,
            "descuento": 0.26,
            "IVA": 19
        },
        {
            "codigo": "owQML6sfjQ",
            "total": 20,
            "valor_unitario": 812607,
            "descuento": 0.05,
            "IVA": 19
        },
        {
            "codigo": "HquKqSdUcP",
            "total": 15,
            "valor_unitario": 321585,
            "descuento": 0.21,
            "IVA": 19
        },
        {
            "codigo": "dFC6MdRguf",
            "total": 18,
            "valor_unitario": 42946,
            "descuento": 0.39,
            "IVA": 5
        },
        {
            "codigo": "h00cij51n9",
            "total": 14,
            "valor_unitario": 722181,
            "descuento": 0.42,
            "IVA": 5
        }
    ]
}