{
    "empresa_nit": "456789123",
    "empresa_ciudad": "CALI",
    "empresa_sede": "aeropuerto",
    "empresa_nombre": "Despensa Natura",
    "fecha_hora": "2020-11-20 09:55:10",
    "factura_num": "00128",
    "ciente_numero": 680902993,
    "pago_tipo": "EFECTIVO",
    "productos": [
        {
            "codigo": "pYRjnQWCFX",
            "total": 1,
            "valor_unitario": 40483,
            "descuento": 0.13,
            "IVA": 0
        },
        {
            "codigo": "pYBdhzEbl3",
            "total": 13,
            "valor_unitario": 673765,
            "descuento": 0.33,
            "IVA": 5
        },
        {
            "codigo": "6BxcY5sptD",
            "total": 5,
            "valor_unitario": 75278,
            "descuento": 0.08,
            "IVA": 5
        },
        {
            "codigo": "ELx2cXEMy5",
            "total": 2,
            "valor_unitario": 620969,
            "descuento": 0.16,
            "IVA": 19
        },
        {
            "codigo": "WgZekQ7paG",
            "total": 15,
            "valor_unitario": 503676,
            "descuento": 0.27,
            "IVA": 0
        },
        {
            "codigo": "SHmINEouPv",
            "total": 2,
            "valor_unitario": 382789,
            "descuento": 0.31,
            "IVA": 0
        },
        {
            "codigo": "ZWam5720Lv",
            "total": 16,
            "valor_unitario": 594953,
            "descuento": 0.44,
            "IVA": 19
        },
        {
            "codigo": "Sl7W22RTEk",
            "total": 13,
            "valor_unitario": 20222,
            "descuento": 0.06,
            "IVA": 0
        },
        {
            "codigo": "zAzcpri1pU",
            "total": 10,
            "valor_unitario": 58713,
            "descuento": 0.07,
            "IVA": 0
        },
        {
            "codigo": "YBY3shlg0E",
            "total": 12,
            "valor_unitario": 378069,
            "descuento": 0.38,
            "IVA": 19
        },
        {
            "codigo": "5OARZHp4Qa",
            "total": 11,
            "valor_unitario": 780099,
            "descuento": 0.11,
            "IVA": 0
        },
        {
            "codigo": "2gXC5aIq8V",
            "total": 8,
            "valor_unitario": 884839,
            "descuento": 0.14,
            "IVA": 5
        },
        {
            "codigo": "ChQcgeEHzI",
            "total": 1,
            "valor_unitario": 149517,
            "descuento": 0.25,
            "IVA": 5
        },
        {
            "codigo": "zj7mB9FTg8",
            "total": 3,
            "valor_unitario": 335367,
            "descuento": 0.32,
            "IVA": 0
        },
        {
            "codigo": "ZTocyibLiK",
            "total": 16,
            "valor_unitario": 343631,
            "descuento": 0.45,
            "IVA": 19
        },
        {
            "codigo": "9GCgViLvMm",
            "total": 11,
            "valor_unitario": 66338,
            "descuento": 0.06,
            "IVA": 0
        },
        {
            "codigo": "GMVM3UtafF",
            "total": 20,
            "valor_unitario": 1330,
            "descuento": 0.26,
            "IVA": 19
        },
        {
            "codigo": "ROTumFMjCd",
            "total": 1,
            "valor_unitario": 588393,
            "descuento": 0.08,
            "IVA": 5
        },
        {
            "codigo": "19sHXqdv2T",
            "total": 18,
            "valor_unitario": 158218,
            "descuento": 0.06,
            "IVA": 5
        },
        {
            "codigo": "QBJxDYI4qi",
            "total": 16,
            "valor_unitario": 386231,
            "descuento": 0.15,
            "IVA": 0
        }
    ]
}