{
    "empresa_nit": "456789123",
    "empresa_ciudad": "CALI",
    "empresa_sede": "aeropuerto",
    "empresa_nombre": "Despensa Natura",
    "fecha_hora": "2020-04-22 22:22:31",
    "factura_num": "00373",
    "ciente_numero": 482311330,
    "pago_tipo": "TAR.DEBITO",
    "productos": [
        {
            "codigo": "cWdDzV0PJK",
            "total": 16,
            "valor_unitario": 682573,
            "descuento": 0.42,
            "IVA": 5
        },
        {
            "codigo": "j71DfvOPD0",
            "total": 12,
            "valor_unitario": 428140,
            "descuento": 0.07,
            "IVA": 5
        },
        {
            "codigo": "ZFJxHl6nKG",
            "total": 19,
            "valor_unitario": 660651,
            "descuento": 0.07,
            "IVA": 5
        },
        {
            "codigo": "eL4O2LFThX",
            "total": 13,
            "valor_unitario": 46451,
            "descuento": 0.03,
            "IVA": 5
        },
        {
            "codigo": "gtgNDdV5Kg",
            "total": 18,
            "valor_unitario": 134732,
            "descuento": 0.16,
            "IVA": 19
        },
        {
            "codigo": "RraglD6F6K",
            "total": 7,
            "valor_unitario": 139935,
            "descuento": 0.19,
            "IVA": 5
        },
        {
            "codigo": "unxG9vQIX5",
            "total": 19,
            "valor_unitario": 483067,
            "descuento": 0.1,
            "IVA": 5
        },
        {
            "codigo": "G6mk8FUIDg",
            "total": 11,
            "valor_unitario": 879155,
            "descuento": 0.35,
            "IVA": 0
        },
        {
            "codigo": "FWH0MTnkNs",
            "total": 6,
            "valor_unitario": 304507,
            "descuento": 0.3,
            "IVA": 19
        },
        {
            "codigo": "05H6zVKUP9",
            "total": 19,
            "valor_unitario": 395128,
            "descuento": 0.38,
            "IVA": 0
        },
        {
            "codigo": "Fvd25P9JG0",
            "total": 4,
            "valor_unitario": 176218,
            "descuento": 0.09,
            "IVA": 19
        },
        {
            "codigo": "YXlL7CcFW2",
            "total": 10,
            "valor_unitario": 449317,
            "descuento": 0.25,
            "IVA": 5
        }
    ]
}