{
    "empresa_nit": "456789123",
    "empresa_ciudad": "BOGOTA",
    "empresa_sede": "terminal",
    "empresa_nombre": "Despensa Natura",
    "fecha_hora": "2023-06-10 11:45:48",
    "factura_num": "00331",
    "ciente_numero": 324086710,
    "pago_tipo": "TAR.DEBITO",
    "productos": [
        {
            "codigo": "C64KqvRWvE",
            "total": 7,
            "valor_unitario": 660090,
            "descuento": 0.24,
            "IVA": 19
        },
        {
            "codigo": "Svcw9zgoT0",
            "total": 2,
            "valor_unitario": 327508,
            "descuento": 0.23,
            "IVA": 5
        },
        {
            "codigo": "cVw10slWWJ",
            "total": 7,
            "valor_unitario": 463185,
            "descuento": 0.03,
            "IVA": 19
        },
        {
            "codigo": "gYiVWNR76f",
            "total": 14,
            "valor_unitario": 140313,
            "descuento": 0.09,
            "IVA": 19
        },
        {
            "codigo": "YhyfD8GDO0",
            "total": 4,
            "valor_unitario": 76690,
            "descuento": 0.21,
            "IVA": 0
        },
        {
            "codigo": "B4cg5NBIkm",
            "total": 7,
            "valor_unitario": 861173,
            "descuento": 0.3,
            "IVA": 0
        },
        {
            "codigo": "0egZs77bsr",
            "total": 12,
            "valor_unitario": 194026,
            "descuento": 0.01,
            "IVA": 19
        },
        {
            "codigo": "jAq5QRwcyn",
            "total": 14,
            "valor_unitario": 786867,
            "descuento": 0.2,
            "IVA": 5
        },
        {
            "codigo": "9vBdNLPVoi",
            "total": 12,
            "valor_unitario": 901143,
            "descuento": 0.45,
            "IVA": 0
        },
        {
            "codigo": "syQAoTyzCD",
            "total": 7,
            "valor_unitario": 230063,
            "descuento": 0.25,
            "IVA": 19
        },
        {
            "codigo": "L6MlUDb7Di",
            "total": 6,
            "valor_unitario": 606877,
            "descuento": 0.37,
            "IVA": 5
        }
    ]
}