{
    "empresa_nit": "456789123",
    "empresa_ciudad": "BOGOTA",
    "empresa_sede": "terminal",
    "empresa_nombre": "Despensa Natura",
    "fecha_hora": "2020-08-13 20:43:54",
    "factura_num": "01034",
    "ciente_numero": 994902085,
    "pago_tipo": "EFECTIVO",
    "productos": [
        {
            "codigo": "lEq7dbs9Ae",
            "total": 8,
            "valor_unitario": 845316,
            "descuento": 0.4,
            "IVA": 5
        },
        {
            "codigo": "zHiazhdx2e",
            "total": 5,
            "valor_unitario": 916964,
            "descuento": 0.33,
            "IVA": 5
        },
        {
            "codigo": "cEkPPvW2pf",
            "total": 14,
            "valor_unitario": 898411,
            "descuento": 0.2,
            "IVA": 0
        },
        {
            "codigo": "pV0vzQFoZO",
            "total": 17,
            "valor_unitario": 111872,
            "descuento": 0.38,
            "IVA": 0
        },
        {
            "codigo": "zt4cK8Laqc",
            "total": 16,
            "valor_unitario": 736647,
            "descuento": 0.29,
            "IVA": 19
        },
        {
            "codigo": "Q6AQFWv3d0",
            "total": 10,
            "valor_unitario": 991794,
            "descuento": 0.41,
            "IVA": 5
        },
        {
            "codigo": "fK9V1eUvYU",
            "total": 2,
            "valor_unitario": 204888,
            "descuento": 0.01,
            "IVA": 5
        },
        {
            "codigo": "xEAgCULCyZ",
            "total": 8,
            "valor_unitario": 419827,
            "descuento": 0.04,
            "IVA": 0
        },
        {
            "codigo": "Lbve0mdEuV",
            "total": 7,
            "valor_unitario": 115426,
            "descuento": 0.1,
            "IVA": 0
        }
    ]
}