{
    "empresa_nit": "456789123",
    "empresa_ciudad": "CALI",
    "empresa_sede": "aeropuerto",
    "empresa_nombre": "Despensa Natura",
    "fecha_hora": "2023-05-12 01:58:24",
    "factura_num": "00216",
    "ciente_numero": 743509006,
    "pago_tipo": "TRANFERENCIA",
    "productos": [
        {
            "codigo": "yT7aLgQz1f",
            "total": 3,
            "valor_unitario": 483182,
            "descuento": 0.35,
            "IVA": 0
        },
        {
            "codigo": "qHAGEHKZfN",
            "total": 1,
            "valor_unitario": 786851,
            "descuento": 0.23,
            "IVA": 5
        },
        {
            "codigo": "tweBSbSMxe",
            "total": 12,
            "valor_unitario": 643284,
            "descuento": 0.42,
            "IVA": 0
        },
        {
            "codigo": "pBHd48f59N",
            "total": 18,
            "valor_unitario": 438827,
            "descuento": 0.47,
            "IVA": 19
        },
        {
            "codigo": "L7a8NImuGb",
            "total": 20,
            "valor_unitario": 332588,
            "descuento": 0.35,
            "IVA": 5
        },
        {
            "codigo": "0s2QLz0O88",
            "total": 12,
            "valor_unitario": 727933,
            "descuento": 0.39,
            "IVA": 0
        },
        {
            "codigo": "ISQocp2KKf",
            "total": 5,
            "valor_unitario": 592005,
            "descuento": 0.3,
            "IVA": 19
        },
        {
            "codigo": "NXvYSchwKg",
            "total": 20,
            "valor_unitario": 207810,
            "descuento": 0.16,
            "IVA": 5
        },
        {
            "codigo": "xp2TW0220v",
            "total": 17,
            "valor_unitario": 197208,
            "descuento": 0.4,
            "IVA": 19
        }
    ]
}