{
    "empresa_nit": "456789123",
    "empresa_ciudad": "TUNJA",
    "empresa_sede": "autopista",
    "empresa_nombre": "Despensa Natura",
    "fecha_hora": "2021-10-07 11:43:11",
    "factura_num": "00255",
    "ciente_numero": 770423226,
    "pago_tipo": "TAR.DEBITO",
    "productos": [
        {
            "codigo": "BZGCWlvyAq",
            "total": 9,
            "valor_unitario": 965941,
            "descuento": 0.18,
            "IVA": 5
        },
        {
            "codigo": "0W71zhKOPO",
            "total": 12,
            "valor_unitario": 958407,
            "descuento": 0.34,
            "IVA": 0
        },
        {
            "codigo": "fZkeT6uoPU",
            "total": 20,
            "valor_unitario": 311224,
            "descuento": 0.46,
            "IVA": 19
        },
        {
            "codigo": "0y0boYFDX1",
            "total": 2,
            "valor_unitario": 966949,
            "descuento": 0.23,
            "IVA": 0
        },
        {
            "codigo": "uED0u5Yyb4",
            "total": 7,
            "valor_unitario": 358723,
            "descuento": 0.21,
            "IVA": 5
        },
        {
            "codigo": "GEpxPggZmB",
            "total": 2,
            "valor_unitario": 324579,
            "descuento": 0.42,
            "IVA": 0
        },
        {
            "codigo": "MF12LFW9v2",
            "total": 14,
            "valor_unitario": 849922,
            "descuento": 0.17,
            "IVA": 19
        },
        {
            "codigo": "5JSIKUCDuP",
            "total": 10,
            "valor_unitario": 917981,
            "descuento": 0.24,
            "IVA": 5
        },
        {
            "codigo": "MzGKisdKnY",
            "total": 13,
            "valor_unitario": 716928,
            "descuento": 0.44,
            "IVA": 19
        },
        {
            "codigo": "6k5JXVnmtv",
            "total": 2,
            "valor_unitario": 396131,
            "descuento": 0.16,
            "IVA": 0
        },
        {
            "codigo": "CyYGyfOfCw",
            "total": 17,
            "valor_unitario": 850517,
            "descuento": 0.09,
            "IVA": 0
        },
        {
            "codigo": "ASFJmkz9vO",
            "total": 19,
            "valor_unitario": 164920,
            "descuento": 0.3,
            "IVA": 0
        },
        {
            "codigo": "oMK01QRG1F",
            "total": 3,
            "valor_unitario": 671126,
            "descuento": 0.38,
            "IVA": 5
        },
        {
            "codigo": "8CtN9N0lOn",
            "total": 19,
            "valor_unitario": 144869,
            "descuento": 0.11,
            "IVA": 0
        },
        {
            "codigo": "WnWln8bwEZ",
            "total": 7,
            "valor_unitario": 803545,
            "descuento": 0.18,
            "IVA": 19
        },
        {
            "codigo": "viWH869CO9",
            "total": 17,
            "valor_unitario": 937676,
            "descuento": 0.32,
            "IVA": 5
        },
        {
            "codigo": "dO1s2DbTlt",
            "total": 20,
            "valor_unitario": 984703,
            "descuento": 0.28,
            "IVA": 19
        }
    ]
}