{
    "empresa_nit": "456789123",
    "empresa_ciudad": "BOGOTA",
    "empresa_sede": "terminal",
    "empresa_nombre": "Despensa Natura",
    "fecha_hora": "2020-11-05 20:18:56",
    "factura_num": "01093",
    "ciente_numero": 927968942,
    "pago_tipo": "TAR.DEBITO",
    "productos": [
        {
            "codigo": "rFojrJ6lAX",
            "total": 7,
            "valor_unitario": 286540,
            "descuento": 0.32,
            "IVA": 5
        },
        {
            "codigo": "6wLai3yu6S",
            "total": 1,
            "valor_unitario": 581038,
            "descuento": 0.34,
            "IVA": 0
        },
        {
            "codigo": "Nz6r9LdzDK",
            "total": 7,
            "valor_unitario": 705707,
            "descuento": 0.24,
            "IVA": 19
        },
        {
            "codigo": "T1j2dhV1S5",
            "total": 16,
            "valor_unitario": 112696,
            "descuento": 0.26,
            "IVA": 19
        },
        {
            "codigo": "CgPeBdIxkC",
            "total": 13,
            "valor_unitario": 5864,
            "descuento": 0.28,
            "IVA": 5
        },
        {
            "codigo": "zb10BgUQcS",
            "total": 1,
            "valor_unitario": 164039,
            "descuento": 0.13,
            "IVA": 0
        },
        {
            "codigo": "lYlq5DWKCe",
            "total": 16,
            "valor_unitario": 266843,
            "descuento": 0.26,
            "IVA": 5
        },
        {
            "codigo": "1Y9nnkybvY",
            "total": 8,
            "valor_unitario": 61395,
            "descuento": 0.29,
            "IVA": 19
        },
        {
            "codigo": "MoNFKOaSOe",
            "total": 20,
            "valor_unitario": 632586,
            "descuento": 0.44,
            "IVA": 19
        },
        {
            "codigo": "nSOBwAEhB1",
            "total": 17,
            "valor_unitario": 58607,
            "descuento": 0.19,
            "IVA": 0
        },
        {
            "codigo": "kbdRhWQUXp",
            "total": 1,
            "valor_unitario": 165315,
            "descuento": 0.48,
            "IVA": 0
        },
        {
            "codigo": "viIafsSwPn",
            "total": 12,
            "valor_unitario": 667556,
            "descuento": 0.14,
            "IVA": 19
        },
        {
            "codigo": "vHOFd3r6ut",
            "total": 17,
            "valor_unitario": 457287,
            "descuento": 0.13,
            "IVA": 0
        },
        {
            "codigo": "1Tnxq2i7RV",
            "total": 10,
            "valor_unitario": 433807,
            "descuento": 0.46,
            "IVA": 0
        },
        {
            "codigo": "i02GjsBaf6",
            "total": 4,
            "valor_unitario": 557512,
            "descuento": 0.47,
            "IVA": 19
        }
    ]
}