{
    "empresa_nit": "456789123",
    "empresa_ciudad": "BOGOTA",
    "empresa_sede": "plaza",
    "empresa_nombre": "Despensa Natura",
    "fecha_hora": "2023-05-30 15:38:32",
    "factura_num": "01013",
    "ciente_numero": 651461415,
    "pago_tipo": "EFECTIVO",
    "productos": [
        {
            "codigo": "EGDo3jAY3R",
            "total": 5,
            "valor_unitario": 692840,
            "descuento": 0.49,
            "IVA": 5
        },
        {
            "codigo": "9ZQWGHaPLb",
            "total": 10,
            "valor_unitario": 509321,
            "descuento": 0.35,
            "IVA": 5
        },
        {
            "codigo": "YNoOpX3IPI",
            "total": 15,
            "valor_unitario": 524336,
            "descuento": 0.26,
            "IVA": 5
        },
        {
            "codigo": "QOjEvQfCo8",
            "total": 18,
            "valor_unitario": 504112,
            "descuento": 0.16,
            "IVA": 0
        },
        {
            "codigo": "bs5SgAYaoW",
            "total": 16,
            "valor_unitario": 601187,
            "descuento": 0.11,
            "IVA": 19
        },
        {
            "codigo": "NxIKYaE65V",
            "total": 6,
            "valor_unitario": 984731,
            "descuento": 0.12,
            "IVA": 19
        },
        {
            "codigo": "Gtk4VOXemu",
            "total": 4,
            "valor_unitario": 856649,
            "descuento": 0.45,
            "IVA": 5
        },
        {
            "codigo": "npom5W3mDg",
            "total": 3,
            "valor_unitario": 295530,
            "descuento": 0.13,
            "IVA": 5
        },
        {
            "codigo": "dVTGx13KVj",
            "total": 4,
            "valor_unitario": 922719,
            "descuento": 0.33,
            "IVA": 0
        },
        {
            "codigo": "djjJ0dTtIj",
            "total": 10,
            "valor_unitario": 621861,
            "descuento": 0.01,
            "IVA": 0
        },
        {
            "codigo": "p7Dyl9RpZV",
            "total": 12,
            "valor_unitario": 648667,
            "descuento": 0.19,
            "IVA": 5
        },
        {
            "codigo": "Fo6td1T50g",
            "total": 6,
            "valor_unitario": 639859,
            "descuento": 0.0,
            "IVA": 0
        },
        {
            "codigo": "kYwBnN1PfK",
            "total": 6,
            "valor_unitario": 997463,
            "descuento": 0.13,
            "IVA": 5
        },
        {
            "codigo": "bRb6oW0UEA",
            "total": 10,
            "valor_unitario": 464044,
            "descuento": 0.12,
            "IVA": 5
        }
    ]
}