{
    "empresa_nit": "456789123",
    "empresa_ciudad": "TUNJA",
    "empresa_sede": "terminal",
    "empresa_nombre": "Despensa Natura",
    "fecha_hora": "2022-03-28 20:32:16",
    "factura_num": "01087",
    "ciente_numero": 773204940,
    "pago_tipo": "TAR.DEBITO",
    "productos": [
        {
            "codigo": "8DfOwEVWfL",
            "total": 1,
            "valor_unitario": 126584,
            "descuento": 0.5,
            "IVA": 19
        },
        {
            "codigo": "LFvTVTFtjo",
            "total": 1,
            "valor_unitario": 296126,
            "descuento": 0.36,
            "IVA": 0
        },
        {
            "codigo": "kFe7IwCBVN",
            "total": 10,
            "valor_unitario": 785327,
            "descuento": 0.5,
            "IVA": 19
        },
        {
            "codigo": "pK7MoxCbjf",
            "total": 8,
            "valor_unitario": 263031,
            "descuento": 0.01,
            "IVA": 0
        },
        {
            "codigo": "jxBhfSmxr5",
            "total": 12,
            "valor_unitario": 206270,
            "descuento": 0.09,
            "IVA": 0
        },
        {
            "codigo": "vsCJtOR1fZ",
            "total": 4,
            "valor_unitario": 656446,
            "descuento": 0.3,
            "IVA": 5
        },
        {
            "codigo": "D6wI6uWOSv",
            "total": 14,
            "valor_unitario": 981951,
            "descuento": 0.32,
            "IVA": 19
        },
        {
            "codigo": "9T7tTauihE",
            "total": 4,
            "valor_unitario": 510415,
            "descuento": 0.38,
            "IVA": 19
        },
        {
            "codigo": "avz85mB0gP",
            "total": 9,
            "valor_unitario": 63862,
            "descuento": 0.44,
            "IVA": 0
        },
        {
            "codigo": "2IizONbRli",
            "total": 5,
            "valor_unitario": 824218,
            "descuento": 0.1,
            "IVA": 0
        },
        {
            "codigo": "TbKo8Mg8To",
            "total": 5,
            "valor_unitario": 579531,
            "descuento": 0.49,
            "IVA": 5
        },
        {
            "codigo": "r8NSmt13iy",
            "total": 9,
            "valor_unitario": 786276,
            "descuento": 0.16,
            "IVA": 5
        },
        {
            "codigo": "7YuMTonotZ",
            "total": 9,
            "valor_unitario": 200666,
            "descuento": 0.16,
            "IVA": 5
        },
        {
            "codigo": "7wReDIcqLD",
            "total": 15,
            "valor_unitario": 553662,
            "descuento": 0.04,
            "IVA": 5
        },
        {
            "codigo": "Zdwf9zxRei",
            "total": 8,
            "valor_unitario": 464173,
            "descuento": 0.46,
            "IVA": 0
        },
        {
            "codigo": "M3OxQ5e7qZ",
            "total": 3,
            "valor_unitario": 591174,
            "descuento": 0.29,
            "IVA": 0
        },
        {
            "codigo": "kNRo04c4vh",
            "total": 13,
            "valor_unitario": 477922,
            "descuento": 0.23,
            "IVA": 19
        },
        {
            "codigo": "1yvp9LOP49",
            "total": 15,
            "valor_unitario": 612027,
            "descuento": 0.4,
            "IVA": 5
        },
        {
            "codigo": "pqve51ZRtI",
            "total": 5,
            "valor_unitario": 856517,
            "descuento": 0.22,
            "IVA": 0
        }
    ]
}