{
    "empresa_nit": "456789123",
    "empresa_ciudad": "BOGOTA",
    "empresa_sede": "plaza",
    "empresa_nombre": "Despensa Natura",
    "fecha_hora": "2022-01-17 06:40:36",
    "factura_num": "00323",
    "ciente_numero": 972662767,
    "pago_tipo": "TRANFERENCIA",
    "productos": [
        {
            "codigo": "A7vuAJLIFY",
            "total": 14,
            "valor_unitario": 643171,
            "descuento": 0.5,
            "IVA": 0
        },
        {
            "codigo": "btbRRArSoi",
            "total": 11,
            "valor_unitario": 68565,
            "descuento": 0.33,
            "IVA": 5
        },
        {
            "codigo": "VIzQu14oEu",
            "total": 5,
            "valor_unitario": 451780,
            "descuento": 0.1,
            "IVA": 19
        },
        {
            "codigo": "X1uRiB7FIj",
            "total": 16,
            "valor_unitario": 765860,
            "descuento": 0.14,
            "IVA": 5
        },
        {
            "codigo": "QJBdOb9NZZ",
            "total": 16,
            "valor_unitario": 925087,
            "descuento": 0.1,
            "IVA": 0
        },
        {
            "codigo": "6THQBXROdk",
            "total": 14,
            "valor_unitario": 469382,
            "descuento": 0.45,
            "IVA": 5
        },
        {
            "codigo": "B2Eb901YLQ",
            "total": 9,
            "valor_unitario": 724193,
            "descuento": 0.25,
            "IVA": 0
        },
        {
            "codigo": "AjYW9SKGUA",
            "total": 7,
            "valor_unitario": 75988,
            "descuento": 0.43,
            "IVA": 19
        }
    ]
}