{
    "empresa_nit": "456789123",
    "empresa_ciudad": "BOGOTA",
    "empresa_sede": "alcaldia",
    "empresa_nombre": "Despensa Natura",
    "fecha_hora": "2023-04-28 17:38:01",
    "factura_num": "01111",
    "ciente_numero": 401576808,
    "pago_tipo": "TRANFERENCIA",
    "productos": [
        {
            "codigo": "w6WW9dzZEu",
            "total": 17,
            "valor_unitario": 88546,
            "descuento": 0.45,
            "IVA": 0
        },
        {
            "codigo": "gJa6w8m5ak",
            "total": 16,
            "valor_unitario": 63658,
            "descuento": 0.4,
            "IVA": 5
        },
        {
            "codigo": "JtCiOggZFJ",
            "total": 12,
            "valor_unitario": 82549,
            "descuento": 0.37,
            "IVA": 0
        },
        {
            "codigo": "TMUh5ynZ9o",
            "total": 12,
            "valor_unitario": 886119,
            "descuento": 0.48,
            "IVA": 0
        },
        {
            "codigo": "Elsz8Kl2nb",
            "total": 3,
            "valor_unitario": 781236,
            "descuento": 0.11,
            "IVA": 5
        },
        {
            "codigo": "EQbb1T7tSE",
            "total": 13,
            "valor_unitario": 366751,
            "descuento": 0.29,
            "IVA": 5
        },
        {
            "codigo": "cT77nkC7Cj",
            "total": 9,
            "valor_unitario": 692216,
            "descuento": 0.12,
            "IVA": 0
        }
    ]
}