{
    "empresa_nit": "456789123",
    "empresa_ciudad": "TUNJA",
    "empresa_sede": "alcaldia",
    "empresa_nombre": "Despensa Natura",
    "fecha_hora": "2021-02-06 23:50:52",
    "factura_num": "00226",
    "ciente_numero": 764783552,
    "pago_tipo": "EFECTIVO",
    "productos": [
        {
            "codigo": "F15cxICSzZ",
            "total": 11,
            "valor_unitario": 705434,
            "descuento": 0.26,
            "IVA": 19
        },
        {
            "codigo": "ENxhebdU50",
            "total": 11,
            "valor_unitario": 9810,
            "descuento": 0.18,
            "IVA": 0
        },
        {
            "codigo": "p0VgEBqzat",
            "total": 3,
            "valor_unitario": 652381,
            "descuento": 0.14,
            "IVA": 5
        },
        {
            "codigo": "xP7gTtxXIv",
            "total": 3,
            "valor_unitario": 309586,
            "descuento": 0.24,
            "IVA": 5
        },
        {
            "codigo": "gitvuxF7IX",
            "total": 15,
            "valor_unitario": 774279,
            "descuento": 0.31,
            "IVA": 5
        },
        {
            "codigo": "UTOowMGLnM",
            "total": 12,
            "valor_unitario": 168100,
            "descuento": 0.29,
            "IVA": 5
        },
        {
            "codigo": "3OCVUXdonr",
            "total": 6,
            "valor_unitario": 624158,
            "descuento": 0.42,
            "IVA": 5
        },
        {
            "codigo": "zm5klDzfMR",
            "total": 12,
            "valor_unitario": 394435,
            "descuento": 0.18,
            "IVA": 0
        },
        {
            "codigo": "CkNcdHCZra",
            "total": 13,
            "valor_unitario": 942654,
            "descuento": 0.24,
            "IVA": 0
        },
        {
            "codigo": "fjpviBAxsY",
            "total": 12,
            "valor_unitario": 80472,
            "descuento": 0.44,
            "IVA": 0
        },
        {
            "codigo": "71flsO79cS",
            "total": 14,
            "valor_unitario": 799618,
            "descuento": 0.45,
            "IVA": 0
        },
        {
            "codigo": "KBi9Nr7QCp",
            "total": 9,
            "valor_unitario": 795790,
            "descuento": 0.08,
            "IVA": 0
        },
        {
            "codigo": "a8CcWSgbKi",
            "total": 16,
            "valor_unitario": 698972,
            "descuento": 0.12,
            "IVA": 19
        },
        {
            "codigo": "Z8N2wh4vI9",
            "total": 5,
            "valor_unitario": 401959,
            "descuento": 0.13,
            "IVA": 0
        },
        {
            "codigo": "Pv8AWo2HBN",
            "total": 10,
            "valor_unitario": 810699,
            "descuento": 0.09,
            "IVA": 19
        },
        {
            "codigo": "XuC8nYffSp",
            "total": 15,
            "valor_unitario": 470485,
            "descuento": 0.27,
            "IVA": 5
        },
        {
            "codigo": "nK2zOB3oMA",
            "total": 15,
            "valor_unitario": 587935,
            "descuento": 0.21,
            "IVA": 5
        },
        {
            "codigo": "gbc2ZCsdLO",
            "total": 2,
            "valor_unitario": 297237,
            "descuento": 0.2,
            "IVA": 5
        },
        {
            "codigo": "bqDmtgNm2J",
            "total": 13,
            "valor_unitario": 595670,
            "descuento": 0.44,
            "IVA": 5
        },
        {
            "codigo": "i4aceD8V0H",
            "total": 11,
            "valor_unitario": 846750,
            "descuento": 0.25,
            "IVA": 5
        }
    ]
}