{
    "empresa_nit": "456789123",
    "empresa_ciudad": "MEDELLIN",
    "empresa_sede": "alcaldia",
    "empresa_nombre": "Despensa Natura",
    "fecha_hora": "2025-02-06 09:46:10",
    "factura_num": "00174",
    "ciente_numero": 461927593,
    "pago_tipo": "TRANFERENCIA",
    "productos": [
        {
            "codigo": "sSZ57DW9SQ",
            "total": 3,
            "valor_unitario": 143186,
            "descuento": 0.28,
            "IVA": 19
        },
        {
            "codigo": "94l4a3FySW",
            "total": 11,
            "valor_unitario": 733451,
            "descuento": 0.31,
            "IVA": 0
        },
        {
            "codigo": "FYoKOZZHPy",
            "total": 8,
            "valor_unitario": 387189,
            "descuento": 0.37,
            "IVA": 19
        },
        {
            "codigo": "eOQVMlsaoc",
            "total": 16,
            "valor_unitario": 149645,
            "descuento": 0.31,
            "IVA": 5
        }
    ]
}