{
    "empresa_nit": "456789123",
    "empresa_ciudad": "MEDELLIN",
    "empresa_sede": "terminal",
    "empresa_nombre": "Despensa Natura",
    "fecha_hora": "2023-08-11 03:22:45",
    "factura_num": "01090",
    "ciente_numero": 168831450,
    "pago_tipo": "TAR.CREDITO",
    "productos": [
        {
            "codigo": "iAg75fbBEn",
            "total": 19,
            "valor_unitario": 860073,
            "descuento": 0.25,
            "IVA": 5
        },
        {
            "codigo": "JmnYBh8xY3",
            "total": 9,
            "valor_unitario": 363756,
            "descuento": 0.26,
            "IVA": 19
        },
        {
            "codigo": "Vqo4TFhUHV",
            "total": 4,
            "valor_unitario": 51033,
            "descuento": 0.4,
            "IVA": 0
        },
        {
            "codigo": "4LzGQEc5M3",
            "total": 6,
            "valor_unitario": 578406,
            "descuento": 0.36,
            "IVA": 5
        },
        {
            "codigo": "UFlZ45ncSX",
            "total": 8,
            "valor_unitario": 423231,
            "descuento": 0.41,
            "IVA": 5
        },
        {
            "codigo": "pmtIH7wCbY",
            "total": 13,
            "valor_unitario": 417691,
            "descuento": 0.07,
            "IVA": 5
        },
        {
            "codigo": "UJW9FcJImO",
            "total": 6,
            "valor_unitario": 12032,
            "descuento": 0.06,
            "IVA": 5
        },
        {
            "codigo": "0vguqXGHvD",
            "total": 13,
            "valor_unitario": 809048,
            "descuento": 0.33,
            "IVA": 19
        },
        {
            "codigo": "15h4tW9PV6",
            "total": 13,
            "valor_unitario": 962044,
            "descuento": 0.32,
            "IVA": 0
        },
        {
            "codigo": "fQPedpJrMT",
            "total": 13,
            "valor_unitario": 322168,
            "descuento": 0.24,
            "IVA": 0
        },
        {
            "codigo": "5CGvzr7Yxi",
            "total": 18,
            "valor_unitario": 59850,
            "descuento": 0.3,
            "IVA": 19
        },
        {
            "codigo": "TsoLjXLZsf",
            "total": 18,
            "valor_unitario": 714325,
            "descuento": 0.14,
            "IVA": 0
        },
        {
            "codigo": "1gnPPLakuw",
            "total": 4,
            "valor_unitario": 33410,
            "descuento": 0.31,
            "IVA": 19
        },
        {
            "codigo": "1R3zNQMROm",
            "total": 16,
            "valor_unitario": 958179,
            "descuento": 0.04,
            "IVA": 0
        },
        {
            "codigo": "V6ZTF9Poip",
            "total": 1,
            "valor_unitario": 122699,
            "descuento": 0.32,
            "IVA": 0
        },
        {
            "codigo": "12RifbkTlp",
            "total": 2,
            "valor_unitario": 140615,
            "descuento": 0.07,
            "IVA": 0
        },
        {
            "codigo": "vzSW0C6ptG",
            "total": 5,
            "valor_unitario": 190534,
            "descuento": 0.45,
            "IVA": 0
        },
        {
            "codigo": "qOjaaN7tuP",
            "total": 3,
            "valor_unitario": 231403,
            "descuento": 0.23,
            "IVA": 19
        },
        {
            "codigo": "k6EBB7TdKx",
            "total": 12,
            "valor_unitario": 550719,
            "descuento": 0.05,
            "IVA": 19
        },
        {
            "codigo": "FQme5yYDln",
            "total": 2,
            "valor_unitario": 822402,
            "descuento": 0.42,
            "IVA": 5
        }
    ]
}