{
    "empresa_nit": "456789123",
    "empresa_ciudad": "CALI",
    "empresa_sede": "terminal",
    "empresa_nombre": "Despensa Natura",
    "fecha_hora": "2021-09-02 14:30:51",
    "factura_num": "00396",
    "ciente_numero": 119763031,
    "pago_tipo": "TRANFERENCIA",
    "productos": [
        {
            "codigo": "lY7kdOYtLF",
            "total": 19,
            "valor_unitario": 361458,
            "descuento": 0.17,
            "IVA": 5
        },
        {
            "codigo": "M3yEhISpHm",
            "total": 20,
            "valor_unitario": 494710,
            "descuento": 0.5,
            "IVA": 19
        },
        {
            "codigo": "vBleRaYpnL",
            "total": 4,
            "valor_unitario": 268494,
            "descuento": 0.35,
            "IVA": 0
        },
        {
            "codigo": "B8wrfL53Dk",
            "total": 13,
            "valor_unitario": 761543,
            "descuento": 0.44,
            "IVA": 19
        },
        {
            "codigo": "KWJpHivQld",
            "total": 11,
            "valor_unitario": 496149,
            "descuento": 0.44,
            "IVA": 19
        },
        {
            "codigo": "fUtPHXo0HH",
            "total": 20,
            "valor_unitario": 962890,
            "descuento": 0.01,
            "IVA": 19
        },
        {
            "codigo": "qkv8iR0stv",
            "total": 19,
            "valor_unitario": 113952,
            "descuento": 0.36,
            "IVA": 5
        }
    ]
}