{
    "empresa_nit": "456789123",
    "empresa_ciudad": "BOGOTA",
    "empresa_sede": "alcaldia",
    "empresa_nombre": "Despensa Natura",
    "fecha_hora": "2022-09-04 15:07:37",
    "factura_num": "01121",
    "ciente_numero": 674445835,
    "pago_tipo": "TAR.CREDITO",
    "productos": [
        {
            "codigo": "1OagnQS5w8",
            "total": 2,
            "valor_unitario": 781277,
            "descuento": 0.42,
            "IVA": 0
        },
        {
            "codigo": "iL4PuGn6ZO",
            "total": 20,
            "valor_unitario": 453686,
            "descuento": 0.23,
            "IVA": 0
        },
        {
            "codigo": "1N3MEKnRGD",
            "total": 7,
            "valor_unitario": 100460,
            "descuento": 0.05,
            "IVA": 5
        },
        {
            "codigo": "7KnYMXlQEY",
            "total": 15,
            "valor_unitario": 764888,
            "descuento": 0.45,
            "IVA": 0
        },
        {
            "codigo": "zA5N36joSY",
            "total": 19,
            "valor_unitario": 252860,
            "descuento": 0.48,
            "IVA": 0
        },
        {
            "codigo": "NakA1rvFXw",
            "total": 11,
            "valor_unitario": 686041,
            "descuento": 0.31,
            "IVA": 0
        },
        {
            "codigo": "zt3Q5FgISI",
            "total": 1,
            "valor_unitario": 544066,
            "descuento": 0.01,
            "IVA": 19
        },
        {
            "codigo": "HLYetwceWy",
            "total": 13,
            "valor_unitario": 463485,
            "descuento": 0.09,
            "IVA": 19
        },
        {
            "codigo": "LiBFtsEqjm",
            "total": 18,
            "valor_unitario": 838434,
            "descuento": 0.43,
            "IVA": 0
        },
        {
            "codigo": "hv00hb6jdi",
            "total": 3,
            "valor_unitario": 323111,
            "descuento": 0.34,
            "IVA": 19
        },
        {
            "codigo": "Yw9tjuVLdF",
            "total": 17,
            "valor_unitario": 60853,
            "descuento": 0.04,
            "IVA": 19
        },
        {
            "codigo": "T2ncaoXU6O",
            "total": 11,
            "valor_unitario": 379640,
            "descuento": 0.02,
            "IVA": 0
        },
        {
            "codigo": "AZuE2LnVF5",
            "total": 14,
            "valor_unitario": 838434,
            "descuento": 0.21,
            "IVA": 19
        },
        {
            "codigo": "HqL8KOmc7n",
            "total": 7,
            "valor_unitario": 103147,
            "descuento": 0.24,
            "IVA": 5
        },
        {
            "codigo": "FDAv9XZomX",
            "total": 10,
            "valor_unitario": 688730,
            "descuento": 0.09,
            "IVA": 19
        },
        {
            "codigo": "hhixUIF6U0",
            "total": 4,
            "valor_unitario": 726496,
            "descuento": 0.41,
            "IVA": 19
        }
    ]
}