{
    "empresa_nit": "456789123",
    "empresa_ciudad": "MEDELLIN",
    "empresa_sede": "aeropuerto",
    "empresa_nombre": "Despensa Natura",
    "fecha_hora": "2022-11-29 06:09:00",
    "factura_num": "01076",
    "ciente_numero": 593223820,
    "pago_tipo": "TRANFERENCIA",
    "productos": [
        {
            "codigo": "I8xs7Fy5mB",
            "total": 12,
            "valor_unitario": 892174,
            "descuento": 0.08,
            "IVA": 5
        },
        {
            "codigo": "Cb91sKWu4x",
            "total": 12,
            "valor_unitario": 432891,
            "descuento": 0.35,
            "IVA": 19
        }
    ]
}