{
    "empresa_nit": "456789123",
    "empresa_ciudad": "TUNJA",
    "empresa_sede": "aeropuerto",
    "empresa_nombre": "Despensa Natura",
    "fecha_hora": "2020-12-22 00:53:49",
    "factura_num": "00158",
    "ciente_numero": 772989734,
    "pago_tipo": "TAR.CREDITO",
    "productos": [
        {
            "codigo": "CyOLWQY9WV",
            "total": 4,
            "valor_unitario": 93131,
            "descuento": 0.41,
            "IVA": 5
        },
        {
            "codigo": "o5iDHz7nYo",
            "total": 6,
            "valor_unitario": 967650,
            "descuento": 0.06,
            "IVA": 5
        },
        {
            "codigo": "UuglgmQ5Td",
            "total": 3,
            "valor_unitario": 515552,
            "descuento": 0.28,
            "IVA": 0
        },
        {
            "codigo": "Zc7spgTWhP",
            "total": 8,
            "valor_unitario": 100295,
            "descuento": 0.03,
            "IVA": 0
        },
        {
            "codigo": "9bCSG8Ptws",
            "total": 11,
            "valor_unitario": 978080,
            "descuento": 0.36,
            "IVA": 0
        },
        {
            "codigo": "kKYa1U6pUq",
            "total": 5,
            "valor_unitario": 90673,
            "descuento": 0.35,
            "IVA": 19
        },
        {
            "codigo": "LMH9YgUWZA",
            "total": 9,
            "valor_unitario": 581985,
            "descuento": 0.01,
            "IVA": 0
        },
        {
            "codigo": "LHVpU8g2sM",
            "total": 15,
            "valor_unitario": 108073,
            "descuento": 0.29,
            "IVA": 5
        },
        {
            "codigo": "L4BUCvfZwm",
            "total": 1,
            "valor_unitario": 589711,
            "descuento": 0.1,
            "IVA": 0
        },
        {
            "codigo": "6scRXAr9OZ",
            "total": 17,
            "valor_unitario": 327669,
            "descuento": 0.12,
            "IVA": 5
        },
        {
            "codigo": "DICwibg8bR",
            "total": 1,
            "valor_unitario": 22999,
            "descuento": 0.03,
            "IVA": 5
        },
        {
            "codigo": "Toa18h3LDd",
            "total": 6,
            "valor_unitario": 561966,
            "descuento": 0.3,
            "IVA": 19
        },
        {
            "codigo": "bK5qfb1G8j",
            "total": 18,
            "valor_unitario": 487597,
            "descuento": 0.48,
            "IVA": 5
        },
        {
            "codigo": "5SnqpdEYV3",
            "total": 12,
            "valor_unitario": 563399,
            "descuento": 0.36,
            "IVA": 19
        },
        {
            "codigo": "OvzZL2bk9G",
            "total": 4,
            "valor_unitario": 983737,
            "descuento": 0.25,
            "IVA": 0
        },
        {
            "codigo": "UCMKLOjhkX",
            "total": 4,
            "valor_unitario": 417897,
            "descuento": 0.29,
            "IVA": 5
        },
        {
            "codigo": "h2JseoBSuh",
            "total": 4,
            "valor_unitario": 933567,
            "descuento": 0.14,
            "IVA": 5
        },
        {
            "codigo": "SZ4noH0rC5",
            "total": 9,
            "valor_unitario": 478943,
            "descuento": 0.32,
            "IVA": 19
        }
    ]
}