{
    "empresa_nit": "456789123",
    "empresa_ciudad": "BARRANQUILLA",
    "empresa_sede": "terminal",
    "empresa_nombre": "Despensa Natura",
    "fecha_hora": "2021-04-15 22:50:29",
    "factura_num": "00260",
    "ciente_numero": 241368439,
    "pago_tipo": "TAR.CREDITO",
    "productos": [
        {
            "codigo": "4EYGkQxPiy",
            "total": 16,
            "valor_unitario": 39649,
            "descuento": 0.3,
            "IVA": 0
        },
        {
            "codigo": "RqY6Cjxfhr",
            "total": 1,
            "valor_unitario": 901644,
            "descuento": 0.41,
            "IVA": 19
        },
        {
            "codigo": "FUIN1kSGk2",
            "total": 3,
            "valor_unitario": 605558,
            "descuento": 0.34,
            "IVA": 0
        },
        {
            "codigo": "G5mwNmiTpL",
            "total": 13,
            "valor_unitario": 851473,
            "descuento": 0.08,
            "IVA": 0
        },
        {
            "codigo": "9KDgUfxhd3",
            "total": 18,
            "valor_unitario": 889286,
            "descuento": 0.25,
            "IVA": 5
        },
        {
            "codigo": "sDc48IVkM8",
            "total": 17,
            "valor_unitario": 578539,
            "descuento": 0.01,
            "IVA": 5
        },
        {
            "codigo": "C4bSMeM0WW",
            "total": 4,
            "valor_unitario": 643103,
            "descuento": 0.04,
            "IVA": 19
        },
        {
            "codigo": "48aoAo0zXK",
            "total": 6,
            "valor_unitario": 538701,
            "descuento": 0.36,
            "IVA": 5
        },
        {
            "codigo": "CziVFut4cc",
            "total": 7,
            "valor_unitario": 106621,
            "descuento": 0.24,
            "IVA": 19
        },
        {
            "codigo": "ewj1ehSZE5",
            "total": 12,
            "valor_unitario": 626289,
            "descuento": 0.14,
            "IVA": 5
        },
        {
            "codigo": "Q2RVpehhsN",
            "total": 18,
            "valor_unitario": 91368,
            "descuento": 0.15,
            "IVA": 0
        },
        {
            "codigo": "zTZAgJtPS0",
            "total": 12,
            "valor_unitario": 909554,
            "descuento": 0.06,
            "IVA": 5
        },
        {
            "codigo": "gRNUXlKNa7",
            "total": 10,
            "valor_unitario": 868018,
            "descuento": 0.28,
            "IVA": 0
        },
        {
            "codigo": "zgAyax1aK5",
            "total": 10,
            "valor_unitario": 618172,
            "descuento": 0.41,
            "IVA": 5
        },
        {
            "codigo": "V7aO1yPJdr",
            "total": 1,
            "valor_unitario": 591719,
            "descuento": 0.05,
            "IVA": 0
        },
        {
            "codigo": "tK4X7IrE2E",
            "total": 17,
            "valor_unitario": 896407,
            "descuento": 0.36,
            "IVA": 19
        }
    ]
}