{
    "empresa_nit": "456789123",
    "empresa_ciudad": "TUNJA",
    "empresa_sede": "plaza",
    "empresa_nombre": "Despensa Natura",
    "fecha_hora": "2024-12-22 04:03:17",
    "factura_num": "00336",
    "ciente_numero": 114440007,
    "pago_tipo": "TAR.DEBITO",
    "productos": [
        {
            "codigo": "Na7bcQuYeR",
            "total": 7,
            "valor_unitario": 270753,
            "descuento": 0.13,
            "IVA": 0
        },
        {
            "codigo": "mW3pPjyBae",
            "total": 13,
            "valor_unitario": 220324,
            "descuento": 0.27,
            "IVA": 19
        },
        {
            "codigo": "6dRG9S7RYY",
            "total": 13,
            "valor_unitario": 219114,
            "descuento": 0.21,
            "IVA": 19
        },
        {
            "codigo": "sONMTNuqwr",
            "total": 13,
            "valor_unitario": 202154,
            "descuento": 0.17,
            "IVA": 19
        },
        {
            "codigo": "GJsTtnAPma",
            "total": 4,
            "valor_unitario": 879519,
            "descuento": 0.02,
            "IVA": 5
        },
        {
            "codigo": "r2pAN0896f",
            "total": 12,
            "valor_unitario": 529014,
            "descuento": 0.09,
            "IVA": 5
        },
        {
            "codigo": "P23ObVZdGm",
            "total": 14,
            "valor_unitario": 471071,
            "descuento": 0.45,
            "IVA": 0
        },
        {
            "codigo": "v54b8dZinX",
            "total": 10,
            "valor_unitario": 713791,
            "descuento": 0.1,
            "IVA": 19
        },
        {
            "codigo": "EkicEvUNSU",
            "total": 3,
            "valor_unitario": 529008,
            "descuento": 0.21,
            "IVA": 0
        },
        {
            "codigo": "iNSBXw9TgZ",
            "total": 11,
            "valor_unitario": 80567,
            "descuento": 0.34,
            "IVA": 19
        },
        {
            "codigo": "Ed3Uf7Jk74",
            "total": 10,
            "valor_unitario": 519240,
            "descuento": 0.39,
            "IVA": 19
        },
        {
            "codigo": "jWJRNuRvAu",
            "total": 2,
            "valor_unitario": 483030,
            "descuento": 0.34,
            "IVA": 19
        }
    ]
}