{
    "empresa_nit": "456789123",
    "empresa_ciudad": "BARRANQUILLA",
    "empresa_sede": "centro",
    "empresa_nombre": "Despensa Natura",
    "fecha_hora": "2022-04-12 13:19:23",
    "factura_num": "00376",
    "ciente_numero": 744965505,
    "pago_tipo": "EFECTIVO",
    "productos": [
        {
            "codigo": "9lT2UzsFFP",
            "total": 17,
            "valor_unitario": 790264,
            "descuento": 0.24,
            "IVA": 5
        },
        {
            "codigo": "dKudmvqh4e",
            "total": 3,
            "valor_unitario": 604946,
            "descuento": 0.33,
            "IVA": 0
        },
        {
            "codigo": "xTobSwJf9A",
            "total": 17,
            "valor_unitario": 514594,
            "descuento": 0.43,
            "IVA": 5
        },
        {
            "codigo": "w5hxIwUvjG",
            "total": 6,
            "valor_unitario": 999686,
            "descuento": 0.18,
            "IVA": 0
        },
        {
            "codigo": "uxfsNZNE7K",
            "total": 18,
            "valor_unitario": 373413,
            "descuento": 0.41,
            "IVA": 5
        },
        {
            "codigo": "e7EQiVnuS4",
            "total": 20,
            "valor_unitario": 594329,
            "descuento": 0.44,
            "IVA": 0
        },
        {
            "codigo": "02wjrTRzAV",
            "total": 16,
            "valor_unitario": 568863,
            "descuento": 0.12,
            "IVA": 19
        },
        {
            "codigo": "iXgp5jiPES",
            "total": 9,
            "valor_unitario": 846023,
            "descuento": 0.1,
            "IVA": 5
        },
        {
            "codigo": "Q0tHYmYaUg",
            "total": 4,
            "valor_unitario": 242885,
            "descuento": 0.16,
            "IVA": 19
        },
        {
            "codigo": "oInqHWYOdB",
            "total": 10,
            "valor_unitario": 148355,
            "descuento": 0.36,
            "IVA": 5
        },
        {
            "codigo": "UEIeEw8fbO",
            "total": 18,
            "valor_unitario": 497932,
            "descuento": 0.38,
            "IVA": 0
        },
        {
            "codigo": "OS6JBkHUn8",
            "total": 15,
            "valor_unitario": 992709,
            "descuento": 0.39,
            "IVA": 5
        },
        {
            "codigo": "VP9ImwiJI3",
            "total": 8,
            "valor_unitario": 31838,
            "descuento": 0.18,
            "IVA": 5
        },
        {
            "codigo": "GBIo2bjwXZ",
            "total": 7,
            "valor_unitario": 689805,
            "descuento": 0.23,
            "IVA": 19
        },
        {
            "codigo": "d8h2WW245x",
            "total": 17,
            "valor_unitario": 499722,
            "descuento": 0.29,
            "IVA": 19
        }
    ]
}