{
    "empresa_nit": "456789123",
    "empresa_ciudad": "BARRANQUILLA",
    "empresa_sede": "alcaldia",
    "empresa_nombre": "Despensa Natura",
    "fecha_hora": "2023-10-31 06:23:49",
    "factura_num": "00235",
    "ciente_numero": 594801605,
    "pago_tipo": "TAR.CREDITO",
    "productos": [
        {
            "codigo": "YrLebft5jn",
            "total": 8,
            "valor_unitario": 545661,
            "descuento": 0.06,
            "IVA": 5
        },
        {
            "codigo": "DTZRKx4HgU",
            "total": 11,
            "valor_unitario": 448910,
            "descuento": 0.13,
            "IVA": 5
        },
        {
            "codigo": "ZhLwtR8bVA",
            "total": 3,
            "valor_unitario": 744926,
            "descuento": 0.18,
            "IVA": 5
        },
        {
            "codigo": "kWnqVnLU9R",
            "total": 3,
            "valor_unitario": 703454,
            "descuento": 0.09,
            "IVA": 5
        },
        {
            "codigo": "67dTHOCZYW",
            "total": 11,
            "valor_unitario": 78365,
            "descuento": 0.39,
            "IVA": 5
        },
        {
            "codigo": "08jtgnGCk4",
            "total": 3,
            "valor_unitario": 997859,
            "descuento": 0.0,
            "IVA": 19
        },
        {
            "codigo": "NdVwDLHEV5",
            "total": 2,
            "valor_unitario": 503372,
            "descuento": 0.48,
            "IVA": 5
        },
        {
            "codigo": "g8p6EuzgJI",
            "total": 12,
            "valor_unitario": 237579,
            "descuento": 0.09,
            "IVA": 0
        },
        {
            "codigo": "94GMnvDop8",
            "total": 10,
            "valor_unitario": 51613,
            "descuento": 0.15,
            "IVA": 0
        },
        {
            "codigo": "WltEc7MyxS",
            "total": 12,
            "valor_unitario": 125615,
            "descuento": 0.35,
            "IVA": 0
        },
        {
            "codigo": "FNbtefannW",
            "total": 7,
            "valor_unitario": 829987,
            "descuento": 0.29,
            "IVA": 5
        },
        {
            "codigo": "kG1qn5VwML",
            "total": 14,
            "valor_unitario": 727761,
            "descuento": 0.36,
            "IVA": 19
        },
        {
            "codigo": "Lpr0PE8CoD",
            "total": 15,
            "valor_unitario": 106056,
            "descuento": 0.18,
            "IVA": 0
        },
        {
            "codigo": "1QIE4vkGe0",
            "total": 15,
            "valor_unitario": 809507,
            "descuento": 0.33,
            "IVA": 19
        }
    ]
}