{
    "empresa_nit": "456789123",
    "empresa_ciudad": "CALI",
    "empresa_sede": "terminal",
    "empresa_nombre": "Despensa Natura",
    "fecha_hora": "2023-09-29 20:59:05",
    "factura_num": "00380",
    "ciente_numero": 603445995,
    "pago_tipo": "EFECTIVO",
    "productos": [
        {
            "codigo": "y1Dy4eyloc",
            "total": 14,
            "valor_unitario": 495625,
            "descuento": 0.11,
            "IVA": 5
        },
        {
            "codigo": "4osQQkeAhS",
            "total": 7,
            "valor_unitario": 451506,
            "descuento": 0.31,
            "IVA": 19
        },
        {
            "codigo": "TKqMYDQegB",
            "total": 10,
            "valor_unitario": 420868,
            "descuento": 0.41,
            "IVA": 5
        },
        {
            "codigo": "tQcPfRfvbH",
            "total": 10,
            "valor_unitario": 41782,
            "descuento": 0.02,
            "IVA": 19
        },
        {
            "codigo": "IiLfIHcIrZ",
            "total": 14,
            "valor_unitario": 735314,
            "descuento": 0.22,
            "IVA": 19
        },
        {
            "codigo": "MezdZXttLz",
            "total": 18,
            "valor_unitario": 610160,
            "descuento": 0.17,
            "IVA": 19
        },
        {
            "codigo": "NkzBciupA0",
            "total": 17,
            "valor_unitario": 113196,
            "descuento": 0.3,
            "IVA": 19
        },
        {
            "codigo": "8ChErhopvW",
            "total": 2,
            "valor_unitario": 435994,
            "descuento": 0.02,
            "IVA": 0
        },
        {
            "codigo": "Hd8LpRDqaZ",
            "total": 8,
            "valor_unitario": 697643,
            "descuento": 0.2,
            "IVA": 5
        },
        {
            "codigo": "FqdSbRrhdK",
            "total": 6,
            "valor_unitario": 943179,
            "descuento": 0.45,
            "IVA": 5
        },
        {
            "codigo": "en51rHl2hQ",
            "total": 13,
            "valor_unitario": 823118,
            "descuento": 0.35,
            "IVA": 5
        }
    ]
}