{
    "empresa_nit": "456789123",
    "empresa_ciudad": "BOGOTA",
    "empresa_sede": "plaza",
    "empresa_nombre": "Despensa Natura",
    "fecha_hora": "2020-02-12 16:42:47",
    "factura_num": "00148",
    "ciente_numero": 88176868,
    "pago_tipo": "TAR.CREDITO",
    "productos": [
        {
            "codigo": "EBCbDtvrjI",
            "total": 8,
            "valor_unitario": 45197,
            "descuento": 0.28,
            "IVA": 5
        },
        {
            "codigo": "uuUi7dMyx8",
            "total": 5,
            "valor_unitario": 755197,
            "descuento": 0.42,
            "IVA": 0
        },
        {
            "codigo": "GgD1YvuCgm",
            "total": 7,
            "valor_unitario": 601172,
            "descuento": 0.36,
            "IVA": 0
        },
        {
            "codigo": "w1ALxSoSVJ",
            "total": 3,
            "valor_unitario": 720402,
            "descuento": 0.13,
            "IVA": 19
        },
        {
            "codigo": "pzAlxI16JI",
            "total": 16,
            "valor_unitario": 455895,
            "descuento": 0.48,
            "IVA": 5
        },
        {
            "codigo": "PYoVpacoTe",
            "total": 13,
            "valor_unitario": 837962,
            "descuento": 0.4,
            "IVA": 0
        },
        {
            "codigo": "Dy8zIzSX7x",
            "total": 11,
            "valor_unitario": 216545,
            "descuento": 0.25,
            "IVA": 5
        },
        {
            "codigo": "luwu4qMW5A",
            "total": 15,
            "valor_unitario": 536209,
            "descuento": 0.16,
            "IVA": 0
        },
        {
            "codigo": "UUNrVrIH3B",
            "total": 14,
            "valor_unitario": 585602,
            "descuento": 0.03,
            "IVA": 19
        },
        {
            "codigo": "7wydX62BXf",
            "total": 14,
            "valor_unitario": 256053,
            "descuento": 0.17,
            "IVA": 5
        },
        {
            "codigo": "9g08VOWEED",
            "total": 12,
            "valor_unitario": 403698,
            "descuento": 0.21,
            "IVA": 19
        },
        {
            "codigo": "Q0vxPVZHvU",
            "total": 6,
            "valor_unitario": 766041,
            "descuento": 0.01,
            "IVA": 19
        }
    ]
}