{
    "empresa_nit": "456789123",
    "empresa_ciudad": "TUNJA",
    "empresa_sede": "terminal",
    "empresa_nombre": "Despensa Natura",
    "fecha_hora": "2023-11-15 10:40:32",
    "factura_num": "00407",
    "ciente_numero": 883410320,
    "pago_tipo": "TRANFERENCIA",
    "productos": [
        {
            "codigo": "Bj38Cc8e84",
            "total": 14,
            "valor_unitario": 535946,
            "descuento": 0.15,
            "IVA": 0
        },
        {
            "codigo": "899lGlegHY",
            "total": 1,
            "valor_unitario": 194639,
            "descuento": 0.4,
            "IVA": 5
        }
    ]
}