{
    "empresa_nit": "456789123",
    "empresa_ciudad": "MEDELLIN",
    "empresa_sede": "plaza",
    "empresa_nombre": "Despensa Natura",
    "fecha_hora": "2022-01-31 09:51:30",
    "factura_num": "01036",
    "ciente_numero": 936525916,
    "pago_tipo": "EFECTIVO",
    "productos": [
        {
            "codigo": "yZvUTIVJ2j",
            "total": 12,
            "valor_unitario": 540192,
            "descuento": 0.28,
            "IVA": 19
        },
        {
            "codigo": "SYykaZtW9W",
            "total": 2,
            "valor_unitario": 45854,
            "descuento": 0.29,
            "IVA": 19
        },
        {
            "codigo": "QeH9YbRqIf",
            "total": 13,
            "valor_unitario": 796836,
            "descuento": 0.15,
            "IVA": 19
        },
        {
            "codigo": "u5BBhDbiQD",
            "total": 11,
            "valor_unitario": 763756,
            "descuento": 0.41,
            "IVA": 19
        }
    ]
}