{
    "empresa_nit": "456789123",
    "empresa_ciudad": "TUNJA",
    "empresa_sede": "autopista",
    "empresa_nombre": "Despensa Natura",
    "fecha_hora": "2023-09-08 17:31:48",
    "factura_num": "01051",
    "ciente_numero": 118647567,
    "pago_tipo": "TAR.DEBITO",
    "productos": [
        {
            "codigo": "abELd9FAOV",
            "total": 17,
            "valor_unitario": 718326,
            "descuento": 0.31,
            "IVA": 5
        },
        {
            "codigo": "2IXTH3p6sx",
            "total": 19,
            "valor_unitario": 969146,
            "descuento": 0.15,
            "IVA": 5
        },
        {
            "codigo": "EmzoNh3DPa",
            "total": 1,
            "valor_unitario": 839368,
            "descuento": 0.26,
            "IVA": 0
        },
        {
            "codigo": "WEIMwbB36u",
            "total": 13,
            "valor_unitario": 353808,
            "descuento": 0.22,
            "IVA": 0
        },
        {
            "codigo": "Ke21it9tuk",
            "total": 20,
            "valor_unitario": 664334,
            "descuento": 0.39,
            "IVA": 0
        },
        {
            "codigo": "PZHEuJPgcA",
            "total": 1,
            "valor_unitario": 408239,
            "descuento": 0.45,
            "IVA": 19
        },
        {
            "codigo": "Ien8R5MH4z",
            "total": 10,
            "valor_unitario": 489491,
            "descuento": 0.37,
            "IVA": 5
        },
        {
            "codigo": "IQlgwP94LM",
            "total": 17,
            "valor_unitario": 41453,
            "descuento": 0.12,
            "IVA": 19
        },
        {
            "codigo": "CYNywDSPoa",
            "total": 4,
            "valor_unitario": 193580,
            "descuento": 0.36,
            "IVA": 5
        },
        {
            "codigo": "zRqyzZjnli",
            "total": 2,
            "valor_unitario": 230471,
            "descuento": 0.31,
            "IVA": 19
        },
        {
            "codigo": "Nbg6wTiJoA",
            "total": 2,
            "valor_unitario": 592933,
            "descuento": 0.35,
            "IVA": 5
        },
        {
            "codigo": "KQefS8d1p2",
            "total": 10,
            "valor_unitario": 825136,
            "descuento": 0.12,
            "IVA": 5
        },
        {
            "codigo": "FytgzxUVLg",
            "total": 12,
            "valor_unitario": 526846,
            "descuento": 0.11,
            "IVA": 5
        },
        {
            "codigo": "Fs5yTdtUGh",
            "total": 4,
            "valor_unitario": 384088,
            "descuento": 0.43,
            "IVA": 0
        }
    ]
}