{
    "empresa_nit": "456789123",
    "empresa_ciudad": "BARRANQUILLA",
    "empresa_sede": "plaza",
    "empresa_nombre": "Despensa Natura",
    "fecha_hora": "2023-12-28 18:59:40",
    "factura_num": "00343",
    "ciente_numero": 104219259,
    "pago_tipo": "EFECTIVO",
    "productos": [
        {
            "codigo": "oLpNQX3UIs",
            "total": 7,
            "valor_unitario": 296366,
            "descuento": 0.26,
            "IVA": 5
        },
        {
            "codigo": "Wov7AHM4hm",
            "total": 20,
            "valor_unitario": 453183,
            "descuento": 0.08,
            "IVA": 19
        },
        {
            "codigo": "RcquEiYgcR",
            "total": 6,
            "valor_unitario": 672121,
            "descuento": 0.26,
            "IVA": 0
        },
        {
            "codigo": "tQ7enfu0l9",
            "total": 20,
            "valor_unitario": 518754,
            "descuento": 0.04,
            "IVA": 5
        },
        {
            "codigo": "5hPlG3hqrH",
            "total": 10,
            "valor_unitario": 316661,
            "descuento": 0.33,
            "IVA": 19
        },
        {
            "codigo": "f2gSs8WOcH",
            "total": 16,
            "valor_unitario": 764757,
            "descuento": 0.33,
            "IVA": 5
        },
        {
            "codigo": "qRRAscmuk5",
            "total": 14,
            "valor_unitario": 486868,
            "descuento": 0.18,
            "IVA": 0
        },
        {
            "codigo": "TYCsg0w8FX",
            "total": 8,
            "valor_unitario": 301868,
            "descuento": 0.35,
            "IVA": 5
        },
        {
            "codigo": "eyJw1cSv7w",
            "total": 16,
            "valor_unitario": 982422,
            "descuento": 0.41,
            "IVA": 5
        },
        {
            "codigo": "WSWZ1zFFXe",
            "total": 1,
            "valor_unitario": 399716,
            "descuento": 0.35,
            "IVA": 19
        },
        {
            "codigo": "c9qH0ZSK9f",
            "total": 9,
            "valor_unitario": 209809,
            "descuento": 0.28,
            "IVA": 19
        },
        {
            "codigo": "EZOz8l0JL1",
            "total": 13,
            "valor_unitario": 731684,
            "descuento": 0.47,
            "IVA": 5
        }
    ]
}