{
    "empresa_nit": "456789123",
    "empresa_ciudad": "MEDELLIN",
    "empresa_sede": "alcaldia",
    "empresa_nombre": "Despensa Natura",
    "fecha_hora": "2022-03-09 21:33:21",
    "factura_num": "00169",
    "ciente_numero": 470545172,
    "pago_tipo": "EFECTIVO",
    "productos": [
        {
            "codigo": "UFsTJSZqUz",
            "total": 9,
            "valor_unitario": 72691,
            "descuento": 0.27,
            "IVA": 0
        },
        {
            "codigo": "WklANhVRI7",
            "total": 10,
            "valor_unitario": 337128,
            "descuento": 0.44,
            "IVA": 0
        },
        {
            "codigo": "SXYcCBeLS0",
            "total": 15,
            "valor_unitario": 195498,
            "descuento": 0.31,
            "IVA": 5
        },
        {
            "codigo": "VLF5OqCQin",
            "total": 8,
            "valor_unitario": 48311,
            "descuento": 0.17,
            "IVA": 0
        },
        {
            "codigo": "YgfNdRJhcq",
            "total": 5,
            "valor_unitario": 964302,
            "descuento": 0.26,
            "IVA": 5
        },
        {
            "codigo": "xeV4znlFL4",
            "total": 13,
            "valor_unitario": 830232,
            "descuento": 0.3,
            "IVA": 19
        },
        {
            "codigo": "wytz7nyBt4",
            "total": 19,
            "valor_unitario": 682312,
            "descuento": 0.18,
            "IVA": 5
        },
        {
            "codigo": "w0aFV0cSzA",
            "total": 3,
            "valor_unitario": 491132,
            "descuento": 0.16,
            "IVA": 5
        },
        {
            "codigo": "RqpalblXvE",
            "total": 3,
            "valor_unitario": 580938,
            "descuento": 0.07,
            "IVA": 5
        },
        {
            "codigo": "xmDIR2mYt2",
            "total": 7,
            "valor_unitario": 455193,
            "descuento": 0.3,
            "IVA": 19
        },
        {
            "codigo": "1SMgdLOgqj",
            "total": 2,
            "valor_unitario": 821832,
            "descuento": 0.28,
            "IVA": 0
        }
    ]
}