{
    "empresa_nit": "456789123",
    "empresa_ciudad": "TUNJA",
    "empresa_sede": "alcaldia",
    "empresa_nombre": "Despensa Natura",
    "fecha_hora": "2020-11-09 06:30:19",
    "factura_num": "00185",
    "ciente_numero": 819656361,
    "pago_tipo": "TRANFERENCIA",
    "productos": [
        {
            "codigo": "lSkkA4176A",
            "total": 2,
            "valor_unitario": 560953,
            "descuento": 0.31,
            "IVA": 5
        },
        {
            "codigo": "FSkPEecjvn",
            "total": 7,
            "valor_unitario": 733382,
            "descuento": 0.38,
            "IVA": 5
        },
        {
            "codigo": "S71AjOrdis",
            "total": 16,
            "valor_unitario": 890772,
            "descuento": 0.23,
            "IVA": 5
        },
        {
            "codigo": "otZKkAgdVp",
            "total": 6,
            "valor_unitario": 636400,
            "descuento": 0.16,
            "IVA": 5
        },
        {
            "codigo": "XDKGuEYNgo",
            "total": 7,
            "valor_unitario": 844490,
            "descuento": 0.08,
            "IVA": 5
        },
        {
            "codigo": "n6SopjhXga",
            "total": 6,
            "valor_unitario": 739355,
            "descuento": 0.42,
            "IVA": 5
        },
        {
            "codigo": "fMlqskF4jj",
            "total": 7,
            "valor_unitario": 130510,
            "descuento": 0.44,
            "IVA": 5
        },
        {
            "codigo": "wE5hwgySrK",
            "total": 7,
            "valor_unitario": 389725,
            "descuento": 0.06,
            "IVA": 5
        },
        {
            "codigo": "HQ9LbyEdXc",
            "total": 20,
            "valor_unitario": 389063,
            "descuento": 0.02,
            "IVA": 19
        },
        {
            "codigo": "tulwkYkcEi",
            "total": 16,
            "valor_unitario": 755830,
            "descuento": 0.02,
            "IVA": 0
        },
        {
            "codigo": "08qogb0Nyj",
            "total": 16,
            "valor_unitario": 665988,
            "descuento": 0.29,
            "IVA": 0
        },
        {
            "codigo": "vyxGINRdcx",
            "total": 12,
            "valor_unitario": 837412,
            "descuento": 0.14,
            "IVA": 0
        },
        {
            "codigo": "HDqvXusTff",
            "total": 7,
            "valor_unitario": 169655,
            "descuento": 0.18,
            "IVA": 19
        },
        {
            "codigo": "Dvqw1JEl2e",
            "total": 1,
            "valor_unitario": 827980,
            "descuento": 0.45,
            "IVA": 0
        },
        {
            "codigo": "TojJnbFNej",
            "total": 9,
            "valor_unitario": 130321,
            "descuento": 0.05,
            "IVA": 19
        }
    ]
}