{
    "empresa_nit": "456789123",
    "empresa_ciudad": "BARRANQUILLA",
    "empresa_sede": "alcaldia",
    "empresa_nombre": "Despensa Natura",
    "fecha_hora": "2022-11-18 09:14:15",
    "factura_num": "00320",
    "ciente_numero": 665920435,
    "pago_tipo": "TAR.CREDITO",
    "productos": [
        {
            "codigo": "VG9dX337Uw",
            "total": 20,
            "valor_unitario": 151671,
            "descuento": 0.37,
            "IVA": 0
        },
        {
            "codigo": "Nb85xxIZkH",
            "total": 8,
            "valor_unitario": 718762,
            "descuento": 0.41,
            "IVA": 5
        },
        {
            "codigo": "jRVfPkHQzP",
            "total": 9,
            "valor_unitario": 476908,
            "descuento": 0.43,
            "IVA": 0
        },
        {
            "codigo": "m7sJ0MUQ6y",
            "total": 5,
            "valor_unitario": 838427,
            "descuento": 0.42,
            "IVA": 5
        },
        {
            "codigo": "Jx3i7CW2tj",
            "total": 9,
            "valor_unitario": 304152,
            "descuento": 0.36,
            "IVA": 19
        },
        {
            "codigo": "eB8j8qfKBW",
            "total": 7,
            "valor_unitario": 543167,
            "descuento": 0.24,
            "IVA": 5
        },
        {
            "codigo": "ee7S8Q2r60",
            "total": 15,
            "valor_unitario": 399023,
            "descuento": 0.24,
            "IVA": 19
        },
        {
            "codigo": "K8LQJqpsUt",
            "total": 8,
            "valor_unitario": 883470,
            "descuento": 0.38,
            "IVA": 5
        },
        {
            "codigo": "PTZPuhKCyv",
            "total": 5,
            "valor_unitario": 17061,
            "descuento": 0.28,
            "IVA": 19
        },
        {
            "codigo": "ZHqSb1HrN7",
            "total": 5,
            "valor_unitario": 310693,
            "descuento": 0.28,
            "IVA": 5
        },
        {
            "codigo": "QyPI6PJNnW",
            "total": 18,
            "valor_unitario": 299761,
            "descuento": 0.44,
            "IVA": 19
        },
        {
            "codigo": "Hn8fjKUoby",
            "total": 14,
            "valor_unitario": 742377,
            "descuento": 0.03,
            "IVA": 5
        },
        {
            "codigo": "lEU65d0WZN",
            "total": 2,
            "valor_unitario": 71436,
            "descuento": 0.39,
            "IVA": 19
        },
        {
            "codigo": "rLBrp9Ceho",
            "total": 19,
            "valor_unitario": 942189,
            "descuento": 0.33,
            "IVA": 19
        }
    ]
}