{
    "empresa_nit": "456789123",
    "empresa_ciudad": "CALI",
    "empresa_sede": "terminal",
    "empresa_nombre": "Despensa Natura",
    "fecha_hora": "2022-05-27 02:48:05",
    "factura_num": "00171",
    "ciente_numero": 848785378,
    "pago_tipo": "TRANFERENCIA",
    "productos": [
        {
            "codigo": "nBw5lPz6mz",
            "total": 10,
            "valor_unitario": 150960,
            "descuento": 0.29,
            "IVA": 19
        },
        {
            "codigo": "zuFtS7tyOH",
            "total": 19,
            "valor_unitario": 243518,
            "descuento": 0.43,
            "IVA": 0
        },
        {
            "codigo": "B9MAbd7IOP",
            "total": 9,
            "valor_unitario": 479994,
            "descuento": 0.35,
            "IVA": 5
        },
        {
            "codigo": "izbhSU5i16",
            "total": 12,
            "valor_unitario": 53489,
            "descuento": 0.39,
            "IVA": 0
        },
        {
            "codigo": "20BOITnyf6",
            "total": 1,
            "valor_unitario": 964054,
            "descuento": 0.49,
            "IVA": 0
        },
        {
            "codigo": "v30T92aTFq",
            "total": 4,
            "valor_unitario": 801423,
            "descuento": 0.17,
            "IVA": 5
        },
        {
            "codigo": "Wn3uzJnP9i",
            "total": 10,
            "valor_unitario": 281905,
            "descuento": 0.29,
            "IVA": 5
        },
        {
            "codigo": "EcFwFH3oE1",
            "total": 18,
            "valor_unitario": 53785,
            "descuento": 0.14,
            "IVA": 19
        },
        {
            "codigo": "pREpTqhbA3",
            "total": 19,
            "valor_unitario": 109086,
            "descuento": 0.14,
            "IVA": 0
        },
        {
            "codigo": "jeERHwXxlU",
            "total": 2,
            "valor_unitario": 622018,
            "descuento": 0.43,
            "IVA": 19
        },
        {
            "codigo": "pLeoD6ITJg",
            "total": 7,
            "valor_unitario": 912995,
            "descuento": 0.21,
            "IVA": 0
        },
        {
            "codigo": "3WKl01P3zG",
            "total": 15,
            "valor_unitario": 952016,
            "descuento": 0.26,
            "IVA": 0
        },
        {
            "codigo": "A3hoQZgqeg",
            "total": 4,
            "valor_unitario": 453957,
            "descuento": 0.49,
            "IVA": 19
        },
        {
            "codigo": "CkS5UHnMJu",
            "total": 7,
            "valor_unitario": 523911,
            "descuento": 0.45,
            "IVA": 5
        },
        {
            "codigo": "a7rCEJVcR8",
            "total": 15,
            "valor_unitario": 502658,
            "descuento": 0.32,
            "IVA": 5
        }
    ]
}