{
    "empresa_nit": "456789123",
    "empresa_ciudad": "BOGOTA",
    "empresa_sede": "terminal",
    "empresa_nombre": "Despensa Natura",
    "fecha_hora": "2023-12-13 03:47:43",
    "factura_num": "01140",
    "ciente_numero": 130924675,
    "pago_tipo": "TAR.DEBITO",
    "productos": [
        {
            "codigo": "9izSdoFc25",
            "total": 3,
            "valor_unitario": 758840,
            "descuento": 0.17,
            "IVA": 5
        },
        {
            "codigo": "i4WNoB4i2y",
            "total": 18,
            "valor_unitario": 319721,
            "descuento": 0.04,
            "IVA": 5
        },
        {
            "codigo": "0JYSeHo4oq",
            "total": 17,
            "valor_unitario": 452431,
            "descuento": 0.14,
            "IVA": 19
        },
        {
            "codigo": "9SKEX6MhVy",
            "total": 19,
            "valor_unitario": 19701,
            "descuento": 0.5,
            "IVA": 0
        },
        {
            "codigo": "0vbUWSO4wX",
            "total": 2,
            "valor_unitario": 791186,
            "descuento": 0.46,
            "IVA": 19
        },
        {
            "codigo": "IHfUknXRNb",
            "total": 1,
            "valor_unitario": 391207,
            "descuento": 0.14,
            "IVA": 19
        },
        {
            "codigo": "UtETIyNqtL",
            "total": 4,
            "valor_unitario": 132421,
            "descuento": 0.45,
            "IVA": 0
        },
        {
            "codigo": "mKVUj0pw41",
            "total": 19,
            "valor_unitario": 246837,
            "descuento": 0.03,
            "IVA": 0
        },
        {
            "codigo": "zqyFN3vNfu",
            "total": 19,
            "valor_unitario": 354980,
            "descuento": 0.34,
            "IVA": 5
        },
        {
            "codigo": "KyVKqlVRVg",
            "total": 16,
            "valor_unitario": 550121,
            "descuento": 0.03,
            "IVA": 0
        },
        {
            "codigo": "aiwZvnuR3K",
            "total": 14,
            "valor_unitario": 110095,
            "descuento": 0.13,
            "IVA": 0
        },
        {
            "codigo": "FZF0ny9Zc4",
            "total": 20,
            "valor_unitario": 90279,
            "descuento": 0.11,
            "IVA": 5
        },
        {
            "codigo": "yJuEjLQ1zH",
            "total": 8,
            "valor_unitario": 349249,
            "descuento": 0.23,
            "IVA": 5
        },
        {
            "codigo": "C4Uu8XfgUa",
            "total": 12,
            "valor_unitario": 926596,
            "descuento": 0.43,
            "IVA": 19
        },
        {
            "codigo": "5ESiwiKZTf",
            "total": 10,
            "valor_unitario": 327023,
            "descuento": 0.1,
            "IVA": 5
        }
    ]
}