{
    "empresa_nit": "456789123",
    "empresa_ciudad": "BARRANQUILLA",
    "empresa_sede": "centro",
    "empresa_nombre": "Despensa Natura",
    "fecha_hora": "2020-02-19 20:11:59",
    "factura_num": "00160",
    "ciente_numero": 392859873,
    "pago_tipo": "EFECTIVO",
    "productos": [
        {
            "codigo": "i6H9Rj80W7",
            "total": 12,
            "valor_unitario": 672550,
            "descuento": 0.13,
            "IVA": 19
        },
        {
            "codigo": "0WPaGcnpsG",
            "total": 17,
            "valor_unitario": 911269,
            "descuento": 0.5,
            "IVA": 5
        },
        {
            "codigo": "ckMtGIqioo",
            "total": 13,
            "valor_unitario": 726307,
            "descuento": 0.04,
            "IVA": 5
        },
        {
            "codigo": "EZMjgwAx3E",
            "total": 14,
            "valor_unitario": 723820,
            "descuento": 0.47,
            "IVA": 0
        },
        {
            "codigo": "4hghi7liul",
            "total": 5,
            "valor_unitario": 873464,
            "descuento": 0.41,
            "IVA": 19
        },
        {
            "codigo": "oAvgpNsrd7",
            "total": 17,
            "valor_unitario": 731759,
            "descuento": 0.44,
            "IVA": 0
        },
        {
            "codigo": "fBIvmbkp8A",
            "total": 13,
            "valor_unitario": 952410,
            "descuento": 0.32,
            "IVA": 19
        },
        {
            "codigo": "pETuMDmB5b",
            "total": 4,
            "valor_unitario": 809794,
            "descuento": 0.49,
            "IVA": 5
        },
        {
            "codigo": "lxfGZCBtsp",
            "total": 9,
            "valor_unitario": 93360,
            "descuento": 0.3,
            "IVA": 5
        },
        {
            "codigo": "UGDhbI0jmp",
            "total": 1,
            "valor_unitario": 57207,
            "descuento": 0.29,
            "IVA": 5
        },
        {
            "codigo": "XUaeuwdo1m",
            "total": 17,
            "valor_unitario": 408631,
            "descuento": 0.29,
            "IVA": 19
        },
        {
            "codigo": "5sxIIHYUDd",
            "total": 6,
            "valor_unitario": 470735,
            "descuento": 0.23,
            "IVA": 5
        }
    ]
}