{
    "empresa_nit": "456789123",
    "empresa_ciudad": "BARRANQUILLA",
    "empresa_sede": "terminal",
    "empresa_nombre": "Despensa Natura",
    "fecha_hora": "2023-09-01 16:54:50",
    "factura_num": "00282",
    "ciente_numero": 426492171,
    "pago_tipo": "TAR.CREDITO",
    "productos": [
        {
            "codigo": "jtQydHMyPt",
            "total": 1,
            "valor_unitario": 219425,
            "descuento": 0.03,
            "IVA": 0
        },
        {
            "codigo": "wFFNVdmSee",
            "total": 13,
            "valor_unitario": 236449,
            "descuento": 0.21,
            "IVA": 5
        },
        {
            "codigo": "Zyw9wyj5Wz",
            "total": 18,
            "valor_unitario": 911610,
            "descuento": 0.23,
            "IVA": 5
        },
        {
            "codigo": "XxCN3zQDZ4",
            "total": 16,
            "valor_unitario": 528344,
            "descuento": 0.26,
            "IVA": 19
        },
        {
            "codigo": "9V8aXXeLPP",
            "total": 16,
            "valor_unitario": 940159,
            "descuento": 0.48,
            "IVA": 0
        },
        {
            "codigo": "ZV3MHmKKgt",
            "total": 17,
            "valor_unitario": 392011,
            "descuento": 0.28,
            "IVA": 0
        },
        {
            "codigo": "RNBcVS09cO",
            "total": 12,
            "valor_unitario": 885339,
            "descuento": 0.42,
            "IVA": 5
        }
    ]
}