{
    "empresa_nit": "456789123",
    "empresa_ciudad": "MEDELLIN",
    "empresa_sede": "autopista",
    "empresa_nombre": "Despensa Natura",
    "fecha_hora": "2024-12-03 18:53:25",
    "factura_num": "00375",
    "ciente_numero": 317653025,
    "pago_tipo": "TAR.CREDITO",
    "productos": [
        {
            "codigo": "YSaq5hGljJ",
            "total": 12,
            "valor_unitario": 770106,
            "descuento": 0.26,
            "IVA": 0
        },
        {
            "codigo": "preAWaVa2y",
            "total": 14,
            "valor_unitario": 575615,
            "descuento": 0.4,
            "IVA": 5
        },
        {
            "codigo": "y6KusQ8BS5",
            "total": 10,
            "valor_unitario": 554403,
            "descuento": 0.04,
            "IVA": 0
        },
        {
            "codigo": "TJpmuDM30f",
            "total": 20,
            "valor_unitario": 577595,
            "descuento": 0.3,
            "IVA": 19
        },
        {
            "codigo": "jBNDk7av2r",
            "total": 6,
            "valor_unitario": 585942,
            "descuento": 0.45,
            "IVA": 5
        },
        {
            "codigo": "fx3QiZuL8Y",
            "total": 18,
            "valor_unitario": 384291,
            "descuento": 0.11,
            "IVA": 0
        },
        {
            "codigo": "xYCw6SmrYf",
            "total": 9,
            "valor_unitario": 867403,
            "descuento": 0.16,
            "IVA": 19
        },
        {
            "codigo": "uGojDKH2h2",
            "total": 5,
            "valor_unitario": 279106,
            "descuento": 0.45,
            "IVA": 0
        },
        {
            "codigo": "1V2kkvqZDh",
            "total": 6,
            "valor_unitario": 863993,
            "descuento": 0.17,
            "IVA": 5
        },
        {
            "codigo": "xRz1FhY2sw",
            "total": 12,
            "valor_unitario": 572517,
            "descuento": 0.36,
            "IVA": 5
        },
        {
            "codigo": "0NAOrMU9ez",
            "total": 11,
            "valor_unitario": 17855,
            "descuento": 0.03,
            "IVA": 19
        },
        {
            "codigo": "ounVw1aErU",
            "total": 16,
            "valor_unitario": 447002,
            "descuento": 0.23,
            "IVA": 0
        },
        {
            "codigo": "yBcuIlTx6b",
            "total": 3,
            "valor_unitario": 498622,
            "descuento": 0.49,
            "IVA": 19
        }
    ]
}