{
    "empresa_nit": "456789123",
    "empresa_ciudad": "BOGOTA",
    "empresa_sede": "aeropuerto",
    "empresa_nombre": "Despensa Natura",
    "fecha_hora": "2024-12-05 08:32:10",
    "factura_num": "00211",
    "ciente_numero": 803754942,
    "pago_tipo": "TAR.DEBITO",
    "productos": [
        {
            "codigo": "xmm0rHSMLg",
            "total": 18,
            "valor_unitario": 316278,
            "descuento": 0.31,
            "IVA": 19
        },
        {
            "codigo": "p0tc8IggaY",
            "total": 4,
            "valor_unitario": 188298,
            "descuento": 0.02,
            "IVA": 0
        },
        {
            "codigo": "yybxH8gopR",
            "total": 1,
            "valor_unitario": 421336,
            "descuento": 0.16,
            "IVA": 19
        },
        {
            "codigo": "5XfWzIhsNF",
            "total": 2,
            "valor_unitario": 586516,
            "descuento": 0.42,
            "IVA": 0
        },
        {
            "codigo": "8GMYu5ZDIc",
            "total": 3,
            "valor_unitario": 297590,
            "descuento": 0.41,
            "IVA": 5
        },
        {
            "codigo": "8xMMpFkrXQ",
            "total": 13,
            "valor_unitario": 880384,
            "descuento": 0.33,
            "IVA": 19
        },
        {
            "codigo": "FkBe8DvMg7",
            "total": 13,
            "valor_unitario": 872761,
            "descuento": 0.22,
            "IVA": 5
        },
        {
            "codigo": "NrIMvWZNBA",
            "total": 20,
            "valor_unitario": 400304,
            "descuento": 0.38,
            "IVA": 19
        },
        {
            "codigo": "XQvrk9niS2",
            "total": 2,
            "valor_unitario": 532142,
            "descuento": 0.32,
            "IVA": 0
        },
        {
            "codigo": "wVJ3HlFuxa",
            "total": 2,
            "valor_unitario": 300942,
            "descuento": 0.4,
            "IVA": 19
        }
    ]
}