{
    "empresa_nit": "456789123",
    "empresa_ciudad": "TUNJA",
    "empresa_sede": "aeropuerto",
    "empresa_nombre": "Despensa Natura",
    "fecha_hora": "2024-05-24 17:20:25",
    "factura_num": "00246",
    "ciente_numero": 843316160,
    "pago_tipo": "TAR.DEBITO",
    "productos": [
        {
            "codigo": "XeUcGpzw6t",
            "total": 13,
            "valor_unitario": 682687,
            "descuento": 0.02,
            "IVA": 19
        },
        {
            "codigo": "WHK1FC9j7V",
            "total": 7,
            "valor_unitario": 176337,
            "descuento": 0.32,
            "IVA": 19
        }
    ]
}