{
    "empresa_nit": "456789123",
    "empresa_ciudad": "BOGOTA",
    "empresa_sede": "alcaldia",
    "empresa_nombre": "Despensa Natura",
    "fecha_hora": "2020-07-13 09:36:33",
    "factura_num": "00280",
    "ciente_numero": 565055088,
    "pago_tipo": "TAR.CREDITO",
    "productos": [
        {
            "codigo": "7uoqKLCG1V",
            "total": 7,
            "valor_unitario": 789741,
            "descuento": 0.49,
            "IVA": 19
        },
        {
            "codigo": "RDOq5Rnp54",
            "total": 16,
            "valor_unitario": 213397,
            "descuento": 0.11,
            "IVA": 19
        },
        {
            "codigo": "F8RDdWktt7",
            "total": 2,
            "valor_unitario": 215923,
            "descuento": 0.29,
            "IVA": 19
        },
        {
            "codigo": "VJb9Uy65rD",
            "total": 15,
            "valor_unitario": 385633,
            "descuento": 0.04,
            "IVA": 19
        },
        {
            "codigo": "xwKlxJmMVD",
            "total": 2,
            "valor_unitario": 14843,
            "descuento": 0.5,
            "IVA": 0
        },
        {
            "codigo": "7NA69d3Bt5",
            "total": 12,
            "valor_unitario": 407357,
            "descuento": 0.18,
            "IVA": 5
        },
        {
            "codigo": "O784KKTKHG",
            "total": 11,
            "valor_unitario": 250673,
            "descuento": 0.4,
            "IVA": 19
        },
        {
            "codigo": "b3uAQ5zii4",
            "total": 18,
            "valor_unitario": 186263,
            "descuento": 0.27,
            "IVA": 5
        },
        {
            "codigo": "LYI4e3YC2o",
            "total": 10,
            "valor_unitario": 964721,
            "descuento": 0.3,
            "IVA": 5
        }
    ]
}