{
    "empresa_nit": "456789123",
    "empresa_ciudad": "TUNJA",
    "empresa_sede": "autopista",
    "empresa_nombre": "Despensa Natura",
    "fecha_hora": "2020-01-15 11:34:05",
    "factura_num": "00004",
    "ciente_numero": 255339427,
    "pago_tipo": "TAR.CREDITO",
    "productos": [
        {
            "codigo": "cEZApMCOCQ",
            "total": 16,
            "valor_unitario": 967615,
            "descuento": 0.3,
            "IVA": 5
        },
        {
            "codigo": "a710nEwsQM",
            "total": 6,
            "valor_unitario": 702481,
            "descuento": 0.15,
            "IVA": 0
        },
        {
            "codigo": "5QxChACoxV",
            "total": 6,
            "valor_unitario": 936078,
            "descuento": 0.34,
            "IVA": 0
        },
        {
            "codigo": "cDFBNbFLIA",
            "total": 13,
            "valor_unitario": 812891,
            "descuento": 0.19,
            "IVA": 5
        },
        {
            "codigo": "5jCJbFDJ5V",
            "total": 20,
            "valor_unitario": 241822,
            "descuento": 0.43,
            "IVA": 0
        },
        {
            "codigo": "reUsWSPVDk",
            "total": 15,
            "valor_unitario": 744615,
            "descuento": 0.44,
            "IVA": 0
        },
        {
            "codigo": "yaGvyMdW47",
            "total": 1,
            "valor_unitario": 63289,
            "descuento": 0.34,
            "IVA": 5
        },
        {
            "codigo": "07Am4efg6m",
            "total": 6,
            "valor_unitario": 469669,
            "descuento": 0.41,
            "IVA": 5
        },
        {
            "codigo": "polpeSoWcX",
            "total": 14,
            "valor_unitario": 99492,
            "descuento": 0.11,
            "IVA": 5
        },
        {
            "codigo": "YlUujuVFVc",
            "total": 2,
            "valor_unitario": 585894,
            "descuento": 0.09,
            "IVA": 19
        },
        {
            "codigo": "1BpwslEv6E",
            "total": 8,
            "valor_unitario": 764861,
            "descuento": 0.21,
            "IVA": 0
        },
        {
            "codigo": "Bi0IDUG6MP",
            "total": 3,
            "valor_unitario": 200077,
            "descuento": 0.44,
            "IVA": 19
        },
        {
            "codigo": "SwWbswtb3L",
            "total": 19,
            "valor_unitario": 128921,
            "descuento": 0.36,
            "IVA": 19
        },
        {
            "codigo": "7p0SqJRIFt",
            "total": 17,
            "valor_unitario": 730215,
            "descuento": 0.09,
            "IVA": 0
        }
    ]
}