{
    "empresa_nit": "456789123",
    "empresa_ciudad": "CALI",
    "empresa_sede": "alcaldia",
    "empresa_nombre": "Despensa Natura",
    "fecha_hora": "2021-05-12 16:59:31",
    "factura_num": "00292",
    "ciente_numero": 439011354,
    "pago_tipo": "TRANFERENCIA",
    "productos": [
        {
            "codigo": "VQNfgFmU2p",
            "total": 15,
            "valor_unitario": 332090,
            "descuento": 0.2,
            "IVA": 0
        },
        {
            "codigo": "AKCgYDuYEg",
            "total": 17,
            "valor_unitario": 251882,
            "descuento": 0.12,
            "IVA": 5
        },
        {
            "codigo": "goQy5rJCVy",
            "total": 20,
            "valor_unitario": 277892,
            "descuento": 0.12,
            "IVA": 0
        },
        {
            "codigo": "mU18qEDnZC",
            "total": 7,
            "valor_unitario": 477312,
            "descuento": 0.43,
            "IVA": 0
        }
    ]
}