{
    "empresa_nit": "456789123",
    "empresa_ciudad": "MEDELLIN",
    "empresa_sede": "terminal",
    "empresa_nombre": "Despensa Natura",
    "fecha_hora": "2022-08-02 13:50:47",
    "factura_num": "00132",
    "ciente_numero": 698848249,
    "pago_tipo": "TAR.CREDITO",
    "productos": [
        {
            "codigo": "cJWnaHEhpD",
            "total": 9,
            "valor_unitario": 637612,
            "descuento": 0.05,
            "IVA": 5
        },
        {
            "codigo": "hH1ZOhF332",
            "total": 8,
            "valor_unitario": 93450,
            "descuento": 0.01,
            "IVA": 0
        },
        {
            "codigo": "Qsc2SySan8",
            "total": 15,
            "valor_unitario": 317205,
            "descuento": 0.34,
            "IVA": 5
        },
        {
            "codigo": "B2huwJ65MR",
            "total": 9,
            "valor_unitario": 828426,
            "descuento": 0.15,
            "IVA": 0
        },
        {
            "codigo": "Z7GLcbD7UZ",
            "total": 11,
            "valor_unitario": 98616,
            "descuento": 0.24,
            "IVA": 19
        },
        {
            "codigo": "QMrc0WKcpn",
            "total": 8,
            "valor_unitario": 913317,
            "descuento": 0.13,
            "IVA": 5
        },
        {
            "codigo": "054ruEjIgd",
            "total": 2,
            "valor_unitario": 941812,
            "descuento": 0.47,
            "IVA": 0
        },
        {
            "codigo": "5qYS8ZLSJ2",
            "total": 10,
            "valor_unitario": 333299,
            "descuento": 0.01,
            "IVA": 19
        },
        {
            "codigo": "sjbjuHn75s",
            "total": 16,
            "valor_unitario": 450619,
            "descuento": 0.25,
            "IVA": 0
        },
        {
            "codigo": "RmU4JJ6iSC",
            "total": 12,
            "valor_unitario": 711571,
            "descuento": 0.31,
            "IVA": 0
        },
        {
            "codigo": "4vMks4HGi2",
            "total": 5,
            "valor_unitario": 835465,
            "descuento": 0.29,
            "IVA": 5
        }
    ]
}