{
    "empresa_nit": "456789123",
    "empresa_ciudad": "BOGOTA",
    "empresa_sede": "alcaldia",
    "empresa_nombre": "Despensa Natura",
    "fecha_hora": "2021-10-18 13:26:18",
    "factura_num": "00311",
    "ciente_numero": 5438775,
    "pago_tipo": "TAR.CREDITO",
    "productos": [
        {
            "codigo": "RxVXsSECIA",
            "total": 1,
            "valor_unitario": 205721,
            "descuento": 0.49,
            "IVA": 5
        },
        {
            "codigo": "qDPsILcXRw",
            "total": 7,
            "valor_unitario": 856410,
            "descuento": 0.47,
            "IVA": 5
        },
        {
            "codigo": "j2NKCovNDS",
            "total": 5,
            "valor_unitario": 220728,
            "descuento": 0.29,
            "IVA": 19
        },
        {
            "codigo": "wbevl6fgFw",
            "total": 7,
            "valor_unitario": 634377,
            "descuento": 0.15,
            "IVA": 5
        },
        {
            "codigo": "2KnIZc88hb",
            "total": 8,
            "valor_unitario": 553468,
            "descuento": 0.08,
            "IVA": 19
        },
        {
            "codigo": "6V0RMd9IPq",
            "total": 18,
            "valor_unitario": 241270,
            "descuento": 0.26,
            "IVA": 0
        },
        {
            "codigo": "6TqnqFDafM",
            "total": 8,
            "valor_unitario": 399932,
            "descuento": 0.22,
            "IVA": 19
        },
        {
            "codigo": "D0w4FC2rfq",
            "total": 4,
            "valor_unitario": 721051,
            "descuento": 0.23,
            "IVA": 0
        },
        {
            "codigo": "jC5EJvnPAy",
            "total": 10,
            "valor_unitario": 165864,
            "descuento": 0.08,
            "IVA": 0
        },
        {
            "codigo": "1JIUE2hMaE",
            "total": 4,
            "valor_unitario": 765860,
            "descuento": 0.26,
            "IVA": 19
        },
        {
            "codigo": "rultXhY8Md",
            "total": 2,
            "valor_unitario": 380092,
            "descuento": 0.07,
            "IVA": 0
        },
        {
            "codigo": "psdBBTjIJ5",
            "total": 16,
            "valor_unitario": 605166,
            "descuento": 0.37,
            "IVA": 0
        },
        {
            "codigo": "WdgAXGkmFb",
            "total": 10,
            "valor_unitario": 814062,
            "descuento": 0.42,
            "IVA": 0
        },
        {
            "codigo": "7qv1yWsw9X",
            "total": 20,
            "valor_unitario": 526422,
            "descuento": 0.26,
            "IVA": 19
        },
        {
            "codigo": "crQYVJmbb9",
            "total": 6,
            "valor_unitario": 292958,
            "descuento": 0.32,
            "IVA": 5
        },
        {
            "codigo": "o6d1Dd3Eh9",
            "total": 20,
            "valor_unitario": 543053,
            "descuento": 0.15,
            "IVA": 0
        },
        {
            "codigo": "vRkuIUcygW",
            "total": 18,
            "valor_unitario": 274530,
            "descuento": 0.42,
            "IVA": 0
        },
        {
            "codigo": "DNmrfJLkS6",
            "total": 9,
            "valor_unitario": 947769,
            "descuento": 0.29,
            "IVA": 19
        }
    ]
}