{
    "empresa_nit": "456789123",
    "empresa_ciudad": "TUNJA",
    "empresa_sede": "aeropuerto",
    "empresa_nombre": "Despensa Natura",
    "fecha_hora": "2024-11-16 00:06:39",
    "factura_num": "01030",
    "ciente_numero": 97098605,
    "pago_tipo": "TAR.CREDITO",
    "productos": [
        {
            "codigo": "XSRcTMjwxb",
            "total": 19,
            "valor_unitario": 675531,
            "descuento": 0.4,
            "IVA": 5
        },
        {
            "codigo": "pGPk50QFTY",
            "total": 20,
            "valor_unitario": 386101,
            "descuento": 0.38,
            "IVA": 19
        }
    ]
}