{
    "empresa_nit": "456789123",
    "empresa_ciudad": "BARRANQUILLA",
    "empresa_sede": "autopista",
    "empresa_nombre": "Despensa Natura",
    "fecha_hora": "2022-03-04 11:46:08",
    "factura_num": "00391",
    "ciente_numero": 278705891,
    "pago_tipo": "TAR.CREDITO",
    "productos": [
        {
            "codigo": "cwMxjCkU8Y",
            "total": 2,
            "valor_unitario": 748755,
            "descuento": 0.3,
            "IVA": 5
        },
        {
            "codigo": "HQrPeWG9pY",
            "total": 11,
            "valor_unitario": 549269,
            "descuento": 0.47,
            "IVA": 19
        },
        {
            "codigo": "T8CNexkI8f",
            "total": 14,
            "valor_unitario": 275439,
            "descuento": 0.05,
            "IVA": 5
        },
        {
            "codigo": "N7JGhF5XlP",
            "total": 19,
            "valor_unitario": 989508,
            "descuento": 0.27,
            "IVA": 0
        },
        {
            "codigo": "0rO06a88r8",
            "total": 16,
            "valor_unitario": 345575,
            "descuento": 0.18,
            "IVA": 19
        },
        {
            "codigo": "tlh7FObxaK",
            "total": 20,
            "valor_unitario": 920102,
            "descuento": 0.03,
            "IVA": 0
        },
        {
            "codigo": "nE884WBXLQ",
            "total": 10,
            "valor_unitario": 905727,
            "descuento": 0.38,
            "IVA": 0
        },
        {
            "codigo": "3FrP4XmY5z",
            "total": 17,
            "valor_unitario": 116659,
            "descuento": 0.46,
            "IVA": 5
        },
        {
            "codigo": "bfERWyzzot",
            "total": 11,
            "valor_unitario": 489938,
            "descuento": 0.29,
            "IVA": 5
        },
        {
            "codigo": "gYNUCNZOyI",
            "total": 2,
            "valor_unitario": 963043,
            "descuento": 0.07,
            "IVA": 0
        }
    ]
}