{
    "empresa_nit": "456789123",
    "empresa_ciudad": "TUNJA",
    "empresa_sede": "alcaldia",
    "empresa_nombre": "Despensa Natura",
    "fecha_hora": "2023-02-24 04:51:08",
    "factura_num": "01018",
    "ciente_numero": 74490059,
    "pago_tipo": "TAR.CREDITO",
    "productos": [
        {
            "codigo": "eUhCC6bjVq",
            "total": 19,
            "valor_unitario": 912664,
            "descuento": 0.19,
            "IVA": 19
        },
        {
            "codigo": "BoH7B9LF3z",
            "total": 5,
            "valor_unitario": 139287,
            "descuento": 0.16,
            "IVA": 5
        },
        {
            "codigo": "jHwrjFuhrj",
            "total": 6,
            "valor_unitario": 521968,
            "descuento": 0.31,
            "IVA": 19
        },
        {
            "codigo": "WWn5x97GNw",
            "total": 8,
            "valor_unitario": 987358,
            "descuento": 0.29,
            "IVA": 0
        },
        {
            "codigo": "5q3pb0tOjn",
            "total": 6,
            "valor_unitario": 302149,
            "descuento": 0.44,
            "IVA": 0
        },
        {
            "codigo": "TrwY7Pqa5b",
            "total": 10,
            "valor_unitario": 921414,
            "descuento": 0.33,
            "IVA": 0
        },
        {
            "codigo": "XxegtSveqc",
            "total": 9,
            "valor_unitario": 292999,
            "descuento": 0.44,
            "IVA": 5
        },
        {
            "codigo": "ViWod566bf",
            "total": 1,
            "valor_unitario": 243914,
            "descuento": 0.09,
            "IVA": 19
        },
        {
            "codigo": "jlFeo4oqDy",
            "total": 16,
            "valor_unitario": 324774,
            "descuento": 0.45,
            "IVA": 0
        },
        {
            "codigo": "KiR6pF5KqR",
            "total": 7,
            "valor_unitario": 296750,
            "descuento": 0.37,
            "IVA": 5
        },
        {
            "codigo": "wX2tJioYF4",
            "total": 11,
            "valor_unitario": 828649,
            "descuento": 0.11,
            "IVA": 19
        },
        {
            "codigo": "MZ5YlU93dR",
            "total": 11,
            "valor_unitario": 891579,
            "descuento": 0.44,
            "IVA": 19
        },
        {
            "codigo": "60coGcdyoT",
            "total": 14,
            "valor_unitario": 537699,
            "descuento": 0.25,
            "IVA": 5
        },
        {
            "codigo": "OA3brsWPrl",
            "total": 4,
            "valor_unitario": 402166,
            "descuento": 0.42,
            "IVA": 19
        },
        {
            "codigo": "GtkP1k6gbl",
            "total": 15,
            "valor_unitario": 309844,
            "descuento": 0.3,
            "IVA": 19
        },
        {
            "codigo": "YhRf1O8R6O",
            "total": 18,
            "valor_unitario": 667087,
            "descuento": 0.1,
            "IVA": 0
        },
        {
            "codigo": "ASp80h93Vs",
            "total": 1,
            "valor_unitario": 314749,
            "descuento": 0.42,
            "IVA": 5
        },
        {
            "codigo": "vDZIUQAtP2",
            "total": 2,
            "valor_unitario": 246632,
            "descuento": 0.33,
            "IVA": 0
        }
    ]
}