{
    "empresa_nit": "456789123",
    "empresa_ciudad": "CALI",
    "empresa_sede": "autopista",
    "empresa_nombre": "Despensa Natura",
    "fecha_hora": "2022-12-07 07:33:47",
    "factura_num": "00140",
    "ciente_numero": 477325038,
    "pago_tipo": "TAR.CREDITO",
    "productos": [
        {
            "codigo": "dkijGEq3vL",
            "total": 19,
            "valor_unitario": 915646,
            "descuento": 0.07,
            "IVA": 0
        },
        {
            "codigo": "Gp9fUy2eQh",
            "total": 1,
            "valor_unitario": 120814,
            "descuento": 0.39,
            "IVA": 5
        },
        {
            "codigo": "eBQ2lc1tjr",
            "total": 11,
            "valor_unitario": 700405,
            "descuento": 0.46,
            "IVA": 5
        },
        {
            "codigo": "Z3yObRQMK2",
            "total": 9,
            "valor_unitario": 164980,
            "descuento": 0.26,
            "IVA": 5
        },
        {
            "codigo": "heyHMNUpGP",
            "total": 6,
            "valor_unitario": 305046,
            "descuento": 0.42,
            "IVA": 0
        },
        {
            "codigo": "2c4yDYCsky",
            "total": 18,
            "valor_unitario": 929485,
            "descuento": 0.07,
            "IVA": 5
        },
        {
            "codigo": "UKIzGz5ax6",
            "total": 6,
            "valor_unitario": 163687,
            "descuento": 0.13,
            "IVA": 0
        },
        {
            "codigo": "KPhyARgGYt",
            "total": 16,
            "valor_unitario": 105042,
            "descuento": 0.07,
            "IVA": 0
        },
        {
            "codigo": "eWEfbpofwT",
            "total": 10,
            "valor_unitario": 687954,
            "descuento": 0.18,
            "IVA": 19
        },
        {
            "codigo": "C5c2sQKFfk",
            "total": 18,
            "valor_unitario": 316029,
            "descuento": 0.45,
            "IVA": 5
        },
        {
            "codigo": "tvOkHCCKfv",
            "total": 15,
            "valor_unitario": 362395,
            "descuento": 0.09,
            "IVA": 19
        },
        {
            "codigo": "wGwXfrV4yo",
            "total": 4,
            "valor_unitario": 523773,
            "descuento": 0.02,
            "IVA": 0
        },
        {
            "codigo": "ZN7Mdca8l5",
            "total": 12,
            "valor_unitario": 75153,
            "descuento": 0.11,
            "IVA": 0
        },
        {
            "codigo": "d23X9gx4mb",
            "total": 9,
            "valor_unitario": 110993,
            "descuento": 0.33,
            "IVA": 0
        },
        {
            "codigo": "rPk8xEc0j9",
            "total": 16,
            "valor_unitario": 694612,
            "descuento": 0.03,
            "IVA": 0
        },
        {
            "codigo": "KdDJhpDzbe",
            "total": 1,
            "valor_unitario": 312580,
            "descuento": 0.26,
            "IVA": 5
        },
        {
            "codigo": "hilfFnCAEO",
            "total": 9,
            "valor_unitario": 130777,
            "descuento": 0.14,
            "IVA": 5
        }
    ]
}