{
    "empresa_nit": "456789123",
    "empresa_ciudad": "BOGOTA",
    "empresa_sede": "autopista",
    "empresa_nombre": "Despensa Natura",
    "fecha_hora": "2020-06-06 08:55:01",
    "factura_num": "00195",
    "ciente_numero": 453824117,
    "pago_tipo": "TAR.DEBITO",
    "productos": [
        {
            "codigo": "fAyjPl9pGR",
            "total": 5,
            "valor_unitario": 254546,
            "descuento": 0.38,
            "IVA": 0
        },
        {
            "codigo": "FjTPiSwXVc",
            "total": 12,
            "valor_unitario": 458790,
            "descuento": 0.49,
            "IVA": 19
        },
        {
            "codigo": "kV6sEk9vv9",
            "total": 4,
            "valor_unitario": 273588,
            "descuento": 0.32,
            "IVA": 19
        },
        {
            "codigo": "ln1New4GIL",
            "total": 10,
            "valor_unitario": 143109,
            "descuento": 0.04,
            "IVA": 0
        },
        {
            "codigo": "kPIA8s14Bh",
            "total": 17,
            "valor_unitario": 925531,
            "descuento": 0.3,
            "IVA": 19
        },
        {
            "codigo": "ztUndzllkF",
            "total": 1,
            "valor_unitario": 447039,
            "descuento": 0.0,
            "IVA": 19
        },
        {
            "codigo": "jYg5iaN4Gr",
            "total": 19,
            "valor_unitario": 334672,
            "descuento": 0.45,
            "IVA": 0
        },
        {
            "codigo": "veEqHdJ2Ms",
            "total": 1,
            "valor_unitario": 227222,
            "descuento": 0.18,
            "IVA": 19
        },
        {
            "codigo": "CbwF6IN6oM",
            "total": 17,
            "valor_unitario": 422155,
            "descuento": 0.15,
            "IVA": 19
        }
    ]
}