{
    "empresa_nit": "456789123",
    "empresa_ciudad": "BOGOTA",
    "empresa_sede": "alcaldia",
    "empresa_nombre": "Despensa Natura",
    "fecha_hora": "2024-03-19 12:42:57",
    "factura_num": "00299",
    "ciente_numero": 244390579,
    "pago_tipo": "TAR.DEBITO",
    "productos": [
        {
            "codigo": "EuQXl5Bz0v",
            "total": 7,
            "valor_unitario": 881875,
            "descuento": 0.13,
            "IVA": 0
        },
        {
            "codigo": "EDSIBSS8q8",
            "total": 16,
            "valor_unitario": 432476,
            "descuento": 0.09,
            "IVA": 5
        },
        {
            "codigo": "55MJSvHIIV",
            "total": 3,
            "valor_unitario": 735941,
            "descuento": 0.05,
            "IVA": 0
        },
        {
            "codigo": "dlPZBrRCn1",
            "total": 19,
            "valor_unitario": 981968,
            "descuento": 0.39,
            "IVA": 5
        },
        {
            "codigo": "bU3RFvJPz6",
            "total": 5,
            "valor_unitario": 685292,
            "descuento": 0.06,
            "IVA": 19
        },
        {
            "codigo": "yOUUtiImwB",
            "total": 18,
            "valor_unitario": 107853,
            "descuento": 0.26,
            "IVA": 19
        },
        {
            "codigo": "Lp8xZ2VG7x",
            "total": 1,
            "valor_unitario": 172761,
            "descuento": 0.23,
            "IVA": 19
        },
        {
            "codigo": "n4ZenTpm87",
            "total": 6,
            "valor_unitario": 350504,
            "descuento": 0.09,
            "IVA": 19
        },
        {
            "codigo": "p49q3uV7i3",
            "total": 6,
            "valor_unitario": 63933,
            "descuento": 0.2,
            "IVA": 0
        },
        {
            "codigo": "pVKClsKMP5",
            "total": 8,
            "valor_unitario": 209634,
            "descuento": 0.38,
            "IVA": 19
        },
        {
            "codigo": "P5uJrmtmLN",
            "total": 17,
            "valor_unitario": 158946,
            "descuento": 0.26,
            "IVA": 19
        },
        {
            "codigo": "xugHZm1PAk",
            "total": 1,
            "valor_unitario": 970375,
            "descuento": 0.25,
            "IVA": 5
        },
        {
            "codigo": "qnDhv5i0fI",
            "total": 11,
            "valor_unitario": 578737,
            "descuento": 0.37,
            "IVA": 0
        }
    ]
}