{
    "empresa_nit": "456789123",
    "empresa_ciudad": "MEDELLIN",
    "empresa_sede": "centro",
    "empresa_nombre": "Despensa Natura",
    "fecha_hora": "2023-11-10 00:59:42",
    "factura_num": "00188",
    "ciente_numero": 5570798,
    "pago_tipo": "TAR.CREDITO",
    "productos": [
        {
            "codigo": "a6wrldNNNW",
            "total": 11,
            "valor_unitario": 546417,
            "descuento": 0.07,
            "IVA": 5
        },
        {
            "codigo": "48s2hSz0OV",
            "total": 2,
            "valor_unitario": 539043,
            "descuento": 0.02,
            "IVA": 0
        },
        {
            "codigo": "KlVzXNFFGU",
            "total": 18,
            "valor_unitario": 956299,
            "descuento": 0.37,
            "IVA": 0
        },
        {
            "codigo": "hrNI3d1hLd",
            "total": 20,
            "valor_unitario": 215869,
            "descuento": 0.09,
            "IVA": 19
        },
        {
            "codigo": "t6Trm1IKXw",
            "total": 16,
            "valor_unitario": 726212,
            "descuento": 0.37,
            "IVA": 19
        },
        {
            "codigo": "kFnkrRxty4",
            "total": 17,
            "valor_unitario": 306051,
            "descuento": 0.37,
            "IVA": 5
        },
        {
            "codigo": "zNM4PhgLxo",
            "total": 15,
            "valor_unitario": 65424,
            "descuento": 0.12,
            "IVA": 0
        },
        {
            "codigo": "opguz8pdwl",
            "total": 19,
            "valor_unitario": 135683,
            "descuento": 0.23,
            "IVA": 0
        },
        {
            "codigo": "iVBuO1Ip4i",
            "total": 1,
            "valor_unitario": 132762,
            "descuento": 0.43,
            "IVA": 19
        },
        {
            "codigo": "5LAGyZTlKg",
            "total": 10,
            "valor_unitario": 915449,
            "descuento": 0.08,
            "IVA": 5
        },
        {
            "codigo": "Lew52At1WV",
            "total": 16,
            "valor_unitario": 307811,
            "descuento": 0.29,
            "IVA": 19
        },
        {
            "codigo": "znY4mdedZJ",
            "total": 4,
            "valor_unitario": 315231,
            "descuento": 0.4,
            "IVA": 0
        },
        {
            "codigo": "Unv6lcP4r5",
            "total": 12,
            "valor_unitario": 53296,
            "descuento": 0.19,
            "IVA": 19
        },
        {
            "codigo": "YhrOCoLOYk",
            "total": 1,
            "valor_unitario": 576504,
            "descuento": 0.16,
            "IVA": 0
        },
        {
            "codigo": "6k3peQlIua",
            "total": 8,
            "valor_unitario": 659180,
            "descuento": 0.13,
            "IVA": 0
        }
    ]
}