{
    "empresa_nit": "456789123",
    "empresa_ciudad": "BARRANQUILLA",
    "empresa_sede": "autopista",
    "empresa_nombre": "Despensa Natura",
    "fecha_hora": "2024-07-27 09:16:51",
    "factura_num": "01131",
    "ciente_numero": 216024224,
    "pago_tipo": "TAR.CREDITO",
    "productos": [
        {
            "codigo": "pm9SCzEE8B",
            "total": 16,
            "valor_unitario": 381571,
            "descuento": 0.07,
            "IVA": 0
        },
        {
            "codigo": "qTialL282g",
            "total": 15,
            "valor_unitario": 252903,
            "descuento": 0.37,
            "IVA": 0
        },
        {
            "codigo": "FlDfaKbqBz",
            "total": 5,
            "valor_unitario": 908275,
            "descuento": 0.45,
            "IVA": 0
        },
        {
            "codigo": "gtAe8I4Y27",
            "total": 1,
            "valor_unitario": 678339,
            "descuento": 0.31,
            "IVA": 0
        },
        {
            "codigo": "a1ZTdbx9Pp",
            "total": 7,
            "valor_unitario": 808754,
            "descuento": 0.23,
            "IVA": 19
        },
        {
            "codigo": "BnwJSoUDCJ",
            "total": 9,
            "valor_unitario": 363633,
            "descuento": 0.35,
            "IVA": 0
        },
        {
            "codigo": "YK120wEiNI",
            "total": 6,
            "valor_unitario": 311214,
            "descuento": 0.18,
            "IVA": 19
        },
        {
            "codigo": "iNAimA47xq",
            "total": 10,
            "valor_unitario": 214860,
            "descuento": 0.21,
            "IVA": 19
        },
        {
            "codigo": "VyQnvtGgbg",
            "total": 11,
            "valor_unitario": 508598,
            "descuento": 0.19,
            "IVA": 5
        },
        {
            "codigo": "FOgdw1EP2g",
            "total": 19,
            "valor_unitario": 363657,
            "descuento": 0.22,
            "IVA": 5
        },
        {
            "codigo": "2wvAIn5YZY",
            "total": 12,
            "valor_unitario": 503140,
            "descuento": 0.15,
            "IVA": 0
        },
        {
            "codigo": "tCQewds97L",
            "total": 13,
            "valor_unitario": 539426,
            "descuento": 0.44,
            "IVA": 5
        },
        {
            "codigo": "OF3PiQH74F",
            "total": 7,
            "valor_unitario": 636360,
            "descuento": 0.21,
            "IVA": 0
        }
    ]
}