{
    "empresa_nit": "456789123",
    "empresa_ciudad": "CALI",
    "empresa_sede": "aeropuerto",
    "empresa_nombre": "Despensa Natura",
    "fecha_hora": "2022-07-11 22:18:03",
    "factura_num": "00313",
    "ciente_numero": 636301815,
    "pago_tipo": "TAR.DEBITO",
    "productos": [
        {
            "codigo": "KAakKvElYN",
            "total": 14,
            "valor_unitario": 576198,
            "descuento": 0.21,
            "IVA": 5
        },
        {
            "codigo": "tdPN22UT88",
            "total": 2,
            "valor_unitario": 216011,
            "descuento": 0.24,
            "IVA": 19
        },
        {
            "codigo": "KNmr88MOZz",
            "total": 19,
            "valor_unitario": 897334,
            "descuento": 0.42,
            "IVA": 5
        },
        {
            "codigo": "P4Iw5B96y1",
            "total": 5,
            "valor_unitario": 28448,
            "descuento": 0.3,
            "IVA": 5
        },
        {
            "codigo": "hdcHxBcAdE",
            "total": 19,
            "valor_unitario": 51499,
            "descuento": 0.3,
            "IVA": 0
        },
        {
            "codigo": "qWLH5T9N04",
            "total": 2,
            "valor_unitario": 524480,
            "descuento": 0.22,
            "IVA": 19
        },
        {
            "codigo": "MBzwmvwQYw",
            "total": 11,
            "valor_unitario": 352054,
            "descuento": 0.33,
            "IVA": 5
        },
        {
            "codigo": "84WHi26nkG",
            "total": 2,
            "valor_unitario": 241541,
            "descuento": 0.17,
            "IVA": 19
        }
    ]
}