{
    "empresa_nit": "456789123",
    "empresa_ciudad": "BOGOTA",
    "empresa_sede": "alcaldia",
    "empresa_nombre": "Despensa Natura",
    "fecha_hora": "2023-06-17 08:06:47",
    "factura_num": "01026",
    "ciente_numero": 241462877,
    "pago_tipo": "TAR.CREDITO",
    "productos": [
        {
            "codigo": "1fjbzyWIRf",
            "total": 5,
            "valor_unitario": 738404,
            "descuento": 0.31,
            "IVA": 0
        },
        {
            "codigo": "cg5lg4zO95",
            "total": 8,
            "valor_unitario": 195749,
            "descuento": 0.16,
            "IVA": 19
        },
        {
            "codigo": "kkZHdEMuXu",
            "total": 17,
            "valor_unitario": 621593,
            "descuento": 0.41,
            "IVA": 19
        },
        {
            "codigo": "Yn0IKSQubD",
            "total": 6,
            "valor_unitario": 695363,
            "descuento": 0.09,
            "IVA": 0
        },
        {
            "codigo": "IZEQ1kQb32",
            "total": 6,
            "valor_unitario": 742359,
            "descuento": 0.28,
            "IVA": 0
        },
        {
            "codigo": "QgOguWzPVq",
            "total": 11,
            "valor_unitario": 87942,
            "descuento": 0.48,
            "IVA": 19
        },
        {
            "codigo": "lLUm8BLDIB",
            "total": 5,
            "valor_unitario": 790324,
            "descuento": 0.03,
            "IVA": 19
        },
        {
            "codigo": "Ib8IIYQaR6",
            "total": 4,
            "valor_unitario": 829608,
            "descuento": 0.02,
            "IVA": 5
        },
        {
            "codigo": "8r509VIBEA",
            "total": 12,
            "valor_unitario": 705678,
            "descuento": 0.05,
            "IVA": 5
        },
        {
            "codigo": "jXF0hEU1AO",
            "total": 12,
            "valor_unitario": 99962,
            "descuento": 0.49,
            "IVA": 0
        },
        {
            "codigo": "wWnno0erO2",
            "total": 4,
            "valor_unitario": 301948,
            "descuento": 0.24,
            "IVA": 0
        },
        {
            "codigo": "CuVT6opsP6",
            "total": 16,
            "valor_unitario": 701627,
            "descuento": 0.16,
            "IVA": 0
        },
        {
            "codigo": "a2Dm6XOYav",
            "total": 18,
            "valor_unitario": 23780,
            "descuento": 0.17,
            "IVA": 0
        },
        {
            "codigo": "ewHlGBeMZW",
            "total": 13,
            "valor_unitario": 808872,
            "descuento": 0.1,
            "IVA": 5
        },
        {
            "codigo": "fTTXkZG9no",
            "total": 18,
            "valor_unitario": 542011,
            "descuento": 0.15,
            "IVA": 19
        }
    ]
}