{
    "empresa_nit": "456789123",
    "empresa_ciudad": "BOGOTA",
    "empresa_sede": "autopista",
    "empresa_nombre": "Despensa Natura",
    "fecha_hora": "2024-11-03 12:00:18",
    "factura_num": "01116",
    "ciente_numero": 980639611,
    "pago_tipo": "TAR.DEBITO",
    "productos": [
        {
            "codigo": "MV3A6M7W2l",
            "total": 5,
            "valor_unitario": 167632,
            "descuento": 0.23,
            "IVA": 0
        },
        {
            "codigo": "lCoe4tFZmD",
            "total": 7,
            "valor_unitario": 628701,
            "descuento": 0.45,
            "IVA": 0
        },
        {
            "codigo": "PYvzRNqAAx",
            "total": 18,
            "valor_unitario": 774525,
            "descuento": 0.3,
            "IVA": 5
        },
        {
            "codigo": "G98RSGQuEZ",
            "total": 16,
            "valor_unitario": 197587,
            "descuento": 0.07,
            "IVA": 19
        }
    ]
}