{
    "empresa_nit": "456789123",
    "empresa_ciudad": "BARRANQUILLA",
    "empresa_sede": "centro",
    "empresa_nombre": "Despensa Natura",
    "fecha_hora": "2023-01-24 01:09:45",
    "factura_num": "00273",
    "ciente_numero": 432909561,
    "pago_tipo": "TAR.CREDITO",
    "productos": [
        {
            "codigo": "t36Bv1YEOW",
            "total": 5,
            "valor_unitario": 608257,
            "descuento": 0.04,
            "IVA": 5
        },
        {
            "codigo": "6RJmtVWBrX",
            "total": 3,
            "valor_unitario": 764273,
            "descuento": 0.39,
            "IVA": 5
        },
        {
            "codigo": "PpSEkrUtgV",
            "total": 7,
            "valor_unitario": 487018,
            "descuento": 0.17,
            "IVA": 5
        },
        {
            "codigo": "fT6uE66CaT",
            "total": 19,
            "valor_unitario": 314673,
            "descuento": 0.45,
            "IVA": 0
        },
        {
            "codigo": "BqPDyvlZ7n",
            "total": 10,
            "valor_unitario": 184112,
            "descuento": 0.38,
            "IVA": 5
        }
    ]
}