{
    "empresa_nit": "456789123",
    "empresa_ciudad": "BARRANQUILLA",
    "empresa_sede": "autopista",
    "empresa_nombre": "Despensa Natura",
    "fecha_hora": "2021-07-07 14:45:05",
    "factura_num": "00263",
    "ciente_numero": 333551477,
    "pago_tipo": "TAR.CREDITO",
    "productos": [
        {
            "codigo": "PKyWnkGyxR",
            "total": 8,
            "valor_unitario": 538663,
            "descuento": 0.07,
            "IVA": 5
        },
        {
            "codigo": "3jc6aVEz1K",
            "total": 1,
            "valor_unitario": 488916,
            "descuento": 0.07,
            "IVA": 0
        },
        {
            "codigo": "eFDZPq7l5T",
            "total": 10,
            "valor_unitario": 179233,
            "descuento": 0.48,
            "IVA": 0
        },
        {
            "codigo": "FmLO703Bwf",
            "total": 3,
            "valor_unitario": 105619,
            "descuento": 0.36,
            "IVA": 0
        },
        {
            "codigo": "JNtCNGVYpR",
            "total": 9,
            "valor_unitario": 298763,
            "descuento": 0.21,
            "IVA": 0
        },
        {
            "codigo": "2FymBnSdXF",
            "total": 10,
            "valor_unitario": 344422,
            "descuento": 0.28,
            "IVA": 19
        },
        {
            "codigo": "xQ9zTdFjgO",
            "total": 17,
            "valor_unitario": 24202,
            "descuento": 0.09,
            "IVA": 0
        },
        {
            "codigo": "lY8lT9coBt",
            "total": 8,
            "valor_unitario": 471057,
            "descuento": 0.13,
            "IVA": 0
        },
        {
            "codigo": "dpOO8mVCjQ",
            "total": 20,
            "valor_unitario": 896672,
            "descuento": 0.08,
            "IVA": 5
        },
        {
            "codigo": "YBSP7Bcut9",
            "total": 3,
            "valor_unitario": 690833,
            "descuento": 0.41,
            "IVA": 0
        },
        {
            "codigo": "umg4nk6iWW",
            "total": 7,
            "valor_unitario": 105017,
            "descuento": 0.31,
            "IVA": 19
        },
        {
            "codigo": "e13CjpYGFL",
            "total": 11,
            "valor_unitario": 865707,
            "descuento": 0.48,
            "IVA": 0
        }
    ]
}