{
    "empresa_nit": "456789123",
    "empresa_ciudad": "CALI",
    "empresa_sede": "plaza",
    "empresa_nombre": "Despensa Natura",
    "fecha_hora": "2025-02-12 18:28:34",
    "factura_num": "00400",
    "ciente_numero": 62776103,
    "pago_tipo": "TAR.CREDITO",
    "productos": [
        {
            "codigo": "Km2Khl4xUf",
            "total": 13,
            "valor_unitario": 153253,
            "descuento": 0.42,
            "IVA": 5
        },
        {
            "codigo": "J5qi0QFdat",
            "total": 18,
            "valor_unitario": 443778,
            "descuento": 0.45,
            "IVA": 5
        },
        {
            "codigo": "kX5ioA8Izh",
            "total": 11,
            "valor_unitario": 962778,
            "descuento": 0.17,
            "IVA": 5
        },
        {
            "codigo": "nrFKcWpRgu",
            "total": 10,
            "valor_unitario": 334985,
            "descuento": 0.39,
            "IVA": 5
        },
        {
            "codigo": "YuxcNLI55F",
            "total": 4,
            "valor_unitario": 719586,
            "descuento": 0.01,
            "IVA": 0
        },
        {
            "codigo": "KAmjtCK3kP",
            "total": 13,
            "valor_unitario": 809316,
            "descuento": 0.46,
            "IVA": 0
        },
        {
            "codigo": "T7h0z11l0s",
            "total": 15,
            "valor_unitario": 439858,
            "descuento": 0.48,
            "IVA": 19
        },
        {
            "codigo": "E45HF6lVT1",
            "total": 20,
            "valor_unitario": 224727,
            "descuento": 0.25,
            "IVA": 5
        },
        {
            "codigo": "7I3zxNIELk",
            "total": 13,
            "valor_unitario": 868603,
            "descuento": 0.42,
            "IVA": 19
        },
        {
            "codigo": "SB5TnhpjCw",
            "total": 17,
            "valor_unitario": 137342,
            "descuento": 0.05,
            "IVA": 19
        }
    ]
}