{
    "empresa_nit": "456789123",
    "empresa_ciudad": "CALI",
    "empresa_sede": "plaza",
    "empresa_nombre": "Despensa Natura",
    "fecha_hora": "2020-05-19 20:02:46",
    "factura_num": "01043",
    "ciente_numero": 114305942,
    "pago_tipo": "TAR.CREDITO",
    "productos": [
        {
            "codigo": "dyNPCAHfE2",
            "total": 18,
            "valor_unitario": 117494,
            "descuento": 0.49,
            "IVA": 5
        },
        {
            "codigo": "q0nUHQs3go",
            "total": 8,
            "valor_unitario": 992663,
            "descuento": 0.1,
            "IVA": 5
        },
        {
            "codigo": "X7AknkZG6S",
            "total": 2,
            "valor_unitario": 376723,
            "descuento": 0.34,
            "IVA": 0
        },
        {
            "codigo": "gJY4MxBw3I",
            "total": 5,
            "valor_unitario": 785365,
            "descuento": 0.28,
            "IVA": 5
        },
        {
            "codigo": "hOnS4ZIJWG",
            "total": 13,
            "valor_unitario": 700635,
            "descuento": 0.46,
            "IVA": 5
        },
        {
            "codigo": "by44X3yO3g",
            "total": 4,
            "valor_unitario": 796347,
            "descuento": 0.44,
            "IVA": 5
        },
        {
            "codigo": "PXhDFXLMF4",
            "total": 15,
            "valor_unitario": 726493,
            "descuento": 0.34,
            "IVA": 19
        },
        {
            "codigo": "oYHRXORXUw",
            "total": 12,
            "valor_unitario": 314652,
            "descuento": 0.22,
            "IVA": 19
        },
        {
            "codigo": "Ne60sktgHN",
            "total": 9,
            "valor_unitario": 367031,
            "descuento": 0.11,
            "IVA": 19
        },
        {
            "codigo": "mksQejWDvQ",
            "total": 16,
            "valor_unitario": 26083,
            "descuento": 0.05,
            "IVA": 0
        },
        {
            "codigo": "3P3v93FjXD",
            "total": 17,
            "valor_unitario": 658505,
            "descuento": 0.0,
            "IVA": 0
        },
        {
            "codigo": "aERvcNnIrq",
            "total": 2,
            "valor_unitario": 381684,
            "descuento": 0.14,
            "IVA": 0
        },
        {
            "codigo": "ToOr8ZOUtr",
            "total": 15,
            "valor_unitario": 337204,
            "descuento": 0.32,
            "IVA": 5
        },
        {
            "codigo": "wZKC6xWXnc",
            "total": 16,
            "valor_unitario": 98852,
            "descuento": 0.02,
            "IVA": 19
        },
        {
            "codigo": "IjCF707J1l",
            "total": 4,
            "valor_unitario": 50792,
            "descuento": 0.36,
            "IVA": 19
        },
        {
            "codigo": "F51x39OoGR",
            "total": 15,
            "valor_unitario": 842191,
            "descuento": 0.05,
            "IVA": 5
        },
        {
            "codigo": "DQC2iB1UrW",
            "total": 16,
            "valor_unitario": 866314,
            "descuento": 0.19,
            "IVA": 19
        },
        {
            "codigo": "1q3oAIbnca",
            "total": 1,
            "valor_unitario": 737760,
            "descuento": 0.46,
            "IVA": 0
        },
        {
            "codigo": "8b9afoJgyS",
            "total": 7,
            "valor_unitario": 292404,
            "descuento": 0.39,
            "IVA": 0
        },
        {
            "codigo": "E6Oa3LLqZe",
            "total": 9,
            "valor_unitario": 138861,
            "descuento": 0.49,
            "IVA": 0
        }
    ]
}