{
    "empresa_nit": "456789123",
    "empresa_ciudad": "BOGOTA",
    "empresa_sede": "plaza",
    "empresa_nombre": "Despensa Natura",
    "fecha_hora": "2022-07-19 09:25:12",
    "factura_num": "01040",
    "ciente_numero": 301988280,
    "pago_tipo": "EFECTIVO",
    "productos": [
        {
            "codigo": "IbQxW8kA78",
            "total": 20,
            "valor_unitario": 103387,
            "descuento": 0.19,
            "IVA": 0
        },
        {
            "codigo": "LimZgu8jgE",
            "total": 2,
            "valor_unitario": 634086,
            "descuento": 0.41,
            "IVA": 19
        },
        {
            "codigo": "fQGBPm16Zg",
            "total": 1,
            "valor_unitario": 503592,
            "descuento": 0.32,
            "IVA": 5
        },
        {
            "codigo": "MANluZZ6qa",
            "total": 16,
            "valor_unitario": 830781,
            "descuento": 0.47,
            "IVA": 19
        },
        {
            "codigo": "Gi0mhwpYJ5",
            "total": 11,
            "valor_unitario": 92006,
            "descuento": 0.14,
            "IVA": 19
        },
        {
            "codigo": "ycnSDWrCsI",
            "total": 13,
            "valor_unitario": 892252,
            "descuento": 0.39,
            "IVA": 19
        },
        {
            "codigo": "uDWUUjR5Xz",
            "total": 2,
            "valor_unitario": 659293,
            "descuento": 0.17,
            "IVA": 5
        },
        {
            "codigo": "WTKJ7XhgDs",
            "total": 20,
            "valor_unitario": 597373,
            "descuento": 0.23,
            "IVA": 5
        },
        {
            "codigo": "C67tV1aqnG",
            "total": 8,
            "valor_unitario": 261338,
            "descuento": 0.47,
            "IVA": 5
        },
        {
            "codigo": "gVe1iln0sq",
            "total": 10,
            "valor_unitario": 850769,
            "descuento": 0.48,
            "IVA": 0
        },
        {
            "codigo": "gyGPhNBTeY",
            "total": 18,
            "valor_unitario": 158768,
            "descuento": 0.21,
            "IVA": 19
        },
        {
            "codigo": "kn7yI5LXMo",
            "total": 16,
            "valor_unitario": 954810,
            "descuento": 0.38,
            "IVA": 19
        },
        {
            "codigo": "cMapyWhJKp",
            "total": 9,
            "valor_unitario": 629597,
            "descuento": 0.45,
            "IVA": 0
        },
        {
            "codigo": "p6BEARoaCm",
            "total": 17,
            "valor_unitario": 440294,
            "descuento": 0.21,
            "IVA": 19
        },
        {
            "codigo": "QAfJ78o4F9",
            "total": 18,
            "valor_unitario": 737228,
            "descuento": 0.05,
            "IVA": 19
        },
        {
            "codigo": "ejrGFzR8el",
            "total": 15,
            "valor_unitario": 440602,
            "descuento": 0.45,
            "IVA": 19
        },
        {
            "codigo": "YF0lZOzBqO",
            "total": 2,
            "valor_unitario": 401976,
            "descuento": 0.39,
            "IVA": 19
        },
        {
            "codigo": "w1jg9NKhI5",
            "total": 6,
            "valor_unitario": 366334,
            "descuento": 0.31,
            "IVA": 19
        },
        {
            "codigo": "26HaAIWJmn",
            "total": 5,
            "valor_unitario": 251110,
            "descuento": 0.45,
            "IVA": 0
        },
        {
            "codigo": "ViGYkKAuQ4",
            "total": 1,
            "valor_unitario": 424470,
            "descuento": 0.37,
            "IVA": 19
        }
    ]
}