{
    "empresa_nit": "456789123",
    "empresa_ciudad": "BOGOTA",
    "empresa_sede": "autopista",
    "empresa_nombre": "Despensa Natura",
    "fecha_hora": "2020-07-14 16:02:45",
    "factura_num": "00406",
    "ciente_numero": 949709471,
    "pago_tipo": "TRANFERENCIA",
    "productos": [
        {
            "codigo": "YxbskwdKLy",
            "total": 2,
            "valor_unitario": 725540,
            "descuento": 0.5,
            "IVA": 0
        },
        {
            "codigo": "aK6opaAd8l",
            "total": 7,
            "valor_unitario": 731636,
            "descuento": 0.26,
            "IVA": 19
        }
    ]
}