{
    "empresa_nit": "456789123",
    "empresa_ciudad": "MEDELLIN",
    "empresa_sede": "plaza",
    "empresa_nombre": "Despensa Natura",
    "fecha_hora": "2024-12-04 19:26:42",
    "factura_num": "00142",
    "ciente_numero": 623866377,
    "pago_tipo": "TAR.CREDITO",
    "productos": [
        {
            "codigo": "H3b7HrWXUu",
            "total": 2,
            "valor_unitario": 56454,
            "descuento": 0.15,
            "IVA": 5
        },
        {
            "codigo": "b3WHZoF8ye",
            "total": 4,
            "valor_unitario": 781742,
            "descuento": 0.44,
            "IVA": 0
        }
    ]
}