{
    "empresa_nit": "456789123",
    "empresa_ciudad": "CALI",
    "empresa_sede": "alcaldia",
    "empresa_nombre": "Despensa Natura",
    "fecha_hora": "2023-09-28 12:31:41",
    "factura_num": "00221",
    "ciente_numero": 341614989,
    "pago_tipo": "TAR.DEBITO",
    "productos": [
        {
            "codigo": "hkbaRx0fET",
            "total": 6,
            "valor_unitario": 482690,
            "descuento": 0.39,
            "IVA": 0
        },
        {
            "codigo": "SQvJ2Ozl5G",
            "total": 18,
            "valor_unitario": 141734,
            "descuento": 0.25,
            "IVA": 0
        },
        {
            "codigo": "Bx3HmmFRM7",
            "total": 6,
            "valor_unitario": 826756,
            "descuento": 0.38,
            "IVA": 0
        },
        {
            "codigo": "nuLcNuUoEB",
            "total": 18,
            "valor_unitario": 131749,
            "descuento": 0.33,
            "IVA": 5
        },
        {
            "codigo": "H3TOKGGi6E",
            "total": 20,
            "valor_unitario": 32210,
            "descuento": 0.21,
            "IVA": 0
        },
        {
            "codigo": "Aj0TkL0VcU",
            "total": 6,
            "valor_unitario": 560740,
            "descuento": 0.19,
            "IVA": 0
        },
        {
            "codigo": "uBwZYjExUP",
            "total": 8,
            "valor_unitario": 368366,
            "descuento": 0.48,
            "IVA": 5
        },
        {
            "codigo": "oJpn9TCf4C",
            "total": 11,
            "valor_unitario": 671691,
            "descuento": 0.32,
            "IVA": 19
        },
        {
            "codigo": "i7PerDJKGn",
            "total": 18,
            "valor_unitario": 815684,
            "descuento": 0.43,
            "IVA": 0
        },
        {
            "codigo": "9RfOxXujGO",
            "total": 15,
            "valor_unitario": 941038,
            "descuento": 0.07,
            "IVA": 0
        },
        {
            "codigo": "4yGpf1Sa2y",
            "total": 20,
            "valor_unitario": 215420,
            "descuento": 0.04,
            "IVA": 0
        },
        {
            "codigo": "2F58yNJUun",
            "total": 7,
            "valor_unitario": 357480,
            "descuento": 0.31,
            "IVA": 5
        },
        {
            "codigo": "dMCbVvHSHt",
            "total": 13,
            "valor_unitario": 785238,
            "descuento": 0.06,
            "IVA": 5
        },
        {
            "codigo": "8ZH3PoP56u",
            "total": 13,
            "valor_unitario": 160969,
            "descuento": 0.1,
            "IVA": 19
        },
        {
            "codigo": "hIqXYaPU4C",
            "total": 5,
            "valor_unitario": 159284,
            "descuento": 0.26,
            "IVA": 0
        },
        {
            "codigo": "KcjdiOGnar",
            "total": 15,
            "valor_unitario": 889281,
            "descuento": 0.21,
            "IVA": 19
        },
        {
            "codigo": "Euivul575r",
            "total": 3,
            "valor_unitario": 62679,
            "descuento": 0.45,
            "IVA": 0
        }
    ]
}