{
    "empresa_nit": "456789123",
    "empresa_ciudad": "MEDELLIN",
    "empresa_sede": "alcaldia",
    "empresa_nombre": "Despensa Natura",
    "fecha_hora": "2022-05-20 21:23:46",
    "factura_num": "00030",
    "ciente_numero": 60058063,
    "pago_tipo": "EFECTIVO",
    "productos": [
        {
            "codigo": "f4oB681Qau",
            "total": 13,
            "valor_unitario": 348672,
            "descuento": 0.38,
            "IVA": 5
        },
        {
            "codigo": "Ryeaeriher",
            "total": 3,
            "valor_unitario": 679153,
            "descuento": 0.5,
            "IVA": 19
        },
        {
            "codigo": "2XLuGMtrMa",
            "total": 2,
            "valor_unitario": 468501,
            "descuento": 0.05,
            "IVA": 5
        },
        {
            "codigo": "rSSWCAeWqo",
            "total": 6,
            "valor_unitario": 700953,
            "descuento": 0.19,
            "IVA": 0
        },
        {
            "codigo": "PO4WGm2ywL",
            "total": 3,
            "valor_unitario": 364688,
            "descuento": 0.1,
            "IVA": 5
        }
    ]
}