{
    "empresa_nit": "456789123",
    "empresa_ciudad": "TUNJA",
    "empresa_sede": "centro",
    "empresa_nombre": "Despensa Natura",
    "fecha_hora": "2020-05-18 05:08:42",
    "factura_num": "00176",
    "ciente_numero": 863474166,
    "pago_tipo": "TAR.DEBITO",
    "productos": [
        {
            "codigo": "MarYoNPRKr",
            "total": 6,
            "valor_unitario": 965101,
            "descuento": 0.32,
            "IVA": 5
        },
        {
            "codigo": "DSItjeDhbi",
            "total": 15,
            "valor_unitario": 174151,
            "descuento": 0.11,
            "IVA": 19
        },
        {
            "codigo": "4C5GuhZmBw",
            "total": 14,
            "valor_unitario": 339917,
            "descuento": 0.26,
            "IVA": 0
        },
        {
            "codigo": "1ZaGHRdLoN",
            "total": 5,
            "valor_unitario": 69640,
            "descuento": 0.47,
            "IVA": 0
        },
        {
            "codigo": "azmwzEI7uy",
            "total": 6,
            "valor_unitario": 693695,
            "descuento": 0.48,
            "IVA": 0
        },
        {
            "codigo": "nXR4WbW7el",
            "total": 8,
            "valor_unitario": 520141,
            "descuento": 0.19,
            "IVA": 0
        },
        {
            "codigo": "ZfmYYOMLkx",
            "total": 2,
            "valor_unitario": 526569,
            "descuento": 0.04,
            "IVA": 19
        },
        {
            "codigo": "yAWWj4izun",
            "total": 16,
            "valor_unitario": 966329,
            "descuento": 0.13,
            "IVA": 19
        },
        {
            "codigo": "dWifb1b4zn",
            "total": 16,
            "valor_unitario": 114933,
            "descuento": 0.19,
            "IVA": 0
        }
    ]
}