{
    "empresa_nit": "456789123",
    "empresa_ciudad": "BOGOTA",
    "empresa_sede": "autopista",
    "empresa_nombre": "Despensa Natura",
    "fecha_hora": "2024-03-11 15:51:29",
    "factura_num": "00021",
    "ciente_numero": 551652174,
    "pago_tipo": "TRANFERENCIA",
    "productos": [
        {
            "codigo": "5jNF1fE0QG",
            "total": 7,
            "valor_unitario": 668710,
            "descuento": 0.42,
            "IVA": 0
        },
        {
            "codigo": "W60Io91d11",
            "total": 12,
            "valor_unitario": 566331,
            "descuento": 0.38,
            "IVA": 0
        },
        {
            "codigo": "RglZTPmFAz",
            "total": 17,
            "valor_unitario": 740574,
            "descuento": 0.28,
            "IVA": 0
        },
        {
            "codigo": "2qBghD0HHx",
            "total": 14,
            "valor_unitario": 731306,
            "descuento": 0.15,
            "IVA": 19
        },
        {
            "codigo": "EnH8z0ZWcb",
            "total": 2,
            "valor_unitario": 434458,
            "descuento": 0.47,
            "IVA": 0
        },
        {
            "codigo": "tfsej7uTFL",
            "total": 4,
            "valor_unitario": 291650,
            "descuento": 0.14,
            "IVA": 5
        },
        {
            "codigo": "km4d51P8sV",
            "total": 5,
            "valor_unitario": 410281,
            "descuento": 0.09,
            "IVA": 19
        },
        {
            "codigo": "KuqtidY2zh",
            "total": 1,
            "valor_unitario": 627468,
            "descuento": 0.16,
            "IVA": 5
        },
        {
            "codigo": "MQEcy3Kkgj",
            "total": 11,
            "valor_unitario": 161532,
            "descuento": 0.12,
            "IVA": 19
        },
        {
            "codigo": "c30IoxjXhB",
            "total": 6,
            "valor_unitario": 363474,
            "descuento": 0.09,
            "IVA": 5
        },
        {
            "codigo": "cBLvY57PmX",
            "total": 17,
            "valor_unitario": 881248,
            "descuento": 0.2,
            "IVA": 5
        },
        {
            "codigo": "2bCs7VN271",
            "total": 13,
            "valor_unitario": 729511,
            "descuento": 0.29,
            "IVA": 5
        },
        {
            "codigo": "zQL9xlSSxF",
            "total": 18,
            "valor_unitario": 358905,
            "descuento": 0.18,
            "IVA": 0
        },
        {
            "codigo": "AecZukxzC4",
            "total": 10,
            "valor_unitario": 470620,
            "descuento": 0.36,
            "IVA": 19
        },
        {
            "codigo": "NJQtmNdDlC",
            "total": 20,
            "valor_unitario": 297146,
            "descuento": 0.32,
            "IVA": 5
        },
        {
            "codigo": "2YN14dJIqt",
            "total": 20,
            "valor_unitario": 999322,
            "descuento": 0.02,
            "IVA": 0
        },
        {
            "codigo": "ukIG8Yw0Ok",
            "total": 17,
            "valor_unitario": 820720,
            "descuento": 0.23,
            "IVA": 0
        },
        {
            "codigo": "7iYbAubn2j",
            "total": 12,
            "valor_unitario": 211354,
            "descuento": 0.39,
            "IVA": 5
        }
    ]
}