{
    "empresa_nit": "456789123",
    "empresa_ciudad": "MEDELLIN",
    "empresa_sede": "terminal",
    "empresa_nombre": "Despensa Natura",
    "fecha_hora": "2021-11-24 03:17:55",
    "factura_num": "00286",
    "ciente_numero": 212279208,
    "pago_tipo": "TRANFERENCIA",
    "productos": [
        {
            "codigo": "IxuXuD6hKP",
            "total": 18,
            "valor_unitario": 573193,
            "descuento": 0.44,
            "IVA": 19
        },
        {
            "codigo": "Je6e2KPvfz",
            "total": 13,
            "valor_unitario": 828561,
            "descuento": 0.3,
            "IVA": 0
        },
        {
            "codigo": "XYUEVDJjhW",
            "total": 11,
            "valor_unitario": 385736,
            "descuento": 0.41,
            "IVA": 0
        },
        {
            "codigo": "kZFbr19PZm",
            "total": 4,
            "valor_unitario": 771322,
            "descuento": 0.0,
            "IVA": 0
        },
        {
            "codigo": "E3Lrd4thxF",
            "total": 15,
            "valor_unitario": 687404,
            "descuento": 0.43,
            "IVA": 19
        },
        {
            "codigo": "Uz519ZZhZA",
            "total": 6,
            "valor_unitario": 971309,
            "descuento": 0.12,
            "IVA": 19
        }
    ]
}