{
    "empresa_nit": "456789123",
    "empresa_ciudad": "MEDELLIN",
    "empresa_sede": "aeropuerto",
    "empresa_nombre": "Despensa Natura",
    "fecha_hora": "2020-06-20 16:04:18",
    "factura_num": "00297",
    "ciente_numero": 342063281,
    "pago_tipo": "TRANFERENCIA",
    "productos": [
        {
            "codigo": "GAozdAqDRJ",
            "total": 17,
            "valor_unitario": 603539,
            "descuento": 0.32,
            "IVA": 0
        },
        {
            "codigo": "C6R9QER3EO",
            "total": 12,
            "valor_unitario": 254196,
            "descuento": 0.0,
            "IVA": 19
        },
        {
            "codigo": "ccGz8mIUK6",
            "total": 2,
            "valor_unitario": 28993,
            "descuento": 0.26,
            "IVA": 5
        },
        {
            "codigo": "SsnVfSopyZ",
            "total": 9,
            "valor_unitario": 752834,
            "descuento": 0.41,
            "IVA": 19
        },
        {
            "codigo": "6UqU1bKhJP",
            "total": 19,
            "valor_unitario": 651807,
            "descuento": 0.43,
            "IVA": 5
        },
        {
            "codigo": "OL8uqDavtb",
            "total": 9,
            "valor_unitario": 826112,
            "descuento": 0.41,
            "IVA": 0
        },
        {
            "codigo": "Qyfosw7MkI",
            "total": 14,
            "valor_unitario": 300901,
            "descuento": 0.12,
            "IVA": 0
        },
        {
            "codigo": "Lf9hCR37HT",
            "total": 9,
            "valor_unitario": 263014,
            "descuento": 0.13,
            "IVA": 5
        },
        {
            "codigo": "uDvGvNFYmU",
            "total": 8,
            "valor_unitario": 73589,
            "descuento": 0.15,
            "IVA": 0
        },
        {
            "codigo": "QomZ8tbcuv",
            "total": 4,
            "valor_unitario": 128273,
            "descuento": 0.1,
            "IVA": 19
        },
        {
            "codigo": "ixdIEf0TUA",
            "total": 16,
            "valor_unitario": 877928,
            "descuento": 0.26,
            "IVA": 19
        },
        {
            "codigo": "I1ciCjafrH",
            "total": 2,
            "valor_unitario": 465461,
            "descuento": 0.06,
            "IVA": 5
        },
        {
            "codigo": "i1clmaUA7J",
            "total": 7,
            "valor_unitario": 167409,
            "descuento": 0.14,
            "IVA": 0
        },
        {
            "codigo": "rv1CZFqMIa",
            "total": 9,
            "valor_unitario": 96611,
            "descuento": 0.28,
            "IVA": 5
        },
        {
            "codigo": "1T17dvIwB1",
            "total": 20,
            "valor_unitario": 750014,
            "descuento": 0.01,
            "IVA": 5
        },
        {
            "codigo": "yhUFofXfXJ",
            "total": 15,
            "valor_unitario": 442179,
            "descuento": 0.01,
            "IVA": 5
        },
        {
            "codigo": "kOADNRVSxg",
            "total": 9,
            "valor_unitario": 12218,
            "descuento": 0.26,
            "IVA": 19
        }
    ]
}