{
    "empresa_nit": "456789123",
    "empresa_ciudad": "BOGOTA",
    "empresa_sede": "centro",
    "empresa_nombre": "Despensa Natura",
    "fecha_hora": "2023-08-18 22:41:03",
    "factura_num": "01050",
    "ciente_numero": 173429352,
    "pago_tipo": "EFECTIVO",
    "productos": [
        {
            "codigo": "uCn1YVddHb",
            "total": 18,
            "valor_unitario": 358853,
            "descuento": 0.33,
            "IVA": 19
        },
        {
            "codigo": "ey4370RWSX",
            "total": 5,
            "valor_unitario": 837669,
            "descuento": 0.29,
            "IVA": 0
        },
        {
            "codigo": "GVEe9nWggo",
            "total": 2,
            "valor_unitario": 341632,
            "descuento": 0.03,
            "IVA": 5
        },
        {
            "codigo": "40Lr71yIXF",
            "total": 16,
            "valor_unitario": 792543,
            "descuento": 0.21,
            "IVA": 19
        },
        {
            "codigo": "W5uM2VDyyC",
            "total": 2,
            "valor_unitario": 357548,
            "descuento": 0.08,
            "IVA": 19
        }
    ]
}