{
    "empresa_nit": "456789123",
    "empresa_ciudad": "MEDELLIN",
    "empresa_sede": "alcaldia",
    "empresa_nombre": "Despensa Natura",
    "fecha_hora": "2022-08-04 03:56:03",
    "factura_num": "00039",
    "ciente_numero": 476956297,
    "pago_tipo": "EFECTIVO",
    "productos": [
        {
            "codigo": "HrTW4t3UL6",
            "total": 16,
            "valor_unitario": 13291,
            "descuento": 0.15,
            "IVA": 19
        },
        {
            "codigo": "RK0TJIjSKR",
            "total": 7,
            "valor_unitario": 992513,
            "descuento": 0.31,
            "IVA": 0
        },
        {
            "codigo": "dIXpSlcMkM",
            "total": 2,
            "valor_unitario": 205746,
            "descuento": 0.46,
            "IVA": 19
        },
        {
            "codigo": "ERdHwd1F3k",
            "total": 8,
            "valor_unitario": 933811,
            "descuento": 0.35,
            "IVA": 5
        }
    ]
}