{
    "empresa_nit": "456789123",
    "empresa_ciudad": "MEDELLIN",
    "empresa_sede": "terminal",
    "empresa_nombre": "Despensa Natura",
    "fecha_hora": "2022-12-14 10:43:37",
    "factura_num": "00344",
    "ciente_numero": 157271460,
    "pago_tipo": "TAR.CREDITO",
    "productos": [
        {
            "codigo": "KjDZdMfo3J",
            "total": 5,
            "valor_unitario": 602200,
            "descuento": 0.35,
            "IVA": 0
        },
        {
            "codigo": "ag4emPIiqX",
            "total": 17,
            "valor_unitario": 583548,
            "descuento": 0.04,
            "IVA": 0
        },
        {
            "codigo": "GhAqwAcmCy",
            "total": 20,
            "valor_unitario": 425013,
            "descuento": 0.06,
            "IVA": 19
        },
        {
            "codigo": "HGdIdEjzH6",
            "total": 3,
            "valor_unitario": 960375,
            "descuento": 0.24,
            "IVA": 5
        },
        {
            "codigo": "Bpx0PtQoSG",
            "total": 16,
            "valor_unitario": 634141,
            "descuento": 0.41,
            "IVA": 0
        },
        {
            "codigo": "AmvULXEIRg",
            "total": 15,
            "valor_unitario": 968392,
            "descuento": 0.2,
            "IVA": 0
        },
        {
            "codigo": "UWMjFPZSC5",
            "total": 1,
            "valor_unitario": 160453,
            "descuento": 0.32,
            "IVA": 19
        },
        {
            "codigo": "7PmYU0eNMg",
            "total": 17,
            "valor_unitario": 794457,
            "descuento": 0.34,
            "IVA": 5
        },
        {
            "codigo": "Ju3JZosaaA",
            "total": 13,
            "valor_unitario": 565460,
            "descuento": 0.1,
            "IVA": 0
        },
        {
            "codigo": "fnZKSbDZ8Z",
            "total": 9,
            "valor_unitario": 497692,
            "descuento": 0.07,
            "IVA": 0
        },
        {
            "codigo": "Epr7MX15fP",
            "total": 11,
            "valor_unitario": 101524,
            "descuento": 0.03,
            "IVA": 19
        },
        {
            "codigo": "ljMtnZq8Dm",
            "total": 18,
            "valor_unitario": 281816,
            "descuento": 0.12,
            "IVA": 0
        },
        {
            "codigo": "CkRHx7yTH1",
            "total": 19,
            "valor_unitario": 801328,
            "descuento": 0.32,
            "IVA": 19
        },
        {
            "codigo": "c764jG0KRq",
            "total": 20,
            "valor_unitario": 174266,
            "descuento": 0.32,
            "IVA": 5
        },
        {
            "codigo": "DQ2MnzcY28",
            "total": 20,
            "valor_unitario": 350995,
            "descuento": 0.37,
            "IVA": 19
        },
        {
            "codigo": "U8MTVe7dHV",
            "total": 6,
            "valor_unitario": 343290,
            "descuento": 0.04,
            "IVA": 0
        },
        {
            "codigo": "1Vc6fGSkcZ",
            "total": 13,
            "valor_unitario": 290688,
            "descuento": 0.41,
            "IVA": 19
        },
        {
            "codigo": "i7nLMUpacJ",
            "total": 19,
            "valor_unitario": 928119,
            "descuento": 0.18,
            "IVA": 19
        }
    ]
}