{
    "empresa_nit": "456789123",
    "empresa_ciudad": "MEDELLIN",
    "empresa_sede": "alcaldia",
    "empresa_nombre": "Despensa Natura",
    "fecha_hora": "2020-11-29 09:49:14",
    "factura_num": "00389",
    "ciente_numero": 505568303,
    "pago_tipo": "EFECTIVO",
    "productos": [
        {
            "codigo": "EAsTMvjA6I",
            "total": 13,
            "valor_unitario": 634154,
            "descuento": 0.14,
            "IVA": 19
        },
        {
            "codigo": "HSKHjKDuIR",
            "total": 9,
            "valor_unitario": 45137,
            "descuento": 0.31,
            "IVA": 0
        },
        {
            "codigo": "DTA58FAAKe",
            "total": 13,
            "valor_unitario": 563555,
            "descuento": 0.27,
            "IVA": 19
        },
        {
            "codigo": "x5CNe7lRpj",
            "total": 20,
            "valor_unitario": 935432,
            "descuento": 0.29,
            "IVA": 19
        },
        {
            "codigo": "bV2GkWaBFN",
            "total": 10,
            "valor_unitario": 271504,
            "descuento": 0.32,
            "IVA": 5
        }
    ]
}