{
    "empresa_nit": "456789123",
    "empresa_ciudad": "TUNJA",
    "empresa_sede": "alcaldia",
    "empresa_nombre": "Despensa Natura",
    "fecha_hora": "2023-02-22 11:17:33",
    "factura_num": "00253",
    "ciente_numero": 314478983,
    "pago_tipo": "TAR.DEBITO",
    "productos": [
        {
            "codigo": "9WhcyFOEOR",
            "total": 10,
            "valor_unitario": 571692,
            "descuento": 0.35,
            "IVA": 0
        },
        {
            "codigo": "zKIftCsKIa",
            "total": 9,
            "valor_unitario": 123903,
            "descuento": 0.25,
            "IVA": 5
        },
        {
            "codigo": "eg9ebGWq8w",
            "total": 19,
            "valor_unitario": 232157,
            "descuento": 0.08,
            "IVA": 0
        },
        {
            "codigo": "0Zakqy69Xz",
            "total": 15,
            "valor_unitario": 755918,
            "descuento": 0.31,
            "IVA": 5
        },
        {
            "codigo": "XanYSlhWcA",
            "total": 14,
            "valor_unitario": 782572,
            "descuento": 0.08,
            "IVA": 5
        },
        {
            "codigo": "i3yM5gkhZt",
            "total": 1,
            "valor_unitario": 19981,
            "descuento": 0.48,
            "IVA": 0
        }
    ]
}