{
    "empresa_nit": "456789123",
    "empresa_ciudad": "CALI",
    "empresa_sede": "plaza",
    "empresa_nombre": "Despensa Natura",
    "fecha_hora": "2024-04-25 05:44:23",
    "factura_num": "00275",
    "ciente_numero": 441423207,
    "pago_tipo": "TAR.CREDITO",
    "productos": [
        {
            "codigo": "fce4OLF3bu",
            "total": 1,
            "valor_unitario": 873505,
            "descuento": 0.41,
            "IVA": 19
        },
        {
            "codigo": "rqzeX6wVXA",
            "total": 18,
            "valor_unitario": 972128,
            "descuento": 0.3,
            "IVA": 5
        },
        {
            "codigo": "gim829Jt68",
            "total": 16,
            "valor_unitario": 178650,
            "descuento": 0.41,
            "IVA": 19
        },
        {
            "codigo": "qBIRCri8qy",
            "total": 16,
            "valor_unitario": 2781,
            "descuento": 0.32,
            "IVA": 19
        },
        {
            "codigo": "lfd90BHb67",
            "total": 13,
            "valor_unitario": 376132,
            "descuento": 0.42,
            "IVA": 19
        },
        {
            "codigo": "RYNcC6PtNb",
            "total": 16,
            "valor_unitario": 844852,
            "descuento": 0.38,
            "IVA": 5
        },
        {
            "codigo": "AdRDTzDZGO",
            "total": 1,
            "valor_unitario": 335924,
            "descuento": 0.3,
            "IVA": 19
        },
        {
            "codigo": "zS6kcPCAiT",
            "total": 19,
            "valor_unitario": 928875,
            "descuento": 0.02,
            "IVA": 0
        },
        {
            "codigo": "zZskIyi7eE",
            "total": 9,
            "valor_unitario": 771411,
            "descuento": 0.27,
            "IVA": 19
        },
        {
            "codigo": "SlDtUQeX6i",
            "total": 13,
            "valor_unitario": 596853,
            "descuento": 0.42,
            "IVA": 5
        },
        {
            "codigo": "6Q2dNcL2Rr",
            "total": 1,
            "valor_unitario": 993390,
            "descuento": 0.38,
            "IVA": 0
        },
        {
            "codigo": "BGN3S7o7Gl",
            "total": 10,
            "valor_unitario": 804806,
            "descuento": 0.04,
            "IVA": 19
        }
    ]
}