{
    "empresa_nit": "456789123",
    "empresa_ciudad": "BOGOTA",
    "empresa_sede": "terminal",
    "empresa_nombre": "Despensa Natura",
    "fecha_hora": "2020-02-03 10:29:42",
    "factura_num": "00295",
    "ciente_numero": 577904536,
    "pago_tipo": "TAR.DEBITO",
    "productos": [
        {
            "codigo": "hGyGQuwF4c",
            "total": 14,
            "valor_unitario": 435328,
            "descuento": 0.46,
            "IVA": 0
        },
        {
            "codigo": "26k4GdEnGY",
            "total": 13,
            "valor_unitario": 586507,
            "descuento": 0.09,
            "IVA": 19
        },
        {
            "codigo": "7MeCvksr2j",
            "total": 1,
            "valor_unitario": 669819,
            "descuento": 0.17,
            "IVA": 0
        },
        {
            "codigo": "De6cWXesZH",
            "total": 2,
            "valor_unitario": 36473,
            "descuento": 0.29,
            "IVA": 19
        },
        {
            "codigo": "UzHKVubmbv",
            "total": 16,
            "valor_unitario": 539702,
            "descuento": 0.14,
            "IVA": 0
        },
        {
            "codigo": "hq9DxguBlM",
            "total": 16,
            "valor_unitario": 931089,
            "descuento": 0.33,
            "IVA": 19
        },
        {
            "codigo": "2JLDF9ZQO0",
            "total": 10,
            "valor_unitario": 252050,
            "descuento": 0.36,
            "IVA": 5
        },
        {
            "codigo": "ctJ7cogSfP",
            "total": 19,
            "valor_unitario": 737515,
            "descuento": 0.34,
            "IVA": 5
        },
        {
            "codigo": "fgPFynasD8",
            "total": 12,
            "valor_unitario": 807415,
            "descuento": 0.42,
            "IVA": 5
        },
        {
            "codigo": "COUwg4FX8m",
            "total": 6,
            "valor_unitario": 597962,
            "descuento": 0.26,
            "IVA": 5
        },
        {
            "codigo": "ZVvjV0J99g",
            "total": 14,
            "valor_unitario": 515102,
            "descuento": 0.31,
            "IVA": 19
        },
        {
            "codigo": "3AA815LNXu",
            "total": 17,
            "valor_unitario": 155079,
            "descuento": 0.34,
            "IVA": 5
        },
        {
            "codigo": "RxgMjge1ea",
            "total": 13,
            "valor_unitario": 524053,
            "descuento": 0.2,
            "IVA": 19
        },
        {
            "codigo": "qWasNa7Ikd",
            "total": 13,
            "valor_unitario": 854363,
            "descuento": 0.46,
            "IVA": 19
        },
        {
            "codigo": "KqmvcMSq3W",
            "total": 11,
            "valor_unitario": 480665,
            "descuento": 0.46,
            "IVA": 19
        },
        {
            "codigo": "EBub7UlDBU",
            "total": 2,
            "valor_unitario": 21168,
            "descuento": 0.13,
            "IVA": 5
        },
        {
            "codigo": "EHv09WuY3k",
            "total": 2,
            "valor_unitario": 88333,
            "descuento": 0.21,
            "IVA": 0
        },
        {
            "codigo": "T1JB6MAfIv",
            "total": 13,
            "valor_unitario": 33880,
            "descuento": 0.06,
            "IVA": 0
        }
    ]
}