{
    "empresa_nit": "456789123",
    "empresa_ciudad": "TUNJA",
    "empresa_sede": "terminal",
    "empresa_nombre": "Despensa Natura",
    "fecha_hora": "2022-11-06 14:03:13",
    "factura_num": "01088",
    "ciente_numero": 876136835,
    "pago_tipo": "TAR.CREDITO",
    "productos": [
        {
            "codigo": "a3B1OFo1Tl",
            "total": 7,
            "valor_unitario": 249879,
            "descuento": 0.35,
            "IVA": 0
        },
        {
            "codigo": "QulG5aHkHX",
            "total": 1,
            "valor_unitario": 567438,
            "descuento": 0.16,
            "IVA": 19
        },
        {
            "codigo": "CPo1fmiikD",
            "total": 20,
            "valor_unitario": 59069,
            "descuento": 0.06,
            "IVA": 0
        },
        {
            "codigo": "d55jioo7vk",
            "total": 4,
            "valor_unitario": 572916,
            "descuento": 0.21,
            "IVA": 19
        },
        {
            "codigo": "vKALaE6R2H",
            "total": 9,
            "valor_unitario": 951881,
            "descuento": 0.31,
            "IVA": 5
        },
        {
            "codigo": "NPqtzsNmhv",
            "total": 3,
            "valor_unitario": 818751,
            "descuento": 0.3,
            "IVA": 19
        },
        {
            "codigo": "mDBenjtSWT",
            "total": 9,
            "valor_unitario": 162319,
            "descuento": 0.27,
            "IVA": 0
        },
        {
            "codigo": "Mcdw92vdc2",
            "total": 14,
            "valor_unitario": 924337,
            "descuento": 0.39,
            "IVA": 5
        },
        {
            "codigo": "HCFl42oQs6",
            "total": 12,
            "valor_unitario": 814952,
            "descuento": 0.47,
            "IVA": 0
        },
        {
            "codigo": "7MCt43VO2E",
            "total": 8,
            "valor_unitario": 745119,
            "descuento": 0.45,
            "IVA": 19
        },
        {
            "codigo": "tIuXCFJqCZ",
            "total": 5,
            "valor_unitario": 543248,
            "descuento": 0.11,
            "IVA": 5
        },
        {
            "codigo": "abOqrWDuAM",
            "total": 18,
            "valor_unitario": 107610,
            "descuento": 0.44,
            "IVA": 19
        },
        {
            "codigo": "LhCpuD2Pvq",
            "total": 17,
            "valor_unitario": 392730,
            "descuento": 0.19,
            "IVA": 0
        },
        {
            "codigo": "dZEiC4uSXT",
            "total": 14,
            "valor_unitario": 715491,
            "descuento": 0.49,
            "IVA": 19
        },
        {
            "codigo": "QnoJBIIGdN",
            "total": 14,
            "valor_unitario": 465698,
            "descuento": 0.4,
            "IVA": 0
        },
        {
            "codigo": "U9bJD6Q0Bb",
            "total": 11,
            "valor_unitario": 381740,
            "descuento": 0.14,
            "IVA": 19
        },
        {
            "codigo": "DhUqqVhIO8",
            "total": 13,
            "valor_unitario": 150699,
            "descuento": 0.48,
            "IVA": 19
        },
        {
            "codigo": "yxZUBdMvRH",
            "total": 1,
            "valor_unitario": 310888,
            "descuento": 0.22,
            "IVA": 5
        },
        {
            "codigo": "VU4CEhLWo9",
            "total": 14,
            "valor_unitario": 767068,
            "descuento": 0.21,
            "IVA": 0
        },
        {
            "codigo": "rZN8WKIaYh",
            "total": 15,
            "valor_unitario": 372161,
            "descuento": 0.41,
            "IVA": 0
        }
    ]
}