{
    "empresa_nit": "456789123",
    "empresa_ciudad": "BOGOTA",
    "empresa_sede": "aeropuerto",
    "empresa_nombre": "Despensa Natura",
    "fecha_hora": "2023-12-03 08:24:36",
    "factura_num": "01004",
    "ciente_numero": 441663092,
    "pago_tipo": "TAR.CREDITO",
    "productos": [
        {
            "codigo": "cNe3HZFYOZ",
            "total": 20,
            "valor_unitario": 103205,
            "descuento": 0.2,
            "IVA": 19
        },
        {
            "codigo": "CPg4gb182s",
            "total": 4,
            "valor_unitario": 529483,
            "descuento": 0.28,
            "IVA": 19
        },
        {
            "codigo": "fCALvzYgi0",
            "total": 5,
            "valor_unitario": 713586,
            "descuento": 0.15,
            "IVA": 19
        },
        {
            "codigo": "lmi4K8d5Sj",
            "total": 2,
            "valor_unitario": 19168,
            "descuento": 0.05,
            "IVA": 0
        },
        {
            "codigo": "iEK9oMd4j6",
            "total": 14,
            "valor_unitario": 679537,
            "descuento": 0.12,
            "IVA": 0
        },
        {
            "codigo": "BCWGqNMTNp",
            "total": 3,
            "valor_unitario": 409582,
            "descuento": 0.01,
            "IVA": 5
        },
        {
            "codigo": "rWPO9FyAbX",
            "total": 7,
            "valor_unitario": 286360,
            "descuento": 0.49,
            "IVA": 0
        },
        {
            "codigo": "SJYoPLHKU2",
            "total": 17,
            "valor_unitario": 169119,
            "descuento": 0.35,
            "IVA": 5
        },
        {
            "codigo": "HEzd3SPP8p",
            "total": 19,
            "valor_unitario": 602801,
            "descuento": 0.43,
            "IVA": 5
        },
        {
            "codigo": "8g8LAE8neD",
            "total": 14,
            "valor_unitario": 148738,
            "descuento": 0.25,
            "IVA": 5
        },
        {
            "codigo": "64Hq98T23r",
            "total": 1,
            "valor_unitario": 831367,
            "descuento": 0.42,
            "IVA": 5
        },
        {
            "codigo": "K1BoessrZl",
            "total": 8,
            "valor_unitario": 528155,
            "descuento": 0.15,
            "IVA": 0
        },
        {
            "codigo": "D54YPBfJW0",
            "total": 11,
            "valor_unitario": 661413,
            "descuento": 0.12,
            "IVA": 0
        },
        {
            "codigo": "ybjSw6zhHr",
            "total": 3,
            "valor_unitario": 172534,
            "descuento": 0.17,
            "IVA": 19
        },
        {
            "codigo": "JIayW36ALf",
            "total": 15,
            "valor_unitario": 180816,
            "descuento": 0.31,
            "IVA": 19
        },
        {
            "codigo": "laIlYqGDfF",
            "total": 19,
            "valor_unitario": 883440,
            "descuento": 0.4,
            "IVA": 19
        },
        {
            "codigo": "2rqf2KW0s3",
            "total": 19,
            "valor_unitario": 688879,
            "descuento": 0.19,
            "IVA": 5
        }
    ]
}