{
    "empresa_nit": "456789123",
    "empresa_ciudad": "BOGOTA",
    "empresa_sede": "terminal",
    "empresa_nombre": "Despensa Natura",
    "fecha_hora": "2022-03-31 15:43:17",
    "factura_num": "00300",
    "ciente_numero": 678443144,
    "pago_tipo": "TAR.CREDITO",
    "productos": [
        {
            "codigo": "tGNcJuT1Wt",
            "total": 3,
            "valor_unitario": 305280,
            "descuento": 0.36,
            "IVA": 5
        },
        {
            "codigo": "9rQZKjitv4",
            "total": 20,
            "valor_unitario": 169555,
            "descuento": 0.21,
            "IVA": 19
        },
        {
            "codigo": "bit1i3XrMm",
            "total": 3,
            "valor_unitario": 515015,
            "descuento": 0.09,
            "IVA": 5
        }
    ]
}