{
    "empresa_nit": "456789123",
    "empresa_ciudad": "MEDELLIN",
    "empresa_sede": "centro",
    "empresa_nombre": "Despensa Natura",
    "fecha_hora": "2024-06-03 09:54:36",
    "factura_num": "01033",
    "ciente_numero": 388197109,
    "pago_tipo": "EFECTIVO",
    "productos": [
        {
            "codigo": "4Zdj33zmL4",
            "total": 15,
            "valor_unitario": 978713,
            "descuento": 0.46,
            "IVA": 0
        },
        {
            "codigo": "meOR3BEnSM",
            "total": 3,
            "valor_unitario": 979494,
            "descuento": 0.39,
            "IVA": 19
        },
        {
            "codigo": "cd7OGiwe0C",
            "total": 13,
            "valor_unitario": 207584,
            "descuento": 0.3,
            "IVA": 5
        },
        {
            "codigo": "yTOd9A2O9b",
            "total": 1,
            "valor_unitario": 173693,
            "descuento": 0.26,
            "IVA": 19
        },
        {
            "codigo": "WkPw1Sv9Vw",
            "total": 17,
            "valor_unitario": 343575,
            "descuento": 0.19,
            "IVA": 0
        },
        {
            "codigo": "As7PAUPZoo",
            "total": 11,
            "valor_unitario": 854164,
            "descuento": 0.18,
            "IVA": 5
        },
        {
            "codigo": "xMA1uWwmcg",
            "total": 2,
            "valor_unitario": 822968,
            "descuento": 0.11,
            "IVA": 19
        },
        {
            "codigo": "h2PJguJERp",
            "total": 17,
            "valor_unitario": 469726,
            "descuento": 0.49,
            "IVA": 19
        },
        {
            "codigo": "2o3YwDZiz4",
            "total": 16,
            "valor_unitario": 482750,
            "descuento": 0.04,
            "IVA": 19
        }
    ]
}