{
    "empresa_nit": "456789123",
    "empresa_ciudad": "BOGOTA",
    "empresa_sede": "plaza",
    "empresa_nombre": "Despensa Natura",
    "fecha_hora": "2024-07-19 05:08:54",
    "factura_num": "01139",
    "ciente_numero": 847148582,
    "pago_tipo": "EFECTIVO",
    "productos": [
        {
            "codigo": "OOlHWjnuq5",
            "total": 17,
            "valor_unitario": 645647,
            "descuento": 0.13,
            "IVA": 19
        },
        {
            "codigo": "4dbZ0aO4at",
            "total": 2,
            "valor_unitario": 469421,
            "descuento": 0.49,
            "IVA": 19
        },
        {
            "codigo": "jkph9qT4FX",
            "total": 8,
            "valor_unitario": 991527,
            "descuento": 0.24,
            "IVA": 0
        },
        {
            "codigo": "5M4PMWPAnM",
            "total": 15,
            "valor_unitario": 904620,
            "descuento": 0.39,
            "IVA": 5
        },
        {
            "codigo": "tjSqcaMhKV",
            "total": 11,
            "valor_unitario": 494866,
            "descuento": 0.08,
            "IVA": 19
        },
        {
            "codigo": "IrWI5FFNK9",
            "total": 7,
            "valor_unitario": 950509,
            "descuento": 0.28,
            "IVA": 0
        },
        {
            "codigo": "Yrml2UR4Dx",
            "total": 14,
            "valor_unitario": 569505,
            "descuento": 0.38,
            "IVA": 0
        },
        {
            "codigo": "aM36RmKhub",
            "total": 5,
            "valor_unitario": 723344,
            "descuento": 0.37,
            "IVA": 19
        },
        {
            "codigo": "ZNqXUXS6jj",
            "total": 15,
            "valor_unitario": 349678,
            "descuento": 0.21,
            "IVA": 0
        },
        {
            "codigo": "wgeNkEk693",
            "total": 7,
            "valor_unitario": 970890,
            "descuento": 0.5,
            "IVA": 19
        },
        {
            "codigo": "1iUYdalKIB",
            "total": 11,
            "valor_unitario": 775114,
            "descuento": 0.36,
            "IVA": 0
        },
        {
            "codigo": "tahSC8pbn3",
            "total": 15,
            "valor_unitario": 426189,
            "descuento": 0.12,
            "IVA": 19
        },
        {
            "codigo": "LbuJgIhKFr",
            "total": 2,
            "valor_unitario": 587631,
            "descuento": 0.12,
            "IVA": 19
        },
        {
            "codigo": "g3FdmIq0tf",
            "total": 6,
            "valor_unitario": 607995,
            "descuento": 0.36,
            "IVA": 0
        },
        {
            "codigo": "xNhEzI7zQK",
            "total": 19,
            "valor_unitario": 347409,
            "descuento": 0.27,
            "IVA": 19
        },
        {
            "codigo": "nmkNPm3QSK",
            "total": 2,
            "valor_unitario": 639435,
            "descuento": 0.22,
            "IVA": 5
        },
        {
            "codigo": "S38Nft9Thh",
            "total": 2,
            "valor_unitario": 151809,
            "descuento": 0.39,
            "IVA": 0
        },
        {
            "codigo": "FYT9uHM0QV",
            "total": 16,
            "valor_unitario": 462067,
            "descuento": 0.01,
            "IVA": 19
        },
        {
            "codigo": "cWfAGXZAXj",
            "total": 13,
            "valor_unitario": 684005,
            "descuento": 0.12,
            "IVA": 5
        }
    ]
}