{
    "empresa_nit": "456789123",
    "empresa_ciudad": "CALI",
    "empresa_sede": "aeropuerto",
    "empresa_nombre": "Despensa Natura",
    "fecha_hora": "2023-12-02 09:10:10",
    "factura_num": "00243",
    "ciente_numero": 790248298,
    "pago_tipo": "TRANFERENCIA",
    "productos": [
        {
            "codigo": "RKAnm0OzGj",
            "total": 19,
            "valor_unitario": 315494,
            "descuento": 0.44,
            "IVA": 0
        },
        {
            "codigo": "wC8aUhnPqC",
            "total": 12,
            "valor_unitario": 256959,
            "descuento": 0.36,
            "IVA": 19
        },
        {
            "codigo": "mPvmyyNnRw",
            "total": 17,
            "valor_unitario": 987625,
            "descuento": 0.21,
            "IVA": 0
        },
        {
            "codigo": "fyri6ohvQb",
            "total": 5,
            "valor_unitario": 857080,
            "descuento": 0.42,
            "IVA": 0
        },
        {
            "codigo": "3Je0ot0JBj",
            "total": 12,
            "valor_unitario": 48078,
            "descuento": 0.42,
            "IVA": 5
        },
        {
            "codigo": "37zIXqWjD2",
            "total": 14,
            "valor_unitario": 343261,
            "descuento": 0.49,
            "IVA": 5
        },
        {
            "codigo": "qn8Mfuoo0K",
            "total": 11,
            "valor_unitario": 256880,
            "descuento": 0.32,
            "IVA": 19
        },
        {
            "codigo": "EGvdSFJokm",
            "total": 2,
            "valor_unitario": 793782,
            "descuento": 0.14,
            "IVA": 19
        },
        {
            "codigo": "oFgRNPwabi",
            "total": 18,
            "valor_unitario": 297970,
            "descuento": 0.12,
            "IVA": 5
        },
        {
            "codigo": "bjTiyE45GN",
            "total": 2,
            "valor_unitario": 483382,
            "descuento": 0.3,
            "IVA": 5
        },
        {
            "codigo": "puftxvlsvH",
            "total": 4,
            "valor_unitario": 99280,
            "descuento": 0.5,
            "IVA": 5
        },
        {
            "codigo": "7purllZQQr",
            "total": 3,
            "valor_unitario": 838610,
            "descuento": 0.21,
            "IVA": 5
        },
        {
            "codigo": "TXSK5gZeIL",
            "total": 17,
            "valor_unitario": 205696,
            "descuento": 0.36,
            "IVA": 0
        },
        {
            "codigo": "MvCb16a1Ec",
            "total": 19,
            "valor_unitario": 621303,
            "descuento": 0.25,
            "IVA": 5
        },
        {
            "codigo": "U3aA1b0ivP",
            "total": 2,
            "valor_unitario": 481324,
            "descuento": 0.19,
            "IVA": 0
        },
        {
            "codigo": "ZKMTsIrdnk",
            "total": 7,
            "valor_unitario": 858140,
            "descuento": 0.46,
            "IVA": 5
        },
        {
            "codigo": "8pSUuFviHf",
            "total": 14,
            "valor_unitario": 9973,
            "descuento": 0.39,
            "IVA": 0
        },
        {
            "codigo": "cuCrtJ3PmG",
            "total": 10,
            "valor_unitario": 870507,
            "descuento": 0.26,
            "IVA": 0
        }
    ]
}