{
    "empresa_nit": "456789123",
    "empresa_ciudad": "TUNJA",
    "empresa_sede": "terminal",
    "empresa_nombre": "Despensa Natura",
    "fecha_hora": "2020-02-29 08:52:56",
    "factura_num": "00218",
    "ciente_numero": 24599327,
    "pago_tipo": "EFECTIVO",
    "productos": [
        {
            "codigo": "JuhsZg7SXe",
            "total": 17,
            "valor_unitario": 404203,
            "descuento": 0.19,
            "IVA": 5
        },
        {
            "codigo": "TursNz3IzD",
            "total": 6,
            "valor_unitario": 961514,
            "descuento": 0.25,
            "IVA": 0
        },
        {
            "codigo": "1AMeVqzTvo",
            "total": 17,
            "valor_unitario": 117891,
            "descuento": 0.25,
            "IVA": 19
        },
        {
            "codigo": "1TeFRJD7jb",
            "total": 12,
            "valor_unitario": 648694,
            "descuento": 0.09,
            "IVA": 5
        },
        {
            "codigo": "8mHu54VOlx",
            "total": 3,
            "valor_unitario": 135346,
            "descuento": 0.28,
            "IVA": 19
        },
        {
            "codigo": "7X4brBBghS",
            "total": 5,
            "valor_unitario": 288305,
            "descuento": 0.08,
            "IVA": 19
        },
        {
            "codigo": "s6Zi4pXHaX",
            "total": 2,
            "valor_unitario": 581340,
            "descuento": 0.28,
            "IVA": 0
        },
        {
            "codigo": "yVgm0KIQk1",
            "total": 4,
            "valor_unitario": 446136,
            "descuento": 0.48,
            "IVA": 0
        }
    ]
}