{
    "empresa_nit": "456789123",
    "empresa_ciudad": "BOGOTA",
    "empresa_sede": "aeropuerto",
    "empresa_nombre": "Despensa Natura",
    "fecha_hora": "2021-06-30 19:03:21",
    "factura_num": "00181",
    "ciente_numero": 514298186,
    "pago_tipo": "TAR.DEBITO",
    "productos": [
        {
            "codigo": "RkTEJwZfdQ",
            "total": 19,
            "valor_unitario": 21348,
            "descuento": 0.3,
            "IVA": 5
        },
        {
            "codigo": "1BBe3I7Elz",
            "total": 2,
            "valor_unitario": 732471,
            "descuento": 0.03,
            "IVA": 19
        },
        {
            "codigo": "7NwN6ObKnL",
            "total": 12,
            "valor_unitario": 927621,
            "descuento": 0.36,
            "IVA": 19
        },
        {
            "codigo": "QXbDTavn6Q",
            "total": 12,
            "valor_unitario": 919809,
            "descuento": 0.19,
            "IVA": 5
        },
        {
            "codigo": "QzFFEkB1Tr",
            "total": 4,
            "valor_unitario": 542117,
            "descuento": 0.12,
            "IVA": 0
        },
        {
            "codigo": "wMOU0bdsAE",
            "total": 10,
            "valor_unitario": 857334,
            "descuento": 0.44,
            "IVA": 0
        },
        {
            "codigo": "ueP69WXMak",
            "total": 5,
            "valor_unitario": 780345,
            "descuento": 0.03,
            "IVA": 0
        },
        {
            "codigo": "ekxpy1JpPo",
            "total": 10,
            "valor_unitario": 941924,
            "descuento": 0.19,
            "IVA": 19
        },
        {
            "codigo": "rlzB1LZa9d",
            "total": 3,
            "valor_unitario": 827110,
            "descuento": 0.18,
            "IVA": 0
        },
        {
            "codigo": "XPSuXycsmD",
            "total": 11,
            "valor_unitario": 431452,
            "descuento": 0.21,
            "IVA": 0
        },
        {
            "codigo": "tFOHvWn7qj",
            "total": 19,
            "valor_unitario": 847171,
            "descuento": 0.19,
            "IVA": 0
        }
    ]
}