{
    "empresa_nit": "456789123",
    "empresa_ciudad": "BARRANQUILLA",
    "empresa_sede": "alcaldia",
    "empresa_nombre": "Despensa Natura",
    "fecha_hora": "2022-01-12 09:32:37",
    "factura_num": "00027",
    "ciente_numero": 805191016,
    "pago_tipo": "TAR.DEBITO",
    "productos": [
        {
            "codigo": "pg08PA6Wl4",
            "total": 5,
            "valor_unitario": 424980,
            "descuento": 0.31,
            "IVA": 5
        },
        {
            "codigo": "DZSgsulVMQ",
            "total": 6,
            "valor_unitario": 131117,
            "descuento": 0.41,
            "IVA": 5
        },
        {
            "codigo": "SiGUZSSHoP",
            "total": 8,
            "valor_unitario": 5746,
            "descuento": 0.19,
            "IVA": 0
        }
    ]
}