{
    "empresa_nit": "456789123",
    "empresa_ciudad": "MEDELLIN",
    "empresa_sede": "plaza",
    "empresa_nombre": "Despensa Natura",
    "fecha_hora": "2023-02-05 05:33:59",
    "factura_num": "00411",
    "ciente_numero": 202308036,
    "pago_tipo": "TRANFERENCIA",
    "productos": [
        {
            "codigo": "nodkliwLa6",
            "total": 12,
            "valor_unitario": 507144,
            "descuento": 0.38,
            "IVA": 19
        },
        {
            "codigo": "Nf9idiZ9u9",
            "total": 11,
            "valor_unitario": 496324,
            "descuento": 0.04,
            "IVA": 19
        },
        {
            "codigo": "gahv5c90Be",
            "total": 20,
            "valor_unitario": 519071,
            "descuento": 0.11,
            "IVA": 5
        },
        {
            "codigo": "WNrRYrz06I",
            "total": 15,
            "valor_unitario": 818976,
            "descuento": 0.29,
            "IVA": 19
        },
        {
            "codigo": "PsbG5W6LKb",
            "total": 13,
            "valor_unitario": 968463,
            "descuento": 0.08,
            "IVA": 5
        },
        {
            "codigo": "zl7o4XjvJ0",
            "total": 10,
            "valor_unitario": 488930,
            "descuento": 0.06,
            "IVA": 19
        },
        {
            "codigo": "vbHHCnm0Xk",
            "total": 1,
            "valor_unitario": 129641,
            "descuento": 0.39,
            "IVA": 5
        }
    ]
}