{
    "empresa_nit": "456789123",
    "empresa_ciudad": "MEDELLIN",
    "empresa_sede": "autopista",
    "empresa_nombre": "Despensa Natura",
    "fecha_hora": "2020-01-25 16:38:24",
    "factura_num": "00294",
    "ciente_numero": 100572151,
    "pago_tipo": "TRANFERENCIA",
    "productos": [
        {
            "codigo": "jhNWjUkVIw",
            "total": 16,
            "valor_unitario": 455942,
            "descuento": 0.35,
            "IVA": 19
        },
        {
            "codigo": "gRccJwY7Bc",
            "total": 13,
            "valor_unitario": 602059,
            "descuento": 0.33,
            "IVA": 0
        },
        {
            "codigo": "KblsakGJTd",
            "total": 14,
            "valor_unitario": 288310,
            "descuento": 0.13,
            "IVA": 5
        },
        {
            "codigo": "bDIkIsz2De",
            "total": 9,
            "valor_unitario": 785341,
            "descuento": 0.22,
            "IVA": 0
        },
        {
            "codigo": "4hEvCuta2c",
            "total": 18,
            "valor_unitario": 115562,
            "descuento": 0.25,
            "IVA": 5
        },
        {
            "codigo": "7C98renC1k",
            "total": 1,
            "valor_unitario": 195818,
            "descuento": 0.17,
            "IVA": 19
        },
        {
            "codigo": "Ka8ThVrbiH",
            "total": 15,
            "valor_unitario": 997630,
            "descuento": 0.01,
            "IVA": 19
        },
        {
            "codigo": "HgOgAC5eGz",
            "total": 3,
            "valor_unitario": 612601,
            "descuento": 0.43,
            "IVA": 0
        },
        {
            "codigo": "nxslAle77C",
            "total": 17,
            "valor_unitario": 648651,
            "descuento": 0.25,
            "IVA": 5
        },
        {
            "codigo": "N1HGT4xvXv",
            "total": 9,
            "valor_unitario": 584252,
            "descuento": 0.27,
            "IVA": 19
        }
    ]
}