{
    "empresa_nit": "456789123",
    "empresa_ciudad": "CALI",
    "empresa_sede": "aeropuerto",
    "empresa_nombre": "Despensa Natura",
    "fecha_hora": "2022-03-28 12:09:38",
    "factura_num": "00332",
    "ciente_numero": 369512453,
    "pago_tipo": "TAR.DEBITO",
    "productos": [
        {
            "codigo": "03951kOGbB",
            "total": 3,
            "valor_unitario": 565509,
            "descuento": 0.3,
            "IVA": 0
        },
        {
            "codigo": "LaTTlYmWhE",
            "total": 7,
            "valor_unitario": 720468,
            "descuento": 0.4,
            "IVA": 19
        },
        {
            "codigo": "SQOqa8wCho",
            "total": 18,
            "valor_unitario": 446791,
            "descuento": 0.5,
            "IVA": 19
        },
        {
            "codigo": "nREuBkLZyP",
            "total": 8,
            "valor_unitario": 569822,
            "descuento": 0.41,
            "IVA": 19
        },
        {
            "codigo": "iidNLFLFbY",
            "total": 12,
            "valor_unitario": 315656,
            "descuento": 0.12,
            "IVA": 19
        },
        {
            "codigo": "6XZxJ1lWv5",
            "total": 9,
            "valor_unitario": 895789,
            "descuento": 0.49,
            "IVA": 0
        },
        {
            "codigo": "kcc5cNAIxp",
            "total": 5,
            "valor_unitario": 905880,
            "descuento": 0.18,
            "IVA": 5
        },
        {
            "codigo": "eXDqyGh9xj",
            "total": 9,
            "valor_unitario": 130184,
            "descuento": 0.26,
            "IVA": 19
        },
        {
            "codigo": "pgPdJyI91z",
            "total": 13,
            "valor_unitario": 76010,
            "descuento": 0.47,
            "IVA": 0
        },
        {
            "codigo": "opBBRvoOyv",
            "total": 2,
            "valor_unitario": 196904,
            "descuento": 0.18,
            "IVA": 5
        },
        {
            "codigo": "iDW6EzVbAn",
            "total": 16,
            "valor_unitario": 172318,
            "descuento": 0.17,
            "IVA": 19
        },
        {
            "codigo": "t8bgxGPs3d",
            "total": 3,
            "valor_unitario": 226313,
            "descuento": 0.15,
            "IVA": 5
        },
        {
            "codigo": "zl4nLR5vzc",
            "total": 4,
            "valor_unitario": 322158,
            "descuento": 0.35,
            "IVA": 0
        },
        {
            "codigo": "oclQlmb5V8",
            "total": 13,
            "valor_unitario": 514287,
            "descuento": 0.21,
            "IVA": 0
        },
        {
            "codigo": "M21ruAfvc2",
            "total": 15,
            "valor_unitario": 86342,
            "descuento": 0.07,
            "IVA": 5
        },
        {
            "codigo": "GPDjgwWmdg",
            "total": 7,
            "valor_unitario": 422858,
            "descuento": 0.44,
            "IVA": 5
        }
    ]
}