{
    "empresa_nit": "456789123",
    "empresa_ciudad": "TUNJA",
    "empresa_sede": "terminal",
    "empresa_nombre": "Despensa Natura",
    "fecha_hora": "2020-09-09 05:25:03",
    "factura_num": "00409",
    "ciente_numero": 116235136,
    "pago_tipo": "TAR.CREDITO",
    "productos": [
        {
            "codigo": "Sw1n3uRWpq",
            "total": 9,
            "valor_unitario": 646692,
            "descuento": 0.36,
            "IVA": 0
        },
        {
            "codigo": "JbyjsjXuf3",
            "total": 11,
            "valor_unitario": 65158,
            "descuento": 0.07,
            "IVA": 19
        },
        {
            "codigo": "Y9ggcjuOLV",
            "total": 3,
            "valor_unitario": 502758,
            "descuento": 0.1,
            "IVA": 5
        },
        {
            "codigo": "sy4IUOEnBZ",
            "total": 20,
            "valor_unitario": 219930,
            "descuento": 0.37,
            "IVA": 0
        },
        {
            "codigo": "sRYvxUOZPZ",
            "total": 7,
            "valor_unitario": 867867,
            "descuento": 0.09,
            "IVA": 0
        },
        {
            "codigo": "EYCyvXhCB7",
            "total": 16,
            "valor_unitario": 354365,
            "descuento": 0.26,
            "IVA": 5
        },
        {
            "codigo": "BvQhgHUW8i",
            "total": 1,
            "valor_unitario": 353587,
            "descuento": 0.27,
            "IVA": 5
        }
    ]
}