{
    "empresa_nit": "456789123",
    "empresa_ciudad": "CALI",
    "empresa_sede": "alcaldia",
    "empresa_nombre": "Despensa Natura",
    "fecha_hora": "2020-11-12 13:20:56",
    "factura_num": "00403",
    "ciente_numero": 852464089,
    "pago_tipo": "TRANFERENCIA",
    "productos": [
        {
            "codigo": "F4nkcJJ3zP",
            "total": 19,
            "valor_unitario": 966431,
            "descuento": 0.21,
            "IVA": 0
        },
        {
            "codigo": "eJaD9N9zAY",
            "total": 8,
            "valor_unitario": 599352,
            "descuento": 0.22,
            "IVA": 0
        },
        {
            "codigo": "AGHJeTzmnG",
            "total": 5,
            "valor_unitario": 101479,
            "descuento": 0.04,
            "IVA": 19
        },
        {
            "codigo": "OApTJ0yp9O",
            "total": 6,
            "valor_unitario": 654413,
            "descuento": 0.14,
            "IVA": 5
        },
        {
            "codigo": "dfi4VcWYz3",
            "total": 8,
            "valor_unitario": 524494,
            "descuento": 0.34,
            "IVA": 19
        },
        {
            "codigo": "kmwbXJR6uh",
            "total": 3,
            "valor_unitario": 703774,
            "descuento": 0.35,
            "IVA": 0
        },
        {
            "codigo": "HPGZdTKtxD",
            "total": 10,
            "valor_unitario": 762048,
            "descuento": 0.07,
            "IVA": 19
        },
        {
            "codigo": "sXPc5Z1AIO",
            "total": 1,
            "valor_unitario": 487816,
            "descuento": 0.43,
            "IVA": 0
        },
        {
            "codigo": "rBVSPOSKcv",
            "total": 2,
            "valor_unitario": 600316,
            "descuento": 0.04,
            "IVA": 19
        },
        {
            "codigo": "Tltvxg9CzM",
            "total": 2,
            "valor_unitario": 587822,
            "descuento": 0.44,
            "IVA": 5
        },
        {
            "codigo": "FnTxnqOdgw",
            "total": 11,
            "valor_unitario": 495514,
            "descuento": 0.28,
            "IVA": 5
        },
        {
            "codigo": "iuWjPuMylQ",
            "total": 2,
            "valor_unitario": 32575,
            "descuento": 0.13,
            "IVA": 0
        },
        {
            "codigo": "Pmx7645Wlm",
            "total": 17,
            "valor_unitario": 816330,
            "descuento": 0.02,
            "IVA": 19
        }
    ]
}