{
    "empresa_nit": "456789123",
    "empresa_ciudad": "CALI",
    "empresa_sede": "centro",
    "empresa_nombre": "Despensa Natura",
    "fecha_hora": "2023-01-09 20:12:23",
    "factura_num": "00146",
    "ciente_numero": 490150629,
    "pago_tipo": "EFECTIVO",
    "productos": [
        {
            "codigo": "VOGLX2pYEp",
            "total": 1,
            "valor_unitario": 914138,
            "descuento": 0.09,
            "IVA": 0
        },
        {
            "codigo": "YXhh0Ysmue",
            "total": 10,
            "valor_unitario": 935789,
            "descuento": 0.01,
            "IVA": 5
        },
        {
            "codigo": "Cglys8gJkV",
            "total": 16,
            "valor_unitario": 579752,
            "descuento": 0.33,
            "IVA": 0
        },
        {
            "codigo": "mciqvGkT5p",
            "total": 12,
            "valor_unitario": 849156,
            "descuento": 0.19,
            "IVA": 5
        },
        {
            "codigo": "m2iJ9wYmL8",
            "total": 4,
            "valor_unitario": 209966,
            "descuento": 0.2,
            "IVA": 19
        }
    ]
}