{
    "empresa_nit": "456789123",
    "empresa_ciudad": "BOGOTA",
    "empresa_sede": "autopista",
    "empresa_nombre": "Despensa Natura",
    "fecha_hora": "2024-06-08 12:05:40",
    "factura_num": "01017",
    "ciente_numero": 735664017,
    "pago_tipo": "TRANFERENCIA",
    "productos": [
        {
            "codigo": "0F4fMudBMb",
            "total": 8,
            "valor_unitario": 443689,
            "descuento": 0.36,
            "IVA": 0
        },
        {
            "codigo": "ZWC0mCnvCl",
            "total": 12,
            "valor_unitario": 254788,
            "descuento": 0.32,
            "IVA": 19
        },
        {
            "codigo": "wUcd3rUf1d",
            "total": 5,
            "valor_unitario": 286729,
            "descuento": 0.46,
            "IVA": 19
        },
        {
            "codigo": "tC8Kngi90l",
            "total": 6,
            "valor_unitario": 195346,
            "descuento": 0.14,
            "IVA": 5
        },
        {
            "codigo": "5MVMaU9yKK",
            "total": 8,
            "valor_unitario": 898218,
            "descuento": 0.06,
            "IVA": 0
        },
        {
            "codigo": "i01xYEN75C",
            "total": 16,
            "valor_unitario": 730592,
            "descuento": 0.11,
            "IVA": 5
        },
        {
            "codigo": "9f9aTMqNow",
            "total": 14,
            "valor_unitario": 593986,
            "descuento": 0.42,
            "IVA": 0
        },
        {
            "codigo": "vUrLIAIZiX",
            "total": 11,
            "valor_unitario": 983996,
            "descuento": 0.17,
            "IVA": 19
        },
        {
            "codigo": "Bx38ViDkPJ",
            "total": 19,
            "valor_unitario": 763875,
            "descuento": 0.12,
            "IVA": 0
        },
        {
            "codigo": "bfmvuD9RQ2",
            "total": 1,
            "valor_unitario": 912125,
            "descuento": 0.42,
            "IVA": 19
        },
        {
            "codigo": "RrkHHV0JD1",
            "total": 14,
            "valor_unitario": 622077,
            "descuento": 0.11,
            "IVA": 0
        },
        {
            "codigo": "9168gPi6Q7",
            "total": 16,
            "valor_unitario": 23607,
            "descuento": 0.49,
            "IVA": 19
        },
        {
            "codigo": "PP1iN00JtR",
            "total": 3,
            "valor_unitario": 375139,
            "descuento": 0.32,
            "IVA": 5
        },
        {
            "codigo": "4N9KGcTSwc",
            "total": 3,
            "valor_unitario": 231402,
            "descuento": 0.23,
            "IVA": 5
        },
        {
            "codigo": "uLk3QizRHN",
            "total": 2,
            "valor_unitario": 493995,
            "descuento": 0.06,
            "IVA": 0
        },
        {
            "codigo": "zkjHbYgyoC",
            "total": 2,
            "valor_unitario": 165132,
            "descuento": 0.14,
            "IVA": 5
        },
        {
            "codigo": "5F7Bz9WJl9",
            "total": 7,
            "valor_unitario": 200001,
            "descuento": 0.31,
            "IVA": 19
        },
        {
            "codigo": "wEdpLIocJo",
            "total": 7,
            "valor_unitario": 890154,
            "descuento": 0.16,
            "IVA": 0
        },
        {
            "codigo": "pt8NxAyHNz",
            "total": 19,
            "valor_unitario": 589858,
            "descuento": 0.05,
            "IVA": 0
        },
        {
            "codigo": "2qYz0xBne6",
            "total": 13,
            "valor_unitario": 541366,
            "descuento": 0.46,
            "IVA": 5
        }
    ]
}