{
    "empresa_nit": "456789123",
    "empresa_ciudad": "MEDELLIN",
    "empresa_sede": "terminal",
    "empresa_nombre": "Despensa Natura",
    "fecha_hora": "2020-10-02 14:34:19",
    "factura_num": "00196",
    "ciente_numero": 517097194,
    "pago_tipo": "TAR.DEBITO",
    "productos": [
        {
            "codigo": "ra7pT9krmW",
            "total": 1,
            "valor_unitario": 717462,
            "descuento": 0.04,
            "IVA": 19
        },
        {
            "codigo": "xP73j2fe6k",
            "total": 1,
            "valor_unitario": 978723,
            "descuento": 0.04,
            "IVA": 0
        },
        {
            "codigo": "orKPQsoxmh",
            "total": 4,
            "valor_unitario": 796349,
            "descuento": 0.03,
            "IVA": 5
        },
        {
            "codigo": "QHdqP4Q34D",
            "total": 8,
            "valor_unitario": 549446,
            "descuento": 0.04,
            "IVA": 19
        },
        {
            "codigo": "R0NkItvaRR",
            "total": 3,
            "valor_unitario": 956220,
            "descuento": 0.17,
            "IVA": 19
        },
        {
            "codigo": "3iqUrCryyN",
            "total": 15,
            "valor_unitario": 87070,
            "descuento": 0.18,
            "IVA": 0
        },
        {
            "codigo": "03K3hdSuaz",
            "total": 17,
            "valor_unitario": 416200,
            "descuento": 0.39,
            "IVA": 5
        },
        {
            "codigo": "UF6w7SPrAW",
            "total": 13,
            "valor_unitario": 871685,
            "descuento": 0.06,
            "IVA": 5
        },
        {
            "codigo": "5XDXCHBC9C",
            "total": 1,
            "valor_unitario": 72688,
            "descuento": 0.49,
            "IVA": 5
        },
        {
            "codigo": "FzCRPtgRFI",
            "total": 12,
            "valor_unitario": 213962,
            "descuento": 0.42,
            "IVA": 19
        }
    ]
}