{
    "empresa_nit": "456789123",
    "empresa_ciudad": "BARRANQUILLA",
    "empresa_sede": "alcaldia",
    "empresa_nombre": "Despensa Natura",
    "fecha_hora": "2021-09-14 18:13:23",
    "factura_num": "00165",
    "ciente_numero": 50650113,
    "pago_tipo": "TRANFERENCIA",
    "productos": [
        {
            "codigo": "JzPGwXapPZ",
            "total": 15,
            "valor_unitario": 54958,
            "descuento": 0.4,
            "IVA": 19
        },
        {
            "codigo": "LQwaAIga0i",
            "total": 16,
            "valor_unitario": 748148,
            "descuento": 0.46,
            "IVA": 0
        },
        {
            "codigo": "FjGXkUIKrC",
            "total": 3,
            "valor_unitario": 689333,
            "descuento": 0.21,
            "IVA": 0
        },
        {
            "codigo": "LHeIAIRXLS",
            "total": 11,
            "valor_unitario": 846203,
            "descuento": 0.2,
            "IVA": 19
        },
        {
            "codigo": "qd1UJinVwN",
            "total": 18,
            "valor_unitario": 420527,
            "descuento": 0.42,
            "IVA": 19
        },
        {
            "codigo": "Mbbe8FCXhs",
            "total": 13,
            "valor_unitario": 880817,
            "descuento": 0.44,
            "IVA": 0
        },
        {
            "codigo": "MPF0VDdsXo",
            "total": 14,
            "valor_unitario": 688732,
            "descuento": 0.21,
            "IVA": 0
        }
    ]
}