{
    "empresa_nit": "456789123",
    "empresa_ciudad": "TUNJA",
    "empresa_sede": "terminal",
    "empresa_nombre": "Despensa Natura",
    "fecha_hora": "2023-01-26 02:37:09",
    "factura_num": "01044",
    "ciente_numero": 383858771,
    "pago_tipo": "TRANFERENCIA",
    "productos": [
        {
            "codigo": "HaCRwlvRdF",
            "total": 16,
            "valor_unitario": 684038,
            "descuento": 0.28,
            "IVA": 5
        },
        {
            "codigo": "kU7WDb1Klx",
            "total": 13,
            "valor_unitario": 482447,
            "descuento": 0.33,
            "IVA": 19
        },
        {
            "codigo": "mrAXCyRnPc",
            "total": 4,
            "valor_unitario": 394686,
            "descuento": 0.03,
            "IVA": 5
        },
        {
            "codigo": "yvRLSuujBS",
            "total": 18,
            "valor_unitario": 5151,
            "descuento": 0.31,
            "IVA": 19
        },
        {
            "codigo": "RWzvZeuckV",
            "total": 11,
            "valor_unitario": 344922,
            "descuento": 0.35,
            "IVA": 0
        },
        {
            "codigo": "Bk5vaRrhHI",
            "total": 20,
            "valor_unitario": 626863,
            "descuento": 0.13,
            "IVA": 5
        },
        {
            "codigo": "BYKVu85B8D",
            "total": 13,
            "valor_unitario": 219309,
            "descuento": 0.11,
            "IVA": 19
        }
    ]
}