{
    "empresa_nit": "456789123",
    "empresa_ciudad": "TUNJA",
    "empresa_sede": "terminal",
    "empresa_nombre": "Despensa Natura",
    "fecha_hora": "2023-05-01 12:04:30",
    "factura_num": "01022",
    "ciente_numero": 383461333,
    "pago_tipo": "EFECTIVO",
    "productos": [
        {
            "codigo": "NT7ZccV4hb",
            "total": 14,
            "valor_unitario": 283513,
            "descuento": 0.02,
            "IVA": 19
        },
        {
            "codigo": "iRhllo6bDH",
            "total": 7,
            "valor_unitario": 118550,
            "descuento": 0.28,
            "IVA": 5
        },
        {
            "codigo": "fvZJL55vr8",
            "total": 3,
            "valor_unitario": 426068,
            "descuento": 0.12,
            "IVA": 5
        },
        {
            "codigo": "eAsXf9qk6T",
            "total": 16,
            "valor_unitario": 165091,
            "descuento": 0.45,
            "IVA": 5
        },
        {
            "codigo": "Z40K88xQ6G",
            "total": 15,
            "valor_unitario": 176752,
            "descuento": 0.21,
            "IVA": 5
        },
        {
            "codigo": "eDTmFnh7nK",
            "total": 18,
            "valor_unitario": 880021,
            "descuento": 0.26,
            "IVA": 19
        },
        {
            "codigo": "ZLzl7WxMHr",
            "total": 13,
            "valor_unitario": 119825,
            "descuento": 0.48,
            "IVA": 0
        },
        {
            "codigo": "PDJA3tTLHQ",
            "total": 6,
            "valor_unitario": 395833,
            "descuento": 0.05,
            "IVA": 0
        },
        {
            "codigo": "lXfaXbeLkZ",
            "total": 12,
            "valor_unitario": 412178,
            "descuento": 0.09,
            "IVA": 5
        }
    ]
}