{
    "empresa_nit": "456789123",
    "empresa_ciudad": "TUNJA",
    "empresa_sede": "terminal",
    "empresa_nombre": "Despensa Natura",
    "fecha_hora": "2022-12-14 15:38:38",
    "factura_num": "00161",
    "ciente_numero": 246310064,
    "pago_tipo": "EFECTIVO",
    "productos": [
        {
            "codigo": "smQsYWjugY",
            "total": 6,
            "valor_unitario": 374277,
            "descuento": 0.22,
            "IVA": 19
        },
        {
            "codigo": "zLUPkyN56i",
            "total": 16,
            "valor_unitario": 777956,
            "descuento": 0.22,
            "IVA": 5
        },
        {
            "codigo": "7laszWn4x6",
            "total": 14,
            "valor_unitario": 47748,
            "descuento": 0.42,
            "IVA": 5
        },
        {
            "codigo": "tuIvjdx5NV",
            "total": 4,
            "valor_unitario": 139252,
            "descuento": 0.38,
            "IVA": 19
        },
        {
            "codigo": "pTsbmp2HM6",
            "total": 13,
            "valor_unitario": 291816,
            "descuento": 0.48,
            "IVA": 0
        },
        {
            "codigo": "vsfvQO2buE",
            "total": 20,
            "valor_unitario": 245940,
            "descuento": 0.06,
            "IVA": 0
        },
        {
            "codigo": "W6hUUJTkk3",
            "total": 6,
            "valor_unitario": 673971,
            "descuento": 0.24,
            "IVA": 0
        },
        {
            "codigo": "jTP0zs8tve",
            "total": 18,
            "valor_unitario": 290604,
            "descuento": 0.1,
            "IVA": 5
        },
        {
            "codigo": "EzmJo34w07",
            "total": 7,
            "valor_unitario": 173917,
            "descuento": 0.31,
            "IVA": 5
        },
        {
            "codigo": "0PzUZNenYq",
            "total": 7,
            "valor_unitario": 507955,
            "descuento": 0.3,
            "IVA": 5
        },
        {
            "codigo": "USfDsi1r7w",
            "total": 14,
            "valor_unitario": 482159,
            "descuento": 0.41,
            "IVA": 19
        },
        {
            "codigo": "mgt9OppvHp",
            "total": 15,
            "valor_unitario": 702654,
            "descuento": 0.1,
            "IVA": 19
        },
        {
            "codigo": "O3zhQDfyQn",
            "total": 1,
            "valor_unitario": 267047,
            "descuento": 0.33,
            "IVA": 5
        },
        {
            "codigo": "tqz9HA5DD7",
            "total": 19,
            "valor_unitario": 115833,
            "descuento": 0.04,
            "IVA": 5
        },
        {
            "codigo": "RMPfBp74uC",
            "total": 4,
            "valor_unitario": 1908,
            "descuento": 0.42,
            "IVA": 0
        }
    ]
}