{
    "empresa_nit": "456789123",
    "empresa_ciudad": "BARRANQUILLA",
    "empresa_sede": "terminal",
    "empresa_nombre": "Despensa Natura",
    "fecha_hora": "2022-07-18 10:23:49",
    "factura_num": "01104",
    "ciente_numero": 388870540,
    "pago_tipo": "TAR.DEBITO",
    "productos": [
        {
            "codigo": "5A7B1YWbzv",
            "total": 18,
            "valor_unitario": 667321,
            "descuento": 0.19,
            "IVA": 5
        },
        {
            "codigo": "TgNPYs17BD",
            "total": 3,
            "valor_unitario": 147758,
            "descuento": 0.09,
            "IVA": 0
        },
        {
            "codigo": "XAv7hczGWV",
            "total": 15,
            "valor_unitario": 903420,
            "descuento": 0.21,
            "IVA": 0
        },
        {
            "codigo": "xGI8TcPSu1",
            "total": 2,
            "valor_unitario": 339618,
            "descuento": 0.14,
            "IVA": 5
        },
        {
            "codigo": "o1o9ARFgjD",
            "total": 15,
            "valor_unitario": 187573,
            "descuento": 0.41,
            "IVA": 5
        },
        {
            "codigo": "jAQN4E0Arm",
            "total": 5,
            "valor_unitario": 718689,
            "descuento": 0.16,
            "IVA": 0
        }
    ]
}