{
    "empresa_nit": "456789123",
    "empresa_ciudad": "BOGOTA",
    "empresa_sede": "plaza",
    "empresa_nombre": "Despensa Natura",
    "fecha_hora": "2021-10-01 16:48:37",
    "factura_num": "00307",
    "ciente_numero": 856503915,
    "pago_tipo": "EFECTIVO",
    "productos": [
        {
            "codigo": "SnjrBO3l6H",
            "total": 12,
            "valor_unitario": 956292,
            "descuento": 0.31,
            "IVA": 5
        },
        {
            "codigo": "fvWVx22eLM",
            "total": 20,
            "valor_unitario": 165133,
            "descuento": 0.17,
            "IVA": 0
        },
        {
            "codigo": "TwvimE1UKM",
            "total": 17,
            "valor_unitario": 471049,
            "descuento": 0.42,
            "IVA": 5
        },
        {
            "codigo": "5EY1q7gyti",
            "total": 10,
            "valor_unitario": 265941,
            "descuento": 0.39,
            "IVA": 0
        },
        {
            "codigo": "LzzMBmrJYi",
            "total": 9,
            "valor_unitario": 344179,
            "descuento": 0.3,
            "IVA": 0
        },
        {
            "codigo": "2mDuTOMlkc",
            "total": 18,
            "valor_unitario": 34539,
            "descuento": 0.07,
            "IVA": 19
        },
        {
            "codigo": "YDHqBersTc",
            "total": 11,
            "valor_unitario": 904971,
            "descuento": 0.1,
            "IVA": 0
        },
        {
            "codigo": "lbEMyuXjwE",
            "total": 12,
            "valor_unitario": 162366,
            "descuento": 0.39,
            "IVA": 19
        },
        {
            "codigo": "f6zr61zobX",
            "total": 16,
            "valor_unitario": 77976,
            "descuento": 0.34,
            "IVA": 19
        },
        {
            "codigo": "lU9c12gBXw",
            "total": 1,
            "valor_unitario": 122137,
            "descuento": 0.04,
            "IVA": 0
        },
        {
            "codigo": "3zoOFr6eme",
            "total": 11,
            "valor_unitario": 289675,
            "descuento": 0.26,
            "IVA": 19
        },
        {
            "codigo": "hqoWLSM3Y4",
            "total": 4,
            "valor_unitario": 99766,
            "descuento": 0.4,
            "IVA": 0
        },
        {
            "codigo": "1nU4bfh8la",
            "total": 17,
            "valor_unitario": 26408,
            "descuento": 0.5,
            "IVA": 0
        },
        {
            "codigo": "Px1GbwJzCT",
            "total": 19,
            "valor_unitario": 849104,
            "descuento": 0.28,
            "IVA": 5
        },
        {
            "codigo": "bUR7BQpCCP",
            "total": 16,
            "valor_unitario": 506624,
            "descuento": 0.23,
            "IVA": 5
        }
    ]
}