{
    "empresa_nit": "456789123",
    "empresa_ciudad": "CALI",
    "empresa_sede": "autopista",
    "empresa_nombre": "Despensa Natura",
    "fecha_hora": "2020-03-12 00:19:45",
    "factura_num": "00136",
    "ciente_numero": 351376930,
    "pago_tipo": "EFECTIVO",
    "productos": [
        {
            "codigo": "pjLz5O4ogr",
            "total": 11,
            "valor_unitario": 433992,
            "descuento": 0.08,
            "IVA": 19
        },
        {
            "codigo": "mswPShiq97",
            "total": 6,
            "valor_unitario": 163205,
            "descuento": 0.19,
            "IVA": 19
        },
        {
            "codigo": "JZmLaHQoyC",
            "total": 14,
            "valor_unitario": 758007,
            "descuento": 0.48,
            "IVA": 5
        }
    ]
}