{
    "empresa_nit": "456789123",
    "empresa_ciudad": "BOGOTA",
    "empresa_sede": "autopista",
    "empresa_nombre": "Despensa Natura",
    "fecha_hora": "2022-03-27 09:51:51",
    "factura_num": "01039",
    "ciente_numero": 436253770,
    "pago_tipo": "EFECTIVO",
    "productos": [
        {
            "codigo": "N6SllQl2vv",
            "total": 5,
            "valor_unitario": 770527,
            "descuento": 0.13,
            "IVA": 19
        },
        {
            "codigo": "ceP8DGVgYK",
            "total": 1,
            "valor_unitario": 917336,
            "descuento": 0.22,
            "IVA": 0
        },
        {
            "codigo": "R5gjGeYzgw",
            "total": 19,
            "valor_unitario": 391510,
            "descuento": 0.24,
            "IVA": 0
        },
        {
            "codigo": "8WDupbQi9Y",
            "total": 4,
            "valor_unitario": 104812,
            "descuento": 0.01,
            "IVA": 5
        }
    ]
}