{
    "empresa_nit": "456789123",
    "empresa_ciudad": "BARRANQUILLA",
    "empresa_sede": "autopista",
    "empresa_nombre": "Despensa Natura",
    "fecha_hora": "2024-06-17 09:12:09",
    "factura_num": "00247",
    "ciente_numero": 707362714,
    "pago_tipo": "TRANFERENCIA",
    "productos": [
        {
            "codigo": "Z9ckSPIiOo",
            "total": 8,
            "valor_unitario": 365375,
            "descuento": 0.17,
            "IVA": 5
        },
        {
            "codigo": "NSmOGYjS3Q",
            "total": 17,
            "valor_unitario": 116209,
            "descuento": 0.31,
            "IVA": 0
        },
        {
            "codigo": "Qa9KGA2mTA",
            "total": 17,
            "valor_unitario": 195435,
            "descuento": 0.49,
            "IVA": 0
        },
        {
            "codigo": "DBsdwuUyXg",
            "total": 11,
            "valor_unitario": 460920,
            "descuento": 0.22,
            "IVA": 19
        },
        {
            "codigo": "OpieMZ3n0F",
            "total": 19,
            "valor_unitario": 424440,
            "descuento": 0.35,
            "IVA": 5
        },
        {
            "codigo": "JA6YTSilLh",
            "total": 18,
            "valor_unitario": 24561,
            "descuento": 0.37,
            "IVA": 0
        },
        {
            "codigo": "G6z2dUZtIz",
            "total": 20,
            "valor_unitario": 11902,
            "descuento": 0.0,
            "IVA": 0
        },
        {
            "codigo": "QxeflWX5EY",
            "total": 20,
            "valor_unitario": 187794,
            "descuento": 0.1,
            "IVA": 0
        },
        {
            "codigo": "t49rOLM4bQ",
            "total": 6,
            "valor_unitario": 53455,
            "descuento": 0.11,
            "IVA": 0
        },
        {
            "codigo": "VpQ1SNWuMF",
            "total": 7,
            "valor_unitario": 684009,
            "descuento": 0.2,
            "IVA": 19
        },
        {
            "codigo": "bwIMFuz1LZ",
            "total": 11,
            "valor_unitario": 987409,
            "descuento": 0.17,
            "IVA": 19
        },
        {
            "codigo": "dO6aZYIcKx",
            "total": 11,
            "valor_unitario": 536039,
            "descuento": 0.24,
            "IVA": 19
        },
        {
            "codigo": "tVNmh4KYjn",
            "total": 19,
            "valor_unitario": 65639,
            "descuento": 0.12,
            "IVA": 5
        },
        {
            "codigo": "6vsbFtGL9L",
            "total": 5,
            "valor_unitario": 79889,
            "descuento": 0.44,
            "IVA": 0
        },
        {
            "codigo": "7khwNa2yMu",
            "total": 12,
            "valor_unitario": 655344,
            "descuento": 0.12,
            "IVA": 0
        },
        {
            "codigo": "eUNxy53qJT",
            "total": 8,
            "valor_unitario": 83753,
            "descuento": 0.1,
            "IVA": 0
        },
        {
            "codigo": "deUlfsTmf0",
            "total": 4,
            "valor_unitario": 226403,
            "descuento": 0.1,
            "IVA": 5
        },
        {
            "codigo": "PqZu3jg7rz",
            "total": 13,
            "valor_unitario": 701268,
            "descuento": 0.47,
            "IVA": 0
        },
        {
            "codigo": "WPAh8XcmBW",
            "total": 13,
            "valor_unitario": 228098,
            "descuento": 0.22,
            "IVA": 5
        }
    ]
}