{
    "empresa_nit": "456789123",
    "empresa_ciudad": "CALI",
    "empresa_sede": "autopista",
    "empresa_nombre": "Despensa Natura",
    "fecha_hora": "2024-06-06 14:50:03",
    "factura_num": "01123",
    "ciente_numero": 721949310,
    "pago_tipo": "TAR.CREDITO",
    "productos": [
        {
            "codigo": "T7svbw0F2s",
            "total": 13,
            "valor_unitario": 189663,
            "descuento": 0.34,
            "IVA": 19
        },
        {
            "codigo": "QA8X0uET5d",
            "total": 2,
            "valor_unitario": 977130,
            "descuento": 0.07,
            "IVA": 0
        },
        {
            "codigo": "izCfvKQPrF",
            "total": 9,
            "valor_unitario": 792085,
            "descuento": 0.29,
            "IVA": 5
        },
        {
            "codigo": "FTcbfm6wtT",
            "total": 16,
            "valor_unitario": 942427,
            "descuento": 0.21,
            "IVA": 0
        },
        {
            "codigo": "O0KHJ9zlwL",
            "total": 7,
            "valor_unitario": 376267,
            "descuento": 0.08,
            "IVA": 19
        },
        {
            "codigo": "4ZVSQcDnHW",
            "total": 7,
            "valor_unitario": 638487,
            "descuento": 0.33,
            "IVA": 19
        },
        {
            "codigo": "OXPRyPQHUE",
            "total": 2,
            "valor_unitario": 615944,
            "descuento": 0.35,
            "IVA": 0
        },
        {
            "codigo": "YPWqS8YZAe",
            "total": 20,
            "valor_unitario": 77788,
            "descuento": 0.02,
            "IVA": 19
        },
        {
            "codigo": "DDVzMUy93E",
            "total": 4,
            "valor_unitario": 519529,
            "descuento": 0.0,
            "IVA": 5
        },
        {
            "codigo": "hhAG8zaJME",
            "total": 15,
            "valor_unitario": 215488,
            "descuento": 0.2,
            "IVA": 19
        },
        {
            "codigo": "Lo9vtov78J",
            "total": 7,
            "valor_unitario": 952412,
            "descuento": 0.14,
            "IVA": 0
        },
        {
            "codigo": "BNxFPbcrVG",
            "total": 8,
            "valor_unitario": 229801,
            "descuento": 0.27,
            "IVA": 5
        },
        {
            "codigo": "Dg9QtTLtF1",
            "total": 3,
            "valor_unitario": 854766,
            "descuento": 0.43,
            "IVA": 5
        },
        {
            "codigo": "CpjWnHZzWJ",
            "total": 9,
            "valor_unitario": 493566,
            "descuento": 0.21,
            "IVA": 0
        },
        {
            "codigo": "8zCSPdGmco",
            "total": 16,
            "valor_unitario": 684930,
            "descuento": 0.05,
            "IVA": 19
        },
        {
            "codigo": "ioaF7bRVaW",
            "total": 13,
            "valor_unitario": 858456,
            "descuento": 0.25,
            "IVA": 19
        },
        {
            "codigo": "GuFgx4GkKB",
            "total": 9,
            "valor_unitario": 185534,
            "descuento": 0.31,
            "IVA": 5
        },
        {
            "codigo": "gjLdxEW4Xf",
            "total": 19,
            "valor_unitario": 44383,
            "descuento": 0.09,
            "IVA": 5
        },
        {
            "codigo": "7vNWTVbTaj",
            "total": 5,
            "valor_unitario": 538483,
            "descuento": 0.2,
            "IVA": 19
        },
        {
            "codigo": "4UU3RpcCbG",
            "total": 2,
            "valor_unitario": 242169,
            "descuento": 0.19,
            "IVA": 0
        }
    ]
}