{
    "empresa_nit": "456789123",
    "empresa_ciudad": "BARRANQUILLA",
    "empresa_sede": "aeropuerto",
    "empresa_nombre": "Despensa Natura",
    "fecha_hora": "2022-05-06 16:41:56",
    "factura_num": "01101",
    "ciente_numero": 886459545,
    "pago_tipo": "TAR.DEBITO",
    "productos": [
        {
            "codigo": "xKSTONKzMg",
            "total": 10,
            "valor_unitario": 985733,
            "descuento": 0.44,
            "IVA": 5
        },
        {
            "codigo": "ZJzJxPh4nV",
            "total": 12,
            "valor_unitario": 16980,
            "descuento": 0.3,
            "IVA": 5
        },
        {
            "codigo": "MB39pqmfzg",
            "total": 2,
            "valor_unitario": 370740,
            "descuento": 0.42,
            "IVA": 19
        },
        {
            "codigo": "75DDxMgARI",
            "total": 3,
            "valor_unitario": 836974,
            "descuento": 0.23,
            "IVA": 0
        },
        {
            "codigo": "KAeG63HDyi",
            "total": 5,
            "valor_unitario": 610095,
            "descuento": 0.19,
            "IVA": 0
        },
        {
            "codigo": "o98UVevVUT",
            "total": 10,
            "valor_unitario": 879389,
            "descuento": 0.19,
            "IVA": 0
        },
        {
            "codigo": "DaxrbUlJDW",
            "total": 6,
            "valor_unitario": 191281,
            "descuento": 0.17,
            "IVA": 0
        },
        {
            "codigo": "9WvWIurovW",
            "total": 13,
            "valor_unitario": 874188,
            "descuento": 0.1,
            "IVA": 5
        },
        {
            "codigo": "h7I5vmhBUk",
            "total": 8,
            "valor_unitario": 687468,
            "descuento": 0.07,
            "IVA": 0
        },
        {
            "codigo": "erNdoyDgBE",
            "total": 2,
            "valor_unitario": 662094,
            "descuento": 0.09,
            "IVA": 0
        },
        {
            "codigo": "IlA4pn0PfN",
            "total": 4,
            "valor_unitario": 716695,
            "descuento": 0.28,
            "IVA": 0
        },
        {
            "codigo": "lLi0i7zEFO",
            "total": 9,
            "valor_unitario": 377590,
            "descuento": 0.24,
            "IVA": 19
        },
        {
            "codigo": "06eSwkz8YY",
            "total": 18,
            "valor_unitario": 68774,
            "descuento": 0.11,
            "IVA": 19
        },
        {
            "codigo": "1m3kr7ykqO",
            "total": 16,
            "valor_unitario": 74729,
            "descuento": 0.18,
            "IVA": 0
        },
        {
            "codigo": "EwgDSqfbYj",
            "total": 3,
            "valor_unitario": 805524,
            "descuento": 0.42,
            "IVA": 19
        }
    ]
}