{
    "empresa_nit": "456789123",
    "empresa_ciudad": "BARRANQUILLA",
    "empresa_sede": "autopista",
    "empresa_nombre": "Despensa Natura",
    "fecha_hora": "2022-02-14 22:51:34",
    "factura_num": "00227",
    "ciente_numero": 688568988,
    "pago_tipo": "TRANFERENCIA",
    "productos": [
        {
            "codigo": "9tC6BLRUKk",
            "total": 3,
            "valor_unitario": 379646,
            "descuento": 0.03,
            "IVA": 19
        },
        {
            "codigo": "mNNSfbJodP",
            "total": 19,
            "valor_unitario": 587757,
            "descuento": 0.47,
            "IVA": 5
        },
        {
            "codigo": "dzljEzfm08",
            "total": 15,
            "valor_unitario": 903205,
            "descuento": 0.26,
            "IVA": 19
        },
        {
            "codigo": "r5xGy9UWVn",
            "total": 18,
            "valor_unitario": 899884,
            "descuento": 0.33,
            "IVA": 19
        },
        {
            "codigo": "GGRv6oU8nQ",
            "total": 13,
            "valor_unitario": 33518,
            "descuento": 0.14,
            "IVA": 0
        },
        {
            "codigo": "o4VZcMf0hc",
            "total": 2,
            "valor_unitario": 618212,
            "descuento": 0.3,
            "IVA": 5
        },
        {
            "codigo": "S4LsLYtflN",
            "total": 14,
            "valor_unitario": 214783,
            "descuento": 0.44,
            "IVA": 19
        },
        {
            "codigo": "YP8WzkOUyI",
            "total": 10,
            "valor_unitario": 347832,
            "descuento": 0.18,
            "IVA": 0
        },
        {
            "codigo": "neqT03Abem",
            "total": 9,
            "valor_unitario": 594683,
            "descuento": 0.23,
            "IVA": 19
        },
        {
            "codigo": "mBmzAvNHE4",
            "total": 6,
            "valor_unitario": 198827,
            "descuento": 0.43,
            "IVA": 0
        },
        {
            "codigo": "2KEb3EUPcn",
            "total": 7,
            "valor_unitario": 942926,
            "descuento": 0.14,
            "IVA": 5
        },
        {
            "codigo": "CtU05p6khd",
            "total": 19,
            "valor_unitario": 135568,
            "descuento": 0.19,
            "IVA": 5
        },
        {
            "codigo": "3o29thaHlR",
            "total": 13,
            "valor_unitario": 840977,
            "descuento": 0.02,
            "IVA": 0
        },
        {
            "codigo": "UTn3bw5yl8",
            "total": 14,
            "valor_unitario": 805525,
            "descuento": 0.31,
            "IVA": 5
        },
        {
            "codigo": "Ro9xyvVrFF",
            "total": 14,
            "valor_unitario": 895414,
            "descuento": 0.3,
            "IVA": 5
        },
        {
            "codigo": "dYdsknt2qO",
            "total": 8,
            "valor_unitario": 135161,
            "descuento": 0.26,
            "IVA": 0
        }
    ]
}