{
    "empresa_nit": "456789123",
    "empresa_ciudad": "CALI",
    "empresa_sede": "terminal",
    "empresa_nombre": "Despensa Natura",
    "fecha_hora": "2021-09-17 07:43:39",
    "factura_num": "01042",
    "ciente_numero": 711136937,
    "pago_tipo": "TAR.CREDITO",
    "productos": [
        {
            "codigo": "Gf3Ilfk3HW",
            "total": 15,
            "valor_unitario": 432348,
            "descuento": 0.03,
            "IVA": 19
        },
        {
            "codigo": "zcGMQleVwP",
            "total": 3,
            "valor_unitario": 181040,
            "descuento": 0.42,
            "IVA": 19
        },
        {
            "codigo": "K3Ag2ZNvMJ",
            "total": 5,
            "valor_unitario": 930706,
            "descuento": 0.42,
            "IVA": 19
        },
        {
            "codigo": "ORqMPCqmKQ",
            "total": 1,
            "valor_unitario": 703124,
            "descuento": 0.15,
            "IVA": 0
        },
        {
            "codigo": "of39id1hlO",
            "total": 17,
            "valor_unitario": 412257,
            "descuento": 0.47,
            "IVA": 0
        }
    ]
}