{
    "empresa_nit": "456789123",
    "empresa_ciudad": "BARRANQUILLA",
    "empresa_sede": "alcaldia",
    "empresa_nombre": "Despensa Natura",
    "fecha_hora": "2024-11-17 02:04:36",
    "factura_num": "00293",
    "ciente_numero": 799455063,
    "pago_tipo": "TAR.DEBITO",
    "productos": [
        {
            "codigo": "iwx0aMEIsm",
            "total": 14,
            "valor_unitario": 221824,
            "descuento": 0.35,
            "IVA": 19
        },
        {
            "codigo": "wVIXXPmUDI",
            "total": 3,
            "valor_unitario": 658924,
            "descuento": 0.47,
            "IVA": 19
        },
        {
            "codigo": "48kKvTxHtZ",
            "total": 14,
            "valor_unitario": 644608,
            "descuento": 0.48,
            "IVA": 5
        },
        {
            "codigo": "b3fTlPRXd5",
            "total": 13,
            "valor_unitario": 631218,
            "descuento": 0.08,
            "IVA": 5
        },
        {
            "codigo": "V2klPGYBMM",
            "total": 2,
            "valor_unitario": 282237,
            "descuento": 0.35,
            "IVA": 5
        },
        {
            "codigo": "jj0rvOM0Bq",
            "total": 8,
            "valor_unitario": 801955,
            "descuento": 0.46,
            "IVA": 0
        },
        {
            "codigo": "Ht0sCa2737",
            "total": 3,
            "valor_unitario": 228053,
            "descuento": 0.08,
            "IVA": 0
        },
        {
            "codigo": "yQoQ4oOpn0",
            "total": 20,
            "valor_unitario": 987627,
            "descuento": 0.04,
            "IVA": 19
        },
        {
            "codigo": "pCqLV7DV2o",
            "total": 13,
            "valor_unitario": 533280,
            "descuento": 0.18,
            "IVA": 19
        },
        {
            "codigo": "Cy8HPsDSWo",
            "total": 9,
            "valor_unitario": 792216,
            "descuento": 0.12,
            "IVA": 5
        },
        {
            "codigo": "E2NNCpEVvn",
            "total": 17,
            "valor_unitario": 295988,
            "descuento": 0.49,
            "IVA": 0
        }
    ]
}