{
    "empresa_nit": "456789123",
    "empresa_ciudad": "BARRANQUILLA",
    "empresa_sede": "aeropuerto",
    "empresa_nombre": "Despensa Natura",
    "fecha_hora": "2020-04-16 08:34:38",
    "factura_num": "00302",
    "ciente_numero": 70256570,
    "pago_tipo": "EFECTIVO",
    "productos": [
        {
            "codigo": "gJsU9EpzER",
            "total": 2,
            "valor_unitario": 853075,
            "descuento": 0.42,
            "IVA": 19
        },
        {
            "codigo": "UU5j1ioTpy",
            "total": 3,
            "valor_unitario": 990613,
            "descuento": 0.16,
            "IVA": 19
        },
        {
            "codigo": "8qT8fYDZe6",
            "total": 12,
            "valor_unitario": 388026,
            "descuento": 0.44,
            "IVA": 0
        },
        {
            "codigo": "GECVYSzF8R",
            "total": 20,
            "valor_unitario": 704556,
            "descuento": 0.34,
            "IVA": 19
        }
    ]
}