{
    "empresa_nit": "456789123",
    "empresa_ciudad": "MEDELLIN",
    "empresa_sede": "aeropuerto",
    "empresa_nombre": "Despensa Natura",
    "fecha_hora": "2021-08-19 12:54:59",
    "factura_num": "00179",
    "ciente_numero": 916634331,
    "pago_tipo": "TAR.DEBITO",
    "productos": [
        {
            "codigo": "rUOlde2dSY",
            "total": 10,
            "valor_unitario": 177369,
            "descuento": 0.19,
            "IVA": 19
        },
        {
            "codigo": "7i76hAv0a4",
            "total": 7,
            "valor_unitario": 658463,
            "descuento": 0.4,
            "IVA": 0
        },
        {
            "codigo": "SZrdDNtRfn",
            "total": 13,
            "valor_unitario": 685082,
            "descuento": 0.45,
            "IVA": 0
        },
        {
            "codigo": "XU4YFOaALT",
            "total": 13,
            "valor_unitario": 552213,
            "descuento": 0.27,
            "IVA": 5
        },
        {
            "codigo": "RJz8XBuImE",
            "total": 6,
            "valor_unitario": 317725,
            "descuento": 0.1,
            "IVA": 5
        },
        {
            "codigo": "8LTUGaPul1",
            "total": 6,
            "valor_unitario": 714047,
            "descuento": 0.15,
            "IVA": 0
        },
        {
            "codigo": "aYy3nBxH4I",
            "total": 9,
            "valor_unitario": 773709,
            "descuento": 0.09,
            "IVA": 5
        },
        {
            "codigo": "KiZ98bKFT7",
            "total": 11,
            "valor_unitario": 929514,
            "descuento": 0.15,
            "IVA": 19
        }
    ]
}