{
    "empresa_nit": "456789123",
    "empresa_ciudad": "BARRANQUILLA",
    "empresa_sede": "alcaldia",
    "empresa_nombre": "Despensa Natura",
    "fecha_hora": "2024-12-12 02:46:16",
    "factura_num": "01098",
    "ciente_numero": 599760604,
    "pago_tipo": "TAR.DEBITO",
    "productos": [
        {
            "codigo": "L3XfKGaNSl",
            "total": 11,
            "valor_unitario": 58201,
            "descuento": 0.1,
            "IVA": 0
        },
        {
            "codigo": "oSdq86cHBr",
            "total": 2,
            "valor_unitario": 633794,
            "descuento": 0.08,
            "IVA": 19
        },
        {
            "codigo": "JwTmO1xj70",
            "total": 14,
            "valor_unitario": 522434,
            "descuento": 0.45,
            "IVA": 5
        },
        {
            "codigo": "wLtL5YaZhR",
            "total": 7,
            "valor_unitario": 16685,
            "descuento": 0.41,
            "IVA": 5
        },
        {
            "codigo": "31Xv4fiMtp",
            "total": 4,
            "valor_unitario": 187021,
            "descuento": 0.45,
            "IVA": 5
        },
        {
            "codigo": "081sJP7SQ5",
            "total": 10,
            "valor_unitario": 914577,
            "descuento": 0.42,
            "IVA": 19
        },
        {
            "codigo": "FgPZIeu3om",
            "total": 13,
            "valor_unitario": 772770,
            "descuento": 0.41,
            "IVA": 0
        },
        {
            "codigo": "tiEAtiybu6",
            "total": 14,
            "valor_unitario": 660455,
            "descuento": 0.01,
            "IVA": 5
        },
        {
            "codigo": "tUy4osJ7Oi",
            "total": 13,
            "valor_unitario": 585991,
            "descuento": 0.2,
            "IVA": 19
        },
        {
            "codigo": "qccSISytJ3",
            "total": 10,
            "valor_unitario": 973597,
            "descuento": 0.45,
            "IVA": 0
        },
        {
            "codigo": "H0R4OQerBL",
            "total": 14,
            "valor_unitario": 449474,
            "descuento": 0.4,
            "IVA": 0
        }
    ]
}