{
    "empresa_nit": "456789123",
    "empresa_ciudad": "TUNJA",
    "empresa_sede": "alcaldia",
    "empresa_nombre": "Despensa Natura",
    "fecha_hora": "2024-03-03 03:52:03",
    "factura_num": "00417",
    "ciente_numero": 683931604,
    "pago_tipo": "TRANFERENCIA",
    "productos": [
        {
            "codigo": "xAkIxp8lri",
            "total": 11,
            "valor_unitario": 963745,
            "descuento": 0.28,
            "IVA": 0
        },
        {
            "codigo": "0oKCoTpF5P",
            "total": 5,
            "valor_unitario": 188242,
            "descuento": 0.25,
            "IVA": 5
        }
    ]
}