{
    "empresa_nit": "456789123",
    "empresa_ciudad": "BARRANQUILLA",
    "empresa_sede": "autopista",
    "empresa_nombre": "Despensa Natura",
    "fecha_hora": "2024-08-22 03:38:54",
    "factura_num": "00317",
    "ciente_numero": 793547139,
    "pago_tipo": "TAR.CREDITO",
    "productos": [
        {
            "codigo": "c2z0kEkgk7",
            "total": 18,
            "valor_unitario": 743931,
            "descuento": 0.41,
            "IVA": 0
        },
        {
            "codigo": "298PWPNgBV",
            "total": 10,
            "valor_unitario": 543040,
            "descuento": 0.19,
            "IVA": 19
        },
        {
            "codigo": "f9WY4jkNNq",
            "total": 6,
            "valor_unitario": 365582,
            "descuento": 0.32,
            "IVA": 0
        },
        {
            "codigo": "eLAP9UQNKy",
            "total": 8,
            "valor_unitario": 879702,
            "descuento": 0.35,
            "IVA": 19
        },
        {
            "codigo": "EdId1Yvyo5",
            "total": 13,
            "valor_unitario": 237310,
            "descuento": 0.34,
            "IVA": 0
        },
        {
            "codigo": "7M7PZK3aRv",
            "total": 6,
            "valor_unitario": 258590,
            "descuento": 0.17,
            "IVA": 5
        },
        {
            "codigo": "30xITjCKmD",
            "total": 18,
            "valor_unitario": 871043,
            "descuento": 0.35,
            "IVA": 0
        },
        {
            "codigo": "qfQvaeQ3O3",
            "total": 1,
            "valor_unitario": 171396,
            "descuento": 0.3,
            "IVA": 19
        },
        {
            "codigo": "h1wcOhb8RF",
            "total": 16,
            "valor_unitario": 319237,
            "descuento": 0.08,
            "IVA": 19
        },
        {
            "codigo": "vmMED0iSfm",
            "total": 8,
            "valor_unitario": 872123,
            "descuento": 0.37,
            "IVA": 5
        },
        {
            "codigo": "7WJo4b4iIF",
            "total": 3,
            "valor_unitario": 71985,
            "descuento": 0.31,
            "IVA": 19
        }
    ]
}