{
    "empresa_nit": "456789123",
    "empresa_ciudad": "BOGOTA",
    "empresa_sede": "alcaldia",
    "empresa_nombre": "Despensa Natura",
    "fecha_hora": "2022-09-20 09:07:36",
    "factura_num": "01127",
    "ciente_numero": 33265422,
    "pago_tipo": "TRANFERENCIA",
    "productos": [
        {
            "codigo": "gb4Xy5ciOT",
            "total": 17,
            "valor_unitario": 8679,
            "descuento": 0.37,
            "IVA": 19
        },
        {
            "codigo": "EqS5OhLcca",
            "total": 20,
            "valor_unitario": 460824,
            "descuento": 0.41,
            "IVA": 0
        },
        {
            "codigo": "UQ85aNpJ6H",
            "total": 11,
            "valor_unitario": 470036,
            "descuento": 0.14,
            "IVA": 0
        },
        {
            "codigo": "3w5CCSDNX8",
            "total": 13,
            "valor_unitario": 221168,
            "descuento": 0.26,
            "IVA": 5
        },
        {
            "codigo": "xMPlKqb1KS",
            "total": 1,
            "valor_unitario": 108403,
            "descuento": 0.02,
            "IVA": 0
        },
        {
            "codigo": "pPk9ZvG0c2",
            "total": 3,
            "valor_unitario": 776473,
            "descuento": 0.27,
            "IVA": 0
        },
        {
            "codigo": "EHuwcmXoLL",
            "total": 3,
            "valor_unitario": 36667,
            "descuento": 0.04,
            "IVA": 5
        },
        {
            "codigo": "m2D5Iqs3M4",
            "total": 17,
            "valor_unitario": 453273,
            "descuento": 0.27,
            "IVA": 0
        },
        {
            "codigo": "Glck3h8hdB",
            "total": 18,
            "valor_unitario": 356900,
            "descuento": 0.25,
            "IVA": 5
        },
        {
            "codigo": "Wj98aqroUw",
            "total": 19,
            "valor_unitario": 638687,
            "descuento": 0.33,
            "IVA": 19
        },
        {
            "codigo": "2JkiyITVAk",
            "total": 9,
            "valor_unitario": 72261,
            "descuento": 0.35,
            "IVA": 19
        },
        {
            "codigo": "TxEI2iEu08",
            "total": 13,
            "valor_unitario": 349318,
            "descuento": 0.24,
            "IVA": 5
        },
        {
            "codigo": "8GMdfTgvw6",
            "total": 15,
            "valor_unitario": 716905,
            "descuento": 0.13,
            "IVA": 5
        },
        {
            "codigo": "FB5cSl6ueQ",
            "total": 2,
            "valor_unitario": 367015,
            "descuento": 0.1,
            "IVA": 5
        },
        {
            "codigo": "WIXi9AEm5D",
            "total": 4,
            "valor_unitario": 401868,
            "descuento": 0.32,
            "IVA": 19
        },
        {
            "codigo": "HoC2SEU0Df",
            "total": 9,
            "valor_unitario": 563274,
            "descuento": 0.06,
            "IVA": 19
        },
        {
            "codigo": "8O1LMh0ipz",
            "total": 7,
            "valor_unitario": 800417,
            "descuento": 0.09,
            "IVA": 5
        }
    ]
}