{
    "empresa_nit": "456789123",
    "empresa_ciudad": "TUNJA",
    "empresa_sede": "centro",
    "empresa_nombre": "Despensa Natura",
    "fecha_hora": "2020-08-26 11:29:04",
    "factura_num": "01066",
    "ciente_numero": 973985511,
    "pago_tipo": "TRANFERENCIA",
    "productos": [
        {
            "codigo": "v1OwPkEQ29",
            "total": 9,
            "valor_unitario": 380322,
            "descuento": 0.05,
            "IVA": 0
        },
        {
            "codigo": "EB0fQXxODW",
            "total": 19,
            "valor_unitario": 327661,
            "descuento": 0.13,
            "IVA": 0
        },
        {
            "codigo": "5KU0cSurSQ",
            "total": 6,
            "valor_unitario": 882014,
            "descuento": 0.21,
            "IVA": 5
        },
        {
            "codigo": "W6bIv7SLr9",
            "total": 9,
            "valor_unitario": 27062,
            "descuento": 0.4,
            "IVA": 5
        },
        {
            "codigo": "kB5FKxZY4V",
            "total": 5,
            "valor_unitario": 286734,
            "descuento": 0.06,
            "IVA": 5
        },
        {
            "codigo": "s2XSYOW2iz",
            "total": 7,
            "valor_unitario": 574167,
            "descuento": 0.15,
            "IVA": 0
        },
        {
            "codigo": "skntQUT2f6",
            "total": 3,
            "valor_unitario": 830802,
            "descuento": 0.12,
            "IVA": 0
        },
        {
            "codigo": "UVsTblAjhq",
            "total": 20,
            "valor_unitario": 258452,
            "descuento": 0.21,
            "IVA": 0
        },
        {
            "codigo": "SmYTsOb0ru",
            "total": 5,
            "valor_unitario": 851243,
            "descuento": 0.29,
            "IVA": 5
        },
        {
            "codigo": "JBUMJTljXT",
            "total": 12,
            "valor_unitario": 804850,
            "descuento": 0.14,
            "IVA": 5
        },
        {
            "codigo": "58e1uyiFPx",
            "total": 10,
            "valor_unitario": 109165,
            "descuento": 0.28,
            "IVA": 5
        }
    ]
}