{
    "empresa_nit": "456789123",
    "empresa_ciudad": "BARRANQUILLA",
    "empresa_sede": "centro",
    "empresa_nombre": "Despensa Natura",
    "fecha_hora": "2021-07-28 16:06:33",
    "factura_num": "00352",
    "ciente_numero": 464567780,
    "pago_tipo": "TAR.DEBITO",
    "productos": [
        {
            "codigo": "G8wPneMoFD",
            "total": 5,
            "valor_unitario": 921515,
            "descuento": 0.33,
            "IVA": 5
        },
        {
            "codigo": "XguANuDLnY",
            "total": 17,
            "valor_unitario": 820047,
            "descuento": 0.25,
            "IVA": 0
        },
        {
            "codigo": "KlYBt81ml5",
            "total": 15,
            "valor_unitario": 457075,
            "descuento": 0.49,
            "IVA": 19
        },
        {
            "codigo": "d5Vqpd4Z4t",
            "total": 6,
            "valor_unitario": 521432,
            "descuento": 0.26,
            "IVA": 19
        },
        {
            "codigo": "8cZU5zJYil",
            "total": 14,
            "valor_unitario": 868687,
            "descuento": 0.25,
            "IVA": 0
        },
        {
            "codigo": "JccN3QkHMi",
            "total": 11,
            "valor_unitario": 291255,
            "descuento": 0.15,
            "IVA": 19
        },
        {
            "codigo": "yAlpX8ci0i",
            "total": 15,
            "valor_unitario": 101344,
            "descuento": 0.33,
            "IVA": 19
        },
        {
            "codigo": "BRborQBfx7",
            "total": 18,
            "valor_unitario": 247611,
            "descuento": 0.3,
            "IVA": 19
        },
        {
            "codigo": "S3BCne2Ids",
            "total": 18,
            "valor_unitario": 495409,
            "descuento": 0.22,
            "IVA": 0
        },
        {
            "codigo": "zbBt41kM7k",
            "total": 11,
            "valor_unitario": 214171,
            "descuento": 0.27,
            "IVA": 19
        },
        {
            "codigo": "xKLY7gHyah",
            "total": 4,
            "valor_unitario": 953643,
            "descuento": 0.13,
            "IVA": 19
        },
        {
            "codigo": "jImUsU4EEt",
            "total": 2,
            "valor_unitario": 833545,
            "descuento": 0.34,
            "IVA": 5
        }
    ]
}