{
    "empresa_nit": "456789123",
    "empresa_ciudad": "CALI",
    "empresa_sede": "alcaldia",
    "empresa_nombre": "Despensa Natura",
    "fecha_hora": "2023-06-25 16:21:57",
    "factura_num": "01096",
    "ciente_numero": 442373269,
    "pago_tipo": "TAR.DEBITO",
    "productos": [
        {
            "codigo": "t38blvUpdm",
            "total": 19,
            "valor_unitario": 405057,
            "descuento": 0.3,
            "IVA": 0
        },
        {
            "codigo": "iDJE44k7Ry",
            "total": 17,
            "valor_unitario": 926078,
            "descuento": 0.21,
            "IVA": 0
        },
        {
            "codigo": "1l2G4eFUvu",
            "total": 9,
            "valor_unitario": 877810,
            "descuento": 0.29,
            "IVA": 19
        },
        {
            "codigo": "FLR0tATnoM",
            "total": 15,
            "valor_unitario": 906758,
            "descuento": 0.22,
            "IVA": 5
        },
        {
            "codigo": "CKnYeFDR2H",
            "total": 14,
            "valor_unitario": 570026,
            "descuento": 0.41,
            "IVA": 19
        },
        {
            "codigo": "zRprNO2PJg",
            "total": 18,
            "valor_unitario": 995963,
            "descuento": 0.25,
            "IVA": 5
        },
        {
            "codigo": "ApqKL2CJtR",
            "total": 8,
            "valor_unitario": 813557,
            "descuento": 0.25,
            "IVA": 0
        },
        {
            "codigo": "ExaP7UjDAj",
            "total": 11,
            "valor_unitario": 671902,
            "descuento": 0.35,
            "IVA": 19
        },
        {
            "codigo": "rVpEOQ2ebG",
            "total": 18,
            "valor_unitario": 331018,
            "descuento": 0.24,
            "IVA": 19
        },
        {
            "codigo": "lhszZuG5x1",
            "total": 9,
            "valor_unitario": 63600,
            "descuento": 0.18,
            "IVA": 5
        },
        {
            "codigo": "nToGzejKnA",
            "total": 1,
            "valor_unitario": 489161,
            "descuento": 0.45,
            "IVA": 19
        },
        {
            "codigo": "2lgnMYilZM",
            "total": 20,
            "valor_unitario": 5456,
            "descuento": 0.02,
            "IVA": 19
        },
        {
            "codigo": "x2IAMzOEGU",
            "total": 4,
            "valor_unitario": 473916,
            "descuento": 0.39,
            "IVA": 0
        },
        {
            "codigo": "b7u6wSfX0P",
            "total": 9,
            "valor_unitario": 645396,
            "descuento": 0.15,
            "IVA": 19
        },
        {
            "codigo": "mSI19JYGLR",
            "total": 4,
            "valor_unitario": 591094,
            "descuento": 0.04,
            "IVA": 19
        },
        {
            "codigo": "FJRnVNZenA",
            "total": 16,
            "valor_unitario": 240441,
            "descuento": 0.31,
            "IVA": 19
        },
        {
            "codigo": "MUW7KtutOt",
            "total": 13,
            "valor_unitario": 249717,
            "descuento": 0.31,
            "IVA": 19
        },
        {
            "codigo": "PtsDLIfWoP",
            "total": 12,
            "valor_unitario": 70829,
            "descuento": 0.13,
            "IVA": 19
        },
        {
            "codigo": "jpZOQaAlFR",
            "total": 5,
            "valor_unitario": 793422,
            "descuento": 0.16,
            "IVA": 0
        },
        {
            "codigo": "2VFzjysGxP",
            "total": 15,
            "valor_unitario": 453739,
            "descuento": 0.27,
            "IVA": 0
        }
    ]
}