{
    "empresa_nit": "456789123",
    "empresa_ciudad": "TUNJA",
    "empresa_sede": "plaza",
    "empresa_nombre": "Despensa Natura",
    "fecha_hora": "2020-09-27 16:54:25",
    "factura_num": "00224",
    "ciente_numero": 846730307,
    "pago_tipo": "EFECTIVO",
    "productos": [
        {
            "codigo": "hho7DwROx5",
            "total": 20,
            "valor_unitario": 652279,
            "descuento": 0.22,
            "IVA": 19
        },
        {
            "codigo": "2mdmOxYyll",
            "total": 4,
            "valor_unitario": 960525,
            "descuento": 0.2,
            "IVA": 5
        },
        {
            "codigo": "sPfNX4zRct",
            "total": 3,
            "valor_unitario": 658714,
            "descuento": 0.41,
            "IVA": 0
        },
        {
            "codigo": "nLYXFoW4ql",
            "total": 18,
            "valor_unitario": 578433,
            "descuento": 0.03,
            "IVA": 0
        },
        {
            "codigo": "DKPCoCla0b",
            "total": 11,
            "valor_unitario": 939076,
            "descuento": 0.2,
            "IVA": 19
        },
        {
            "codigo": "lYQHrNX0W4",
            "total": 17,
            "valor_unitario": 31637,
            "descuento": 0.08,
            "IVA": 0
        },
        {
            "codigo": "WhfKxP0F57",
            "total": 13,
            "valor_unitario": 4696,
            "descuento": 0.45,
            "IVA": 5
        },
        {
            "codigo": "JNvRFQHKeI",
            "total": 8,
            "valor_unitario": 684875,
            "descuento": 0.35,
            "IVA": 0
        },
        {
            "codigo": "lEYtiLq0Qs",
            "total": 8,
            "valor_unitario": 983152,
            "descuento": 0.13,
            "IVA": 19
        }
    ]
}