{
    "empresa_nit": "456789123",
    "empresa_ciudad": "BARRANQUILLA",
    "empresa_sede": "alcaldia",
    "empresa_nombre": "Despensa Natura",
    "fecha_hora": "2022-08-27 02:49:14",
    "factura_num": "00202",
    "ciente_numero": 548048598,
    "pago_tipo": "TAR.CREDITO",
    "productos": [
        {
            "codigo": "RT310EVlkA",
            "total": 2,
            "valor_unitario": 566263,
            "descuento": 0.0,
            "IVA": 5
        },
        {
            "codigo": "SBcK3cM9IE",
            "total": 19,
            "valor_unitario": 541094,
            "descuento": 0.35,
            "IVA": 5
        },
        {
            "codigo": "Yrfac8CgDs",
            "total": 10,
            "valor_unitario": 725969,
            "descuento": 0.18,
            "IVA": 19
        },
        {
            "codigo": "ZMbWmrt8Se",
            "total": 17,
            "valor_unitario": 32884,
            "descuento": 0.02,
            "IVA": 5
        }
    ]
}