{
    "empresa_nit": "456789123",
    "empresa_ciudad": "MEDELLIN",
    "empresa_sede": "aeropuerto",
    "empresa_nombre": "Despensa Natura",
    "fecha_hora": "2020-12-16 18:21:30",
    "factura_num": "01001",
    "ciente_numero": 795505431,
    "pago_tipo": "TRANFERENCIA",
    "productos": [
        {
            "codigo": "AzBEhT6k4O",
            "total": 18,
            "valor_unitario": 778148,
            "descuento": 0.49,
            "IVA": 5
        },
        {
            "codigo": "QA9wqTjrzE",
            "total": 15,
            "valor_unitario": 262218,
            "descuento": 0.33,
            "IVA": 0
        },
        {
            "codigo": "VMZoWi9pl6",
            "total": 19,
            "valor_unitario": 154610,
            "descuento": 0.16,
            "IVA": 0
        },
        {
            "codigo": "rWcGUyfnkJ",
            "total": 15,
            "valor_unitario": 365652,
            "descuento": 0.01,
            "IVA": 5
        },
        {
            "codigo": "9xBkO6NCEn",
            "total": 9,
            "valor_unitario": 970037,
            "descuento": 0.18,
            "IVA": 19
        },
        {
            "codigo": "csUEzZeumi",
            "total": 11,
            "valor_unitario": 350436,
            "descuento": 0.43,
            "IVA": 5
        },
        {
            "codigo": "L2OwM8UKwA",
            "total": 11,
            "valor_unitario": 180784,
            "descuento": 0.47,
            "IVA": 19
        }
    ]
}