{
    "empresa_nit": "456789123",
    "empresa_ciudad": "CALI",
    "empresa_sede": "plaza",
    "empresa_nombre": "Despensa Natura",
    "fecha_hora": "2020-08-21 19:06:53",
    "factura_num": "00145",
    "ciente_numero": 476503100,
    "pago_tipo": "TAR.DEBITO",
    "productos": [
        {
            "codigo": "J4y1y4iMEy",
            "total": 5,
            "valor_unitario": 755182,
            "descuento": 0.43,
            "IVA": 5
        },
        {
            "codigo": "YOmgDUMIxq",
            "total": 12,
            "valor_unitario": 132268,
            "descuento": 0.03,
            "IVA": 0
        },
        {
            "codigo": "4d1Yw5OSd2",
            "total": 3,
            "valor_unitario": 279687,
            "descuento": 0.38,
            "IVA": 19
        },
        {
            "codigo": "sQvR74QPmC",
            "total": 9,
            "valor_unitario": 418143,
            "descuento": 0.16,
            "IVA": 0
        },
        {
            "codigo": "m9XOuKQa9v",
            "total": 2,
            "valor_unitario": 988199,
            "descuento": 0.03,
            "IVA": 0
        },
        {
            "codigo": "64FUmcMZZr",
            "total": 19,
            "valor_unitario": 427808,
            "descuento": 0.25,
            "IVA": 19
        },
        {
            "codigo": "P7N7ZH5wcv",
            "total": 16,
            "valor_unitario": 222620,
            "descuento": 0.02,
            "IVA": 0
        },
        {
            "codigo": "zr4JUe1qfv",
            "total": 10,
            "valor_unitario": 404545,
            "descuento": 0.27,
            "IVA": 5
        },
        {
            "codigo": "AzgCbSS7Xm",
            "total": 18,
            "valor_unitario": 112332,
            "descuento": 0.35,
            "IVA": 5
        },
        {
            "codigo": "b2h9gkuWxZ",
            "total": 20,
            "valor_unitario": 634537,
            "descuento": 0.03,
            "IVA": 19
        },
        {
            "codigo": "jiwLi324Ul",
            "total": 17,
            "valor_unitario": 188389,
            "descuento": 0.49,
            "IVA": 0
        },
        {
            "codigo": "aRDytfgsT0",
            "total": 9,
            "valor_unitario": 156555,
            "descuento": 0.1,
            "IVA": 19
        }
    ]
}