{
    "empresa_nit": "456789123",
    "empresa_ciudad": "BOGOTA",
    "empresa_sede": "autopista",
    "empresa_nombre": "Despensa Natura",
    "fecha_hora": "2021-01-13 20:26:23",
    "factura_num": "01091",
    "ciente_numero": 817441448,
    "pago_tipo": "TRANFERENCIA",
    "productos": [
        {
            "codigo": "bSnEY6X0jD",
            "total": 16,
            "valor_unitario": 612303,
            "descuento": 0.19,
            "IVA": 0
        },
        {
            "codigo": "0SnmMsic8u",
            "total": 20,
            "valor_unitario": 286532,
            "descuento": 0.11,
            "IVA": 19
        },
        {
            "codigo": "OMClhW3eB0",
            "total": 12,
            "valor_unitario": 899184,
            "descuento": 0.39,
            "IVA": 0
        },
        {
            "codigo": "p2OKso97wc",
            "total": 7,
            "valor_unitario": 90970,
            "descuento": 0.27,
            "IVA": 19
        },
        {
            "codigo": "9KJcV4dmtD",
            "total": 7,
            "valor_unitario": 987259,
            "descuento": 0.16,
            "IVA": 19
        },
        {
            "codigo": "NoCSSABmvC",
            "total": 12,
            "valor_unitario": 325512,
            "descuento": 0.29,
            "IVA": 19
        },
        {
            "codigo": "iGQt1NhGIV",
            "total": 10,
            "valor_unitario": 591816,
            "descuento": 0.45,
            "IVA": 5
        }
    ]
}