{
    "empresa_nit": "456789123",
    "empresa_ciudad": "BOGOTA",
    "empresa_sede": "aeropuerto",
    "empresa_nombre": "Despensa Natura",
    "fecha_hora": "2020-10-19 16:32:43",
    "factura_num": "01041",
    "ciente_numero": 911052629,
    "pago_tipo": "TAR.CREDITO",
    "productos": [
        {
            "codigo": "AFXJ36lOUZ",
            "total": 13,
            "valor_unitario": 163167,
            "descuento": 0.34,
            "IVA": 5
        },
        {
            "codigo": "hauqDpeW0X",
            "total": 5,
            "valor_unitario": 180706,
            "descuento": 0.4,
            "IVA": 0
        },
        {
            "codigo": "tSDdWOXK2V",
            "total": 8,
            "valor_unitario": 169145,
            "descuento": 0.09,
            "IVA": 19
        },
        {
            "codigo": "A1vin4hp8T",
            "total": 16,
            "valor_unitario": 635755,
            "descuento": 0.19,
            "IVA": 19
        },
        {
            "codigo": "Fw42bGE4lt",
            "total": 4,
            "valor_unitario": 498587,
            "descuento": 0.45,
            "IVA": 0
        },
        {
            "codigo": "X9gaTbMdLH",
            "total": 4,
            "valor_unitario": 902793,
            "descuento": 0.36,
            "IVA": 5
        },
        {
            "codigo": "AvkH1zua9I",
            "total": 16,
            "valor_unitario": 600493,
            "descuento": 0.36,
            "IVA": 19
        },
        {
            "codigo": "I9anvrcHCT",
            "total": 1,
            "valor_unitario": 619421,
            "descuento": 0.12,
            "IVA": 0
        },
        {
            "codigo": "YKiGOM51px",
            "total": 8,
            "valor_unitario": 808060,
            "descuento": 0.0,
            "IVA": 5
        },
        {
            "codigo": "TIv7dDLB3m",
            "total": 10,
            "valor_unitario": 252241,
            "descuento": 0.41,
            "IVA": 5
        },
        {
            "codigo": "ux8i5Tpud6",
            "total": 13,
            "valor_unitario": 845151,
            "descuento": 0.38,
            "IVA": 19
        },
        {
            "codigo": "gNaq8KDaeP",
            "total": 11,
            "valor_unitario": 708315,
            "descuento": 0.43,
            "IVA": 5
        },
        {
            "codigo": "iB9DUE0l0O",
            "total": 6,
            "valor_unitario": 982294,
            "descuento": 0.1,
            "IVA": 5
        }
    ]
}