{
    "empresa_nit": "456789123",
    "empresa_ciudad": "CALI",
    "empresa_sede": "centro",
    "empresa_nombre": "Despensa Natura",
    "fecha_hora": "2022-12-13 07:56:14",
    "factura_num": "00379",
    "ciente_numero": 460525842,
    "pago_tipo": "EFECTIVO",
    "productos": [
        {
            "codigo": "mw4Z4T2IS6",
            "total": 12,
            "valor_unitario": 761427,
            "descuento": 0.3,
            "IVA": 5
        },
        {
            "codigo": "YUHA7IbP7n",
            "total": 6,
            "valor_unitario": 601122,
            "descuento": 0.46,
            "IVA": 0
        },
        {
            "codigo": "SX5BSrxhc1",
            "total": 19,
            "valor_unitario": 913959,
            "descuento": 0.22,
            "IVA": 5
        },
        {
            "codigo": "gpkTAMg3oV",
            "total": 14,
            "valor_unitario": 392522,
            "descuento": 0.06,
            "IVA": 5
        },
        {
            "codigo": "F2TZx56zec",
            "total": 4,
            "valor_unitario": 122612,
            "descuento": 0.44,
            "IVA": 5
        },
        {
            "codigo": "jOudODxlGs",
            "total": 20,
            "valor_unitario": 71949,
            "descuento": 0.28,
            "IVA": 5
        },
        {
            "codigo": "ZC3ZMqBSOq",
            "total": 18,
            "valor_unitario": 405537,
            "descuento": 0.37,
            "IVA": 5
        },
        {
            "codigo": "GCD0Qe6HXN",
            "total": 19,
            "valor_unitario": 869622,
            "descuento": 0.07,
            "IVA": 19
        },
        {
            "codigo": "XgpGl94Aks",
            "total": 16,
            "valor_unitario": 802206,
            "descuento": 0.05,
            "IVA": 0
        },
        {
            "codigo": "rdHt2d6mFD",
            "total": 13,
            "valor_unitario": 585000,
            "descuento": 0.06,
            "IVA": 0
        },
        {
            "codigo": "hLzlP82dyN",
            "total": 11,
            "valor_unitario": 344876,
            "descuento": 0.42,
            "IVA": 5
        },
        {
            "codigo": "zbFLN1XVAX",
            "total": 11,
            "valor_unitario": 51283,
            "descuento": 0.11,
            "IVA": 19
        }
    ]
}