{
    "empresa_nit": "456789123",
    "empresa_ciudad": "CALI",
    "empresa_sede": "terminal",
    "empresa_nombre": "Despensa Natura",
    "fecha_hora": "2024-12-13 19:25:40",
    "factura_num": "00154",
    "ciente_numero": 442130211,
    "pago_tipo": "TAR.CREDITO",
    "productos": [
        {
            "codigo": "asNnS9swhW",
            "total": 19,
            "valor_unitario": 252404,
            "descuento": 0.5,
            "IVA": 19
        },
        {
            "codigo": "QRVMMJZXxT",
            "total": 10,
            "valor_unitario": 621866,
            "descuento": 0.24,
            "IVA": 19
        }
    ]
}