{
    "empresa_nit": "456789123",
    "empresa_ciudad": "CALI",
    "empresa_sede": "centro",
    "empresa_nombre": "Despensa Natura",
    "fecha_hora": "2021-09-02 07:08:41",
    "factura_num": "01052",
    "ciente_numero": 922627739,
    "pago_tipo": "TAR.DEBITO",
    "productos": [
        {
            "codigo": "4eg9fYGD1Z",
            "total": 15,
            "valor_unitario": 412966,
            "descuento": 0.03,
            "IVA": 0
        },
        {
            "codigo": "BYe7q2DFVW",
            "total": 18,
            "valor_unitario": 9448,
            "descuento": 0.12,
            "IVA": 0
        }
    ]
}