{
    "empresa_nit": "456789123",
    "empresa_ciudad": "MEDELLIN",
    "empresa_sede": "centro",
    "empresa_nombre": "Despensa Natura",
    "fecha_hora": "2024-02-09 01:47:38",
    "factura_num": "00183",
    "ciente_numero": 667829976,
    "pago_tipo": "EFECTIVO",
    "productos": [
        {
            "codigo": "Pp59vk0A1S",
            "total": 9,
            "valor_unitario": 941903,
            "descuento": 0.06,
            "IVA": 0
        },
        {
            "codigo": "rNLb1Cb7b0",
            "total": 9,
            "valor_unitario": 575254,
            "descuento": 0.31,
            "IVA": 0
        },
        {
            "codigo": "EGorf6cQL4",
            "total": 18,
            "valor_unitario": 600582,
            "descuento": 0.47,
            "IVA": 0
        },
        {
            "codigo": "atl1Om50Bn",
            "total": 6,
            "valor_unitario": 42734,
            "descuento": 0.45,
            "IVA": 0
        },
        {
            "codigo": "KMAMTcjBOW",
            "total": 4,
            "valor_unitario": 566727,
            "descuento": 0.39,
            "IVA": 19
        },
        {
            "codigo": "gZsqYpLEpA",
            "total": 15,
            "valor_unitario": 978970,
            "descuento": 0.14,
            "IVA": 5
        },
        {
            "codigo": "T64RQ7WHkx",
            "total": 8,
            "valor_unitario": 975314,
            "descuento": 0.27,
            "IVA": 0
        },
        {
            "codigo": "QxqurBvvV6",
            "total": 14,
            "valor_unitario": 361345,
            "descuento": 0.25,
            "IVA": 0
        },
        {
            "codigo": "CUVRD4nChC",
            "total": 20,
            "valor_unitario": 26321,
            "descuento": 0.17,
            "IVA": 0
        },
        {
            "codigo": "WSwEjxrLQw",
            "total": 7,
            "valor_unitario": 712916,
            "descuento": 0.48,
            "IVA": 0
        },
        {
            "codigo": "3byMOD3fkC",
            "total": 5,
            "valor_unitario": 796837,
            "descuento": 0.21,
            "IVA": 0
        },
        {
            "codigo": "CaEhqEpNLK",
            "total": 14,
            "valor_unitario": 638109,
            "descuento": 0.3,
            "IVA": 19
        },
        {
            "codigo": "EDtF0OrKBl",
            "total": 7,
            "valor_unitario": 549593,
            "descuento": 0.19,
            "IVA": 0
        }
    ]
}