{
    "empresa_nit": "456789123",
    "empresa_ciudad": "BOGOTA",
    "empresa_sede": "centro",
    "empresa_nombre": "Despensa Natura",
    "fecha_hora": "2023-05-24 20:42:20",
    "factura_num": "00144",
    "ciente_numero": 56939047,
    "pago_tipo": "TAR.DEBITO",
    "productos": [
        {
            "codigo": "nRlP6NXyqZ",
            "total": 10,
            "valor_unitario": 945397,
            "descuento": 0.26,
            "IVA": 0
        },
        {
            "codigo": "aXdnG7pSgw",
            "total": 12,
            "valor_unitario": 131954,
            "descuento": 0.09,
            "IVA": 19
        },
        {
            "codigo": "vNmEXJTxrD",
            "total": 13,
            "valor_unitario": 849541,
            "descuento": 0.05,
            "IVA": 0
        },
        {
            "codigo": "zlFbLFboyr",
            "total": 16,
            "valor_unitario": 232888,
            "descuento": 0.0,
            "IVA": 19
        },
        {
            "codigo": "X2qSAZuknn",
            "total": 1,
            "valor_unitario": 211079,
            "descuento": 0.31,
            "IVA": 0
        },
        {
            "codigo": "aXKwaccijf",
            "total": 20,
            "valor_unitario": 148558,
            "descuento": 0.41,
            "IVA": 5
        },
        {
            "codigo": "NBKLOuOXeq",
            "total": 6,
            "valor_unitario": 820991,
            "descuento": 0.31,
            "IVA": 19
        },
        {
            "codigo": "h8JaLCxHDE",
            "total": 9,
            "valor_unitario": 765034,
            "descuento": 0.3,
            "IVA": 19
        },
        {
            "codigo": "1Q7mJWRNWY",
            "total": 5,
            "valor_unitario": 364708,
            "descuento": 0.09,
            "IVA": 5
        },
        {
            "codigo": "rIPRz3taC1",
            "total": 17,
            "valor_unitario": 66204,
            "descuento": 0.19,
            "IVA": 19
        },
        {
            "codigo": "EaT5vmHY5Q",
            "total": 6,
            "valor_unitario": 857108,
            "descuento": 0.46,
            "IVA": 0
        },
        {
            "codigo": "IxiwyMYKjy",
            "total": 18,
            "valor_unitario": 215800,
            "descuento": 0.29,
            "IVA": 0
        },
        {
            "codigo": "DTWsUH0zuZ",
            "total": 7,
            "valor_unitario": 274060,
            "descuento": 0.05,
            "IVA": 19
        },
        {
            "codigo": "rCz9SbeaRc",
            "total": 5,
            "valor_unitario": 982290,
            "descuento": 0.48,
            "IVA": 0
        }
    ]
}