{
    "empresa_nit": "456789123",
    "empresa_ciudad": "TUNJA",
    "empresa_sede": "plaza",
    "empresa_nombre": "Despensa Natura",
    "fecha_hora": "2021-05-23 08:01:08",
    "factura_num": "01035",
    "ciente_numero": 271053290,
    "pago_tipo": "TRANFERENCIA",
    "productos": [
        {
            "codigo": "OsTJAh1W5W",
            "total": 6,
            "valor_unitario": 187880,
            "descuento": 0.35,
            "IVA": 0
        },
        {
            "codigo": "ziFoW0UmTH",
            "total": 10,
            "valor_unitario": 654671,
            "descuento": 0.2,
            "IVA": 0
        },
        {
            "codigo": "f9cX1ZFrnn",
            "total": 13,
            "valor_unitario": 185753,
            "descuento": 0.17,
            "IVA": 5
        },
        {
            "codigo": "v82af2AIxp",
            "total": 15,
            "valor_unitario": 877811,
            "descuento": 0.37,
            "IVA": 19
        },
        {
            "codigo": "T00lKw2O5f",
            "total": 8,
            "valor_unitario": 121575,
            "descuento": 0.13,
            "IVA": 0
        },
        {
            "codigo": "cKh2ddvzaW",
            "total": 4,
            "valor_unitario": 362119,
            "descuento": 0.31,
            "IVA": 0
        },
        {
            "codigo": "Wig8Phcvaz",
            "total": 11,
            "valor_unitario": 194209,
            "descuento": 0.21,
            "IVA": 5
        },
        {
            "codigo": "0wln5x2jsJ",
            "total": 15,
            "valor_unitario": 935024,
            "descuento": 0.14,
            "IVA": 0
        },
        {
            "codigo": "4vjIS3UNLl",
            "total": 18,
            "valor_unitario": 794295,
            "descuento": 0.37,
            "IVA": 0
        }
    ]
}