{
    "empresa_nit": "456789123",
    "empresa_ciudad": "BARRANQUILLA",
    "empresa_sede": "centro",
    "empresa_nombre": "Despensa Natura",
    "fecha_hora": "2022-05-14 22:43:24",
    "factura_num": "01012",
    "ciente_numero": 942202584,
    "pago_tipo": "EFECTIVO",
    "productos": [
        {
            "codigo": "rOD4SruZuM",
            "total": 11,
            "valor_unitario": 780311,
            "descuento": 0.35,
            "IVA": 19
        },
        {
            "codigo": "WHYooQHbBv",
            "total": 4,
            "valor_unitario": 612324,
            "descuento": 0.37,
            "IVA": 19
        },
        {
            "codigo": "Ux319jNcMq",
            "total": 8,
            "valor_unitario": 342087,
            "descuento": 0.24,
            "IVA": 5
        },
        {
            "codigo": "YNBLBmkJvh",
            "total": 9,
            "valor_unitario": 395962,
            "descuento": 0.35,
            "IVA": 19
        },
        {
            "codigo": "NzZ1jCYmyu",
            "total": 15,
            "valor_unitario": 82278,
            "descuento": 0.1,
            "IVA": 0
        },
        {
            "codigo": "LgILIeyacT",
            "total": 20,
            "valor_unitario": 754651,
            "descuento": 0.22,
            "IVA": 0
        },
        {
            "codigo": "IG9o1HvAS0",
            "total": 6,
            "valor_unitario": 303834,
            "descuento": 0.34,
            "IVA": 19
        },
        {
            "codigo": "1wi0Xn6YTu",
            "total": 5,
            "valor_unitario": 586471,
            "descuento": 0.39,
            "IVA": 0
        },
        {
            "codigo": "ssnfHcFv3E",
            "total": 13,
            "valor_unitario": 411254,
            "descuento": 0.43,
            "IVA": 5
        },
        {
            "codigo": "LQk7YaTksz",
            "total": 12,
            "valor_unitario": 510294,
            "descuento": 0.07,
            "IVA": 0
        },
        {
            "codigo": "wsUNqNtA5o",
            "total": 7,
            "valor_unitario": 409758,
            "descuento": 0.0,
            "IVA": 0
        },
        {
            "codigo": "y1gIyKmVoh",
            "total": 8,
            "valor_unitario": 98701,
            "descuento": 0.03,
            "IVA": 0
        },
        {
            "codigo": "HChXbwYeFU",
            "total": 15,
            "valor_unitario": 588893,
            "descuento": 0.26,
            "IVA": 5
        },
        {
            "codigo": "2zOzbguuMl",
            "total": 20,
            "valor_unitario": 995812,
            "descuento": 0.43,
            "IVA": 5
        },
        {
            "codigo": "gqTguWWb2u",
            "total": 16,
            "valor_unitario": 922358,
            "descuento": 0.04,
            "IVA": 0
        },
        {
            "codigo": "5Vjdd0T1vg",
            "total": 18,
            "valor_unitario": 857547,
            "descuento": 0.45,
            "IVA": 5
        },
        {
            "codigo": "QVBbbJ5e55",
            "total": 16,
            "valor_unitario": 184836,
            "descuento": 0.36,
            "IVA": 19
        }
    ]
}