{
    "empresa_nit": "456789123",
    "empresa_ciudad": "CALI",
    "empresa_sede": "aeropuerto",
    "empresa_nombre": "Despensa Natura",
    "fecha_hora": "2021-03-03 17:06:11",
    "factura_num": "00283",
    "ciente_numero": 716190605,
    "pago_tipo": "TAR.CREDITO",
    "productos": [
        {
            "codigo": "NsZY7nqwQz",
            "total": 18,
            "valor_unitario": 752597,
            "descuento": 0.48,
            "IVA": 0
        },
        {
            "codigo": "TaKWcd9dRy",
            "total": 19,
            "valor_unitario": 114212,
            "descuento": 0.2,
            "IVA": 19
        },
        {
            "codigo": "rh9lAosJ8h",
            "total": 15,
            "valor_unitario": 75847,
            "descuento": 0.26,
            "IVA": 5
        },
        {
            "codigo": "EB0cpFMAcE",
            "total": 1,
            "valor_unitario": 397075,
            "descuento": 0.44,
            "IVA": 0
        },
        {
            "codigo": "g9JKaWI8Hj",
            "total": 5,
            "valor_unitario": 82397,
            "descuento": 0.43,
            "IVA": 0
        },
        {
            "codigo": "dkHtFbJtLd",
            "total": 9,
            "valor_unitario": 888436,
            "descuento": 0.27,
            "IVA": 5
        },
        {
            "codigo": "E5LFYhoCUq",
            "total": 6,
            "valor_unitario": 778308,
            "descuento": 0.27,
            "IVA": 19
        },
        {
            "codigo": "FN6mjtvzs7",
            "total": 10,
            "valor_unitario": 525120,
            "descuento": 0.36,
            "IVA": 0
        },
        {
            "codigo": "YlXpqTcmlQ",
            "total": 14,
            "valor_unitario": 108405,
            "descuento": 0.43,
            "IVA": 5
        },
        {
            "codigo": "X003ByiZYN",
            "total": 3,
            "valor_unitario": 742182,
            "descuento": 0.36,
            "IVA": 5
        },
        {
            "codigo": "cBakn768tQ",
            "total": 13,
            "valor_unitario": 246239,
            "descuento": 0.24,
            "IVA": 19
        },
        {
            "codigo": "4G57IxcELD",
            "total": 13,
            "valor_unitario": 31682,
            "descuento": 0.48,
            "IVA": 0
        },
        {
            "codigo": "UC6kpff6Gz",
            "total": 10,
            "valor_unitario": 654749,
            "descuento": 0.33,
            "IVA": 5
        },
        {
            "codigo": "IQQz1n1UOt",
            "total": 9,
            "valor_unitario": 769039,
            "descuento": 0.31,
            "IVA": 19
        },
        {
            "codigo": "7BDMDVmZWf",
            "total": 5,
            "valor_unitario": 687192,
            "descuento": 0.39,
            "IVA": 19
        },
        {
            "codigo": "9SrifGCXRN",
            "total": 18,
            "valor_unitario": 604454,
            "descuento": 0.45,
            "IVA": 0
        },
        {
            "codigo": "1Qh1Qd1woN",
            "total": 16,
            "valor_unitario": 532623,
            "descuento": 0.2,
            "IVA": 5
        },
        {
            "codigo": "YNo2Q7JCZl",
            "total": 6,
            "valor_unitario": 579017,
            "descuento": 0.1,
            "IVA": 5
        }
    ]
}