{
    "empresa_nit": "456789123",
    "empresa_ciudad": "TUNJA",
    "empresa_sede": "terminal",
    "empresa_nombre": "Despensa Natura",
    "fecha_hora": "2020-02-27 20:18:01",
    "factura_num": "01128",
    "ciente_numero": 538888047,
    "pago_tipo": "TAR.CREDITO",
    "productos": [
        {
            "codigo": "oiDAEQjHlW",
            "total": 12,
            "valor_unitario": 680869,
            "descuento": 0.21,
            "IVA": 19
        },
        {
            "codigo": "vGFGpS9wEZ",
            "total": 6,
            "valor_unitario": 325638,
            "descuento": 0.29,
            "IVA": 0
        },
        {
            "codigo": "3UD74WRNlr",
            "total": 13,
            "valor_unitario": 717636,
            "descuento": 0.48,
            "IVA": 0
        },
        {
            "codigo": "hOIjcPMNCn",
            "total": 20,
            "valor_unitario": 522660,
            "descuento": 0.27,
            "IVA": 19
        },
        {
            "codigo": "9DN5mIRI5c",
            "total": 3,
            "valor_unitario": 367003,
            "descuento": 0.34,
            "IVA": 5
        },
        {
            "codigo": "2Vhb4MupTc",
            "total": 1,
            "valor_unitario": 844041,
            "descuento": 0.26,
            "IVA": 19
        },
        {
            "codigo": "b3znOX74I8",
            "total": 6,
            "valor_unitario": 28164,
            "descuento": 0.23,
            "IVA": 19
        },
        {
            "codigo": "IJR6Lmw4RW",
            "total": 4,
            "valor_unitario": 52119,
            "descuento": 0.38,
            "IVA": 5
        },
        {
            "codigo": "UvgypSXchE",
            "total": 19,
            "valor_unitario": 190249,
            "descuento": 0.02,
            "IVA": 5
        }
    ]
}