{
    "empresa_nit": "456789123",
    "empresa_ciudad": "BOGOTA",
    "empresa_sede": "aeropuerto",
    "empresa_nombre": "Despensa Natura",
    "fecha_hora": "2020-06-22 11:56:10",
    "factura_num": "00038",
    "ciente_numero": 35058840,
    "pago_tipo": "TRANFERENCIA",
    "productos": [
        {
            "codigo": "YHeoFSyFCa",
            "total": 20,
            "valor_unitario": 679200,
            "descuento": 0.47,
            "IVA": 5
        },
        {
            "codigo": "44tsH8xQsl",
            "total": 15,
            "valor_unitario": 204750,
            "descuento": 0.25,
            "IVA": 5
        },
        {
            "codigo": "1WMl9sLUsD",
            "total": 16,
            "valor_unitario": 114138,
            "descuento": 0.36,
            "IVA": 0
        },
        {
            "codigo": "KVT4NET0m1",
            "total": 17,
            "valor_unitario": 562493,
            "descuento": 0.07,
            "IVA": 5
        },
        {
            "codigo": "ztSvz7S58V",
            "total": 9,
            "valor_unitario": 680016,
            "descuento": 0.48,
            "IVA": 5
        },
        {
            "codigo": "8zqtwmkI2T",
            "total": 14,
            "valor_unitario": 906628,
            "descuento": 0.24,
            "IVA": 0
        },
        {
            "codigo": "ECsZ0T8utn",
            "total": 18,
            "valor_unitario": 910970,
            "descuento": 0.37,
            "IVA": 19
        },
        {
            "codigo": "HHmSHrHYeH",
            "total": 7,
            "valor_unitario": 945832,
            "descuento": 0.48,
            "IVA": 0
        },
        {
            "codigo": "rch4PwVfik",
            "total": 11,
            "valor_unitario": 173551,
            "descuento": 0.47,
            "IVA": 5
        },
        {
            "codigo": "RLylGchJ8r",
            "total": 6,
            "valor_unitario": 941074,
            "descuento": 0.41,
            "IVA": 0
        },
        {
            "codigo": "qnyy0QrYRl",
            "total": 16,
            "valor_unitario": 678248,
            "descuento": 0.04,
            "IVA": 0
        },
        {
            "codigo": "1PRcglTptF",
            "total": 19,
            "valor_unitario": 221309,
            "descuento": 0.42,
            "IVA": 5
        },
        {
            "codigo": "8FvbZPjFoq",
            "total": 4,
            "valor_unitario": 40783,
            "descuento": 0.37,
            "IVA": 5
        },
        {
            "codigo": "aZZRDCU1DC",
            "total": 20,
            "valor_unitario": 36984,
            "descuento": 0.49,
            "IVA": 5
        },
        {
            "codigo": "51Ln95MdHV",
            "total": 15,
            "valor_unitario": 228905,
            "descuento": 0.42,
            "IVA": 19
        },
        {
            "codigo": "m8lzsw1tnK",
            "total": 6,
            "valor_unitario": 855731,
            "descuento": 0.31,
            "IVA": 5
        },
        {
            "codigo": "pe3eNgA9Y7",
            "total": 15,
            "valor_unitario": 700701,
            "descuento": 0.47,
            "IVA": 5
        }
    ]
}