{
    "empresa_nit": "456789123",
    "empresa_ciudad": "TUNJA",
    "empresa_sede": "plaza",
    "empresa_nombre": "Despensa Natura",
    "fecha_hora": "2021-10-18 04:41:10",
    "factura_num": "00012",
    "ciente_numero": 699093382,
    "pago_tipo": "TAR.DEBITO",
    "productos": [
        {
            "codigo": "T7k2Rihh06",
            "total": 14,
            "valor_unitario": 765948,
            "descuento": 0.19,
            "IVA": 0
        },
        {
            "codigo": "taEnb9zc8h",
            "total": 7,
            "valor_unitario": 304638,
            "descuento": 0.34,
            "IVA": 5
        },
        {
            "codigo": "14by1BB0Gw",
            "total": 10,
            "valor_unitario": 535250,
            "descuento": 0.33,
            "IVA": 0
        },
        {
            "codigo": "Hwf4tcpas6",
            "total": 12,
            "valor_unitario": 945825,
            "descuento": 0.05,
            "IVA": 0
        },
        {
            "codigo": "awL7v9iAaa",
            "total": 1,
            "valor_unitario": 636628,
            "descuento": 0.44,
            "IVA": 19
        },
        {
            "codigo": "Bhxi7hobVZ",
            "total": 6,
            "valor_unitario": 788181,
            "descuento": 0.37,
            "IVA": 5
        },
        {
            "codigo": "ZSQdEx8J2M",
            "total": 10,
            "valor_unitario": 904936,
            "descuento": 0.18,
            "IVA": 19
        },
        {
            "codigo": "A46OEm9Lx1",
            "total": 15,
            "valor_unitario": 409447,
            "descuento": 0.21,
            "IVA": 19
        },
        {
            "codigo": "CtPRChR9P0",
            "total": 3,
            "valor_unitario": 595588,
            "descuento": 0.26,
            "IVA": 19
        },
        {
            "codigo": "a0BoGhgpiO",
            "total": 1,
            "valor_unitario": 962931,
            "descuento": 0.07,
            "IVA": 5
        },
        {
            "codigo": "1d3qRC9d1n",
            "total": 17,
            "valor_unitario": 918029,
            "descuento": 0.34,
            "IVA": 19
        },
        {
            "codigo": "R5h1PVd5FA",
            "total": 4,
            "valor_unitario": 434841,
            "descuento": 0.21,
            "IVA": 19
        }
    ]
}