{
    "empresa_nit": "456789123",
    "empresa_ciudad": "TUNJA",
    "empresa_sede": "aeropuerto",
    "empresa_nombre": "Despensa Natura",
    "fecha_hora": "2020-02-13 06:03:54",
    "factura_num": "01061",
    "ciente_numero": 297400851,
    "pago_tipo": "EFECTIVO",
    "productos": [
        {
            "codigo": "GcicTzHnNv",
            "total": 9,
            "valor_unitario": 826256,
            "descuento": 0.49,
            "IVA": 19
        },
        {
            "codigo": "x1zm7asBxZ",
            "total": 3,
            "valor_unitario": 490855,
            "descuento": 0.28,
            "IVA": 5
        },
        {
            "codigo": "tnrNtzvgPq",
            "total": 8,
            "valor_unitario": 16160,
            "descuento": 0.29,
            "IVA": 5
        },
        {
            "codigo": "TLazEl6G8k",
            "total": 18,
            "valor_unitario": 788490,
            "descuento": 0.46,
            "IVA": 19
        },
        {
            "codigo": "yhahRbLdUJ",
            "total": 18,
            "valor_unitario": 428572,
            "descuento": 0.14,
            "IVA": 0
        },
        {
            "codigo": "XCe9zHXPzY",
            "total": 4,
            "valor_unitario": 920848,
            "descuento": 0.26,
            "IVA": 0
        },
        {
            "codigo": "4AD6omyGTP",
            "total": 4,
            "valor_unitario": 953772,
            "descuento": 0.17,
            "IVA": 5
        },
        {
            "codigo": "07rxGgChUa",
            "total": 3,
            "valor_unitario": 770060,
            "descuento": 0.1,
            "IVA": 0
        }
    ]
}