{
    "empresa_nit": "456789123",
    "empresa_ciudad": "BARRANQUILLA",
    "empresa_sede": "autopista",
    "empresa_nombre": "Despensa Natura",
    "fecha_hora": "2024-12-15 16:49:40",
    "factura_num": "00269",
    "ciente_numero": 23496887,
    "pago_tipo": "TAR.DEBITO",
    "productos": [
        {
            "codigo": "Bg2SyfIbFh",
            "total": 10,
            "valor_unitario": 883258,
            "descuento": 0.07,
            "IVA": 0
        },
        {
            "codigo": "g9uEv40aRX",
            "total": 3,
            "valor_unitario": 931185,
            "descuento": 0.16,
            "IVA": 5
        },
        {
            "codigo": "RvE5jT6lAM",
            "total": 4,
            "valor_unitario": 235999,
            "descuento": 0.48,
            "IVA": 0
        },
        {
            "codigo": "WvtnsZgiss",
            "total": 14,
            "valor_unitario": 760663,
            "descuento": 0.33,
            "IVA": 5
        },
        {
            "codigo": "ODktjFBlKr",
            "total": 9,
            "valor_unitario": 740041,
            "descuento": 0.15,
            "IVA": 0
        },
        {
            "codigo": "AINEG1AzOk",
            "total": 19,
            "valor_unitario": 692594,
            "descuento": 0.12,
            "IVA": 5
        },
        {
            "codigo": "rrTZsUCK75",
            "total": 15,
            "valor_unitario": 164647,
            "descuento": 0.12,
            "IVA": 0
        },
        {
            "codigo": "qbqHvoHpdm",
            "total": 19,
            "valor_unitario": 470771,
            "descuento": 0.1,
            "IVA": 19
        },
        {
            "codigo": "dxki2pwfqX",
            "total": 2,
            "valor_unitario": 248617,
            "descuento": 0.14,
            "IVA": 19
        },
        {
            "codigo": "0DTArJQ5Kl",
            "total": 13,
            "valor_unitario": 257532,
            "descuento": 0.3,
            "IVA": 0
        },
        {
            "codigo": "bjRoKPVGvV",
            "total": 15,
            "valor_unitario": 576744,
            "descuento": 0.34,
            "IVA": 19
        },
        {
            "codigo": "TnvVQruVu3",
            "total": 14,
            "valor_unitario": 527094,
            "descuento": 0.14,
            "IVA": 5
        },
        {
            "codigo": "snghmEPY9e",
            "total": 10,
            "valor_unitario": 298455,
            "descuento": 0.34,
            "IVA": 19
        },
        {
            "codigo": "EQ0JZDydUS",
            "total": 17,
            "valor_unitario": 583358,
            "descuento": 0.49,
            "IVA": 0
        },
        {
            "codigo": "tLQpFRkT6h",
            "total": 10,
            "valor_unitario": 467525,
            "descuento": 0.31,
            "IVA": 5
        },
        {
            "codigo": "V46r4fcFcd",
            "total": 3,
            "valor_unitario": 317522,
            "descuento": 0.09,
            "IVA": 19
        }
    ]
}