{
    "empresa_nit": "456789123",
    "empresa_ciudad": "CALI",
    "empresa_sede": "terminal",
    "empresa_nombre": "Despensa Natura",
    "fecha_hora": "2020-05-05 21:01:34",
    "factura_num": "01112",
    "ciente_numero": 548802685,
    "pago_tipo": "EFECTIVO",
    "productos": [
        {
            "codigo": "TjjV5y4GGH",
            "total": 14,
            "valor_unitario": 306823,
            "descuento": 0.44,
            "IVA": 0
        },
        {
            "codigo": "ydLo4lj1QV",
            "total": 20,
            "valor_unitario": 444499,
            "descuento": 0.32,
            "IVA": 19
        },
        {
            "codigo": "jid5G6PQiN",
            "total": 6,
            "valor_unitario": 962687,
            "descuento": 0.16,
            "IVA": 5
        },
        {
            "codigo": "GwoQ3BYB3L",
            "total": 19,
            "valor_unitario": 777721,
            "descuento": 0.32,
            "IVA": 5
        },
        {
            "codigo": "t5SuBmOfoN",
            "total": 2,
            "valor_unitario": 756673,
            "descuento": 0.03,
            "IVA": 19
        },
        {
            "codigo": "3aK2PF72ns",
            "total": 6,
            "valor_unitario": 981580,
            "descuento": 0.03,
            "IVA": 0
        },
        {
            "codigo": "PnwsKrACvh",
            "total": 5,
            "valor_unitario": 923594,
            "descuento": 0.21,
            "IVA": 19
        },
        {
            "codigo": "Ni5Dvfq2PZ",
            "total": 3,
            "valor_unitario": 252835,
            "descuento": 0.4,
            "IVA": 19
        },
        {
            "codigo": "cr8FoiDken",
            "total": 2,
            "valor_unitario": 948991,
            "descuento": 0.14,
            "IVA": 19
        },
        {
            "codigo": "tU5Qb2Ghph",
            "total": 12,
            "valor_unitario": 41792,
            "descuento": 0.19,
            "IVA": 19
        },
        {
            "codigo": "GBMlm01SEi",
            "total": 8,
            "valor_unitario": 77708,
            "descuento": 0.08,
            "IVA": 0
        },
        {
            "codigo": "uD3GQwP2JU",
            "total": 3,
            "valor_unitario": 922198,
            "descuento": 0.08,
            "IVA": 0
        }
    ]
}