{
    "empresa_nit": "456789123",
    "empresa_ciudad": "TUNJA",
    "empresa_sede": "terminal",
    "empresa_nombre": "Despensa Natura",
    "fecha_hora": "2022-02-13 11:30:49",
    "factura_num": "01055",
    "ciente_numero": 443772915,
    "pago_tipo": "EFECTIVO",
    "productos": [
        {
            "codigo": "Lf5fwKomme",
            "total": 14,
            "valor_unitario": 485664,
            "descuento": 0.06,
            "IVA": 5
        },
        {
            "codigo": "Y94UiaGYDf",
            "total": 2,
            "valor_unitario": 72932,
            "descuento": 0.2,
            "IVA": 5
        },
        {
            "codigo": "MJDmReV3Lk",
            "total": 18,
            "valor_unitario": 188022,
            "descuento": 0.02,
            "IVA": 5
        },
        {
            "codigo": "n4zgPjL6EW",
            "total": 10,
            "valor_unitario": 191222,
            "descuento": 0.28,
            "IVA": 19
        },
        {
            "codigo": "2xDWjr583q",
            "total": 6,
            "valor_unitario": 691958,
            "descuento": 0.12,
            "IVA": 5
        },
        {
            "codigo": "byYagPDuVc",
            "total": 20,
            "valor_unitario": 170754,
            "descuento": 0.41,
            "IVA": 0
        },
        {
            "codigo": "ObXT9uROOu",
            "total": 10,
            "valor_unitario": 116420,
            "descuento": 0.24,
            "IVA": 0
        }
    ]
}