{
    "empresa_nit": "456789123",
    "empresa_ciudad": "BOGOTA",
    "empresa_sede": "centro",
    "empresa_nombre": "Despensa Natura",
    "fecha_hora": "2021-08-07 00:28:53",
    "factura_num": "00360",
    "ciente_numero": 617740531,
    "pago_tipo": "TAR.DEBITO",
    "productos": [
        {
            "codigo": "Fi0VQJi8JS",
            "total": 13,
            "valor_unitario": 392497,
            "descuento": 0.47,
            "IVA": 0
        },
        {
            "codigo": "MJenqCY3Ry",
            "total": 17,
            "valor_unitario": 306673,
            "descuento": 0.35,
            "IVA": 0
        },
        {
            "codigo": "nBn8U1dhf6",
            "total": 5,
            "valor_unitario": 908899,
            "descuento": 0.31,
            "IVA": 5
        },
        {
            "codigo": "ltoz1TTCTh",
            "total": 8,
            "valor_unitario": 878380,
            "descuento": 0.11,
            "IVA": 19
        },
        {
            "codigo": "qDY0fpVWoM",
            "total": 19,
            "valor_unitario": 253659,
            "descuento": 0.06,
            "IVA": 0
        },
        {
            "codigo": "BMWNTOCWoy",
            "total": 4,
            "valor_unitario": 314039,
            "descuento": 0.15,
            "IVA": 5
        },
        {
            "codigo": "A5pdOYM4je",
            "total": 1,
            "valor_unitario": 516547,
            "descuento": 0.22,
            "IVA": 0
        },
        {
            "codigo": "UiDkXRgc0D",
            "total": 14,
            "valor_unitario": 882700,
            "descuento": 0.3,
            "IVA": 5
        }
    ]
}