{
    "empresa_nit": "456789123",
    "empresa_ciudad": "CALI",
    "empresa_sede": "aeropuerto",
    "empresa_nombre": "Despensa Natura",
    "fecha_hora": "2021-06-27 20:36:27",
    "factura_num": "00347",
    "ciente_numero": 830443903,
    "pago_tipo": "TAR.CREDITO",
    "productos": [
        {
            "codigo": "izj9gkXt5B",
            "total": 16,
            "valor_unitario": 464770,
            "descuento": 0.25,
            "IVA": 5
        },
        {
            "codigo": "K0hK6p6Arv",
            "total": 6,
            "valor_unitario": 725912,
            "descuento": 0.31,
            "IVA": 19
        },
        {
            "codigo": "iWNkn3FsIQ",
            "total": 1,
            "valor_unitario": 700633,
            "descuento": 0.31,
            "IVA": 5
        },
        {
            "codigo": "f0hRJSIXRy",
            "total": 18,
            "valor_unitario": 324387,
            "descuento": 0.27,
            "IVA": 5
        },
        {
            "codigo": "FxsGa6ZT7g",
            "total": 19,
            "valor_unitario": 409728,
            "descuento": 0.08,
            "IVA": 5
        },
        {
            "codigo": "osRKxxqTpS",
            "total": 2,
            "valor_unitario": 459162,
            "descuento": 0.42,
            "IVA": 19
        },
        {
            "codigo": "t36wcrg6Dq",
            "total": 5,
            "valor_unitario": 728523,
            "descuento": 0.45,
            "IVA": 5
        },
        {
            "codigo": "9ZIk3nNuB6",
            "total": 19,
            "valor_unitario": 919847,
            "descuento": 0.4,
            "IVA": 0
        },
        {
            "codigo": "5h22Pwsqnl",
            "total": 8,
            "valor_unitario": 422144,
            "descuento": 0.32,
            "IVA": 19
        },
        {
            "codigo": "QRNWQOzshR",
            "total": 8,
            "valor_unitario": 272377,
            "descuento": 0.09,
            "IVA": 19
        },
        {
            "codigo": "ICW4fIA8j6",
            "total": 20,
            "valor_unitario": 219197,
            "descuento": 0.41,
            "IVA": 5
        },
        {
            "codigo": "zG1224KiNi",
            "total": 8,
            "valor_unitario": 874510,
            "descuento": 0.38,
            "IVA": 0
        },
        {
            "codigo": "gxkGxbeLjc",
            "total": 18,
            "valor_unitario": 44055,
            "descuento": 0.06,
            "IVA": 0
        },
        {
            "codigo": "4Yxwo5y43X",
            "total": 10,
            "valor_unitario": 560534,
            "descuento": 0.39,
            "IVA": 0
        },
        {
            "codigo": "mA9zZfUgMs",
            "total": 11,
            "valor_unitario": 45908,
            "descuento": 0.47,
            "IVA": 0
        },
        {
            "codigo": "UbijJmTMEk",
            "total": 19,
            "valor_unitario": 481255,
            "descuento": 0.36,
            "IVA": 19
        },
        {
            "codigo": "zEo6lQYDyp",
            "total": 11,
            "valor_unitario": 919921,
            "descuento": 0.29,
            "IVA": 5
        }
    ]
}