{
    "empresa_nit": "456789123",
    "empresa_ciudad": "BOGOTA",
    "empresa_sede": "aeropuerto",
    "empresa_nombre": "Despensa Natura",
    "fecha_hora": "2022-07-17 02:57:12",
    "factura_num": "00151",
    "ciente_numero": 408809663,
    "pago_tipo": "TAR.DEBITO",
    "productos": [
        {
            "codigo": "kqsOapWUSQ",
            "total": 15,
            "valor_unitario": 474736,
            "descuento": 0.21,
            "IVA": 0
        },
        {
            "codigo": "Va5yrJZoQF",
            "total": 16,
            "valor_unitario": 355082,
            "descuento": 0.16,
            "IVA": 19
        },
        {
            "codigo": "vvJylc5L8e",
            "total": 20,
            "valor_unitario": 340530,
            "descuento": 0.34,
            "IVA": 0
        },
        {
            "codigo": "4avKhww1zI",
            "total": 17,
            "valor_unitario": 14297,
            "descuento": 0.04,
            "IVA": 5
        }
    ]
}