{
    "empresa_nit": "456789123",
    "empresa_ciudad": "CALI",
    "empresa_sede": "autopista",
    "empresa_nombre": "Despensa Natura",
    "fecha_hora": "2023-03-08 11:43:19",
    "factura_num": "00025",
    "ciente_numero": 86588886,
    "pago_tipo": "EFECTIVO",
    "productos": [
        {
            "codigo": "4ksCIqcDHc",
            "total": 8,
            "valor_unitario": 159617,
            "descuento": 0.23,
            "IVA": 5
        },
        {
            "codigo": "rHD0cfGTgM",
            "total": 18,
            "valor_unitario": 934670,
            "descuento": 0.27,
            "IVA": 5
        },
        {
            "codigo": "o7pqR4XSHA",
            "total": 14,
            "valor_unitario": 474651,
            "descuento": 0.37,
            "IVA": 19
        }
    ]
}