{
    "empresa_nit": "456789123",
    "empresa_ciudad": "MEDELLIN",
    "empresa_sede": "terminal",
    "empresa_nombre": "Despensa Natura",
    "fecha_hora": "2024-03-15 22:35:47",
    "factura_num": "00305",
    "ciente_numero": 967439124,
    "pago_tipo": "TAR.CREDITO",
    "productos": [
        {
            "codigo": "JxE4Xuf19U",
            "total": 1,
            "valor_unitario": 692467,
            "descuento": 0.0,
            "IVA": 19
        },
        {
            "codigo": "IuCxhuzEko",
            "total": 8,
            "valor_unitario": 292544,
            "descuento": 0.07,
            "IVA": 19
        },
        {
            "codigo": "qV4C2qtn80",
            "total": 6,
            "valor_unitario": 966691,
            "descuento": 0.38,
            "IVA": 19
        },
        {
            "codigo": "nWRZ4njEqz",
            "total": 11,
            "valor_unitario": 695067,
            "descuento": 0.21,
            "IVA": 19
        },
        {
            "codigo": "rhpEyHWGSW",
            "total": 3,
            "valor_unitario": 674544,
            "descuento": 0.48,
            "IVA": 0
        }
    ]
}