{
    "empresa_nit": "456789123",
    "empresa_ciudad": "BOGOTA",
    "empresa_sede": "plaza",
    "empresa_nombre": "Despensa Natura",
    "fecha_hora": "2024-01-06 16:39:19",
    "factura_num": "00200",
    "ciente_numero": 497830944,
    "pago_tipo": "TRANFERENCIA",
    "productos": [
        {
            "codigo": "ZXtNDVJpi3",
            "total": 18,
            "valor_unitario": 457406,
            "descuento": 0.23,
            "IVA": 0
        },
        {
            "codigo": "m9g760TcH8",
            "total": 17,
            "valor_unitario": 87240,
            "descuento": 0.41,
            "IVA": 19
        },
        {
            "codigo": "33SeZM2KNx",
            "total": 6,
            "valor_unitario": 750439,
            "descuento": 0.34,
            "IVA": 5
        },
        {
            "codigo": "IQjGkqUulL",
            "total": 9,
            "valor_unitario": 701003,
            "descuento": 0.22,
            "IVA": 5
        },
        {
            "codigo": "hIylqYshGc",
            "total": 8,
            "valor_unitario": 689066,
            "descuento": 0.32,
            "IVA": 19
        },
        {
            "codigo": "roNsElildA",
            "total": 6,
            "valor_unitario": 876152,
            "descuento": 0.09,
            "IVA": 19
        },
        {
            "codigo": "p4UkoQdO5p",
            "total": 18,
            "valor_unitario": 54441,
            "descuento": 0.29,
            "IVA": 19
        },
        {
            "codigo": "VE38VCas5D",
            "total": 9,
            "valor_unitario": 29223,
            "descuento": 0.22,
            "IVA": 5
        },
        {
            "codigo": "Gr9vPjCGJi",
            "total": 5,
            "valor_unitario": 208439,
            "descuento": 0.05,
            "IVA": 19
        },
        {
            "codigo": "xVRZ9mn6Uw",
            "total": 17,
            "valor_unitario": 21168,
            "descuento": 0.45,
            "IVA": 0
        },
        {
            "codigo": "qMhUH5uCp7",
            "total": 5,
            "valor_unitario": 394846,
            "descuento": 0.2,
            "IVA": 5
        }
    ]
}