{
    "empresa_nit": "456789123",
    "empresa_ciudad": "BARRANQUILLA",
    "empresa_sede": "alcaldia",
    "empresa_nombre": "Despensa Natura",
    "fecha_hora": "2022-11-06 13:20:48",
    "factura_num": "01024",
    "ciente_numero": 839940590,
    "pago_tipo": "EFECTIVO",
    "productos": [
        {
            "codigo": "uPssICP5la",
            "total": 13,
            "valor_unitario": 136543,
            "descuento": 0.41,
            "IVA": 5
        },
        {
            "codigo": "abn5l28FcK",
            "total": 13,
            "valor_unitario": 623961,
            "descuento": 0.15,
            "IVA": 19
        },
        {
            "codigo": "b9T9L9HX8a",
            "total": 16,
            "valor_unitario": 441311,
            "descuento": 0.25,
            "IVA": 5
        },
        {
            "codigo": "o12uk6qYE0",
            "total": 19,
            "valor_unitario": 92279,
            "descuento": 0.13,
            "IVA": 0
        },
        {
            "codigo": "8HRT8I0WOc",
            "total": 20,
            "valor_unitario": 454785,
            "descuento": 0.07,
            "IVA": 19
        },
        {
            "codigo": "sCe8B7yA9I",
            "total": 11,
            "valor_unitario": 50010,
            "descuento": 0.06,
            "IVA": 5
        },
        {
            "codigo": "D6BCL2PZom",
            "total": 8,
            "valor_unitario": 442717,
            "descuento": 0.2,
            "IVA": 0
        },
        {
            "codigo": "gCrFPyCexH",
            "total": 12,
            "valor_unitario": 71552,
            "descuento": 0.34,
            "IVA": 5
        },
        {
            "codigo": "5PwiwzrWiK",
            "total": 9,
            "valor_unitario": 635672,
            "descuento": 0.04,
            "IVA": 0
        },
        {
            "codigo": "RuqINykYVC",
            "total": 14,
            "valor_unitario": 475397,
            "descuento": 0.09,
            "IVA": 5
        },
        {
            "codigo": "Kc32m4t7oS",
            "total": 17,
            "valor_unitario": 314926,
            "descuento": 0.19,
            "IVA": 5
        },
        {
            "codigo": "DbGbuCmJtd",
            "total": 20,
            "valor_unitario": 722044,
            "descuento": 0.29,
            "IVA": 5
        },
        {
            "codigo": "i8pp7RHx0L",
            "total": 10,
            "valor_unitario": 808496,
            "descuento": 0.33,
            "IVA": 5
        },
        {
            "codigo": "NOWkc0NLXf",
            "total": 15,
            "valor_unitario": 320429,
            "descuento": 0.02,
            "IVA": 19
        },
        {
            "codigo": "3jxMw0HOcl",
            "total": 2,
            "valor_unitario": 964465,
            "descuento": 0.26,
            "IVA": 0
        },
        {
            "codigo": "DqyL8ttHfb",
            "total": 13,
            "valor_unitario": 704048,
            "descuento": 0.4,
            "IVA": 5
        },
        {
            "codigo": "arsfYj3EPw",
            "total": 10,
            "valor_unitario": 600830,
            "descuento": 0.4,
            "IVA": 19
        },
        {
            "codigo": "r5rbm0QgsA",
            "total": 20,
            "valor_unitario": 831712,
            "descuento": 0.07,
            "IVA": 19
        },
        {
            "codigo": "1HVOsxsZGM",
            "total": 10,
            "valor_unitario": 450831,
            "descuento": 0.08,
            "IVA": 19
        }
    ]
}