{
    "empresa_nit": "456789123",
    "empresa_ciudad": "BARRANQUILLA",
    "empresa_sede": "autopista",
    "empresa_nombre": "Despensa Natura",
    "fecha_hora": "2023-10-09 02:05:55",
    "factura_num": "00361",
    "ciente_numero": 339105764,
    "pago_tipo": "TAR.CREDITO",
    "productos": [
        {
            "codigo": "RSJaoOAcYm",
            "total": 4,
            "valor_unitario": 363436,
            "descuento": 0.36,
            "IVA": 5
        },
        {
            "codigo": "irdTvWoVme",
            "total": 11,
            "valor_unitario": 605006,
            "descuento": 0.02,
            "IVA": 19
        },
        {
            "codigo": "39oWQftaAM",
            "total": 15,
            "valor_unitario": 539054,
            "descuento": 0.32,
            "IVA": 19
        },
        {
            "codigo": "oeON8oZtR9",
            "total": 14,
            "valor_unitario": 513137,
            "descuento": 0.1,
            "IVA": 5
        },
        {
            "codigo": "HwJFAhtnw2",
            "total": 14,
            "valor_unitario": 207755,
            "descuento": 0.16,
            "IVA": 5
        },
        {
            "codigo": "7lIAMEtLCw",
            "total": 18,
            "valor_unitario": 326587,
            "descuento": 0.29,
            "IVA": 19
        },
        {
            "codigo": "pJGdwT5UGq",
            "total": 7,
            "valor_unitario": 858333,
            "descuento": 0.06,
            "IVA": 19
        },
        {
            "codigo": "POuad6jGfU",
            "total": 5,
            "valor_unitario": 73589,
            "descuento": 0.06,
            "IVA": 5
        },
        {
            "codigo": "9kAqgJyhoF",
            "total": 7,
            "valor_unitario": 579684,
            "descuento": 0.03,
            "IVA": 19
        }
    ]
}