{
    "empresa_nit": "456789123",
    "empresa_ciudad": "BARRANQUILLA",
    "empresa_sede": "centro",
    "empresa_nombre": "Despensa Natura",
    "fecha_hora": "2020-02-01 20:05:35",
    "factura_num": "00413",
    "ciente_numero": 786916610,
    "pago_tipo": "TRANFERENCIA",
    "productos": [
        {
            "codigo": "G368hR3f1T",
            "total": 13,
            "valor_unitario": 742110,
            "descuento": 0.21,
            "IVA": 19
        },
        {
            "codigo": "rTkJGOC2h4",
            "total": 4,
            "valor_unitario": 117306,
            "descuento": 0.13,
            "IVA": 0
        },
        {
            "codigo": "JgLDtan4YI",
            "total": 18,
            "valor_unitario": 50969,
            "descuento": 0.11,
            "IVA": 19
        },
        {
            "codigo": "p4dh1SKzVh",
            "total": 2,
            "valor_unitario": 500695,
            "descuento": 0.44,
            "IVA": 5
        },
        {
            "codigo": "uW0g3IOjAb",
            "total": 3,
            "valor_unitario": 38012,
            "descuento": 0.36,
            "IVA": 5
        },
        {
            "codigo": "5ptdHi6p5X",
            "total": 6,
            "valor_unitario": 316762,
            "descuento": 0.03,
            "IVA": 19
        },
        {
            "codigo": "k9l2d94sXN",
            "total": 3,
            "valor_unitario": 494148,
            "descuento": 0.37,
            "IVA": 0
        }
    ]
}