{
    "empresa_nit": "456789123",
    "empresa_ciudad": "CALI",
    "empresa_sede": "terminal",
    "empresa_nombre": "Despensa Natura",
    "fecha_hora": "2022-10-06 20:01:06",
    "factura_num": "00270",
    "ciente_numero": 473143540,
    "pago_tipo": "EFECTIVO",
    "productos": [
        {
            "codigo": "bFgHVOnJWS",
            "total": 15,
            "valor_unitario": 314929,
            "descuento": 0.24,
            "IVA": 0
        },
        {
            "codigo": "LNx7kpnxi9",
            "total": 4,
            "valor_unitario": 230169,
            "descuento": 0.4,
            "IVA": 19
        },
        {
            "codigo": "aX8HvXfaUH",
            "total": 10,
            "valor_unitario": 56047,
            "descuento": 0.46,
            "IVA": 5
        },
        {
            "codigo": "20EtAtUGyX",
            "total": 10,
            "valor_unitario": 65510,
            "descuento": 0.34,
            "IVA": 5
        },
        {
            "codigo": "dJqjT6AQkb",
            "total": 19,
            "valor_unitario": 163875,
            "descuento": 0.23,
            "IVA": 5
        },
        {
            "codigo": "k2Hn4jRtPA",
            "total": 18,
            "valor_unitario": 702814,
            "descuento": 0.5,
            "IVA": 19
        },
        {
            "codigo": "eZKTJeWQoj",
            "total": 17,
            "valor_unitario": 978012,
            "descuento": 0.06,
            "IVA": 0
        },
        {
            "codigo": "vaS0vKu4X0",
            "total": 11,
            "valor_unitario": 317760,
            "descuento": 0.42,
            "IVA": 5
        },
        {
            "codigo": "Rx2Yhr9ChS",
            "total": 5,
            "valor_unitario": 767931,
            "descuento": 0.11,
            "IVA": 5
        }
    ]
}