{
    "empresa_nit": "456789123",
    "empresa_ciudad": "TUNJA",
    "empresa_sede": "centro",
    "empresa_nombre": "Despensa Natura",
    "fecha_hora": "2024-07-25 01:56:47",
    "factura_num": "01016",
    "ciente_numero": 390852683,
    "pago_tipo": "TAR.CREDITO",
    "productos": [
        {
            "codigo": "6hw7TpxHog",
            "total": 1,
            "valor_unitario": 521832,
            "descuento": 0.18,
            "IVA": 19
        },
        {
            "codigo": "fNraQPku4U",
            "total": 20,
            "valor_unitario": 369428,
            "descuento": 0.2,
            "IVA": 5
        }
    ]
}