{
    "empresa_nit": "456789123",
    "empresa_ciudad": "CALI",
    "empresa_sede": "plaza",
    "empresa_nombre": "Despensa Natura",
    "fecha_hora": "2020-03-24 07:49:33",
    "factura_num": "00404",
    "ciente_numero": 448989624,
    "pago_tipo": "TRANFERENCIA",
    "productos": [
        {
            "codigo": "3jYyh5VNMB",
            "total": 12,
            "valor_unitario": 74296,
            "descuento": 0.19,
            "IVA": 5
        },
        {
            "codigo": "i0O8eVjYos",
            "total": 18,
            "valor_unitario": 225645,
            "descuento": 0.18,
            "IVA": 5
        },
        {
            "codigo": "u8jhQeXC1i",
            "total": 1,
            "valor_unitario": 363937,
            "descuento": 0.16,
            "IVA": 0
        },
        {
            "codigo": "5bw7o5xeF4",
            "total": 4,
            "valor_unitario": 789311,
            "descuento": 0.24,
            "IVA": 5
        },
        {
            "codigo": "IPeKRKgZsu",
            "total": 2,
            "valor_unitario": 948997,
            "descuento": 0.27,
            "IVA": 0
        },
        {
            "codigo": "YsUysYZboA",
            "total": 11,
            "valor_unitario": 619275,
            "descuento": 0.16,
            "IVA": 19
        },
        {
            "codigo": "itsj9BiFDC",
            "total": 2,
            "valor_unitario": 3417,
            "descuento": 0.17,
            "IVA": 5
        },
        {
            "codigo": "TwmU5H3UBA",
            "total": 7,
            "valor_unitario": 740080,
            "descuento": 0.3,
            "IVA": 5
        },
        {
            "codigo": "BVZwlHjfDd",
            "total": 16,
            "valor_unitario": 341558,
            "descuento": 0.38,
            "IVA": 5
        },
        {
            "codigo": "DYijvHwbcY",
            "total": 18,
            "valor_unitario": 880528,
            "descuento": 0.23,
            "IVA": 0
        },
        {
            "codigo": "UuI7dax07M",
            "total": 5,
            "valor_unitario": 135242,
            "descuento": 0.34,
            "IVA": 19
        },
        {
            "codigo": "KAfDFOOXXC",
            "total": 18,
            "valor_unitario": 685332,
            "descuento": 0.24,
            "IVA": 0
        },
        {
            "codigo": "L9hQ8uCetO",
            "total": 18,
            "valor_unitario": 678859,
            "descuento": 0.35,
            "IVA": 0
        },
        {
            "codigo": "mqMWjcBNUS",
            "total": 18,
            "valor_unitario": 266566,
            "descuento": 0.1,
            "IVA": 5
        },
        {
            "codigo": "OSvORobJzY",
            "total": 16,
            "valor_unitario": 183786,
            "descuento": 0.32,
            "IVA": 19
        }
    ]
}