{
    "empresa_nit": "456789123",
    "empresa_ciudad": "MEDELLIN",
    "empresa_sede": "terminal",
    "empresa_nombre": "Despensa Natura",
    "fecha_hora": "2024-07-01 09:41:34",
    "factura_num": "00359",
    "ciente_numero": 959040426,
    "pago_tipo": "EFECTIVO",
    "productos": [
        {
            "codigo": "xs7dMlEF7h",
            "total": 15,
            "valor_unitario": 761821,
            "descuento": 0.21,
            "IVA": 5
        },
        {
            "codigo": "63OenEVLIM",
            "total": 2,
            "valor_unitario": 232329,
            "descuento": 0.28,
            "IVA": 19
        },
        {
            "codigo": "GG77BJfFzs",
            "total": 6,
            "valor_unitario": 890917,
            "descuento": 0.15,
            "IVA": 19
        },
        {
            "codigo": "dvm5OSFUGe",
            "total": 5,
            "valor_unitario": 488270,
            "descuento": 0.26,
            "IVA": 0
        },
        {
            "codigo": "rkYuzHt0fz",
            "total": 9,
            "valor_unitario": 753135,
            "descuento": 0.39,
            "IVA": 19
        },
        {
            "codigo": "neAw1bgMdz",
            "total": 16,
            "valor_unitario": 614708,
            "descuento": 0.3,
            "IVA": 19
        },
        {
            "codigo": "EftdSh028a",
            "total": 12,
            "valor_unitario": 814597,
            "descuento": 0.36,
            "IVA": 5
        },
        {
            "codigo": "kN5eauFHWF",
            "total": 2,
            "valor_unitario": 523854,
            "descuento": 0.34,
            "IVA": 19
        },
        {
            "codigo": "rZmkXdMCbO",
            "total": 2,
            "valor_unitario": 744624,
            "descuento": 0.33,
            "IVA": 0
        },
        {
            "codigo": "fvnGnmfqvG",
            "total": 12,
            "valor_unitario": 805977,
            "descuento": 0.33,
            "IVA": 5
        },
        {
            "codigo": "Izv99D2C0o",
            "total": 16,
            "valor_unitario": 183502,
            "descuento": 0.48,
            "IVA": 5
        },
        {
            "codigo": "LlzsMglpCC",
            "total": 19,
            "valor_unitario": 337832,
            "descuento": 0.25,
            "IVA": 5
        },
        {
            "codigo": "rwmKDm83nN",
            "total": 2,
            "valor_unitario": 292158,
            "descuento": 0.49,
            "IVA": 19
        },
        {
            "codigo": "26FYikwuBo",
            "total": 13,
            "valor_unitario": 767802,
            "descuento": 0.01,
            "IVA": 19
        },
        {
            "codigo": "EdLFxoqHI3",
            "total": 15,
            "valor_unitario": 890984,
            "descuento": 0.14,
            "IVA": 0
        },
        {
            "codigo": "2mUBLKjn0F",
            "total": 13,
            "valor_unitario": 448122,
            "descuento": 0.38,
            "IVA": 5
        }
    ]
}