{
    "empresa_nit": "456789123",
    "empresa_ciudad": "TUNJA",
    "empresa_sede": "centro",
    "empresa_nombre": "Despensa Natura",
    "fecha_hora": "2020-02-29 00:16:23",
    "factura_num": "00207",
    "ciente_numero": 411588856,
    "pago_tipo": "TAR.DEBITO",
    "productos": [
        {
            "codigo": "2mHroseX5i",
            "total": 16,
            "valor_unitario": 697903,
            "descuento": 0.41,
            "IVA": 5
        },
        {
            "codigo": "EJvO1BZ2zb",
            "total": 12,
            "valor_unitario": 311562,
            "descuento": 0.5,
            "IVA": 5
        },
        {
            "codigo": "GtisKivw8O",
            "total": 10,
            "valor_unitario": 95891,
            "descuento": 0.08,
            "IVA": 19
        },
        {
            "codigo": "YbH4GFHPXP",
            "total": 1,
            "valor_unitario": 980297,
            "descuento": 0.06,
            "IVA": 19
        },
        {
            "codigo": "8slJPZCxyB",
            "total": 15,
            "valor_unitario": 519757,
            "descuento": 0.42,
            "IVA": 0
        },
        {
            "codigo": "XYVeHCV40Y",
            "total": 13,
            "valor_unitario": 910333,
            "descuento": 0.4,
            "IVA": 19
        },
        {
            "codigo": "kaa4wJl82a",
            "total": 10,
            "valor_unitario": 812397,
            "descuento": 0.4,
            "IVA": 19
        },
        {
            "codigo": "sEhsd8ssAv",
            "total": 20,
            "valor_unitario": 917681,
            "descuento": 0.36,
            "IVA": 5
        },
        {
            "codigo": "53nzVresws",
            "total": 14,
            "valor_unitario": 734848,
            "descuento": 0.4,
            "IVA": 5
        },
        {
            "codigo": "jbMsC3FmAO",
            "total": 5,
            "valor_unitario": 888154,
            "descuento": 0.44,
            "IVA": 5
        },
        {
            "codigo": "vVQ8CDR5xn",
            "total": 16,
            "valor_unitario": 192102,
            "descuento": 0.29,
            "IVA": 19
        },
        {
            "codigo": "zFMQRsAGUx",
            "total": 6,
            "valor_unitario": 904057,
            "descuento": 0.46,
            "IVA": 19
        },
        {
            "codigo": "elBSoGA7MC",
            "total": 20,
            "valor_unitario": 9276,
            "descuento": 0.46,
            "IVA": 5
        },
        {
            "codigo": "FEJgIZPnEi",
            "total": 10,
            "valor_unitario": 731437,
            "descuento": 0.21,
            "IVA": 19
        },
        {
            "codigo": "Eb2CHiAdtr",
            "total": 9,
            "valor_unitario": 521803,
            "descuento": 0.22,
            "IVA": 5
        },
        {
            "codigo": "FzbAGuliVB",
            "total": 8,
            "valor_unitario": 379827,
            "descuento": 0.31,
            "IVA": 19
        }
    ]
}