{
    "empresa_nit": "456789123",
    "empresa_ciudad": "BOGOTA",
    "empresa_sede": "alcaldia",
    "empresa_nombre": "Despensa Natura",
    "fecha_hora": "2021-08-30 01:42:23",
    "factura_num": "00288",
    "ciente_numero": 77365934,
    "pago_tipo": "TRANFERENCIA",
    "productos": [
        {
            "codigo": "dzerU3VQFN",
            "total": 18,
            "valor_unitario": 188246,
            "descuento": 0.25,
            "IVA": 0
        },
        {
            "codigo": "EiSqjCxZqn",
            "total": 15,
            "valor_unitario": 157244,
            "descuento": 0.22,
            "IVA": 5
        },
        {
            "codigo": "hyHEjUXSV6",
            "total": 2,
            "valor_unitario": 875237,
            "descuento": 0.48,
            "IVA": 5
        },
        {
            "codigo": "xgkq4WcdRk",
            "total": 5,
            "valor_unitario": 301499,
            "descuento": 0.35,
            "IVA": 0
        },
        {
            "codigo": "TX5JJymrhJ",
            "total": 13,
            "valor_unitario": 562814,
            "descuento": 0.35,
            "IVA": 5
        },
        {
            "codigo": "DhRqRfINio",
            "total": 8,
            "valor_unitario": 484557,
            "descuento": 0.1,
            "IVA": 0
        },
        {
            "codigo": "x8wDDrJ2d7",
            "total": 11,
            "valor_unitario": 865920,
            "descuento": 0.43,
            "IVA": 0
        },
        {
            "codigo": "Dv15PYgqbr",
            "total": 15,
            "valor_unitario": 413300,
            "descuento": 0.2,
            "IVA": 0
        },
        {
            "codigo": "DTtkPU99AP",
            "total": 16,
            "valor_unitario": 70079,
            "descuento": 0.22,
            "IVA": 5
        },
        {
            "codigo": "J4Jvu4Wo8v",
            "total": 15,
            "valor_unitario": 403683,
            "descuento": 0.04,
            "IVA": 19
        },
        {
            "codigo": "ZjgvdGxHMF",
            "total": 10,
            "valor_unitario": 227198,
            "descuento": 0.18,
            "IVA": 19
        },
        {
            "codigo": "AGTreLZCfS",
            "total": 5,
            "valor_unitario": 481123,
            "descuento": 0.43,
            "IVA": 0
        }
    ]
}