{
    "empresa_nit": "456789123",
    "empresa_ciudad": "BARRANQUILLA",
    "empresa_sede": "aeropuerto",
    "empresa_nombre": "Despensa Natura",
    "fecha_hora": "2024-01-08 22:28:01",
    "factura_num": "01002",
    "ciente_numero": 941744349,
    "pago_tipo": "EFECTIVO",
    "productos": [
        {
            "codigo": "TGLeU47MLe",
            "total": 19,
            "valor_unitario": 616766,
            "descuento": 0.17,
            "IVA": 5
        },
        {
            "codigo": "KqbDKxJQSx",
            "total": 11,
            "valor_unitario": 261165,
            "descuento": 0.17,
            "IVA": 19
        },
        {
            "codigo": "ryhcqNPZ5x",
            "total": 10,
            "valor_unitario": 466485,
            "descuento": 0.48,
            "IVA": 19
        },
        {
            "codigo": "KZ5qzC4wn9",
            "total": 3,
            "valor_unitario": 804547,
            "descuento": 0.48,
            "IVA": 19
        },
        {
            "codigo": "89A3wxTVUN",
            "total": 9,
            "valor_unitario": 699637,
            "descuento": 0.45,
            "IVA": 0
        },
        {
            "codigo": "3iYQnSa8X0",
            "total": 15,
            "valor_unitario": 428988,
            "descuento": 0.45,
            "IVA": 19
        },
        {
            "codigo": "u5LaudfGvS",
            "total": 12,
            "valor_unitario": 808313,
            "descuento": 0.26,
            "IVA": 0
        },
        {
            "codigo": "XLGcxpsPPH",
            "total": 10,
            "valor_unitario": 554959,
            "descuento": 0.13,
            "IVA": 5
        },
        {
            "codigo": "nfFvWpvyPc",
            "total": 1,
            "valor_unitario": 413339,
            "descuento": 0.12,
            "IVA": 19
        },
        {
            "codigo": "UEEwB0ibim",
            "total": 19,
            "valor_unitario": 389464,
            "descuento": 0.29,
            "IVA": 19
        },
        {
            "codigo": "ECnakZE0Rc",
            "total": 7,
            "valor_unitario": 160978,
            "descuento": 0.01,
            "IVA": 19
        },
        {
            "codigo": "kbQvwDZATY",
            "total": 20,
            "valor_unitario": 805436,
            "descuento": 0.18,
            "IVA": 5
        },
        {
            "codigo": "LXKYET0E8R",
            "total": 4,
            "valor_unitario": 140624,
            "descuento": 0.21,
            "IVA": 5
        },
        {
            "codigo": "t7MGV6rQDB",
            "total": 4,
            "valor_unitario": 203962,
            "descuento": 0.29,
            "IVA": 19
        },
        {
            "codigo": "JFiqj8AP1K",
            "total": 13,
            "valor_unitario": 995241,
            "descuento": 0.44,
            "IVA": 0
        },
        {
            "codigo": "daJdtj4uGn",
            "total": 4,
            "valor_unitario": 266899,
            "descuento": 0.23,
            "IVA": 5
        },
        {
            "codigo": "6YokQZN7KX",
            "total": 7,
            "valor_unitario": 664852,
            "descuento": 0.22,
            "IVA": 0
        },
        {
            "codigo": "yo2u1XSM77",
            "total": 13,
            "valor_unitario": 708102,
            "descuento": 0.28,
            "IVA": 19
        },
        {
            "codigo": "AndXq0aX0Z",
            "total": 6,
            "valor_unitario": 266728,
            "descuento": 0.36,
            "IVA": 19
        }
    ]
}