{
    "empresa_nit": "456789123",
    "empresa_ciudad": "BOGOTA",
    "empresa_sede": "alcaldia",
    "empresa_nombre": "Despensa Natura",
    "fecha_hora": "2023-08-09 22:22:47",
    "factura_num": "00191",
    "ciente_numero": 668854563,
    "pago_tipo": "TRANFERENCIA",
    "productos": [
        {
            "codigo": "cfn7IsArLI",
            "total": 17,
            "valor_unitario": 122415,
            "descuento": 0.44,
            "IVA": 5
        },
        {
            "codigo": "TyCH92qwEk",
            "total": 11,
            "valor_unitario": 962862,
            "descuento": 0.02,
            "IVA": 19
        },
        {
            "codigo": "M7YVFKBKiu",
            "total": 15,
            "valor_unitario": 388263,
            "descuento": 0.24,
            "IVA": 5
        },
        {
            "codigo": "pBMubVS3C6",
            "total": 12,
            "valor_unitario": 189072,
            "descuento": 0.08,
            "IVA": 19
        },
        {
            "codigo": "vPi7vLcWlJ",
            "total": 15,
            "valor_unitario": 354080,
            "descuento": 0.37,
            "IVA": 19
        },
        {
            "codigo": "F7ohbYwtXX",
            "total": 10,
            "valor_unitario": 816286,
            "descuento": 0.4,
            "IVA": 0
        },
        {
            "codigo": "bD13nHG7ix",
            "total": 16,
            "valor_unitario": 802858,
            "descuento": 0.18,
            "IVA": 19
        },
        {
            "codigo": "UjnOqzDKM2",
            "total": 7,
            "valor_unitario": 227271,
            "descuento": 0.17,
            "IVA": 19
        },
        {
            "codigo": "qwporR9cse",
            "total": 10,
            "valor_unitario": 441282,
            "descuento": 0.45,
            "IVA": 19
        },
        {
            "codigo": "YR9wNc0Nfd",
            "total": 5,
            "valor_unitario": 972284,
            "descuento": 0.1,
            "IVA": 0
        },
        {
            "codigo": "VyZ9OCdDSI",
            "total": 2,
            "valor_unitario": 650813,
            "descuento": 0.48,
            "IVA": 5
        },
        {
            "codigo": "XOTRJbqqR3",
            "total": 18,
            "valor_unitario": 319830,
            "descuento": 0.05,
            "IVA": 19
        },
        {
            "codigo": "v7PEfGc6QT",
            "total": 18,
            "valor_unitario": 931493,
            "descuento": 0.3,
            "IVA": 0
        },
        {
            "codigo": "y0UIsGoVCM",
            "total": 10,
            "valor_unitario": 629094,
            "descuento": 0.07,
            "IVA": 5
        },
        {
            "codigo": "XFnbtrqRli",
            "total": 6,
            "valor_unitario": 169217,
            "descuento": 0.14,
            "IVA": 0
        },
        {
            "codigo": "3HJ1xDk2xB",
            "total": 11,
            "valor_unitario": 284711,
            "descuento": 0.33,
            "IVA": 19
        }
    ]
}