{
    "empresa_nit": "456789123",
    "empresa_ciudad": "MEDELLIN",
    "empresa_sede": "alcaldia",
    "empresa_nombre": "Despensa Natura",
    "fecha_hora": "2023-09-10 22:52:47",
    "factura_num": "01068",
    "ciente_numero": 848862926,
    "pago_tipo": "TAR.DEBITO",
    "productos": [
        {
            "codigo": "LQYlx1S908",
            "total": 8,
            "valor_unitario": 614197,
            "descuento": 0.39,
            "IVA": 5
        },
        {
            "codigo": "esE5oLyCaY",
            "total": 6,
            "valor_unitario": 933367,
            "descuento": 0.49,
            "IVA": 5
        },
        {
            "codigo": "Fj8AhJDFMM",
            "total": 10,
            "valor_unitario": 121274,
            "descuento": 0.13,
            "IVA": 0
        },
        {
            "codigo": "ieEPw6WYKa",
            "total": 8,
            "valor_unitario": 656530,
            "descuento": 0.42,
            "IVA": 5
        },
        {
            "codigo": "mZEW8sfi3r",
            "total": 11,
            "valor_unitario": 917712,
            "descuento": 0.37,
            "IVA": 5
        },
        {
            "codigo": "tvlisLa9UJ",
            "total": 20,
            "valor_unitario": 587236,
            "descuento": 0.01,
            "IVA": 19
        },
        {
            "codigo": "VvzZLkQvOm",
            "total": 11,
            "valor_unitario": 327503,
            "descuento": 0.18,
            "IVA": 0
        }
    ]
}