{
    "empresa_nit": "456789123",
    "empresa_ciudad": "CALI",
    "empresa_sede": "centro",
    "empresa_nombre": "Despensa Natura",
    "fecha_hora": "2024-08-07 09:59:14",
    "factura_num": "01124",
    "ciente_numero": 914458690,
    "pago_tipo": "TAR.CREDITO",
    "productos": [
        {
            "codigo": "LG06OyvgJR",
            "total": 7,
            "valor_unitario": 58217,
            "descuento": 0.08,
            "IVA": 5
        },
        {
            "codigo": "ZJIHWRg58B",
            "total": 8,
            "valor_unitario": 127599,
            "descuento": 0.38,
            "IVA": 0
        },
        {
            "codigo": "zItIIjipPH",
            "total": 6,
            "valor_unitario": 756727,
            "descuento": 0.42,
            "IVA": 19
        },
        {
            "codigo": "G0sVoQ9Rpo",
            "total": 3,
            "valor_unitario": 620425,
            "descuento": 0.11,
            "IVA": 0
        },
        {
            "codigo": "kwyY72lEy5",
            "total": 11,
            "valor_unitario": 43170,
            "descuento": 0.14,
            "IVA": 19
        },
        {
            "codigo": "fx9EBIR8DM",
            "total": 16,
            "valor_unitario": 743897,
            "descuento": 0.48,
            "IVA": 0
        },
        {
            "codigo": "zQ7OmFNQu3",
            "total": 15,
            "valor_unitario": 33071,
            "descuento": 0.33,
            "IVA": 5
        },
        {
            "codigo": "jnsfrUkYkC",
            "total": 7,
            "valor_unitario": 627198,
            "descuento": 0.24,
            "IVA": 0
        },
        {
            "codigo": "jw0Jj6LO4M",
            "total": 17,
            "valor_unitario": 381601,
            "descuento": 0.09,
            "IVA": 5
        },
        {
            "codigo": "pgt9scoHJ1",
            "total": 8,
            "valor_unitario": 463555,
            "descuento": 0.36,
            "IVA": 0
        },
        {
            "codigo": "KwK9lBWw1F",
            "total": 11,
            "valor_unitario": 975467,
            "descuento": 0.06,
            "IVA": 0
        },
        {
            "codigo": "glQET7ZyFQ",
            "total": 4,
            "valor_unitario": 455078,
            "descuento": 0.27,
            "IVA": 19
        },
        {
            "codigo": "3KdJOuqLsd",
            "total": 10,
            "valor_unitario": 419367,
            "descuento": 0.48,
            "IVA": 5
        },
        {
            "codigo": "MVbb8vZQwA",
            "total": 14,
            "valor_unitario": 797057,
            "descuento": 0.33,
            "IVA": 19
        },
        {
            "codigo": "lW01A3tIb9",
            "total": 18,
            "valor_unitario": 645510,
            "descuento": 0.25,
            "IVA": 0
        },
        {
            "codigo": "E4e78XyxQE",
            "total": 3,
            "valor_unitario": 713590,
            "descuento": 0.24,
            "IVA": 19
        },
        {
            "codigo": "E5jWjPn4yM",
            "total": 13,
            "valor_unitario": 159767,
            "descuento": 0.11,
            "IVA": 0
        },
        {
            "codigo": "ffIke3ht66",
            "total": 7,
            "valor_unitario": 330948,
            "descuento": 0.41,
            "IVA": 0
        },
        {
            "codigo": "kwyHBLuJVR",
            "total": 4,
            "valor_unitario": 177188,
            "descuento": 0.21,
            "IVA": 0
        },
        {
            "codigo": "GKNF6DWfGd",
            "total": 13,
            "valor_unitario": 643609,
            "descuento": 0.1,
            "IVA": 0
        }
    ]
}