{
    "empresa_nit": "456789123",
    "empresa_ciudad": "BOGOTA",
    "empresa_sede": "alcaldia",
    "empresa_nombre": "Despensa Natura",
    "fecha_hora": "2020-08-11 16:33:53",
    "factura_num": "00244",
    "ciente_numero": 778642069,
    "pago_tipo": "TAR.DEBITO",
    "productos": [
        {
            "codigo": "D1c97W1v79",
            "total": 9,
            "valor_unitario": 522675,
            "descuento": 0.11,
            "IVA": 19
        },
        {
            "codigo": "1w8rdbFZcT",
            "total": 15,
            "valor_unitario": 253244,
            "descuento": 0.39,
            "IVA": 0
        },
        {
            "codigo": "4qE2TtO2pW",
            "total": 7,
            "valor_unitario": 40722,
            "descuento": 0.14,
            "IVA": 0
        },
        {
            "codigo": "Z9eFHdAGUt",
            "total": 7,
            "valor_unitario": 682874,
            "descuento": 0.19,
            "IVA": 0
        },
        {
            "codigo": "9Mesi7qyjw",
            "total": 5,
            "valor_unitario": 468878,
            "descuento": 0.35,
            "IVA": 0
        },
        {
            "codigo": "DhorOuU86g",
            "total": 4,
            "valor_unitario": 825969,
            "descuento": 0.01,
            "IVA": 19
        },
        {
            "codigo": "I6ixtZyS7L",
            "total": 6,
            "valor_unitario": 817816,
            "descuento": 0.45,
            "IVA": 0
        }
    ]
}