{
    "empresa_nit": "456789123",
    "empresa_ciudad": "TUNJA",
    "empresa_sede": "alcaldia",
    "empresa_nombre": "Despensa Natura",
    "fecha_hora": "2025-03-04 06:57:05",
    "factura_num": "00104",
    "ciente_numero": 350459726,
    "pago_tipo": "TAR.DEBITO",
    "productos": [
        {
            "codigo": "be0CZd4pio",
            "total": 11,
            "valor_unitario": 99476,
            "descuento": 0.03,
            "IVA": 19
        },
        {
            "codigo": "qzFf3qeRdJ",
            "total": 13,
            "valor_unitario": 548375,
            "descuento": 0.49,
            "IVA": 0
        },
        {
            "codigo": "qIS0dn1kKX",
            "total": 14,
            "valor_unitario": 414408,
            "descuento": 0.28,
            "IVA": 5
        },
        {
            "codigo": "t1ArwY6u6r",
            "total": 19,
            "valor_unitario": 803764,
            "descuento": 0.38,
            "IVA": 19
        },
        {
            "codigo": "57QZOLahxj",
            "total": 7,
            "valor_unitario": 132677,
            "descuento": 0.35,
            "IVA": 19
        },
        {
            "codigo": "4v5eaEkJQB",
            "total": 2,
            "valor_unitario": 69254,
            "descuento": 0.31,
            "IVA": 5
        },
        {
            "codigo": "ptDxuNMNFq",
            "total": 13,
            "valor_unitario": 351463,
            "descuento": 0.24,
            "IVA": 19
        },
        {
            "codigo": "Pz8RIvxdDh",
            "total": 17,
            "valor_unitario": 665195,
            "descuento": 0.03,
            "IVA": 19
        },
        {
            "codigo": "3UGyWZGmDE",
            "total": 15,
            "valor_unitario": 68630,
            "descuento": 0.27,
            "IVA": 19
        },
        {
            "codigo": "15qRcLDcT6",
            "total": 18,
            "valor_unitario": 175636,
            "descuento": 0.23,
            "IVA": 5
        }
    ]
}