{
    "empresa_nit": "456789123",
    "empresa_ciudad": "CALI",
    "empresa_sede": "aeropuerto",
    "empresa_nombre": "Despensa Natura",
    "fecha_hora": "2022-09-21 01:04:08",
    "factura_num": "00258",
    "ciente_numero": 341895821,
    "pago_tipo": "TRANFERENCIA",
    "productos": [
        {
            "codigo": "YdPTVHKw8a",
            "total": 15,
            "valor_unitario": 29960,
            "descuento": 0.01,
            "IVA": 19
        },
        {
            "codigo": "EULylZEKsz",
            "total": 18,
            "valor_unitario": 608488,
            "descuento": 0.2,
            "IVA": 19
        },
        {
            "codigo": "BHbpTDvrPq",
            "total": 11,
            "valor_unitario": 910234,
            "descuento": 0.21,
            "IVA": 19
        }
    ]
}