{
    "empresa_nit": "456789123",
    "empresa_ciudad": "CALI",
    "empresa_sede": "alcaldia",
    "empresa_nombre": "Despensa Natura",
    "fecha_hora": "2024-03-30 18:02:42",
    "factura_num": "00351",
    "ciente_numero": 824561379,
    "pago_tipo": "TAR.CREDITO",
    "productos": [
        {
            "codigo": "BxYft3ouZV",
            "total": 15,
            "valor_unitario": 885667,
            "descuento": 0.02,
            "IVA": 19
        },
        {
            "codigo": "IYpxwQdmGy",
            "total": 5,
            "valor_unitario": 611919,
            "descuento": 0.27,
            "IVA": 0
        },
        {
            "codigo": "WHqS3OK4ki",
            "total": 19,
            "valor_unitario": 203213,
            "descuento": 0.1,
            "IVA": 19
        },
        {
            "codigo": "QcC3cAUskP",
            "total": 14,
            "valor_unitario": 549584,
            "descuento": 0.15,
            "IVA": 0
        },
        {
            "codigo": "RFSS4lGxay",
            "total": 4,
            "valor_unitario": 939256,
            "descuento": 0.39,
            "IVA": 5
        },
        {
            "codigo": "KIWNreltvi",
            "total": 18,
            "valor_unitario": 510391,
            "descuento": 0.46,
            "IVA": 5
        },
        {
            "codigo": "rhut6orBVY",
            "total": 2,
            "valor_unitario": 133292,
            "descuento": 0.16,
            "IVA": 5
        },
        {
            "codigo": "9L3t2NZcUn",
            "total": 7,
            "valor_unitario": 650717,
            "descuento": 0.34,
            "IVA": 5
        },
        {
            "codigo": "1GijRA4CVg",
            "total": 12,
            "valor_unitario": 973739,
            "descuento": 0.15,
            "IVA": 5
        },
        {
            "codigo": "PErDE9is7Y",
            "total": 14,
            "valor_unitario": 131410,
            "descuento": 0.12,
            "IVA": 19
        }
    ]
}