{
    "empresa_nit": "456789123",
    "empresa_ciudad": "CALI",
    "empresa_sede": "plaza",
    "empresa_nombre": "Despensa Natura",
    "fecha_hora": "2020-08-05 13:01:30",
    "factura_num": "00010",
    "ciente_numero": 466096938,
    "pago_tipo": "TAR.CREDITO",
    "productos": [
        {
            "codigo": "D2lEsLZIjh",
            "total": 9,
            "valor_unitario": 845234,
            "descuento": 0.16,
            "IVA": 0
        },
        {
            "codigo": "322b18qXYQ",
            "total": 17,
            "valor_unitario": 698721,
            "descuento": 0.29,
            "IVA": 0
        },
        {
            "codigo": "4KwXYJjQfs",
            "total": 5,
            "valor_unitario": 349658,
            "descuento": 0.01,
            "IVA": 5
        },
        {
            "codigo": "J3lr78weKd",
            "total": 2,
            "valor_unitario": 676077,
            "descuento": 0.25,
            "IVA": 0
        },
        {
            "codigo": "gVZlH39YjL",
            "total": 3,
            "valor_unitario": 263953,
            "descuento": 0.15,
            "IVA": 0
        },
        {
            "codigo": "FcGEa8iOsj",
            "total": 7,
            "valor_unitario": 629112,
            "descuento": 0.27,
            "IVA": 19
        },
        {
            "codigo": "im940JyYd5",
            "total": 8,
            "valor_unitario": 253663,
            "descuento": 0.42,
            "IVA": 5
        },
        {
            "codigo": "pQGziHpDcd",
            "total": 3,
            "valor_unitario": 950018,
            "descuento": 0.09,
            "IVA": 0
        }
    ]
}