{
    "empresa_nit": "456789123",
    "empresa_ciudad": "TUNJA",
    "empresa_sede": "alcaldia",
    "empresa_nombre": "Despensa Natura",
    "fecha_hora": "2024-05-16 05:48:26",
    "factura_num": "00348",
    "ciente_numero": 410583434,
    "pago_tipo": "TRANFERENCIA",
    "productos": [
        {
            "codigo": "vDBzuf0d6P",
            "total": 9,
            "valor_unitario": 491113,
            "descuento": 0.09,
            "IVA": 0
        },
        {
            "codigo": "VyQwedRttS",
            "total": 20,
            "valor_unitario": 672448,
            "descuento": 0.04,
            "IVA": 5
        },
        {
            "codigo": "d5dbuGrQLM",
            "total": 1,
            "valor_unitario": 93812,
            "descuento": 0.42,
            "IVA": 5
        },
        {
            "codigo": "pOAAJzCO1e",
            "total": 12,
            "valor_unitario": 594392,
            "descuento": 0.1,
            "IVA": 0
        },
        {
            "codigo": "fVFI2OD1CZ",
            "total": 7,
            "valor_unitario": 646780,
            "descuento": 0.06,
            "IVA": 19
        }
    ]
}