{
    "empresa_nit": "456789123",
    "empresa_ciudad": "MEDELLIN",
    "empresa_sede": "terminal",
    "empresa_nombre": "Despensa Natura",
    "fecha_hora": "2023-09-24 14:17:32",
    "factura_num": "00316",
    "ciente_numero": 923500570,
    "pago_tipo": "TAR.DEBITO",
    "productos": [
        {
            "codigo": "gW67t4H99F",
            "total": 13,
            "valor_unitario": 627162,
            "descuento": 0.22,
            "IVA": 19
        },
        {
            "codigo": "mKXT7DkkXQ",
            "total": 18,
            "valor_unitario": 837085,
            "descuento": 0.29,
            "IVA": 19
        },
        {
            "codigo": "ir54vymD4y",
            "total": 12,
            "valor_unitario": 69231,
            "descuento": 0.07,
            "IVA": 0
        },
        {
            "codigo": "V8ndbVxZ8u",
            "total": 1,
            "valor_unitario": 556883,
            "descuento": 0.11,
            "IVA": 19
        }
    ]
}