{
    "empresa_nit": "456789123",
    "empresa_ciudad": "BARRANQUILLA",
    "empresa_sede": "aeropuerto",
    "empresa_nombre": "Despensa Natura",
    "fecha_hora": "2022-01-15 07:38:11",
    "factura_num": "01054",
    "ciente_numero": 333833545,
    "pago_tipo": "EFECTIVO",
    "productos": [
        {
            "codigo": "1Xix3fwzBM",
            "total": 12,
            "valor_unitario": 186875,
            "descuento": 0.12,
            "IVA": 19
        },
        {
            "codigo": "YUOzdokC6R",
            "total": 7,
            "valor_unitario": 110596,
            "descuento": 0.17,
            "IVA": 0
        },
        {
            "codigo": "Elnp8WO9OD",
            "total": 4,
            "valor_unitario": 288578,
            "descuento": 0.08,
            "IVA": 5
        },
        {
            "codigo": "DGWJX1d2uZ",
            "total": 17,
            "valor_unitario": 417498,
            "descuento": 0.33,
            "IVA": 0
        },
        {
            "codigo": "nr0tiWO8q1",
            "total": 1,
            "valor_unitario": 599126,
            "descuento": 0.31,
            "IVA": 5
        },
        {
            "codigo": "TyNBsPdpiJ",
            "total": 13,
            "valor_unitario": 523159,
            "descuento": 0.31,
            "IVA": 19
        },
        {
            "codigo": "0l2M8kR3gX",
            "total": 11,
            "valor_unitario": 418746,
            "descuento": 0.3,
            "IVA": 0
        },
        {
            "codigo": "xOokfFKPft",
            "total": 7,
            "valor_unitario": 188462,
            "descuento": 0.48,
            "IVA": 5
        },
        {
            "codigo": "5AF3RwFaqP",
            "total": 1,
            "valor_unitario": 591085,
            "descuento": 0.1,
            "IVA": 19
        },
        {
            "codigo": "uIwQJXAvzE",
            "total": 11,
            "valor_unitario": 95813,
            "descuento": 0.39,
            "IVA": 5
        },
        {
            "codigo": "he0FLbWOhc",
            "total": 4,
            "valor_unitario": 783209,
            "descuento": 0.42,
            "IVA": 0
        },
        {
            "codigo": "ugqjzjiwgq",
            "total": 7,
            "valor_unitario": 384903,
            "descuento": 0.17,
            "IVA": 19
        },
        {
            "codigo": "n2RJdcjgqc",
            "total": 12,
            "valor_unitario": 851911,
            "descuento": 0.13,
            "IVA": 0
        },
        {
            "codigo": "6LaXLioOk5",
            "total": 17,
            "valor_unitario": 618040,
            "descuento": 0.0,
            "IVA": 19
        },
        {
            "codigo": "xS3VjaZreQ",
            "total": 15,
            "valor_unitario": 987633,
            "descuento": 0.37,
            "IVA": 5
        },
        {
            "codigo": "K11opTUrRY",
            "total": 10,
            "valor_unitario": 363120,
            "descuento": 0.13,
            "IVA": 19
        },
        {
            "codigo": "FqyQcEJePk",
            "total": 9,
            "valor_unitario": 461770,
            "descuento": 0.16,
            "IVA": 19
        },
        {
            "codigo": "8nRWK3HqT4",
            "total": 15,
            "valor_unitario": 488683,
            "descuento": 0.34,
            "IVA": 5
        },
        {
            "codigo": "weFBzuGfVb",
            "total": 19,
            "valor_unitario": 678112,
            "descuento": 0.16,
            "IVA": 0
        },
        {
            "codigo": "6m1qgdSim9",
            "total": 9,
            "valor_unitario": 2301,
            "descuento": 0.09,
            "IVA": 19
        }
    ]
}