{
    "empresa_nit": "456789123",
    "empresa_ciudad": "BARRANQUILLA",
    "empresa_sede": "plaza",
    "empresa_nombre": "Despensa Natura",
    "fecha_hora": "2021-12-27 04:53:43",
    "factura_num": "00124",
    "ciente_numero": 975351662,
    "pago_tipo": "TAR.CREDITO",
    "productos": [
        {
            "codigo": "KL4tuL5qNe",
            "total": 3,
            "valor_unitario": 535918,
            "descuento": 0.18,
            "IVA": 0
        },
        {
            "codigo": "BXmtzMwZBb",
            "total": 13,
            "valor_unitario": 452934,
            "descuento": 0.2,
            "IVA": 0
        },
        {
            "codigo": "um5xILjll2",
            "total": 17,
            "valor_unitario": 215634,
            "descuento": 0.49,
            "IVA": 19
        },
        {
            "codigo": "r9stF7xum2",
            "total": 8,
            "valor_unitario": 610998,
            "descuento": 0.01,
            "IVA": 19
        },
        {
            "codigo": "cY7p4gmbok",
            "total": 19,
            "valor_unitario": 423525,
            "descuento": 0.39,
            "IVA": 19
        },
        {
            "codigo": "nKu6N6Itwp",
            "total": 4,
            "valor_unitario": 576031,
            "descuento": 0.3,
            "IVA": 19
        },
        {
            "codigo": "egVmyGUBAD",
            "total": 19,
            "valor_unitario": 418804,
            "descuento": 0.38,
            "IVA": 19
        },
        {
            "codigo": "bo4Fm7GMxB",
            "total": 16,
            "valor_unitario": 89929,
            "descuento": 0.35,
            "IVA": 19
        },
        {
            "codigo": "5PCViqtKMX",
            "total": 12,
            "valor_unitario": 158403,
            "descuento": 0.38,
            "IVA": 5
        },
        {
            "codigo": "BEs2P4wlqT",
            "total": 11,
            "valor_unitario": 514130,
            "descuento": 0.1,
            "IVA": 5
        },
        {
            "codigo": "tvXFoSFgbY",
            "total": 1,
            "valor_unitario": 829816,
            "descuento": 0.18,
            "IVA": 5
        },
        {
            "codigo": "lDw1JvDg8M",
            "total": 13,
            "valor_unitario": 456309,
            "descuento": 0.3,
            "IVA": 5
        },
        {
            "codigo": "HD3UtVDBSX",
            "total": 6,
            "valor_unitario": 195897,
            "descuento": 0.21,
            "IVA": 5
        }
    ]
}