{
    "empresa_nit": "456789123",
    "empresa_ciudad": "TUNJA",
    "empresa_sede": "aeropuerto",
    "empresa_nombre": "Despensa Natura",
    "fecha_hora": "2021-02-28 07:50:59",
    "factura_num": "00204",
    "ciente_numero": 663215616,
    "pago_tipo": "TRANFERENCIA",
    "productos": [
        {
            "codigo": "CxmVFlmwzz",
            "total": 9,
            "valor_unitario": 621455,
            "descuento": 0.21,
            "IVA": 19
        },
        {
            "codigo": "QngYLQhK6x",
            "total": 4,
            "valor_unitario": 984037,
            "descuento": 0.41,
            "IVA": 0
        }
    ]
}