{
    "empresa_nit": "456789123",
    "empresa_ciudad": "BOGOTA",
    "empresa_sede": "centro",
    "empresa_nombre": "Despensa Natura",
    "fecha_hora": "2021-01-04 01:59:45",
    "factura_num": "01019",
    "ciente_numero": 560233853,
    "pago_tipo": "TAR.DEBITO",
    "productos": [
        {
            "codigo": "f9kGMY8GiX",
            "total": 13,
            "valor_unitario": 816543,
            "descuento": 0.23,
            "IVA": 5
        },
        {
            "codigo": "unZJaBjcPr",
            "total": 19,
            "valor_unitario": 822898,
            "descuento": 0.11,
            "IVA": 5
        },
        {
            "codigo": "IOXqOCcAKO",
            "total": 14,
            "valor_unitario": 129989,
            "descuento": 0.04,
            "IVA": 5
        },
        {
            "codigo": "UuE0bXHzqR",
            "total": 1,
            "valor_unitario": 163848,
            "descuento": 0.08,
            "IVA": 5
        },
        {
            "codigo": "NW26mXqBGm",
            "total": 19,
            "valor_unitario": 61613,
            "descuento": 0.18,
            "IVA": 0
        },
        {
            "codigo": "VIksli23vA",
            "total": 18,
            "valor_unitario": 739486,
            "descuento": 0.15,
            "IVA": 0
        },
        {
            "codigo": "n8OFB0kt0e",
            "total": 12,
            "valor_unitario": 171714,
            "descuento": 0.12,
            "IVA": 0
        },
        {
            "codigo": "YAOGC5ZfUx",
            "total": 4,
            "valor_unitario": 494866,
            "descuento": 0.22,
            "IVA": 5
        },
        {
            "codigo": "WhygLew3ig",
            "total": 8,
            "valor_unitario": 882420,
            "descuento": 0.28,
            "IVA": 0
        },
        {
            "codigo": "nWZ3yIUkN1",
            "total": 10,
            "valor_unitario": 833461,
            "descuento": 0.03,
            "IVA": 5
        },
        {
            "codigo": "G4SzToyFBp",
            "total": 6,
            "valor_unitario": 170150,
            "descuento": 0.26,
            "IVA": 0
        },
        {
            "codigo": "FcOuAiLT7b",
            "total": 11,
            "valor_unitario": 636269,
            "descuento": 0.02,
            "IVA": 19
        },
        {
            "codigo": "EhaS2scRZ1",
            "total": 10,
            "valor_unitario": 448268,
            "descuento": 0.25,
            "IVA": 0
        },
        {
            "codigo": "R2SrsO81H2",
            "total": 16,
            "valor_unitario": 735754,
            "descuento": 0.19,
            "IVA": 0
        },
        {
            "codigo": "KjeJ7NvYlg",
            "total": 8,
            "valor_unitario": 913735,
            "descuento": 0.27,
            "IVA": 19
        },
        {
            "codigo": "Ixe71OylTK",
            "total": 13,
            "valor_unitario": 628737,
            "descuento": 0.05,
            "IVA": 19
        },
        {
            "codigo": "mgaeu2ugs3",
            "total": 18,
            "valor_unitario": 848954,
            "descuento": 0.03,
            "IVA": 19
        },
        {
            "codigo": "gqq60wOzIW",
            "total": 8,
            "valor_unitario": 465079,
            "descuento": 0.41,
            "IVA": 5
        },
        {
            "codigo": "XEbSZwKq11",
            "total": 3,
            "valor_unitario": 498943,
            "descuento": 0.22,
            "IVA": 19
        },
        {
            "codigo": "mpFTrYjfjD",
            "total": 20,
            "valor_unitario": 195592,
            "descuento": 0.16,
            "IVA": 19
        }
    ]
}