{
    "empresa_nit": "456789123",
    "empresa_ciudad": "CALI",
    "empresa_sede": "aeropuerto",
    "empresa_nombre": "Despensa Natura",
    "fecha_hora": "2021-04-03 08:44:49",
    "factura_num": "01064",
    "ciente_numero": 260756495,
    "pago_tipo": "EFECTIVO",
    "productos": [
        {
            "codigo": "gmalqSF2wW",
            "total": 10,
            "valor_unitario": 283110,
            "descuento": 0.18,
            "IVA": 0
        },
        {
            "codigo": "xCSsqohMe7",
            "total": 4,
            "valor_unitario": 892116,
            "descuento": 0.34,
            "IVA": 0
        },
        {
            "codigo": "7zXGBvDKEf",
            "total": 18,
            "valor_unitario": 570503,
            "descuento": 0.32,
            "IVA": 19
        },
        {
            "codigo": "XVzFiNH9Sn",
            "total": 18,
            "valor_unitario": 529097,
            "descuento": 0.09,
            "IVA": 19
        },
        {
            "codigo": "qJBRdYuWNl",
            "total": 1,
            "valor_unitario": 823973,
            "descuento": 0.32,
            "IVA": 19
        },
        {
            "codigo": "Ee0xkhe6sG",
            "total": 4,
            "valor_unitario": 501431,
            "descuento": 0.08,
            "IVA": 19
        },
        {
            "codigo": "XvGzlYIh7g",
            "total": 2,
            "valor_unitario": 439564,
            "descuento": 0.24,
            "IVA": 19
        },
        {
            "codigo": "L4eGOFCEFH",
            "total": 5,
            "valor_unitario": 712228,
            "descuento": 0.27,
            "IVA": 5
        },
        {
            "codigo": "3HgdP22EZl",
            "total": 20,
            "valor_unitario": 67959,
            "descuento": 0.31,
            "IVA": 5
        },
        {
            "codigo": "MCEwLmic2J",
            "total": 2,
            "valor_unitario": 694006,
            "descuento": 0.03,
            "IVA": 5
        },
        {
            "codigo": "mwHMVb8pKh",
            "total": 1,
            "valor_unitario": 148082,
            "descuento": 0.35,
            "IVA": 5
        },
        {
            "codigo": "OaaH7Bxq8i",
            "total": 7,
            "valor_unitario": 494227,
            "descuento": 0.22,
            "IVA": 0
        }
    ]
}