{
    "empresa_nit": "456789123",
    "empresa_ciudad": "MEDELLIN",
    "empresa_sede": "autopista",
    "empresa_nombre": "Despensa Natura",
    "fecha_hora": "2024-03-25 09:28:40",
    "factura_num": "01009",
    "ciente_numero": 975054010,
    "pago_tipo": "TAR.DEBITO",
    "productos": [
        {
            "codigo": "O21Pqqi8MU",
            "total": 15,
            "valor_unitario": 138573,
            "descuento": 0.49,
            "IVA": 0
        },
        {
            "codigo": "iW4OfuYxcn",
            "total": 1,
            "valor_unitario": 149435,
            "descuento": 0.35,
            "IVA": 19
        },
        {
            "codigo": "uChQcMYgsd",
            "total": 2,
            "valor_unitario": 508038,
            "descuento": 0.01,
            "IVA": 0
        },
        {
            "codigo": "6BqAjfsueH",
            "total": 2,
            "valor_unitario": 517002,
            "descuento": 0.25,
            "IVA": 0
        },
        {
            "codigo": "G9bDMa33c4",
            "total": 1,
            "valor_unitario": 985000,
            "descuento": 0.16,
            "IVA": 0
        },
        {
            "codigo": "PhRBPj2mHS",
            "total": 10,
            "valor_unitario": 237788,
            "descuento": 0.23,
            "IVA": 0
        },
        {
            "codigo": "1XbQAyW7V8",
            "total": 3,
            "valor_unitario": 332084,
            "descuento": 0.32,
            "IVA": 0
        },
        {
            "codigo": "wQ1nVC19BC",
            "total": 9,
            "valor_unitario": 517705,
            "descuento": 0.31,
            "IVA": 19
        },
        {
            "codigo": "olafct4QKL",
            "total": 8,
            "valor_unitario": 415978,
            "descuento": 0.01,
            "IVA": 19
        },
        {
            "codigo": "zHIfgU6SDK",
            "total": 13,
            "valor_unitario": 706687,
            "descuento": 0.41,
            "IVA": 19
        },
        {
            "codigo": "CRACFCqZ2E",
            "total": 8,
            "valor_unitario": 528658,
            "descuento": 0.11,
            "IVA": 19
        },
        {
            "codigo": "dEfhYCRtmm",
            "total": 15,
            "valor_unitario": 201795,
            "descuento": 0.08,
            "IVA": 5
        },
        {
            "codigo": "Xshd6J8WNE",
            "total": 3,
            "valor_unitario": 906502,
            "descuento": 0.01,
            "IVA": 19
        },
        {
            "codigo": "4KGEaLpNzY",
            "total": 3,
            "valor_unitario": 49001,
            "descuento": 0.32,
            "IVA": 5
        },
        {
            "codigo": "Zo4MirLGj8",
            "total": 8,
            "valor_unitario": 925021,
            "descuento": 0.22,
            "IVA": 5
        },
        {
            "codigo": "TVDD6zE08G",
            "total": 16,
            "valor_unitario": 905218,
            "descuento": 0.11,
            "IVA": 0
        },
        {
            "codigo": "dlvZZXj1w1",
            "total": 20,
            "valor_unitario": 339993,
            "descuento": 0.46,
            "IVA": 19
        },
        {
            "codigo": "N8llJkBo6C",
            "total": 16,
            "valor_unitario": 165567,
            "descuento": 0.37,
            "IVA": 5
        }
    ]
}