{
    "empresa_nit": "456789123",
    "empresa_ciudad": "TUNJA",
    "empresa_sede": "autopista",
    "empresa_nombre": "Despensa Natura",
    "fecha_hora": "2024-02-07 18:32:00",
    "factura_num": "00241",
    "ciente_numero": 831908391,
    "pago_tipo": "EFECTIVO",
    "productos": [
        {
            "codigo": "y5BwFWZ1Zz",
            "total": 7,
            "valor_unitario": 498212,
            "descuento": 0.15,
            "IVA": 19
        },
        {
            "codigo": "ylJdO6bNPD",
            "total": 20,
            "valor_unitario": 399327,
            "descuento": 0.03,
            "IVA": 5
        },
        {
            "codigo": "in6qp6S0iu",
            "total": 4,
            "valor_unitario": 820877,
            "descuento": 0.14,
            "IVA": 19
        },
        {
            "codigo": "pehrgC2QWB",
            "total": 6,
            "valor_unitario": 666783,
            "descuento": 0.28,
            "IVA": 0
        },
        {
            "codigo": "y3zD6a3EkT",
            "total": 10,
            "valor_unitario": 203968,
            "descuento": 0.04,
            "IVA": 5
        },
        {
            "codigo": "34q6Xb1cBA",
            "total": 3,
            "valor_unitario": 383066,
            "descuento": 0.11,
            "IVA": 0
        },
        {
            "codigo": "FykrhhKwGM",
            "total": 1,
            "valor_unitario": 594354,
            "descuento": 0.04,
            "IVA": 19
        },
        {
            "codigo": "zziijZ0fPR",
            "total": 18,
            "valor_unitario": 571641,
            "descuento": 0.16,
            "IVA": 5
        },
        {
            "codigo": "7B1RhNc8qp",
            "total": 2,
            "valor_unitario": 626870,
            "descuento": 0.48,
            "IVA": 19
        },
        {
            "codigo": "dVYn6ti82q",
            "total": 19,
            "valor_unitario": 477747,
            "descuento": 0.33,
            "IVA": 19
        }
    ]
}