{
    "empresa_nit": "456789123",
    "empresa_ciudad": "CALI",
    "empresa_sede": "centro",
    "empresa_nombre": "Despensa Natura",
    "fecha_hora": "2021-03-21 09:44:17",
    "factura_num": "00236",
    "ciente_numero": 229413167,
    "pago_tipo": "TRANFERENCIA",
    "productos": [
        {
            "codigo": "iKUOmNkacD",
            "total": 17,
            "valor_unitario": 60145,
            "descuento": 0.02,
            "IVA": 5
        },
        {
            "codigo": "roM8P2aT1o",
            "total": 12,
            "valor_unitario": 810678,
            "descuento": 0.34,
            "IVA": 19
        },
        {
            "codigo": "n5Paq4HsTC",
            "total": 19,
            "valor_unitario": 87110,
            "descuento": 0.23,
            "IVA": 0
        },
        {
            "codigo": "ofqimCiOV6",
            "total": 9,
            "valor_unitario": 79738,
            "descuento": 0.22,
            "IVA": 0
        }
    ]
}