{
    "empresa_nit": "456789123",
    "empresa_ciudad": "BARRANQUILLA",
    "empresa_sede": "terminal",
    "empresa_nombre": "Despensa Natura",
    "fecha_hora": "2024-03-04 17:00:57",
    "factura_num": "00186",
    "ciente_numero": 454723774,
    "pago_tipo": "TRANFERENCIA",
    "productos": [
        {
            "codigo": "XnhPJ38vJY",
            "total": 17,
            "valor_unitario": 217897,
            "descuento": 0.44,
            "IVA": 0
        },
        {
            "codigo": "qEH5njzll0",
            "total": 15,
            "valor_unitario": 67010,
            "descuento": 0.45,
            "IVA": 5
        },
        {
            "codigo": "WSLJU1YbJy",
            "total": 11,
            "valor_unitario": 623622,
            "descuento": 0.37,
            "IVA": 5
        },
        {
            "codigo": "Vq3S9SJ5TO",
            "total": 20,
            "valor_unitario": 135507,
            "descuento": 0.48,
            "IVA": 5
        },
        {
            "codigo": "KUD40HFSts",
            "total": 18,
            "valor_unitario": 543200,
            "descuento": 0.06,
            "IVA": 0
        },
        {
            "codigo": "y0KEaa3353",
            "total": 18,
            "valor_unitario": 707582,
            "descuento": 0.28,
            "IVA": 0
        },
        {
            "codigo": "ZocDnWXMzD",
            "total": 13,
            "valor_unitario": 538950,
            "descuento": 0.44,
            "IVA": 5
        },
        {
            "codigo": "BqCQJMcdBy",
            "total": 3,
            "valor_unitario": 364860,
            "descuento": 0.46,
            "IVA": 19
        },
        {
            "codigo": "xOk10vaVCc",
            "total": 9,
            "valor_unitario": 265946,
            "descuento": 0.18,
            "IVA": 19
        },
        {
            "codigo": "5yN9DDvxmn",
            "total": 20,
            "valor_unitario": 489896,
            "descuento": 0.29,
            "IVA": 0
        },
        {
            "codigo": "QQJqqccRch",
            "total": 18,
            "valor_unitario": 857390,
            "descuento": 0.29,
            "IVA": 0
        },
        {
            "codigo": "rAh4tXVeEl",
            "total": 20,
            "valor_unitario": 640557,
            "descuento": 0.39,
            "IVA": 0
        },
        {
            "codigo": "PQsve2h4Kx",
            "total": 4,
            "valor_unitario": 343984,
            "descuento": 0.17,
            "IVA": 19
        },
        {
            "codigo": "8jvtkPWv5I",
            "total": 18,
            "valor_unitario": 967948,
            "descuento": 0.34,
            "IVA": 19
        },
        {
            "codigo": "SUu5uC6js3",
            "total": 10,
            "valor_unitario": 791135,
            "descuento": 0.27,
            "IVA": 19
        },
        {
            "codigo": "CqPzST2cUd",
            "total": 10,
            "valor_unitario": 604284,
            "descuento": 0.24,
            "IVA": 19
        }
    ]
}