{
    "empresa_nit": "456789123",
    "empresa_ciudad": "MEDELLIN",
    "empresa_sede": "aeropuerto",
    "empresa_nombre": "Despensa Natura",
    "fecha_hora": "2022-08-13 23:56:49",
    "factura_num": "00111",
    "ciente_numero": 620798625,
    "pago_tipo": "TRANFERENCIA",
    "productos": [
        {
            "codigo": "7EgEiICmf4",
            "total": 14,
            "valor_unitario": 849316,
            "descuento": 0.33,
            "IVA": 0
        },
        {
            "codigo": "S0K6tLd0hC",
            "total": 7,
            "valor_unitario": 421464,
            "descuento": 0.31,
            "IVA": 0
        },
        {
            "codigo": "zKTliqBNKz",
            "total": 16,
            "valor_unitario": 953956,
            "descuento": 0.38,
            "IVA": 19
        }
    ]
}