{
    "empresa_nit": "456789123",
    "empresa_ciudad": "TUNJA",
    "empresa_sede": "alcaldia",
    "empresa_nombre": "Despensa Natura",
    "fecha_hora": "2021-08-31 01:09:09",
    "factura_num": "01006",
    "ciente_numero": 510001163,
    "pago_tipo": "TRANFERENCIA",
    "productos": [
        {
            "codigo": "OGBehGhI3N",
            "total": 5,
            "valor_unitario": 738051,
            "descuento": 0.09,
            "IVA": 19
        },
        {
            "codigo": "INp3uwA02H",
            "total": 19,
            "valor_unitario": 814547,
            "descuento": 0.02,
            "IVA": 0
        },
        {
            "codigo": "kOKKH9XecB",
            "total": 17,
            "valor_unitario": 924454,
            "descuento": 0.18,
            "IVA": 0
        },
        {
            "codigo": "2Xwg8QVw30",
            "total": 13,
            "valor_unitario": 764897,
            "descuento": 0.42,
            "IVA": 5
        },
        {
            "codigo": "i2h1aZMtZH",
            "total": 16,
            "valor_unitario": 107955,
            "descuento": 0.07,
            "IVA": 19
        },
        {
            "codigo": "YXtB4gwqG3",
            "total": 6,
            "valor_unitario": 48778,
            "descuento": 0.33,
            "IVA": 19
        },
        {
            "codigo": "aA3ujJKObn",
            "total": 2,
            "valor_unitario": 153607,
            "descuento": 0.03,
            "IVA": 19
        },
        {
            "codigo": "eqR4HrPxxS",
            "total": 10,
            "valor_unitario": 767179,
            "descuento": 0.04,
            "IVA": 0
        },
        {
            "codigo": "uWPau3Rc05",
            "total": 15,
            "valor_unitario": 549949,
            "descuento": 0.29,
            "IVA": 19
        },
        {
            "codigo": "NloWQfKNeG",
            "total": 18,
            "valor_unitario": 452428,
            "descuento": 0.06,
            "IVA": 19
        },
        {
            "codigo": "IZfwVtbDSX",
            "total": 15,
            "valor_unitario": 841695,
            "descuento": 0.06,
            "IVA": 0
        },
        {
            "codigo": "FgkQ4wRDX4",
            "total": 9,
            "valor_unitario": 362216,
            "descuento": 0.07,
            "IVA": 5
        },
        {
            "codigo": "eXOdiwcFrf",
            "total": 19,
            "valor_unitario": 484836,
            "descuento": 0.01,
            "IVA": 19
        },
        {
            "codigo": "KfRa79eCHu",
            "total": 9,
            "valor_unitario": 468173,
            "descuento": 0.46,
            "IVA": 19
        },
        {
            "codigo": "GRLp5vCYvN",
            "total": 2,
            "valor_unitario": 798537,
            "descuento": 0.07,
            "IVA": 19
        },
        {
            "codigo": "raFLsOyAxb",
            "total": 6,
            "valor_unitario": 757259,
            "descuento": 0.23,
            "IVA": 5
        }
    ]
}