{
    "empresa_nit": "456789123",
    "empresa_ciudad": "CALI",
    "empresa_sede": "terminal",
    "empresa_nombre": "Despensa Natura",
    "fecha_hora": "2022-10-12 06:54:36",
    "factura_num": "00412",
    "ciente_numero": 586800244,
    "pago_tipo": "EFECTIVO",
    "productos": [
        {
            "codigo": "AeLEwlWglH",
            "total": 14,
            "valor_unitario": 963082,
            "descuento": 0.33,
            "IVA": 19
        },
        {
            "codigo": "cNqPzO2jlE",
            "total": 3,
            "valor_unitario": 985201,
            "descuento": 0.23,
            "IVA": 0
        },
        {
            "codigo": "FRhPgOnSoI",
            "total": 13,
            "valor_unitario": 113861,
            "descuento": 0.13,
            "IVA": 0
        },
        {
            "codigo": "gvBBLD9pAO",
            "total": 1,
            "valor_unitario": 724240,
            "descuento": 0.15,
            "IVA": 0
        },
        {
            "codigo": "9JMBXJvqGi",
            "total": 1,
            "valor_unitario": 533309,
            "descuento": 0.23,
            "IVA": 19
        },
        {
            "codigo": "jP3bARqyQH",
            "total": 18,
            "valor_unitario": 137136,
            "descuento": 0.19,
            "IVA": 19
        },
        {
            "codigo": "0XmqS3AGDK",
            "total": 19,
            "valor_unitario": 205595,
            "descuento": 0.2,
            "IVA": 0
        },
        {
            "codigo": "ydOMkaSeCH",
            "total": 19,
            "valor_unitario": 846382,
            "descuento": 0.39,
            "IVA": 5
        },
        {
            "codigo": "qxiXQvkn5D",
            "total": 9,
            "valor_unitario": 323559,
            "descuento": 0.21,
            "IVA": 19
        },
        {
            "codigo": "0sTES55sl1",
            "total": 20,
            "valor_unitario": 212060,
            "descuento": 0.46,
            "IVA": 0
        },
        {
            "codigo": "ZrnOuZl4Tq",
            "total": 18,
            "valor_unitario": 185451,
            "descuento": 0.23,
            "IVA": 0
        },
        {
            "codigo": "oU5fFMbXsf",
            "total": 14,
            "valor_unitario": 973306,
            "descuento": 0.19,
            "IVA": 5
        },
        {
            "codigo": "0ffO7YFRJe",
            "total": 11,
            "valor_unitario": 656421,
            "descuento": 0.27,
            "IVA": 19
        },
        {
            "codigo": "zbwHrLF5Mz",
            "total": 3,
            "valor_unitario": 160522,
            "descuento": 0.33,
            "IVA": 5
        },
        {
            "codigo": "5xueK6KA7U",
            "total": 20,
            "valor_unitario": 665928,
            "descuento": 0.04,
            "IVA": 0
        },
        {
            "codigo": "IohSymrLKW",
            "total": 19,
            "valor_unitario": 436846,
            "descuento": 0.14,
            "IVA": 19
        },
        {
            "codigo": "gmr29UMys7",
            "total": 12,
            "valor_unitario": 415227,
            "descuento": 0.14,
            "IVA": 19
        },
        {
            "codigo": "KNz22ImBtu",
            "total": 19,
            "valor_unitario": 35486,
            "descuento": 0.4,
            "IVA": 0
        }
    ]
}