{
    "empresa_nit": "456789123",
    "empresa_ciudad": "TUNJA",
    "empresa_sede": "alcaldia",
    "empresa_nombre": "Despensa Natura",
    "fecha_hora": "2021-09-13 15:56:42",
    "factura_num": "00377",
    "ciente_numero": 905098811,
    "pago_tipo": "TAR.CREDITO",
    "productos": [
        {
            "codigo": "DjJ670l8D4",
            "total": 5,
            "valor_unitario": 681517,
            "descuento": 0.03,
            "IVA": 0
        },
        {
            "codigo": "dbsjiWEBkm",
            "total": 5,
            "valor_unitario": 310633,
            "descuento": 0.27,
            "IVA": 5
        },
        {
            "codigo": "kknPc5S8xl",
            "total": 17,
            "valor_unitario": 405666,
            "descuento": 0.29,
            "IVA": 5
        },
        {
            "codigo": "tfTMocDTjr",
            "total": 8,
            "valor_unitario": 621664,
            "descuento": 0.16,
            "IVA": 0
        },
        {
            "codigo": "GDnGosulMh",
            "total": 7,
            "valor_unitario": 658695,
            "descuento": 0.47,
            "IVA": 0
        },
        {
            "codigo": "6KUf1jiZmo",
            "total": 6,
            "valor_unitario": 9573,
            "descuento": 0.15,
            "IVA": 5
        },
        {
            "codigo": "BgO7PQ4SHf",
            "total": 16,
            "valor_unitario": 788995,
            "descuento": 0.33,
            "IVA": 5
        },
        {
            "codigo": "Jf5btkXK65",
            "total": 9,
            "valor_unitario": 115662,
            "descuento": 0.11,
            "IVA": 0
        },
        {
            "codigo": "AQxIvkcrtz",
            "total": 11,
            "valor_unitario": 806397,
            "descuento": 0.04,
            "IVA": 0
        },
        {
            "codigo": "LPPTiTXIOo",
            "total": 11,
            "valor_unitario": 849755,
            "descuento": 0.43,
            "IVA": 19
        },
        {
            "codigo": "Tes5e4jwFj",
            "total": 20,
            "valor_unitario": 879873,
            "descuento": 0.17,
            "IVA": 5
        },
        {
            "codigo": "QryPC7piLW",
            "total": 2,
            "valor_unitario": 408838,
            "descuento": 0.04,
            "IVA": 5
        },
        {
            "codigo": "Gl60sEmv5m",
            "total": 16,
            "valor_unitario": 737796,
            "descuento": 0.04,
            "IVA": 19
        }
    ]
}