{
    "empresa_nit": "456789123",
    "empresa_ciudad": "MEDELLIN",
    "empresa_sede": "alcaldia",
    "empresa_nombre": "Despensa Natura",
    "fecha_hora": "2024-03-16 07:34:26",
    "factura_num": "00114",
    "ciente_numero": 784755058,
    "pago_tipo": "TAR.CREDITO",
    "productos": [
        {
            "codigo": "OZzVz7EKy4",
            "total": 3,
            "valor_unitario": 802060,
            "descuento": 0.12,
            "IVA": 19
        },
        {
            "codigo": "JF3qX6xlcj",
            "total": 5,
            "valor_unitario": 223893,
            "descuento": 0.02,
            "IVA": 0
        },
        {
            "codigo": "rAD91GcWN6",
            "total": 20,
            "valor_unitario": 859212,
            "descuento": 0.08,
            "IVA": 5
        },
        {
            "codigo": "lmh53oDoac",
            "total": 12,
            "valor_unitario": 93672,
            "descuento": 0.46,
            "IVA": 19
        },
        {
            "codigo": "odrmxoCwIm",
            "total": 5,
            "valor_unitario": 569785,
            "descuento": 0.08,
            "IVA": 5
        },
        {
            "codigo": "JaV0B5Xuv1",
            "total": 12,
            "valor_unitario": 773465,
            "descuento": 0.17,
            "IVA": 19
        },
        {
            "codigo": "cA6p9eNyVy",
            "total": 4,
            "valor_unitario": 740545,
            "descuento": 0.35,
            "IVA": 19
        },
        {
            "codigo": "QpazlmTUJC",
            "total": 5,
            "valor_unitario": 701975,
            "descuento": 0.42,
            "IVA": 5
        },
        {
            "codigo": "tOcTxeW7RH",
            "total": 17,
            "valor_unitario": 210208,
            "descuento": 0.28,
            "IVA": 0
        }
    ]
}