{
    "empresa_nit": "456789123",
    "empresa_ciudad": "MEDELLIN",
    "empresa_sede": "terminal",
    "empresa_nombre": "Despensa Natura",
    "fecha_hora": "2024-04-12 12:51:48",
    "factura_num": "00232",
    "ciente_numero": 548068022,
    "pago_tipo": "TRANFERENCIA",
    "productos": [
        {
            "codigo": "GamqU3dF3c",
            "total": 5,
            "valor_unitario": 780402,
            "descuento": 0.45,
            "IVA": 0
        },
        {
            "codigo": "QuXTfBVhoJ",
            "total": 2,
            "valor_unitario": 381482,
            "descuento": 0.41,
            "IVA": 5
        },
        {
            "codigo": "TTsBJpS4ve",
            "total": 16,
            "valor_unitario": 803925,
            "descuento": 0.44,
            "IVA": 0
        },
        {
            "codigo": "Ey64mVxBp1",
            "total": 5,
            "valor_unitario": 44340,
            "descuento": 0.17,
            "IVA": 19
        },
        {
            "codigo": "PWFiwXzlkN",
            "total": 3,
            "valor_unitario": 642978,
            "descuento": 0.42,
            "IVA": 19
        },
        {
            "codigo": "s76Mv5A4hf",
            "total": 15,
            "valor_unitario": 717710,
            "descuento": 0.02,
            "IVA": 19
        },
        {
            "codigo": "fRurNa2w86",
            "total": 4,
            "valor_unitario": 813141,
            "descuento": 0.15,
            "IVA": 5
        },
        {
            "codigo": "2IFetk6jWI",
            "total": 10,
            "valor_unitario": 723050,
            "descuento": 0.38,
            "IVA": 19
        },
        {
            "codigo": "WRTQ5ydEKa",
            "total": 18,
            "valor_unitario": 518366,
            "descuento": 0.43,
            "IVA": 0
        },
        {
            "codigo": "OUZDckKe4Q",
            "total": 15,
            "valor_unitario": 904590,
            "descuento": 0.0,
            "IVA": 5
        },
        {
            "codigo": "F5ybr3Bsag",
            "total": 13,
            "valor_unitario": 491638,
            "descuento": 0.41,
            "IVA": 5
        },
        {
            "codigo": "PFQSwSRSxg",
            "total": 1,
            "valor_unitario": 892737,
            "descuento": 0.35,
            "IVA": 19
        },
        {
            "codigo": "xuMSmj9PkL",
            "total": 18,
            "valor_unitario": 77129,
            "descuento": 0.15,
            "IVA": 0
        },
        {
            "codigo": "24Tmv6z4BJ",
            "total": 8,
            "valor_unitario": 514700,
            "descuento": 0.35,
            "IVA": 0
        },
        {
            "codigo": "7to2FWe4mI",
            "total": 10,
            "valor_unitario": 413542,
            "descuento": 0.06,
            "IVA": 0
        },
        {
            "codigo": "BI4KV8FxKt",
            "total": 2,
            "valor_unitario": 901492,
            "descuento": 0.16,
            "IVA": 0
        },
        {
            "codigo": "RbSUKycPAZ",
            "total": 4,
            "valor_unitario": 579282,
            "descuento": 0.33,
            "IVA": 5
        }
    ]
}