{
    "empresa_nit": "456789123",
    "empresa_ciudad": "CALI",
    "empresa_sede": "terminal",
    "empresa_nombre": "Despensa Natura",
    "fecha_hora": "2020-12-07 00:34:27",
    "factura_num": "00272",
    "ciente_numero": 528747589,
    "pago_tipo": "TAR.CREDITO",
    "productos": [
        {
            "codigo": "EisT7nIn8c",
            "total": 8,
            "valor_unitario": 117977,
            "descuento": 0.33,
            "IVA": 0
        },
        {
            "codigo": "lnVBq4aVhV",
            "total": 20,
            "valor_unitario": 321792,
            "descuento": 0.42,
            "IVA": 5
        },
        {
            "codigo": "r8wHsrJghO",
            "total": 19,
            "valor_unitario": 658332,
            "descuento": 0.09,
            "IVA": 0
        },
        {
            "codigo": "hcjj5LOQls",
            "total": 15,
            "valor_unitario": 908640,
            "descuento": 0.03,
            "IVA": 5
        },
        {
            "codigo": "IQSvxBbqz1",
            "total": 13,
            "valor_unitario": 516476,
            "descuento": 0.48,
            "IVA": 19
        },
        {
            "codigo": "4S7aDm29Rb",
            "total": 16,
            "valor_unitario": 623322,
            "descuento": 0.25,
            "IVA": 0
        },
        {
            "codigo": "xD6WSizKKq",
            "total": 10,
            "valor_unitario": 88383,
            "descuento": 0.13,
            "IVA": 5
        },
        {
            "codigo": "wMAfF3RoXf",
            "total": 14,
            "valor_unitario": 10090,
            "descuento": 0.25,
            "IVA": 0
        },
        {
            "codigo": "zz5TQaUnTV",
            "total": 9,
            "valor_unitario": 426397,
            "descuento": 0.22,
            "IVA": 0
        },
        {
            "codigo": "wtsS4eKWYL",
            "total": 17,
            "valor_unitario": 735613,
            "descuento": 0.11,
            "IVA": 0
        },
        {
            "codigo": "sufaaBiKEg",
            "total": 17,
            "valor_unitario": 886074,
            "descuento": 0.45,
            "IVA": 5
        },
        {
            "codigo": "5FBZlJpyMF",
            "total": 3,
            "valor_unitario": 139500,
            "descuento": 0.12,
            "IVA": 5
        },
        {
            "codigo": "kow0VT8cKC",
            "total": 20,
            "valor_unitario": 224385,
            "descuento": 0.48,
            "IVA": 19
        },
        {
            "codigo": "qtxI9WcRyR",
            "total": 14,
            "valor_unitario": 866598,
            "descuento": 0.26,
            "IVA": 0
        },
        {
            "codigo": "LBQm1sCiPK",
            "total": 14,
            "valor_unitario": 200107,
            "descuento": 0.02,
            "IVA": 5
        },
        {
            "codigo": "2pomX1M5OX",
            "total": 8,
            "valor_unitario": 460335,
            "descuento": 0.11,
            "IVA": 5
        }
    ]
}