{
    "empresa_nit": "456789123",
    "empresa_ciudad": "MEDELLIN",
    "empresa_sede": "terminal",
    "empresa_nombre": "Despensa Natura",
    "fecha_hora": "2021-05-13 23:40:00",
    "factura_num": "01063",
    "ciente_numero": 397580816,
    "pago_tipo": "TAR.DEBITO",
    "productos": [
        {
            "codigo": "frxVpmkjGz",
            "total": 8,
            "valor_unitario": 524782,
            "descuento": 0.22,
            "IVA": 19
        },
        {
            "codigo": "UvnA2AB6o1",
            "total": 7,
            "valor_unitario": 75330,
            "descuento": 0.34,
            "IVA": 0
        },
        {
            "codigo": "KeARX16XqS",
            "total": 9,
            "valor_unitario": 717593,
            "descuento": 0.18,
            "IVA": 19
        },
        {
            "codigo": "IKX4chDN6W",
            "total": 7,
            "valor_unitario": 777156,
            "descuento": 0.11,
            "IVA": 0
        },
        {
            "codigo": "K0HJ0lGyUe",
            "total": 11,
            "valor_unitario": 82330,
            "descuento": 0.21,
            "IVA": 0
        }
    ]
}