{
    "empresa_nit": "456789123",
    "empresa_ciudad": "TUNJA",
    "empresa_sede": "aeropuerto",
    "empresa_nombre": "Despensa Natura",
    "fecha_hora": "2021-11-17 08:38:44",
    "factura_num": "01132",
    "ciente_numero": 363548557,
    "pago_tipo": "TRANFERENCIA",
    "productos": [
        {
            "codigo": "8zEBffMygv",
            "total": 16,
            "valor_unitario": 35039,
            "descuento": 0.17,
            "IVA": 0
        },
        {
            "codigo": "1UsHyudpL2",
            "total": 6,
            "valor_unitario": 867784,
            "descuento": 0.31,
            "IVA": 5
        },
        {
            "codigo": "SePDtpmgzg",
            "total": 17,
            "valor_unitario": 311735,
            "descuento": 0.3,
            "IVA": 19
        },
        {
            "codigo": "8welRdGYai",
            "total": 2,
            "valor_unitario": 434886,
            "descuento": 0.35,
            "IVA": 19
        },
        {
            "codigo": "0lpSbQuRI9",
            "total": 16,
            "valor_unitario": 634077,
            "descuento": 0.08,
            "IVA": 0
        }
    ]
}