{
    "empresa_nit": "456789123",
    "empresa_ciudad": "BOGOTA",
    "empresa_sede": "aeropuerto",
    "empresa_nombre": "Despensa Natura",
    "fecha_hora": "2023-09-27 17:10:40",
    "factura_num": "00385",
    "ciente_numero": 771580352,
    "pago_tipo": "EFECTIVO",
    "productos": [
        {
            "codigo": "z7AC99XdzX",
            "total": 11,
            "valor_unitario": 173430,
            "descuento": 0.38,
            "IVA": 19
        },
        {
            "codigo": "SuBg80EeGE",
            "total": 9,
            "valor_unitario": 846676,
            "descuento": 0.11,
            "IVA": 0
        },
        {
            "codigo": "wO5aLfbjlS",
            "total": 15,
            "valor_unitario": 636540,
            "descuento": 0.07,
            "IVA": 5
        },
        {
            "codigo": "ox4RkiZpQk",
            "total": 15,
            "valor_unitario": 719089,
            "descuento": 0.21,
            "IVA": 5
        },
        {
            "codigo": "oGAMcsniVx",
            "total": 7,
            "valor_unitario": 744931,
            "descuento": 0.08,
            "IVA": 5
        },
        {
            "codigo": "NcFXuHmBuB",
            "total": 4,
            "valor_unitario": 798925,
            "descuento": 0.31,
            "IVA": 5
        },
        {
            "codigo": "SIFNcTPIMT",
            "total": 15,
            "valor_unitario": 66393,
            "descuento": 0.16,
            "IVA": 19
        },
        {
            "codigo": "uYSyL3BtUC",
            "total": 6,
            "valor_unitario": 243912,
            "descuento": 0.4,
            "IVA": 5
        },
        {
            "codigo": "FnnTDvtquO",
            "total": 7,
            "valor_unitario": 176230,
            "descuento": 0.32,
            "IVA": 5
        }
    ]
}