{
    "empresa_nit": "456789123",
    "empresa_ciudad": "TUNJA",
    "empresa_sede": "autopista",
    "empresa_nombre": "Despensa Natura",
    "fecha_hora": "2024-12-22 02:33:02",
    "factura_num": "00357",
    "ciente_numero": 375996946,
    "pago_tipo": "TRANFERENCIA",
    "productos": [
        {
            "codigo": "avT2T943Pc",
            "total": 12,
            "valor_unitario": 86890,
            "descuento": 0.35,
            "IVA": 19
        },
        {
            "codigo": "zSVYM6qV8X",
            "total": 16,
            "valor_unitario": 45006,
            "descuento": 0.05,
            "IVA": 5
        },
        {
            "codigo": "0P2gYiB7WF",
            "total": 5,
            "valor_unitario": 161327,
            "descuento": 0.5,
            "IVA": 0
        },
        {
            "codigo": "362m138cQl",
            "total": 2,
            "valor_unitario": 234937,
            "descuento": 0.1,
            "IVA": 0
        },
        {
            "codigo": "Bd0jnIHa27",
            "total": 3,
            "valor_unitario": 760396,
            "descuento": 0.13,
            "IVA": 0
        },
        {
            "codigo": "CNebtjTAQ9",
            "total": 6,
            "valor_unitario": 501763,
            "descuento": 0.02,
            "IVA": 5
        },
        {
            "codigo": "fde7maThDM",
            "total": 9,
            "valor_unitario": 961739,
            "descuento": 0.49,
            "IVA": 0
        }
    ]
}