{
    "empresa_nit": "456789123",
    "empresa_ciudad": "CALI",
    "empresa_sede": "alcaldia",
    "empresa_nombre": "Despensa Natura",
    "fecha_hora": "2021-09-19 21:18:45",
    "factura_num": "01115",
    "ciente_numero": 261903525,
    "pago_tipo": "TRANFERENCIA",
    "productos": [
        {
            "codigo": "5VSBwHLdOc",
            "total": 6,
            "valor_unitario": 325635,
            "descuento": 0.44,
            "IVA": 19
        },
        {
            "codigo": "PmqIa6774J",
            "total": 20,
            "valor_unitario": 63850,
            "descuento": 0.01,
            "IVA": 19
        },
        {
            "codigo": "BLCKtGCb1i",
            "total": 13,
            "valor_unitario": 1578,
            "descuento": 0.42,
            "IVA": 0
        },
        {
            "codigo": "jPOw6ZMP2k",
            "total": 15,
            "valor_unitario": 458410,
            "descuento": 0.02,
            "IVA": 19
        },
        {
            "codigo": "CvnGh9bCmL",
            "total": 5,
            "valor_unitario": 334123,
            "descuento": 0.47,
            "IVA": 5
        },
        {
            "codigo": "0ZU9dGLWGO",
            "total": 17,
            "valor_unitario": 143305,
            "descuento": 0.46,
            "IVA": 0
        },
        {
            "codigo": "Yu3Bmb0w9L",
            "total": 2,
            "valor_unitario": 117990,
            "descuento": 0.18,
            "IVA": 0
        },
        {
            "codigo": "rDRxivOU96",
            "total": 10,
            "valor_unitario": 389676,
            "descuento": 0.22,
            "IVA": 0
        },
        {
            "codigo": "kPfMftdibU",
            "total": 12,
            "valor_unitario": 853379,
            "descuento": 0.36,
            "IVA": 0
        },
        {
            "codigo": "THuf0jYsoK",
            "total": 7,
            "valor_unitario": 754964,
            "descuento": 0.44,
            "IVA": 0
        },
        {
            "codigo": "ZLIzH8knbL",
            "total": 2,
            "valor_unitario": 5532,
            "descuento": 0.08,
            "IVA": 5
        },
        {
            "codigo": "Y0ZYQagXDN",
            "total": 6,
            "valor_unitario": 440896,
            "descuento": 0.06,
            "IVA": 19
        },
        {
            "codigo": "sncX32V7fT",
            "total": 13,
            "valor_unitario": 758873,
            "descuento": 0.23,
            "IVA": 19
        },
        {
            "codigo": "WxNSPETuL4",
            "total": 16,
            "valor_unitario": 266495,
            "descuento": 0.13,
            "IVA": 5
        },
        {
            "codigo": "zVcPYxPoJ6",
            "total": 19,
            "valor_unitario": 680422,
            "descuento": 0.28,
            "IVA": 5
        }
    ]
}