{
    "empresa_nit": "456789123",
    "empresa_ciudad": "CALI",
    "empresa_sede": "terminal",
    "empresa_nombre": "Despensa Natura",
    "fecha_hora": "2023-04-08 04:30:40",
    "factura_num": "00190",
    "ciente_numero": 590783455,
    "pago_tipo": "TAR.DEBITO",
    "productos": [
        {
            "codigo": "xb074KCXsb",
            "total": 9,
            "valor_unitario": 621303,
            "descuento": 0.23,
            "IVA": 0
        },
        {
            "codigo": "yWGDPGMMIp",
            "total": 13,
            "valor_unitario": 808142,
            "descuento": 0.41,
            "IVA": 5
        },
        {
            "codigo": "y6JEw4HeEJ",
            "total": 11,
            "valor_unitario": 216326,
            "descuento": 0.26,
            "IVA": 5
        },
        {
            "codigo": "Wrbft3VAY2",
            "total": 15,
            "valor_unitario": 78189,
            "descuento": 0.36,
            "IVA": 0
        },
        {
            "codigo": "rPMfZyHXem",
            "total": 12,
            "valor_unitario": 350639,
            "descuento": 0.33,
            "IVA": 19
        },
        {
            "codigo": "S56urEYWN1",
            "total": 8,
            "valor_unitario": 303250,
            "descuento": 0.28,
            "IVA": 5
        },
        {
            "codigo": "fLRSG9fduW",
            "total": 19,
            "valor_unitario": 128926,
            "descuento": 0.49,
            "IVA": 0
        },
        {
            "codigo": "3pCs6Lui9k",
            "total": 1,
            "valor_unitario": 240301,
            "descuento": 0.09,
            "IVA": 19
        },
        {
            "codigo": "fJvA7bFfXJ",
            "total": 4,
            "valor_unitario": 867969,
            "descuento": 0.32,
            "IVA": 0
        },
        {
            "codigo": "n8Y48dyMpM",
            "total": 18,
            "valor_unitario": 524451,
            "descuento": 0.19,
            "IVA": 0
        },
        {
            "codigo": "vLt18XysWw",
            "total": 18,
            "valor_unitario": 291541,
            "descuento": 0.15,
            "IVA": 0
        },
        {
            "codigo": "atb1Rw2al7",
            "total": 7,
            "valor_unitario": 142481,
            "descuento": 0.47,
            "IVA": 0
        },
        {
            "codigo": "ETmKh393MD",
            "total": 20,
            "valor_unitario": 69684,
            "descuento": 0.32,
            "IVA": 19
        },
        {
            "codigo": "Xkz08w2n9u",
            "total": 6,
            "valor_unitario": 975400,
            "descuento": 0.31,
            "IVA": 5
        },
        {
            "codigo": "HMgtduEilY",
            "total": 20,
            "valor_unitario": 597114,
            "descuento": 0.2,
            "IVA": 5
        },
        {
            "codigo": "ekkSyxG3ep",
            "total": 3,
            "valor_unitario": 798664,
            "descuento": 0.25,
            "IVA": 19
        },
        {
            "codigo": "cB1Avqd2Se",
            "total": 6,
            "valor_unitario": 63221,
            "descuento": 0.48,
            "IVA": 0
        },
        {
            "codigo": "0stlgZHTEf",
            "total": 18,
            "valor_unitario": 86277,
            "descuento": 0.16,
            "IVA": 0
        }
    ]
}