{
    "empresa_nit": "456789123",
    "empresa_ciudad": "MEDELLIN",
    "empresa_sede": "plaza",
    "empresa_nombre": "Despensa Natura",
    "fecha_hora": "2024-04-16 09:43:00",
    "factura_num": "01075",
    "ciente_numero": 369157082,
    "pago_tipo": "TAR.DEBITO",
    "productos": [
        {
            "codigo": "N65Fk3vhf5",
            "total": 18,
            "valor_unitario": 159342,
            "descuento": 0.18,
            "IVA": 0
        },
        {
            "codigo": "zbWQXf12VP",
            "total": 3,
            "valor_unitario": 614079,
            "descuento": 0.05,
            "IVA": 19
        },
        {
            "codigo": "GbUOwNCMYv",
            "total": 3,
            "valor_unitario": 409902,
            "descuento": 0.29,
            "IVA": 0
        },
        {
            "codigo": "UJKk70uSs7",
            "total": 8,
            "valor_unitario": 565801,
            "descuento": 0.42,
            "IVA": 5
        },
        {
            "codigo": "WpWh1j0QQX",
            "total": 19,
            "valor_unitario": 959595,
            "descuento": 0.28,
            "IVA": 0
        },
        {
            "codigo": "ahiNH5rVmv",
            "total": 4,
            "valor_unitario": 890858,
            "descuento": 0.11,
            "IVA": 5
        },
        {
            "codigo": "ax3l3qBcaw",
            "total": 11,
            "valor_unitario": 991477,
            "descuento": 0.18,
            "IVA": 0
        }
    ]
}