{
    "empresa_nit": "456789123",
    "empresa_ciudad": "BOGOTA",
    "empresa_sede": "plaza",
    "empresa_nombre": "Despensa Natura",
    "fecha_hora": "2020-04-14 10:37:13",
    "factura_num": "00143",
    "ciente_numero": 737446120,
    "pago_tipo": "TRANFERENCIA",
    "productos": [
        {
            "codigo": "cJzJvvsAmr",
            "total": 15,
            "valor_unitario": 410030,
            "descuento": 0.18,
            "IVA": 19
        },
        {
            "codigo": "JBgxXt9E5V",
            "total": 1,
            "valor_unitario": 847647,
            "descuento": 0.04,
            "IVA": 19
        },
        {
            "codigo": "OdVh4bO7JE",
            "total": 10,
            "valor_unitario": 460107,
            "descuento": 0.24,
            "IVA": 19
        },
        {
            "codigo": "96DtNDCF0I",
            "total": 7,
            "valor_unitario": 309766,
            "descuento": 0.18,
            "IVA": 5
        },
        {
            "codigo": "J7X749Tl6J",
            "total": 10,
            "valor_unitario": 497926,
            "descuento": 0.47,
            "IVA": 19
        }
    ]
}