{
    "empresa_nit": "456789123",
    "empresa_ciudad": "BOGOTA",
    "empresa_sede": "autopista",
    "empresa_nombre": "Despensa Natura",
    "fecha_hora": "2023-08-20 04:54:58",
    "factura_num": "00338",
    "ciente_numero": 421427264,
    "pago_tipo": "EFECTIVO",
    "productos": [
        {
            "codigo": "nnweTwIilo",
            "total": 16,
            "valor_unitario": 877764,
            "descuento": 0.11,
            "IVA": 5
        },
        {
            "codigo": "zxnAo99qCx",
            "total": 20,
            "valor_unitario": 440127,
            "descuento": 0.35,
            "IVA": 0
        },
        {
            "codigo": "cv2E7rgofM",
            "total": 2,
            "valor_unitario": 449113,
            "descuento": 0.45,
            "IVA": 5
        },
        {
            "codigo": "dwelcw9MSt",
            "total": 11,
            "valor_unitario": 650081,
            "descuento": 0.35,
            "IVA": 0
        },
        {
            "codigo": "WcyQkzULZZ",
            "total": 6,
            "valor_unitario": 547227,
            "descuento": 0.11,
            "IVA": 19
        },
        {
            "codigo": "k4Y9Y0ylgt",
            "total": 16,
            "valor_unitario": 123936,
            "descuento": 0.1,
            "IVA": 19
        },
        {
            "codigo": "UXpPONNsKe",
            "total": 10,
            "valor_unitario": 322403,
            "descuento": 0.21,
            "IVA": 0
        },
        {
            "codigo": "113tDJsbeH",
            "total": 13,
            "valor_unitario": 396658,
            "descuento": 0.33,
            "IVA": 19
        },
        {
            "codigo": "U82U6RQyHX",
            "total": 7,
            "valor_unitario": 741199,
            "descuento": 0.34,
            "IVA": 0
        },
        {
            "codigo": "S3cUDctQHb",
            "total": 7,
            "valor_unitario": 431101,
            "descuento": 0.22,
            "IVA": 0
        },
        {
            "codigo": "4DYmMF0KZK",
            "total": 20,
            "valor_unitario": 306920,
            "descuento": 0.44,
            "IVA": 19
        },
        {
            "codigo": "Uyd3HlM23h",
            "total": 14,
            "valor_unitario": 993402,
            "descuento": 0.46,
            "IVA": 19
        },
        {
            "codigo": "zCzrZPiVXw",
            "total": 19,
            "valor_unitario": 208646,
            "descuento": 0.14,
            "IVA": 5
        },
        {
            "codigo": "QCIUHp9xTZ",
            "total": 6,
            "valor_unitario": 809910,
            "descuento": 0.06,
            "IVA": 5
        },
        {
            "codigo": "iEoeaSLEQM",
            "total": 20,
            "valor_unitario": 199742,
            "descuento": 0.41,
            "IVA": 5
        },
        {
            "codigo": "dgvPkC0NgR",
            "total": 11,
            "valor_unitario": 927193,
            "descuento": 0.34,
            "IVA": 0
        }
    ]
}