{
    "empresa_nit": "456789123",
    "empresa_ciudad": "MEDELLIN",
    "empresa_sede": "autopista",
    "empresa_nombre": "Despensa Natura",
    "fecha_hora": "2023-02-01 22:55:46",
    "factura_num": "00370",
    "ciente_numero": 71308114,
    "pago_tipo": "TAR.CREDITO",
    "productos": [
        {
            "codigo": "eXJWiLbx0j",
            "total": 14,
            "valor_unitario": 472688,
            "descuento": 0.22,
            "IVA": 19
        },
        {
            "codigo": "PnHcG7GxKk",
            "total": 15,
            "valor_unitario": 873318,
            "descuento": 0.44,
            "IVA": 5
        },
        {
            "codigo": "HqHmTAfWkm",
            "total": 1,
            "valor_unitario": 380965,
            "descuento": 0.04,
            "IVA": 19
        },
        {
            "codigo": "vzQPgCPDkr",
            "total": 3,
            "valor_unitario": 396476,
            "descuento": 0.03,
            "IVA": 19
        },
        {
            "codigo": "ytCESMxrdD",
            "total": 12,
            "valor_unitario": 750745,
            "descuento": 0.03,
            "IVA": 0
        },
        {
            "codigo": "6TVnD3h5vF",
            "total": 5,
            "valor_unitario": 194604,
            "descuento": 0.38,
            "IVA": 5
        },
        {
            "codigo": "ig3LB9emkK",
            "total": 20,
            "valor_unitario": 140450,
            "descuento": 0.5,
            "IVA": 19
        }
    ]
}