{
    "empresa_nit": "456789123",
    "empresa_ciudad": "BARRANQUILLA",
    "empresa_sede": "centro",
    "empresa_nombre": "Despensa Natura",
    "fecha_hora": "2022-12-02 18:02:35",
    "factura_num": "00215",
    "ciente_numero": 151475612,
    "pago_tipo": "EFECTIVO",
    "productos": [
        {
            "codigo": "q5rmCWTVxq",
            "total": 7,
            "valor_unitario": 857184,
            "descuento": 0.32,
            "IVA": 19
        },
        {
            "codigo": "mbfycXA2Rq",
            "total": 15,
            "valor_unitario": 842217,
            "descuento": 0.33,
            "IVA": 0
        },
        {
            "codigo": "mHroDqnNgh",
            "total": 20,
            "valor_unitario": 816436,
            "descuento": 0.34,
            "IVA": 5
        },
        {
            "codigo": "h5fY2oCSyV",
            "total": 1,
            "valor_unitario": 874138,
            "descuento": 0.47,
            "IVA": 19
        },
        {
            "codigo": "IpNtkJZp8D",
            "total": 8,
            "valor_unitario": 542775,
            "descuento": 0.12,
            "IVA": 5
        },
        {
            "codigo": "WbMYcrRbiw",
            "total": 15,
            "valor_unitario": 960328,
            "descuento": 0.4,
            "IVA": 19
        },
        {
            "codigo": "bKFN3yzEzm",
            "total": 1,
            "valor_unitario": 201941,
            "descuento": 0.23,
            "IVA": 5
        },
        {
            "codigo": "x14wk75Wvc",
            "total": 19,
            "valor_unitario": 898187,
            "descuento": 0.28,
            "IVA": 19
        },
        {
            "codigo": "HWXw36hLmQ",
            "total": 1,
            "valor_unitario": 799930,
            "descuento": 0.39,
            "IVA": 0
        },
        {
            "codigo": "8pe8zfQXkB",
            "total": 16,
            "valor_unitario": 779325,
            "descuento": 0.24,
            "IVA": 5
        },
        {
            "codigo": "CYnnvZdi3A",
            "total": 10,
            "valor_unitario": 904518,
            "descuento": 0.1,
            "IVA": 0
        },
        {
            "codigo": "4QmA8T6hQQ",
            "total": 2,
            "valor_unitario": 693850,
            "descuento": 0.49,
            "IVA": 5
        },
        {
            "codigo": "aZDLITvYXI",
            "total": 12,
            "valor_unitario": 571090,
            "descuento": 0.33,
            "IVA": 19
        },
        {
            "codigo": "G3VtAEPe8K",
            "total": 2,
            "valor_unitario": 106841,
            "descuento": 0.13,
            "IVA": 19
        },
        {
            "codigo": "5AN9DePn2W",
            "total": 2,
            "valor_unitario": 916095,
            "descuento": 0.25,
            "IVA": 5
        },
        {
            "codigo": "peL25zz6Qj",
            "total": 8,
            "valor_unitario": 625380,
            "descuento": 0.13,
            "IVA": 19
        },
        {
            "codigo": "T1abuitsYv",
            "total": 3,
            "valor_unitario": 935769,
            "descuento": 0.16,
            "IVA": 0
        },
        {
            "codigo": "M9bUzMhBwU",
            "total": 11,
            "valor_unitario": 737413,
            "descuento": 0.17,
            "IVA": 5
        },
        {
            "codigo": "muYV6g1GTR",
            "total": 2,
            "valor_unitario": 689373,
            "descuento": 0.01,
            "IVA": 19
        }
    ]
}