{
    "empresa_nit": "456789123",
    "empresa_ciudad": "MEDELLIN",
    "empresa_sede": "aeropuerto",
    "empresa_nombre": "Despensa Natura",
    "fecha_hora": "2020-07-17 02:59:17",
    "factura_num": "00369",
    "ciente_numero": 143592797,
    "pago_tipo": "TAR.CREDITO",
    "productos": [
        {
            "codigo": "NuYXubq907",
            "total": 18,
            "valor_unitario": 452020,
            "descuento": 0.29,
            "IVA": 19
        },
        {
            "codigo": "N1a7OBSi7i",
            "total": 9,
            "valor_unitario": 424841,
            "descuento": 0.22,
            "IVA": 5
        },
        {
            "codigo": "j2LjO3b6AI",
            "total": 12,
            "valor_unitario": 29920,
            "descuento": 0.21,
            "IVA": 5
        },
        {
            "codigo": "UnYsjBXMpR",
            "total": 2,
            "valor_unitario": 340712,
            "descuento": 0.05,
            "IVA": 5
        },
        {
            "codigo": "I0FTOSWZvQ",
            "total": 10,
            "valor_unitario": 141924,
            "descuento": 0.31,
            "IVA": 5
        },
        {
            "codigo": "hAc0r8Btp7",
            "total": 6,
            "valor_unitario": 370153,
            "descuento": 0.46,
            "IVA": 5
        },
        {
            "codigo": "ERWwcYV8G1",
            "total": 5,
            "valor_unitario": 628483,
            "descuento": 0.05,
            "IVA": 0
        },
        {
            "codigo": "YjZxYvDH7S",
            "total": 3,
            "valor_unitario": 814840,
            "descuento": 0.25,
            "IVA": 19
        }
    ]
}