{
    "empresa_nit": "456789123",
    "empresa_ciudad": "MEDELLIN",
    "empresa_sede": "terminal",
    "empresa_nombre": "Despensa Natura",
    "fecha_hora": "2020-04-19 02:54:59",
    "factura_num": "00033",
    "ciente_numero": 464833894,
    "pago_tipo": "EFECTIVO",
    "productos": [
        {
            "codigo": "ldPcYI7ho5",
            "total": 3,
            "valor_unitario": 814402,
            "descuento": 0.26,
            "IVA": 5
        },
        {
            "codigo": "zgJ5bt7B0G",
            "total": 9,
            "valor_unitario": 536659,
            "descuento": 0.18,
            "IVA": 5
        },
        {
            "codigo": "9ZwAR9AebG",
            "total": 14,
            "valor_unitario": 648219,
            "descuento": 0.31,
            "IVA": 19
        },
        {
            "codigo": "QRmrsbPMXX",
            "total": 14,
            "valor_unitario": 646368,
            "descuento": 0.39,
            "IVA": 19
        },
        {
            "codigo": "z6Egq854qc",
            "total": 1,
            "valor_unitario": 789122,
            "descuento": 0.2,
            "IVA": 5
        },
        {
            "codigo": "F5iS3L6WuQ",
            "total": 1,
            "valor_unitario": 235310,
            "descuento": 0.06,
            "IVA": 19
        },
        {
            "codigo": "lG2TqA26Ub",
            "total": 16,
            "valor_unitario": 122284,
            "descuento": 0.35,
            "IVA": 0
        },
        {
            "codigo": "2zDnpZgpNE",
            "total": 2,
            "valor_unitario": 524917,
            "descuento": 0.26,
            "IVA": 0
        },
        {
            "codigo": "oqRZtRwEn8",
            "total": 11,
            "valor_unitario": 719554,
            "descuento": 0.45,
            "IVA": 5
        },
        {
            "codigo": "YMKxFTtTuo",
            "total": 15,
            "valor_unitario": 62540,
            "descuento": 0.22,
            "IVA": 19
        },
        {
            "codigo": "g33nGWI0CF",
            "total": 8,
            "valor_unitario": 138929,
            "descuento": 0.39,
            "IVA": 19
        },
        {
            "codigo": "vPVK9MQGWF",
            "total": 5,
            "valor_unitario": 561256,
            "descuento": 0.4,
            "IVA": 19
        },
        {
            "codigo": "FJoIHCSS4V",
            "total": 11,
            "valor_unitario": 470029,
            "descuento": 0.08,
            "IVA": 0
        }
    ]
}