{
    "empresa_nit": "456789123",
    "empresa_ciudad": "MEDELLIN",
    "empresa_sede": "aeropuerto",
    "empresa_nombre": "Despensa Natura",
    "fecha_hora": "2020-06-17 01:26:28",
    "factura_num": "01000",
    "ciente_numero": 302314838,
    "pago_tipo": "TAR.CREDITO",
    "productos": [
        {
            "codigo": "wgp7RZRxUq",
            "total": 12,
            "valor_unitario": 781865,
            "descuento": 0.48,
            "IVA": 5
        },
        {
            "codigo": "3lCVho3UWP",
            "total": 1,
            "valor_unitario": 832015,
            "descuento": 0.03,
            "IVA": 5
        },
        {
            "codigo": "d3z5vLF9ef",
            "total": 8,
            "valor_unitario": 906930,
            "descuento": 0.25,
            "IVA": 19
        },
        {
            "codigo": "FDhZG6iYNO",
            "total": 5,
            "valor_unitario": 634337,
            "descuento": 0.11,
            "IVA": 0
        },
        {
            "codigo": "5naeXA1A3G",
            "total": 2,
            "valor_unitario": 539940,
            "descuento": 0.13,
            "IVA": 19
        },
        {
            "codigo": "yA2ctCo0Vn",
            "total": 1,
            "valor_unitario": 727175,
            "descuento": 0.42,
            "IVA": 19
        },
        {
            "codigo": "CwDbDwUY3N",
            "total": 15,
            "valor_unitario": 512268,
            "descuento": 0.25,
            "IVA": 5
        },
        {
            "codigo": "LBCa04xoo9",
            "total": 16,
            "valor_unitario": 570727,
            "descuento": 0.0,
            "IVA": 19
        },
        {
            "codigo": "mgJxwb6T8Z",
            "total": 15,
            "valor_unitario": 769947,
            "descuento": 0.21,
            "IVA": 0
        },
        {
            "codigo": "aRyOYD2u0A",
            "total": 5,
            "valor_unitario": 518382,
            "descuento": 0.19,
            "IVA": 5
        },
        {
            "codigo": "JCxID6JyHY",
            "total": 12,
            "valor_unitario": 660650,
            "descuento": 0.25,
            "IVA": 5
        },
        {
            "codigo": "wEh9xp0UBx",
            "total": 9,
            "valor_unitario": 283041,
            "descuento": 0.33,
            "IVA": 19
        },
        {
            "codigo": "bQQGUubk1O",
            "total": 8,
            "valor_unitario": 758711,
            "descuento": 0.26,
            "IVA": 5
        },
        {
            "codigo": "GyhlC8p0vA",
            "total": 9,
            "valor_unitario": 148125,
            "descuento": 0.08,
            "IVA": 19
        }
    ]
}