{
    "empresa_nit": "456789123",
    "empresa_ciudad": "MEDELLIN",
    "empresa_sede": "centro",
    "empresa_nombre": "Despensa Natura",
    "fecha_hora": "2020-09-17 15:14:27",
    "factura_num": "00210",
    "ciente_numero": 494318176,
    "pago_tipo": "TAR.DEBITO",
    "productos": [
        {
            "codigo": "4NXX2pWMGO",
            "total": 13,
            "valor_unitario": 818552,
            "descuento": 0.12,
            "IVA": 19
        },
        {
            "codigo": "ZVF0iWn8cy",
            "total": 18,
            "valor_unitario": 432776,
            "descuento": 0.47,
            "IVA": 19
        },
        {
            "codigo": "zLpCkLzYI1",
            "total": 5,
            "valor_unitario": 599249,
            "descuento": 0.43,
            "IVA": 0
        },
        {
            "codigo": "l0zrWKzrxV",
            "total": 5,
            "valor_unitario": 695827,
            "descuento": 0.08,
            "IVA": 19
        },
        {
            "codigo": "kvxiZdxw1B",
            "total": 19,
            "valor_unitario": 659612,
            "descuento": 0.42,
            "IVA": 5
        },
        {
            "codigo": "j6yW1p5uVl",
            "total": 16,
            "valor_unitario": 658304,
            "descuento": 0.4,
            "IVA": 0
        },
        {
            "codigo": "um68W32EmA",
            "total": 7,
            "valor_unitario": 392592,
            "descuento": 0.2,
            "IVA": 5
        }
    ]
}