{
    "empresa_nit": "456789123",
    "empresa_ciudad": "TUNJA",
    "empresa_sede": "plaza",
    "empresa_nombre": "Despensa Natura",
    "fecha_hora": "2023-11-17 02:58:09",
    "factura_num": "01130",
    "ciente_numero": 360406110,
    "pago_tipo": "TAR.CREDITO",
    "productos": [
        {
            "codigo": "8Xu3tJvxHJ",
            "total": 18,
            "valor_unitario": 397850,
            "descuento": 0.36,
            "IVA": 5
        },
        {
            "codigo": "TX9xV3KSAJ",
            "total": 18,
            "valor_unitario": 543645,
            "descuento": 0.38,
            "IVA": 0
        },
        {
            "codigo": "V9g7k2tNfT",
            "total": 3,
            "valor_unitario": 230937,
            "descuento": 0.24,
            "IVA": 19
        },
        {
            "codigo": "1yX8UNnvXR",
            "total": 5,
            "valor_unitario": 859486,
            "descuento": 0.31,
            "IVA": 5
        },
        {
            "codigo": "GZ2aZ674uN",
            "total": 11,
            "valor_unitario": 506071,
            "descuento": 0.05,
            "IVA": 5
        },
        {
            "codigo": "BcmGM9iZP8",
            "total": 16,
            "valor_unitario": 81586,
            "descuento": 0.01,
            "IVA": 0
        }
    ]
}