{
    "empresa_nit": "456789123",
    "empresa_ciudad": "CALI",
    "empresa_sede": "plaza",
    "empresa_nombre": "Despensa Natura",
    "fecha_hora": "2023-09-06 17:18:06",
    "factura_num": "00019",
    "ciente_numero": 756975496,
    "pago_tipo": "TAR.DEBITO",
    "productos": [
        {
            "codigo": "JxpVdGdzbU",
            "total": 4,
            "valor_unitario": 74988,
            "descuento": 0.11,
            "IVA": 19
        },
        {
            "codigo": "VUV15oznCK",
            "total": 12,
            "valor_unitario": 741744,
            "descuento": 0.35,
            "IVA": 19
        },
        {
            "codigo": "spgeNCvpao",
            "total": 18,
            "valor_unitario": 350554,
            "descuento": 0.27,
            "IVA": 5
        },
        {
            "codigo": "iCLuPDWtuP",
            "total": 11,
            "valor_unitario": 132419,
            "descuento": 0.11,
            "IVA": 5
        },
        {
            "codigo": "ryCnu1ux5A",
            "total": 16,
            "valor_unitario": 162635,
            "descuento": 0.2,
            "IVA": 0
        },
        {
            "codigo": "HDKjcCC0EZ",
            "total": 13,
            "valor_unitario": 398822,
            "descuento": 0.29,
            "IVA": 0
        },
        {
            "codigo": "zkSzNnkzgM",
            "total": 19,
            "valor_unitario": 84157,
            "descuento": 0.17,
            "IVA": 0
        },
        {
            "codigo": "b8wciCtyHi",
            "total": 2,
            "valor_unitario": 127683,
            "descuento": 0.31,
            "IVA": 5
        },
        {
            "codigo": "GDU9e4ah6J",
            "total": 3,
            "valor_unitario": 671553,
            "descuento": 0.34,
            "IVA": 19
        },
        {
            "codigo": "A1zf5U35lb",
            "total": 9,
            "valor_unitario": 504974,
            "descuento": 0.06,
            "IVA": 5
        },
        {
            "codigo": "kF9eaTXigu",
            "total": 20,
            "valor_unitario": 287980,
            "descuento": 0.02,
            "IVA": 0
        },
        {
            "codigo": "dIT1sGZOIl",
            "total": 11,
            "valor_unitario": 633832,
            "descuento": 0.34,
            "IVA": 0
        },
        {
            "codigo": "a1bftQhhff",
            "total": 15,
            "valor_unitario": 734659,
            "descuento": 0.22,
            "IVA": 5
        },
        {
            "codigo": "7xsZPjtQaa",
            "total": 18,
            "valor_unitario": 985840,
            "descuento": 0.03,
            "IVA": 5
        },
        {
            "codigo": "EWUAJwBzNG",
            "total": 16,
            "valor_unitario": 164416,
            "descuento": 0.23,
            "IVA": 19
        },
        {
            "codigo": "PdxP4lqavr",
            "total": 20,
            "valor_unitario": 404048,
            "descuento": 0.28,
            "IVA": 19
        }
    ]
}