{
    "empresa_nit": "456789123",
    "empresa_ciudad": "BOGOTA",
    "empresa_sede": "plaza",
    "empresa_nombre": "Despensa Natura",
    "fecha_hora": "2024-09-12 18:46:57",
    "factura_num": "00013",
    "ciente_numero": 256380163,
    "pago_tipo": "TAR.DEBITO",
    "productos": [
        {
            "codigo": "Agnadjogzs",
            "total": 18,
            "valor_unitario": 580229,
            "descuento": 0.08,
            "IVA": 5
        },
        {
            "codigo": "qLbDGVsNgz",
            "total": 15,
            "valor_unitario": 85333,
            "descuento": 0.09,
            "IVA": 19
        },
        {
            "codigo": "7Og7rwEs9S",
            "total": 14,
            "valor_unitario": 503693,
            "descuento": 0.03,
            "IVA": 19
        },
        {
            "codigo": "xaEPW8ZAZg",
            "total": 15,
            "valor_unitario": 623867,
            "descuento": 0.19,
            "IVA": 0
        },
        {
            "codigo": "qjAWYAVJAz",
            "total": 1,
            "valor_unitario": 564782,
            "descuento": 0.26,
            "IVA": 5
        },
        {
            "codigo": "t3eJBjquKn",
            "total": 16,
            "valor_unitario": 664078,
            "descuento": 0.42,
            "IVA": 5
        },
        {
            "codigo": "hfYRQbf8zo",
            "total": 6,
            "valor_unitario": 807483,
            "descuento": 0.23,
            "IVA": 19
        },
        {
            "codigo": "W10SdmEbMK",
            "total": 14,
            "valor_unitario": 893095,
            "descuento": 0.08,
            "IVA": 5
        },
        {
            "codigo": "3Q7ei7sAWT",
            "total": 8,
            "valor_unitario": 520345,
            "descuento": 0.29,
            "IVA": 19
        },
        {
            "codigo": "AIW22DFPbn",
            "total": 1,
            "valor_unitario": 894499,
            "descuento": 0.42,
            "IVA": 0
        },
        {
            "codigo": "joPuXG8W05",
            "total": 15,
            "valor_unitario": 434692,
            "descuento": 0.08,
            "IVA": 19
        },
        {
            "codigo": "7WEf912VfC",
            "total": 1,
            "valor_unitario": 496298,
            "descuento": 0.15,
            "IVA": 0
        }
    ]
}