{
    "empresa_nit": "456789123",
    "empresa_ciudad": "BOGOTA",
    "empresa_sede": "alcaldia",
    "empresa_nombre": "Despensa Natura",
    "fecha_hora": "2024-07-09 21:16:31",
    "factura_num": "00262",
    "ciente_numero": 796685391,
    "pago_tipo": "EFECTIVO",
    "productos": [
        {
            "codigo": "WCexGtCIsS",
            "total": 4,
            "valor_unitario": 962168,
            "descuento": 0.19,
            "IVA": 19
        },
        {
            "codigo": "tPNtKASAeU",
            "total": 13,
            "valor_unitario": 499868,
            "descuento": 0.48,
            "IVA": 0
        },
        {
            "codigo": "2wz0FxpvZl",
            "total": 15,
            "valor_unitario": 438062,
            "descuento": 0.14,
            "IVA": 19
        },
        {
            "codigo": "09xIShnWmj",
            "total": 19,
            "valor_unitario": 530778,
            "descuento": 0.24,
            "IVA": 19
        },
        {
            "codigo": "0oM8kujNTX",
            "total": 7,
            "valor_unitario": 99045,
            "descuento": 0.37,
            "IVA": 5
        },
        {
            "codigo": "5Iuze6IMbg",
            "total": 11,
            "valor_unitario": 505291,
            "descuento": 0.1,
            "IVA": 19
        },
        {
            "codigo": "B2YXwc4FNv",
            "total": 13,
            "valor_unitario": 885642,
            "descuento": 0.14,
            "IVA": 19
        },
        {
            "codigo": "RTbK6eVJrg",
            "total": 2,
            "valor_unitario": 784067,
            "descuento": 0.49,
            "IVA": 0
        },
        {
            "codigo": "JwxY2oJMpo",
            "total": 16,
            "valor_unitario": 806325,
            "descuento": 0.44,
            "IVA": 0
        },
        {
            "codigo": "mD18BUyC5o",
            "total": 7,
            "valor_unitario": 179894,
            "descuento": 0.14,
            "IVA": 0
        },
        {
            "codigo": "BBwXxhMbsz",
            "total": 16,
            "valor_unitario": 636670,
            "descuento": 0.03,
            "IVA": 0
        },
        {
            "codigo": "tpvHzDexLv",
            "total": 10,
            "valor_unitario": 39584,
            "descuento": 0.5,
            "IVA": 19
        },
        {
            "codigo": "yWP3iNQFsW",
            "total": 14,
            "valor_unitario": 573557,
            "descuento": 0.21,
            "IVA": 5
        },
        {
            "codigo": "Drs1zgyM45",
            "total": 17,
            "valor_unitario": 843580,
            "descuento": 0.04,
            "IVA": 0
        },
        {
            "codigo": "9uoG0xwhEc",
            "total": 10,
            "valor_unitario": 910190,
            "descuento": 0.05,
            "IVA": 0
        },
        {
            "codigo": "QXLgmAY127",
            "total": 14,
            "valor_unitario": 413654,
            "descuento": 0.32,
            "IVA": 5
        },
        {
            "codigo": "R1h1AtDC87",
            "total": 17,
            "valor_unitario": 98795,
            "descuento": 0.06,
            "IVA": 19
        },
        {
            "codigo": "cA4CCKAcGD",
            "total": 4,
            "valor_unitario": 691184,
            "descuento": 0.32,
            "IVA": 19
        },
        {
            "codigo": "Fxl1Ju2rCf",
            "total": 4,
            "valor_unitario": 906704,
            "descuento": 0.25,
            "IVA": 19
        }
    ]
}