{
    "empresa_nit": "456789123",
    "empresa_ciudad": "BARRANQUILLA",
    "empresa_sede": "aeropuerto",
    "empresa_nombre": "Despensa Natura",
    "fecha_hora": "2021-01-25 08:29:11",
    "factura_num": "00182",
    "ciente_numero": 62495538,
    "pago_tipo": "EFECTIVO",
    "productos": [
        {
            "codigo": "nKiY2DDuEZ",
            "total": 18,
            "valor_unitario": 975054,
            "descuento": 0.37,
            "IVA": 5
        },
        {
            "codigo": "X2tWQPT4Mz",
            "total": 14,
            "valor_unitario": 440832,
            "descuento": 0.15,
            "IVA": 5
        },
        {
            "codigo": "YB0pvqLmiK",
            "total": 13,
            "valor_unitario": 603697,
            "descuento": 0.38,
            "IVA": 5
        },
        {
            "codigo": "LpqUYxJD0S",
            "total": 9,
            "valor_unitario": 328057,
            "descuento": 0.27,
            "IVA": 19
        }
    ]
}