{
    "empresa_nit": "456789123",
    "empresa_ciudad": "CALI",
    "empresa_sede": "plaza",
    "empresa_nombre": "Despensa Natura",
    "fecha_hora": "2021-05-20 18:08:08",
    "factura_num": "00153",
    "ciente_numero": 844117372,
    "pago_tipo": "TRANFERENCIA",
    "productos": [
        {
            "codigo": "xd8SBMx8x4",
            "total": 9,
            "valor_unitario": 249501,
            "descuento": 0.45,
            "IVA": 19
        },
        {
            "codigo": "YhIOHAo3Mx",
            "total": 11,
            "valor_unitario": 186928,
            "descuento": 0.15,
            "IVA": 19
        },
        {
            "codigo": "vS9s8ffuyE",
            "total": 16,
            "valor_unitario": 942607,
            "descuento": 0.22,
            "IVA": 19
        },
        {
            "codigo": "lgmIEcRlZU",
            "total": 2,
            "valor_unitario": 166832,
            "descuento": 0.18,
            "IVA": 5
        },
        {
            "codigo": "hHduljq9JD",
            "total": 14,
            "valor_unitario": 825743,
            "descuento": 0.34,
            "IVA": 5
        },
        {
            "codigo": "I9CXXqrDRV",
            "total": 1,
            "valor_unitario": 701736,
            "descuento": 0.25,
            "IVA": 0
        },
        {
            "codigo": "JGT0DiYyGI",
            "total": 11,
            "valor_unitario": 109210,
            "descuento": 0.32,
            "IVA": 19
        },
        {
            "codigo": "wzFq7ir3J0",
            "total": 1,
            "valor_unitario": 806136,
            "descuento": 0.06,
            "IVA": 0
        },
        {
            "codigo": "uBhMvTMUPX",
            "total": 20,
            "valor_unitario": 43404,
            "descuento": 0.14,
            "IVA": 19
        },
        {
            "codigo": "KLiozTTz1m",
            "total": 4,
            "valor_unitario": 235633,
            "descuento": 0.27,
            "IVA": 0
        },
        {
            "codigo": "z4AkKy8OOK",
            "total": 2,
            "valor_unitario": 90707,
            "descuento": 0.06,
            "IVA": 5
        },
        {
            "codigo": "eEN3sR7J6s",
            "total": 9,
            "valor_unitario": 437877,
            "descuento": 0.09,
            "IVA": 19
        },
        {
            "codigo": "fnTuUrsXVf",
            "total": 12,
            "valor_unitario": 275402,
            "descuento": 0.03,
            "IVA": 19
        }
    ]
}