{
    "empresa_nit": "456789123",
    "empresa_ciudad": "BARRANQUILLA",
    "empresa_sede": "alcaldia",
    "empresa_nombre": "Despensa Natura",
    "fecha_hora": "2022-02-11 21:30:27",
    "factura_num": "00329",
    "ciente_numero": 570003797,
    "pago_tipo": "TRANFERENCIA",
    "productos": [
        {
            "codigo": "TGlZ2mQeUQ",
            "total": 5,
            "valor_unitario": 23692,
            "descuento": 0.15,
            "IVA": 19
        },
        {
            "codigo": "pWLOCBZgTm",
            "total": 3,
            "valor_unitario": 970628,
            "descuento": 0.08,
            "IVA": 0
        },
        {
            "codigo": "fBPu0Y0GpY",
            "total": 7,
            "valor_unitario": 47025,
            "descuento": 0.28,
            "IVA": 5
        },
        {
            "codigo": "mncEEX5rE2",
            "total": 11,
            "valor_unitario": 871268,
            "descuento": 0.15,
            "IVA": 5
        },
        {
            "codigo": "S4r21N0x7X",
            "total": 6,
            "valor_unitario": 572764,
            "descuento": 0.09,
            "IVA": 0
        },
        {
            "codigo": "mobetQ1OEu",
            "total": 18,
            "valor_unitario": 368585,
            "descuento": 0.47,
            "IVA": 19
        },
        {
            "codigo": "c6vPgGBpp6",
            "total": 8,
            "valor_unitario": 254831,
            "descuento": 0.4,
            "IVA": 5
        },
        {
            "codigo": "D9JfpU6XLJ",
            "total": 16,
            "valor_unitario": 26119,
            "descuento": 0.19,
            "IVA": 19
        },
        {
            "codigo": "6zVpV1XKFl",
            "total": 18,
            "valor_unitario": 925077,
            "descuento": 0.14,
            "IVA": 0
        },
        {
            "codigo": "psaHybF9nb",
            "total": 2,
            "valor_unitario": 464723,
            "descuento": 0.08,
            "IVA": 0
        },
        {
            "codigo": "PxnwADr5k7",
            "total": 13,
            "valor_unitario": 942744,
            "descuento": 0.14,
            "IVA": 0
        },
        {
            "codigo": "CHxqZr9G17",
            "total": 12,
            "valor_unitario": 891667,
            "descuento": 0.45,
            "IVA": 5
        },
        {
            "codigo": "0KdIrxh0mO",
            "total": 3,
            "valor_unitario": 279781,
            "descuento": 0.2,
            "IVA": 19
        },
        {
            "codigo": "4OOB5BK7rX",
            "total": 2,
            "valor_unitario": 445545,
            "descuento": 0.33,
            "IVA": 0
        },
        {
            "codigo": "VfEEdIwPno",
            "total": 7,
            "valor_unitario": 894439,
            "descuento": 0.38,
            "IVA": 0
        },
        {
            "codigo": "xBELQaA4E5",
            "total": 2,
            "valor_unitario": 954713,
            "descuento": 0.46,
            "IVA": 0
        },
        {
            "codigo": "tDgxP1xGep",
            "total": 15,
            "valor_unitario": 192401,
            "descuento": 0.22,
            "IVA": 0
        },
        {
            "codigo": "E6HANKRjKC",
            "total": 6,
            "valor_unitario": 957256,
            "descuento": 0.13,
            "IVA": 19
        },
        {
            "codigo": "WSjciXjcpu",
            "total": 10,
            "valor_unitario": 633474,
            "descuento": 0.01,
            "IVA": 0
        }
    ]
}