{
    "empresa_nit": "456789123",
    "empresa_ciudad": "CALI",
    "empresa_sede": "centro",
    "empresa_nombre": "Despensa Natura",
    "fecha_hora": "2020-12-01 08:14:47",
    "factura_num": "00388",
    "ciente_numero": 307785424,
    "pago_tipo": "TAR.CREDITO",
    "productos": [
        {
            "codigo": "3vxzhfrGLN",
            "total": 10,
            "valor_unitario": 126741,
            "descuento": 0.02,
            "IVA": 19
        },
        {
            "codigo": "uDHxI2sYHD",
            "total": 11,
            "valor_unitario": 398452,
            "descuento": 0.06,
            "IVA": 0
        },
        {
            "codigo": "avcWjUp5j4",
            "total": 6,
            "valor_unitario": 463330,
            "descuento": 0.45,
            "IVA": 0
        }
    ]
}