{
    "empresa_nit": "456789123",
    "empresa_ciudad": "BARRANQUILLA",
    "empresa_sede": "centro",
    "empresa_nombre": "Despensa Natura",
    "fecha_hora": "2021-01-15 21:11:18",
    "factura_num": "00129",
    "ciente_numero": 763494504,
    "pago_tipo": "EFECTIVO",
    "productos": [
        {
            "codigo": "YKGJaYIA8w",
            "total": 6,
            "valor_unitario": 480701,
            "descuento": 0.12,
            "IVA": 5
        },
        {
            "codigo": "o1KSn5zdRF",
            "total": 20,
            "valor_unitario": 758786,
            "descuento": 0.24,
            "IVA": 5
        },
        {
            "codigo": "FBP3f6qEJv",
            "total": 17,
            "valor_unitario": 913797,
            "descuento": 0.3,
            "IVA": 5
        },
        {
            "codigo": "TYOUdpMXD4",
            "total": 16,
            "valor_unitario": 701277,
            "descuento": 0.27,
            "IVA": 19
        },
        {
            "codigo": "YAl1Mv2o3e",
            "total": 14,
            "valor_unitario": 139896,
            "descuento": 0.49,
            "IVA": 0
        },
        {
            "codigo": "pGPDYZM8E5",
            "total": 9,
            "valor_unitario": 454310,
            "descuento": 0.2,
            "IVA": 5
        },
        {
            "codigo": "gNeSGqQZna",
            "total": 18,
            "valor_unitario": 887640,
            "descuento": 0.25,
            "IVA": 5
        },
        {
            "codigo": "hsRKF3iqEm",
            "total": 19,
            "valor_unitario": 461316,
            "descuento": 0.07,
            "IVA": 19
        },
        {
            "codigo": "wB0hyHypg6",
            "total": 12,
            "valor_unitario": 675542,
            "descuento": 0.08,
            "IVA": 0
        },
        {
            "codigo": "M3DfXnI88Y",
            "total": 14,
            "valor_unitario": 237688,
            "descuento": 0.2,
            "IVA": 5
        },
        {
            "codigo": "8Cl3c6caDZ",
            "total": 17,
            "valor_unitario": 637005,
            "descuento": 0.19,
            "IVA": 5
        },
        {
            "codigo": "voa9UlzAJH",
            "total": 3,
            "valor_unitario": 726242,
            "descuento": 0.08,
            "IVA": 5
        },
        {
            "codigo": "0bAdJ7h2EZ",
            "total": 17,
            "valor_unitario": 333388,
            "descuento": 0.18,
            "IVA": 0
        }
    ]
}