{
    "empresa_nit": "456789123",
    "empresa_ciudad": "BARRANQUILLA",
    "empresa_sede": "centro",
    "empresa_nombre": "Despensa Natura",
    "fecha_hora": "2021-10-04 04:11:50",
    "factura_num": "00274",
    "ciente_numero": 363758816,
    "pago_tipo": "TRANFERENCIA",
    "productos": [
        {
            "codigo": "mWLIiw9tKL",
            "total": 14,
            "valor_unitario": 45607,
            "descuento": 0.22,
            "IVA": 5
        },
        {
            "codigo": "qJI2TSEWiR",
            "total": 5,
            "valor_unitario": 48650,
            "descuento": 0.12,
            "IVA": 5
        },
        {
            "codigo": "bFrZBCOyHX",
            "total": 11,
            "valor_unitario": 822375,
            "descuento": 0.36,
            "IVA": 19
        }
    ]
}