{
    "empresa_nit": "456789123",
    "empresa_ciudad": "BARRANQUILLA",
    "empresa_sede": "terminal",
    "empresa_nombre": "Despensa Natura",
    "fecha_hora": "2021-08-13 16:39:04",
    "factura_num": "00203",
    "ciente_numero": 290082274,
    "pago_tipo": "EFECTIVO",
    "productos": [
        {
            "codigo": "2Vq4eAxTFk",
            "total": 14,
            "valor_unitario": 751753,
            "descuento": 0.36,
            "IVA": 0
        },
        {
            "codigo": "smzAgHZrgW",
            "total": 11,
            "valor_unitario": 812348,
            "descuento": 0.21,
            "IVA": 19
        },
        {
            "codigo": "Zj9Oa9BSPk",
            "total": 15,
            "valor_unitario": 338684,
            "descuento": 0.43,
            "IVA": 19
        },
        {
            "codigo": "u6pN7kaPM8",
            "total": 11,
            "valor_unitario": 476389,
            "descuento": 0.46,
            "IVA": 5
        },
        {
            "codigo": "b0QmiMlCo6",
            "total": 3,
            "valor_unitario": 652334,
            "descuento": 0.22,
            "IVA": 0
        },
        {
            "codigo": "kggNGMhv8Z",
            "total": 9,
            "valor_unitario": 13034,
            "descuento": 0.06,
            "IVA": 0
        },
        {
            "codigo": "Lqk0E0xiMG",
            "total": 9,
            "valor_unitario": 276908,
            "descuento": 0.18,
            "IVA": 19
        },
        {
            "codigo": "Qu6d45dQOk",
            "total": 4,
            "valor_unitario": 635735,
            "descuento": 0.28,
            "IVA": 5
        },
        {
            "codigo": "ivJWkz8xap",
            "total": 13,
            "valor_unitario": 62645,
            "descuento": 0.36,
            "IVA": 0
        },
        {
            "codigo": "zb1vfB0qJQ",
            "total": 9,
            "valor_unitario": 25063,
            "descuento": 0.47,
            "IVA": 0
        }
    ]
}