{
    "empresa_nit": "456789123",
    "empresa_ciudad": "BOGOTA",
    "empresa_sede": "autopista",
    "empresa_nombre": "Despensa Natura",
    "fecha_hora": "2025-02-11 04:01:16",
    "factura_num": "01092",
    "ciente_numero": 218115056,
    "pago_tipo": "TAR.DEBITO",
    "productos": [
        {
            "codigo": "21iEuNddAP",
            "total": 20,
            "valor_unitario": 28657,
            "descuento": 0.2,
            "IVA": 5
        },
        {
            "codigo": "thnYhIuvdJ",
            "total": 17,
            "valor_unitario": 425071,
            "descuento": 0.09,
            "IVA": 0
        },
        {
            "codigo": "PxwL0WEnwa",
            "total": 12,
            "valor_unitario": 997761,
            "descuento": 0.26,
            "IVA": 19
        },
        {
            "codigo": "ISICfi8vfW",
            "total": 20,
            "valor_unitario": 221774,
            "descuento": 0.38,
            "IVA": 19
        },
        {
            "codigo": "fFc6DtJpbw",
            "total": 14,
            "valor_unitario": 607129,
            "descuento": 0.01,
            "IVA": 19
        },
        {
            "codigo": "ITqno1btbz",
            "total": 1,
            "valor_unitario": 631264,
            "descuento": 0.21,
            "IVA": 5
        },
        {
            "codigo": "AoDVPCkMQS",
            "total": 20,
            "valor_unitario": 346413,
            "descuento": 0.0,
            "IVA": 0
        },
        {
            "codigo": "yBKEuBYeTx",
            "total": 8,
            "valor_unitario": 435513,
            "descuento": 0.28,
            "IVA": 5
        },
        {
            "codigo": "tLwWjjmr4H",
            "total": 5,
            "valor_unitario": 695874,
            "descuento": 0.46,
            "IVA": 0
        }
    ]
}