{
    "empresa_nit": "456789123",
    "empresa_ciudad": "TUNJA",
    "empresa_sede": "alcaldia",
    "empresa_nombre": "Despensa Natura",
    "fecha_hora": "2025-01-13 10:00:09",
    "factura_num": "00398",
    "ciente_numero": 311880063,
    "pago_tipo": "EFECTIVO",
    "productos": [
        {
            "codigo": "qQQPsYXLmj",
            "total": 15,
            "valor_unitario": 151999,
            "descuento": 0.24,
            "IVA": 19
        },
        {
            "codigo": "7OzYNFUPXc",
            "total": 17,
            "valor_unitario": 243339,
            "descuento": 0.36,
            "IVA": 19
        },
        {
            "codigo": "GtXzVOefO1",
            "total": 11,
            "valor_unitario": 400920,
            "descuento": 0.25,
            "IVA": 0
        }
    ]
}