{
    "empresa_nit": "456789123",
    "empresa_ciudad": "BARRANQUILLA",
    "empresa_sede": "plaza",
    "empresa_nombre": "Despensa Natura",
    "fecha_hora": "2022-03-14 01:54:08",
    "factura_num": "01020",
    "ciente_numero": 981917022,
    "pago_tipo": "TAR.DEBITO",
    "productos": [
        {
            "codigo": "virhTXXwjQ",
            "total": 6,
            "valor_unitario": 479898,
            "descuento": 0.48,
            "IVA": 5
        },
        {
            "codigo": "w6wx4ucK9B",
            "total": 4,
            "valor_unitario": 939986,
            "descuento": 0.32,
            "IVA": 19
        },
        {
            "codigo": "YZdh8gd78e",
            "total": 17,
            "valor_unitario": 616730,
            "descuento": 0.28,
            "IVA": 19
        },
        {
            "codigo": "EGgHWNV4XG",
            "total": 16,
            "valor_unitario": 746358,
            "descuento": 0.26,
            "IVA": 19
        },
        {
            "codigo": "HASH49bhg8",
            "total": 5,
            "valor_unitario": 51643,
            "descuento": 0.07,
            "IVA": 5
        },
        {
            "codigo": "rBQ5M2gIw4",
            "total": 10,
            "valor_unitario": 493604,
            "descuento": 0.44,
            "IVA": 5
        },
        {
            "codigo": "BYQW7CYvHc",
            "total": 1,
            "valor_unitario": 449329,
            "descuento": 0.44,
            "IVA": 0
        },
        {
            "codigo": "HRUKxdTeXn",
            "total": 4,
            "valor_unitario": 507610,
            "descuento": 0.39,
            "IVA": 19
        }
    ]
}