{
    "empresa_nit": "456789123",
    "empresa_ciudad": "TUNJA",
    "empresa_sede": "aeropuerto",
    "empresa_nombre": "Despensa Natura",
    "fecha_hora": "2020-08-04 23:29:03",
    "factura_num": "00401",
    "ciente_numero": 74492305,
    "pago_tipo": "TAR.CREDITO",
    "productos": [
        {
            "codigo": "9Jrxw0XQaW",
            "total": 19,
            "valor_unitario": 794952,
            "descuento": 0.37,
            "IVA": 0
        },
        {
            "codigo": "iO9r6id5uv",
            "total": 5,
            "valor_unitario": 957329,
            "descuento": 0.44,
            "IVA": 19
        },
        {
            "codigo": "UmbGQ4Qu1s",
            "total": 1,
            "valor_unitario": 264065,
            "descuento": 0.23,
            "IVA": 5
        },
        {
            "codigo": "IPIClYvjf5",
            "total": 18,
            "valor_unitario": 607533,
            "descuento": 0.34,
            "IVA": 5
        },
        {
            "codigo": "eBWCFqGqDl",
            "total": 6,
            "valor_unitario": 398913,
            "descuento": 0.44,
            "IVA": 5
        },
        {
            "codigo": "xFtntWNkJL",
            "total": 6,
            "valor_unitario": 538212,
            "descuento": 0.25,
            "IVA": 0
        },
        {
            "codigo": "FWkO6tAXTd",
            "total": 4,
            "valor_unitario": 999604,
            "descuento": 0.3,
            "IVA": 19
        },
        {
            "codigo": "vXswv4iiyx",
            "total": 12,
            "valor_unitario": 680739,
            "descuento": 0.15,
            "IVA": 0
        },
        {
            "codigo": "4YcaCZT7o2",
            "total": 15,
            "valor_unitario": 492025,
            "descuento": 0.08,
            "IVA": 5
        },
        {
            "codigo": "Fb1WuiKGT4",
            "total": 6,
            "valor_unitario": 327971,
            "descuento": 0.04,
            "IVA": 5
        },
        {
            "codigo": "PLFJdI2JfR",
            "total": 16,
            "valor_unitario": 495657,
            "descuento": 0.11,
            "IVA": 5
        },
        {
            "codigo": "lo6XOxFuVw",
            "total": 9,
            "valor_unitario": 47761,
            "descuento": 0.16,
            "IVA": 0
        },
        {
            "codigo": "tSxG8wCs2l",
            "total": 2,
            "valor_unitario": 294404,
            "descuento": 0.03,
            "IVA": 19
        },
        {
            "codigo": "KRg2UPiFBW",
            "total": 7,
            "valor_unitario": 458911,
            "descuento": 0.31,
            "IVA": 5
        },
        {
            "codigo": "p4KzoVVIdE",
            "total": 8,
            "valor_unitario": 554239,
            "descuento": 0.19,
            "IVA": 5
        },
        {
            "codigo": "DVRGlqxfqu",
            "total": 14,
            "valor_unitario": 971996,
            "descuento": 0.32,
            "IVA": 5
        },
        {
            "codigo": "QIpFH1lIfe",
            "total": 6,
            "valor_unitario": 34185,
            "descuento": 0.01,
            "IVA": 19
        },
        {
            "codigo": "Qi2AhlGUdv",
            "total": 7,
            "valor_unitario": 664358,
            "descuento": 0.3,
            "IVA": 0
        }
    ]
}