{
    "empresa_nit": "456789123",
    "empresa_ciudad": "BOGOTA",
    "empresa_sede": "aeropuerto",
    "empresa_nombre": "Despensa Natura",
    "fecha_hora": "2020-12-09 18:09:43",
    "factura_num": "00304",
    "ciente_numero": 618191560,
    "pago_tipo": "EFECTIVO",
    "productos": [
        {
            "codigo": "2az453SA66",
            "total": 19,
            "valor_unitario": 517262,
            "descuento": 0.06,
            "IVA": 0
        },
        {
            "codigo": "QfhaC6uTKu",
            "total": 10,
            "valor_unitario": 126751,
            "descuento": 0.25,
            "IVA": 5
        },
        {
            "codigo": "SROZQuOuNu",
            "total": 8,
            "valor_unitario": 929850,
            "descuento": 0.21,
            "IVA": 5
        },
        {
            "codigo": "mxiMnXBDE2",
            "total": 17,
            "valor_unitario": 693007,
            "descuento": 0.39,
            "IVA": 0
        },
        {
            "codigo": "7Tdu6A3EXv",
            "total": 2,
            "valor_unitario": 236622,
            "descuento": 0.22,
            "IVA": 0
        },
        {
            "codigo": "8ozULSslPA",
            "total": 4,
            "valor_unitario": 898360,
            "descuento": 0.5,
            "IVA": 19
        },
        {
            "codigo": "mDzY1iWc1W",
            "total": 5,
            "valor_unitario": 338945,
            "descuento": 0.43,
            "IVA": 0
        },
        {
            "codigo": "I3Ju9uG84W",
            "total": 5,
            "valor_unitario": 394797,
            "descuento": 0.25,
            "IVA": 5
        }
    ]
}