{
    "empresa_nit": "456789123",
    "empresa_ciudad": "BARRANQUILLA",
    "empresa_sede": "autopista",
    "empresa_nombre": "Despensa Natura",
    "fecha_hora": "2024-10-28 03:45:44",
    "factura_num": "00101",
    "ciente_numero": 268400012,
    "pago_tipo": "TAR.DEBITO",
    "productos": [
        {
            "codigo": "VW6YKARnvX",
            "total": 16,
            "valor_unitario": 962690,
            "descuento": 0.41,
            "IVA": 5
        },
        {
            "codigo": "VD30Xuab8E",
            "total": 4,
            "valor_unitario": 886933,
            "descuento": 0.22,
            "IVA": 0
        },
        {
            "codigo": "PteH2TnYJM",
            "total": 9,
            "valor_unitario": 139478,
            "descuento": 0.08,
            "IVA": 5
        },
        {
            "codigo": "xoDFoVJiZB",
            "total": 11,
            "valor_unitario": 771003,
            "descuento": 0.31,
            "IVA": 5
        },
        {
            "codigo": "Ia8wjbnkrU",
            "total": 7,
            "valor_unitario": 805298,
            "descuento": 0.19,
            "IVA": 19
        },
        {
            "codigo": "DG6LBM4rea",
            "total": 12,
            "valor_unitario": 35182,
            "descuento": 0.25,
            "IVA": 0
        },
        {
            "codigo": "X5t1PWTc1a",
            "total": 4,
            "valor_unitario": 762696,
            "descuento": 0.48,
            "IVA": 19
        },
        {
            "codigo": "fwKZ24ibY9",
            "total": 12,
            "valor_unitario": 720496,
            "descuento": 0.38,
            "IVA": 0
        },
        {
            "codigo": "00XdIeAC0d",
            "total": 4,
            "valor_unitario": 776628,
            "descuento": 0.19,
            "IVA": 5
        },
        {
            "codigo": "jQufBqLTq5",
            "total": 15,
            "valor_unitario": 117686,
            "descuento": 0.42,
            "IVA": 0
        },
        {
            "codigo": "jlGm7jJG7x",
            "total": 13,
            "valor_unitario": 961220,
            "descuento": 0.26,
            "IVA": 5
        },
        {
            "codigo": "74uugCprpY",
            "total": 6,
            "valor_unitario": 73796,
            "descuento": 0.23,
            "IVA": 5
        },
        {
            "codigo": "RbGq9qJMi5",
            "total": 7,
            "valor_unitario": 353535,
            "descuento": 0.35,
            "IVA": 5
        },
        {
            "codigo": "A8i1hjX6iL",
            "total": 11,
            "valor_unitario": 897396,
            "descuento": 0.33,
            "IVA": 5
        },
        {
            "codigo": "3kRYZmuE42",
            "total": 20,
            "valor_unitario": 464164,
            "descuento": 0.1,
            "IVA": 5
        },
        {
            "codigo": "rrkyIGtMxG",
            "total": 7,
            "valor_unitario": 568379,
            "descuento": 0.04,
            "IVA": 5
        },
        {
            "codigo": "RR45VnsPUO",
            "total": 1,
            "valor_unitario": 386167,
            "descuento": 0.05,
            "IVA": 19
        },
        {
            "codigo": "jTZyXhTaOZ",
            "total": 14,
            "valor_unitario": 713220,
            "descuento": 0.43,
            "IVA": 19
        }
    ]
}