{
    "empresa_nit": "456789123",
    "empresa_ciudad": "BOGOTA",
    "empresa_sede": "aeropuerto",
    "empresa_nombre": "Despensa Natura",
    "fecha_hora": "2023-01-16 01:47:55",
    "factura_num": "00164",
    "ciente_numero": 976882962,
    "pago_tipo": "EFECTIVO",
    "productos": [
        {
            "codigo": "xszeFCvU89",
            "total": 11,
            "valor_unitario": 104094,
            "descuento": 0.09,
            "IVA": 0
        },
        {
            "codigo": "sYTMyNXXmM",
            "total": 2,
            "valor_unitario": 276801,
            "descuento": 0.49,
            "IVA": 19
        },
        {
            "codigo": "WZ08MemdBD",
            "total": 2,
            "valor_unitario": 376156,
            "descuento": 0.21,
            "IVA": 19
        },
        {
            "codigo": "xKGB5iU3ba",
            "total": 20,
            "valor_unitario": 919470,
            "descuento": 0.31,
            "IVA": 19
        },
        {
            "codigo": "UMRTVv5QH8",
            "total": 6,
            "valor_unitario": 451321,
            "descuento": 0.02,
            "IVA": 19
        },
        {
            "codigo": "esPFiuUvCM",
            "total": 14,
            "valor_unitario": 717276,
            "descuento": 0.11,
            "IVA": 5
        },
        {
            "codigo": "MYcXtJvDys",
            "total": 9,
            "valor_unitario": 388250,
            "descuento": 0.12,
            "IVA": 0
        },
        {
            "codigo": "M9Hbu8Wx2R",
            "total": 3,
            "valor_unitario": 108349,
            "descuento": 0.0,
            "IVA": 19
        },
        {
            "codigo": "eJMjK6xthe",
            "total": 19,
            "valor_unitario": 415108,
            "descuento": 0.36,
            "IVA": 5
        },
        {
            "codigo": "PQyQiE6n4i",
            "total": 19,
            "valor_unitario": 434536,
            "descuento": 0.09,
            "IVA": 19
        },
        {
            "codigo": "EjGb4fQq4g",
            "total": 3,
            "valor_unitario": 721661,
            "descuento": 0.39,
            "IVA": 5
        },
        {
            "codigo": "mPbEPIWBbl",
            "total": 1,
            "valor_unitario": 811027,
            "descuento": 0.15,
            "IVA": 0
        },
        {
            "codigo": "Yzd62F3OzS",
            "total": 4,
            "valor_unitario": 664507,
            "descuento": 0.18,
            "IVA": 19
        }
    ]
}