{
    "empresa_nit": "456789123",
    "empresa_ciudad": "CALI",
    "empresa_sede": "alcaldia",
    "empresa_nombre": "Despensa Natura",
    "fecha_hora": "2023-12-29 21:55:29",
    "factura_num": "00410",
    "ciente_numero": 474780006,
    "pago_tipo": "TAR.DEBITO",
    "productos": [
        {
            "codigo": "4nDXpfqdrE",
            "total": 2,
            "valor_unitario": 474043,
            "descuento": 0.41,
            "IVA": 5
        },
        {
            "codigo": "uj6JtMW3fi",
            "total": 4,
            "valor_unitario": 219756,
            "descuento": 0.28,
            "IVA": 5
        },
        {
            "codigo": "BH1lmuRpnh",
            "total": 1,
            "valor_unitario": 195320,
            "descuento": 0.37,
            "IVA": 19
        },
        {
            "codigo": "2C89hNw4Sz",
            "total": 6,
            "valor_unitario": 634767,
            "descuento": 0.45,
            "IVA": 0
        },
        {
            "codigo": "QvnhWffk9e",
            "total": 10,
            "valor_unitario": 264165,
            "descuento": 0.33,
            "IVA": 0
        },
        {
            "codigo": "Tap2mCyjN6",
            "total": 9,
            "valor_unitario": 227197,
            "descuento": 0.03,
            "IVA": 5
        },
        {
            "codigo": "DBlQNzCuDV",
            "total": 14,
            "valor_unitario": 908261,
            "descuento": 0.48,
            "IVA": 5
        },
        {
            "codigo": "gjVDAhu1Q3",
            "total": 19,
            "valor_unitario": 535215,
            "descuento": 0.0,
            "IVA": 0
        },
        {
            "codigo": "VHdWjnJv5Z",
            "total": 3,
            "valor_unitario": 384237,
            "descuento": 0.18,
            "IVA": 5
        },
        {
            "codigo": "cUmrpLLncQ",
            "total": 12,
            "valor_unitario": 861887,
            "descuento": 0.1,
            "IVA": 5
        },
        {
            "codigo": "MURiwsSzcz",
            "total": 8,
            "valor_unitario": 467108,
            "descuento": 0.48,
            "IVA": 0
        },
        {
            "codigo": "09ZTfKnIyv",
            "total": 15,
            "valor_unitario": 426526,
            "descuento": 0.18,
            "IVA": 0
        }
    ]
}