{
    "empresa_nit": "456789123",
    "empresa_ciudad": "MEDELLIN",
    "empresa_sede": "aeropuerto",
    "empresa_nombre": "Despensa Natura",
    "fecha_hora": "2020-05-08 10:37:53",
    "factura_num": "01080",
    "ciente_numero": 950067504,
    "pago_tipo": "TAR.DEBITO",
    "productos": [
        {
            "codigo": "9b84OTHAJ1",
            "total": 10,
            "valor_unitario": 546089,
            "descuento": 0.02,
            "IVA": 0
        },
        {
            "codigo": "8PK94eryzW",
            "total": 6,
            "valor_unitario": 128153,
            "descuento": 0.49,
            "IVA": 5
        },
        {
            "codigo": "QTtQEAbj2S",
            "total": 11,
            "valor_unitario": 724127,
            "descuento": 0.31,
            "IVA": 0
        },
        {
            "codigo": "YENASukkWd",
            "total": 12,
            "valor_unitario": 80563,
            "descuento": 0.39,
            "IVA": 19
        },
        {
            "codigo": "2tpXD9Dtjn",
            "total": 14,
            "valor_unitario": 132398,
            "descuento": 0.16,
            "IVA": 19
        },
        {
            "codigo": "u9m7Kdr9Be",
            "total": 3,
            "valor_unitario": 666467,
            "descuento": 0.12,
            "IVA": 0
        }
    ]
}