{
    "empresa_nit": "456789123",
    "empresa_ciudad": "BOGOTA",
    "empresa_sede": "centro",
    "empresa_nombre": "Despensa Natura",
    "fecha_hora": "2022-04-17 06:01:48",
    "factura_num": "00125",
    "ciente_numero": 719153439,
    "pago_tipo": "TRANFERENCIA",
    "productos": [
        {
            "codigo": "fstf8g5g1I",
            "total": 11,
            "valor_unitario": 901921,
            "descuento": 0.1,
            "IVA": 0
        },
        {
            "codigo": "Tv37JuJgb3",
            "total": 20,
            "valor_unitario": 891481,
            "descuento": 0.41,
            "IVA": 0
        },
        {
            "codigo": "doABCZmZ80",
            "total": 4,
            "valor_unitario": 185286,
            "descuento": 0.19,
            "IVA": 0
        },
        {
            "codigo": "T2ZQ2WAm2x",
            "total": 6,
            "valor_unitario": 18802,
            "descuento": 0.26,
            "IVA": 5
        },
        {
            "codigo": "g8etDH1UQP",
            "total": 19,
            "valor_unitario": 966248,
            "descuento": 0.37,
            "IVA": 19
        },
        {
            "codigo": "a8ygiRtzAy",
            "total": 14,
            "valor_unitario": 116672,
            "descuento": 0.06,
            "IVA": 19
        },
        {
            "codigo": "8WQ9ABt2jR",
            "total": 12,
            "valor_unitario": 177982,
            "descuento": 0.13,
            "IVA": 5
        },
        {
            "codigo": "fxlooNF9t0",
            "total": 12,
            "valor_unitario": 629016,
            "descuento": 0.48,
            "IVA": 19
        },
        {
            "codigo": "h551BdkgIs",
            "total": 4,
            "valor_unitario": 107643,
            "descuento": 0.18,
            "IVA": 19
        },
        {
            "codigo": "IjZvRzRvcU",
            "total": 8,
            "valor_unitario": 95276,
            "descuento": 0.11,
            "IVA": 19
        },
        {
            "codigo": "PcfdYlTM05",
            "total": 6,
            "valor_unitario": 253490,
            "descuento": 0.37,
            "IVA": 5
        },
        {
            "codigo": "BPrl98quGO",
            "total": 8,
            "valor_unitario": 333777,
            "descuento": 0.03,
            "IVA": 5
        },
        {
            "codigo": "pRC5o2baas",
            "total": 14,
            "valor_unitario": 468085,
            "descuento": 0.44,
            "IVA": 19
        },
        {
            "codigo": "swmJ6RjYst",
            "total": 8,
            "valor_unitario": 516704,
            "descuento": 0.49,
            "IVA": 19
        },
        {
            "codigo": "rLajhq2Oc0",
            "total": 4,
            "valor_unitario": 245193,
            "descuento": 0.25,
            "IVA": 19
        }
    ]
}