{
    "empresa_nit": "456789123",
    "empresa_ciudad": "MEDELLIN",
    "empresa_sede": "plaza",
    "empresa_nombre": "Despensa Natura",
    "fecha_hora": "2023-11-12 16:46:35",
    "factura_num": "00199",
    "ciente_numero": 450610037,
    "pago_tipo": "EFECTIVO",
    "productos": [
        {
            "codigo": "m7bdXJHZ9P",
            "total": 16,
            "valor_unitario": 809780,
            "descuento": 0.23,
            "IVA": 19
        },
        {
            "codigo": "msAF3UE0Ld",
            "total": 1,
            "valor_unitario": 419492,
            "descuento": 0.36,
            "IVA": 19
        },
        {
            "codigo": "1JpZaYgIac",
            "total": 14,
            "valor_unitario": 449268,
            "descuento": 0.11,
            "IVA": 5
        },
        {
            "codigo": "8ABwCJD1VZ",
            "total": 2,
            "valor_unitario": 968604,
            "descuento": 0.37,
            "IVA": 19
        },
        {
            "codigo": "wGBAEtPHDG",
            "total": 10,
            "valor_unitario": 478588,
            "descuento": 0.04,
            "IVA": 5
        },
        {
            "codigo": "9MZUvhxXdA",
            "total": 15,
            "valor_unitario": 630195,
            "descuento": 0.39,
            "IVA": 0
        },
        {
            "codigo": "oTl15OVyb9",
            "total": 13,
            "valor_unitario": 218291,
            "descuento": 0.36,
            "IVA": 19
        },
        {
            "codigo": "3I91LrBBOS",
            "total": 14,
            "valor_unitario": 374698,
            "descuento": 0.16,
            "IVA": 0
        }
    ]
}