{
    "empresa_nit": "456789123",
    "empresa_ciudad": "BARRANQUILLA",
    "empresa_sede": "plaza",
    "empresa_nombre": "Despensa Natura",
    "fecha_hora": "2022-07-22 22:38:41",
    "factura_num": "00355",
    "ciente_numero": 977370522,
    "pago_tipo": "TAR.CREDITO",
    "productos": [
        {
            "codigo": "qC7ypaaH09",
            "total": 14,
            "valor_unitario": 715152,
            "descuento": 0.01,
            "IVA": 0
        },
        {
            "codigo": "LCd0Apan3v",
            "total": 18,
            "valor_unitario": 553924,
            "descuento": 0.07,
            "IVA": 5
        },
        {
            "codigo": "5NGPttP4I5",
            "total": 4,
            "valor_unitario": 967500,
            "descuento": 0.27,
            "IVA": 19
        },
        {
            "codigo": "2Wpz2Iuhwt",
            "total": 12,
            "valor_unitario": 77511,
            "descuento": 0.43,
            "IVA": 0
        },
        {
            "codigo": "8NnWcI4hjv",
            "total": 6,
            "valor_unitario": 614725,
            "descuento": 0.31,
            "IVA": 19
        },
        {
            "codigo": "FsGRAoiTDr",
            "total": 4,
            "valor_unitario": 362372,
            "descuento": 0.11,
            "IVA": 0
        },
        {
            "codigo": "pTTGcf2e4M",
            "total": 7,
            "valor_unitario": 396985,
            "descuento": 0.04,
            "IVA": 5
        },
        {
            "codigo": "uV9zpG8idA",
            "total": 5,
            "valor_unitario": 669677,
            "descuento": 0.33,
            "IVA": 0
        },
        {
            "codigo": "DNrLNSzx46",
            "total": 10,
            "valor_unitario": 266649,
            "descuento": 0.18,
            "IVA": 5
        },
        {
            "codigo": "1VPyBSac8S",
            "total": 4,
            "valor_unitario": 961039,
            "descuento": 0.06,
            "IVA": 19
        },
        {
            "codigo": "BDJv0hrUQw",
            "total": 1,
            "valor_unitario": 180987,
            "descuento": 0.26,
            "IVA": 5
        },
        {
            "codigo": "5RFhfZxhaf",
            "total": 1,
            "valor_unitario": 6418,
            "descuento": 0.49,
            "IVA": 5
        },
        {
            "codigo": "Xblq7qeC7Y",
            "total": 19,
            "valor_unitario": 987495,
            "descuento": 0.47,
            "IVA": 19
        },
        {
            "codigo": "zeslK8Lx8F",
            "total": 5,
            "valor_unitario": 513488,
            "descuento": 0.18,
            "IVA": 0
        },
        {
            "codigo": "jEppQeYtsr",
            "total": 7,
            "valor_unitario": 381585,
            "descuento": 0.25,
            "IVA": 19
        },
        {
            "codigo": "fIWynMfZuZ",
            "total": 12,
            "valor_unitario": 120471,
            "descuento": 0.15,
            "IVA": 0
        }
    ]
}