{
    "empresa_nit": "456789123",
    "empresa_ciudad": "MEDELLIN",
    "empresa_sede": "aeropuerto",
    "empresa_nombre": "Despensa Natura",
    "fecha_hora": "2020-10-28 09:46:41",
    "factura_num": "00308",
    "ciente_numero": 898075617,
    "pago_tipo": "TAR.DEBITO",
    "productos": [
        {
            "codigo": "QVTY2MMAs4",
            "total": 9,
            "valor_unitario": 16056,
            "descuento": 0.4,
            "IVA": 5
        },
        {
            "codigo": "4D3c8jBySc",
            "total": 10,
            "valor_unitario": 824508,
            "descuento": 0.29,
            "IVA": 19
        },
        {
            "codigo": "IQUQAfbsCV",
            "total": 12,
            "valor_unitario": 495696,
            "descuento": 0.3,
            "IVA": 5
        },
        {
            "codigo": "orK4TWNU3p",
            "total": 15,
            "valor_unitario": 76207,
            "descuento": 0.42,
            "IVA": 0
        },
        {
            "codigo": "UB0TAcvUt3",
            "total": 14,
            "valor_unitario": 411250,
            "descuento": 0.02,
            "IVA": 19
        },
        {
            "codigo": "No2IfX7I4f",
            "total": 14,
            "valor_unitario": 592014,
            "descuento": 0.47,
            "IVA": 19
        },
        {
            "codigo": "RiCWse1C65",
            "total": 2,
            "valor_unitario": 155923,
            "descuento": 0.16,
            "IVA": 19
        },
        {
            "codigo": "z4JJ6TObsd",
            "total": 15,
            "valor_unitario": 688130,
            "descuento": 0.31,
            "IVA": 19
        },
        {
            "codigo": "MT0spVzJ4B",
            "total": 19,
            "valor_unitario": 756121,
            "descuento": 0.14,
            "IVA": 0
        },
        {
            "codigo": "pcIGnjQbTc",
            "total": 9,
            "valor_unitario": 847169,
            "descuento": 0.47,
            "IVA": 19
        },
        {
            "codigo": "fVlPQLSE9d",
            "total": 1,
            "valor_unitario": 953675,
            "descuento": 0.12,
            "IVA": 19
        }
    ]
}