{
    "empresa_nit": "456789123",
    "empresa_ciudad": "TUNJA",
    "empresa_sede": "alcaldia",
    "empresa_nombre": "Despensa Natura",
    "fecha_hora": "2024-10-22 23:12:10",
    "factura_num": "01117",
    "ciente_numero": 49836043,
    "pago_tipo": "TRANFERENCIA",
    "productos": [
        {
            "codigo": "pqXuEagofy",
            "total": 14,
            "valor_unitario": 489983,
            "descuento": 0.47,
            "IVA": 0
        },
        {
            "codigo": "tMWQgK8ihw",
            "total": 18,
            "valor_unitario": 489542,
            "descuento": 0.34,
            "IVA": 0
        },
        {
            "codigo": "3cV7IGaGYS",
            "total": 8,
            "valor_unitario": 901214,
            "descuento": 0.27,
            "IVA": 5
        },
        {
            "codigo": "0k0fVTCthB",
            "total": 8,
            "valor_unitario": 797411,
            "descuento": 0.02,
            "IVA": 5
        },
        {
            "codigo": "w5fBPVOEPJ",
            "total": 13,
            "valor_unitario": 205237,
            "descuento": 0.46,
            "IVA": 19
        },
        {
            "codigo": "EQgkpUGgu7",
            "total": 18,
            "valor_unitario": 989456,
            "descuento": 0.19,
            "IVA": 5
        },
        {
            "codigo": "WKUOVBSSTZ",
            "total": 11,
            "valor_unitario": 590449,
            "descuento": 0.5,
            "IVA": 0
        },
        {
            "codigo": "GI5KZu7EZz",
            "total": 19,
            "valor_unitario": 451695,
            "descuento": 0.44,
            "IVA": 0
        },
        {
            "codigo": "BoWJrOG1Qi",
            "total": 15,
            "valor_unitario": 324501,
            "descuento": 0.1,
            "IVA": 0
        }
    ]
}