{
    "empresa_nit": "456789123",
    "empresa_ciudad": "CALI",
    "empresa_sede": "plaza",
    "empresa_nombre": "Despensa Natura",
    "fecha_hora": "2024-01-28 05:05:58",
    "factura_num": "00382",
    "ciente_numero": 629381841,
    "pago_tipo": "TAR.CREDITO",
    "productos": [
        {
            "codigo": "claiXn2yNd",
            "total": 18,
            "valor_unitario": 517396,
            "descuento": 0.16,
            "IVA": 19
        },
        {
            "codigo": "WYeMukoa5k",
            "total": 9,
            "valor_unitario": 783136,
            "descuento": 0.29,
            "IVA": 19
        },
        {
            "codigo": "gHHPDZLbws",
            "total": 7,
            "valor_unitario": 244914,
            "descuento": 0.35,
            "IVA": 19
        },
        {
            "codigo": "K4WRSQ0gAI",
            "total": 9,
            "valor_unitario": 777362,
            "descuento": 0.46,
            "IVA": 5
        },
        {
            "codigo": "i2u7eRMWCr",
            "total": 11,
            "valor_unitario": 689569,
            "descuento": 0.25,
            "IVA": 19
        },
        {
            "codigo": "v2Brblxu3E",
            "total": 15,
            "valor_unitario": 113174,
            "descuento": 0.11,
            "IVA": 0
        },
        {
            "codigo": "phmPBaIeiX",
            "total": 8,
            "valor_unitario": 312709,
            "descuento": 0.11,
            "IVA": 19
        },
        {
            "codigo": "PkCdzCfKB5",
            "total": 11,
            "valor_unitario": 895377,
            "descuento": 0.47,
            "IVA": 19
        },
        {
            "codigo": "QwYAiqn3gM",
            "total": 12,
            "valor_unitario": 308651,
            "descuento": 0.05,
            "IVA": 5
        },
        {
            "codigo": "3oXT4R7gKX",
            "total": 7,
            "valor_unitario": 937352,
            "descuento": 0.06,
            "IVA": 19
        },
        {
            "codigo": "lnrpFYfZXv",
            "total": 1,
            "valor_unitario": 480327,
            "descuento": 0.26,
            "IVA": 19
        },
        {
            "codigo": "nZ2oYwp6jA",
            "total": 13,
            "valor_unitario": 204629,
            "descuento": 0.06,
            "IVA": 19
        },
        {
            "codigo": "acilDTz0Xe",
            "total": 12,
            "valor_unitario": 51098,
            "descuento": 0.32,
            "IVA": 19
        },
        {
            "codigo": "b7UjlYkGOg",
            "total": 15,
            "valor_unitario": 209045,
            "descuento": 0.45,
            "IVA": 19
        }
    ]
}