{
    "empresa_nit": "456789123",
    "empresa_ciudad": "MEDELLIN",
    "empresa_sede": "alcaldia",
    "empresa_nombre": "Despensa Natura",
    "fecha_hora": "2020-10-24 08:35:22",
    "factura_num": "01125",
    "ciente_numero": 7416794,
    "pago_tipo": "TAR.CREDITO",
    "productos": [
        {
            "codigo": "bQlObhDEPv",
            "total": 5,
            "valor_unitario": 257519,
            "descuento": 0.34,
            "IVA": 19
        },
        {
            "codigo": "PHzSN3ZfiW",
            "total": 3,
            "valor_unitario": 998135,
            "descuento": 0.17,
            "IVA": 0
        },
        {
            "codigo": "xq3SaqZuM9",
            "total": 10,
            "valor_unitario": 928687,
            "descuento": 0.25,
            "IVA": 0
        },
        {
            "codigo": "86vXVInG3s",
            "total": 15,
            "valor_unitario": 342999,
            "descuento": 0.28,
            "IVA": 0
        },
        {
            "codigo": "Oa4uWIw2lz",
            "total": 1,
            "valor_unitario": 703747,
            "descuento": 0.28,
            "IVA": 0
        },
        {
            "codigo": "YFoBtTuDmH",
            "total": 20,
            "valor_unitario": 776382,
            "descuento": 0.05,
            "IVA": 0
        },
        {
            "codigo": "feJTpn0ah7",
            "total": 7,
            "valor_unitario": 194891,
            "descuento": 0.15,
            "IVA": 5
        },
        {
            "codigo": "mVjPAhC4i9",
            "total": 8,
            "valor_unitario": 187168,
            "descuento": 0.21,
            "IVA": 5
        },
        {
            "codigo": "ufmWWrTXHF",
            "total": 14,
            "valor_unitario": 691613,
            "descuento": 0.45,
            "IVA": 0
        },
        {
            "codigo": "7TwJL9y3Se",
            "total": 20,
            "valor_unitario": 22007,
            "descuento": 0.07,
            "IVA": 5
        },
        {
            "codigo": "FHaSMW6NXL",
            "total": 4,
            "valor_unitario": 111195,
            "descuento": 0.06,
            "IVA": 0
        },
        {
            "codigo": "gAvXJjT8Ko",
            "total": 11,
            "valor_unitario": 608733,
            "descuento": 0.09,
            "IVA": 19
        }
    ]
}