{
    "empresa_nit": "456789123",
    "empresa_ciudad": "MEDELLIN",
    "empresa_sede": "autopista",
    "empresa_nombre": "Despensa Natura",
    "fecha_hora": "2021-08-06 00:44:23",
    "factura_num": "00213",
    "ciente_numero": 902210963,
    "pago_tipo": "TRANFERENCIA",
    "productos": [
        {
            "codigo": "nnIiOa4HO1",
            "total": 6,
            "valor_unitario": 669778,
            "descuento": 0.16,
            "IVA": 0
        },
        {
            "codigo": "6Dox0QxT83",
            "total": 18,
            "valor_unitario": 207326,
            "descuento": 0.42,
            "IVA": 0
        },
        {
            "codigo": "58XI1H1aWl",
            "total": 14,
            "valor_unitario": 27026,
            "descuento": 0.25,
            "IVA": 19
        },
        {
            "codigo": "3XSB3a0iNt",
            "total": 6,
            "valor_unitario": 441548,
            "descuento": 0.19,
            "IVA": 5
        },
        {
            "codigo": "eAh0tjE5iO",
            "total": 20,
            "valor_unitario": 145667,
            "descuento": 0.16,
            "IVA": 0
        },
        {
            "codigo": "RS6tNhNT32",
            "total": 3,
            "valor_unitario": 679402,
            "descuento": 0.18,
            "IVA": 19
        },
        {
            "codigo": "CvvusSjWrh",
            "total": 10,
            "valor_unitario": 225952,
            "descuento": 0.24,
            "IVA": 5
        }
    ]
}