{
    "empresa_nit": "456789123",
    "empresa_ciudad": "CALI",
    "empresa_sede": "alcaldia",
    "empresa_nombre": "Despensa Natura",
    "fecha_hora": "2024-06-15 23:39:27",
    "factura_num": "00155",
    "ciente_numero": 870934803,
    "pago_tipo": "TRANFERENCIA",
    "productos": [
        {
            "codigo": "atOMzPLBim",
            "total": 11,
            "valor_unitario": 61281,
            "descuento": 0.0,
            "IVA": 5
        },
        {
            "codigo": "4SU2iQDDA2",
            "total": 10,
            "valor_unitario": 334425,
            "descuento": 0.16,
            "IVA": 0
        },
        {
            "codigo": "nu1WxPkBo1",
            "total": 3,
            "valor_unitario": 491814,
            "descuento": 0.05,
            "IVA": 19
        },
        {
            "codigo": "Moxz3l4a8B",
            "total": 19,
            "valor_unitario": 361772,
            "descuento": 0.21,
            "IVA": 19
        },
        {
            "codigo": "sflklrDxSf",
            "total": 10,
            "valor_unitario": 793860,
            "descuento": 0.43,
            "IVA": 5
        },
        {
            "codigo": "G9JMjt8nWA",
            "total": 6,
            "valor_unitario": 100722,
            "descuento": 0.4,
            "IVA": 0
        },
        {
            "codigo": "GSdRWLwSRn",
            "total": 20,
            "valor_unitario": 291440,
            "descuento": 0.42,
            "IVA": 0
        },
        {
            "codigo": "KcXpDYIvqL",
            "total": 9,
            "valor_unitario": 992219,
            "descuento": 0.44,
            "IVA": 0
        },
        {
            "codigo": "7mvEapAZAq",
            "total": 15,
            "valor_unitario": 869249,
            "descuento": 0.27,
            "IVA": 0
        },
        {
            "codigo": "FMalvmwKzz",
            "total": 13,
            "valor_unitario": 550023,
            "descuento": 0.28,
            "IVA": 19
        },
        {
            "codigo": "uoJxb4wD98",
            "total": 7,
            "valor_unitario": 898573,
            "descuento": 0.08,
            "IVA": 5
        },
        {
            "codigo": "B0jaIIzHAo",
            "total": 1,
            "valor_unitario": 871423,
            "descuento": 0.23,
            "IVA": 0
        },
        {
            "codigo": "KWD0sG2Hmd",
            "total": 17,
            "valor_unitario": 900549,
            "descuento": 0.46,
            "IVA": 5
        },
        {
            "codigo": "7XFXlAdeAe",
            "total": 7,
            "valor_unitario": 435468,
            "descuento": 0.02,
            "IVA": 19
        },
        {
            "codigo": "sJgIibUHYY",
            "total": 14,
            "valor_unitario": 85116,
            "descuento": 0.04,
            "IVA": 0
        },
        {
            "codigo": "hBPCm6VPYX",
            "total": 6,
            "valor_unitario": 115736,
            "descuento": 0.01,
            "IVA": 5
        },
        {
            "codigo": "PGQwCM7Yms",
            "total": 11,
            "valor_unitario": 716526,
            "descuento": 0.09,
            "IVA": 0
        },
        {
            "codigo": "WH8Jq1gmKY",
            "total": 6,
            "valor_unitario": 788933,
            "descuento": 0.44,
            "IVA": 5
        },
        {
            "codigo": "uKFIjRffKi",
            "total": 2,
            "valor_unitario": 867443,
            "descuento": 0.05,
            "IVA": 5
        }
    ]
}