{
    "empresa_nit": "456789123",
    "empresa_ciudad": "CALI",
    "empresa_sede": "plaza",
    "empresa_nombre": "Despensa Natura",
    "fecha_hora": "2023-08-16 17:27:55",
    "factura_num": "00321",
    "ciente_numero": 88492773,
    "pago_tipo": "TAR.CREDITO",
    "productos": [
        {
            "codigo": "2WljUax1z8",
            "total": 17,
            "valor_unitario": 48245,
            "descuento": 0.33,
            "IVA": 19
        },
        {
            "codigo": "oJYBNfxnFm",
            "total": 15,
            "valor_unitario": 718222,
            "descuento": 0.21,
            "IVA": 5
        },
        {
            "codigo": "XQ5VveV3FJ",
            "total": 18,
            "valor_unitario": 250499,
            "descuento": 0.25,
            "IVA": 0
        }
    ]
}