{
    "empresa_nit": "456789123",
    "empresa_ciudad": "BARRANQUILLA",
    "empresa_sede": "autopista",
    "empresa_nombre": "Despensa Natura",
    "fecha_hora": "2023-10-24 09:43:13",
    "factura_num": "00284",
    "ciente_numero": 703032443,
    "pago_tipo": "EFECTIVO",
    "productos": [
        {
            "codigo": "5NGZNxdZBX",
            "total": 14,
            "valor_unitario": 327496,
            "descuento": 0.18,
            "IVA": 5
        },
        {
            "codigo": "6Tl5s08tkE",
            "total": 18,
            "valor_unitario": 696422,
            "descuento": 0.46,
            "IVA": 0
        },
        {
            "codigo": "WDRLWasMN7",
            "total": 6,
            "valor_unitario": 231519,
            "descuento": 0.3,
            "IVA": 0
        },
        {
            "codigo": "fyzN7czHpI",
            "total": 10,
            "valor_unitario": 718389,
            "descuento": 0.28,
            "IVA": 19
        },
        {
            "codigo": "oGLRfaJRxE",
            "total": 4,
            "valor_unitario": 110639,
            "descuento": 0.38,
            "IVA": 5
        },
        {
            "codigo": "Q8bJcldGxV",
            "total": 19,
            "valor_unitario": 545197,
            "descuento": 0.25,
            "IVA": 19
        },
        {
            "codigo": "7DCsryr74Y",
            "total": 19,
            "valor_unitario": 210870,
            "descuento": 0.42,
            "IVA": 5
        },
        {
            "codigo": "Wyt96QYZPS",
            "total": 16,
            "valor_unitario": 507455,
            "descuento": 0.15,
            "IVA": 0
        },
        {
            "codigo": "yhmCfe82Vg",
            "total": 6,
            "valor_unitario": 192671,
            "descuento": 0.24,
            "IVA": 5
        },
        {
            "codigo": "zIdcWzTXR9",
            "total": 7,
            "valor_unitario": 731050,
            "descuento": 0.02,
            "IVA": 0
        },
        {
            "codigo": "jjSfHQ7qpv",
            "total": 18,
            "valor_unitario": 219926,
            "descuento": 0.23,
            "IVA": 0
        },
        {
            "codigo": "UllTjWECY2",
            "total": 12,
            "valor_unitario": 355580,
            "descuento": 0.31,
            "IVA": 5
        },
        {
            "codigo": "K0TP7sMpwt",
            "total": 6,
            "valor_unitario": 573682,
            "descuento": 0.37,
            "IVA": 19
        },
        {
            "codigo": "4rzfZxKC4B",
            "total": 9,
            "valor_unitario": 831705,
            "descuento": 0.49,
            "IVA": 0
        },
        {
            "codigo": "I1d2fDL1JQ",
            "total": 9,
            "valor_unitario": 17528,
            "descuento": 0.44,
            "IVA": 19
        },
        {
            "codigo": "ZSKXCIf404",
            "total": 15,
            "valor_unitario": 414154,
            "descuento": 0.27,
            "IVA": 5
        },
        {
            "codigo": "8dZnNXPsly",
            "total": 20,
            "valor_unitario": 963829,
            "descuento": 0.04,
            "IVA": 0
        },
        {
            "codigo": "M4bjpOjj0r",
            "total": 9,
            "valor_unitario": 795865,
            "descuento": 0.25,
            "IVA": 19
        }
    ]
}