{
    "empresa_nit": "456789123",
    "empresa_ciudad": "BARRANQUILLA",
    "empresa_sede": "alcaldia",
    "empresa_nombre": "Despensa Natura",
    "fecha_hora": "2023-05-21 05:05:22",
    "factura_num": "01085",
    "ciente_numero": 878544019,
    "pago_tipo": "TRANFERENCIA",
    "productos": [
        {
            "codigo": "4l2CKh3GCr",
            "total": 10,
            "valor_unitario": 106992,
            "descuento": 0.33,
            "IVA": 0
        },
        {
            "codigo": "w9epu9pMSs",
            "total": 10,
            "valor_unitario": 131094,
            "descuento": 0.11,
            "IVA": 0
        },
        {
            "codigo": "RCfuKNaUxL",
            "total": 13,
            "valor_unitario": 952033,
            "descuento": 0.49,
            "IVA": 0
        },
        {
            "codigo": "JMztHv8U42",
            "total": 1,
            "valor_unitario": 922864,
            "descuento": 0.42,
            "IVA": 19
        },
        {
            "codigo": "6Jin23QV33",
            "total": 2,
            "valor_unitario": 849928,
            "descuento": 0.22,
            "IVA": 5
        },
        {
            "codigo": "SC4kO37i0q",
            "total": 4,
            "valor_unitario": 375099,
            "descuento": 0.36,
            "IVA": 5
        },
        {
            "codigo": "BO5UYea6Ib",
            "total": 4,
            "valor_unitario": 470743,
            "descuento": 0.5,
            "IVA": 5
        }
    ]
}