{
    "empresa_nit": "456789123",
    "empresa_ciudad": "CALI",
    "empresa_sede": "plaza",
    "empresa_nombre": "Despensa Natura",
    "fecha_hora": "2020-10-18 05:25:21",
    "factura_num": "00268",
    "ciente_numero": 296447776,
    "pago_tipo": "TAR.CREDITO",
    "productos": [
        {
            "codigo": "Poq4TW5ARJ",
            "total": 4,
            "valor_unitario": 114509,
            "descuento": 0.39,
            "IVA": 0
        },
        {
            "codigo": "zxIdRP7rOd",
            "total": 6,
            "valor_unitario": 21217,
            "descuento": 0.08,
            "IVA": 5
        },
        {
            "codigo": "Z1GjwN7Xtp",
            "total": 5,
            "valor_unitario": 999069,
            "descuento": 0.11,
            "IVA": 19
        },
        {
            "codigo": "RzFMfr3p34",
            "total": 1,
            "valor_unitario": 954357,
            "descuento": 0.22,
            "IVA": 19
        },
        {
            "codigo": "5KscqEd0zK",
            "total": 12,
            "valor_unitario": 731592,
            "descuento": 0.27,
            "IVA": 19
        },
        {
            "codigo": "dNTGIm6fM4",
            "total": 13,
            "valor_unitario": 665104,
            "descuento": 0.41,
            "IVA": 19
        },
        {
            "codigo": "nNWVladaQ2",
            "total": 4,
            "valor_unitario": 916146,
            "descuento": 0.37,
            "IVA": 5
        },
        {
            "codigo": "3ocHf1OgXG",
            "total": 19,
            "valor_unitario": 658841,
            "descuento": 0.38,
            "IVA": 0
        },
        {
            "codigo": "7Md6VNtJi2",
            "total": 20,
            "valor_unitario": 613298,
            "descuento": 0.01,
            "IVA": 19
        },
        {
            "codigo": "yMOFCv5vbP",
            "total": 5,
            "valor_unitario": 996803,
            "descuento": 0.16,
            "IVA": 5
        },
        {
            "codigo": "IGwqwfRZj9",
            "total": 10,
            "valor_unitario": 489043,
            "descuento": 0.06,
            "IVA": 0
        },
        {
            "codigo": "kXP79bf21A",
            "total": 8,
            "valor_unitario": 851548,
            "descuento": 0.31,
            "IVA": 0
        }
    ]
}