{
    "empresa_nit": "456789123",
    "empresa_ciudad": "CALI",
    "empresa_sede": "plaza",
    "empresa_nombre": "Despensa Natura",
    "fecha_hora": "2020-03-06 19:37:29",
    "factura_num": "01077",
    "ciente_numero": 428203768,
    "pago_tipo": "TRANFERENCIA",
    "productos": [
        {
            "codigo": "dfeWB8z8tW",
            "total": 6,
            "valor_unitario": 928981,
            "descuento": 0.49,
            "IVA": 0
        },
        {
            "codigo": "qqfc2s540y",
            "total": 7,
            "valor_unitario": 263593,
            "descuento": 0.43,
            "IVA": 19
        },
        {
            "codigo": "714bj9fa6V",
            "total": 4,
            "valor_unitario": 610520,
            "descuento": 0.47,
            "IVA": 5
        },
        {
            "codigo": "t1TNvTZFu0",
            "total": 15,
            "valor_unitario": 130211,
            "descuento": 0.37,
            "IVA": 5
        },
        {
            "codigo": "iocTW2YF6w",
            "total": 9,
            "valor_unitario": 889985,
            "descuento": 0.3,
            "IVA": 19
        },
        {
            "codigo": "NUoyeQ2zDW",
            "total": 8,
            "valor_unitario": 400142,
            "descuento": 0.46,
            "IVA": 0
        },
        {
            "codigo": "5I1Z5NAan7",
            "total": 20,
            "valor_unitario": 660710,
            "descuento": 0.31,
            "IVA": 19
        },
        {
            "codigo": "6WbtTwtFrm",
            "total": 19,
            "valor_unitario": 254164,
            "descuento": 0.01,
            "IVA": 5
        },
        {
            "codigo": "kTahHU8GOD",
            "total": 19,
            "valor_unitario": 216367,
            "descuento": 0.28,
            "IVA": 5
        },
        {
            "codigo": "nsO2o5G5bN",
            "total": 4,
            "valor_unitario": 562624,
            "descuento": 0.22,
            "IVA": 5
        }
    ]
}