{
    "empresa_nit": "456789123",
    "empresa_ciudad": "MEDELLIN",
    "empresa_sede": "autopista",
    "empresa_nombre": "Despensa Natura",
    "fecha_hora": "2021-11-01 00:27:10",
    "factura_num": "00118",
    "ciente_numero": 116238369,
    "pago_tipo": "EFECTIVO",
    "productos": [
        {
            "codigo": "KkepM1PqoG",
            "total": 18,
            "valor_unitario": 59222,
            "descuento": 0.09,
            "IVA": 19
        },
        {
            "codigo": "PGRxjckcuS",
            "total": 1,
            "valor_unitario": 279679,
            "descuento": 0.09,
            "IVA": 19
        },
        {
            "codigo": "44YtVuC4gF",
            "total": 6,
            "valor_unitario": 512834,
            "descuento": 0.21,
            "IVA": 19
        },
        {
            "codigo": "wkK13BMdDc",
            "total": 6,
            "valor_unitario": 279281,
            "descuento": 0.48,
            "IVA": 19
        },
        {
            "codigo": "GFsii8EwPT",
            "total": 19,
            "valor_unitario": 515716,
            "descuento": 0.26,
            "IVA": 19
        },
        {
            "codigo": "9tL3MGp7k7",
            "total": 11,
            "valor_unitario": 25341,
            "descuento": 0.06,
            "IVA": 19
        },
        {
            "codigo": "nbYfGNKOlJ",
            "total": 12,
            "valor_unitario": 581252,
            "descuento": 0.4,
            "IVA": 0
        },
        {
            "codigo": "fzA2KeCATl",
            "total": 5,
            "valor_unitario": 103783,
            "descuento": 0.5,
            "IVA": 0
        }
    ]
}