{
    "empresa_nit": "456789123",
    "empresa_ciudad": "CALI",
    "empresa_sede": "alcaldia",
    "empresa_nombre": "Despensa Natura",
    "fecha_hora": "2021-03-21 15:16:45",
    "factura_num": "00177",
    "ciente_numero": 542598732,
    "pago_tipo": "TAR.CREDITO",
    "productos": [
        {
            "codigo": "PpgbTb5VIo",
            "total": 18,
            "valor_unitario": 213205,
            "descuento": 0.41,
            "IVA": 5
        },
        {
            "codigo": "o5e11cyYh7",
            "total": 4,
            "valor_unitario": 592718,
            "descuento": 0.33,
            "IVA": 0
        },
        {
            "codigo": "E3NjXEggR0",
            "total": 7,
            "valor_unitario": 278075,
            "descuento": 0.18,
            "IVA": 5
        },
        {
            "codigo": "AIqeA5ZzIQ",
            "total": 18,
            "valor_unitario": 145845,
            "descuento": 0.05,
            "IVA": 0
        },
        {
            "codigo": "4SmCo95liY",
            "total": 17,
            "valor_unitario": 974566,
            "descuento": 0.26,
            "IVA": 19
        },
        {
            "codigo": "doqOTUWLRu",
            "total": 7,
            "valor_unitario": 385445,
            "descuento": 0.23,
            "IVA": 5
        },
        {
            "codigo": "z9qNgSl4nV",
            "total": 19,
            "valor_unitario": 282995,
            "descuento": 0.33,
            "IVA": 0
        },
        {
            "codigo": "g9wYeNM8Z9",
            "total": 4,
            "valor_unitario": 161438,
            "descuento": 0.2,
            "IVA": 0
        },
        {
            "codigo": "BNLeIrSJha",
            "total": 12,
            "valor_unitario": 782167,
            "descuento": 0.28,
            "IVA": 5
        },
        {
            "codigo": "VclJgZzOQw",
            "total": 5,
            "valor_unitario": 653337,
            "descuento": 0.36,
            "IVA": 19
        },
        {
            "codigo": "yjmLuQhoFg",
            "total": 7,
            "valor_unitario": 658792,
            "descuento": 0.11,
            "IVA": 0
        },
        {
            "codigo": "CgGqdFzrK6",
            "total": 2,
            "valor_unitario": 842066,
            "descuento": 0.46,
            "IVA": 0
        }
    ]
}