{
    "empresa_nit": "456789123",
    "empresa_ciudad": "TUNJA",
    "empresa_sede": "aeropuerto",
    "empresa_nombre": "Despensa Natura",
    "fecha_hora": "2024-07-08 16:27:23",
    "factura_num": "01048",
    "ciente_numero": 589572703,
    "pago_tipo": "TRANFERENCIA",
    "productos": [
        {
            "codigo": "K2pT27PafE",
            "total": 18,
            "valor_unitario": 215190,
            "descuento": 0.09,
            "IVA": 0
        },
        {
            "codigo": "4D8ZQbRJ3T",
            "total": 2,
            "valor_unitario": 495573,
            "descuento": 0.31,
            "IVA": 19
        },
        {
            "codigo": "goBSzonCBq",
            "total": 19,
            "valor_unitario": 750022,
            "descuento": 0.1,
            "IVA": 0
        },
        {
            "codigo": "gjhonjdlkv",
            "total": 19,
            "valor_unitario": 814830,
            "descuento": 0.01,
            "IVA": 19
        },
        {
            "codigo": "UHeWKcNvsj",
            "total": 4,
            "valor_unitario": 224863,
            "descuento": 0.02,
            "IVA": 19
        },
        {
            "codigo": "1liABblCx9",
            "total": 11,
            "valor_unitario": 535795,
            "descuento": 0.34,
            "IVA": 19
        },
        {
            "codigo": "bLuV3Ujdig",
            "total": 2,
            "valor_unitario": 814987,
            "descuento": 0.44,
            "IVA": 5
        },
        {
            "codigo": "b6liG2MFWv",
            "total": 20,
            "valor_unitario": 569452,
            "descuento": 0.34,
            "IVA": 0
        },
        {
            "codigo": "RxFnajr7I8",
            "total": 9,
            "valor_unitario": 57848,
            "descuento": 0.14,
            "IVA": 5
        },
        {
            "codigo": "ByqitWLRkI",
            "total": 4,
            "valor_unitario": 876074,
            "descuento": 0.03,
            "IVA": 19
        },
        {
            "codigo": "VxsqkC6RGv",
            "total": 18,
            "valor_unitario": 250015,
            "descuento": 0.44,
            "IVA": 0
        },
        {
            "codigo": "rsxYpBCcxY",
            "total": 2,
            "valor_unitario": 577756,
            "descuento": 0.49,
            "IVA": 5
        },
        {
            "codigo": "jyiStaDb8m",
            "total": 4,
            "valor_unitario": 184995,
            "descuento": 0.32,
            "IVA": 19
        },
        {
            "codigo": "SMhY2Q4Bnc",
            "total": 17,
            "valor_unitario": 245646,
            "descuento": 0.02,
            "IVA": 19
        },
        {
            "codigo": "5BpEwKBouV",
            "total": 12,
            "valor_unitario": 721633,
            "descuento": 0.38,
            "IVA": 19
        },
        {
            "codigo": "WZIfCRuLuR",
            "total": 12,
            "valor_unitario": 380479,
            "descuento": 0.09,
            "IVA": 19
        },
        {
            "codigo": "eJt07hdQEs",
            "total": 19,
            "valor_unitario": 299645,
            "descuento": 0.01,
            "IVA": 19
        },
        {
            "codigo": "dcqVtvcqmZ",
            "total": 15,
            "valor_unitario": 379254,
            "descuento": 0.15,
            "IVA": 19
        }
    ]
}