{
    "empresa_nit": "456789123",
    "empresa_ciudad": "MEDELLIN",
    "empresa_sede": "autopista",
    "empresa_nombre": "Despensa Natura",
    "fecha_hora": "2020-03-16 21:37:47",
    "factura_num": "01071",
    "ciente_numero": 835516299,
    "pago_tipo": "TAR.CREDITO",
    "productos": [
        {
            "codigo": "0xELe2LDBG",
            "total": 20,
            "valor_unitario": 162616,
            "descuento": 0.18,
            "IVA": 0
        },
        {
            "codigo": "JqitldlUls",
            "total": 16,
            "valor_unitario": 503187,
            "descuento": 0.18,
            "IVA": 0
        },
        {
            "codigo": "JuPcC3tNKO",
            "total": 10,
            "valor_unitario": 886336,
            "descuento": 0.11,
            "IVA": 19
        },
        {
            "codigo": "KUufzkV6xH",
            "total": 9,
            "valor_unitario": 513029,
            "descuento": 0.48,
            "IVA": 5
        },
        {
            "codigo": "NKnoNey0Kb",
            "total": 19,
            "valor_unitario": 983469,
            "descuento": 0.33,
            "IVA": 19
        },
        {
            "codigo": "HcaFVHBVXx",
            "total": 4,
            "valor_unitario": 88536,
            "descuento": 0.06,
            "IVA": 5
        },
        {
            "codigo": "KnbNU2ckPh",
            "total": 7,
            "valor_unitario": 835717,
            "descuento": 0.04,
            "IVA": 0
        },
        {
            "codigo": "vDkBgWlwK5",
            "total": 19,
            "valor_unitario": 319405,
            "descuento": 0.28,
            "IVA": 0
        },
        {
            "codigo": "fLCj9gqZQc",
            "total": 16,
            "valor_unitario": 188101,
            "descuento": 0.46,
            "IVA": 5
        },
        {
            "codigo": "z1mp6vX5nJ",
            "total": 9,
            "valor_unitario": 958320,
            "descuento": 0.38,
            "IVA": 5
        },
        {
            "codigo": "AKgUPq5Nxn",
            "total": 6,
            "valor_unitario": 959540,
            "descuento": 0.31,
            "IVA": 0
        },
        {
            "codigo": "HNNY9DQIrk",
            "total": 1,
            "valor_unitario": 865510,
            "descuento": 0.31,
            "IVA": 0
        },
        {
            "codigo": "lK22SUMUuG",
            "total": 2,
            "valor_unitario": 727860,
            "descuento": 0.11,
            "IVA": 5
        },
        {
            "codigo": "jCulH9CHCA",
            "total": 9,
            "valor_unitario": 936957,
            "descuento": 0.0,
            "IVA": 19
        }
    ]
}