{
    "empresa_nit": "456789123",
    "empresa_ciudad": "CALI",
    "empresa_sede": "centro",
    "empresa_nombre": "Despensa Natura",
    "fecha_hora": "2024-12-31 07:16:27",
    "factura_num": "00147",
    "ciente_numero": 236142127,
    "pago_tipo": "TAR.CREDITO",
    "productos": [
        {
            "codigo": "sErWQhb5KI",
            "total": 14,
            "valor_unitario": 994159,
            "descuento": 0.12,
            "IVA": 19
        },
        {
            "codigo": "uwfcpkrWGH",
            "total": 17,
            "valor_unitario": 692188,
            "descuento": 0.32,
            "IVA": 0
        },
        {
            "codigo": "2IRlb08wPw",
            "total": 12,
            "valor_unitario": 439308,
            "descuento": 0.32,
            "IVA": 0
        },
        {
            "codigo": "Uw2aYaKFzy",
            "total": 14,
            "valor_unitario": 248303,
            "descuento": 0.23,
            "IVA": 19
        },
        {
            "codigo": "uno4oytj0c",
            "total": 20,
            "valor_unitario": 336794,
            "descuento": 0.43,
            "IVA": 19
        },
        {
            "codigo": "XsobmMMEEi",
            "total": 1,
            "valor_unitario": 874804,
            "descuento": 0.36,
            "IVA": 5
        },
        {
            "codigo": "1JtfnFVJ4D",
            "total": 17,
            "valor_unitario": 171061,
            "descuento": 0.42,
            "IVA": 19
        }
    ]
}