{
    "empresa_nit": "456789123",
    "empresa_ciudad": "CALI",
    "empresa_sede": "aeropuerto",
    "empresa_nombre": "Despensa Natura",
    "fecha_hora": "2021-07-08 19:17:37",
    "factura_num": "01031",
    "ciente_numero": 402783926,
    "pago_tipo": "TAR.DEBITO",
    "productos": [
        {
            "codigo": "NinIQPbMZw",
            "total": 14,
            "valor_unitario": 594588,
            "descuento": 0.37,
            "IVA": 19
        },
        {
            "codigo": "TAQTVLP2jC",
            "total": 20,
            "valor_unitario": 648041,
            "descuento": 0.05,
            "IVA": 5
        },
        {
            "codigo": "hJgEipqBlW",
            "total": 16,
            "valor_unitario": 350808,
            "descuento": 0.1,
            "IVA": 19
        },
        {
            "codigo": "Sk35gr0yra",
            "total": 4,
            "valor_unitario": 742017,
            "descuento": 0.44,
            "IVA": 19
        },
        {
            "codigo": "ruT2W9vgp7",
            "total": 1,
            "valor_unitario": 635949,
            "descuento": 0.38,
            "IVA": 0
        },
        {
            "codigo": "kZOlrrEYne",
            "total": 8,
            "valor_unitario": 682053,
            "descuento": 0.01,
            "IVA": 5
        },
        {
            "codigo": "QXv2UOtkY8",
            "total": 19,
            "valor_unitario": 594696,
            "descuento": 0.21,
            "IVA": 19
        },
        {
            "codigo": "A6nIGWkwqD",
            "total": 17,
            "valor_unitario": 793230,
            "descuento": 0.37,
            "IVA": 19
        },
        {
            "codigo": "gSjbdjRixj",
            "total": 9,
            "valor_unitario": 826938,
            "descuento": 0.46,
            "IVA": 0
        },
        {
            "codigo": "DKUwK4bhZs",
            "total": 11,
            "valor_unitario": 871276,
            "descuento": 0.27,
            "IVA": 5
        },
        {
            "codigo": "nug0C5DRuj",
            "total": 4,
            "valor_unitario": 678321,
            "descuento": 0.33,
            "IVA": 0
        },
        {
            "codigo": "yPgIxiJeZD",
            "total": 10,
            "valor_unitario": 553579,
            "descuento": 0.18,
            "IVA": 19
        },
        {
            "codigo": "wI8sJzdUxx",
            "total": 14,
            "valor_unitario": 539698,
            "descuento": 0.21,
            "IVA": 0
        }
    ]
}