{
    "empresa_nit": "456789123",
    "empresa_ciudad": "TUNJA",
    "empresa_sede": "aeropuerto",
    "empresa_nombre": "Despensa Natura",
    "fecha_hora": "2023-05-28 18:08:32",
    "factura_num": "01032",
    "ciente_numero": 366743661,
    "pago_tipo": "TAR.CREDITO",
    "productos": [
        {
            "codigo": "ESsMnEzCDG",
            "total": 13,
            "valor_unitario": 111742,
            "descuento": 0.21,
            "IVA": 19
        },
        {
            "codigo": "GoCOozMAhN",
            "total": 8,
            "valor_unitario": 461728,
            "descuento": 0.41,
            "IVA": 0
        },
        {
            "codigo": "wJbs6uLLno",
            "total": 12,
            "valor_unitario": 194097,
            "descuento": 0.36,
            "IVA": 5
        },
        {
            "codigo": "v56GPi5sdM",
            "total": 2,
            "valor_unitario": 470127,
            "descuento": 0.32,
            "IVA": 0
        },
        {
            "codigo": "xlLinx3BPU",
            "total": 9,
            "valor_unitario": 565144,
            "descuento": 0.41,
            "IVA": 19
        },
        {
            "codigo": "G4n5i0OKO8",
            "total": 11,
            "valor_unitario": 285555,
            "descuento": 0.11,
            "IVA": 5
        },
        {
            "codigo": "H46stfOBb2",
            "total": 4,
            "valor_unitario": 89072,
            "descuento": 0.13,
            "IVA": 19
        },
        {
            "codigo": "7O5E2HkNZL",
            "total": 17,
            "valor_unitario": 787572,
            "descuento": 0.07,
            "IVA": 5
        },
        {
            "codigo": "4NdC6dEa9f",
            "total": 15,
            "valor_unitario": 382917,
            "descuento": 0.09,
            "IVA": 19
        },
        {
            "codigo": "H1n2EwUVIr",
            "total": 5,
            "valor_unitario": 859216,
            "descuento": 0.46,
            "IVA": 5
        },
        {
            "codigo": "WXZcuofAyz",
            "total": 17,
            "valor_unitario": 903008,
            "descuento": 0.12,
            "IVA": 0
        },
        {
            "codigo": "MlPStiA3GK",
            "total": 10,
            "valor_unitario": 858309,
            "descuento": 0.15,
            "IVA": 19
        },
        {
            "codigo": "WcpGheQT65",
            "total": 16,
            "valor_unitario": 183976,
            "descuento": 0.16,
            "IVA": 5
        },
        {
            "codigo": "tTNioGmPXl",
            "total": 6,
            "valor_unitario": 150517,
            "descuento": 0.47,
            "IVA": 19
        }
    ]
}