{
    "empresa_nit": "456789123",
    "empresa_ciudad": "CALI",
    "empresa_sede": "terminal",
    "empresa_nombre": "Despensa Natura",
    "fecha_hora": "2023-04-07 07:03:37",
    "factura_num": "00023",
    "ciente_numero": 181026879,
    "pago_tipo": "EFECTIVO",
    "productos": [
        {
            "codigo": "0uDchfUvXb",
            "total": 5,
            "valor_unitario": 922924,
            "descuento": 0.08,
            "IVA": 5
        },
        {
            "codigo": "leWhEPdqtF",
            "total": 14,
            "valor_unitario": 308451,
            "descuento": 0.2,
            "IVA": 5
        },
        {
            "codigo": "IFMWNooJVL",
            "total": 2,
            "valor_unitario": 688368,
            "descuento": 0.42,
            "IVA": 5
        },
        {
            "codigo": "RuVFO8nGcH",
            "total": 17,
            "valor_unitario": 76171,
            "descuento": 0.09,
            "IVA": 5
        },
        {
            "codigo": "Qx48JmI5Ma",
            "total": 1,
            "valor_unitario": 734609,
            "descuento": 0.11,
            "IVA": 19
        },
        {
            "codigo": "vadPYNnOrh",
            "total": 16,
            "valor_unitario": 401732,
            "descuento": 0.04,
            "IVA": 0
        },
        {
            "codigo": "hixnBSPYgf",
            "total": 20,
            "valor_unitario": 439182,
            "descuento": 0.09,
            "IVA": 19
        },
        {
            "codigo": "u8CWPqG9TB",
            "total": 2,
            "valor_unitario": 26271,
            "descuento": 0.36,
            "IVA": 5
        },
        {
            "codigo": "v4ugiSDmVn",
            "total": 18,
            "valor_unitario": 657217,
            "descuento": 0.11,
            "IVA": 0
        },
        {
            "codigo": "UB7xqNab5l",
            "total": 19,
            "valor_unitario": 61350,
            "descuento": 0.42,
            "IVA": 5
        },
        {
            "codigo": "SSh7qLOXAJ",
            "total": 9,
            "valor_unitario": 538647,
            "descuento": 0.07,
            "IVA": 19
        }
    ]
}