{
    "empresa_nit": "456789123",
    "empresa_ciudad": "CALI",
    "empresa_sede": "alcaldia",
    "empresa_nombre": "Despensa Natura",
    "fecha_hora": "2024-11-03 05:15:52",
    "factura_num": "00346",
    "ciente_numero": 725740824,
    "pago_tipo": "TRANFERENCIA",
    "productos": [
        {
            "codigo": "idZ91yfjNp",
            "total": 4,
            "valor_unitario": 818483,
            "descuento": 0.49,
            "IVA": 19
        },
        {
            "codigo": "nyNkNH50fF",
            "total": 19,
            "valor_unitario": 851235,
            "descuento": 0.33,
            "IVA": 0
        },
        {
            "codigo": "34X7MJ4xHD",
            "total": 3,
            "valor_unitario": 427628,
            "descuento": 0.4,
            "IVA": 19
        },
        {
            "codigo": "hxNR9W0WjF",
            "total": 13,
            "valor_unitario": 111376,
            "descuento": 0.43,
            "IVA": 0
        },
        {
            "codigo": "w4OAk7PFIJ",
            "total": 17,
            "valor_unitario": 916123,
            "descuento": 0.1,
            "IVA": 19
        },
        {
            "codigo": "FPS6F0aqc9",
            "total": 3,
            "valor_unitario": 148306,
            "descuento": 0.36,
            "IVA": 19
        },
        {
            "codigo": "YqB7JsDx9n",
            "total": 20,
            "valor_unitario": 69752,
            "descuento": 0.26,
            "IVA": 0
        },
        {
            "codigo": "keBn2mteye",
            "total": 16,
            "valor_unitario": 947266,
            "descuento": 0.35,
            "IVA": 0
        },
        {
            "codigo": "v0pw9lMl2N",
            "total": 1,
            "valor_unitario": 520936,
            "descuento": 0.4,
            "IVA": 19
        },
        {
            "codigo": "B6bCp52KFn",
            "total": 3,
            "valor_unitario": 644554,
            "descuento": 0.0,
            "IVA": 5
        },
        {
            "codigo": "Nkh4SC1pvG",
            "total": 18,
            "valor_unitario": 711599,
            "descuento": 0.02,
            "IVA": 19
        },
        {
            "codigo": "YGnlFMHaRJ",
            "total": 18,
            "valor_unitario": 757814,
            "descuento": 0.06,
            "IVA": 0
        },
        {
            "codigo": "uM4yJIDclj",
            "total": 17,
            "valor_unitario": 442400,
            "descuento": 0.33,
            "IVA": 0
        },
        {
            "codigo": "1dN5nRXH47",
            "total": 2,
            "valor_unitario": 385290,
            "descuento": 0.06,
            "IVA": 19
        },
        {
            "codigo": "rG9p68CaFw",
            "total": 8,
            "valor_unitario": 561807,
            "descuento": 0.09,
            "IVA": 5
        },
        {
            "codigo": "N1v90wkPZC",
            "total": 13,
            "valor_unitario": 196080,
            "descuento": 0.02,
            "IVA": 0
        },
        {
            "codigo": "vdgIizYrHB",
            "total": 11,
            "valor_unitario": 366549,
            "descuento": 0.37,
            "IVA": 19
        },
        {
            "codigo": "LK65MfvQ47",
            "total": 2,
            "valor_unitario": 70525,
            "descuento": 0.09,
            "IVA": 5
        },
        {
            "codigo": "8fdZU4a8Pu",
            "total": 14,
            "valor_unitario": 953136,
            "descuento": 0.2,
            "IVA": 5
        }
    ]
}