{
    "empresa_nit": "456789123",
    "empresa_ciudad": "TUNJA",
    "empresa_sede": "alcaldia",
    "empresa_nombre": "Despensa Natura",
    "fecha_hora": "2020-10-15 18:56:45",
    "factura_num": "01007",
    "ciente_numero": 166007940,
    "pago_tipo": "TAR.DEBITO",
    "productos": [
        {
            "codigo": "7b385JVcID",
            "total": 10,
            "valor_unitario": 522079,
            "descuento": 0.35,
            "IVA": 19
        },
        {
            "codigo": "m9U3N6XkWE",
            "total": 4,
            "valor_unitario": 742827,
            "descuento": 0.28,
            "IVA": 5
        },
        {
            "codigo": "ot7wbRramC",
            "total": 16,
            "valor_unitario": 504782,
            "descuento": 0.05,
            "IVA": 5
        },
        {
            "codigo": "iGxfLXmsaE",
            "total": 19,
            "valor_unitario": 94124,
            "descuento": 0.33,
            "IVA": 19
        }
    ]
}