{
    "empresa_nit": "456789123",
    "empresa_ciudad": "TUNJA",
    "empresa_sede": "plaza",
    "empresa_nombre": "Despensa Natura",
    "fecha_hora": "2024-09-18 15:03:37",
    "factura_num": "01100",
    "ciente_numero": 304497672,
    "pago_tipo": "TRANFERENCIA",
    "productos": [
        {
            "codigo": "FIIaDzMRcu",
            "total": 3,
            "valor_unitario": 598012,
            "descuento": 0.19,
            "IVA": 19
        },
        {
            "codigo": "kfbyBoCBmz",
            "total": 3,
            "valor_unitario": 322868,
            "descuento": 0.28,
            "IVA": 5
        },
        {
            "codigo": "EnL5K04IBh",
            "total": 6,
            "valor_unitario": 817508,
            "descuento": 0.48,
            "IVA": 19
        },
        {
            "codigo": "wwZGJVjErM",
            "total": 15,
            "valor_unitario": 160463,
            "descuento": 0.18,
            "IVA": 19
        },
        {
            "codigo": "m5w5KYaEW3",
            "total": 10,
            "valor_unitario": 899770,
            "descuento": 0.11,
            "IVA": 19
        },
        {
            "codigo": "QQRcBwlwjF",
            "total": 13,
            "valor_unitario": 796383,
            "descuento": 0.19,
            "IVA": 19
        },
        {
            "codigo": "SwfMkGCRiO",
            "total": 12,
            "valor_unitario": 968998,
            "descuento": 0.26,
            "IVA": 0
        },
        {
            "codigo": "3eYM7yblHY",
            "total": 6,
            "valor_unitario": 351495,
            "descuento": 0.0,
            "IVA": 19
        },
        {
            "codigo": "RQIkI5ODhv",
            "total": 9,
            "valor_unitario": 922616,
            "descuento": 0.23,
            "IVA": 0
        },
        {
            "codigo": "f4boDUU1q8",
            "total": 16,
            "valor_unitario": 91419,
            "descuento": 0.09,
            "IVA": 0
        },
        {
            "codigo": "gvSvtPmUHR",
            "total": 8,
            "valor_unitario": 673059,
            "descuento": 0.09,
            "IVA": 19
        },
        {
            "codigo": "30B9WPlgCu",
            "total": 18,
            "valor_unitario": 28112,
            "descuento": 0.46,
            "IVA": 19
        },
        {
            "codigo": "u90yUTKFHb",
            "total": 15,
            "valor_unitario": 867267,
            "descuento": 0.46,
            "IVA": 19
        },
        {
            "codigo": "amLiCghjKt",
            "total": 3,
            "valor_unitario": 166069,
            "descuento": 0.18,
            "IVA": 19
        },
        {
            "codigo": "do3k4WwGNy",
            "total": 5,
            "valor_unitario": 928684,
            "descuento": 0.21,
            "IVA": 19
        }
    ]
}