{
    "empresa_nit": "456789123",
    "empresa_ciudad": "CALI",
    "empresa_sede": "plaza",
    "empresa_nombre": "Despensa Natura",
    "fecha_hora": "2020-07-29 07:27:24",
    "factura_num": "01060",
    "ciente_numero": 13746755,
    "pago_tipo": "TAR.CREDITO",
    "productos": [
        {
            "codigo": "RYUeTlcxiY",
            "total": 13,
            "valor_unitario": 234339,
            "descuento": 0.05,
            "IVA": 5
        },
        {
            "codigo": "eHx7E6l5Sm",
            "total": 5,
            "valor_unitario": 540559,
            "descuento": 0.16,
            "IVA": 0
        },
        {
            "codigo": "3TTgdgsUBJ",
            "total": 20,
            "valor_unitario": 942805,
            "descuento": 0.05,
            "IVA": 0
        },
        {
            "codigo": "uysYV1YdFE",
            "total": 19,
            "valor_unitario": 5587,
            "descuento": 0.07,
            "IVA": 5
        },
        {
            "codigo": "4IS1lRfIYx",
            "total": 20,
            "valor_unitario": 947869,
            "descuento": 0.43,
            "IVA": 0
        },
        {
            "codigo": "xXwpg9T0Mx",
            "total": 3,
            "valor_unitario": 792445,
            "descuento": 0.25,
            "IVA": 5
        },
        {
            "codigo": "yW1SZbSyMq",
            "total": 3,
            "valor_unitario": 511923,
            "descuento": 0.24,
            "IVA": 5
        },
        {
            "codigo": "He4TaF04vK",
            "total": 13,
            "valor_unitario": 773642,
            "descuento": 0.4,
            "IVA": 0
        },
        {
            "codigo": "tWAWi42XMA",
            "total": 13,
            "valor_unitario": 394354,
            "descuento": 0.4,
            "IVA": 0
        },
        {
            "codigo": "nndwAig1lR",
            "total": 19,
            "valor_unitario": 847215,
            "descuento": 0.38,
            "IVA": 0
        },
        {
            "codigo": "CRuv6lRcNl",
            "total": 2,
            "valor_unitario": 624134,
            "descuento": 0.0,
            "IVA": 19
        },
        {
            "codigo": "02hfaq2Y4w",
            "total": 18,
            "valor_unitario": 858382,
            "descuento": 0.09,
            "IVA": 0
        },
        {
            "codigo": "3uVieKB5KG",
            "total": 7,
            "valor_unitario": 542484,
            "descuento": 0.33,
            "IVA": 19
        },
        {
            "codigo": "qiYJTU6ZeD",
            "total": 15,
            "valor_unitario": 149218,
            "descuento": 0.36,
            "IVA": 0
        },
        {
            "codigo": "T6FWfph2WT",
            "total": 19,
            "valor_unitario": 228635,
            "descuento": 0.23,
            "IVA": 0
        },
        {
            "codigo": "qkXpWDLsSQ",
            "total": 10,
            "valor_unitario": 643563,
            "descuento": 0.35,
            "IVA": 19
        },
        {
            "codigo": "dwTTuI6S0D",
            "total": 1,
            "valor_unitario": 677490,
            "descuento": 0.22,
            "IVA": 19
        },
        {
            "codigo": "7YJLcRrGOU",
            "total": 14,
            "valor_unitario": 926899,
            "descuento": 0.13,
            "IVA": 19
        },
        {
            "codigo": "lqblRWOIbM",
            "total": 20,
            "valor_unitario": 796820,
            "descuento": 0.15,
            "IVA": 0
        },
        {
            "codigo": "7V67Q29WNT",
            "total": 2,
            "valor_unitario": 128922,
            "descuento": 0.09,
            "IVA": 5
        }
    ]
}