{
    "empresa_nit": "456789123",
    "empresa_ciudad": "MEDELLIN",
    "empresa_sede": "alcaldia",
    "empresa_nombre": "Despensa Natura",
    "fecha_hora": "2022-08-06 21:23:24",
    "factura_num": "00238",
    "ciente_numero": 446896743,
    "pago_tipo": "TAR.CREDITO",
    "productos": [
        {
            "codigo": "cvA2BtCosa",
            "total": 15,
            "valor_unitario": 463861,
            "descuento": 0.37,
            "IVA": 5
        },
        {
            "codigo": "tu4KN1Z8pH",
            "total": 20,
            "valor_unitario": 688300,
            "descuento": 0.14,
            "IVA": 19
        },
        {
            "codigo": "hzKdie32QD",
            "total": 1,
            "valor_unitario": 916518,
            "descuento": 0.5,
            "IVA": 5
        },
        {
            "codigo": "svvNj9uG28",
            "total": 14,
            "valor_unitario": 906964,
            "descuento": 0.27,
            "IVA": 0
        },
        {
            "codigo": "0y6fMcum8n",
            "total": 16,
            "valor_unitario": 76532,
            "descuento": 0.24,
            "IVA": 19
        },
        {
            "codigo": "cbND4xYkBD",
            "total": 15,
            "valor_unitario": 380307,
            "descuento": 0.37,
            "IVA": 5
        },
        {
            "codigo": "8PEaTWz2nf",
            "total": 11,
            "valor_unitario": 160913,
            "descuento": 0.35,
            "IVA": 0
        },
        {
            "codigo": "9ai7rL8fbs",
            "total": 15,
            "valor_unitario": 911847,
            "descuento": 0.05,
            "IVA": 5
        }
    ]
}