{
    "empresa_nit": "456789123",
    "empresa_ciudad": "TUNJA",
    "empresa_sede": "aeropuerto",
    "empresa_nombre": "Despensa Natura",
    "fecha_hora": "2023-01-18 20:01:02",
    "factura_num": "00240",
    "ciente_numero": 413182496,
    "pago_tipo": "EFECTIVO",
    "productos": [
        {
            "codigo": "Ay48cv1MTH",
            "total": 1,
            "valor_unitario": 84526,
            "descuento": 0.15,
            "IVA": 0
        },
        {
            "codigo": "nfi8Z4ZHrM",
            "total": 10,
            "valor_unitario": 212562,
            "descuento": 0.31,
            "IVA": 5
        },
        {
            "codigo": "GFNxZWriAI",
            "total": 2,
            "valor_unitario": 738938,
            "descuento": 0.43,
            "IVA": 5
        },
        {
            "codigo": "MdjL9L0DA6",
            "total": 11,
            "valor_unitario": 502695,
            "descuento": 0.42,
            "IVA": 5
        },
        {
            "codigo": "1KYiRmbnwk",
            "total": 2,
            "valor_unitario": 710410,
            "descuento": 0.1,
            "IVA": 5
        },
        {
            "codigo": "A0AFreozmX",
            "total": 10,
            "valor_unitario": 708317,
            "descuento": 0.21,
            "IVA": 5
        },
        {
            "codigo": "B6KknKYqqU",
            "total": 17,
            "valor_unitario": 460545,
            "descuento": 0.07,
            "IVA": 0
        },
        {
            "codigo": "bTTDYkV8FJ",
            "total": 3,
            "valor_unitario": 812568,
            "descuento": 0.18,
            "IVA": 0
        },
        {
            "codigo": "YMXV7n5BON",
            "total": 14,
            "valor_unitario": 958248,
            "descuento": 0.28,
            "IVA": 19
        },
        {
            "codigo": "VZ7Ez2pjVv",
            "total": 10,
            "valor_unitario": 561328,
            "descuento": 0.09,
            "IVA": 0
        },
        {
            "codigo": "NI2W2qmepN",
            "total": 3,
            "valor_unitario": 251191,
            "descuento": 0.37,
            "IVA": 19
        },
        {
            "codigo": "UIqfQp1AjM",
            "total": 12,
            "valor_unitario": 325651,
            "descuento": 0.34,
            "IVA": 19
        },
        {
            "codigo": "KHMh9Du6Me",
            "total": 2,
            "valor_unitario": 826025,
            "descuento": 0.11,
            "IVA": 19
        },
        {
            "codigo": "IKnpNT1H9K",
            "total": 2,
            "valor_unitario": 40408,
            "descuento": 0.17,
            "IVA": 19
        },
        {
            "codigo": "yh2pidbDsU",
            "total": 8,
            "valor_unitario": 260389,
            "descuento": 0.34,
            "IVA": 5
        },
        {
            "codigo": "5hRKk4YwnR",
            "total": 15,
            "valor_unitario": 450115,
            "descuento": 0.01,
            "IVA": 5
        }
    ]
}