{
    "empresa_nit": "456789123",
    "empresa_ciudad": "MEDELLIN",
    "empresa_sede": "plaza",
    "empresa_nombre": "Despensa Natura",
    "fecha_hora": "2023-02-23 21:30:59",
    "factura_num": "00365",
    "ciente_numero": 769693005,
    "pago_tipo": "TRANFERENCIA",
    "productos": [
        {
            "codigo": "jWvmETgZR8",
            "total": 14,
            "valor_unitario": 238148,
            "descuento": 0.32,
            "IVA": 19
        },
        {
            "codigo": "3pUK3INHh7",
            "total": 15,
            "valor_unitario": 817139,
            "descuento": 0.09,
            "IVA": 0
        },
        {
            "codigo": "4cqymmK3Sj",
            "total": 2,
            "valor_unitario": 207007,
            "descuento": 0.17,
            "IVA": 5
        },
        {
            "codigo": "RH7A0JKIiw",
            "total": 19,
            "valor_unitario": 292426,
            "descuento": 0.29,
            "IVA": 19
        },
        {
            "codigo": "nKT7rQSZRl",
            "total": 8,
            "valor_unitario": 913577,
            "descuento": 0.38,
            "IVA": 19
        },
        {
            "codigo": "QX2oSj8NPG",
            "total": 8,
            "valor_unitario": 631783,
            "descuento": 0.24,
            "IVA": 5
        },
        {
            "codigo": "VsWIKUr5u3",
            "total": 2,
            "valor_unitario": 200940,
            "descuento": 0.12,
            "IVA": 19
        },
        {
            "codigo": "j40DCOrf65",
            "total": 17,
            "valor_unitario": 865192,
            "descuento": 0.0,
            "IVA": 19
        },
        {
            "codigo": "USsor9HxSQ",
            "total": 14,
            "valor_unitario": 777875,
            "descuento": 0.2,
            "IVA": 0
        },
        {
            "codigo": "d1hKv2829z",
            "total": 2,
            "valor_unitario": 917099,
            "descuento": 0.06,
            "IVA": 0
        }
    ]
}