{
    "empresa_nit": "456789123",
    "empresa_ciudad": "TUNJA",
    "empresa_sede": "aeropuerto",
    "empresa_nombre": "Despensa Natura",
    "fecha_hora": "2020-07-31 18:28:37",
    "factura_num": "00137",
    "ciente_numero": 931222196,
    "pago_tipo": "TRANFERENCIA",
    "productos": [
        {
            "codigo": "KtqG4uwbrc",
            "total": 11,
            "valor_unitario": 686367,
            "descuento": 0.3,
            "IVA": 5
        },
        {
            "codigo": "gOTHS0Ozlg",
            "total": 17,
            "valor_unitario": 805442,
            "descuento": 0.34,
            "IVA": 0
        },
        {
            "codigo": "VXRgmAtXYI",
            "total": 20,
            "valor_unitario": 572269,
            "descuento": 0.28,
            "IVA": 5
        },
        {
            "codigo": "vsHSQVU1IF",
            "total": 2,
            "valor_unitario": 388786,
            "descuento": 0.2,
            "IVA": 0
        },
        {
            "codigo": "Fdj2CjtNJp",
            "total": 9,
            "valor_unitario": 386450,
            "descuento": 0.44,
            "IVA": 19
        },
        {
            "codigo": "DaGr1l3vno",
            "total": 16,
            "valor_unitario": 675200,
            "descuento": 0.12,
            "IVA": 19
        },
        {
            "codigo": "4YHHgDPzyu",
            "total": 3,
            "valor_unitario": 549211,
            "descuento": 0.09,
            "IVA": 5
        },
        {
            "codigo": "xJliVneM02",
            "total": 6,
            "valor_unitario": 888280,
            "descuento": 0.48,
            "IVA": 19
        },
        {
            "codigo": "DpGYcoFe3D",
            "total": 14,
            "valor_unitario": 420968,
            "descuento": 0.29,
            "IVA": 19
        },
        {
            "codigo": "q3MURT232Y",
            "total": 16,
            "valor_unitario": 652440,
            "descuento": 0.21,
            "IVA": 0
        },
        {
            "codigo": "3KHNABZ6TV",
            "total": 5,
            "valor_unitario": 142311,
            "descuento": 0.15,
            "IVA": 5
        }
    ]
}