{
    "empresa_nit": "456789123",
    "empresa_ciudad": "MEDELLIN",
    "empresa_sede": "aeropuerto",
    "empresa_nombre": "Despensa Natura",
    "fecha_hora": "2020-05-03 22:49:13",
    "factura_num": "01109",
    "ciente_numero": 760260049,
    "pago_tipo": "TAR.CREDITO",
    "productos": [
        {
            "codigo": "JmLD8LhCoM",
            "total": 15,
            "valor_unitario": 889788,
            "descuento": 0.0,
            "IVA": 5
        },
        {
            "codigo": "fCTLOnWxD7",
            "total": 2,
            "valor_unitario": 490782,
            "descuento": 0.44,
            "IVA": 0
        },
        {
            "codigo": "JuzTR1dEvM",
            "total": 20,
            "valor_unitario": 859202,
            "descuento": 0.14,
            "IVA": 5
        },
        {
            "codigo": "yrSMC8BCsT",
            "total": 15,
            "valor_unitario": 695229,
            "descuento": 0.08,
            "IVA": 5
        },
        {
            "codigo": "NKyTLA40it",
            "total": 2,
            "valor_unitario": 676854,
            "descuento": 0.45,
            "IVA": 0
        },
        {
            "codigo": "uauehuSl8Z",
            "total": 14,
            "valor_unitario": 771815,
            "descuento": 0.38,
            "IVA": 5
        },
        {
            "codigo": "qBcX99R8C8",
            "total": 10,
            "valor_unitario": 251842,
            "descuento": 0.26,
            "IVA": 5
        },
        {
            "codigo": "zuVIp4sT8Y",
            "total": 7,
            "valor_unitario": 519831,
            "descuento": 0.41,
            "IVA": 19
        },
        {
            "codigo": "WRqD5wVT1X",
            "total": 9,
            "valor_unitario": 875764,
            "descuento": 0.07,
            "IVA": 0
        },
        {
            "codigo": "EwB5NqcvjB",
            "total": 13,
            "valor_unitario": 160524,
            "descuento": 0.21,
            "IVA": 0
        },
        {
            "codigo": "jZMyt642K6",
            "total": 16,
            "valor_unitario": 967328,
            "descuento": 0.09,
            "IVA": 0
        },
        {
            "codigo": "1rkGM3ktoR",
            "total": 1,
            "valor_unitario": 398535,
            "descuento": 0.32,
            "IVA": 19
        }
    ]
}