{
    "empresa_nit": "456789123",
    "empresa_ciudad": "MEDELLIN",
    "empresa_sede": "plaza",
    "empresa_nombre": "Despensa Natura",
    "fecha_hora": "2020-12-21 17:24:39",
    "factura_num": "00415",
    "ciente_numero": 974226528,
    "pago_tipo": "TAR.CREDITO",
    "productos": [
        {
            "codigo": "v87NDlotrL",
            "total": 13,
            "valor_unitario": 194146,
            "descuento": 0.37,
            "IVA": 19
        },
        {
            "codigo": "qO7IItI265",
            "total": 9,
            "valor_unitario": 290556,
            "descuento": 0.03,
            "IVA": 5
        },
        {
            "codigo": "DTSLHjTjqO",
            "total": 14,
            "valor_unitario": 755932,
            "descuento": 0.21,
            "IVA": 5
        },
        {
            "codigo": "4Lod8cMcNV",
            "total": 8,
            "valor_unitario": 777688,
            "descuento": 0.26,
            "IVA": 5
        },
        {
            "codigo": "4UyrD9OfKE",
            "total": 1,
            "valor_unitario": 868088,
            "descuento": 0.35,
            "IVA": 19
        },
        {
            "codigo": "oMLhuX7Jco",
            "total": 4,
            "valor_unitario": 32866,
            "descuento": 0.05,
            "IVA": 0
        },
        {
            "codigo": "QEFChVU8ob",
            "total": 1,
            "valor_unitario": 434683,
            "descuento": 0.37,
            "IVA": 19
        },
        {
            "codigo": "tzbKJvsFy4",
            "total": 18,
            "valor_unitario": 384264,
            "descuento": 0.39,
            "IVA": 19
        }
    ]
}