{
    "empresa_nit": "456789123",
    "empresa_ciudad": "MEDELLIN",
    "empresa_sede": "centro",
    "empresa_nombre": "Despensa Natura",
    "fecha_hora": "2025-02-02 04:33:45",
    "factura_num": "00358",
    "ciente_numero": 29300187,
    "pago_tipo": "TAR.CREDITO",
    "productos": [
        {
            "codigo": "r5U3jWBXaq",
            "total": 11,
            "valor_unitario": 384496,
            "descuento": 0.28,
            "IVA": 19
        },
        {
            "codigo": "QRJUZjyg3e",
            "total": 20,
            "valor_unitario": 627995,
            "descuento": 0.22,
            "IVA": 5
        },
        {
            "codigo": "ing0DKnbaI",
            "total": 3,
            "valor_unitario": 728608,
            "descuento": 0.16,
            "IVA": 5
        },
        {
            "codigo": "uvL5c9jwx6",
            "total": 8,
            "valor_unitario": 255248,
            "descuento": 0.23,
            "IVA": 0
        }
    ]
}