{
    "empresa_nit": "456789123",
    "empresa_ciudad": "CALI",
    "empresa_sede": "autopista",
    "empresa_nombre": "Despensa Natura",
    "fecha_hora": "2023-11-25 03:36:59",
    "factura_num": "00387",
    "ciente_numero": 311472707,
    "pago_tipo": "EFECTIVO",
    "productos": [
        {
            "codigo": "OtxUypIZlK",
            "total": 20,
            "valor_unitario": 132600,
            "descuento": 0.05,
            "IVA": 5
        },
        {
            "codigo": "ImMEgEEfVC",
            "total": 11,
            "valor_unitario": 177400,
            "descuento": 0.06,
            "IVA": 19
        },
        {
            "codigo": "FZdwrRruUd",
            "total": 12,
            "valor_unitario": 421076,
            "descuento": 0.1,
            "IVA": 5
        },
        {
            "codigo": "2VQcEzscKV",
            "total": 20,
            "valor_unitario": 702838,
            "descuento": 0.38,
            "IVA": 0
        },
        {
            "codigo": "CQLzwH99sX",
            "total": 7,
            "valor_unitario": 934671,
            "descuento": 0.25,
            "IVA": 19
        },
        {
            "codigo": "tgTuzBsLnG",
            "total": 19,
            "valor_unitario": 697432,
            "descuento": 0.37,
            "IVA": 5
        },
        {
            "codigo": "KdFwUe62cO",
            "total": 17,
            "valor_unitario": 544819,
            "descuento": 0.44,
            "IVA": 0
        },
        {
            "codigo": "gcS173lr72",
            "total": 12,
            "valor_unitario": 101820,
            "descuento": 0.49,
            "IVA": 19
        },
        {
            "codigo": "47G8sSiH32",
            "total": 13,
            "valor_unitario": 431318,
            "descuento": 0.11,
            "IVA": 5
        },
        {
            "codigo": "FFVuXWMeKu",
            "total": 6,
            "valor_unitario": 463601,
            "descuento": 0.33,
            "IVA": 19
        },
        {
            "codigo": "3kNUVZpu66",
            "total": 20,
            "valor_unitario": 839988,
            "descuento": 0.43,
            "IVA": 0
        },
        {
            "codigo": "e7Bs0Ie9uY",
            "total": 1,
            "valor_unitario": 480977,
            "descuento": 0.41,
            "IVA": 5
        },
        {
            "codigo": "CQVA3OckjU",
            "total": 16,
            "valor_unitario": 745817,
            "descuento": 0.31,
            "IVA": 19
        },
        {
            "codigo": "DcDgeY9P3c",
            "total": 14,
            "valor_unitario": 202322,
            "descuento": 0.37,
            "IVA": 5
        },
        {
            "codigo": "E0hloG6PsI",
            "total": 7,
            "valor_unitario": 61950,
            "descuento": 0.16,
            "IVA": 0
        },
        {
            "codigo": "jeBL0SQgGn",
            "total": 11,
            "valor_unitario": 48103,
            "descuento": 0.22,
            "IVA": 19
        },
        {
            "codigo": "G3qHwnqjQi",
            "total": 8,
            "valor_unitario": 730528,
            "descuento": 0.07,
            "IVA": 19
        }
    ]
}