{
    "empresa_nit": "456789123",
    "empresa_ciudad": "BARRANQUILLA",
    "empresa_sede": "plaza",
    "empresa_nombre": "Despensa Natura",
    "fecha_hora": "2023-07-30 09:17:36",
    "factura_num": "00356",
    "ciente_numero": 70835719,
    "pago_tipo": "TRANFERENCIA",
    "productos": [
        {
            "codigo": "Uqhzrd0TS5",
            "total": 16,
            "valor_unitario": 678063,
            "descuento": 0.4,
            "IVA": 5
        },
        {
            "codigo": "Y9W7dkh5Gq",
            "total": 14,
            "valor_unitario": 864279,
            "descuento": 0.04,
            "IVA": 0
        }
    ]
}