{
    "empresa_nit": "456789123",
    "empresa_ciudad": "MEDELLIN",
    "empresa_sede": "autopista",
    "empresa_nombre": "Despensa Natura",
    "fecha_hora": "2020-06-26 14:46:18",
    "factura_num": "00341",
    "ciente_numero": 768921350,
    "pago_tipo": "TAR.DEBITO",
    "productos": [
        {
            "codigo": "YFVk1cuwCi",
            "total": 9,
            "valor_unitario": 353732,
            "descuento": 0.24,
            "IVA": 19
        },
        {
            "codigo": "NZ6pxb8vZc",
            "total": 10,
            "valor_unitario": 106794,
            "descuento": 0.42,
            "IVA": 19
        },
        {
            "codigo": "vumZlljJru",
            "total": 6,
            "valor_unitario": 636134,
            "descuento": 0.07,
            "IVA": 0
        },
        {
            "codigo": "YEuLQtxvM8",
            "total": 18,
            "valor_unitario": 625891,
            "descuento": 0.33,
            "IVA": 5
        }
    ]
}