{
    "empresa_nit": "456789123",
    "empresa_ciudad": "TUNJA",
    "empresa_sede": "autopista",
    "empresa_nombre": "Despensa Natura",
    "fecha_hora": "2023-10-18 08:17:21",
    "factura_num": "00234",
    "ciente_numero": 399401019,
    "pago_tipo": "TRANFERENCIA",
    "productos": [
        {
            "codigo": "jUwCyHF6ge",
            "total": 9,
            "valor_unitario": 977826,
            "descuento": 0.35,
            "IVA": 19
        },
        {
            "codigo": "UIwEqa3E4l",
            "total": 4,
            "valor_unitario": 284646,
            "descuento": 0.27,
            "IVA": 19
        },
        {
            "codigo": "hcugxD7d0C",
            "total": 3,
            "valor_unitario": 181525,
            "descuento": 0.49,
            "IVA": 0
        },
        {
            "codigo": "EshPYl02tj",
            "total": 2,
            "valor_unitario": 999088,
            "descuento": 0.02,
            "IVA": 5
        },
        {
            "codigo": "nt1ZtxUi3B",
            "total": 13,
            "valor_unitario": 790117,
            "descuento": 0.18,
            "IVA": 5
        },
        {
            "codigo": "q1FfczTEpe",
            "total": 6,
            "valor_unitario": 13031,
            "descuento": 0.4,
            "IVA": 0
        },
        {
            "codigo": "XAi0wxWd6q",
            "total": 10,
            "valor_unitario": 157424,
            "descuento": 0.01,
            "IVA": 5
        },
        {
            "codigo": "VLs6Mq3CzD",
            "total": 18,
            "valor_unitario": 171513,
            "descuento": 0.04,
            "IVA": 5
        },
        {
            "codigo": "07PWsEMQnH",
            "total": 16,
            "valor_unitario": 668083,
            "descuento": 0.48,
            "IVA": 0
        },
        {
            "codigo": "7nH1wBRewv",
            "total": 3,
            "valor_unitario": 463360,
            "descuento": 0.24,
            "IVA": 19
        },
        {
            "codigo": "JyAKfo7rvA",
            "total": 18,
            "valor_unitario": 514113,
            "descuento": 0.47,
            "IVA": 5
        },
        {
            "codigo": "QoZn76tgEO",
            "total": 19,
            "valor_unitario": 304871,
            "descuento": 0.38,
            "IVA": 5
        },
        {
            "codigo": "EDwL3vpGA4",
            "total": 7,
            "valor_unitario": 117020,
            "descuento": 0.39,
            "IVA": 19
        },
        {
            "codigo": "rCE4bY2WSX",
            "total": 14,
            "valor_unitario": 801839,
            "descuento": 0.04,
            "IVA": 5
        },
        {
            "codigo": "cHAJPqcyPL",
            "total": 7,
            "valor_unitario": 5204,
            "descuento": 0.02,
            "IVA": 19
        },
        {
            "codigo": "1MYqDH3a5s",
            "total": 5,
            "valor_unitario": 695927,
            "descuento": 0.45,
            "IVA": 19
        }
    ]
}