{
    "empresa_nit": "456789123",
    "empresa_ciudad": "TUNJA",
    "empresa_sede": "plaza",
    "empresa_nombre": "Despensa Natura",
    "fecha_hora": "2022-12-29 13:35:43",
    "factura_num": "01005",
    "ciente_numero": 212709819,
    "pago_tipo": "EFECTIVO",
    "productos": [
        {
            "codigo": "iKNVg1dj9P",
            "total": 4,
            "valor_unitario": 107231,
            "descuento": 0.32,
            "IVA": 19
        },
        {
            "codigo": "QoI6ibgmrp",
            "total": 1,
            "valor_unitario": 271149,
            "descuento": 0.04,
            "IVA": 0
        },
        {
            "codigo": "wB7cFpSOQi",
            "total": 7,
            "valor_unitario": 656132,
            "descuento": 0.21,
            "IVA": 5
        },
        {
            "codigo": "TYbh8DM7TV",
            "total": 20,
            "valor_unitario": 612387,
            "descuento": 0.28,
            "IVA": 0
        }
    ]
}