{
    "empresa_nit": "456789123",
    "empresa_ciudad": "CALI",
    "empresa_sede": "centro",
    "empresa_nombre": "Despensa Natura",
    "fecha_hora": "2023-06-03 16:49:05",
    "factura_num": "00342",
    "ciente_numero": 908142760,
    "pago_tipo": "TRANFERENCIA",
    "productos": [
        {
            "codigo": "sTZSjNE7Dn",
            "total": 2,
            "valor_unitario": 24981,
            "descuento": 0.09,
            "IVA": 0
        },
        {
            "codigo": "txDxtlGrjz",
            "total": 10,
            "valor_unitario": 850103,
            "descuento": 0.2,
            "IVA": 19
        },
        {
            "codigo": "3hZoVrtpn0",
            "total": 5,
            "valor_unitario": 284156,
            "descuento": 0.0,
            "IVA": 0
        },
        {
            "codigo": "ZurErkOKph",
            "total": 14,
            "valor_unitario": 839993,
            "descuento": 0.15,
            "IVA": 5
        },
        {
            "codigo": "Nn9rGR5flc",
            "total": 2,
            "valor_unitario": 18412,
            "descuento": 0.26,
            "IVA": 0
        },
        {
            "codigo": "2lFLsSGA0M",
            "total": 18,
            "valor_unitario": 148144,
            "descuento": 0.28,
            "IVA": 19
        },
        {
            "codigo": "AGJ0LWbQPF",
            "total": 9,
            "valor_unitario": 978194,
            "descuento": 0.44,
            "IVA": 19
        },
        {
            "codigo": "p8qQTCQQ8e",
            "total": 13,
            "valor_unitario": 538536,
            "descuento": 0.0,
            "IVA": 0
        }
    ]
}