{
    "empresa_nit": "456789123",
    "empresa_ciudad": "BARRANQUILLA",
    "empresa_sede": "centro",
    "empresa_nombre": "Despensa Natura",
    "fecha_hora": "2020-01-06 20:55:31",
    "factura_num": "00168",
    "ciente_numero": 854222881,
    "pago_tipo": "EFECTIVO",
    "productos": [
        {
            "codigo": "ZCQRqzkJPC",
            "total": 13,
            "valor_unitario": 501381,
            "descuento": 0.42,
            "IVA": 19
        },
        {
            "codigo": "fghq1DtZHw",
            "total": 15,
            "valor_unitario": 900052,
            "descuento": 0.45,
            "IVA": 0
        },
        {
            "codigo": "EX0kaxyagv",
            "total": 6,
            "valor_unitario": 894456,
            "descuento": 0.27,
            "IVA": 19
        },
        {
            "codigo": "IcPJJEk5bu",
            "total": 16,
            "valor_unitario": 274479,
            "descuento": 0.33,
            "IVA": 19
        },
        {
            "codigo": "ZOskQNgFX8",
            "total": 19,
            "valor_unitario": 534792,
            "descuento": 0.23,
            "IVA": 0
        },
        {
            "codigo": "2rKiL5lBVE",
            "total": 5,
            "valor_unitario": 477792,
            "descuento": 0.29,
            "IVA": 5
        },
        {
            "codigo": "SUvRYKAvjv",
            "total": 6,
            "valor_unitario": 650808,
            "descuento": 0.2,
            "IVA": 0
        },
        {
            "codigo": "K073jCNO9q",
            "total": 5,
            "valor_unitario": 433326,
            "descuento": 0.18,
            "IVA": 5
        },
        {
            "codigo": "RRCBYou1kI",
            "total": 12,
            "valor_unitario": 94974,
            "descuento": 0.39,
            "IVA": 19
        },
        {
            "codigo": "GnVu37pLSG",
            "total": 16,
            "valor_unitario": 901683,
            "descuento": 0.04,
            "IVA": 5
        },
        {
            "codigo": "gLDsVxb2lp",
            "total": 7,
            "valor_unitario": 827215,
            "descuento": 0.22,
            "IVA": 5
        },
        {
            "codigo": "NBqTHhMfzC",
            "total": 10,
            "valor_unitario": 417386,
            "descuento": 0.1,
            "IVA": 0
        },
        {
            "codigo": "b8ZFGmHrjn",
            "total": 1,
            "valor_unitario": 399554,
            "descuento": 0.41,
            "IVA": 19
        },
        {
            "codigo": "iSH0OxN1JK",
            "total": 8,
            "valor_unitario": 778100,
            "descuento": 0.42,
            "IVA": 0
        }
    ]
}