{
    "empresa_nit": "456789123",
    "empresa_ciudad": "TUNJA",
    "empresa_sede": "aeropuerto",
    "empresa_nombre": "Despensa Natura",
    "fecha_hora": "2024-04-13 22:51:58",
    "factura_num": "01105",
    "ciente_numero": 120367321,
    "pago_tipo": "TAR.CREDITO",
    "productos": [
        {
            "codigo": "3EG3mnHCQS",
            "total": 19,
            "valor_unitario": 346568,
            "descuento": 0.3,
            "IVA": 0
        },
        {
            "codigo": "a8B0rm9ngk",
            "total": 3,
            "valor_unitario": 14651,
            "descuento": 0.13,
            "IVA": 5
        },
        {
            "codigo": "X51ukIj5bM",
            "total": 17,
            "valor_unitario": 569708,
            "descuento": 0.46,
            "IVA": 19
        },
        {
            "codigo": "AFuulwEUQI",
            "total": 7,
            "valor_unitario": 441842,
            "descuento": 0.12,
            "IVA": 0
        },
        {
            "codigo": "RpP1xNSfRs",
            "total": 20,
            "valor_unitario": 125835,
            "descuento": 0.19,
            "IVA": 5
        },
        {
            "codigo": "9bojFTasc1",
            "total": 20,
            "valor_unitario": 436257,
            "descuento": 0.28,
            "IVA": 0
        },
        {
            "codigo": "tIQvuqXjfG",
            "total": 7,
            "valor_unitario": 301804,
            "descuento": 0.39,
            "IVA": 19
        },
        {
            "codigo": "jMNZgfkFHR",
            "total": 14,
            "valor_unitario": 478847,
            "descuento": 0.14,
            "IVA": 5
        },
        {
            "codigo": "m6YuxBlmGS",
            "total": 15,
            "valor_unitario": 365747,
            "descuento": 0.25,
            "IVA": 0
        },
        {
            "codigo": "Ohwx64vSq7",
            "total": 1,
            "valor_unitario": 573144,
            "descuento": 0.04,
            "IVA": 0
        },
        {
            "codigo": "QsSNB22GOs",
            "total": 18,
            "valor_unitario": 468495,
            "descuento": 0.28,
            "IVA": 0
        },
        {
            "codigo": "EcXlywxSrx",
            "total": 7,
            "valor_unitario": 451701,
            "descuento": 0.2,
            "IVA": 0
        },
        {
            "codigo": "vbHUAcLLnV",
            "total": 12,
            "valor_unitario": 107532,
            "descuento": 0.28,
            "IVA": 0
        },
        {
            "codigo": "uWlRWaWoVO",
            "total": 15,
            "valor_unitario": 335010,
            "descuento": 0.46,
            "IVA": 0
        },
        {
            "codigo": "Lv1WWWdTEJ",
            "total": 16,
            "valor_unitario": 559078,
            "descuento": 0.03,
            "IVA": 19
        },
        {
            "codigo": "kiO5pgOFgg",
            "total": 8,
            "valor_unitario": 310820,
            "descuento": 0.34,
            "IVA": 19
        }
    ]
}