{
    "empresa_nit": "456789123",
    "empresa_ciudad": "MEDELLIN",
    "empresa_sede": "terminal",
    "empresa_nombre": "Despensa Natura",
    "fecha_hora": "2023-03-24 18:13:31",
    "factura_num": "00340",
    "ciente_numero": 551089101,
    "pago_tipo": "EFECTIVO",
    "productos": [
        {
            "codigo": "57NeFoHN6o",
            "total": 15,
            "valor_unitario": 318451,
            "descuento": 0.06,
            "IVA": 0
        },
        {
            "codigo": "sK0sjzzP9c",
            "total": 1,
            "valor_unitario": 817527,
            "descuento": 0.04,
            "IVA": 5
        },
        {
            "codigo": "qEctrEVtX9",
            "total": 20,
            "valor_unitario": 718820,
            "descuento": 0.2,
            "IVA": 0
        },
        {
            "codigo": "fGhfTZX7No",
            "total": 20,
            "valor_unitario": 593060,
            "descuento": 0.33,
            "IVA": 5
        },
        {
            "codigo": "xn5LYj61x0",
            "total": 2,
            "valor_unitario": 864719,
            "descuento": 0.33,
            "IVA": 0
        },
        {
            "codigo": "E1Fj8a38Md",
            "total": 11,
            "valor_unitario": 531729,
            "descuento": 0.46,
            "IVA": 19
        }
    ]
}