{
    "empresa_nit": "456789123",
    "empresa_ciudad": "CALI",
    "empresa_sede": "alcaldia",
    "empresa_nombre": "Despensa Natura",
    "fecha_hora": "2025-01-26 10:11:31",
    "factura_num": "01074",
    "ciente_numero": 11925307,
    "pago_tipo": "TAR.CREDITO",
    "productos": [
        {
            "codigo": "B5lYj5TnTX",
            "total": 1,
            "valor_unitario": 747585,
            "descuento": 0.03,
            "IVA": 5
        },
        {
            "codigo": "CSS88aUX4Y",
            "total": 7,
            "valor_unitario": 261915,
            "descuento": 0.45,
            "IVA": 0
        },
        {
            "codigo": "OIycBifABH",
            "total": 17,
            "valor_unitario": 620981,
            "descuento": 0.16,
            "IVA": 0
        },
        {
            "codigo": "IJ43F3MN5I",
            "total": 19,
            "valor_unitario": 815868,
            "descuento": 0.04,
            "IVA": 0
        },
        {
            "codigo": "vi6aoBUjIx",
            "total": 17,
            "valor_unitario": 86914,
            "descuento": 0.43,
            "IVA": 0
        },
        {
            "codigo": "3LBHq1PC8c",
            "total": 10,
            "valor_unitario": 958671,
            "descuento": 0.35,
            "IVA": 0
        },
        {
            "codigo": "6B9mKM1jkA",
            "total": 2,
            "valor_unitario": 170406,
            "descuento": 0.4,
            "IVA": 0
        },
        {
            "codigo": "rRJoiiKsUx",
            "total": 16,
            "valor_unitario": 498291,
            "descuento": 0.29,
            "IVA": 0
        },
        {
            "codigo": "iG96MAAlWT",
            "total": 10,
            "valor_unitario": 527742,
            "descuento": 0.15,
            "IVA": 0
        },
        {
            "codigo": "nLwFIL13Zx",
            "total": 6,
            "valor_unitario": 951999,
            "descuento": 0.16,
            "IVA": 5
        },
        {
            "codigo": "dvqvVsq9lW",
            "total": 5,
            "valor_unitario": 878572,
            "descuento": 0.03,
            "IVA": 19
        },
        {
            "codigo": "k0F79Gsyj1",
            "total": 6,
            "valor_unitario": 297146,
            "descuento": 0.34,
            "IVA": 0
        },
        {
            "codigo": "NH4FAdVLf0",
            "total": 16,
            "valor_unitario": 41260,
            "descuento": 0.43,
            "IVA": 0
        },
        {
            "codigo": "2U07gHIH1L",
            "total": 18,
            "valor_unitario": 454911,
            "descuento": 0.1,
            "IVA": 19
        },
        {
            "codigo": "oqTJBLTbAZ",
            "total": 12,
            "valor_unitario": 518155,
            "descuento": 0.03,
            "IVA": 5
        },
        {
            "codigo": "hrCwOzPBrn",
            "total": 4,
            "valor_unitario": 995172,
            "descuento": 0.24,
            "IVA": 0
        },
        {
            "codigo": "hwNIXrHMbS",
            "total": 9,
            "valor_unitario": 409815,
            "descuento": 0.28,
            "IVA": 19
        },
        {
            "codigo": "urIqM71s5L",
            "total": 20,
            "valor_unitario": 578872,
            "descuento": 0.05,
            "IVA": 0
        },
        {
            "codigo": "Kc6IhT6gXz",
            "total": 20,
            "valor_unitario": 122167,
            "descuento": 0.3,
            "IVA": 19
        },
        {
            "codigo": "eYD6fo05zp",
            "total": 10,
            "valor_unitario": 375286,
            "descuento": 0.04,
            "IVA": 5
        }
    ]
}