{
    "empresa_nit": "456789123",
    "empresa_ciudad": "BOGOTA",
    "empresa_sede": "centro",
    "empresa_nombre": "Despensa Natura",
    "fecha_hora": "2022-09-06 03:48:12",
    "factura_num": "00237",
    "ciente_numero": 477846994,
    "pago_tipo": "EFECTIVO",
    "productos": [
        {
            "codigo": "EqeKIqnQiD",
            "total": 2,
            "valor_unitario": 308973,
            "descuento": 0.28,
            "IVA": 5
        },
        {
            "codigo": "nbl7BfyNsk",
            "total": 16,
            "valor_unitario": 660334,
            "descuento": 0.48,
            "IVA": 0
        },
        {
            "codigo": "YYZPUsL0Nm",
            "total": 14,
            "valor_unitario": 882275,
            "descuento": 0.05,
            "IVA": 19
        },
        {
            "codigo": "LX0NLhyzOF",
            "total": 18,
            "valor_unitario": 897678,
            "descuento": 0.02,
            "IVA": 0
        },
        {
            "codigo": "94MfmS7uHp",
            "total": 1,
            "valor_unitario": 898152,
            "descuento": 0.14,
            "IVA": 0
        },
        {
            "codigo": "e8YbRXmSOc",
            "total": 15,
            "valor_unitario": 774024,
            "descuento": 0.01,
            "IVA": 0
        },
        {
            "codigo": "OOOhPyCSXB",
            "total": 7,
            "valor_unitario": 362630,
            "descuento": 0.35,
            "IVA": 0
        },
        {
            "codigo": "gm4dpqllrL",
            "total": 10,
            "valor_unitario": 152215,
            "descuento": 0.11,
            "IVA": 0
        },
        {
            "codigo": "MKHjBXOoL8",
            "total": 9,
            "valor_unitario": 354509,
            "descuento": 0.24,
            "IVA": 0
        },
        {
            "codigo": "npnFPgZPW8",
            "total": 20,
            "valor_unitario": 313195,
            "descuento": 0.07,
            "IVA": 5
        }
    ]
}