{
    "empresa_nit": "456789123",
    "empresa_ciudad": "MEDELLIN",
    "empresa_sede": "aeropuerto",
    "empresa_nombre": "Despensa Natura",
    "fecha_hora": "2024-07-22 12:01:44",
    "factura_num": "01078",
    "ciente_numero": 469416611,
    "pago_tipo": "TRANFERENCIA",
    "productos": [
        {
            "codigo": "pelRooIGvw",
            "total": 6,
            "valor_unitario": 406024,
            "descuento": 0.18,
            "IVA": 5
        },
        {
            "codigo": "B9Ia9z8X9r",
            "total": 19,
            "valor_unitario": 691299,
            "descuento": 0.03,
            "IVA": 19
        },
        {
            "codigo": "uivDLyCbyv",
            "total": 13,
            "valor_unitario": 786211,
            "descuento": 0.25,
            "IVA": 19
        },
        {
            "codigo": "OfeiDkzn9U",
            "total": 3,
            "valor_unitario": 227185,
            "descuento": 0.01,
            "IVA": 19
        },
        {
            "codigo": "kX9grKSDZh",
            "total": 20,
            "valor_unitario": 745666,
            "descuento": 0.3,
            "IVA": 5
        }
    ]
}