{
    "empresa_nit": "456789123",
    "empresa_ciudad": "BARRANQUILLA",
    "empresa_sede": "terminal",
    "empresa_nombre": "Despensa Natura",
    "fecha_hora": "2022-02-27 11:23:17",
    "factura_num": "00353",
    "ciente_numero": 970105860,
    "pago_tipo": "TRANFERENCIA",
    "productos": [
        {
            "codigo": "oCtUd8cM9C",
            "total": 4,
            "valor_unitario": 286526,
            "descuento": 0.26,
            "IVA": 19
        },
        {
            "codigo": "ojGtIYjx85",
            "total": 5,
            "valor_unitario": 504172,
            "descuento": 0.23,
            "IVA": 19
        }
    ]
}