{
    "empresa_nit": "456789123",
    "empresa_ciudad": "CALI",
    "empresa_sede": "terminal",
    "empresa_nombre": "Despensa Natura",
    "fecha_hora": "2024-05-23 14:12:19",
    "factura_num": "00229",
    "ciente_numero": 464822250,
    "pago_tipo": "TAR.DEBITO",
    "productos": [
        {
            "codigo": "iHI4CjJtnB",
            "total": 19,
            "valor_unitario": 9807,
            "descuento": 0.4,
            "IVA": 0
        },
        {
            "codigo": "44IWe1a6bn",
            "total": 15,
            "valor_unitario": 503340,
            "descuento": 0.28,
            "IVA": 19
        },
        {
            "codigo": "cwBoBJf6Pv",
            "total": 12,
            "valor_unitario": 835736,
            "descuento": 0.06,
            "IVA": 19
        },
        {
            "codigo": "36H5lBuJwI",
            "total": 17,
            "valor_unitario": 45723,
            "descuento": 0.22,
            "IVA": 0
        },
        {
            "codigo": "KVjvYYVPAR",
            "total": 6,
            "valor_unitario": 573352,
            "descuento": 0.25,
            "IVA": 19
        },
        {
            "codigo": "tRqrutf4Ev",
            "total": 18,
            "valor_unitario": 184239,
            "descuento": 0.05,
            "IVA": 19
        },
        {
            "codigo": "G91WuAGUjH",
            "total": 6,
            "valor_unitario": 275177,
            "descuento": 0.05,
            "IVA": 0
        },
        {
            "codigo": "aTWNAkbTdu",
            "total": 5,
            "valor_unitario": 666081,
            "descuento": 0.15,
            "IVA": 5
        },
        {
            "codigo": "KgwpALf6x2",
            "total": 1,
            "valor_unitario": 503068,
            "descuento": 0.03,
            "IVA": 19
        },
        {
            "codigo": "yWhU7W4dpy",
            "total": 14,
            "valor_unitario": 361397,
            "descuento": 0.42,
            "IVA": 5
        },
        {
            "codigo": "Q3SMARq10e",
            "total": 5,
            "valor_unitario": 96595,
            "descuento": 0.48,
            "IVA": 19
        },
        {
            "codigo": "F3unZqA7Dv",
            "total": 20,
            "valor_unitario": 37595,
            "descuento": 0.45,
            "IVA": 0
        }
    ]
}