{
    "empresa_nit": "456789123",
    "empresa_ciudad": "MEDELLIN",
    "empresa_sede": "alcaldia",
    "empresa_nombre": "Despensa Natura",
    "fecha_hora": "2021-03-14 03:03:39",
    "factura_num": "00383",
    "ciente_numero": 231554679,
    "pago_tipo": "TAR.DEBITO",
    "productos": [
        {
            "codigo": "L6SW69JFHn",
            "total": 8,
            "valor_unitario": 312002,
            "descuento": 0.25,
            "IVA": 0
        },
        {
            "codigo": "AfRNdaM7Ei",
            "total": 17,
            "valor_unitario": 945513,
            "descuento": 0.37,
            "IVA": 5
        },
        {
            "codigo": "rrZg0uMw8m",
            "total": 14,
            "valor_unitario": 148565,
            "descuento": 0.29,
            "IVA": 0
        },
        {
            "codigo": "9wyvcKXEcJ",
            "total": 6,
            "valor_unitario": 293747,
            "descuento": 0.26,
            "IVA": 19
        },
        {
            "codigo": "okODlLNZDj",
            "total": 5,
            "valor_unitario": 976650,
            "descuento": 0.16,
            "IVA": 5
        },
        {
            "codigo": "4My0dhnMa0",
            "total": 10,
            "valor_unitario": 776342,
            "descuento": 0.29,
            "IVA": 5
        },
        {
            "codigo": "8XpXUiMdFq",
            "total": 17,
            "valor_unitario": 24747,
            "descuento": 0.09,
            "IVA": 0
        },
        {
            "codigo": "4jMPWPmK6c",
            "total": 17,
            "valor_unitario": 737681,
            "descuento": 0.04,
            "IVA": 5
        },
        {
            "codigo": "JiRzihuyRH",
            "total": 16,
            "valor_unitario": 895689,
            "descuento": 0.38,
            "IVA": 0
        },
        {
            "codigo": "bRLqzskCwv",
            "total": 10,
            "valor_unitario": 263220,
            "descuento": 0.1,
            "IVA": 19
        },
        {
            "codigo": "20bbDZmhro",
            "total": 17,
            "valor_unitario": 623941,
            "descuento": 0.41,
            "IVA": 0
        }
    ]
}