{
    "empresa_nit": "456789123",
    "empresa_ciudad": "MEDELLIN",
    "empresa_sede": "plaza",
    "empresa_nombre": "Despensa Natura",
    "fecha_hora": "2024-11-24 20:19:18",
    "factura_num": "00245",
    "ciente_numero": 760730750,
    "pago_tipo": "TAR.DEBITO",
    "productos": [
        {
            "codigo": "xO4NoiZdGi",
            "total": 5,
            "valor_unitario": 436770,
            "descuento": 0.0,
            "IVA": 5
        },
        {
            "codigo": "0PIf8Xh6GL",
            "total": 18,
            "valor_unitario": 613752,
            "descuento": 0.31,
            "IVA": 5
        },
        {
            "codigo": "OcplaOAnKW",
            "total": 8,
            "valor_unitario": 809103,
            "descuento": 0.39,
            "IVA": 5
        },
        {
            "codigo": "NHtThaU5Iy",
            "total": 9,
            "valor_unitario": 877203,
            "descuento": 0.16,
            "IVA": 19
        },
        {
            "codigo": "uaAQvxNcUM",
            "total": 8,
            "valor_unitario": 930873,
            "descuento": 0.1,
            "IVA": 19
        },
        {
            "codigo": "s00m9ROhZG",
            "total": 4,
            "valor_unitario": 795428,
            "descuento": 0.0,
            "IVA": 0
        },
        {
            "codigo": "4obY58rccR",
            "total": 15,
            "valor_unitario": 767157,
            "descuento": 0.43,
            "IVA": 0
        },
        {
            "codigo": "Gyu1uwD5Iy",
            "total": 10,
            "valor_unitario": 135005,
            "descuento": 0.05,
            "IVA": 0
        },
        {
            "codigo": "SL8aI0OvfS",
            "total": 18,
            "valor_unitario": 865511,
            "descuento": 0.06,
            "IVA": 5
        },
        {
            "codigo": "Wt6DSk1pss",
            "total": 2,
            "valor_unitario": 730146,
            "descuento": 0.48,
            "IVA": 0
        },
        {
            "codigo": "p9BunuYBeP",
            "total": 14,
            "valor_unitario": 174664,
            "descuento": 0.22,
            "IVA": 5
        },
        {
            "codigo": "UNrqqzr5Lh",
            "total": 4,
            "valor_unitario": 250502,
            "descuento": 0.35,
            "IVA": 19
        },
        {
            "codigo": "bCztgLn9VU",
            "total": 5,
            "valor_unitario": 586575,
            "descuento": 0.42,
            "IVA": 0
        },
        {
            "codigo": "7EaIBo5Psv",
            "total": 7,
            "valor_unitario": 782099,
            "descuento": 0.38,
            "IVA": 19
        },
        {
            "codigo": "LjGHEEeU1I",
            "total": 14,
            "valor_unitario": 965426,
            "descuento": 0.12,
            "IVA": 19
        },
        {
            "codigo": "6jpHYOQSu0",
            "total": 10,
            "valor_unitario": 233766,
            "descuento": 0.05,
            "IVA": 5
        }
    ]
}