{
    "empresa_nit": "456789123",
    "empresa_ciudad": "CALI",
    "empresa_sede": "centro",
    "empresa_nombre": "Despensa Natura",
    "fecha_hora": "2024-10-02 15:15:09",
    "factura_num": "00113",
    "ciente_numero": 682239235,
    "pago_tipo": "EFECTIVO",
    "productos": [
        {
            "codigo": "6fhhs4p223",
            "total": 18,
            "valor_unitario": 826794,
            "descuento": 0.39,
            "IVA": 19
        },
        {
            "codigo": "o8xKqrmsDj",
            "total": 3,
            "valor_unitario": 337164,
            "descuento": 0.09,
            "IVA": 5
        },
        {
            "codigo": "b0N8xcFZYh",
            "total": 9,
            "valor_unitario": 902593,
            "descuento": 0.36,
            "IVA": 5
        },
        {
            "codigo": "3DjCmIXumu",
            "total": 1,
            "valor_unitario": 485866,
            "descuento": 0.03,
            "IVA": 0
        }
    ]
}