{
    "empresa_nit": "456789123",
    "empresa_ciudad": "BOGOTA",
    "empresa_sede": "terminal",
    "empresa_nombre": "Despensa Natura",
    "fecha_hora": "2021-08-30 23:05:40",
    "factura_num": "00374",
    "ciente_numero": 686073393,
    "pago_tipo": "TAR.DEBITO",
    "productos": [
        {
            "codigo": "HHYKHmg0rF",
            "total": 11,
            "valor_unitario": 338282,
            "descuento": 0.49,
            "IVA": 0
        },
        {
            "codigo": "L44tJ1k8C8",
            "total": 13,
            "valor_unitario": 386516,
            "descuento": 0.01,
            "IVA": 19
        },
        {
            "codigo": "8YXcfh6HP6",
            "total": 9,
            "valor_unitario": 978929,
            "descuento": 0.05,
            "IVA": 19
        },
        {
            "codigo": "ej5Hy27Y9v",
            "total": 19,
            "valor_unitario": 303936,
            "descuento": 0.11,
            "IVA": 5
        },
        {
            "codigo": "ak2kp1rNqg",
            "total": 9,
            "valor_unitario": 264780,
            "descuento": 0.25,
            "IVA": 0
        },
        {
            "codigo": "JDNdlmUAqi",
            "total": 11,
            "valor_unitario": 184287,
            "descuento": 0.32,
            "IVA": 5
        },
        {
            "codigo": "VbMAEUdYhW",
            "total": 20,
            "valor_unitario": 971397,
            "descuento": 0.44,
            "IVA": 19
        },
        {
            "codigo": "46GFIb9U2v",
            "total": 3,
            "valor_unitario": 580142,
            "descuento": 0.38,
            "IVA": 0
        },
        {
            "codigo": "teNnozkH9N",
            "total": 19,
            "valor_unitario": 381910,
            "descuento": 0.35,
            "IVA": 19
        },
        {
            "codigo": "MyIjynoKIT",
            "total": 10,
            "valor_unitario": 723773,
            "descuento": 0.13,
            "IVA": 19
        },
        {
            "codigo": "0oGtHQcRDN",
            "total": 8,
            "valor_unitario": 281411,
            "descuento": 0.27,
            "IVA": 19
        },
        {
            "codigo": "3WhC8zYm3B",
            "total": 13,
            "valor_unitario": 853146,
            "descuento": 0.37,
            "IVA": 19
        },
        {
            "codigo": "JXZ3wbtVMC",
            "total": 16,
            "valor_unitario": 425691,
            "descuento": 0.02,
            "IVA": 19
        }
    ]
}