{
    "empresa_nit": "456789123",
    "empresa_ciudad": "CALI",
    "empresa_sede": "autopista",
    "empresa_nombre": "Despensa Natura",
    "fecha_hora": "2023-01-11 22:29:28",
    "factura_num": "00173",
    "ciente_numero": 436831086,
    "pago_tipo": "TRANFERENCIA",
    "productos": [
        {
            "codigo": "ayEXAJSNmN",
            "total": 3,
            "valor_unitario": 639068,
            "descuento": 0.47,
            "IVA": 0
        },
        {
            "codigo": "dUUdLAMb5p",
            "total": 19,
            "valor_unitario": 654696,
            "descuento": 0.17,
            "IVA": 0
        },
        {
            "codigo": "XgLGkgEXrJ",
            "total": 4,
            "valor_unitario": 366936,
            "descuento": 0.28,
            "IVA": 19
        },
        {
            "codigo": "yLSqCgUhDC",
            "total": 1,
            "valor_unitario": 869138,
            "descuento": 0.05,
            "IVA": 0
        },
        {
            "codigo": "rVbHnObeHd",
            "total": 15,
            "valor_unitario": 323287,
            "descuento": 0.46,
            "IVA": 0
        },
        {
            "codigo": "rvi8fxnM8y",
            "total": 13,
            "valor_unitario": 578672,
            "descuento": 0.11,
            "IVA": 0
        },
        {
            "codigo": "cbA4R8LYEp",
            "total": 13,
            "valor_unitario": 984469,
            "descuento": 0.48,
            "IVA": 0
        },
        {
            "codigo": "fKa7KYQM6t",
            "total": 12,
            "valor_unitario": 148622,
            "descuento": 0.43,
            "IVA": 19
        },
        {
            "codigo": "vOLGO1QQbu",
            "total": 16,
            "valor_unitario": 372320,
            "descuento": 0.31,
            "IVA": 5
        },
        {
            "codigo": "APmQ8eldQ1",
            "total": 11,
            "valor_unitario": 343582,
            "descuento": 0.34,
            "IVA": 5
        }
    ]
}