{
    "empresa_nit": "456789123",
    "empresa_ciudad": "BARRANQUILLA",
    "empresa_sede": "terminal",
    "empresa_nombre": "Despensa Natura",
    "fecha_hora": "2021-04-14 02:35:29",
    "factura_num": "00225",
    "ciente_numero": 317733319,
    "pago_tipo": "EFECTIVO",
    "productos": [
        {
            "codigo": "unvANlSfgF",
            "total": 2,
            "valor_unitario": 920516,
            "descuento": 0.18,
            "IVA": 5
        },
        {
            "codigo": "ABOMHv5FY6",
            "total": 6,
            "valor_unitario": 468479,
            "descuento": 0.33,
            "IVA": 19
        },
        {
            "codigo": "CtBfMA67es",
            "total": 4,
            "valor_unitario": 133065,
            "descuento": 0.2,
            "IVA": 0
        },
        {
            "codigo": "Ny4iI1j2I9",
            "total": 20,
            "valor_unitario": 631383,
            "descuento": 0.22,
            "IVA": 19
        },
        {
            "codigo": "ykvmrZ44Qs",
            "total": 19,
            "valor_unitario": 138401,
            "descuento": 0.32,
            "IVA": 19
        },
        {
            "codigo": "ijX8mnrdwL",
            "total": 18,
            "valor_unitario": 340344,
            "descuento": 0.13,
            "IVA": 0
        },
        {
            "codigo": "BzJrxt4YDW",
            "total": 20,
            "valor_unitario": 655503,
            "descuento": 0.13,
            "IVA": 0
        }
    ]
}