{
    "empresa_nit": "456789123",
    "empresa_ciudad": "CALI",
    "empresa_sede": "alcaldia",
    "empresa_nombre": "Despensa Natura",
    "fecha_hora": "2020-09-05 08:08:22",
    "factura_num": "01138",
    "ciente_numero": 823915892,
    "pago_tipo": "TRANFERENCIA",
    "productos": [
        {
            "codigo": "vNe0lx4ZzW",
            "total": 14,
            "valor_unitario": 452707,
            "descuento": 0.12,
            "IVA": 19
        },
        {
            "codigo": "04HRMPdswn",
            "total": 2,
            "valor_unitario": 725260,
            "descuento": 0.17,
            "IVA": 0
        },
        {
            "codigo": "vgSJUIsslg",
            "total": 3,
            "valor_unitario": 795835,
            "descuento": 0.24,
            "IVA": 0
        },
        {
            "codigo": "3VVlDOFlLv",
            "total": 6,
            "valor_unitario": 471118,
            "descuento": 0.35,
            "IVA": 5
        },
        {
            "codigo": "fdoPQpINRg",
            "total": 11,
            "valor_unitario": 416639,
            "descuento": 0.18,
            "IVA": 19
        },
        {
            "codigo": "SrrWiSIFZH",
            "total": 3,
            "valor_unitario": 366270,
            "descuento": 0.18,
            "IVA": 19
        },
        {
            "codigo": "wDa9BwRL7f",
            "total": 1,
            "valor_unitario": 74106,
            "descuento": 0.17,
            "IVA": 0
        },
        {
            "codigo": "JlUqEdDtAf",
            "total": 13,
            "valor_unitario": 692168,
            "descuento": 0.35,
            "IVA": 0
        },
        {
            "codigo": "wwcD1AyC4e",
            "total": 7,
            "valor_unitario": 888965,
            "descuento": 0.05,
            "IVA": 5
        },
        {
            "codigo": "u4bVdSJbet",
            "total": 17,
            "valor_unitario": 545464,
            "descuento": 0.31,
            "IVA": 5
        },
        {
            "codigo": "RfPm9P6AWF",
            "total": 14,
            "valor_unitario": 546631,
            "descuento": 0.15,
            "IVA": 19
        },
        {
            "codigo": "A6AvD8l3NF",
            "total": 11,
            "valor_unitario": 897274,
            "descuento": 0.02,
            "IVA": 0
        },
        {
            "codigo": "lyo3TA6zZI",
            "total": 5,
            "valor_unitario": 422955,
            "descuento": 0.37,
            "IVA": 5
        },
        {
            "codigo": "EGtrZfOJ4V",
            "total": 10,
            "valor_unitario": 293425,
            "descuento": 0.47,
            "IVA": 5
        },
        {
            "codigo": "RzqFcSf5yi",
            "total": 10,
            "valor_unitario": 585342,
            "descuento": 0.27,
            "IVA": 5
        },
        {
            "codigo": "LWkuJkIX7r",
            "total": 8,
            "valor_unitario": 817578,
            "descuento": 0.49,
            "IVA": 5
        }
    ]
}