{
    "empresa_nit": "456789123",
    "empresa_ciudad": "CALI",
    "empresa_sede": "centro",
    "empresa_nombre": "Despensa Natura",
    "fecha_hora": "2022-07-31 12:29:37",
    "factura_num": "01028",
    "ciente_numero": 846736349,
    "pago_tipo": "EFECTIVO",
    "productos": [
        {
            "codigo": "ZmfCVgmQLi",
            "total": 12,
            "valor_unitario": 438081,
            "descuento": 0.3,
            "IVA": 5
        },
        {
            "codigo": "bjx9KrLdAZ",
            "total": 6,
            "valor_unitario": 3269,
            "descuento": 0.21,
            "IVA": 5
        },
        {
            "codigo": "Fp1vFx24vj",
            "total": 2,
            "valor_unitario": 958612,
            "descuento": 0.32,
            "IVA": 5
        },
        {
            "codigo": "WJEjHQFuPq",
            "total": 2,
            "valor_unitario": 187019,
            "descuento": 0.07,
            "IVA": 5
        },
        {
            "codigo": "s35U7GoFP2",
            "total": 4,
            "valor_unitario": 379052,
            "descuento": 0.32,
            "IVA": 5
        },
        {
            "codigo": "8e8GXkpwuS",
            "total": 16,
            "valor_unitario": 559740,
            "descuento": 0.13,
            "IVA": 0
        },
        {
            "codigo": "kNtWv4d5IG",
            "total": 8,
            "valor_unitario": 998312,
            "descuento": 0.16,
            "IVA": 19
        },
        {
            "codigo": "WGTX5YzWKq",
            "total": 8,
            "valor_unitario": 385561,
            "descuento": 0.37,
            "IVA": 19
        },
        {
            "codigo": "T4UughXp2c",
            "total": 17,
            "valor_unitario": 367986,
            "descuento": 0.2,
            "IVA": 0
        },
        {
            "codigo": "jkMj2CLTyv",
            "total": 17,
            "valor_unitario": 432971,
            "descuento": 0.24,
            "IVA": 19
        },
        {
            "codigo": "c9NRFwwceo",
            "total": 7,
            "valor_unitario": 397934,
            "descuento": 0.25,
            "IVA": 19
        },
        {
            "codigo": "1n0FxGUIYj",
            "total": 5,
            "valor_unitario": 396432,
            "descuento": 0.05,
            "IVA": 19
        },
        {
            "codigo": "31oGTNXfNs",
            "total": 9,
            "valor_unitario": 269473,
            "descuento": 0.02,
            "IVA": 0
        },
        {
            "codigo": "Mdd8mFShb5",
            "total": 18,
            "valor_unitario": 911890,
            "descuento": 0.05,
            "IVA": 19
        },
        {
            "codigo": "YnVJdhNDTF",
            "total": 13,
            "valor_unitario": 641450,
            "descuento": 0.03,
            "IVA": 19
        },
        {
            "codigo": "jykbmFJsw2",
            "total": 12,
            "valor_unitario": 65437,
            "descuento": 0.22,
            "IVA": 5
        }
    ]
}