{
    "empresa_nit": "456789123",
    "empresa_ciudad": "BARRANQUILLA",
    "empresa_sede": "alcaldia",
    "empresa_nombre": "Despensa Natura",
    "fecha_hora": "2021-01-08 01:08:57",
    "factura_num": "00017",
    "ciente_numero": 519610389,
    "pago_tipo": "TAR.CREDITO",
    "productos": [
        {
            "codigo": "Glxv3t6x8X",
            "total": 13,
            "valor_unitario": 327036,
            "descuento": 0.23,
            "IVA": 19
        },
        {
            "codigo": "EWi9wxqpOK",
            "total": 5,
            "valor_unitario": 581665,
            "descuento": 0.0,
            "IVA": 19
        },
        {
            "codigo": "aMEOa8jFzA",
            "total": 7,
            "valor_unitario": 647181,
            "descuento": 0.22,
            "IVA": 19
        }
    ]
}