{
    "empresa_nit": "456789123",
    "empresa_ciudad": "BARRANQUILLA",
    "empresa_sede": "aeropuerto",
    "empresa_nombre": "Despensa Natura",
    "fecha_hora": "2023-09-05 16:29:14",
    "factura_num": "00271",
    "ciente_numero": 350844916,
    "pago_tipo": "TAR.DEBITO",
    "productos": [
        {
            "codigo": "hhflPEVlwE",
            "total": 6,
            "valor_unitario": 817742,
            "descuento": 0.48,
            "IVA": 19
        },
        {
            "codigo": "oKJ7k1WvTU",
            "total": 10,
            "valor_unitario": 561323,
            "descuento": 0.33,
            "IVA": 19
        },
        {
            "codigo": "9ENkeF7oyk",
            "total": 10,
            "valor_unitario": 440801,
            "descuento": 0.07,
            "IVA": 5
        },
        {
            "codigo": "poChsavo2v",
            "total": 5,
            "valor_unitario": 317612,
            "descuento": 0.14,
            "IVA": 5
        },
        {
            "codigo": "qhzdq7K2Y4",
            "total": 4,
            "valor_unitario": 71206,
            "descuento": 0.24,
            "IVA": 0
        },
        {
            "codigo": "2C7PuUjuAo",
            "total": 2,
            "valor_unitario": 329296,
            "descuento": 0.12,
            "IVA": 0
        },
        {
            "codigo": "qgjlS0YXY8",
            "total": 11,
            "valor_unitario": 170570,
            "descuento": 0.32,
            "IVA": 0
        },
        {
            "codigo": "rAhjK1Zwpb",
            "total": 18,
            "valor_unitario": 841481,
            "descuento": 0.24,
            "IVA": 5
        },
        {
            "codigo": "h5zE2INAzx",
            "total": 13,
            "valor_unitario": 759227,
            "descuento": 0.35,
            "IVA": 5
        },
        {
            "codigo": "64gql1fKxg",
            "total": 14,
            "valor_unitario": 93984,
            "descuento": 0.05,
            "IVA": 5
        },
        {
            "codigo": "6l1Wha34o5",
            "total": 10,
            "valor_unitario": 422074,
            "descuento": 0.17,
            "IVA": 0
        },
        {
            "codigo": "I6hWndDDcH",
            "total": 18,
            "valor_unitario": 747997,
            "descuento": 0.48,
            "IVA": 19
        }
    ]
}