{
    "empresa_nit": "456789123",
    "empresa_ciudad": "TUNJA",
    "empresa_sede": "centro",
    "empresa_nombre": "Despensa Natura",
    "fecha_hora": "2024-02-01 18:09:55",
    "factura_num": "00028",
    "ciente_numero": 373272915,
    "pago_tipo": "EFECTIVO",
    "productos": [
        {
            "codigo": "a9hvPQGI2y",
            "total": 12,
            "valor_unitario": 316725,
            "descuento": 0.06,
            "IVA": 0
        },
        {
            "codigo": "OVA2kBil7s",
            "total": 15,
            "valor_unitario": 716305,
            "descuento": 0.5,
            "IVA": 5
        },
        {
            "codigo": "Ak4qFAaO6Q",
            "total": 13,
            "valor_unitario": 914810,
            "descuento": 0.42,
            "IVA": 5
        },
        {
            "codigo": "COQtUqUYJZ",
            "total": 16,
            "valor_unitario": 839273,
            "descuento": 0.21,
            "IVA": 5
        },
        {
            "codigo": "0JTSKEJS74",
            "total": 8,
            "valor_unitario": 888068,
            "descuento": 0.22,
            "IVA": 5
        },
        {
            "codigo": "yUTLhyi1HL",
            "total": 14,
            "valor_unitario": 174367,
            "descuento": 0.48,
            "IVA": 19
        },
        {
            "codigo": "peCLEBByHG",
            "total": 15,
            "valor_unitario": 206228,
            "descuento": 0.16,
            "IVA": 19
        },
        {
            "codigo": "v6o6KfbvMT",
            "total": 6,
            "valor_unitario": 691157,
            "descuento": 0.13,
            "IVA": 0
        },
        {
            "codigo": "BC2nGQ5qJI",
            "total": 16,
            "valor_unitario": 441450,
            "descuento": 0.16,
            "IVA": 0
        },
        {
            "codigo": "pv8j3CBJzB",
            "total": 3,
            "valor_unitario": 329871,
            "descuento": 0.18,
            "IVA": 5
        },
        {
            "codigo": "i3gnNjKypc",
            "total": 2,
            "valor_unitario": 899253,
            "descuento": 0.3,
            "IVA": 0
        },
        {
            "codigo": "xO3aROdrzD",
            "total": 2,
            "valor_unitario": 580588,
            "descuento": 0.26,
            "IVA": 5
        },
        {
            "codigo": "ynxyFsZpV2",
            "total": 14,
            "valor_unitario": 347362,
            "descuento": 0.4,
            "IVA": 5
        }
    ]
}