{
    "empresa_nit": "456789123",
    "empresa_ciudad": "BARRANQUILLA",
    "empresa_sede": "autopista",
    "empresa_nombre": "Despensa Natura",
    "fecha_hora": "2023-10-04 15:08:35",
    "factura_num": "00157",
    "ciente_numero": 777447215,
    "pago_tipo": "TRANFERENCIA",
    "productos": [
        {
            "codigo": "LTpDZTiM8k",
            "total": 18,
            "valor_unitario": 51348,
            "descuento": 0.05,
            "IVA": 0
        },
        {
            "codigo": "7LjfNZjcKX",
            "total": 19,
            "valor_unitario": 104743,
            "descuento": 0.23,
            "IVA": 19
        },
        {
            "codigo": "j71xNdU7Bl",
            "total": 13,
            "valor_unitario": 724308,
            "descuento": 0.18,
            "IVA": 5
        },
        {
            "codigo": "k7LmGJlh4t",
            "total": 5,
            "valor_unitario": 443519,
            "descuento": 0.31,
            "IVA": 19
        }
    ]
}