{
    "empresa_nit": "456789123",
    "empresa_ciudad": "BOGOTA",
    "empresa_sede": "centro",
    "empresa_nombre": "Despensa Natura",
    "fecha_hora": "2022-11-19 16:02:48",
    "factura_num": "00150",
    "ciente_numero": 124443135,
    "pago_tipo": "TRANFERENCIA",
    "productos": [
        {
            "codigo": "WThBHBQp5c",
            "total": 1,
            "valor_unitario": 158930,
            "descuento": 0.03,
            "IVA": 5
        },
        {
            "codigo": "RMc5lUBGVN",
            "total": 10,
            "valor_unitario": 669126,
            "descuento": 0.15,
            "IVA": 5
        },
        {
            "codigo": "82Ai3lUxkM",
            "total": 15,
            "valor_unitario": 503407,
            "descuento": 0.37,
            "IVA": 19
        },
        {
            "codigo": "BUZEYioOZI",
            "total": 20,
            "valor_unitario": 817141,
            "descuento": 0.11,
            "IVA": 19
        },
        {
            "codigo": "wr9oJXt1UK",
            "total": 16,
            "valor_unitario": 708526,
            "descuento": 0.35,
            "IVA": 0
        },
        {
            "codigo": "PMEN3CAxyt",
            "total": 19,
            "valor_unitario": 322101,
            "descuento": 0.11,
            "IVA": 0
        },
        {
            "codigo": "kcNb5aIYGH",
            "total": 2,
            "valor_unitario": 288661,
            "descuento": 0.46,
            "IVA": 19
        },
        {
            "codigo": "ngXLo95Rpc",
            "total": 9,
            "valor_unitario": 301227,
            "descuento": 0.46,
            "IVA": 0
        }
    ]
}