{
    "empresa_nit": "456789123",
    "empresa_ciudad": "MEDELLIN",
    "empresa_sede": "alcaldia",
    "empresa_nombre": "Despensa Natura",
    "fecha_hora": "2024-05-09 15:04:04",
    "factura_num": "01118",
    "ciente_numero": 491772872,
    "pago_tipo": "TRANFERENCIA",
    "productos": [
        {
            "codigo": "FbQNt1N6Wm",
            "total": 3,
            "valor_unitario": 511511,
            "descuento": 0.41,
            "IVA": 19
        },
        {
            "codigo": "8KMGnElwaa",
            "total": 6,
            "valor_unitario": 297256,
            "descuento": 0.11,
            "IVA": 5
        },
        {
            "codigo": "5zcJjmfh27",
            "total": 15,
            "valor_unitario": 438672,
            "descuento": 0.21,
            "IVA": 5
        },
        {
            "codigo": "KrBpBaZTYR",
            "total": 20,
            "valor_unitario": 902848,
            "descuento": 0.26,
            "IVA": 5
        }
    ]
}