{
    "empresa_nit": "456789123",
    "empresa_ciudad": "TUNJA",
    "empresa_sede": "autopista",
    "empresa_nombre": "Despensa Natura",
    "fecha_hora": "2022-03-03 13:07:28",
    "factura_num": "00363",
    "ciente_numero": 505062164,
    "pago_tipo": "TAR.CREDITO",
    "productos": [
        {
            "codigo": "zprftB6jzt",
            "total": 14,
            "valor_unitario": 500663,
            "descuento": 0.47,
            "IVA": 5
        },
        {
            "codigo": "Km5u2jQqsc",
            "total": 2,
            "valor_unitario": 601266,
            "descuento": 0.15,
            "IVA": 0
        },
        {
            "codigo": "dpSUF811Ri",
            "total": 11,
            "valor_unitario": 920247,
            "descuento": 0.3,
            "IVA": 19
        },
        {
            "codigo": "NsD0duCbUF",
            "total": 5,
            "valor_unitario": 807789,
            "descuento": 0.43,
            "IVA": 19
        },
        {
            "codigo": "y3AM2PO4Pa",
            "total": 5,
            "valor_unitario": 396548,
            "descuento": 0.32,
            "IVA": 0
        }
    ]
}