{
    "empresa_nit": "456789123",
    "empresa_ciudad": "CALI",
    "empresa_sede": "aeropuerto",
    "empresa_nombre": "Despensa Natura",
    "fecha_hora": "2020-01-23 03:50:41",
    "factura_num": "01072",
    "ciente_numero": 162964155,
    "pago_tipo": "TAR.DEBITO",
    "productos": [
        {
            "codigo": "KF0EEHqJlH",
            "total": 11,
            "valor_unitario": 540774,
            "descuento": 0.41,
            "IVA": 0
        },
        {
            "codigo": "O6iNPayXbi",
            "total": 16,
            "valor_unitario": 66403,
            "descuento": 0.2,
            "IVA": 5
        },
        {
            "codigo": "gskbON3DWI",
            "total": 17,
            "valor_unitario": 850064,
            "descuento": 0.17,
            "IVA": 5
        },
        {
            "codigo": "Bn5faNzGUo",
            "total": 15,
            "valor_unitario": 244323,
            "descuento": 0.15,
            "IVA": 5
        },
        {
            "codigo": "TFyAUUNNGI",
            "total": 1,
            "valor_unitario": 984354,
            "descuento": 0.49,
            "IVA": 19
        },
        {
            "codigo": "MMWuVwURRj",
            "total": 4,
            "valor_unitario": 837971,
            "descuento": 0.3,
            "IVA": 19
        },
        {
            "codigo": "ruCINm2Iki",
            "total": 15,
            "valor_unitario": 736695,
            "descuento": 0.43,
            "IVA": 19
        }
    ]
}