{
    "empresa_nit": "456789123",
    "empresa_ciudad": "CALI",
    "empresa_sede": "centro",
    "empresa_nombre": "Despensa Natura",
    "fecha_hora": "2024-05-15 04:40:37",
    "factura_num": "00214",
    "ciente_numero": 106975511,
    "pago_tipo": "TAR.DEBITO",
    "productos": [
        {
            "codigo": "i99CkQz8oF",
            "total": 2,
            "valor_unitario": 865600,
            "descuento": 0.06,
            "IVA": 19
        },
        {
            "codigo": "PDlNVLuXLq",
            "total": 3,
            "valor_unitario": 277280,
            "descuento": 0.37,
            "IVA": 19
        },
        {
            "codigo": "RFR7fnSePk",
            "total": 5,
            "valor_unitario": 871076,
            "descuento": 0.27,
            "IVA": 0
        },
        {
            "codigo": "vtOyKvNisN",
            "total": 8,
            "valor_unitario": 344308,
            "descuento": 0.24,
            "IVA": 0
        },
        {
            "codigo": "tXWQT8hPpe",
            "total": 1,
            "valor_unitario": 930639,
            "descuento": 0.4,
            "IVA": 0
        },
        {
            "codigo": "n803i6GH1p",
            "total": 2,
            "valor_unitario": 223104,
            "descuento": 0.16,
            "IVA": 19
        },
        {
            "codigo": "C1f8WQ2Jxh",
            "total": 18,
            "valor_unitario": 386585,
            "descuento": 0.3,
            "IVA": 19
        }
    ]
}