{
    "empresa_nit": "456789123",
    "empresa_ciudad": "MEDELLIN",
    "empresa_sede": "plaza",
    "empresa_nombre": "Despensa Natura",
    "fecha_hora": "2023-09-07 12:00:10",
    "factura_num": "00172",
    "ciente_numero": 388068795,
    "pago_tipo": "TRANFERENCIA",
    "productos": [
        {
            "codigo": "yIqzeSThuO",
            "total": 10,
            "valor_unitario": 637260,
            "descuento": 0.43,
            "IVA": 5
        },
        {
            "codigo": "utnmbUZOhP",
            "total": 18,
            "valor_unitario": 886909,
            "descuento": 0.36,
            "IVA": 0
        },
        {
            "codigo": "fXcXbwKVP5",
            "total": 19,
            "valor_unitario": 730326,
            "descuento": 0.14,
            "IVA": 0
        },
        {
            "codigo": "YRYs87cHk0",
            "total": 18,
            "valor_unitario": 466661,
            "descuento": 0.25,
            "IVA": 5
        },
        {
            "codigo": "Q4TvnSVpEm",
            "total": 4,
            "valor_unitario": 298926,
            "descuento": 0.18,
            "IVA": 5
        },
        {
            "codigo": "vM9iItqqaj",
            "total": 11,
            "valor_unitario": 797170,
            "descuento": 0.44,
            "IVA": 5
        },
        {
            "codigo": "73M6Zp9x2A",
            "total": 11,
            "valor_unitario": 727835,
            "descuento": 0.25,
            "IVA": 5
        },
        {
            "codigo": "dZ6xvc9DQt",
            "total": 16,
            "valor_unitario": 225933,
            "descuento": 0.2,
            "IVA": 0
        },
        {
            "codigo": "nXmnRZSWBv",
            "total": 8,
            "valor_unitario": 846808,
            "descuento": 0.28,
            "IVA": 5
        },
        {
            "codigo": "avOdmbWUDM",
            "total": 6,
            "valor_unitario": 80869,
            "descuento": 0.37,
            "IVA": 0
        },
        {
            "codigo": "Ydc0atrvYx",
            "total": 13,
            "valor_unitario": 662287,
            "descuento": 0.06,
            "IVA": 5
        },
        {
            "codigo": "xaMCeqI6dC",
            "total": 18,
            "valor_unitario": 323693,
            "descuento": 0.38,
            "IVA": 19
        }
    ]
}