{
    "empresa_nit": "456789123",
    "empresa_ciudad": "BOGOTA",
    "empresa_sede": "centro",
    "empresa_nombre": "Despensa Natura",
    "fecha_hora": "2024-01-11 08:18:38",
    "factura_num": "00192",
    "ciente_numero": 160425860,
    "pago_tipo": "TAR.CREDITO",
    "productos": [
        {
            "codigo": "zcn8FXpFs3",
            "total": 6,
            "valor_unitario": 572019,
            "descuento": 0.44,
            "IVA": 19
        },
        {
            "codigo": "nZwoBaAecp",
            "total": 12,
            "valor_unitario": 295787,
            "descuento": 0.3,
            "IVA": 0
        },
        {
            "codigo": "BfxRAgv2fp",
            "total": 15,
            "valor_unitario": 764436,
            "descuento": 0.31,
            "IVA": 0
        },
        {
            "codigo": "I4ZrtDEy2S",
            "total": 1,
            "valor_unitario": 377079,
            "descuento": 0.5,
            "IVA": 5
        },
        {
            "codigo": "G7gE7R5zrT",
            "total": 5,
            "valor_unitario": 161847,
            "descuento": 0.4,
            "IVA": 19
        },
        {
            "codigo": "kiljncTQJK",
            "total": 9,
            "valor_unitario": 963555,
            "descuento": 0.15,
            "IVA": 0
        },
        {
            "codigo": "qHWT7y99zV",
            "total": 16,
            "valor_unitario": 448097,
            "descuento": 0.2,
            "IVA": 0
        },
        {
            "codigo": "cx3CWHHQug",
            "total": 13,
            "valor_unitario": 892549,
            "descuento": 0.12,
            "IVA": 5
        },
        {
            "codigo": "ZEv0AwWUWn",
            "total": 20,
            "valor_unitario": 126010,
            "descuento": 0.49,
            "IVA": 19
        },
        {
            "codigo": "33RSlzQJ6G",
            "total": 7,
            "valor_unitario": 321684,
            "descuento": 0.35,
            "IVA": 0
        },
        {
            "codigo": "3N0JNLaHir",
            "total": 19,
            "valor_unitario": 981531,
            "descuento": 0.41,
            "IVA": 0
        },
        {
            "codigo": "MZV4I8YBjV",
            "total": 10,
            "valor_unitario": 82240,
            "descuento": 0.24,
            "IVA": 0
        }
    ]
}