{
    "empresa_nit": "456789123",
    "empresa_ciudad": "BOGOTA",
    "empresa_sede": "autopista",
    "empresa_nombre": "Despensa Natura",
    "fecha_hora": "2023-06-13 22:43:22",
    "factura_num": "00175",
    "ciente_numero": 487967662,
    "pago_tipo": "EFECTIVO",
    "productos": [
        {
            "codigo": "FhqVjmGUbF",
            "total": 4,
            "valor_unitario": 127828,
            "descuento": 0.28,
            "IVA": 0
        },
        {
            "codigo": "5NxwM8FcGu",
            "total": 8,
            "valor_unitario": 14986,
            "descuento": 0.12,
            "IVA": 5
        },
        {
            "codigo": "UD8tTCqoJw",
            "total": 14,
            "valor_unitario": 296724,
            "descuento": 0.04,
            "IVA": 0
        },
        {
            "codigo": "n1PB63Iui1",
            "total": 12,
            "valor_unitario": 120316,
            "descuento": 0.34,
            "IVA": 0
        },
        {
            "codigo": "RU4vBUwwrP",
            "total": 1,
            "valor_unitario": 857125,
            "descuento": 0.18,
            "IVA": 19
        },
        {
            "codigo": "9Lo3RiEjgb",
            "total": 19,
            "valor_unitario": 69423,
            "descuento": 0.49,
            "IVA": 5
        },
        {
            "codigo": "E5dDj7dlsR",
            "total": 17,
            "valor_unitario": 786306,
            "descuento": 0.45,
            "IVA": 5
        },
        {
            "codigo": "Cu7viMglcu",
            "total": 19,
            "valor_unitario": 809179,
            "descuento": 0.29,
            "IVA": 0
        },
        {
            "codigo": "F4DC7PwsAf",
            "total": 4,
            "valor_unitario": 926779,
            "descuento": 0.08,
            "IVA": 19
        },
        {
            "codigo": "pIcCg3qOhu",
            "total": 3,
            "valor_unitario": 82260,
            "descuento": 0.1,
            "IVA": 19
        }
    ]
}