{
    "empresa_nit": "456789123",
    "empresa_ciudad": "BARRANQUILLA",
    "empresa_sede": "autopista",
    "empresa_nombre": "Despensa Natura",
    "fecha_hora": "2022-12-10 21:06:42",
    "factura_num": "00166",
    "ciente_numero": 556884032,
    "pago_tipo": "TAR.DEBITO",
    "productos": [
        {
            "codigo": "lkiwPRXu9n",
            "total": 13,
            "valor_unitario": 59531,
            "descuento": 0.46,
            "IVA": 0
        },
        {
            "codigo": "xfbu2CYUh7",
            "total": 17,
            "valor_unitario": 58997,
            "descuento": 0.22,
            "IVA": 0
        },
        {
            "codigo": "jxMYBMSk8G",
            "total": 19,
            "valor_unitario": 694096,
            "descuento": 0.16,
            "IVA": 0
        },
        {
            "codigo": "11dhCssVG0",
            "total": 5,
            "valor_unitario": 307920,
            "descuento": 0.41,
            "IVA": 19
        },
        {
            "codigo": "g8pFLOP4GL",
            "total": 14,
            "valor_unitario": 276533,
            "descuento": 0.34,
            "IVA": 19
        },
        {
            "codigo": "eDrWw3WeqH",
            "total": 1,
            "valor_unitario": 51551,
            "descuento": 0.15,
            "IVA": 0
        },
        {
            "codigo": "BuOFqxpZ57",
            "total": 16,
            "valor_unitario": 926777,
            "descuento": 0.14,
            "IVA": 19
        },
        {
            "codigo": "wdbp7RBzT3",
            "total": 17,
            "valor_unitario": 45537,
            "descuento": 0.5,
            "IVA": 19
        },
        {
            "codigo": "tUC3h08eVf",
            "total": 11,
            "valor_unitario": 985519,
            "descuento": 0.14,
            "IVA": 5
        },
        {
            "codigo": "iWeCsDQbYM",
            "total": 6,
            "valor_unitario": 570871,
            "descuento": 0.42,
            "IVA": 5
        }
    ]
}