{
    "empresa_nit": "456789123",
    "empresa_ciudad": "MEDELLIN",
    "empresa_sede": "plaza",
    "empresa_nombre": "Despensa Natura",
    "fecha_hora": "2023-04-13 06:32:21",
    "factura_num": "01014",
    "ciente_numero": 68087401,
    "pago_tipo": "EFECTIVO",
    "productos": [
        {
            "codigo": "0xDd47v8U0",
            "total": 5,
            "valor_unitario": 176326,
            "descuento": 0.17,
            "IVA": 0
        },
        {
            "codigo": "nmYFOPpKeM",
            "total": 3,
            "valor_unitario": 536089,
            "descuento": 0.23,
            "IVA": 19
        },
        {
            "codigo": "Z71qDjyFHF",
            "total": 7,
            "valor_unitario": 317947,
            "descuento": 0.15,
            "IVA": 0
        },
        {
            "codigo": "vtqOMnBdc4",
            "total": 12,
            "valor_unitario": 782771,
            "descuento": 0.31,
            "IVA": 5
        },
        {
            "codigo": "AvnEMol8U4",
            "total": 10,
            "valor_unitario": 363929,
            "descuento": 0.29,
            "IVA": 0
        },
        {
            "codigo": "e70wwbBLVA",
            "total": 8,
            "valor_unitario": 121128,
            "descuento": 0.04,
            "IVA": 19
        },
        {
            "codigo": "cH27ie0KEB",
            "total": 11,
            "valor_unitario": 641249,
            "descuento": 0.3,
            "IVA": 0
        },
        {
            "codigo": "nRl47rQ9kk",
            "total": 2,
            "valor_unitario": 697742,
            "descuento": 0.37,
            "IVA": 0
        },
        {
            "codigo": "arz43Ou6bl",
            "total": 9,
            "valor_unitario": 939352,
            "descuento": 0.07,
            "IVA": 0
        },
        {
            "codigo": "NiNhU2VHZ3",
            "total": 8,
            "valor_unitario": 89379,
            "descuento": 0.48,
            "IVA": 0
        },
        {
            "codigo": "c7JTu1C9T5",
            "total": 4,
            "valor_unitario": 30483,
            "descuento": 0.36,
            "IVA": 5
        },
        {
            "codigo": "KSHLCbYQhW",
            "total": 17,
            "valor_unitario": 339397,
            "descuento": 0.18,
            "IVA": 19
        },
        {
            "codigo": "ccLnKzHaaR",
            "total": 2,
            "valor_unitario": 946343,
            "descuento": 0.45,
            "IVA": 0
        },
        {
            "codigo": "SUXkTSCRjC",
            "total": 9,
            "valor_unitario": 716572,
            "descuento": 0.17,
            "IVA": 5
        },
        {
            "codigo": "xHsncyTLti",
            "total": 18,
            "valor_unitario": 946059,
            "descuento": 0.46,
            "IVA": 0
        },
        {
            "codigo": "J2ffcXsJRf",
            "total": 7,
            "valor_unitario": 574149,
            "descuento": 0.47,
            "IVA": 19
        },
        {
            "codigo": "uQ4thu2dZz",
            "total": 15,
            "valor_unitario": 184132,
            "descuento": 0.41,
            "IVA": 0
        },
        {
            "codigo": "P9aDGNqrbv",
            "total": 20,
            "valor_unitario": 744758,
            "descuento": 0.11,
            "IVA": 5
        },
        {
            "codigo": "Di3Vzy2CRN",
            "total": 17,
            "valor_unitario": 950171,
            "descuento": 0.36,
            "IVA": 5
        },
        {
            "codigo": "K4CDC0wDEM",
            "total": 5,
            "valor_unitario": 438638,
            "descuento": 0.14,
            "IVA": 5
        }
    ]
}