{
    "empresa_nit": "456789123",
    "empresa_ciudad": "BARRANQUILLA",
    "empresa_sede": "plaza",
    "empresa_nombre": "Despensa Natura",
    "fecha_hora": "2021-12-23 15:32:44",
    "factura_num": "01053",
    "ciente_numero": 731327766,
    "pago_tipo": "TRANFERENCIA",
    "productos": [
        {
            "codigo": "LGFnYJtO5k",
            "total": 18,
            "valor_unitario": 683285,
            "descuento": 0.08,
            "IVA": 5
        },
        {
            "codigo": "Zr7PiX8GJI",
            "total": 13,
            "valor_unitario": 719092,
            "descuento": 0.03,
            "IVA": 5
        },
        {
            "codigo": "hc7XgVp0bc",
            "total": 7,
            "valor_unitario": 636203,
            "descuento": 0.45,
            "IVA": 19
        },
        {
            "codigo": "zLzxUdSTmL",
            "total": 19,
            "valor_unitario": 164250,
            "descuento": 0.07,
            "IVA": 19
        },
        {
            "codigo": "MHT4qcwnap",
            "total": 15,
            "valor_unitario": 461307,
            "descuento": 0.38,
            "IVA": 5
        },
        {
            "codigo": "b3w5kGFc0O",
            "total": 5,
            "valor_unitario": 155404,
            "descuento": 0.05,
            "IVA": 19
        },
        {
            "codigo": "i6b7lpetER",
            "total": 17,
            "valor_unitario": 245560,
            "descuento": 0.41,
            "IVA": 19
        },
        {
            "codigo": "70POHVhHP5",
            "total": 19,
            "valor_unitario": 502301,
            "descuento": 0.36,
            "IVA": 5
        },
        {
            "codigo": "NMtGGLrkd9",
            "total": 20,
            "valor_unitario": 861537,
            "descuento": 0.22,
            "IVA": 19
        },
        {
            "codigo": "Kj9vlU49tN",
            "total": 8,
            "valor_unitario": 131905,
            "descuento": 0.04,
            "IVA": 0
        },
        {
            "codigo": "iTo6dDluya",
            "total": 17,
            "valor_unitario": 769899,
            "descuento": 0.41,
            "IVA": 5
        }
    ]
}