{
    "empresa_nit": "456789123",
    "empresa_ciudad": "BARRANQUILLA",
    "empresa_sede": "plaza",
    "empresa_nombre": "Despensa Natura",
    "fecha_hora": "2021-03-29 04:14:57",
    "factura_num": "00264",
    "ciente_numero": 878292888,
    "pago_tipo": "TAR.DEBITO",
    "productos": [
        {
            "codigo": "KdXAHk3eeC",
            "total": 12,
            "valor_unitario": 327348,
            "descuento": 0.5,
            "IVA": 5
        },
        {
            "codigo": "3535FaEQtt",
            "total": 16,
            "valor_unitario": 524884,
            "descuento": 0.05,
            "IVA": 0
        },
        {
            "codigo": "R6Chlivjlb",
            "total": 4,
            "valor_unitario": 876838,
            "descuento": 0.01,
            "IVA": 19
        },
        {
            "codigo": "BQ0up2owWP",
            "total": 1,
            "valor_unitario": 623937,
            "descuento": 0.11,
            "IVA": 5
        },
        {
            "codigo": "l353Q9DHeR",
            "total": 18,
            "valor_unitario": 924878,
            "descuento": 0.2,
            "IVA": 19
        },
        {
            "codigo": "Wy4mDdUCFc",
            "total": 9,
            "valor_unitario": 628513,
            "descuento": 0.41,
            "IVA": 19
        },
        {
            "codigo": "JmjPHjdBvI",
            "total": 16,
            "valor_unitario": 160750,
            "descuento": 0.03,
            "IVA": 5
        },
        {
            "codigo": "GeC8os8qVM",
            "total": 6,
            "valor_unitario": 582280,
            "descuento": 0.48,
            "IVA": 0
        },
        {
            "codigo": "TI5mvG2azu",
            "total": 14,
            "valor_unitario": 574220,
            "descuento": 0.18,
            "IVA": 0
        },
        {
            "codigo": "wv6pzPyThi",
            "total": 13,
            "valor_unitario": 506707,
            "descuento": 0.0,
            "IVA": 19
        },
        {
            "codigo": "7wQ0wGATaG",
            "total": 10,
            "valor_unitario": 506696,
            "descuento": 0.38,
            "IVA": 0
        }
    ]
}