{
    "empresa_nit": "456789123",
    "empresa_ciudad": "BOGOTA",
    "empresa_sede": "autopista",
    "empresa_nombre": "Despensa Natura",
    "fecha_hora": "2022-04-01 17:41:48",
    "factura_num": "00184",
    "ciente_numero": 365570113,
    "pago_tipo": "TAR.DEBITO",
    "productos": [
        {
            "codigo": "fa7ZAL3JJU",
            "total": 11,
            "valor_unitario": 71986,
            "descuento": 0.35,
            "IVA": 19
        },
        {
            "codigo": "ovq5C6WN16",
            "total": 14,
            "valor_unitario": 278602,
            "descuento": 0.47,
            "IVA": 19
        },
        {
            "codigo": "O713LDgk1O",
            "total": 1,
            "valor_unitario": 924766,
            "descuento": 0.41,
            "IVA": 0
        },
        {
            "codigo": "0T1Dam8msV",
            "total": 15,
            "valor_unitario": 550854,
            "descuento": 0.38,
            "IVA": 5
        },
        {
            "codigo": "vnFoSP0qV5",
            "total": 19,
            "valor_unitario": 303965,
            "descuento": 0.18,
            "IVA": 19
        },
        {
            "codigo": "JYjn7frBG2",
            "total": 1,
            "valor_unitario": 659486,
            "descuento": 0.07,
            "IVA": 0
        },
        {
            "codigo": "lfDyKBOYUq",
            "total": 18,
            "valor_unitario": 466592,
            "descuento": 0.04,
            "IVA": 0
        },
        {
            "codigo": "An2XfrtdVd",
            "total": 7,
            "valor_unitario": 481078,
            "descuento": 0.42,
            "IVA": 19
        },
        {
            "codigo": "NYaEWRjqx7",
            "total": 5,
            "valor_unitario": 6037,
            "descuento": 0.25,
            "IVA": 5
        },
        {
            "codigo": "F8FpuY6kfI",
            "total": 14,
            "valor_unitario": 884445,
            "descuento": 0.47,
            "IVA": 0
        }
    ]
}