{
    "empresa_nit": "456789123",
    "empresa_ciudad": "BOGOTA",
    "empresa_sede": "terminal",
    "empresa_nombre": "Despensa Natura",
    "fecha_hora": "2024-08-14 06:48:52",
    "factura_num": "01015",
    "ciente_numero": 905518999,
    "pago_tipo": "TAR.DEBITO",
    "productos": [
        {
            "codigo": "NsF6qrt1Ng",
            "total": 16,
            "valor_unitario": 500586,
            "descuento": 0.03,
            "IVA": 5
        },
        {
            "codigo": "yLW8J3Sljv",
            "total": 3,
            "valor_unitario": 459789,
            "descuento": 0.2,
            "IVA": 19
        },
        {
            "codigo": "wIMHKyxdlk",
            "total": 2,
            "valor_unitario": 417808,
            "descuento": 0.11,
            "IVA": 5
        },
        {
            "codigo": "gyDNNhhls5",
            "total": 6,
            "valor_unitario": 602034,
            "descuento": 0.39,
            "IVA": 19
        },
        {
            "codigo": "xLMLa1JXEp",
            "total": 19,
            "valor_unitario": 67186,
            "descuento": 0.3,
            "IVA": 0
        },
        {
            "codigo": "kVm9QOyUdD",
            "total": 16,
            "valor_unitario": 888027,
            "descuento": 0.45,
            "IVA": 19
        },
        {
            "codigo": "GRBX03ajJf",
            "total": 10,
            "valor_unitario": 61463,
            "descuento": 0.14,
            "IVA": 0
        },
        {
            "codigo": "1gXdstO7LK",
            "total": 4,
            "valor_unitario": 831894,
            "descuento": 0.45,
            "IVA": 0
        },
        {
            "codigo": "GzJCxC4LZz",
            "total": 6,
            "valor_unitario": 710426,
            "descuento": 0.4,
            "IVA": 5
        },
        {
            "codigo": "2EjU4y58es",
            "total": 16,
            "valor_unitario": 433143,
            "descuento": 0.22,
            "IVA": 19
        },
        {
            "codigo": "plqaaHpgCM",
            "total": 14,
            "valor_unitario": 620986,
            "descuento": 0.29,
            "IVA": 0
        },
        {
            "codigo": "DdT32jCXhF",
            "total": 18,
            "valor_unitario": 329996,
            "descuento": 0.19,
            "IVA": 0
        },
        {
            "codigo": "Fr6Fl8Hfn9",
            "total": 16,
            "valor_unitario": 779376,
            "descuento": 0.07,
            "IVA": 5
        },
        {
            "codigo": "1fAIE4gZ2i",
            "total": 19,
            "valor_unitario": 563609,
            "descuento": 0.22,
            "IVA": 19
        },
        {
            "codigo": "T9IOwcOji9",
            "total": 19,
            "valor_unitario": 384746,
            "descuento": 0.42,
            "IVA": 5
        },
        {
            "codigo": "B4SLotJlI9",
            "total": 2,
            "valor_unitario": 509361,
            "descuento": 0.36,
            "IVA": 19
        }
    ]
}