{
    "empresa_nit": "456789123",
    "empresa_ciudad": "BARRANQUILLA",
    "empresa_sede": "alcaldia",
    "empresa_nombre": "Despensa Natura",
    "fecha_hora": "2021-08-06 17:35:14",
    "factura_num": "01137",
    "ciente_numero": 764192137,
    "pago_tipo": "TRANFERENCIA",
    "productos": [
        {
            "codigo": "8jMECh2Ksl",
            "total": 13,
            "valor_unitario": 622633,
            "descuento": 0.38,
            "IVA": 0
        },
        {
            "codigo": "KcfrmLy4cd",
            "total": 15,
            "valor_unitario": 566106,
            "descuento": 0.49,
            "IVA": 19
        },
        {
            "codigo": "fOSz9OvniS",
            "total": 12,
            "valor_unitario": 955935,
            "descuento": 0.29,
            "IVA": 0
        },
        {
            "codigo": "fil8cSbpRd",
            "total": 7,
            "valor_unitario": 189064,
            "descuento": 0.23,
            "IVA": 19
        },
        {
            "codigo": "p7CM1y0Z58",
            "total": 13,
            "valor_unitario": 525860,
            "descuento": 0.34,
            "IVA": 0
        },
        {
            "codigo": "7j2BlrXvLJ",
            "total": 7,
            "valor_unitario": 19385,
            "descuento": 0.13,
            "IVA": 0
        },
        {
            "codigo": "h23WEMy4AP",
            "total": 4,
            "valor_unitario": 872506,
            "descuento": 0.31,
            "IVA": 19
        },
        {
            "codigo": "KSe375RxJA",
            "total": 14,
            "valor_unitario": 619719,
            "descuento": 0.03,
            "IVA": 19
        },
        {
            "codigo": "josmQaQUDK",
            "total": 4,
            "valor_unitario": 216230,
            "descuento": 0.32,
            "IVA": 5
        },
        {
            "codigo": "lpnt7MfsRx",
            "total": 15,
            "valor_unitario": 738152,
            "descuento": 0.22,
            "IVA": 5
        },
        {
            "codigo": "wUzc5dAgPT",
            "total": 8,
            "valor_unitario": 768999,
            "descuento": 0.21,
            "IVA": 19
        },
        {
            "codigo": "TLc6OnmkEF",
            "total": 8,
            "valor_unitario": 379955,
            "descuento": 0.3,
            "IVA": 5
        },
        {
            "codigo": "AbePT9RksP",
            "total": 7,
            "valor_unitario": 128120,
            "descuento": 0.41,
            "IVA": 0
        },
        {
            "codigo": "7mF0iQsVVx",
            "total": 11,
            "valor_unitario": 668874,
            "descuento": 0.02,
            "IVA": 0
        },
        {
            "codigo": "vgAfTLdLJh",
            "total": 8,
            "valor_unitario": 719729,
            "descuento": 0.37,
            "IVA": 0
        },
        {
            "codigo": "dlAnIxDbjM",
            "total": 16,
            "valor_unitario": 127262,
            "descuento": 0.1,
            "IVA": 5
        }
    ]
}