{
    "empresa_nit": "456789123",
    "empresa_ciudad": "BARRANQUILLA",
    "empresa_sede": "autopista",
    "empresa_nombre": "Despensa Natura",
    "fecha_hora": "2021-05-05 14:44:14",
    "factura_num": "00384",
    "ciente_numero": 186926639,
    "pago_tipo": "TAR.DEBITO",
    "productos": [
        {
            "codigo": "7DTf7mZk9T",
            "total": 2,
            "valor_unitario": 987147,
            "descuento": 0.09,
            "IVA": 0
        },
        {
            "codigo": "FkRk5iG2hR",
            "total": 11,
            "valor_unitario": 91773,
            "descuento": 0.1,
            "IVA": 5
        },
        {
            "codigo": "zi1l2Rq2ni",
            "total": 14,
            "valor_unitario": 481553,
            "descuento": 0.45,
            "IVA": 19
        },
        {
            "codigo": "ZXYHdlufG9",
            "total": 19,
            "valor_unitario": 423705,
            "descuento": 0.38,
            "IVA": 0
        },
        {
            "codigo": "fvFpvTbTFv",
            "total": 14,
            "valor_unitario": 145784,
            "descuento": 0.31,
            "IVA": 19
        },
        {
            "codigo": "kKOvrlv3ad",
            "total": 1,
            "valor_unitario": 829296,
            "descuento": 0.28,
            "IVA": 0
        },
        {
            "codigo": "cn03pJwEI6",
            "total": 18,
            "valor_unitario": 23222,
            "descuento": 0.23,
            "IVA": 5
        },
        {
            "codigo": "uumxMOwnTj",
            "total": 3,
            "valor_unitario": 883016,
            "descuento": 0.07,
            "IVA": 19
        },
        {
            "codigo": "s21QjPrj8Z",
            "total": 12,
            "valor_unitario": 458960,
            "descuento": 0.32,
            "IVA": 19
        },
        {
            "codigo": "uKxWOfcjgr",
            "total": 12,
            "valor_unitario": 932778,
            "descuento": 0.26,
            "IVA": 0
        },
        {
            "codigo": "bzWgU2tgWV",
            "total": 3,
            "valor_unitario": 936031,
            "descuento": 0.33,
            "IVA": 5
        },
        {
            "codigo": "tE9d212fyY",
            "total": 4,
            "valor_unitario": 434326,
            "descuento": 0.47,
            "IVA": 5
        },
        {
            "codigo": "lBokgkD0hD",
            "total": 13,
            "valor_unitario": 283042,
            "descuento": 0.37,
            "IVA": 0
        },
        {
            "codigo": "wpgufT0Ruj",
            "total": 1,
            "valor_unitario": 719954,
            "descuento": 0.3,
            "IVA": 19
        },
        {
            "codigo": "j9sDlqP8cX",
            "total": 4,
            "valor_unitario": 100165,
            "descuento": 0.29,
            "IVA": 19
        },
        {
            "codigo": "AUvBKIJMj9",
            "total": 4,
            "valor_unitario": 753243,
            "descuento": 0.01,
            "IVA": 5
        },
        {
            "codigo": "nL1N5BcmGu",
            "total": 11,
            "valor_unitario": 291254,
            "descuento": 0.32,
            "IVA": 19
        },
        {
            "codigo": "OujraPf2gy",
            "total": 2,
            "valor_unitario": 151205,
            "descuento": 0.47,
            "IVA": 0
        },
        {
            "codigo": "nAOpfI8a9u",
            "total": 17,
            "valor_unitario": 86804,
            "descuento": 0.21,
            "IVA": 5
        },
        {
            "codigo": "YiKGtbVvca",
            "total": 16,
            "valor_unitario": 138605,
            "descuento": 0.1,
            "IVA": 5
        }
    ]
}