{
    "empresa_nit": "456789123",
    "empresa_ciudad": "CALI",
    "empresa_sede": "alcaldia",
    "empresa_nombre": "Despensa Natura",
    "fecha_hora": "2020-07-10 07:47:13",
    "factura_num": "00167",
    "ciente_numero": 282861741,
    "pago_tipo": "EFECTIVO",
    "productos": [
        {
            "codigo": "nPnw98eH2p",
            "total": 20,
            "valor_unitario": 416930,
            "descuento": 0.41,
            "IVA": 19
        },
        {
            "codigo": "sIXGbNvGh8",
            "total": 4,
            "valor_unitario": 342978,
            "descuento": 0.41,
            "IVA": 19
        },
        {
            "codigo": "WnBJ7lFc9n",
            "total": 6,
            "valor_unitario": 454667,
            "descuento": 0.03,
            "IVA": 5
        },
        {
            "codigo": "V7ZiY3u9l8",
            "total": 3,
            "valor_unitario": 37604,
            "descuento": 0.5,
            "IVA": 19
        },
        {
            "codigo": "o702Av5K6Z",
            "total": 14,
            "valor_unitario": 923537,
            "descuento": 0.15,
            "IVA": 19
        },
        {
            "codigo": "Fn0ap6qtNW",
            "total": 8,
            "valor_unitario": 420480,
            "descuento": 0.36,
            "IVA": 19
        },
        {
            "codigo": "Ai3ya5FOm4",
            "total": 4,
            "valor_unitario": 383909,
            "descuento": 0.08,
            "IVA": 5
        },
        {
            "codigo": "KtWQ8cuEX0",
            "total": 14,
            "valor_unitario": 351179,
            "descuento": 0.09,
            "IVA": 5
        },
        {
            "codigo": "K4ir1P7NC3",
            "total": 15,
            "valor_unitario": 164519,
            "descuento": 0.41,
            "IVA": 0
        },
        {
            "codigo": "I38vGlX7bv",
            "total": 1,
            "valor_unitario": 571764,
            "descuento": 0.12,
            "IVA": 0
        },
        {
            "codigo": "mjneY4mvqK",
            "total": 19,
            "valor_unitario": 474028,
            "descuento": 0.18,
            "IVA": 0
        },
        {
            "codigo": "WyS5ueGhBq",
            "total": 12,
            "valor_unitario": 382708,
            "descuento": 0.2,
            "IVA": 0
        },
        {
            "codigo": "Pqw4nI8Qvp",
            "total": 20,
            "valor_unitario": 610143,
            "descuento": 0.29,
            "IVA": 19
        },
        {
            "codigo": "oNbmUXHHaS",
            "total": 11,
            "valor_unitario": 222517,
            "descuento": 0.43,
            "IVA": 0
        },
        {
            "codigo": "fTBprpzAvZ",
            "total": 1,
            "valor_unitario": 877746,
            "descuento": 0.03,
            "IVA": 5
        },
        {
            "codigo": "oUyRCZYzZL",
            "total": 15,
            "valor_unitario": 750479,
            "descuento": 0.31,
            "IVA": 5
        }
    ]
}