{
    "empresa_nit": "456789123",
    "empresa_ciudad": "TUNJA",
    "empresa_sede": "centro",
    "empresa_nombre": "Despensa Natura",
    "fecha_hora": "2023-05-09 21:31:29",
    "factura_num": "01141",
    "ciente_numero": 543927237,
    "pago_tipo": "TAR.DEBITO",
    "productos": [
        {
            "codigo": "dnXxCkBpvR",
            "total": 17,
            "valor_unitario": 227952,
            "descuento": 0.07,
            "IVA": 0
        },
        {
            "codigo": "qaef43HasY",
            "total": 6,
            "valor_unitario": 825137,
            "descuento": 0.38,
            "IVA": 0
        },
        {
            "codigo": "Y44RE0wZOz",
            "total": 15,
            "valor_unitario": 481925,
            "descuento": 0.47,
            "IVA": 0
        },
        {
            "codigo": "NbDEN1srRi",
            "total": 1,
            "valor_unitario": 792695,
            "descuento": 0.15,
            "IVA": 5
        },
        {
            "codigo": "odaWf0J3Cr",
            "total": 16,
            "valor_unitario": 604226,
            "descuento": 0.25,
            "IVA": 19
        },
        {
            "codigo": "i95i99sLAG",
            "total": 3,
            "valor_unitario": 139324,
            "descuento": 0.13,
            "IVA": 5
        },
        {
            "codigo": "keNgo2rTqA",
            "total": 20,
            "valor_unitario": 491688,
            "descuento": 0.16,
            "IVA": 0
        },
        {
            "codigo": "URObQIdFRQ",
            "total": 12,
            "valor_unitario": 350759,
            "descuento": 0.31,
            "IVA": 0
        },
        {
            "codigo": "Jh40HFhm6f",
            "total": 19,
            "valor_unitario": 17573,
            "descuento": 0.39,
            "IVA": 5
        },
        {
            "codigo": "atBHBTwNPZ",
            "total": 3,
            "valor_unitario": 815419,
            "descuento": 0.33,
            "IVA": 0
        },
        {
            "codigo": "MfcNlA3CKB",
            "total": 7,
            "valor_unitario": 109865,
            "descuento": 0.15,
            "IVA": 19
        },
        {
            "codigo": "jUaOw9uID5",
            "total": 16,
            "valor_unitario": 774311,
            "descuento": 0.21,
            "IVA": 5
        },
        {
            "codigo": "SvjMeNVR2v",
            "total": 10,
            "valor_unitario": 626074,
            "descuento": 0.12,
            "IVA": 5
        },
        {
            "codigo": "O62n1xdDQj",
            "total": 1,
            "valor_unitario": 134622,
            "descuento": 0.36,
            "IVA": 0
        }
    ]
}