{
    "empresa_nit": "456789123",
    "empresa_ciudad": "MEDELLIN",
    "empresa_sede": "alcaldia",
    "empresa_nombre": "Despensa Natura",
    "fecha_hora": "2024-07-23 09:51:50",
    "factura_num": "01143",
    "ciente_numero": 478196076,
    "pago_tipo": "TRANFERENCIA",
    "productos": [
        {
            "codigo": "zuiFQBq9RI",
            "total": 20,
            "valor_unitario": 591100,
            "descuento": 0.24,
            "IVA": 19
        },
        {
            "codigo": "ee2UoAwQ3o",
            "total": 7,
            "valor_unitario": 468757,
            "descuento": 0.05,
            "IVA": 5
        },
        {
            "codigo": "r1T6u3cHx6",
            "total": 19,
            "valor_unitario": 49097,
            "descuento": 0.47,
            "IVA": 19
        },
        {
            "codigo": "IoAppzenPa",
            "total": 13,
            "valor_unitario": 168535,
            "descuento": 0.07,
            "IVA": 5
        },
        {
            "codigo": "GSOqlGV3yj",
            "total": 16,
            "valor_unitario": 174777,
            "descuento": 0.28,
            "IVA": 0
        },
        {
            "codigo": "8vgJb4yChB",
            "total": 15,
            "valor_unitario": 34374,
            "descuento": 0.27,
            "IVA": 19
        },
        {
            "codigo": "FrHXOI6mw8",
            "total": 20,
            "valor_unitario": 134837,
            "descuento": 0.27,
            "IVA": 19
        },
        {
            "codigo": "jaBRpVSWD5",
            "total": 4,
            "valor_unitario": 97885,
            "descuento": 0.04,
            "IVA": 5
        },
        {
            "codigo": "RrhA4vPqR7",
            "total": 16,
            "valor_unitario": 830878,
            "descuento": 0.26,
            "IVA": 0
        },
        {
            "codigo": "TpkgQiElrG",
            "total": 17,
            "valor_unitario": 294952,
            "descuento": 0.43,
            "IVA": 0
        }
    ]
}