{
    "empresa_nit": "456789123",
    "empresa_ciudad": "CALI",
    "empresa_sede": "terminal",
    "empresa_nombre": "Despensa Natura",
    "fecha_hora": "2022-01-21 15:23:05",
    "factura_num": "00314",
    "ciente_numero": 988136840,
    "pago_tipo": "EFECTIVO",
    "productos": [
        {
            "codigo": "tW3kBlCMOU",
            "total": 7,
            "valor_unitario": 996132,
            "descuento": 0.45,
            "IVA": 0
        },
        {
            "codigo": "1eZoo0Ygy6",
            "total": 17,
            "valor_unitario": 159043,
            "descuento": 0.43,
            "IVA": 5
        },
        {
            "codigo": "GNvZUBAA9o",
            "total": 10,
            "valor_unitario": 550614,
            "descuento": 0.19,
            "IVA": 0
        },
        {
            "codigo": "oCRYvC7PGN",
            "total": 17,
            "valor_unitario": 882871,
            "descuento": 0.03,
            "IVA": 0
        },
        {
            "codigo": "4FwAwbCDgI",
            "total": 6,
            "valor_unitario": 857906,
            "descuento": 0.23,
            "IVA": 5
        },
        {
            "codigo": "lsFaMvDajL",
            "total": 9,
            "valor_unitario": 841393,
            "descuento": 0.15,
            "IVA": 0
        },
        {
            "codigo": "Yi47rSsVEG",
            "total": 13,
            "valor_unitario": 725573,
            "descuento": 0.47,
            "IVA": 19
        },
        {
            "codigo": "pwqo6PmFaF",
            "total": 19,
            "valor_unitario": 345524,
            "descuento": 0.44,
            "IVA": 19
        },
        {
            "codigo": "AMbef89BG3",
            "total": 15,
            "valor_unitario": 334804,
            "descuento": 0.34,
            "IVA": 0
        },
        {
            "codigo": "CWBUARJxA2",
            "total": 2,
            "valor_unitario": 487506,
            "descuento": 0.02,
            "IVA": 5
        },
        {
            "codigo": "ChQk6T341g",
            "total": 2,
            "valor_unitario": 384221,
            "descuento": 0.32,
            "IVA": 19
        },
        {
            "codigo": "ho65JeiOm1",
            "total": 2,
            "valor_unitario": 449340,
            "descuento": 0.11,
            "IVA": 19
        },
        {
            "codigo": "ytgiaCUGNu",
            "total": 2,
            "valor_unitario": 216962,
            "descuento": 0.42,
            "IVA": 19
        },
        {
            "codigo": "Rsh8DCJDIr",
            "total": 13,
            "valor_unitario": 215167,
            "descuento": 0.36,
            "IVA": 0
        },
        {
            "codigo": "K7R7yTL7ty",
            "total": 4,
            "valor_unitario": 510496,
            "descuento": 0.35,
            "IVA": 5
        },
        {
            "codigo": "YOztJ7lckn",
            "total": 18,
            "valor_unitario": 543072,
            "descuento": 0.29,
            "IVA": 19
        }
    ]
}