{
    "empresa_nit": "456789123",
    "empresa_ciudad": "BOGOTA",
    "empresa_sede": "terminal",
    "empresa_nombre": "Despensa Natura",
    "fecha_hora": "2024-05-07 01:41:42",
    "factura_num": "00395",
    "ciente_numero": 303328434,
    "pago_tipo": "TAR.CREDITO",
    "productos": [
        {
            "codigo": "y2afNQJYL3",
            "total": 10,
            "valor_unitario": 442131,
            "descuento": 0.07,
            "IVA": 19
        },
        {
            "codigo": "07pXNFh9SV",
            "total": 7,
            "valor_unitario": 834358,
            "descuento": 0.43,
            "IVA": 5
        },
        {
            "codigo": "xqMU9OnbcR",
            "total": 20,
            "valor_unitario": 424172,
            "descuento": 0.13,
            "IVA": 0
        },
        {
            "codigo": "4r1ylbJkum",
            "total": 5,
            "valor_unitario": 164144,
            "descuento": 0.48,
            "IVA": 19
        },
        {
            "codigo": "tPrkq8HuvG",
            "total": 12,
            "valor_unitario": 32564,
            "descuento": 0.09,
            "IVA": 0
        },
        {
            "codigo": "8N93N7ih8W",
            "total": 15,
            "valor_unitario": 822908,
            "descuento": 0.42,
            "IVA": 5
        },
        {
            "codigo": "2KlE8Iapfh",
            "total": 8,
            "valor_unitario": 116564,
            "descuento": 0.05,
            "IVA": 0
        },
        {
            "codigo": "LZydpJFWMA",
            "total": 5,
            "valor_unitario": 837893,
            "descuento": 0.26,
            "IVA": 0
        },
        {
            "codigo": "j2esRQ4GbG",
            "total": 15,
            "valor_unitario": 469807,
            "descuento": 0.14,
            "IVA": 19
        },
        {
            "codigo": "Pr3EYBxHNs",
            "total": 20,
            "valor_unitario": 767416,
            "descuento": 0.29,
            "IVA": 19
        },
        {
            "codigo": "imrUen2Alb",
            "total": 18,
            "valor_unitario": 485107,
            "descuento": 0.19,
            "IVA": 5
        },
        {
            "codigo": "wfOehmLip2",
            "total": 19,
            "valor_unitario": 903470,
            "descuento": 0.06,
            "IVA": 19
        },
        {
            "codigo": "w9JLD5fuHM",
            "total": 6,
            "valor_unitario": 172125,
            "descuento": 0.26,
            "IVA": 5
        },
        {
            "codigo": "El9K6GyjB4",
            "total": 13,
            "valor_unitario": 245106,
            "descuento": 0.15,
            "IVA": 19
        },
        {
            "codigo": "5INOkvhGRl",
            "total": 5,
            "valor_unitario": 592410,
            "descuento": 0.4,
            "IVA": 5
        },
        {
            "codigo": "VGyG3ewg6Q",
            "total": 7,
            "valor_unitario": 648164,
            "descuento": 0.31,
            "IVA": 5
        },
        {
            "codigo": "huIGasWmYI",
            "total": 18,
            "valor_unitario": 601198,
            "descuento": 0.01,
            "IVA": 0
        }
    ]
}