{
    "empresa_nit": "456789123",
    "empresa_ciudad": "BOGOTA",
    "empresa_sede": "centro",
    "empresa_nombre": "Despensa Natura",
    "fecha_hora": "2021-03-04 09:15:38",
    "factura_num": "00036",
    "ciente_numero": 761582881,
    "pago_tipo": "TRANFERENCIA",
    "productos": [
        {
            "codigo": "XSA0EN9EmQ",
            "total": 14,
            "valor_unitario": 566493,
            "descuento": 0.49,
            "IVA": 19
        },
        {
            "codigo": "pLW9Y305mO",
            "total": 17,
            "valor_unitario": 963057,
            "descuento": 0.33,
            "IVA": 0
        },
        {
            "codigo": "iMtKNLqvAu",
            "total": 10,
            "valor_unitario": 795649,
            "descuento": 0.37,
            "IVA": 19
        },
        {
            "codigo": "xjqWiyeK5d",
            "total": 19,
            "valor_unitario": 661843,
            "descuento": 0.38,
            "IVA": 19
        },
        {
            "codigo": "Ovd6N28JOL",
            "total": 17,
            "valor_unitario": 442407,
            "descuento": 0.08,
            "IVA": 19
        },
        {
            "codigo": "agEWav5jUR",
            "total": 4,
            "valor_unitario": 152348,
            "descuento": 0.12,
            "IVA": 0
        }
    ]
}