{
    "empresa_nit": "456789123",
    "empresa_ciudad": "MEDELLIN",
    "empresa_sede": "autopista",
    "empresa_nombre": "Despensa Natura",
    "fecha_hora": "2022-09-29 20:52:29",
    "factura_num": "00298",
    "ciente_numero": 788123380,
    "pago_tipo": "TAR.CREDITO",
    "productos": [
        {
            "codigo": "8KGNQbKW1T",
            "total": 13,
            "valor_unitario": 940423,
            "descuento": 0.2,
            "IVA": 0
        },
        {
            "codigo": "fGYQgemrEs",
            "total": 10,
            "valor_unitario": 115796,
            "descuento": 0.34,
            "IVA": 19
        },
        {
            "codigo": "kjuvTyOOxl",
            "total": 8,
            "valor_unitario": 323983,
            "descuento": 0.27,
            "IVA": 19
        },
        {
            "codigo": "XnKAFPtmSJ",
            "total": 2,
            "valor_unitario": 871045,
            "descuento": 0.2,
            "IVA": 0
        },
        {
            "codigo": "UXCKEGRCoC",
            "total": 17,
            "valor_unitario": 17514,
            "descuento": 0.39,
            "IVA": 5
        },
        {
            "codigo": "D2D0awgH3Y",
            "total": 20,
            "valor_unitario": 117188,
            "descuento": 0.49,
            "IVA": 0
        },
        {
            "codigo": "vtG87r4aNa",
            "total": 14,
            "valor_unitario": 29811,
            "descuento": 0.41,
            "IVA": 19
        },
        {
            "codigo": "u63LDvxdzl",
            "total": 9,
            "valor_unitario": 570577,
            "descuento": 0.2,
            "IVA": 0
        },
        {
            "codigo": "ETCuHjZSmf",
            "total": 8,
            "valor_unitario": 428368,
            "descuento": 0.48,
            "IVA": 0
        }
    ]
}