{
    "empresa_nit": "456789123",
    "empresa_ciudad": "CALI",
    "empresa_sede": "centro",
    "empresa_nombre": "Despensa Natura",
    "fecha_hora": "2024-04-26 12:14:43",
    "factura_num": "00138",
    "ciente_numero": 929971101,
    "pago_tipo": "TAR.CREDITO",
    "productos": [
        {
            "codigo": "rtkvO1X7hc",
            "total": 2,
            "valor_unitario": 526592,
            "descuento": 0.07,
            "IVA": 5
        },
        {
            "codigo": "kZjnOx6CeA",
            "total": 18,
            "valor_unitario": 765822,
            "descuento": 0.28,
            "IVA": 19
        }
    ]
}