{
    "empresa_nit": "456789123",
    "empresa_ciudad": "CALI",
    "empresa_sede": "centro",
    "empresa_nombre": "Despensa Natura",
    "fecha_hora": "2022-12-08 18:15:30",
    "factura_num": "01062",
    "ciente_numero": 391606262,
    "pago_tipo": "TRANFERENCIA",
    "productos": [
        {
            "codigo": "hGixoHJ8be",
            "total": 18,
            "valor_unitario": 618362,
            "descuento": 0.13,
            "IVA": 0
        },
        {
            "codigo": "VitHF2IRa0",
            "total": 1,
            "valor_unitario": 240806,
            "descuento": 0.48,
            "IVA": 0
        },
        {
            "codigo": "Qf1gQuS5ND",
            "total": 14,
            "valor_unitario": 960280,
            "descuento": 0.36,
            "IVA": 5
        },
        {
            "codigo": "esL58TCOMi",
            "total": 3,
            "valor_unitario": 592859,
            "descuento": 0.26,
            "IVA": 19
        },
        {
            "codigo": "SOoxps3OOO",
            "total": 17,
            "valor_unitario": 639371,
            "descuento": 0.14,
            "IVA": 19
        }
    ]
}