{
    "empresa_nit": "456789123",
    "empresa_ciudad": "BARRANQUILLA",
    "empresa_sede": "alcaldia",
    "empresa_nombre": "Despensa Natura",
    "fecha_hora": "2022-07-08 16:42:30",
    "factura_num": "00020",
    "ciente_numero": 102970035,
    "pago_tipo": "TRANFERENCIA",
    "productos": [
        {
            "codigo": "pLyJnEHuxW",
            "total": 8,
            "valor_unitario": 188211,
            "descuento": 0.0,
            "IVA": 5
        },
        {
            "codigo": "hRkKBBG8Rj",
            "total": 12,
            "valor_unitario": 955067,
            "descuento": 0.25,
            "IVA": 19
        },
        {
            "codigo": "BLyTe4d0nC",
            "total": 20,
            "valor_unitario": 954552,
            "descuento": 0.19,
            "IVA": 19
        },
        {
            "codigo": "yKlvn89fiL",
            "total": 14,
            "valor_unitario": 311935,
            "descuento": 0.22,
            "IVA": 0
        },
        {
            "codigo": "sbphE4EYl6",
            "total": 15,
            "valor_unitario": 484642,
            "descuento": 0.46,
            "IVA": 0
        },
        {
            "codigo": "4iLrYLxBVL",
            "total": 14,
            "valor_unitario": 543749,
            "descuento": 0.28,
            "IVA": 5
        },
        {
            "codigo": "o1yjvo0HNM",
            "total": 17,
            "valor_unitario": 785574,
            "descuento": 0.09,
            "IVA": 0
        }
    ]
}