{
    "empresa_nit": "456789123",
    "empresa_ciudad": "BOGOTA",
    "empresa_sede": "terminal",
    "empresa_nombre": "Despensa Natura",
    "fecha_hora": "2023-04-20 06:26:10",
    "factura_num": "00031",
    "ciente_numero": 24129692,
    "pago_tipo": "TRANFERENCIA",
    "productos": [
        {
            "codigo": "8CcDMoVOCm",
            "total": 14,
            "valor_unitario": 894638,
            "descuento": 0.43,
            "IVA": 5
        },
        {
            "codigo": "Bon5DZPtqJ",
            "total": 12,
            "valor_unitario": 407090,
            "descuento": 0.31,
            "IVA": 5
        },
        {
            "codigo": "rRNLhfYWcg",
            "total": 3,
            "valor_unitario": 507554,
            "descuento": 0.33,
            "IVA": 19
        },
        {
            "codigo": "X885sX9W3G",
            "total": 9,
            "valor_unitario": 612992,
            "descuento": 0.26,
            "IVA": 0
        },
        {
            "codigo": "wEOePmU7rw",
            "total": 15,
            "valor_unitario": 452892,
            "descuento": 0.17,
            "IVA": 19
        },
        {
            "codigo": "nJMYL4TmaK",
            "total": 10,
            "valor_unitario": 843593,
            "descuento": 0.39,
            "IVA": 5
        },
        {
            "codigo": "zhTQMzqZoF",
            "total": 17,
            "valor_unitario": 206311,
            "descuento": 0.24,
            "IVA": 5
        },
        {
            "codigo": "kuEL9rr9zW",
            "total": 2,
            "valor_unitario": 215801,
            "descuento": 0.46,
            "IVA": 19
        },
        {
            "codigo": "NdIfD1grCN",
            "total": 18,
            "valor_unitario": 474565,
            "descuento": 0.15,
            "IVA": 5
        },
        {
            "codigo": "65UW4Rbge4",
            "total": 16,
            "valor_unitario": 681662,
            "descuento": 0.23,
            "IVA": 19
        },
        {
            "codigo": "8XvRERwWfZ",
            "total": 9,
            "valor_unitario": 80818,
            "descuento": 0.45,
            "IVA": 0
        },
        {
            "codigo": "g3J7ooaANy",
            "total": 20,
            "valor_unitario": 760316,
            "descuento": 0.33,
            "IVA": 5
        },
        {
            "codigo": "FKPEPqFpX2",
            "total": 6,
            "valor_unitario": 887220,
            "descuento": 0.25,
            "IVA": 0
        },
        {
            "codigo": "yv1O24bGMv",
            "total": 9,
            "valor_unitario": 875316,
            "descuento": 0.13,
            "IVA": 5
        },
        {
            "codigo": "xHgS81XLhZ",
            "total": 12,
            "valor_unitario": 138915,
            "descuento": 0.19,
            "IVA": 19
        },
        {
            "codigo": "WJTqD6Zv74",
            "total": 11,
            "valor_unitario": 217634,
            "descuento": 0.24,
            "IVA": 0
        },
        {
            "codigo": "gjG21GHsel",
            "total": 9,
            "valor_unitario": 328481,
            "descuento": 0.0,
            "IVA": 19
        },
        {
            "codigo": "yWSTjII1CF",
            "total": 5,
            "valor_unitario": 131426,
            "descuento": 0.04,
            "IVA": 19
        }
    ]
}