{
    "empresa_nit": "456789123",
    "empresa_ciudad": "BOGOTA",
    "empresa_sede": "centro",
    "empresa_nombre": "Despensa Natura",
    "fecha_hora": "2021-05-23 00:08:00",
    "factura_num": "01119",
    "ciente_numero": 437438543,
    "pago_tipo": "TRANFERENCIA",
    "productos": [
        {
            "codigo": "VogpjWECOr",
            "total": 20,
            "valor_unitario": 239342,
            "descuento": 0.44,
            "IVA": 19
        },
        {
            "codigo": "YmPFCBF6Ag",
            "total": 4,
            "valor_unitario": 216512,
            "descuento": 0.03,
            "IVA": 19
        },
        {
            "codigo": "TufJSqy5r8",
            "total": 5,
            "valor_unitario": 444009,
            "descuento": 0.06,
            "IVA": 19
        },
        {
            "codigo": "4S3Pt4loWo",
            "total": 15,
            "valor_unitario": 745601,
            "descuento": 0.31,
            "IVA": 5
        },
        {
            "codigo": "hiYl1ADuSA",
            "total": 8,
            "valor_unitario": 964568,
            "descuento": 0.35,
            "IVA": 5
        },
        {
            "codigo": "HYXYMYv7jD",
            "total": 14,
            "valor_unitario": 642298,
            "descuento": 0.08,
            "IVA": 0
        },
        {
            "codigo": "lb0auadbYa",
            "total": 12,
            "valor_unitario": 29203,
            "descuento": 0.46,
            "IVA": 5
        },
        {
            "codigo": "mFNp1CcJJj",
            "total": 10,
            "valor_unitario": 670721,
            "descuento": 0.15,
            "IVA": 0
        },
        {
            "codigo": "jLnXvXk56W",
            "total": 13,
            "valor_unitario": 190268,
            "descuento": 0.29,
            "IVA": 5
        },
        {
            "codigo": "j88nu8pUJf",
            "total": 1,
            "valor_unitario": 720523,
            "descuento": 0.19,
            "IVA": 19
        },
        {
            "codigo": "02zgUXKa68",
            "total": 8,
            "valor_unitario": 734670,
            "descuento": 0.47,
            "IVA": 19
        },
        {
            "codigo": "pt9C0n2Woc",
            "total": 17,
            "valor_unitario": 909201,
            "descuento": 0.45,
            "IVA": 0
        },
        {
            "codigo": "4QVw9RBBXv",
            "total": 5,
            "valor_unitario": 130955,
            "descuento": 0.14,
            "IVA": 0
        },
        {
            "codigo": "9LbnpXYqfT",
            "total": 12,
            "valor_unitario": 550374,
            "descuento": 0.45,
            "IVA": 5
        },
        {
            "codigo": "iYElG55Xlc",
            "total": 2,
            "valor_unitario": 369274,
            "descuento": 0.45,
            "IVA": 5
        },
        {
            "codigo": "OOrGNb6wCk",
            "total": 19,
            "valor_unitario": 565551,
            "descuento": 0.45,
            "IVA": 5
        },
        {
            "codigo": "STlr6YvDL9",
            "total": 19,
            "valor_unitario": 99558,
            "descuento": 0.38,
            "IVA": 5
        },
        {
            "codigo": "XtX3SMp9iX",
            "total": 16,
            "valor_unitario": 28868,
            "descuento": 0.05,
            "IVA": 0
        },
        {
            "codigo": "RcgPhmzQn1",
            "total": 19,
            "valor_unitario": 621210,
            "descuento": 0.09,
            "IVA": 0
        },
        {
            "codigo": "ozAo6dk0EU",
            "total": 1,
            "valor_unitario": 785884,
            "descuento": 0.42,
            "IVA": 19
        }
    ]
}