{
    "empresa_nit": "456789123",
    "empresa_ciudad": "MEDELLIN",
    "empresa_sede": "autopista",
    "empresa_nombre": "Despensa Natura",
    "fecha_hora": "2023-01-17 06:07:26",
    "factura_num": "00259",
    "ciente_numero": 13776814,
    "pago_tipo": "TAR.DEBITO",
    "productos": [
        {
            "codigo": "iAbnd4YCdW",
            "total": 5,
            "valor_unitario": 206843,
            "descuento": 0.03,
            "IVA": 19
        },
        {
            "codigo": "WTUtSnjWR4",
            "total": 14,
            "valor_unitario": 516487,
            "descuento": 0.0,
            "IVA": 19
        },
        {
            "codigo": "JhK1D34zSo",
            "total": 5,
            "valor_unitario": 47065,
            "descuento": 0.48,
            "IVA": 19
        },
        {
            "codigo": "sNuL8yXVf2",
            "total": 1,
            "valor_unitario": 430050,
            "descuento": 0.49,
            "IVA": 5
        },
        {
            "codigo": "JD4FcjT8zZ",
            "total": 13,
            "valor_unitario": 712627,
            "descuento": 0.05,
            "IVA": 19
        },
        {
            "codigo": "8IU7TGAq6t",
            "total": 9,
            "valor_unitario": 107574,
            "descuento": 0.44,
            "IVA": 19
        },
        {
            "codigo": "Jd7MVEAEH0",
            "total": 15,
            "valor_unitario": 184370,
            "descuento": 0.05,
            "IVA": 19
        }
    ]
}