{
    "empresa_nit": "456789123",
    "empresa_ciudad": "MEDELLIN",
    "empresa_sede": "plaza",
    "empresa_nombre": "Despensa Natura",
    "fecha_hora": "2024-09-17 06:00:21",
    "factura_num": "01023",
    "ciente_numero": 514931163,
    "pago_tipo": "EFECTIVO",
    "productos": [
        {
            "codigo": "ib1zMo0Ra8",
            "total": 3,
            "valor_unitario": 701725,
            "descuento": 0.14,
            "IVA": 0
        },
        {
            "codigo": "VjClreMRCt",
            "total": 20,
            "valor_unitario": 627973,
            "descuento": 0.42,
            "IVA": 0
        },
        {
            "codigo": "bh4lVDjmb2",
            "total": 14,
            "valor_unitario": 589795,
            "descuento": 0.35,
            "IVA": 0
        },
        {
            "codigo": "vzLiZcf8xq",
            "total": 1,
            "valor_unitario": 896599,
            "descuento": 0.16,
            "IVA": 19
        },
        {
            "codigo": "ucdxoE89MD",
            "total": 15,
            "valor_unitario": 280621,
            "descuento": 0.37,
            "IVA": 0
        },
        {
            "codigo": "Dpgvp0sInn",
            "total": 2,
            "valor_unitario": 513482,
            "descuento": 0.33,
            "IVA": 19
        },
        {
            "codigo": "1Xk0mAvmFn",
            "total": 11,
            "valor_unitario": 626514,
            "descuento": 0.19,
            "IVA": 19
        },
        {
            "codigo": "NJrUM3Du1H",
            "total": 15,
            "valor_unitario": 329162,
            "descuento": 0.44,
            "IVA": 5
        },
        {
            "codigo": "l4gqywQLqq",
            "total": 9,
            "valor_unitario": 23502,
            "descuento": 0.5,
            "IVA": 19
        },
        {
            "codigo": "Wly1s3EK4y",
            "total": 4,
            "valor_unitario": 47072,
            "descuento": 0.04,
            "IVA": 5
        },
        {
            "codigo": "BXYQCnpxh3",
            "total": 3,
            "valor_unitario": 504912,
            "descuento": 0.12,
            "IVA": 5
        },
        {
            "codigo": "ONQlbMN1xG",
            "total": 19,
            "valor_unitario": 315683,
            "descuento": 0.07,
            "IVA": 19
        },
        {
            "codigo": "OF503ps4FL",
            "total": 4,
            "valor_unitario": 819712,
            "descuento": 0.06,
            "IVA": 5
        },
        {
            "codigo": "sT8CKdy1uC",
            "total": 11,
            "valor_unitario": 501362,
            "descuento": 0.3,
            "IVA": 19
        },
        {
            "codigo": "3VIp6kgryQ",
            "total": 13,
            "valor_unitario": 386877,
            "descuento": 0.24,
            "IVA": 0
        },
        {
            "codigo": "YLCK4V0Lcn",
            "total": 12,
            "valor_unitario": 59590,
            "descuento": 0.3,
            "IVA": 0
        },
        {
            "codigo": "1QiZ2j3AI4",
            "total": 10,
            "valor_unitario": 531981,
            "descuento": 0.17,
            "IVA": 0
        },
        {
            "codigo": "uspYxByG9n",
            "total": 11,
            "valor_unitario": 638751,
            "descuento": 0.3,
            "IVA": 0
        }
    ]
}