{
    "empresa_nit": "456789123",
    "empresa_ciudad": "BARRANQUILLA",
    "empresa_sede": "autopista",
    "empresa_nombre": "Despensa Natura",
    "fecha_hora": "2024-05-12 12:46:01",
    "factura_num": "00326",
    "ciente_numero": 715191625,
    "pago_tipo": "TRANFERENCIA",
    "productos": [
        {
            "codigo": "iXPPK7iBus",
            "total": 7,
            "valor_unitario": 402722,
            "descuento": 0.17,
            "IVA": 19
        },
        {
            "codigo": "tN31oRnnmX",
            "total": 1,
            "valor_unitario": 946466,
            "descuento": 0.18,
            "IVA": 5
        },
        {
            "codigo": "0n8sp4dQIP",
            "total": 18,
            "valor_unitario": 330249,
            "descuento": 0.3,
            "IVA": 19
        },
        {
            "codigo": "CDoRCdjdgv",
            "total": 1,
            "valor_unitario": 754459,
            "descuento": 0.5,
            "IVA": 0
        }
    ]
}