{
    "empresa_nit": "456789123",
    "empresa_ciudad": "MEDELLIN",
    "empresa_sede": "alcaldia",
    "empresa_nombre": "Despensa Natura",
    "fecha_hora": "2024-06-21 16:43:52",
    "factura_num": "01082",
    "ciente_numero": 763900534,
    "pago_tipo": "EFECTIVO",
    "productos": [
        {
            "codigo": "nHjv98aY2n",
            "total": 1,
            "valor_unitario": 358396,
            "descuento": 0.44,
            "IVA": 5
        },
        {
            "codigo": "64tYuOZgTg",
            "total": 2,
            "valor_unitario": 92067,
            "descuento": 0.16,
            "IVA": 5
        },
        {
            "codigo": "BpMNRblkgG",
            "total": 18,
            "valor_unitario": 121067,
            "descuento": 0.23,
            "IVA": 0
        },
        {
            "codigo": "PY7kyipC5i",
            "total": 5,
            "valor_unitario": 835443,
            "descuento": 0.19,
            "IVA": 5
        },
        {
            "codigo": "titwrzSQjt",
            "total": 8,
            "valor_unitario": 707453,
            "descuento": 0.12,
            "IVA": 19
        }
    ]
}