{
    "empresa_nit": "456789123",
    "empresa_ciudad": "MEDELLIN",
    "empresa_sede": "plaza",
    "empresa_nombre": "Despensa Natura",
    "fecha_hora": "2024-11-06 22:59:06",
    "factura_num": "00306",
    "ciente_numero": 708864612,
    "pago_tipo": "TAR.DEBITO",
    "productos": [
        {
            "codigo": "0dAfjatFUu",
            "total": 7,
            "valor_unitario": 567694,
            "descuento": 0.06,
            "IVA": 0
        },
        {
            "codigo": "fqNUCWk1M9",
            "total": 1,
            "valor_unitario": 391351,
            "descuento": 0.1,
            "IVA": 5
        },
        {
            "codigo": "a6AqbbLEJo",
            "total": 14,
            "valor_unitario": 84730,
            "descuento": 0.36,
            "IVA": 19
        },
        {
            "codigo": "fyz5Ouaxwn",
            "total": 4,
            "valor_unitario": 354926,
            "descuento": 0.15,
            "IVA": 0
        }
    ]
}