{
    "empresa_nit": "456789123",
    "empresa_ciudad": "MEDELLIN",
    "empresa_sede": "autopista",
    "empresa_nombre": "Despensa Natura",
    "fecha_hora": "2024-09-20 09:13:49",
    "factura_num": "00330",
    "ciente_numero": 77289656,
    "pago_tipo": "EFECTIVO",
    "productos": [
        {
            "codigo": "xjoh6BUdAT",
            "total": 20,
            "valor_unitario": 790403,
            "descuento": 0.28,
            "IVA": 0
        },
        {
            "codigo": "43LgXSHKLI",
            "total": 19,
            "valor_unitario": 470591,
            "descuento": 0.44,
            "IVA": 0
        },
        {
            "codigo": "zpuIR8ZuEH",
            "total": 2,
            "valor_unitario": 463080,
            "descuento": 0.26,
            "IVA": 5
        },
        {
            "codigo": "rJ9kcLe08o",
            "total": 3,
            "valor_unitario": 634908,
            "descuento": 0.01,
            "IVA": 0
        },
        {
            "codigo": "kf2PG5SbnF",
            "total": 8,
            "valor_unitario": 730382,
            "descuento": 0.16,
            "IVA": 19
        },
        {
            "codigo": "h1KaHyxxf8",
            "total": 4,
            "valor_unitario": 141990,
            "descuento": 0.15,
            "IVA": 0
        },
        {
            "codigo": "leLLjLYvvC",
            "total": 7,
            "valor_unitario": 148526,
            "descuento": 0.41,
            "IVA": 19
        },
        {
            "codigo": "RjbPWTKszy",
            "total": 3,
            "valor_unitario": 390932,
            "descuento": 0.49,
            "IVA": 5
        },
        {
            "codigo": "sl7ZE3B3q9",
            "total": 5,
            "valor_unitario": 922404,
            "descuento": 0.18,
            "IVA": 5
        },
        {
            "codigo": "5GVI81f52D",
            "total": 5,
            "valor_unitario": 819642,
            "descuento": 0.5,
            "IVA": 19
        },
        {
            "codigo": "hQZEraxUFb",
            "total": 9,
            "valor_unitario": 103888,
            "descuento": 0.13,
            "IVA": 5
        },
        {
            "codigo": "RQ4XKcLkFb",
            "total": 16,
            "valor_unitario": 623389,
            "descuento": 0.3,
            "IVA": 5
        }
    ]
}