{
    "empresa_nit": "456789123",
    "empresa_ciudad": "TUNJA",
    "empresa_sede": "aeropuerto",
    "empresa_nombre": "Despensa Natura",
    "fecha_hora": "2020-06-06 18:05:01",
    "factura_num": "00170",
    "ciente_numero": 579025525,
    "pago_tipo": "TRANFERENCIA",
    "productos": [
        {
            "codigo": "MAnLAHFMDv",
            "total": 12,
            "valor_unitario": 705003,
            "descuento": 0.03,
            "IVA": 5
        },
        {
            "codigo": "JJ8OMl4b0a",
            "total": 20,
            "valor_unitario": 701488,
            "descuento": 0.28,
            "IVA": 19
        },
        {
            "codigo": "KjGjjDWnCk",
            "total": 6,
            "valor_unitario": 39285,
            "descuento": 0.24,
            "IVA": 5
        },
        {
            "codigo": "XWvWpgSaUN",
            "total": 14,
            "valor_unitario": 235754,
            "descuento": 0.33,
            "IVA": 0
        },
        {
            "codigo": "jjdyNAefzz",
            "total": 7,
            "valor_unitario": 611183,
            "descuento": 0.33,
            "IVA": 5
        },
        {
            "codigo": "ir5qDJ7JQV",
            "total": 16,
            "valor_unitario": 877032,
            "descuento": 0.14,
            "IVA": 0
        },
        {
            "codigo": "3QbPxcFfet",
            "total": 11,
            "valor_unitario": 957292,
            "descuento": 0.03,
            "IVA": 0
        },
        {
            "codigo": "gvjPKxwcxX",
            "total": 3,
            "valor_unitario": 592606,
            "descuento": 0.44,
            "IVA": 19
        },
        {
            "codigo": "EQTSKb6CaB",
            "total": 9,
            "valor_unitario": 636687,
            "descuento": 0.14,
            "IVA": 19
        },
        {
            "codigo": "QWuIfLUIWZ",
            "total": 6,
            "valor_unitario": 707735,
            "descuento": 0.46,
            "IVA": 0
        },
        {
            "codigo": "hTsyOIQVVJ",
            "total": 13,
            "valor_unitario": 964142,
            "descuento": 0.09,
            "IVA": 5
        },
        {
            "codigo": "G26zMYqDYs",
            "total": 19,
            "valor_unitario": 819574,
            "descuento": 0.4,
            "IVA": 5
        },
        {
            "codigo": "av1IYQLU3Z",
            "total": 19,
            "valor_unitario": 440289,
            "descuento": 0.23,
            "IVA": 5
        },
        {
            "codigo": "qST8dtqYNy",
            "total": 6,
            "valor_unitario": 329288,
            "descuento": 0.29,
            "IVA": 0
        },
        {
            "codigo": "cesQQwKyep",
            "total": 14,
            "valor_unitario": 598074,
            "descuento": 0.46,
            "IVA": 0
        },
        {
            "codigo": "8hYJ5uQaeC",
            "total": 18,
            "valor_unitario": 566348,
            "descuento": 0.26,
            "IVA": 5
        },
        {
            "codigo": "bUYPVc0n64",
            "total": 1,
            "valor_unitario": 149208,
            "descuento": 0.35,
            "IVA": 5
        },
        {
            "codigo": "zGVi4YpmIP",
            "total": 7,
            "valor_unitario": 597582,
            "descuento": 0.47,
            "IVA": 0
        },
        {
            "codigo": "jFIeM01RCD",
            "total": 7,
            "valor_unitario": 446829,
            "descuento": 0.12,
            "IVA": 19
        },
        {
            "codigo": "obqMmuDrKQ",
            "total": 12,
            "valor_unitario": 879215,
            "descuento": 0.01,
            "IVA": 0
        }
    ]
}