{
    "empresa_nit": "456789123",
    "empresa_ciudad": "MEDELLIN",
    "empresa_sede": "plaza",
    "empresa_nombre": "Despensa Natura",
    "fecha_hora": "2021-04-16 00:17:16",
    "factura_num": "01103",
    "ciente_numero": 188343147,
    "pago_tipo": "TAR.CREDITO",
    "productos": [
        {
            "codigo": "bDyTyTbl11",
            "total": 6,
            "valor_unitario": 472201,
            "descuento": 0.2,
            "IVA": 5
        },
        {
            "codigo": "CCGSN0U4F5",
            "total": 6,
            "valor_unitario": 724334,
            "descuento": 0.34,
            "IVA": 0
        },
        {
            "codigo": "0cf4wv0yuh",
            "total": 20,
            "valor_unitario": 517750,
            "descuento": 0.04,
            "IVA": 0
        },
        {
            "codigo": "27rXw62qS5",
            "total": 16,
            "valor_unitario": 490473,
            "descuento": 0.12,
            "IVA": 5
        },
        {
            "codigo": "VEX2tqseKR",
            "total": 3,
            "valor_unitario": 304952,
            "descuento": 0.12,
            "IVA": 5
        },
        {
            "codigo": "g9kqxKlEi4",
            "total": 3,
            "valor_unitario": 90289,
            "descuento": 0.48,
            "IVA": 19
        },
        {
            "codigo": "J0l6CVo7Is",
            "total": 12,
            "valor_unitario": 562506,
            "descuento": 0.04,
            "IVA": 19
        },
        {
            "codigo": "5sxp5fz7ze",
            "total": 10,
            "valor_unitario": 545802,
            "descuento": 0.13,
            "IVA": 0
        },
        {
            "codigo": "OxLqtCXcQn",
            "total": 15,
            "valor_unitario": 354649,
            "descuento": 0.24,
            "IVA": 0
        },
        {
            "codigo": "qwUkNPrLit",
            "total": 3,
            "valor_unitario": 93235,
            "descuento": 0.46,
            "IVA": 5
        },
        {
            "codigo": "UUnudbPf9x",
            "total": 7,
            "valor_unitario": 437362,
            "descuento": 0.47,
            "IVA": 0
        },
        {
            "codigo": "DTLUZWW7bZ",
            "total": 2,
            "valor_unitario": 827470,
            "descuento": 0.11,
            "IVA": 19
        },
        {
            "codigo": "TsPsKDT5KE",
            "total": 16,
            "valor_unitario": 64529,
            "descuento": 0.38,
            "IVA": 19
        },
        {
            "codigo": "AIV2T3Zani",
            "total": 10,
            "valor_unitario": 553564,
            "descuento": 0.12,
            "IVA": 5
        }
    ]
}