{
    "empresa_nit": "456789123",
    "empresa_ciudad": "BARRANQUILLA",
    "empresa_sede": "aeropuerto",
    "empresa_nombre": "Despensa Natura",
    "fecha_hora": "2023-06-03 02:38:11",
    "factura_num": "00381",
    "ciente_numero": 53786135,
    "pago_tipo": "TRANFERENCIA",
    "productos": [
        {
            "codigo": "mnlmbvj2S1",
            "total": 14,
            "valor_unitario": 625837,
            "descuento": 0.47,
            "IVA": 5
        },
        {
            "codigo": "O9FR21jLc4",
            "total": 17,
            "valor_unitario": 894058,
            "descuento": 0.5,
            "IVA": 19
        },
        {
            "codigo": "9MJJaJ1bDV",
            "total": 5,
            "valor_unitario": 710563,
            "descuento": 0.27,
            "IVA": 5
        },
        {
            "codigo": "S9fSxDXjTS",
            "total": 19,
            "valor_unitario": 972164,
            "descuento": 0.49,
            "IVA": 0
        },
        {
            "codigo": "lad0fX8E8a",
            "total": 14,
            "valor_unitario": 99808,
            "descuento": 0.46,
            "IVA": 19
        },
        {
            "codigo": "nDpNJDp9uX",
            "total": 19,
            "valor_unitario": 11899,
            "descuento": 0.21,
            "IVA": 0
        },
        {
            "codigo": "0P01qm19ZO",
            "total": 7,
            "valor_unitario": 803332,
            "descuento": 0.02,
            "IVA": 19
        },
        {
            "codigo": "TbCtbX0OQa",
            "total": 16,
            "valor_unitario": 575958,
            "descuento": 0.1,
            "IVA": 5
        },
        {
            "codigo": "sytuY0JsDs",
            "total": 7,
            "valor_unitario": 38789,
            "descuento": 0.12,
            "IVA": 19
        },
        {
            "codigo": "8tQT4fE037",
            "total": 17,
            "valor_unitario": 414601,
            "descuento": 0.31,
            "IVA": 5
        },
        {
            "codigo": "LyWhmkGRQy",
            "total": 12,
            "valor_unitario": 197739,
            "descuento": 0.49,
            "IVA": 0
        },
        {
            "codigo": "mZKYSCvsBT",
            "total": 8,
            "valor_unitario": 561429,
            "descuento": 0.48,
            "IVA": 19
        }
    ]
}