{
    "empresa_nit": "456789123",
    "empresa_ciudad": "MEDELLIN",
    "empresa_sede": "terminal",
    "empresa_nombre": "Despensa Natura",
    "fecha_hora": "2021-12-26 19:54:04",
    "factura_num": "01110",
    "ciente_numero": 293832372,
    "pago_tipo": "TRANFERENCIA",
    "productos": [
        {
            "codigo": "MCJOuPALgT",
            "total": 15,
            "valor_unitario": 769972,
            "descuento": 0.09,
            "IVA": 19
        },
        {
            "codigo": "zcsj4luwP8",
            "total": 7,
            "valor_unitario": 939931,
            "descuento": 0.44,
            "IVA": 0
        },
        {
            "codigo": "iX5fe4XSQn",
            "total": 4,
            "valor_unitario": 228185,
            "descuento": 0.37,
            "IVA": 5
        },
        {
            "codigo": "unBLlBYhpk",
            "total": 12,
            "valor_unitario": 188639,
            "descuento": 0.38,
            "IVA": 0
        },
        {
            "codigo": "cRrRVJzhWN",
            "total": 9,
            "valor_unitario": 169449,
            "descuento": 0.12,
            "IVA": 5
        },
        {
            "codigo": "vyIgKi3hrM",
            "total": 7,
            "valor_unitario": 10116,
            "descuento": 0.2,
            "IVA": 5
        },
        {
            "codigo": "16D8veLiMH",
            "total": 16,
            "valor_unitario": 536255,
            "descuento": 0.21,
            "IVA": 19
        },
        {
            "codigo": "ReJUNbpJ2F",
            "total": 4,
            "valor_unitario": 718143,
            "descuento": 0.09,
            "IVA": 19
        },
        {
            "codigo": "hEv4lF2Oht",
            "total": 11,
            "valor_unitario": 173190,
            "descuento": 0.35,
            "IVA": 19
        }
    ]
}