{
    "empresa_nit": "456789123",
    "empresa_ciudad": "TUNJA",
    "empresa_sede": "terminal",
    "empresa_nombre": "Despensa Natura",
    "fecha_hora": "2020-08-29 05:07:50",
    "factura_num": "00362",
    "ciente_numero": 572250122,
    "pago_tipo": "TAR.CREDITO",
    "productos": [
        {
            "codigo": "BJ25ztq1GE",
            "total": 10,
            "valor_unitario": 396117,
            "descuento": 0.15,
            "IVA": 19
        },
        {
            "codigo": "NuxioozY1Q",
            "total": 2,
            "valor_unitario": 38495,
            "descuento": 0.41,
            "IVA": 0
        },
        {
            "codigo": "PSXJitrwWA",
            "total": 4,
            "valor_unitario": 774466,
            "descuento": 0.04,
            "IVA": 0
        },
        {
            "codigo": "92j5sLQha6",
            "total": 20,
            "valor_unitario": 923379,
            "descuento": 0.02,
            "IVA": 5
        },
        {
            "codigo": "1WHWdjTwoE",
            "total": 18,
            "valor_unitario": 121106,
            "descuento": 0.31,
            "IVA": 19
        },
        {
            "codigo": "CfEa2HJ3z9",
            "total": 2,
            "valor_unitario": 893985,
            "descuento": 0.3,
            "IVA": 0
        }
    ]
}