{
    "empresa_nit": "456789123",
    "empresa_ciudad": "TUNJA",
    "empresa_sede": "aeropuerto",
    "empresa_nombre": "Despensa Natura",
    "fecha_hora": "2020-01-06 17:26:58",
    "factura_num": "00106",
    "ciente_numero": 49027238,
    "pago_tipo": "TRANFERENCIA",
    "productos": [
        {
            "codigo": "6ggknGZxu8",
            "total": 7,
            "valor_unitario": 80441,
            "descuento": 0.1,
            "IVA": 0
        },
        {
            "codigo": "t94YnVLjFX",
            "total": 12,
            "valor_unitario": 382399,
            "descuento": 0.03,
            "IVA": 0
        },
        {
            "codigo": "BhsF3js9v9",
            "total": 11,
            "valor_unitario": 550571,
            "descuento": 0.05,
            "IVA": 5
        },
        {
            "codigo": "arZFP5AE60",
            "total": 7,
            "valor_unitario": 210380,
            "descuento": 0.41,
            "IVA": 5
        },
        {
            "codigo": "UfDkVFZaYa",
            "total": 1,
            "valor_unitario": 768596,
            "descuento": 0.29,
            "IVA": 0
        },
        {
            "codigo": "gMrVyhdbVv",
            "total": 19,
            "valor_unitario": 149593,
            "descuento": 0.26,
            "IVA": 5
        },
        {
            "codigo": "lv9SAbZN8Y",
            "total": 15,
            "valor_unitario": 762943,
            "descuento": 0.06,
            "IVA": 0
        },
        {
            "codigo": "Phiv8HXwrl",
            "total": 20,
            "valor_unitario": 581650,
            "descuento": 0.47,
            "IVA": 0
        },
        {
            "codigo": "BNt4gLHUWg",
            "total": 5,
            "valor_unitario": 455957,
            "descuento": 0.11,
            "IVA": 0
        },
        {
            "codigo": "byNFFs47Gc",
            "total": 2,
            "valor_unitario": 236192,
            "descuento": 0.38,
            "IVA": 0
        },
        {
            "codigo": "MbvovtOwCu",
            "total": 11,
            "valor_unitario": 776540,
            "descuento": 0.09,
            "IVA": 19
        },
        {
            "codigo": "vCbPTUQb2v",
            "total": 2,
            "valor_unitario": 945579,
            "descuento": 0.01,
            "IVA": 0
        },
        {
            "codigo": "VBV1sI7rC8",
            "total": 1,
            "valor_unitario": 690366,
            "descuento": 0.45,
            "IVA": 19
        },
        {
            "codigo": "JteQ5DzFls",
            "total": 17,
            "valor_unitario": 879898,
            "descuento": 0.38,
            "IVA": 0
        },
        {
            "codigo": "JWWeqTgdQL",
            "total": 11,
            "valor_unitario": 234082,
            "descuento": 0.2,
            "IVA": 0
        },
        {
            "codigo": "bWT8tZUolY",
            "total": 1,
            "valor_unitario": 618443,
            "descuento": 0.05,
            "IVA": 0
        },
        {
            "codigo": "7dEJvasfGo",
            "total": 8,
            "valor_unitario": 115713,
            "descuento": 0.1,
            "IVA": 0
        }
    ]
}