{
    "empresa_nit": "456789123",
    "empresa_ciudad": "BARRANQUILLA",
    "empresa_sede": "autopista",
    "empresa_nombre": "Despensa Natura",
    "fecha_hora": "2021-06-17 06:04:35",
    "factura_num": "00208",
    "ciente_numero": 685734276,
    "pago_tipo": "TAR.CREDITO",
    "productos": [
        {
            "codigo": "BjV5lVwEZ9",
            "total": 10,
            "valor_unitario": 229992,
            "descuento": 0.14,
            "IVA": 5
        },
        {
            "codigo": "vFuJOSccf6",
            "total": 20,
            "valor_unitario": 506270,
            "descuento": 0.35,
            "IVA": 19
        },
        {
            "codigo": "LMxFEU31NC",
            "total": 2,
            "valor_unitario": 795161,
            "descuento": 0.46,
            "IVA": 5
        },
        {
            "codigo": "nkv4PZPuMM",
            "total": 15,
            "valor_unitario": 475087,
            "descuento": 0.05,
            "IVA": 5
        },
        {
            "codigo": "6KgAlSqbf9",
            "total": 2,
            "valor_unitario": 736654,
            "descuento": 0.35,
            "IVA": 19
        },
        {
            "codigo": "XH3UvltxWn",
            "total": 5,
            "valor_unitario": 494636,
            "descuento": 0.46,
            "IVA": 19
        },
        {
            "codigo": "frezS0O6js",
            "total": 12,
            "valor_unitario": 791877,
            "descuento": 0.26,
            "IVA": 19
        },
        {
            "codigo": "Bf1h1MZll9",
            "total": 20,
            "valor_unitario": 670855,
            "descuento": 0.32,
            "IVA": 5
        },
        {
            "codigo": "WsG8rplZBm",
            "total": 12,
            "valor_unitario": 232206,
            "descuento": 0.04,
            "IVA": 0
        },
        {
            "codigo": "wAtx7fliRq",
            "total": 11,
            "valor_unitario": 692540,
            "descuento": 0.01,
            "IVA": 19
        },
        {
            "codigo": "XHJCzhwJGn",
            "total": 13,
            "valor_unitario": 478544,
            "descuento": 0.09,
            "IVA": 5
        },
        {
            "codigo": "4kIo7cGRaR",
            "total": 15,
            "valor_unitario": 569768,
            "descuento": 0.12,
            "IVA": 0
        },
        {
            "codigo": "JXfdgLXpPH",
            "total": 5,
            "valor_unitario": 829283,
            "descuento": 0.44,
            "IVA": 0
        },
        {
            "codigo": "m9m1qsWz3v",
            "total": 6,
            "valor_unitario": 614002,
            "descuento": 0.15,
            "IVA": 19
        },
        {
            "codigo": "DsGtuKvbrj",
            "total": 15,
            "valor_unitario": 303609,
            "descuento": 0.43,
            "IVA": 0
        },
        {
            "codigo": "RclwXqQiAF",
            "total": 8,
            "valor_unitario": 243746,
            "descuento": 0.32,
            "IVA": 19
        },
        {
            "codigo": "78JzrCYRSL",
            "total": 3,
            "valor_unitario": 812093,
            "descuento": 0.47,
            "IVA": 5
        },
        {
            "codigo": "sZBgt07nPI",
            "total": 5,
            "valor_unitario": 647397,
            "descuento": 0.28,
            "IVA": 19
        },
        {
            "codigo": "Ja86jsjTfw",
            "total": 10,
            "valor_unitario": 247544,
            "descuento": 0.4,
            "IVA": 0
        }
    ]
}