{
    "empresa_nit": "456789123",
    "empresa_ciudad": "MEDELLIN",
    "empresa_sede": "alcaldia",
    "empresa_nombre": "Despensa Natura",
    "fecha_hora": "2021-12-31 06:06:57",
    "factura_num": "00266",
    "ciente_numero": 588056457,
    "pago_tipo": "TRANFERENCIA",
    "productos": [
        {
            "codigo": "9RSzktJwM4",
            "total": 12,
            "valor_unitario": 40662,
            "descuento": 0.29,
            "IVA": 19
        },
        {
            "codigo": "x0mXQIpnF2",
            "total": 1,
            "valor_unitario": 432417,
            "descuento": 0.36,
            "IVA": 5
        },
        {
            "codigo": "9VrGpQQdrJ",
            "total": 11,
            "valor_unitario": 532365,
            "descuento": 0.34,
            "IVA": 19
        },
        {
            "codigo": "Cdob4ohbnS",
            "total": 13,
            "valor_unitario": 710432,
            "descuento": 0.23,
            "IVA": 0
        },
        {
            "codigo": "xk1dvieg0g",
            "total": 15,
            "valor_unitario": 216881,
            "descuento": 0.2,
            "IVA": 0
        },
        {
            "codigo": "0ceCjlpSnS",
            "total": 16,
            "valor_unitario": 525893,
            "descuento": 0.35,
            "IVA": 5
        },
        {
            "codigo": "jZxPjHlbgL",
            "total": 5,
            "valor_unitario": 906678,
            "descuento": 0.42,
            "IVA": 5
        }
    ]
}