{
    "empresa_nit": "456789123",
    "empresa_ciudad": "BOGOTA",
    "empresa_sede": "terminal",
    "empresa_nombre": "Despensa Natura",
    "fecha_hora": "2024-01-31 16:13:55",
    "factura_num": "01027",
    "ciente_numero": 678052231,
    "pago_tipo": "TAR.DEBITO",
    "productos": [
        {
            "codigo": "Fr1bxm7x6B",
            "total": 5,
            "valor_unitario": 14852,
            "descuento": 0.11,
            "IVA": 0
        },
        {
            "codigo": "S2hT4iWt8K",
            "total": 11,
            "valor_unitario": 990722,
            "descuento": 0.05,
            "IVA": 0
        },
        {
            "codigo": "xlHFsW7ucF",
            "total": 19,
            "valor_unitario": 885398,
            "descuento": 0.1,
            "IVA": 5
        },
        {
            "codigo": "6955fzDI4o",
            "total": 15,
            "valor_unitario": 897400,
            "descuento": 0.32,
            "IVA": 0
        },
        {
            "codigo": "ZLMUkDh6dJ",
            "total": 20,
            "valor_unitario": 151202,
            "descuento": 0.16,
            "IVA": 0
        },
        {
            "codigo": "xvAZNEga66",
            "total": 16,
            "valor_unitario": 746849,
            "descuento": 0.19,
            "IVA": 5
        },
        {
            "codigo": "Cv4IjW2ZWY",
            "total": 17,
            "valor_unitario": 337430,
            "descuento": 0.24,
            "IVA": 0
        }
    ]
}