{
    "empresa_nit": "456789123",
    "empresa_ciudad": "BARRANQUILLA",
    "empresa_sede": "terminal",
    "empresa_nombre": "Despensa Natura",
    "fecha_hora": "2024-09-19 05:17:51",
    "factura_num": "01122",
    "ciente_numero": 501429430,
    "pago_tipo": "EFECTIVO",
    "productos": [
        {
            "codigo": "u64U6JUcwz",
            "total": 7,
            "valor_unitario": 333145,
            "descuento": 0.39,
            "IVA": 5
        },
        {
            "codigo": "0le7KHhUYd",
            "total": 8,
            "valor_unitario": 887754,
            "descuento": 0.4,
            "IVA": 19
        },
        {
            "codigo": "tKbwKPhm04",
            "total": 6,
            "valor_unitario": 990041,
            "descuento": 0.5,
            "IVA": 5
        },
        {
            "codigo": "vJtxVJBTUG",
            "total": 14,
            "valor_unitario": 899662,
            "descuento": 0.32,
            "IVA": 5
        },
        {
            "codigo": "QCQ9bwCljm",
            "total": 3,
            "valor_unitario": 704825,
            "descuento": 0.35,
            "IVA": 5
        },
        {
            "codigo": "kTtXtdaEVf",
            "total": 9,
            "valor_unitario": 931586,
            "descuento": 0.28,
            "IVA": 0
        },
        {
            "codigo": "H3QO83hKNb",
            "total": 8,
            "valor_unitario": 789943,
            "descuento": 0.43,
            "IVA": 0
        },
        {
            "codigo": "p2uoSzvsgp",
            "total": 11,
            "valor_unitario": 8986,
            "descuento": 0.22,
            "IVA": 0
        },
        {
            "codigo": "9PTnXaAgi0",
            "total": 7,
            "valor_unitario": 882659,
            "descuento": 0.3,
            "IVA": 19
        },
        {
            "codigo": "PG5wduz13F",
            "total": 8,
            "valor_unitario": 370272,
            "descuento": 0.34,
            "IVA": 0
        },
        {
            "codigo": "vUvy3gZ6Ib",
            "total": 17,
            "valor_unitario": 608994,
            "descuento": 0.06,
            "IVA": 19
        }
    ]
}