{
    "empresa_nit": "456789123",
    "empresa_ciudad": "BARRANQUILLA",
    "empresa_sede": "centro",
    "empresa_nombre": "Despensa Natura",
    "fecha_hora": "2022-10-20 08:34:00",
    "factura_num": "00354",
    "ciente_numero": 478325866,
    "pago_tipo": "TAR.CREDITO",
    "productos": [
        {
            "codigo": "D12LDkpj1E",
            "total": 5,
            "valor_unitario": 379267,
            "descuento": 0.29,
            "IVA": 0
        },
        {
            "codigo": "jYtG3N5sLt",
            "total": 15,
            "valor_unitario": 232644,
            "descuento": 0.02,
            "IVA": 19
        },
        {
            "codigo": "SgH5uYQH2e",
            "total": 1,
            "valor_unitario": 100365,
            "descuento": 0.12,
            "IVA": 0
        },
        {
            "codigo": "kItOrF7Ig0",
            "total": 3,
            "valor_unitario": 530767,
            "descuento": 0.47,
            "IVA": 0
        },
        {
            "codigo": "ycFz5s1VLq",
            "total": 10,
            "valor_unitario": 179965,
            "descuento": 0.09,
            "IVA": 5
        },
        {
            "codigo": "stxwXE2hQN",
            "total": 2,
            "valor_unitario": 370054,
            "descuento": 0.37,
            "IVA": 19
        },
        {
            "codigo": "vPXW5QJRek",
            "total": 1,
            "valor_unitario": 652725,
            "descuento": 0.01,
            "IVA": 0
        },
        {
            "codigo": "6CpM25X8p3",
            "total": 19,
            "valor_unitario": 69030,
            "descuento": 0.33,
            "IVA": 5
        },
        {
            "codigo": "PkWzF4xJtE",
            "total": 10,
            "valor_unitario": 780236,
            "descuento": 0.31,
            "IVA": 5
        },
        {
            "codigo": "z0JTFmXlyc",
            "total": 1,
            "valor_unitario": 54382,
            "descuento": 0.35,
            "IVA": 0
        },
        {
            "codigo": "x1QXPMRuy9",
            "total": 9,
            "valor_unitario": 640800,
            "descuento": 0.12,
            "IVA": 0
        },
        {
            "codigo": "DxB1MVhl8H",
            "total": 16,
            "valor_unitario": 919773,
            "descuento": 0.22,
            "IVA": 5
        },
        {
            "codigo": "K47ZSp8UMT",
            "total": 15,
            "valor_unitario": 544014,
            "descuento": 0.05,
            "IVA": 0
        },
        {
            "codigo": "FejQzzUcPv",
            "total": 10,
            "valor_unitario": 237248,
            "descuento": 0.36,
            "IVA": 19
        }
    ]
}