{
    "empresa_nit": "456789123",
    "empresa_ciudad": "MEDELLIN",
    "empresa_sede": "alcaldia",
    "empresa_nombre": "Despensa Natura",
    "fecha_hora": "2022-04-02 05:10:22",
    "factura_num": "01070",
    "ciente_numero": 722772860,
    "pago_tipo": "TAR.DEBITO",
    "productos": [
        {
            "codigo": "zczz4jnNIl",
            "total": 15,
            "valor_unitario": 608478,
            "descuento": 0.05,
            "IVA": 5
        },
        {
            "codigo": "0JRuYK2pNk",
            "total": 5,
            "valor_unitario": 717248,
            "descuento": 0.21,
            "IVA": 19
        },
        {
            "codigo": "I71g5DbZ9v",
            "total": 18,
            "valor_unitario": 939889,
            "descuento": 0.12,
            "IVA": 5
        },
        {
            "codigo": "gnd9QfHrLN",
            "total": 4,
            "valor_unitario": 516995,
            "descuento": 0.17,
            "IVA": 5
        },
        {
            "codigo": "iYWSphZigf",
            "total": 2,
            "valor_unitario": 552049,
            "descuento": 0.09,
            "IVA": 19
        }
    ]
}