{
    "empresa_nit": "456789123",
    "empresa_ciudad": "TUNJA",
    "empresa_sede": "plaza",
    "empresa_nombre": "Despensa Natura",
    "fecha_hora": "2020-07-19 23:11:12",
    "factura_num": "00278",
    "ciente_numero": 372456118,
    "pago_tipo": "EFECTIVO",
    "productos": [
        {
            "codigo": "4rZbMUPSPv",
            "total": 15,
            "valor_unitario": 542542,
            "descuento": 0.04,
            "IVA": 0
        },
        {
            "codigo": "8ERCNBatmi",
            "total": 10,
            "valor_unitario": 194182,
            "descuento": 0.45,
            "IVA": 0
        },
        {
            "codigo": "nPnVKms0YV",
            "total": 5,
            "valor_unitario": 201741,
            "descuento": 0.44,
            "IVA": 0
        },
        {
            "codigo": "YTaQ6Bhcm5",
            "total": 11,
            "valor_unitario": 472045,
            "descuento": 0.13,
            "IVA": 19
        },
        {
            "codigo": "bdG8etKv63",
            "total": 12,
            "valor_unitario": 267443,
            "descuento": 0.3,
            "IVA": 5
        },
        {
            "codigo": "xHfYy3gG7n",
            "total": 13,
            "valor_unitario": 749337,
            "descuento": 0.19,
            "IVA": 0
        },
        {
            "codigo": "4pALpP3kAF",
            "total": 9,
            "valor_unitario": 2212,
            "descuento": 0.4,
            "IVA": 19
        },
        {
            "codigo": "SMISIdBT8j",
            "total": 6,
            "valor_unitario": 590681,
            "descuento": 0.27,
            "IVA": 19
        },
        {
            "codigo": "6etDtSw6TE",
            "total": 14,
            "valor_unitario": 783113,
            "descuento": 0.09,
            "IVA": 0
        },
        {
            "codigo": "6v8VdNnyID",
            "total": 13,
            "valor_unitario": 42153,
            "descuento": 0.13,
            "IVA": 0
        }
    ]
}