{
    "empresa_nit": "456789123",
    "empresa_ciudad": "MEDELLIN",
    "empresa_sede": "terminal",
    "empresa_nombre": "Despensa Natura",
    "fecha_hora": "2024-09-03 16:22:39",
    "factura_num": "00372",
    "ciente_numero": 13716619,
    "pago_tipo": "TAR.DEBITO",
    "productos": [
        {
            "codigo": "CYZlDwoOBK",
            "total": 1,
            "valor_unitario": 681705,
            "descuento": 0.27,
            "IVA": 19
        },
        {
            "codigo": "JiILt6jLtU",
            "total": 17,
            "valor_unitario": 136829,
            "descuento": 0.11,
            "IVA": 5
        },
        {
            "codigo": "AFUi8H4jrf",
            "total": 8,
            "valor_unitario": 64837,
            "descuento": 0.48,
            "IVA": 5
        },
        {
            "codigo": "7QgYozAnqT",
            "total": 5,
            "valor_unitario": 663349,
            "descuento": 0.45,
            "IVA": 5
        },
        {
            "codigo": "TSPI4zzZji",
            "total": 19,
            "valor_unitario": 457594,
            "descuento": 0.46,
            "IVA": 5
        },
        {
            "codigo": "XPyQBmdwjH",
            "total": 2,
            "valor_unitario": 240793,
            "descuento": 0.06,
            "IVA": 5
        },
        {
            "codigo": "W7EDNdQdbe",
            "total": 9,
            "valor_unitario": 975234,
            "descuento": 0.34,
            "IVA": 19
        },
        {
            "codigo": "u8ZpM6Etth",
            "total": 11,
            "valor_unitario": 845335,
            "descuento": 0.04,
            "IVA": 0
        }
    ]
}