{
    "empresa_nit": "456789123",
    "empresa_ciudad": "BARRANQUILLA",
    "empresa_sede": "plaza",
    "empresa_nombre": "Despensa Natura",
    "fecha_hora": "2021-06-04 20:35:44",
    "factura_num": "01049",
    "ciente_numero": 878745283,
    "pago_tipo": "EFECTIVO",
    "productos": [
        {
            "codigo": "YHW9ZND4fj",
            "total": 6,
            "valor_unitario": 413832,
            "descuento": 0.19,
            "IVA": 19
        },
        {
            "codigo": "FyBbZl54b1",
            "total": 13,
            "valor_unitario": 962225,
            "descuento": 0.15,
            "IVA": 5
        },
        {
            "codigo": "AWRakqYRff",
            "total": 14,
            "valor_unitario": 402253,
            "descuento": 0.34,
            "IVA": 5
        },
        {
            "codigo": "VYLytEBLvG",
            "total": 4,
            "valor_unitario": 396105,
            "descuento": 0.26,
            "IVA": 19
        },
        {
            "codigo": "XMzV7EGz59",
            "total": 8,
            "valor_unitario": 794161,
            "descuento": 0.25,
            "IVA": 19
        },
        {
            "codigo": "IQvF58LvT1",
            "total": 17,
            "valor_unitario": 323589,
            "descuento": 0.35,
            "IVA": 5
        },
        {
            "codigo": "HXecFfC8Ii",
            "total": 18,
            "valor_unitario": 382124,
            "descuento": 0.36,
            "IVA": 19
        },
        {
            "codigo": "Ce6RegpvXx",
            "total": 16,
            "valor_unitario": 570896,
            "descuento": 0.23,
            "IVA": 0
        }
    ]
}