{
    "empresa_nit": "456789123",
    "empresa_ciudad": "BARRANQUILLA",
    "empresa_sede": "centro",
    "empresa_nombre": "Despensa Natura",
    "fecha_hora": "2021-08-07 17:00:16",
    "factura_num": "00219",
    "ciente_numero": 119599184,
    "pago_tipo": "TAR.CREDITO",
    "productos": [
        {
            "codigo": "t22MLXTx0Z",
            "total": 14,
            "valor_unitario": 403351,
            "descuento": 0.48,
            "IVA": 19
        },
        {
            "codigo": "lWMkCJuGEx",
            "total": 19,
            "valor_unitario": 801136,
            "descuento": 0.39,
            "IVA": 19
        },
        {
            "codigo": "RmcyWxFwb0",
            "total": 17,
            "valor_unitario": 886928,
            "descuento": 0.47,
            "IVA": 5
        },
        {
            "codigo": "c2qh4IdOkk",
            "total": 12,
            "valor_unitario": 318288,
            "descuento": 0.25,
            "IVA": 5
        },
        {
            "codigo": "3XfgrsIRoc",
            "total": 19,
            "valor_unitario": 883860,
            "descuento": 0.14,
            "IVA": 19
        },
        {
            "codigo": "rHOlnaeMZL",
            "total": 5,
            "valor_unitario": 39400,
            "descuento": 0.01,
            "IVA": 19
        },
        {
            "codigo": "BBxTdQmFh0",
            "total": 10,
            "valor_unitario": 466282,
            "descuento": 0.08,
            "IVA": 19
        },
        {
            "codigo": "yg27jMta93",
            "total": 4,
            "valor_unitario": 200786,
            "descuento": 0.08,
            "IVA": 19
        },
        {
            "codigo": "x3sjGK0FOu",
            "total": 10,
            "valor_unitario": 942041,
            "descuento": 0.48,
            "IVA": 0
        },
        {
            "codigo": "XXsqbcBAJd",
            "total": 10,
            "valor_unitario": 236093,
            "descuento": 0.04,
            "IVA": 19
        },
        {
            "codigo": "IrZ84H5KZZ",
            "total": 10,
            "valor_unitario": 995040,
            "descuento": 0.22,
            "IVA": 19
        },
        {
            "codigo": "8gPADSGw38",
            "total": 14,
            "valor_unitario": 149799,
            "descuento": 0.06,
            "IVA": 5
        },
        {
            "codigo": "FOJOv69Xtc",
            "total": 10,
            "valor_unitario": 639951,
            "descuento": 0.02,
            "IVA": 0
        },
        {
            "codigo": "z3fDkXibzm",
            "total": 16,
            "valor_unitario": 697434,
            "descuento": 0.36,
            "IVA": 0
        },
        {
            "codigo": "n2zD6YHNeI",
            "total": 3,
            "valor_unitario": 87007,
            "descuento": 0.05,
            "IVA": 19
        },
        {
            "codigo": "hTlEpgQLrK",
            "total": 12,
            "valor_unitario": 97456,
            "descuento": 0.18,
            "IVA": 19
        },
        {
            "codigo": "hfbi0xXYAj",
            "total": 4,
            "valor_unitario": 413798,
            "descuento": 0.1,
            "IVA": 0
        },
        {
            "codigo": "tePZKBwv23",
            "total": 7,
            "valor_unitario": 387496,
            "descuento": 0.31,
            "IVA": 5
        },
        {
            "codigo": "tZwwUSsmkn",
            "total": 15,
            "valor_unitario": 325168,
            "descuento": 0.01,
            "IVA": 5
        },
        {
            "codigo": "L9zhD7m6Zl",
            "total": 14,
            "valor_unitario": 380927,
            "descuento": 0.28,
            "IVA": 5
        }
    ]
}