{
    "empresa_nit": "456789123",
    "empresa_ciudad": "BARRANQUILLA",
    "empresa_sede": "centro",
    "empresa_nombre": "Despensa Natura",
    "fecha_hora": "2023-09-03 01:05:36",
    "factura_num": "01025",
    "ciente_numero": 417439171,
    "pago_tipo": "TAR.DEBITO",
    "productos": [
        {
            "codigo": "ZTWdvUkYSV",
            "total": 4,
            "valor_unitario": 349394,
            "descuento": 0.47,
            "IVA": 0
        },
        {
            "codigo": "482mckFKp5",
            "total": 1,
            "valor_unitario": 912796,
            "descuento": 0.21,
            "IVA": 0
        },
        {
            "codigo": "e0Rp7drLmv",
            "total": 2,
            "valor_unitario": 284807,
            "descuento": 0.01,
            "IVA": 19
        },
        {
            "codigo": "eQCVNnh7PW",
            "total": 9,
            "valor_unitario": 243367,
            "descuento": 0.27,
            "IVA": 5
        },
        {
            "codigo": "6tC0Bw4j38",
            "total": 13,
            "valor_unitario": 695181,
            "descuento": 0.08,
            "IVA": 0
        },
        {
            "codigo": "B48WXtpvQX",
            "total": 15,
            "valor_unitario": 202438,
            "descuento": 0.04,
            "IVA": 5
        },
        {
            "codigo": "2hZw0yQqfW",
            "total": 9,
            "valor_unitario": 245307,
            "descuento": 0.33,
            "IVA": 5
        }
    ]
}