{
    "empresa_nit": "456789123",
    "empresa_ciudad": "TUNJA",
    "empresa_sede": "alcaldia",
    "empresa_nombre": "Despensa Natura",
    "fecha_hora": "2021-11-02 21:12:13",
    "factura_num": "01047",
    "ciente_numero": 705519838,
    "pago_tipo": "TRANFERENCIA",
    "productos": [
        {
            "codigo": "t8g2DGtpfz",
            "total": 7,
            "valor_unitario": 742338,
            "descuento": 0.3,
            "IVA": 19
        },
        {
            "codigo": "kdYax9pZDH",
            "total": 13,
            "valor_unitario": 772742,
            "descuento": 0.46,
            "IVA": 19
        },
        {
            "codigo": "hnyAiCEfCl",
            "total": 2,
            "valor_unitario": 620606,
            "descuento": 0.17,
            "IVA": 0
        },
        {
            "codigo": "5h9y9c8ucu",
            "total": 3,
            "valor_unitario": 423537,
            "descuento": 0.46,
            "IVA": 0
        },
        {
            "codigo": "yV248g08MN",
            "total": 16,
            "valor_unitario": 582279,
            "descuento": 0.05,
            "IVA": 5
        },
        {
            "codigo": "DB4zCl6dVu",
            "total": 11,
            "valor_unitario": 577303,
            "descuento": 0.34,
            "IVA": 5
        },
        {
            "codigo": "Ddpl0VqgWR",
            "total": 12,
            "valor_unitario": 264414,
            "descuento": 0.07,
            "IVA": 19
        },
        {
            "codigo": "gVD79P2L3x",
            "total": 17,
            "valor_unitario": 136973,
            "descuento": 0.41,
            "IVA": 5
        },
        {
            "codigo": "9IM4MgHvfk",
            "total": 5,
            "valor_unitario": 260007,
            "descuento": 0.17,
            "IVA": 5
        },
        {
            "codigo": "YDJkw2PTFz",
            "total": 7,
            "valor_unitario": 252551,
            "descuento": 0.34,
            "IVA": 0
        },
        {
            "codigo": "vxZZEjyUHQ",
            "total": 15,
            "valor_unitario": 896415,
            "descuento": 0.31,
            "IVA": 5
        },
        {
            "codigo": "HvhOJzTlWP",
            "total": 4,
            "valor_unitario": 388761,
            "descuento": 0.13,
            "IVA": 0
        }
    ]
}