{
    "empresa_nit": "456789123",
    "empresa_ciudad": "MEDELLIN",
    "empresa_sede": "centro",
    "empresa_nombre": "Despensa Natura",
    "fecha_hora": "2021-02-02 02:11:35",
    "factura_num": "00325",
    "ciente_numero": 722519815,
    "pago_tipo": "TAR.DEBITO",
    "productos": [
        {
            "codigo": "POj8F7EIAF",
            "total": 7,
            "valor_unitario": 28105,
            "descuento": 0.08,
            "IVA": 19
        },
        {
            "codigo": "3hoxGlj1z7",
            "total": 2,
            "valor_unitario": 371657,
            "descuento": 0.25,
            "IVA": 0
        },
        {
            "codigo": "Ik8d9JPNaZ",
            "total": 18,
            "valor_unitario": 645405,
            "descuento": 0.07,
            "IVA": 5
        },
        {
            "codigo": "fvtS5gGWEx",
            "total": 10,
            "valor_unitario": 123068,
            "descuento": 0.42,
            "IVA": 0
        },
        {
            "codigo": "CDO0veVL2m",
            "total": 15,
            "valor_unitario": 262426,
            "descuento": 0.0,
            "IVA": 0
        },
        {
            "codigo": "QEub1S8au7",
            "total": 11,
            "valor_unitario": 473323,
            "descuento": 0.06,
            "IVA": 0
        },
        {
            "codigo": "fHTk29hLYc",
            "total": 7,
            "valor_unitario": 569564,
            "descuento": 0.3,
            "IVA": 0
        },
        {
            "codigo": "WHw7vq1nBu",
            "total": 5,
            "valor_unitario": 936193,
            "descuento": 0.38,
            "IVA": 19
        },
        {
            "codigo": "SYgmiWV3t8",
            "total": 6,
            "valor_unitario": 461204,
            "descuento": 0.39,
            "IVA": 5
        },
        {
            "codigo": "cY6n0wLuy4",
            "total": 6,
            "valor_unitario": 246583,
            "descuento": 0.33,
            "IVA": 19
        },
        {
            "codigo": "qSYXI24uTH",
            "total": 3,
            "valor_unitario": 863414,
            "descuento": 0.14,
            "IVA": 5
        },
        {
            "codigo": "W4eNQWbWqe",
            "total": 3,
            "valor_unitario": 884497,
            "descuento": 0.23,
            "IVA": 5
        },
        {
            "codigo": "O5ALUUzUih",
            "total": 2,
            "valor_unitario": 421846,
            "descuento": 0.28,
            "IVA": 0
        },
        {
            "codigo": "QZu0zl0iEa",
            "total": 18,
            "valor_unitario": 617369,
            "descuento": 0.3,
            "IVA": 0
        },
        {
            "codigo": "H69aK3dORw",
            "total": 2,
            "valor_unitario": 272966,
            "descuento": 0.48,
            "IVA": 0
        },
        {
            "codigo": "yIdG8Va5BV",
            "total": 9,
            "valor_unitario": 654974,
            "descuento": 0.05,
            "IVA": 19
        },
        {
            "codigo": "fimhS1M5o4",
            "total": 7,
            "valor_unitario": 53396,
            "descuento": 0.19,
            "IVA": 0
        },
        {
            "codigo": "57yWx4fTqD",
            "total": 3,
            "valor_unitario": 767503,
            "descuento": 0.13,
            "IVA": 5
        },
        {
            "codigo": "lPZJpZh8h7",
            "total": 18,
            "valor_unitario": 342316,
            "descuento": 0.28,
            "IVA": 19
        }
    ]
}