{
    "empresa_nit": "456789123",
    "empresa_ciudad": "TUNJA",
    "empresa_sede": "autopista",
    "empresa_nombre": "Despensa Natura",
    "fecha_hora": "2022-02-05 22:56:17",
    "factura_num": "00015",
    "ciente_numero": 867667952,
    "pago_tipo": "TAR.DEBITO",
    "productos": [
        {
            "codigo": "Jfyw5TLbw2",
            "total": 13,
            "valor_unitario": 163313,
            "descuento": 0.11,
            "IVA": 0
        },
        {
            "codigo": "n6sMOGiP4q",
            "total": 12,
            "valor_unitario": 697092,
            "descuento": 0.22,
            "IVA": 19
        },
        {
            "codigo": "ZPUgHTKF5I",
            "total": 1,
            "valor_unitario": 291486,
            "descuento": 0.15,
            "IVA": 5
        },
        {
            "codigo": "RxSssbFqfz",
            "total": 10,
            "valor_unitario": 153214,
            "descuento": 0.03,
            "IVA": 19
        },
        {
            "codigo": "DBG4KUKko9",
            "total": 20,
            "valor_unitario": 395803,
            "descuento": 0.47,
            "IVA": 5
        },
        {
            "codigo": "vTV6yqgsCZ",
            "total": 20,
            "valor_unitario": 376260,
            "descuento": 0.25,
            "IVA": 0
        },
        {
            "codigo": "it6cAMakF4",
            "total": 13,
            "valor_unitario": 37962,
            "descuento": 0.01,
            "IVA": 0
        },
        {
            "codigo": "0asVpE4GGR",
            "total": 13,
            "valor_unitario": 355383,
            "descuento": 0.07,
            "IVA": 5
        },
        {
            "codigo": "emejmZFHZP",
            "total": 18,
            "valor_unitario": 557005,
            "descuento": 0.33,
            "IVA": 0
        },
        {
            "codigo": "nxYgi4Ddvy",
            "total": 16,
            "valor_unitario": 984230,
            "descuento": 0.38,
            "IVA": 19
        },
        {
            "codigo": "Udg7RCWbhG",
            "total": 16,
            "valor_unitario": 325452,
            "descuento": 0.5,
            "IVA": 19
        },
        {
            "codigo": "g60rxQ6kcc",
            "total": 1,
            "valor_unitario": 119247,
            "descuento": 0.45,
            "IVA": 19
        },
        {
            "codigo": "Jmk5pVBH67",
            "total": 14,
            "valor_unitario": 514523,
            "descuento": 0.16,
            "IVA": 0
        },
        {
            "codigo": "q7A42oowMx",
            "total": 5,
            "valor_unitario": 985564,
            "descuento": 0.14,
            "IVA": 5
        },
        {
            "codigo": "cHH24onJ8l",
            "total": 8,
            "valor_unitario": 181335,
            "descuento": 0.1,
            "IVA": 5
        },
        {
            "codigo": "MF2aDxWQYj",
            "total": 19,
            "valor_unitario": 19101,
            "descuento": 0.32,
            "IVA": 5
        },
        {
            "codigo": "M1fGw7Osgv",
            "total": 17,
            "valor_unitario": 652266,
            "descuento": 0.45,
            "IVA": 5
        },
        {
            "codigo": "ePR7wy78Ef",
            "total": 10,
            "valor_unitario": 479877,
            "descuento": 0.21,
            "IVA": 19
        },
        {
            "codigo": "iyIlKWdGRN",
            "total": 5,
            "valor_unitario": 491881,
            "descuento": 0.01,
            "IVA": 5
        }
    ]
}