{
    "empresa_nit": "456789123",
    "empresa_ciudad": "TUNJA",
    "empresa_sede": "centro",
    "empresa_nombre": "Despensa Natura",
    "fecha_hora": "2021-08-13 21:58:48",
    "factura_num": "00116",
    "ciente_numero": 952784645,
    "pago_tipo": "TRANFERENCIA",
    "productos": [
        {
            "codigo": "dfdko19h4R",
            "total": 2,
            "valor_unitario": 582401,
            "descuento": 0.34,
            "IVA": 5
        },
        {
            "codigo": "GYry0i8gZH",
            "total": 9,
            "valor_unitario": 129967,
            "descuento": 0.2,
            "IVA": 0
        },
        {
            "codigo": "1UaeBNcHok",
            "total": 11,
            "valor_unitario": 325307,
            "descuento": 0.36,
            "IVA": 0
        },
        {
            "codigo": "Rg58HjCLHP",
            "total": 12,
            "valor_unitario": 524403,
            "descuento": 0.45,
            "IVA": 19
        },
        {
            "codigo": "K7XthigIff",
            "total": 3,
            "valor_unitario": 760522,
            "descuento": 0.14,
            "IVA": 19
        },
        {
            "codigo": "ChnyS5LYS4",
            "total": 18,
            "valor_unitario": 72084,
            "descuento": 0.23,
            "IVA": 5
        },
        {
            "codigo": "gyCE0AA5cl",
            "total": 18,
            "valor_unitario": 65661,
            "descuento": 0.07,
            "IVA": 19
        },
        {
            "codigo": "nSSrIssakW",
            "total": 5,
            "valor_unitario": 496792,
            "descuento": 0.16,
            "IVA": 19
        },
        {
            "codigo": "pFRQwo2joe",
            "total": 17,
            "valor_unitario": 541529,
            "descuento": 0.41,
            "IVA": 0
        },
        {
            "codigo": "WbI47xRW11",
            "total": 15,
            "valor_unitario": 289464,
            "descuento": 0.47,
            "IVA": 0
        },
        {
            "codigo": "wTyDw6Upje",
            "total": 1,
            "valor_unitario": 470805,
            "descuento": 0.35,
            "IVA": 5
        },
        {
            "codigo": "ugiccQrBfO",
            "total": 11,
            "valor_unitario": 418372,
            "descuento": 0.43,
            "IVA": 19
        },
        {
            "codigo": "QjCpP4Y16X",
            "total": 11,
            "valor_unitario": 349387,
            "descuento": 0.23,
            "IVA": 5
        },
        {
            "codigo": "QlfcNLocXX",
            "total": 9,
            "valor_unitario": 880914,
            "descuento": 0.25,
            "IVA": 0
        },
        {
            "codigo": "BEUUzxmzIu",
            "total": 9,
            "valor_unitario": 404652,
            "descuento": 0.44,
            "IVA": 5
        },
        {
            "codigo": "FVZZwXUB2r",
            "total": 6,
            "valor_unitario": 225191,
            "descuento": 0.33,
            "IVA": 19
        },
        {
            "codigo": "f65v9TiDOr",
            "total": 13,
            "valor_unitario": 330856,
            "descuento": 0.25,
            "IVA": 19
        },
        {
            "codigo": "OTyEOnztwn",
            "total": 6,
            "valor_unitario": 935703,
            "descuento": 0.32,
            "IVA": 5
        }
    ]
}