{
    "empresa_nit": "456789123",
    "empresa_ciudad": "TUNJA",
    "empresa_sede": "alcaldia",
    "empresa_nombre": "Despensa Natura",
    "fecha_hora": "2022-06-03 01:54:49",
    "factura_num": "00107",
    "ciente_numero": 164350299,
    "pago_tipo": "EFECTIVO",
    "productos": [
        {
            "codigo": "8H3blvjB4E",
            "total": 3,
            "valor_unitario": 316415,
            "descuento": 0.12,
            "IVA": 19
        },
        {
            "codigo": "uG4ltjnkWR",
            "total": 18,
            "valor_unitario": 227360,
            "descuento": 0.2,
            "IVA": 5
        },
        {
            "codigo": "Qzdp0kWpVt",
            "total": 20,
            "valor_unitario": 313161,
            "descuento": 0.07,
            "IVA": 5
        },
        {
            "codigo": "49QtQC0U9e",
            "total": 18,
            "valor_unitario": 301167,
            "descuento": 0.38,
            "IVA": 19
        },
        {
            "codigo": "BucgTD29sZ",
            "total": 19,
            "valor_unitario": 376994,
            "descuento": 0.21,
            "IVA": 19
        },
        {
            "codigo": "rDyKhloC1J",
            "total": 14,
            "valor_unitario": 6911,
            "descuento": 0.1,
            "IVA": 5
        },
        {
            "codigo": "WMeZrbNeKu",
            "total": 12,
            "valor_unitario": 843020,
            "descuento": 0.42,
            "IVA": 5
        },
        {
            "codigo": "U16CSVama8",
            "total": 11,
            "valor_unitario": 344067,
            "descuento": 0.48,
            "IVA": 19
        },
        {
            "codigo": "SlJaNFiRm0",
            "total": 7,
            "valor_unitario": 758287,
            "descuento": 0.17,
            "IVA": 0
        },
        {
            "codigo": "HWIEMNy4PW",
            "total": 19,
            "valor_unitario": 357319,
            "descuento": 0.15,
            "IVA": 5
        },
        {
            "codigo": "DF5P4ZHY7I",
            "total": 16,
            "valor_unitario": 995903,
            "descuento": 0.45,
            "IVA": 5
        },
        {
            "codigo": "I03M5sUBTd",
            "total": 16,
            "valor_unitario": 224232,
            "descuento": 0.14,
            "IVA": 0
        },
        {
            "codigo": "89YYJRiqB9",
            "total": 13,
            "valor_unitario": 317402,
            "descuento": 0.08,
            "IVA": 5
        },
        {
            "codigo": "mjXc8Xl0zy",
            "total": 19,
            "valor_unitario": 397531,
            "descuento": 0.01,
            "IVA": 0
        },
        {
            "codigo": "LUo35ffoDk",
            "total": 9,
            "valor_unitario": 949016,
            "descuento": 0.36,
            "IVA": 0
        },
        {
            "codigo": "zThFTFOiEs",
            "total": 10,
            "valor_unitario": 51116,
            "descuento": 0.48,
            "IVA": 19
        },
        {
            "codigo": "uyGDgQLQob",
            "total": 11,
            "valor_unitario": 282015,
            "descuento": 0.37,
            "IVA": 5
        }
    ]
}