{
    "empresa_nit": "456789123",
    "empresa_ciudad": "TUNJA",
    "empresa_sede": "aeropuerto",
    "empresa_nombre": "Despensa Natura",
    "fecha_hora": "2023-12-07 20:44:56",
    "factura_num": "00189",
    "ciente_numero": 197935330,
    "pago_tipo": "TAR.CREDITO",
    "productos": [
        {
            "codigo": "hCYONqkWDP",
            "total": 10,
            "valor_unitario": 350381,
            "descuento": 0.09,
            "IVA": 0
        },
        {
            "codigo": "ODVPbgOvOx",
            "total": 3,
            "valor_unitario": 513872,
            "descuento": 0.33,
            "IVA": 5
        },
        {
            "codigo": "8sTrVfEJ0r",
            "total": 16,
            "valor_unitario": 451063,
            "descuento": 0.1,
            "IVA": 19
        },
        {
            "codigo": "gQQ7MBsieb",
            "total": 11,
            "valor_unitario": 539882,
            "descuento": 0.03,
            "IVA": 5
        },
        {
            "codigo": "LbYH9eA2rR",
            "total": 14,
            "valor_unitario": 119657,
            "descuento": 0.33,
            "IVA": 0
        },
        {
            "codigo": "DWoswIvfNC",
            "total": 12,
            "valor_unitario": 35961,
            "descuento": 0.15,
            "IVA": 19
        },
        {
            "codigo": "LHSLRNUeGa",
            "total": 5,
            "valor_unitario": 646737,
            "descuento": 0.3,
            "IVA": 19
        },
        {
            "codigo": "ualAhNTTPf",
            "total": 1,
            "valor_unitario": 112221,
            "descuento": 0.25,
            "IVA": 19
        },
        {
            "codigo": "7ZNHVwAXG7",
            "total": 12,
            "valor_unitario": 161667,
            "descuento": 0.46,
            "IVA": 19
        },
        {
            "codigo": "mMayQrVzUI",
            "total": 1,
            "valor_unitario": 535302,
            "descuento": 0.28,
            "IVA": 5
        },
        {
            "codigo": "MBKeoYHEhT",
            "total": 3,
            "valor_unitario": 228570,
            "descuento": 0.31,
            "IVA": 19
        }
    ]
}