{
    "empresa_nit": "456789123",
    "empresa_ciudad": "BOGOTA",
    "empresa_sede": "centro",
    "empresa_nombre": "Despensa Natura",
    "fecha_hora": "2020-11-10 23:09:03",
    "factura_num": "00029",
    "ciente_numero": 554244790,
    "pago_tipo": "TRANFERENCIA",
    "productos": [
        {
            "codigo": "cKWwM6nAZ2",
            "total": 5,
            "valor_unitario": 993821,
            "descuento": 0.03,
            "IVA": 19
        },
        {
            "codigo": "eqbtt5Oz83",
            "total": 1,
            "valor_unitario": 895805,
            "descuento": 0.29,
            "IVA": 19
        },
        {
            "codigo": "ZjDctuzX3b",
            "total": 19,
            "valor_unitario": 55988,
            "descuento": 0.45,
            "IVA": 0
        }
    ]
}