{
    "empresa_nit": "456789123",
    "empresa_ciudad": "TUNJA",
    "empresa_sede": "plaza",
    "empresa_nombre": "Despensa Natura",
    "fecha_hora": "2020-03-21 06:08:17",
    "factura_num": "00206",
    "ciente_numero": 374141708,
    "pago_tipo": "TRANFERENCIA",
    "productos": [
        {
            "codigo": "CmjzJ4bbxs",
            "total": 10,
            "valor_unitario": 776896,
            "descuento": 0.19,
            "IVA": 5
        },
        {
            "codigo": "Cv4BixUt7s",
            "total": 4,
            "valor_unitario": 310727,
            "descuento": 0.3,
            "IVA": 0
        },
        {
            "codigo": "sSqBMUHL1L",
            "total": 16,
            "valor_unitario": 49451,
            "descuento": 0.04,
            "IVA": 5
        },
        {
            "codigo": "wymZhRVZG9",
            "total": 7,
            "valor_unitario": 756605,
            "descuento": 0.43,
            "IVA": 19
        },
        {
            "codigo": "YDb6107CnG",
            "total": 6,
            "valor_unitario": 862874,
            "descuento": 0.09,
            "IVA": 0
        },
        {
            "codigo": "8SNeolP0ew",
            "total": 5,
            "valor_unitario": 364602,
            "descuento": 0.17,
            "IVA": 19
        },
        {
            "codigo": "VrZfz91Dfg",
            "total": 13,
            "valor_unitario": 160706,
            "descuento": 0.09,
            "IVA": 0
        },
        {
            "codigo": "dORh50tx1K",
            "total": 11,
            "valor_unitario": 748931,
            "descuento": 0.21,
            "IVA": 19
        },
        {
            "codigo": "XpiyctMW9F",
            "total": 18,
            "valor_unitario": 797471,
            "descuento": 0.13,
            "IVA": 19
        },
        {
            "codigo": "9fIFyitV4o",
            "total": 4,
            "valor_unitario": 862580,
            "descuento": 0.16,
            "IVA": 5
        },
        {
            "codigo": "K7FdpltZ8E",
            "total": 13,
            "valor_unitario": 484965,
            "descuento": 0.39,
            "IVA": 19
        },
        {
            "codigo": "tIYKuwRnYG",
            "total": 10,
            "valor_unitario": 991116,
            "descuento": 0.21,
            "IVA": 5
        },
        {
            "codigo": "wHZv97bMrh",
            "total": 8,
            "valor_unitario": 460985,
            "descuento": 0.43,
            "IVA": 0
        },
        {
            "codigo": "mRI5WODVkj",
            "total": 7,
            "valor_unitario": 426217,
            "descuento": 0.12,
            "IVA": 19
        },
        {
            "codigo": "sPzOBL9lUg",
            "total": 9,
            "valor_unitario": 578725,
            "descuento": 0.16,
            "IVA": 19
        },
        {
            "codigo": "QCR1azAUrW",
            "total": 4,
            "valor_unitario": 506358,
            "descuento": 0.39,
            "IVA": 19
        }
    ]
}