{
    "empresa_nit": "456789123",
    "empresa_ciudad": "TUNJA",
    "empresa_sede": "centro",
    "empresa_nombre": "Despensa Natura",
    "fecha_hora": "2023-09-01 08:13:15",
    "factura_num": "00212",
    "ciente_numero": 921098809,
    "pago_tipo": "EFECTIVO",
    "productos": [
        {
            "codigo": "gdM3E4vaAe",
            "total": 15,
            "valor_unitario": 470170,
            "descuento": 0.04,
            "IVA": 19
        },
        {
            "codigo": "zNS2Ts9JPp",
            "total": 6,
            "valor_unitario": 444623,
            "descuento": 0.24,
            "IVA": 5
        },
        {
            "codigo": "RYbppuRgJB",
            "total": 12,
            "valor_unitario": 314868,
            "descuento": 0.35,
            "IVA": 0
        },
        {
            "codigo": "MaNOvONjiq",
            "total": 19,
            "valor_unitario": 103814,
            "descuento": 0.38,
            "IVA": 19
        },
        {
            "codigo": "NPK2tKBaKK",
            "total": 14,
            "valor_unitario": 168130,
            "descuento": 0.48,
            "IVA": 19
        },
        {
            "codigo": "nsncEqzvFR",
            "total": 15,
            "valor_unitario": 566653,
            "descuento": 0.41,
            "IVA": 19
        },
        {
            "codigo": "B1RLFb98ax",
            "total": 18,
            "valor_unitario": 49712,
            "descuento": 0.1,
            "IVA": 5
        },
        {
            "codigo": "KycY7X6cPi",
            "total": 9,
            "valor_unitario": 589743,
            "descuento": 0.29,
            "IVA": 5
        },
        {
            "codigo": "cPY5uPwqKF",
            "total": 12,
            "valor_unitario": 246693,
            "descuento": 0.01,
            "IVA": 0
        },
        {
            "codigo": "0WzcI8pbWf",
            "total": 10,
            "valor_unitario": 740946,
            "descuento": 0.35,
            "IVA": 19
        },
        {
            "codigo": "cqRN7em7BD",
            "total": 15,
            "valor_unitario": 261081,
            "descuento": 0.26,
            "IVA": 19
        },
        {
            "codigo": "cAN1Wvf58O",
            "total": 11,
            "valor_unitario": 854017,
            "descuento": 0.35,
            "IVA": 0
        },
        {
            "codigo": "6YAypErUvE",
            "total": 17,
            "valor_unitario": 177707,
            "descuento": 0.1,
            "IVA": 5
        },
        {
            "codigo": "ulcvbcsoPY",
            "total": 9,
            "valor_unitario": 68262,
            "descuento": 0.15,
            "IVA": 5
        },
        {
            "codigo": "pYNKD4ZWP3",
            "total": 6,
            "valor_unitario": 295992,
            "descuento": 0.13,
            "IVA": 5
        },
        {
            "codigo": "0yA4zUPCRx",
            "total": 2,
            "valor_unitario": 661040,
            "descuento": 0.08,
            "IVA": 5
        },
        {
            "codigo": "uJT2TOngW2",
            "total": 16,
            "valor_unitario": 642633,
            "descuento": 0.48,
            "IVA": 0
        }
    ]
}