{
    "empresa_nit": "456789123",
    "empresa_ciudad": "BOGOTA",
    "empresa_sede": "autopista",
    "empresa_nombre": "Despensa Natura",
    "fecha_hora": "2022-05-29 02:40:22",
    "factura_num": "00014",
    "ciente_numero": 947958112,
    "pago_tipo": "TAR.CREDITO",
    "productos": [
        {
            "codigo": "lKODhDN1xA",
            "total": 10,
            "valor_unitario": 170150,
            "descuento": 0.28,
            "IVA": 19
        },
        {
            "codigo": "BSH45HHqUa",
            "total": 7,
            "valor_unitario": 94556,
            "descuento": 0.48,
            "IVA": 19
        },
        {
            "codigo": "GoqA5WpLFX",
            "total": 18,
            "valor_unitario": 658737,
            "descuento": 0.06,
            "IVA": 5
        },
        {
            "codigo": "uR9q2P6csi",
            "total": 9,
            "valor_unitario": 800708,
            "descuento": 0.08,
            "IVA": 0
        },
        {
            "codigo": "6ysyGYalhT",
            "total": 19,
            "valor_unitario": 477498,
            "descuento": 0.14,
            "IVA": 5
        },
        {
            "codigo": "pVokqTqLjq",
            "total": 11,
            "valor_unitario": 24931,
            "descuento": 0.3,
            "IVA": 0
        },
        {
            "codigo": "PpWpT0l7p4",
            "total": 19,
            "valor_unitario": 608170,
            "descuento": 0.02,
            "IVA": 5
        },
        {
            "codigo": "xe5r8SeITV",
            "total": 19,
            "valor_unitario": 687480,
            "descuento": 0.03,
            "IVA": 19
        },
        {
            "codigo": "8kvMf7iMwQ",
            "total": 14,
            "valor_unitario": 209315,
            "descuento": 0.48,
            "IVA": 5
        },
        {
            "codigo": "50X1UhQoOM",
            "total": 14,
            "valor_unitario": 795350,
            "descuento": 0.26,
            "IVA": 19
        },
        {
            "codigo": "NoVfC4x7Lt",
            "total": 16,
            "valor_unitario": 492215,
            "descuento": 0.02,
            "IVA": 19
        },
        {
            "codigo": "eMgvx13IH6",
            "total": 14,
            "valor_unitario": 83505,
            "descuento": 0.33,
            "IVA": 19
        },
        {
            "codigo": "8qdlcoetgd",
            "total": 8,
            "valor_unitario": 483441,
            "descuento": 0.33,
            "IVA": 0
        },
        {
            "codigo": "PjbwWYpa2v",
            "total": 15,
            "valor_unitario": 763986,
            "descuento": 0.21,
            "IVA": 5
        },
        {
            "codigo": "XfCU5hFmiE",
            "total": 8,
            "valor_unitario": 622634,
            "descuento": 0.09,
            "IVA": 5
        },
        {
            "codigo": "V7qbDep1BR",
            "total": 16,
            "valor_unitario": 355497,
            "descuento": 0.32,
            "IVA": 5
        },
        {
            "codigo": "onwp35hRbm",
            "total": 3,
            "valor_unitario": 140015,
            "descuento": 0.4,
            "IVA": 5
        },
        {
            "codigo": "EQaeVjJUCx",
            "total": 17,
            "valor_unitario": 871754,
            "descuento": 0.33,
            "IVA": 0
        },
        {
            "codigo": "EOgQAkIQUF",
            "total": 19,
            "valor_unitario": 835818,
            "descuento": 0.25,
            "IVA": 19
        }
    ]
}