{
    "empresa_nit": "456789123",
    "empresa_ciudad": "TUNJA",
    "empresa_sede": "aeropuerto",
    "empresa_nombre": "Despensa Natura",
    "fecha_hora": "2021-07-24 16:09:08",
    "factura_num": "00248",
    "ciente_numero": 568594711,
    "pago_tipo": "EFECTIVO",
    "productos": [
        {
            "codigo": "GqF9avlqJ1",
            "total": 8,
            "valor_unitario": 284456,
            "descuento": 0.32,
            "IVA": 0
        },
        {
            "codigo": "avZjI3FsiO",
            "total": 16,
            "valor_unitario": 878442,
            "descuento": 0.15,
            "IVA": 0
        },
        {
            "codigo": "Iwq4jUqDxV",
            "total": 16,
            "valor_unitario": 399298,
            "descuento": 0.46,
            "IVA": 19
        },
        {
            "codigo": "Q4KCr5Pz4s",
            "total": 8,
            "valor_unitario": 63763,
            "descuento": 0.18,
            "IVA": 19
        },
        {
            "codigo": "9fVxFbGSNR",
            "total": 5,
            "valor_unitario": 897940,
            "descuento": 0.07,
            "IVA": 19
        },
        {
            "codigo": "hfFEiBwcM8",
            "total": 13,
            "valor_unitario": 590732,
            "descuento": 0.29,
            "IVA": 5
        },
        {
            "codigo": "mnLn4ZFJJQ",
            "total": 6,
            "valor_unitario": 24764,
            "descuento": 0.41,
            "IVA": 19
        },
        {
            "codigo": "VDK92Uc04E",
            "total": 15,
            "valor_unitario": 872799,
            "descuento": 0.41,
            "IVA": 19
        },
        {
            "codigo": "PjWCSxuSji",
            "total": 10,
            "valor_unitario": 879994,
            "descuento": 0.12,
            "IVA": 19
        },
        {
            "codigo": "Uz80L5IdHE",
            "total": 15,
            "valor_unitario": 344409,
            "descuento": 0.03,
            "IVA": 19
        },
        {
            "codigo": "P7F1GOQqtt",
            "total": 7,
            "valor_unitario": 746811,
            "descuento": 0.4,
            "IVA": 19
        },
        {
            "codigo": "H8n2rs3FbE",
            "total": 15,
            "valor_unitario": 412080,
            "descuento": 0.26,
            "IVA": 0
        },
        {
            "codigo": "82MiJayB6I",
            "total": 19,
            "valor_unitario": 201037,
            "descuento": 0.06,
            "IVA": 19
        },
        {
            "codigo": "oHM4SJEjQo",
            "total": 19,
            "valor_unitario": 434786,
            "descuento": 0.15,
            "IVA": 0
        },
        {
            "codigo": "zExUEzWksA",
            "total": 10,
            "valor_unitario": 244070,
            "descuento": 0.4,
            "IVA": 0
        },
        {
            "codigo": "93XR7ZrAtH",
            "total": 20,
            "valor_unitario": 566248,
            "descuento": 0.17,
            "IVA": 0
        },
        {
            "codigo": "4ghQaA32Gr",
            "total": 18,
            "valor_unitario": 261132,
            "descuento": 0.4,
            "IVA": 19
        },
        {
            "codigo": "m1Vr9Ahkv9",
            "total": 2,
            "valor_unitario": 668493,
            "descuento": 0.29,
            "IVA": 19
        }
    ]
}