{
    "empresa_nit": "456789123",
    "empresa_ciudad": "MEDELLIN",
    "empresa_sede": "alcaldia",
    "empresa_nombre": "Despensa Natura",
    "fecha_hora": "2021-11-13 05:12:46",
    "factura_num": "00337",
    "ciente_numero": 282971754,
    "pago_tipo": "EFECTIVO",
    "productos": [
        {
            "codigo": "HslpRsNL3T",
            "total": 17,
            "valor_unitario": 703468,
            "descuento": 0.17,
            "IVA": 0
        },
        {
            "codigo": "gESN958rMu",
            "total": 14,
            "valor_unitario": 195337,
            "descuento": 0.43,
            "IVA": 19
        },
        {
            "codigo": "yeUwMtDd1b",
            "total": 2,
            "valor_unitario": 151501,
            "descuento": 0.25,
            "IVA": 0
        },
        {
            "codigo": "AvhL0rwgfG",
            "total": 18,
            "valor_unitario": 80665,
            "descuento": 0.11,
            "IVA": 0
        },
        {
            "codigo": "M7IWBRdq7W",
            "total": 17,
            "valor_unitario": 481388,
            "descuento": 0.01,
            "IVA": 0
        },
        {
            "codigo": "yBpTcoPT1t",
            "total": 13,
            "valor_unitario": 719938,
            "descuento": 0.11,
            "IVA": 0
        },
        {
            "codigo": "tuUHgFnVaj",
            "total": 13,
            "valor_unitario": 354500,
            "descuento": 0.43,
            "IVA": 19
        },
        {
            "codigo": "Y5SbdOICte",
            "total": 14,
            "valor_unitario": 111568,
            "descuento": 0.29,
            "IVA": 5
        },
        {
            "codigo": "jbohJp0uQX",
            "total": 6,
            "valor_unitario": 377763,
            "descuento": 0.43,
            "IVA": 19
        },
        {
            "codigo": "xRWRe3UxTX",
            "total": 2,
            "valor_unitario": 510046,
            "descuento": 0.4,
            "IVA": 5
        },
        {
            "codigo": "sCMXVPmMm3",
            "total": 1,
            "valor_unitario": 855087,
            "descuento": 0.5,
            "IVA": 5
        },
        {
            "codigo": "OuWTBZXPko",
            "total": 12,
            "valor_unitario": 459646,
            "descuento": 0.43,
            "IVA": 5
        },
        {
            "codigo": "AgUvfxuveu",
            "total": 20,
            "valor_unitario": 529425,
            "descuento": 0.42,
            "IVA": 5
        },
        {
            "codigo": "23mK9CrmKv",
            "total": 18,
            "valor_unitario": 795522,
            "descuento": 0.21,
            "IVA": 0
        }
    ]
}