{
    "empresa_nit": "456789123",
    "empresa_ciudad": "CALI",
    "empresa_sede": "plaza",
    "empresa_nombre": "Despensa Natura",
    "fecha_hora": "2020-04-01 21:09:16",
    "factura_num": "00392",
    "ciente_numero": 290087464,
    "pago_tipo": "TAR.DEBITO",
    "productos": [
        {
            "codigo": "rcjovn9PoU",
            "total": 3,
            "valor_unitario": 764372,
            "descuento": 0.24,
            "IVA": 0
        },
        {
            "codigo": "J0rApxHTZl",
            "total": 14,
            "valor_unitario": 849321,
            "descuento": 0.41,
            "IVA": 5
        },
        {
            "codigo": "Hiu38bVnfu",
            "total": 4,
            "valor_unitario": 489246,
            "descuento": 0.21,
            "IVA": 19
        },
        {
            "codigo": "fe9pN1356H",
            "total": 20,
            "valor_unitario": 872588,
            "descuento": 0.24,
            "IVA": 19
        },
        {
            "codigo": "OqsTsJWK17",
            "total": 11,
            "valor_unitario": 696097,
            "descuento": 0.23,
            "IVA": 0
        },
        {
            "codigo": "7Zujg7lr5o",
            "total": 7,
            "valor_unitario": 604796,
            "descuento": 0.23,
            "IVA": 19
        }
    ]
}