{
    "empresa_nit": "456789123",
    "empresa_ciudad": "BOGOTA",
    "empresa_sede": "plaza",
    "empresa_nombre": "Despensa Natura",
    "fecha_hora": "2020-02-21 09:58:07",
    "factura_num": "01081",
    "ciente_numero": 44145517,
    "pago_tipo": "EFECTIVO",
    "productos": [
        {
            "codigo": "UYcsIjc0nf",
            "total": 20,
            "valor_unitario": 509071,
            "descuento": 0.13,
            "IVA": 19
        },
        {
            "codigo": "F5knJAwMBw",
            "total": 7,
            "valor_unitario": 584197,
            "descuento": 0.46,
            "IVA": 19
        },
        {
            "codigo": "HpRSB9RehP",
            "total": 17,
            "valor_unitario": 646411,
            "descuento": 0.23,
            "IVA": 19
        },
        {
            "codigo": "RAuSV0f96J",
            "total": 2,
            "valor_unitario": 611070,
            "descuento": 0.49,
            "IVA": 0
        },
        {
            "codigo": "9pibuadrdT",
            "total": 18,
            "valor_unitario": 528049,
            "descuento": 0.09,
            "IVA": 5
        },
        {
            "codigo": "aiJ4zK5a5X",
            "total": 6,
            "valor_unitario": 904560,
            "descuento": 0.05,
            "IVA": 0
        },
        {
            "codigo": "7FCW1Lv7O4",
            "total": 14,
            "valor_unitario": 619233,
            "descuento": 0.02,
            "IVA": 0
        },
        {
            "codigo": "NFd10zsDQm",
            "total": 19,
            "valor_unitario": 996433,
            "descuento": 0.17,
            "IVA": 0
        },
        {
            "codigo": "3TI6TGyEpD",
            "total": 20,
            "valor_unitario": 117877,
            "descuento": 0.02,
            "IVA": 0
        },
        {
            "codigo": "kv3r0JdU00",
            "total": 14,
            "valor_unitario": 153238,
            "descuento": 0.44,
            "IVA": 19
        },
        {
            "codigo": "hSIpbLTWOQ",
            "total": 5,
            "valor_unitario": 613383,
            "descuento": 0.31,
            "IVA": 5
        },
        {
            "codigo": "RgeIPbi9bH",
            "total": 8,
            "valor_unitario": 109408,
            "descuento": 0.35,
            "IVA": 19
        },
        {
            "codigo": "xehOPyroie",
            "total": 14,
            "valor_unitario": 401025,
            "descuento": 0.29,
            "IVA": 0
        },
        {
            "codigo": "ITYu1bCSOg",
            "total": 3,
            "valor_unitario": 893395,
            "descuento": 0.01,
            "IVA": 0
        }
    ]
}