{
    "empresa_nit": "456789123",
    "empresa_ciudad": "BARRANQUILLA",
    "empresa_sede": "alcaldia",
    "empresa_nombre": "Despensa Natura",
    "fecha_hora": "2020-12-14 20:41:17",
    "factura_num": "00201",
    "ciente_numero": 528088264,
    "pago_tipo": "EFECTIVO",
    "productos": [
        {
            "codigo": "FBH5JFEXMK",
            "total": 11,
            "valor_unitario": 122646,
            "descuento": 0.06,
            "IVA": 0
        },
        {
            "codigo": "PFosweos1K",
            "total": 1,
            "valor_unitario": 895224,
            "descuento": 0.3,
            "IVA": 19
        },
        {
            "codigo": "nMDKjzuBSM",
            "total": 5,
            "valor_unitario": 366718,
            "descuento": 0.28,
            "IVA": 19
        },
        {
            "codigo": "AgjXmOdUH0",
            "total": 1,
            "valor_unitario": 949474,
            "descuento": 0.1,
            "IVA": 0
        },
        {
            "codigo": "w8VedvDlhW",
            "total": 8,
            "valor_unitario": 167405,
            "descuento": 0.09,
            "IVA": 19
        },
        {
            "codigo": "uVaKMnZapd",
            "total": 4,
            "valor_unitario": 790507,
            "descuento": 0.16,
            "IVA": 5
        },
        {
            "codigo": "R2zcYkXIN5",
            "total": 13,
            "valor_unitario": 380129,
            "descuento": 0.17,
            "IVA": 5
        },
        {
            "codigo": "jdEr8CaSR9",
            "total": 20,
            "valor_unitario": 395682,
            "descuento": 0.02,
            "IVA": 0
        },
        {
            "codigo": "91UqnW0xj9",
            "total": 8,
            "valor_unitario": 635327,
            "descuento": 0.03,
            "IVA": 0
        },
        {
            "codigo": "m9GBPcS973",
            "total": 19,
            "valor_unitario": 824027,
            "descuento": 0.27,
            "IVA": 0
        },
        {
            "codigo": "g2uzFtaoXD",
            "total": 4,
            "valor_unitario": 839098,
            "descuento": 0.12,
            "IVA": 5
        },
        {
            "codigo": "6ff9E4wLeL",
            "total": 18,
            "valor_unitario": 137202,
            "descuento": 0.25,
            "IVA": 19
        },
        {
            "codigo": "Lci2JYB8c8",
            "total": 18,
            "valor_unitario": 869715,
            "descuento": 0.18,
            "IVA": 5
        }
    ]
}