{
    "empresa_nit": "456789123",
    "empresa_ciudad": "BARRANQUILLA",
    "empresa_sede": "terminal",
    "empresa_nombre": "Despensa Natura",
    "fecha_hora": "2020-12-01 21:55:20",
    "factura_num": "00303",
    "ciente_numero": 46997467,
    "pago_tipo": "EFECTIVO",
    "productos": [
        {
            "codigo": "80uqbpOKXz",
            "total": 2,
            "valor_unitario": 20998,
            "descuento": 0.07,
            "IVA": 19
        },
        {
            "codigo": "siAiOP02JS",
            "total": 5,
            "valor_unitario": 495019,
            "descuento": 0.3,
            "IVA": 5
        },
        {
            "codigo": "wDBrIO4kvY",
            "total": 9,
            "valor_unitario": 520409,
            "descuento": 0.5,
            "IVA": 19
        },
        {
            "codigo": "nkUZ4GlQ91",
            "total": 16,
            "valor_unitario": 347479,
            "descuento": 0.28,
            "IVA": 5
        },
        {
            "codigo": "q4Htp2EQJv",
            "total": 14,
            "valor_unitario": 587786,
            "descuento": 0.23,
            "IVA": 5
        },
        {
            "codigo": "ZvgzyVL7Pm",
            "total": 5,
            "valor_unitario": 400980,
            "descuento": 0.05,
            "IVA": 19
        },
        {
            "codigo": "BWpzEl1qOo",
            "total": 20,
            "valor_unitario": 439118,
            "descuento": 0.35,
            "IVA": 0
        },
        {
            "codigo": "GEWMcziR5g",
            "total": 18,
            "valor_unitario": 421395,
            "descuento": 0.34,
            "IVA": 0
        },
        {
            "codigo": "Fvp8wCawPk",
            "total": 4,
            "valor_unitario": 820151,
            "descuento": 0.33,
            "IVA": 19
        },
        {
            "codigo": "8p5fb2W4FL",
            "total": 19,
            "valor_unitario": 113965,
            "descuento": 0.24,
            "IVA": 5
        },
        {
            "codigo": "wQ3IZc3SuO",
            "total": 3,
            "valor_unitario": 477508,
            "descuento": 0.11,
            "IVA": 5
        }
    ]
}