{
    "empresa_nit": "456789123",
    "empresa_ciudad": "BOGOTA",
    "empresa_sede": "alcaldia",
    "empresa_nombre": "Despensa Natura",
    "fecha_hora": "2023-06-10 13:05:25",
    "factura_num": "00364",
    "ciente_numero": 141838354,
    "pago_tipo": "EFECTIVO",
    "productos": [
        {
            "codigo": "k1bK8qL7Rw",
            "total": 19,
            "valor_unitario": 729295,
            "descuento": 0.29,
            "IVA": 5
        },
        {
            "codigo": "sAnyDHrp4b",
            "total": 8,
            "valor_unitario": 459275,
            "descuento": 0.16,
            "IVA": 5
        },
        {
            "codigo": "up7Z9RFVZT",
            "total": 2,
            "valor_unitario": 381020,
            "descuento": 0.04,
            "IVA": 5
        },
        {
            "codigo": "TQeaSZN3Zr",
            "total": 3,
            "valor_unitario": 357091,
            "descuento": 0.31,
            "IVA": 19
        },
        {
            "codigo": "GvANVyq1ND",
            "total": 2,
            "valor_unitario": 923756,
            "descuento": 0.29,
            "IVA": 0
        },
        {
            "codigo": "VNjqDQWDl5",
            "total": 9,
            "valor_unitario": 594215,
            "descuento": 0.28,
            "IVA": 19
        },
        {
            "codigo": "mXisgtGY8V",
            "total": 10,
            "valor_unitario": 841435,
            "descuento": 0.48,
            "IVA": 0
        },
        {
            "codigo": "kzw9Dl5pOV",
            "total": 20,
            "valor_unitario": 291054,
            "descuento": 0.06,
            "IVA": 19
        },
        {
            "codigo": "EMmuy9iIO8",
            "total": 10,
            "valor_unitario": 304581,
            "descuento": 0.46,
            "IVA": 19
        },
        {
            "codigo": "eH5JIFJTBw",
            "total": 13,
            "valor_unitario": 126280,
            "descuento": 0.14,
            "IVA": 19
        },
        {
            "codigo": "bApY57GSfh",
            "total": 15,
            "valor_unitario": 471439,
            "descuento": 0.47,
            "IVA": 5
        },
        {
            "codigo": "GTzK344UFB",
            "total": 16,
            "valor_unitario": 894251,
            "descuento": 0.05,
            "IVA": 19
        },
        {
            "codigo": "CgE8dgsz2e",
            "total": 11,
            "valor_unitario": 25574,
            "descuento": 0.21,
            "IVA": 5
        },
        {
            "codigo": "mnCkk3a8kB",
            "total": 3,
            "valor_unitario": 893395,
            "descuento": 0.0,
            "IVA": 19
        },
        {
            "codigo": "zdzHzSoGoN",
            "total": 13,
            "valor_unitario": 608487,
            "descuento": 0.24,
            "IVA": 5
        },
        {
            "codigo": "uRZb5P8d52",
            "total": 8,
            "valor_unitario": 532839,
            "descuento": 0.41,
            "IVA": 5
        },
        {
            "codigo": "9iP7ZO9hFv",
            "total": 5,
            "valor_unitario": 463613,
            "descuento": 0.39,
            "IVA": 5
        }
    ]
}