{
    "empresa_nit": "456789123",
    "empresa_ciudad": "BOGOTA",
    "empresa_sede": "centro",
    "empresa_nombre": "Despensa Natura",
    "fecha_hora": "2022-04-16 08:42:12",
    "factura_num": "00418",
    "ciente_numero": 332260886,
    "pago_tipo": "TAR.DEBITO",
    "productos": [
        {
            "codigo": "pFQMoMexIy",
            "total": 5,
            "valor_unitario": 521384,
            "descuento": 0.27,
            "IVA": 0
        },
        {
            "codigo": "KuZp9zvOem",
            "total": 9,
            "valor_unitario": 455153,
            "descuento": 0.3,
            "IVA": 19
        },
        {
            "codigo": "dlqaMErrcq",
            "total": 2,
            "valor_unitario": 22914,
            "descuento": 0.47,
            "IVA": 19
        },
        {
            "codigo": "6RNWLCMMAi",
            "total": 2,
            "valor_unitario": 438334,
            "descuento": 0.18,
            "IVA": 5
        },
        {
            "codigo": "g0ZSUrROgp",
            "total": 14,
            "valor_unitario": 647140,
            "descuento": 0.48,
            "IVA": 0
        },
        {
            "codigo": "KJ8Nb46c4Z",
            "total": 10,
            "valor_unitario": 511390,
            "descuento": 0.35,
            "IVA": 19
        },
        {
            "codigo": "Mh31eN5xS3",
            "total": 9,
            "valor_unitario": 92896,
            "descuento": 0.03,
            "IVA": 19
        }
    ]
}