{
    "empresa_nit": "456789123",
    "empresa_ciudad": "BOGOTA",
    "empresa_sede": "terminal",
    "empresa_nombre": "Despensa Natura",
    "fecha_hora": "2020-01-29 23:09:58",
    "factura_num": "01108",
    "ciente_numero": 763887518,
    "pago_tipo": "TRANFERENCIA",
    "productos": [
        {
            "codigo": "xOLSZOLeS0",
            "total": 9,
            "valor_unitario": 548455,
            "descuento": 0.18,
            "IVA": 5
        },
        {
            "codigo": "SmFVAx1X41",
            "total": 18,
            "valor_unitario": 342619,
            "descuento": 0.29,
            "IVA": 0
        },
        {
            "codigo": "PnRB0Rq8f8",
            "total": 7,
            "valor_unitario": 167892,
            "descuento": 0.42,
            "IVA": 19
        },
        {
            "codigo": "6nJOjj5eGO",
            "total": 8,
            "valor_unitario": 261474,
            "descuento": 0.19,
            "IVA": 19
        },
        {
            "codigo": "37aAbI2UVX",
            "total": 4,
            "valor_unitario": 87639,
            "descuento": 0.16,
            "IVA": 19
        },
        {
            "codigo": "lgiWTcaJw5",
            "total": 15,
            "valor_unitario": 113232,
            "descuento": 0.13,
            "IVA": 5
        },
        {
            "codigo": "IUnuAQL4X5",
            "total": 1,
            "valor_unitario": 86600,
            "descuento": 0.32,
            "IVA": 5
        },
        {
            "codigo": "wkhySYaVWY",
            "total": 1,
            "valor_unitario": 319343,
            "descuento": 0.39,
            "IVA": 0
        },
        {
            "codigo": "WNOdMa4V43",
            "total": 18,
            "valor_unitario": 104716,
            "descuento": 0.41,
            "IVA": 5
        },
        {
            "codigo": "0AGjQTkpCQ",
            "total": 5,
            "valor_unitario": 691719,
            "descuento": 0.19,
            "IVA": 0
        }
    ]
}