{
    "empresa_nit": "456789123",
    "empresa_ciudad": "BARRANQUILLA",
    "empresa_sede": "terminal",
    "empresa_nombre": "Despensa Natura",
    "fecha_hora": "2020-07-23 16:49:12",
    "factura_num": "01037",
    "ciente_numero": 474660285,
    "pago_tipo": "TRANFERENCIA",
    "productos": [
        {
            "codigo": "JY7GJBAlZr",
            "total": 14,
            "valor_unitario": 929850,
            "descuento": 0.05,
            "IVA": 19
        },
        {
            "codigo": "6r6oFbBiFe",
            "total": 5,
            "valor_unitario": 78626,
            "descuento": 0.47,
            "IVA": 5
        },
        {
            "codigo": "6pehk8fZbe",
            "total": 5,
            "valor_unitario": 192549,
            "descuento": 0.01,
            "IVA": 5
        },
        {
            "codigo": "JTtuTT2uOB",
            "total": 7,
            "valor_unitario": 19904,
            "descuento": 0.15,
            "IVA": 0
        },
        {
            "codigo": "DNxLRFJ2x8",
            "total": 13,
            "valor_unitario": 940348,
            "descuento": 0.02,
            "IVA": 0
        },
        {
            "codigo": "Inun6idNIN",
            "total": 12,
            "valor_unitario": 3955,
            "descuento": 0.42,
            "IVA": 19
        },
        {
            "codigo": "mSp9YyqapS",
            "total": 3,
            "valor_unitario": 163899,
            "descuento": 0.25,
            "IVA": 19
        },
        {
            "codigo": "4P6qQExkoL",
            "total": 4,
            "valor_unitario": 889791,
            "descuento": 0.27,
            "IVA": 5
        },
        {
            "codigo": "6782HLJpOH",
            "total": 17,
            "valor_unitario": 354527,
            "descuento": 0.1,
            "IVA": 5
        },
        {
            "codigo": "F7WIIdESEF",
            "total": 6,
            "valor_unitario": 189164,
            "descuento": 0.07,
            "IVA": 0
        },
        {
            "codigo": "5bWXLT1gov",
            "total": 5,
            "valor_unitario": 710866,
            "descuento": 0.37,
            "IVA": 0
        },
        {
            "codigo": "umfoIN5jnq",
            "total": 2,
            "valor_unitario": 668283,
            "descuento": 0.1,
            "IVA": 0
        },
        {
            "codigo": "e0ur88a8B5",
            "total": 2,
            "valor_unitario": 61708,
            "descuento": 0.39,
            "IVA": 0
        },
        {
            "codigo": "E57Xk2g0vH",
            "total": 5,
            "valor_unitario": 302858,
            "descuento": 0.16,
            "IVA": 19
        },
        {
            "codigo": "IsYYEF5ens",
            "total": 12,
            "valor_unitario": 70885,
            "descuento": 0.49,
            "IVA": 0
        },
        {
            "codigo": "lqVCw7YaRn",
            "total": 13,
            "valor_unitario": 852241,
            "descuento": 0.22,
            "IVA": 5
        },
        {
            "codigo": "TC3AM8iVh5",
            "total": 10,
            "valor_unitario": 971513,
            "descuento": 0.47,
            "IVA": 0
        },
        {
            "codigo": "40qH92DHUj",
            "total": 6,
            "valor_unitario": 981356,
            "descuento": 0.34,
            "IVA": 5
        },
        {
            "codigo": "L4OCyjq0cn",
            "total": 16,
            "valor_unitario": 720541,
            "descuento": 0.46,
            "IVA": 0
        }
    ]
}