{
    "empresa_nit": "456789123",
    "empresa_ciudad": "BOGOTA",
    "empresa_sede": "centro",
    "empresa_nombre": "Despensa Natura",
    "fecha_hora": "2024-03-14 00:16:24",
    "factura_num": "00105",
    "ciente_numero": 587451717,
    "pago_tipo": "EFECTIVO",
    "productos": [
        {
            "codigo": "3FgV1xDmH1",
            "total": 8,
            "valor_unitario": 984354,
            "descuento": 0.47,
            "IVA": 5
        },
        {
            "codigo": "ajrV8N6C2e",
            "total": 17,
            "valor_unitario": 982649,
            "descuento": 0.44,
            "IVA": 0
        },
        {
            "codigo": "1G3K00vIbz",
            "total": 8,
            "valor_unitario": 171759,
            "descuento": 0.04,
            "IVA": 5
        },
        {
            "codigo": "j7j3GeoFzw",
            "total": 5,
            "valor_unitario": 563466,
            "descuento": 0.25,
            "IVA": 0
        },
        {
            "codigo": "uOB5qG8GQS",
            "total": 9,
            "valor_unitario": 769484,
            "descuento": 0.49,
            "IVA": 5
        },
        {
            "codigo": "MISg29fWPh",
            "total": 13,
            "valor_unitario": 398739,
            "descuento": 0.35,
            "IVA": 0
        },
        {
            "codigo": "2xLhUJXTJs",
            "total": 19,
            "valor_unitario": 765456,
            "descuento": 0.28,
            "IVA": 0
        },
        {
            "codigo": "wbU8d9vD69",
            "total": 14,
            "valor_unitario": 927603,
            "descuento": 0.31,
            "IVA": 19
        },
        {
            "codigo": "uurMWgGoGB",
            "total": 12,
            "valor_unitario": 857120,
            "descuento": 0.28,
            "IVA": 5
        },
        {
            "codigo": "NtGTaGicjY",
            "total": 15,
            "valor_unitario": 352081,
            "descuento": 0.38,
            "IVA": 19
        },
        {
            "codigo": "VZPqEMHFup",
            "total": 15,
            "valor_unitario": 306118,
            "descuento": 0.35,
            "IVA": 19
        },
        {
            "codigo": "cFkJVjrfMB",
            "total": 1,
            "valor_unitario": 139652,
            "descuento": 0.03,
            "IVA": 0
        },
        {
            "codigo": "bmfTNLAZkf",
            "total": 18,
            "valor_unitario": 452148,
            "descuento": 0.27,
            "IVA": 5
        }
    ]
}