{
    "empresa_nit": "456789123",
    "empresa_ciudad": "BARRANQUILLA",
    "empresa_sede": "aeropuerto",
    "empresa_nombre": "Despensa Natura",
    "fecha_hora": "2024-11-28 18:32:27",
    "factura_num": "00102",
    "ciente_numero": 482337355,
    "pago_tipo": "TAR.CREDITO",
    "productos": [
        {
            "codigo": "YpTq1nazt1",
            "total": 17,
            "valor_unitario": 481208,
            "descuento": 0.3,
            "IVA": 5
        },
        {
            "codigo": "8wOvNaW7qm",
            "total": 12,
            "valor_unitario": 909448,
            "descuento": 0.3,
            "IVA": 0
        },
        {
            "codigo": "36WpsaZxiQ",
            "total": 9,
            "valor_unitario": 855196,
            "descuento": 0.07,
            "IVA": 19
        },
        {
            "codigo": "k7mkmmyb6B",
            "total": 11,
            "valor_unitario": 333258,
            "descuento": 0.22,
            "IVA": 5
        },
        {
            "codigo": "WtHM3H4Cmz",
            "total": 5,
            "valor_unitario": 637467,
            "descuento": 0.19,
            "IVA": 5
        },
        {
            "codigo": "6gBsfc7gth",
            "total": 3,
            "valor_unitario": 822363,
            "descuento": 0.38,
            "IVA": 0
        },
        {
            "codigo": "dP0sKKR1Gw",
            "total": 13,
            "valor_unitario": 927962,
            "descuento": 0.27,
            "IVA": 5
        },
        {
            "codigo": "EUZZrTxNnW",
            "total": 14,
            "valor_unitario": 298510,
            "descuento": 0.38,
            "IVA": 0
        },
        {
            "codigo": "HMbE9iLQzD",
            "total": 20,
            "valor_unitario": 984543,
            "descuento": 0.42,
            "IVA": 5
        },
        {
            "codigo": "L9toMmC2wW",
            "total": 4,
            "valor_unitario": 588289,
            "descuento": 0.27,
            "IVA": 5
        },
        {
            "codigo": "smjiIhz3kz",
            "total": 9,
            "valor_unitario": 208456,
            "descuento": 0.15,
            "IVA": 0
        },
        {
            "codigo": "7I4IKeNtF6",
            "total": 8,
            "valor_unitario": 279806,
            "descuento": 0.39,
            "IVA": 0
        },
        {
            "codigo": "TnbmznnPC0",
            "total": 17,
            "valor_unitario": 932354,
            "descuento": 0.16,
            "IVA": 5
        },
        {
            "codigo": "IcS8CGaFDM",
            "total": 4,
            "valor_unitario": 644143,
            "descuento": 0.05,
            "IVA": 0
        },
        {
            "codigo": "iPctfNrlib",
            "total": 13,
            "valor_unitario": 999063,
            "descuento": 0.22,
            "IVA": 5
        },
        {
            "codigo": "ilVdH8JPfa",
            "total": 4,
            "valor_unitario": 318735,
            "descuento": 0.36,
            "IVA": 0
        },
        {
            "codigo": "GevpE3Wbkp",
            "total": 17,
            "valor_unitario": 807216,
            "descuento": 0.14,
            "IVA": 5
        }
    ]
}