{
    "empresa_nit": "456789123",
    "empresa_ciudad": "TUNJA",
    "empresa_sede": "autopista",
    "empresa_nombre": "Despensa Natura",
    "fecha_hora": "2020-06-29 17:39:52",
    "factura_num": "00194",
    "ciente_numero": 817823018,
    "pago_tipo": "TRANFERENCIA",
    "productos": [
        {
            "codigo": "3k24xDMiSZ",
            "total": 5,
            "valor_unitario": 613734,
            "descuento": 0.35,
            "IVA": 5
        },
        {
            "codigo": "j6xW1ququp",
            "total": 1,
            "valor_unitario": 746875,
            "descuento": 0.01,
            "IVA": 5
        },
        {
            "codigo": "qd3ZvVQFlG",
            "total": 20,
            "valor_unitario": 858017,
            "descuento": 0.06,
            "IVA": 5
        },
        {
            "codigo": "64iRXBuW6A",
            "total": 1,
            "valor_unitario": 555455,
            "descuento": 0.24,
            "IVA": 5
        },
        {
            "codigo": "roPsPhu7S4",
            "total": 16,
            "valor_unitario": 116055,
            "descuento": 0.2,
            "IVA": 0
        },
        {
            "codigo": "UwazxVdq1o",
            "total": 9,
            "valor_unitario": 909731,
            "descuento": 0.38,
            "IVA": 19
        },
        {
            "codigo": "GiX4RQXnD0",
            "total": 1,
            "valor_unitario": 257032,
            "descuento": 0.01,
            "IVA": 19
        },
        {
            "codigo": "9Wyr9nAX0b",
            "total": 20,
            "valor_unitario": 730014,
            "descuento": 0.3,
            "IVA": 5
        }
    ]
}