{
    "empresa_nit": "456789123",
    "empresa_ciudad": "BARRANQUILLA",
    "empresa_sede": "terminal",
    "empresa_nombre": "Despensa Natura",
    "fecha_hora": "2020-01-16 05:18:54",
    "factura_num": "00371",
    "ciente_numero": 716120054,
    "pago_tipo": "TRANFERENCIA",
    "productos": [
        {
            "codigo": "M0lj870P2F",
            "total": 17,
            "valor_unitario": 471697,
            "descuento": 0.33,
            "IVA": 5
        },
        {
            "codigo": "yf0OpSjcbG",
            "total": 10,
            "valor_unitario": 273629,
            "descuento": 0.39,
            "IVA": 5
        },
        {
            "codigo": "Q7JDZPe3Fn",
            "total": 15,
            "valor_unitario": 17039,
            "descuento": 0.32,
            "IVA": 0
        },
        {
            "codigo": "lRVjcplwXl",
            "total": 9,
            "valor_unitario": 992574,
            "descuento": 0.12,
            "IVA": 0
        },
        {
            "codigo": "nCJbcmoDPx",
            "total": 6,
            "valor_unitario": 530649,
            "descuento": 0.43,
            "IVA": 19
        },
        {
            "codigo": "7vcowE7AgQ",
            "total": 18,
            "valor_unitario": 441723,
            "descuento": 0.25,
            "IVA": 0
        }
    ]
}