{
    "empresa_nit": "456789123",
    "empresa_ciudad": "TUNJA",
    "empresa_sede": "plaza",
    "empresa_nombre": "Despensa Natura",
    "fecha_hora": "2023-09-24 02:28:53",
    "factura_num": "00126",
    "ciente_numero": 304872571,
    "pago_tipo": "TRANFERENCIA",
    "productos": [
        {
            "codigo": "KtLO1R6do5",
            "total": 8,
            "valor_unitario": 786432,
            "descuento": 0.08,
            "IVA": 0
        },
        {
            "codigo": "7yST9pklA4",
            "total": 13,
            "valor_unitario": 82053,
            "descuento": 0.47,
            "IVA": 0
        },
        {
            "codigo": "3lWukg1Mao",
            "total": 3,
            "valor_unitario": 773422,
            "descuento": 0.43,
            "IVA": 0
        },
        {
            "codigo": "83NVwUe5LM",
            "total": 16,
            "valor_unitario": 973144,
            "descuento": 0.2,
            "IVA": 5
        },
        {
            "codigo": "UG0pDHSJr8",
            "total": 3,
            "valor_unitario": 416407,
            "descuento": 0.3,
            "IVA": 19
        },
        {
            "codigo": "3jF0EtW1uK",
            "total": 16,
            "valor_unitario": 734915,
            "descuento": 0.1,
            "IVA": 0
        },
        {
            "codigo": "zFKwp9WoZb",
            "total": 18,
            "valor_unitario": 963856,
            "descuento": 0.02,
            "IVA": 5
        },
        {
            "codigo": "84gtyG0Hj9",
            "total": 1,
            "valor_unitario": 881329,
            "descuento": 0.46,
            "IVA": 0
        },
        {
            "codigo": "OFP85nXeh2",
            "total": 11,
            "valor_unitario": 629590,
            "descuento": 0.34,
            "IVA": 0
        },
        {
            "codigo": "rsOMhraZd0",
            "total": 6,
            "valor_unitario": 738378,
            "descuento": 0.23,
            "IVA": 19
        },
        {
            "codigo": "MVgCUJXl0E",
            "total": 19,
            "valor_unitario": 81474,
            "descuento": 0.38,
            "IVA": 0
        },
        {
            "codigo": "kpfkP7QaWP",
            "total": 4,
            "valor_unitario": 472697,
            "descuento": 0.17,
            "IVA": 0
        },
        {
            "codigo": "X4uRng6sNp",
            "total": 9,
            "valor_unitario": 760012,
            "descuento": 0.08,
            "IVA": 0
        }
    ]
}