{
    "empresa_nit": "456789123",
    "empresa_ciudad": "CALI",
    "empresa_sede": "plaza",
    "empresa_nombre": "Despensa Natura",
    "fecha_hora": "2023-02-03 15:55:08",
    "factura_num": "01120",
    "ciente_numero": 550827772,
    "pago_tipo": "EFECTIVO",
    "productos": [
        {
            "codigo": "I8ZQzQ1ybZ",
            "total": 15,
            "valor_unitario": 505261,
            "descuento": 0.45,
            "IVA": 19
        },
        {
            "codigo": "V96toyVSov",
            "total": 20,
            "valor_unitario": 941242,
            "descuento": 0.35,
            "IVA": 5
        },
        {
            "codigo": "Ymt1BlM1XD",
            "total": 10,
            "valor_unitario": 257099,
            "descuento": 0.21,
            "IVA": 5
        },
        {
            "codigo": "bE6CCAu0Gt",
            "total": 14,
            "valor_unitario": 919779,
            "descuento": 0.2,
            "IVA": 0
        },
        {
            "codigo": "8xAGlOVFbg",
            "total": 17,
            "valor_unitario": 894540,
            "descuento": 0.14,
            "IVA": 0
        },
        {
            "codigo": "t3paPQHjiq",
            "total": 14,
            "valor_unitario": 43579,
            "descuento": 0.12,
            "IVA": 5
        },
        {
            "codigo": "iSpnEdAs7C",
            "total": 16,
            "valor_unitario": 826488,
            "descuento": 0.37,
            "IVA": 19
        },
        {
            "codigo": "Idcw25rtMg",
            "total": 11,
            "valor_unitario": 778674,
            "descuento": 0.09,
            "IVA": 5
        },
        {
            "codigo": "NjDPQI1Wuk",
            "total": 8,
            "valor_unitario": 647854,
            "descuento": 0.29,
            "IVA": 5
        },
        {
            "codigo": "KsgBMV4R4d",
            "total": 13,
            "valor_unitario": 445081,
            "descuento": 0.1,
            "IVA": 0
        },
        {
            "codigo": "WvKAwiocyJ",
            "total": 9,
            "valor_unitario": 602211,
            "descuento": 0.16,
            "IVA": 19
        },
        {
            "codigo": "Yox4fJXWgG",
            "total": 18,
            "valor_unitario": 362727,
            "descuento": 0.0,
            "IVA": 0
        }
    ]
}