{
    "empresa_nit": "456789123",
    "empresa_ciudad": "BOGOTA",
    "empresa_sede": "centro",
    "empresa_nombre": "Despensa Natura",
    "fecha_hora": "2020-03-11 17:17:01",
    "factura_num": "00228",
    "ciente_numero": 193078003,
    "pago_tipo": "TAR.DEBITO",
    "productos": [
        {
            "codigo": "Pac63HfGM7",
            "total": 17,
            "valor_unitario": 32042,
            "descuento": 0.27,
            "IVA": 5
        },
        {
            "codigo": "pOvCrtmm7y",
            "total": 2,
            "valor_unitario": 560664,
            "descuento": 0.47,
            "IVA": 0
        },
        {
            "codigo": "9FwtwvvZ8G",
            "total": 5,
            "valor_unitario": 66977,
            "descuento": 0.49,
            "IVA": 19
        },
        {
            "codigo": "2kKQzgnVZb",
            "total": 20,
            "valor_unitario": 332319,
            "descuento": 0.24,
            "IVA": 5
        },
        {
            "codigo": "TRfuCeM1bD",
            "total": 16,
            "valor_unitario": 276585,
            "descuento": 0.26,
            "IVA": 0
        },
        {
            "codigo": "jyLKCo7nyH",
            "total": 16,
            "valor_unitario": 798079,
            "descuento": 0.02,
            "IVA": 5
        },
        {
            "codigo": "v07Y3ZN068",
            "total": 4,
            "valor_unitario": 794292,
            "descuento": 0.42,
            "IVA": 5
        },
        {
            "codigo": "mcJr45GbBy",
            "total": 20,
            "valor_unitario": 555052,
            "descuento": 0.26,
            "IVA": 5
        },
        {
            "codigo": "ujOxScrtsk",
            "total": 8,
            "valor_unitario": 754380,
            "descuento": 0.34,
            "IVA": 19
        },
        {
            "codigo": "IxHOVtj7PU",
            "total": 13,
            "valor_unitario": 444455,
            "descuento": 0.31,
            "IVA": 0
        },
        {
            "codigo": "qNJnEZtRND",
            "total": 6,
            "valor_unitario": 977353,
            "descuento": 0.26,
            "IVA": 19
        },
        {
            "codigo": "HQieQYgwrM",
            "total": 14,
            "valor_unitario": 767973,
            "descuento": 0.03,
            "IVA": 0
        },
        {
            "codigo": "0SoMrZU21E",
            "total": 20,
            "valor_unitario": 574710,
            "descuento": 0.02,
            "IVA": 0
        },
        {
            "codigo": "Lg1aLkdjt4",
            "total": 20,
            "valor_unitario": 887768,
            "descuento": 0.43,
            "IVA": 0
        },
        {
            "codigo": "DgDIPtLxqA",
            "total": 15,
            "valor_unitario": 345585,
            "descuento": 0.1,
            "IVA": 19
        },
        {
            "codigo": "8T0dukPCQx",
            "total": 17,
            "valor_unitario": 274341,
            "descuento": 0.22,
            "IVA": 19
        }
    ]
}