{
    "empresa_nit": "456789123",
    "empresa_ciudad": "CALI",
    "empresa_sede": "centro",
    "empresa_nombre": "Despensa Natura",
    "fecha_hora": "2020-04-22 10:44:21",
    "factura_num": "01099",
    "ciente_numero": 362589058,
    "pago_tipo": "TAR.DEBITO",
    "productos": [
        {
            "codigo": "S7uiLOBR2T",
            "total": 11,
            "valor_unitario": 688109,
            "descuento": 0.33,
            "IVA": 19
        },
        {
            "codigo": "Nk4cz1ZldK",
            "total": 9,
            "valor_unitario": 141441,
            "descuento": 0.08,
            "IVA": 5
        },
        {
            "codigo": "sBZWzITU0F",
            "total": 6,
            "valor_unitario": 69694,
            "descuento": 0.2,
            "IVA": 0
        }
    ]
}