{
    "empresa_nit": "456789123",
    "empresa_ciudad": "CALI",
    "empresa_sede": "terminal",
    "empresa_nombre": "Despensa Natura",
    "fecha_hora": "2021-12-08 21:19:32",
    "factura_num": "00134",
    "ciente_numero": 598045523,
    "pago_tipo": "TRANFERENCIA",
    "productos": [
        {
            "codigo": "sKAODH8rVB",
            "total": 7,
            "valor_unitario": 930311,
            "descuento": 0.48,
            "IVA": 5
        },
        {
            "codigo": "UOWFd0oSRx",
            "total": 19,
            "valor_unitario": 320644,
            "descuento": 0.26,
            "IVA": 5
        },
        {
            "codigo": "yS4BwITxjI",
            "total": 16,
            "valor_unitario": 640506,
            "descuento": 0.07,
            "IVA": 0
        },
        {
            "codigo": "mlrH5xEoD3",
            "total": 4,
            "valor_unitario": 815216,
            "descuento": 0.12,
            "IVA": 5
        },
        {
            "codigo": "9Rlu237VNZ",
            "total": 1,
            "valor_unitario": 359797,
            "descuento": 0.29,
            "IVA": 0
        },
        {
            "codigo": "oKtO4pDpsq",
            "total": 16,
            "valor_unitario": 808156,
            "descuento": 0.32,
            "IVA": 0
        },
        {
            "codigo": "ItZHdXIPNE",
            "total": 5,
            "valor_unitario": 657168,
            "descuento": 0.28,
            "IVA": 0
        },
        {
            "codigo": "RpWzKd5R4K",
            "total": 11,
            "valor_unitario": 752931,
            "descuento": 0.37,
            "IVA": 5
        },
        {
            "codigo": "gwiBkFGl71",
            "total": 2,
            "valor_unitario": 736453,
            "descuento": 0.32,
            "IVA": 0
        },
        {
            "codigo": "R1xLrtqxMk",
            "total": 10,
            "valor_unitario": 446715,
            "descuento": 0.16,
            "IVA": 0
        },
        {
            "codigo": "H0LgQFRB41",
            "total": 20,
            "valor_unitario": 509512,
            "descuento": 0.4,
            "IVA": 0
        },
        {
            "codigo": "FdpUb8TKam",
            "total": 15,
            "valor_unitario": 900587,
            "descuento": 0.43,
            "IVA": 19
        },
        {
            "codigo": "h5a7QvRsTW",
            "total": 17,
            "valor_unitario": 500207,
            "descuento": 0.18,
            "IVA": 19
        },
        {
            "codigo": "ttx8SoQkS4",
            "total": 10,
            "valor_unitario": 918983,
            "descuento": 0.24,
            "IVA": 5
        },
        {
            "codigo": "0MTIbrveAO",
            "total": 19,
            "valor_unitario": 286928,
            "descuento": 0.35,
            "IVA": 5
        }
    ]
}