{
    "empresa_nit": "456789123",
    "empresa_ciudad": "BARRANQUILLA",
    "empresa_sede": "aeropuerto",
    "empresa_nombre": "Despensa Natura",
    "fecha_hora": "2020-10-15 18:11:11",
    "factura_num": "00251",
    "ciente_numero": 58771146,
    "pago_tipo": "EFECTIVO",
    "productos": [
        {
            "codigo": "b86mAEyc2K",
            "total": 9,
            "valor_unitario": 28937,
            "descuento": 0.43,
            "IVA": 0
        },
        {
            "codigo": "t96wWYUOc7",
            "total": 5,
            "valor_unitario": 96653,
            "descuento": 0.33,
            "IVA": 19
        },
        {
            "codigo": "nPEoIiFXTA",
            "total": 1,
            "valor_unitario": 811854,
            "descuento": 0.16,
            "IVA": 5
        },
        {
            "codigo": "2wxmfwulnt",
            "total": 11,
            "valor_unitario": 347650,
            "descuento": 0.04,
            "IVA": 19
        },
        {
            "codigo": "29UsnyuP6f",
            "total": 11,
            "valor_unitario": 230604,
            "descuento": 0.07,
            "IVA": 0
        },
        {
            "codigo": "5YhC9IYmYh",
            "total": 15,
            "valor_unitario": 889928,
            "descuento": 0.42,
            "IVA": 0
        },
        {
            "codigo": "1aHJuipHtO",
            "total": 4,
            "valor_unitario": 39370,
            "descuento": 0.26,
            "IVA": 19
        },
        {
            "codigo": "fXf6eXGgAh",
            "total": 18,
            "valor_unitario": 111228,
            "descuento": 0.15,
            "IVA": 19
        },
        {
            "codigo": "snBl4j7UE5",
            "total": 12,
            "valor_unitario": 431785,
            "descuento": 0.38,
            "IVA": 5
        },
        {
            "codigo": "OtvVvJJbZJ",
            "total": 6,
            "valor_unitario": 689486,
            "descuento": 0.34,
            "IVA": 0
        },
        {
            "codigo": "TnveBxWDzI",
            "total": 20,
            "valor_unitario": 649313,
            "descuento": 0.15,
            "IVA": 19
        },
        {
            "codigo": "An8UW5d3kJ",
            "total": 15,
            "valor_unitario": 994116,
            "descuento": 0.36,
            "IVA": 19
        }
    ]
}