{
    "empresa_nit": "456789123",
    "empresa_ciudad": "BOGOTA",
    "empresa_sede": "aeropuerto",
    "empresa_nombre": "Despensa Natura",
    "fecha_hora": "2020-05-07 22:25:19",
    "factura_num": "00197",
    "ciente_numero": 446327130,
    "pago_tipo": "TAR.DEBITO",
    "productos": [
        {
            "codigo": "E2yeb8hiW3",
            "total": 8,
            "valor_unitario": 219942,
            "descuento": 0.07,
            "IVA": 0
        },
        {
            "codigo": "nxYmWMJXNc",
            "total": 6,
            "valor_unitario": 927008,
            "descuento": 0.07,
            "IVA": 0
        },
        {
            "codigo": "1kDq22ue5z",
            "total": 7,
            "valor_unitario": 728005,
            "descuento": 0.34,
            "IVA": 19
        },
        {
            "codigo": "3IOlRUKVnS",
            "total": 9,
            "valor_unitario": 977620,
            "descuento": 0.13,
            "IVA": 5
        },
        {
            "codigo": "bgkrvjFWpm",
            "total": 10,
            "valor_unitario": 168633,
            "descuento": 0.4,
            "IVA": 0
        },
        {
            "codigo": "yj3Od04jjS",
            "total": 8,
            "valor_unitario": 871749,
            "descuento": 0.01,
            "IVA": 0
        }
    ]
}