{
    "empresa_nit": "456789123",
    "empresa_ciudad": "BARRANQUILLA",
    "empresa_sede": "alcaldia",
    "empresa_nombre": "Despensa Natura",
    "fecha_hora": "2022-02-22 09:31:03",
    "factura_num": "00405",
    "ciente_numero": 198547689,
    "pago_tipo": "EFECTIVO",
    "productos": [
        {
            "codigo": "XS0clkizoz",
            "total": 5,
            "valor_unitario": 742894,
            "descuento": 0.28,
            "IVA": 19
        },
        {
            "codigo": "TgCmi16CqG",
            "total": 7,
            "valor_unitario": 779832,
            "descuento": 0.24,
            "IVA": 5
        },
        {
            "codigo": "hlBgOn1t3H",
            "total": 9,
            "valor_unitario": 580450,
            "descuento": 0.0,
            "IVA": 0
        },
        {
            "codigo": "T8szSZ9Re7",
            "total": 17,
            "valor_unitario": 225090,
            "descuento": 0.31,
            "IVA": 0
        },
        {
            "codigo": "74DIwANFFe",
            "total": 9,
            "valor_unitario": 295232,
            "descuento": 0.34,
            "IVA": 5
        },
        {
            "codigo": "cKcUjtwEk1",
            "total": 15,
            "valor_unitario": 215753,
            "descuento": 0.11,
            "IVA": 5
        },
        {
            "codigo": "RmMOJbAobn",
            "total": 5,
            "valor_unitario": 73204,
            "descuento": 0.35,
            "IVA": 19
        },
        {
            "codigo": "vVeKeDDzjD",
            "total": 12,
            "valor_unitario": 216899,
            "descuento": 0.44,
            "IVA": 5
        },
        {
            "codigo": "Z1R9z5GwHP",
            "total": 10,
            "valor_unitario": 659765,
            "descuento": 0.17,
            "IVA": 0
        },
        {
            "codigo": "3IPNKvyZM0",
            "total": 4,
            "valor_unitario": 568286,
            "descuento": 0.46,
            "IVA": 5
        },
        {
            "codigo": "BM5O8Ghnr9",
            "total": 12,
            "valor_unitario": 443403,
            "descuento": 0.24,
            "IVA": 5
        },
        {
            "codigo": "a62mQ8dBAk",
            "total": 4,
            "valor_unitario": 169450,
            "descuento": 0.41,
            "IVA": 5
        },
        {
            "codigo": "aJxY8hMcb7",
            "total": 10,
            "valor_unitario": 152532,
            "descuento": 0.25,
            "IVA": 5
        },
        {
            "codigo": "B9I5EpuzQx",
            "total": 8,
            "valor_unitario": 209282,
            "descuento": 0.12,
            "IVA": 19
        },
        {
            "codigo": "UlTCtp4mtH",
            "total": 19,
            "valor_unitario": 941293,
            "descuento": 0.24,
            "IVA": 19
        },
        {
            "codigo": "TQQwKvJVny",
            "total": 9,
            "valor_unitario": 613051,
            "descuento": 0.33,
            "IVA": 19
        },
        {
            "codigo": "t6cNgHhc1K",
            "total": 16,
            "valor_unitario": 479752,
            "descuento": 0.42,
            "IVA": 0
        }
    ]
}