{
    "empresa_nit": "456789123",
    "empresa_ciudad": "MEDELLIN",
    "empresa_sede": "alcaldia",
    "empresa_nombre": "Despensa Natura",
    "fecha_hora": "2022-03-17 20:10:40",
    "factura_num": "00178",
    "ciente_numero": 376783683,
    "pago_tipo": "TAR.DEBITO",
    "productos": [
        {
            "codigo": "t7mayQp4iv",
            "total": 6,
            "valor_unitario": 832583,
            "descuento": 0.31,
            "IVA": 5
        },
        {
            "codigo": "n1Q6w6kjHN",
            "total": 2,
            "valor_unitario": 542000,
            "descuento": 0.3,
            "IVA": 0
        },
        {
            "codigo": "EVRwTeJ7X5",
            "total": 13,
            "valor_unitario": 88668,
            "descuento": 0.14,
            "IVA": 0
        },
        {
            "codigo": "HQUHPKyaTe",
            "total": 15,
            "valor_unitario": 851405,
            "descuento": 0.47,
            "IVA": 19
        },
        {
            "codigo": "AOHQBCXwg6",
            "total": 16,
            "valor_unitario": 73397,
            "descuento": 0.13,
            "IVA": 5
        },
        {
            "codigo": "dS68MSYZ6R",
            "total": 2,
            "valor_unitario": 837424,
            "descuento": 0.13,
            "IVA": 0
        }
    ]
}