{
    "empresa_nit": "456789123",
    "empresa_ciudad": "CALI",
    "empresa_sede": "terminal",
    "empresa_nombre": "Despensa Natura",
    "fecha_hora": "2024-12-22 12:02:53",
    "factura_num": "00277",
    "ciente_numero": 347410836,
    "pago_tipo": "EFECTIVO",
    "productos": [
        {
            "codigo": "Fi8sLmyaRu",
            "total": 20,
            "valor_unitario": 187910,
            "descuento": 0.06,
            "IVA": 5
        },
        {
            "codigo": "HPdII4jn1r",
            "total": 6,
            "valor_unitario": 806739,
            "descuento": 0.04,
            "IVA": 5
        },
        {
            "codigo": "a98D3Jud5X",
            "total": 20,
            "valor_unitario": 535737,
            "descuento": 0.05,
            "IVA": 0
        },
        {
            "codigo": "2adt14EObH",
            "total": 17,
            "valor_unitario": 40439,
            "descuento": 0.26,
            "IVA": 5
        },
        {
            "codigo": "odO54uMvHA",
            "total": 4,
            "valor_unitario": 445277,
            "descuento": 0.33,
            "IVA": 5
        },
        {
            "codigo": "sOSJbKohhw",
            "total": 11,
            "valor_unitario": 577244,
            "descuento": 0.45,
            "IVA": 0
        },
        {
            "codigo": "ydNT5tRfEz",
            "total": 4,
            "valor_unitario": 678160,
            "descuento": 0.44,
            "IVA": 5
        },
        {
            "codigo": "m3s7ESRth5",
            "total": 13,
            "valor_unitario": 581991,
            "descuento": 0.42,
            "IVA": 0
        },
        {
            "codigo": "JSHd04u19S",
            "total": 2,
            "valor_unitario": 327621,
            "descuento": 0.43,
            "IVA": 0
        },
        {
            "codigo": "wFTMmbOatA",
            "total": 10,
            "valor_unitario": 252973,
            "descuento": 0.32,
            "IVA": 19
        },
        {
            "codigo": "i3dgspTS7C",
            "total": 15,
            "valor_unitario": 530097,
            "descuento": 0.13,
            "IVA": 0
        },
        {
            "codigo": "OQD1GAIMpr",
            "total": 2,
            "valor_unitario": 808874,
            "descuento": 0.08,
            "IVA": 5
        },
        {
            "codigo": "j6Jom9RoCU",
            "total": 10,
            "valor_unitario": 741170,
            "descuento": 0.36,
            "IVA": 0
        },
        {
            "codigo": "ktrn4kvKJS",
            "total": 3,
            "valor_unitario": 776902,
            "descuento": 0.3,
            "IVA": 5
        },
        {
            "codigo": "VJEk7OqzB8",
            "total": 15,
            "valor_unitario": 259211,
            "descuento": 0.17,
            "IVA": 5
        },
        {
            "codigo": "ohjzZ2PVq1",
            "total": 6,
            "valor_unitario": 396675,
            "descuento": 0.47,
            "IVA": 19
        },
        {
            "codigo": "UuxZz477XQ",
            "total": 18,
            "valor_unitario": 218966,
            "descuento": 0.42,
            "IVA": 19
        },
        {
            "codigo": "8rZbVTBGXy",
            "total": 11,
            "valor_unitario": 60366,
            "descuento": 0.07,
            "IVA": 5
        }
    ]
}