{
    "empresa_nit": "456789123",
    "empresa_ciudad": "TUNJA",
    "empresa_sede": "plaza",
    "empresa_nombre": "Despensa Natura",
    "fecha_hora": "2022-07-27 11:30:16",
    "factura_num": "00390",
    "ciente_numero": 257828804,
    "pago_tipo": "TAR.CREDITO",
    "productos": [
        {
            "codigo": "eolT9bsVWL",
            "total": 7,
            "valor_unitario": 344174,
            "descuento": 0.21,
            "IVA": 5
        },
        {
            "codigo": "64hltvhJ9e",
            "total": 18,
            "valor_unitario": 403608,
            "descuento": 0.34,
            "IVA": 5
        },
        {
            "codigo": "LpdY7BPU1y",
            "total": 6,
            "valor_unitario": 157449,
            "descuento": 0.12,
            "IVA": 19
        },
        {
            "codigo": "5eMRm39V78",
            "total": 10,
            "valor_unitario": 356342,
            "descuento": 0.21,
            "IVA": 5
        },
        {
            "codigo": "sfldIEF6n4",
            "total": 16,
            "valor_unitario": 810034,
            "descuento": 0.22,
            "IVA": 0
        },
        {
            "codigo": "0Wf76T6EaU",
            "total": 13,
            "valor_unitario": 419626,
            "descuento": 0.25,
            "IVA": 5
        },
        {
            "codigo": "iRsPLoSLnY",
            "total": 3,
            "valor_unitario": 973820,
            "descuento": 0.0,
            "IVA": 19
        },
        {
            "codigo": "RTGBJNfJrj",
            "total": 15,
            "valor_unitario": 709004,
            "descuento": 0.42,
            "IVA": 5
        },
        {
            "codigo": "KxyTzEkSpa",
            "total": 18,
            "valor_unitario": 435140,
            "descuento": 0.29,
            "IVA": 5
        },
        {
            "codigo": "HW0x8L8AA3",
            "total": 8,
            "valor_unitario": 335571,
            "descuento": 0.24,
            "IVA": 19
        },
        {
            "codigo": "P8gNeTrT2j",
            "total": 16,
            "valor_unitario": 314166,
            "descuento": 0.06,
            "IVA": 0
        },
        {
            "codigo": "mswOWWqzyC",
            "total": 7,
            "valor_unitario": 272146,
            "descuento": 0.16,
            "IVA": 5
        },
        {
            "codigo": "JD3iB8yss3",
            "total": 2,
            "valor_unitario": 348459,
            "descuento": 0.5,
            "IVA": 19
        },
        {
            "codigo": "ZlLAqOnc9K",
            "total": 2,
            "valor_unitario": 537017,
            "descuento": 0.47,
            "IVA": 5
        },
        {
            "codigo": "jo7nyZdV0o",
            "total": 17,
            "valor_unitario": 420395,
            "descuento": 0.19,
            "IVA": 0
        },
        {
            "codigo": "arBhJbA02F",
            "total": 14,
            "valor_unitario": 628950,
            "descuento": 0.49,
            "IVA": 19
        },
        {
            "codigo": "1s6XkDAJzO",
            "total": 8,
            "valor_unitario": 385973,
            "descuento": 0.41,
            "IVA": 5
        }
    ]
}