{
    "empresa_nit": "456789123",
    "empresa_ciudad": "MEDELLIN",
    "empresa_sede": "alcaldia",
    "empresa_nombre": "Despensa Natura",
    "fecha_hora": "2023-07-30 04:10:30",
    "factura_num": "00301",
    "ciente_numero": 434932484,
    "pago_tipo": "TAR.DEBITO",
    "productos": [
        {
            "codigo": "Hyrl1C3t2T",
            "total": 14,
            "valor_unitario": 327831,
            "descuento": 0.46,
            "IVA": 19
        },
        {
            "codigo": "jyMnTqmoCE",
            "total": 2,
            "valor_unitario": 594866,
            "descuento": 0.18,
            "IVA": 0
        },
        {
            "codigo": "MMJA02dRTl",
            "total": 12,
            "valor_unitario": 283630,
            "descuento": 0.38,
            "IVA": 5
        },
        {
            "codigo": "tN9wDm0ULI",
            "total": 8,
            "valor_unitario": 495678,
            "descuento": 0.41,
            "IVA": 0
        },
        {
            "codigo": "CRGxnBLuVs",
            "total": 19,
            "valor_unitario": 552467,
            "descuento": 0.15,
            "IVA": 5
        },
        {
            "codigo": "kdnFDQomMb",
            "total": 17,
            "valor_unitario": 332730,
            "descuento": 0.49,
            "IVA": 5
        },
        {
            "codigo": "nZs0loxF6K",
            "total": 7,
            "valor_unitario": 340216,
            "descuento": 0.09,
            "IVA": 19
        },
        {
            "codigo": "N7Pcf7Cbcp",
            "total": 12,
            "valor_unitario": 850048,
            "descuento": 0.36,
            "IVA": 19
        },
        {
            "codigo": "VOvW3qNS42",
            "total": 20,
            "valor_unitario": 158325,
            "descuento": 0.01,
            "IVA": 0
        },
        {
            "codigo": "0WgBZevAda",
            "total": 20,
            "valor_unitario": 548698,
            "descuento": 0.24,
            "IVA": 0
        },
        {
            "codigo": "WBFQhsY19f",
            "total": 16,
            "valor_unitario": 480367,
            "descuento": 0.27,
            "IVA": 0
        },
        {
            "codigo": "hmwdEvbUP1",
            "total": 1,
            "valor_unitario": 825675,
            "descuento": 0.14,
            "IVA": 5
        }
    ]
}