{
    "empresa_nit": "456789123",
    "empresa_ciudad": "CALI",
    "empresa_sede": "plaza",
    "empresa_nombre": "Despensa Natura",
    "fecha_hora": "2022-08-08 19:31:36",
    "factura_num": "01083",
    "ciente_numero": 595676412,
    "pago_tipo": "EFECTIVO",
    "productos": [
        {
            "codigo": "SbzlnTahCW",
            "total": 20,
            "valor_unitario": 194925,
            "descuento": 0.32,
            "IVA": 19
        },
        {
            "codigo": "Zg1yQ1UyX9",
            "total": 14,
            "valor_unitario": 675065,
            "descuento": 0.47,
            "IVA": 0
        },
        {
            "codigo": "xK9siXQd4o",
            "total": 6,
            "valor_unitario": 388915,
            "descuento": 0.36,
            "IVA": 0
        },
        {
            "codigo": "PlsU5dxRms",
            "total": 3,
            "valor_unitario": 60194,
            "descuento": 0.35,
            "IVA": 5
        },
        {
            "codigo": "lflBZROqmD",
            "total": 9,
            "valor_unitario": 331638,
            "descuento": 0.19,
            "IVA": 5
        },
        {
            "codigo": "PXtCg0qKjW",
            "total": 2,
            "valor_unitario": 756086,
            "descuento": 0.38,
            "IVA": 5
        },
        {
            "codigo": "nt5MdyAHyC",
            "total": 3,
            "valor_unitario": 576181,
            "descuento": 0.38,
            "IVA": 0
        },
        {
            "codigo": "Ky9WbG1o8X",
            "total": 10,
            "valor_unitario": 679038,
            "descuento": 0.4,
            "IVA": 5
        },
        {
            "codigo": "JT6H4aFU6n",
            "total": 20,
            "valor_unitario": 279232,
            "descuento": 0.16,
            "IVA": 5
        },
        {
            "codigo": "FmGZJDHOIx",
            "total": 20,
            "valor_unitario": 67802,
            "descuento": 0.44,
            "IVA": 19
        },
        {
            "codigo": "LLa3Jy8KZP",
            "total": 4,
            "valor_unitario": 145585,
            "descuento": 0.16,
            "IVA": 19
        },
        {
            "codigo": "VQixybcGU3",
            "total": 19,
            "valor_unitario": 452331,
            "descuento": 0.31,
            "IVA": 5
        }
    ]
}