{
    "empresa_nit": "456789123",
    "empresa_ciudad": "TUNJA",
    "empresa_sede": "alcaldia",
    "empresa_nombre": "Despensa Natura",
    "fecha_hora": "2024-12-14 07:39:20",
    "factura_num": "01003",
    "ciente_numero": 870751855,
    "pago_tipo": "TRANFERENCIA",
    "productos": [
        {
            "codigo": "u5qyJvrJHy",
            "total": 9,
            "valor_unitario": 460102,
            "descuento": 0.34,
            "IVA": 19
        },
        {
            "codigo": "7i8Eq5wCT9",
            "total": 14,
            "valor_unitario": 836343,
            "descuento": 0.27,
            "IVA": 0
        },
        {
            "codigo": "lDyIcITgf8",
            "total": 5,
            "valor_unitario": 985471,
            "descuento": 0.4,
            "IVA": 19
        },
        {
            "codigo": "djnGzSvodC",
            "total": 16,
            "valor_unitario": 276844,
            "descuento": 0.15,
            "IVA": 5
        },
        {
            "codigo": "aJduXJCi6g",
            "total": 19,
            "valor_unitario": 160087,
            "descuento": 0.23,
            "IVA": 5
        },
        {
            "codigo": "bMaXDA8RtS",
            "total": 20,
            "valor_unitario": 840187,
            "descuento": 0.3,
            "IVA": 0
        },
        {
            "codigo": "oJIq05FHT7",
            "total": 15,
            "valor_unitario": 598364,
            "descuento": 0.11,
            "IVA": 19
        },
        {
            "codigo": "9z3kjivNcz",
            "total": 15,
            "valor_unitario": 805148,
            "descuento": 0.17,
            "IVA": 5
        },
        {
            "codigo": "Gwm0Zt9nMY",
            "total": 19,
            "valor_unitario": 300031,
            "descuento": 0.15,
            "IVA": 5
        },
        {
            "codigo": "7u0TCjUWMy",
            "total": 17,
            "valor_unitario": 458627,
            "descuento": 0.07,
            "IVA": 5
        },
        {
            "codigo": "F8x4YzNrHO",
            "total": 14,
            "valor_unitario": 719412,
            "descuento": 0.48,
            "IVA": 19
        },
        {
            "codigo": "HEezuFffZ0",
            "total": 15,
            "valor_unitario": 490968,
            "descuento": 0.32,
            "IVA": 0
        },
        {
            "codigo": "e1zx62jZrD",
            "total": 8,
            "valor_unitario": 934805,
            "descuento": 0.09,
            "IVA": 19
        },
        {
            "codigo": "pBOnMhupEK",
            "total": 14,
            "valor_unitario": 609036,
            "descuento": 0.28,
            "IVA": 0
        },
        {
            "codigo": "ilST7VHXwn",
            "total": 4,
            "valor_unitario": 183410,
            "descuento": 0.17,
            "IVA": 19
        }
    ]
}