{
    "empresa_nit": "456789123",
    "empresa_ciudad": "BOGOTA",
    "empresa_sede": "autopista",
    "empresa_nombre": "Despensa Natura",
    "fecha_hora": "2021-03-06 09:20:23",
    "factura_num": "00239",
    "ciente_numero": 640627559,
    "pago_tipo": "EFECTIVO",
    "productos": [
        {
            "codigo": "6j7xd9sQXK",
            "total": 12,
            "valor_unitario": 541332,
            "descuento": 0.4,
            "IVA": 0
        },
        {
            "codigo": "nxY04MkyTX",
            "total": 11,
            "valor_unitario": 78031,
            "descuento": 0.0,
            "IVA": 19
        }
    ]
}