{
    "empresa_nit": "456789123",
    "empresa_ciudad": "TUNJA",
    "empresa_sede": "terminal",
    "empresa_nombre": "Despensa Natura",
    "fecha_hora": "2023-01-25 10:53:56",
    "factura_num": "00408",
    "ciente_numero": 392478686,
    "pago_tipo": "TRANFERENCIA",
    "productos": [
        {
            "codigo": "53eGpmvdmT",
            "total": 15,
            "valor_unitario": 761943,
            "descuento": 0.23,
            "IVA": 5
        },
        {
            "codigo": "8xUq7CWjHU",
            "total": 20,
            "valor_unitario": 467043,
            "descuento": 0.44,
            "IVA": 0
        },
        {
            "codigo": "Ngv3DlJlMi",
            "total": 11,
            "valor_unitario": 945332,
            "descuento": 0.29,
            "IVA": 19
        },
        {
            "codigo": "Uer4997M3Z",
            "total": 7,
            "valor_unitario": 423515,
            "descuento": 0.2,
            "IVA": 19
        },
        {
            "codigo": "EoxVevzcNO",
            "total": 13,
            "valor_unitario": 867815,
            "descuento": 0.26,
            "IVA": 0
        },
        {
            "codigo": "RhJJpSB040",
            "total": 4,
            "valor_unitario": 713194,
            "descuento": 0.47,
            "IVA": 19
        },
        {
            "codigo": "1yoa9Y3dLy",
            "total": 12,
            "valor_unitario": 448918,
            "descuento": 0.03,
            "IVA": 5
        },
        {
            "codigo": "iQXM81eKVi",
            "total": 7,
            "valor_unitario": 848999,
            "descuento": 0.18,
            "IVA": 0
        },
        {
            "codigo": "Ho5Ep4IRF4",
            "total": 4,
            "valor_unitario": 406381,
            "descuento": 0.01,
            "IVA": 5
        }
    ]
}