{
    "empresa_nit": "456789123",
    "empresa_ciudad": "TUNJA",
    "empresa_sede": "autopista",
    "empresa_nombre": "Despensa Natura",
    "fecha_hora": "2020-01-18 23:09:08",
    "factura_num": "00289",
    "ciente_numero": 535134046,
    "pago_tipo": "TRANFERENCIA",
    "productos": [
        {
            "codigo": "bhDUlgVUGX",
            "total": 12,
            "valor_unitario": 512283,
            "descuento": 0.04,
            "IVA": 5
        },
        {
            "codigo": "Z9azoigCzE",
            "total": 14,
            "valor_unitario": 276806,
            "descuento": 0.43,
            "IVA": 19
        },
        {
            "codigo": "RdkdJDsvHy",
            "total": 19,
            "valor_unitario": 209009,
            "descuento": 0.02,
            "IVA": 19
        },
        {
            "codigo": "BTbMdUSMhP",
            "total": 9,
            "valor_unitario": 143554,
            "descuento": 0.4,
            "IVA": 19
        },
        {
            "codigo": "U7NGdfW5XY",
            "total": 14,
            "valor_unitario": 346126,
            "descuento": 0.22,
            "IVA": 5
        },
        {
            "codigo": "9RAierFYpf",
            "total": 7,
            "valor_unitario": 147056,
            "descuento": 0.39,
            "IVA": 0
        },
        {
            "codigo": "BJFw1yTxFU",
            "total": 7,
            "valor_unitario": 8587,
            "descuento": 0.32,
            "IVA": 0
        },
        {
            "codigo": "cIgVaCdxA0",
            "total": 16,
            "valor_unitario": 936326,
            "descuento": 0.25,
            "IVA": 5
        },
        {
            "codigo": "ibL5ytRRxR",
            "total": 2,
            "valor_unitario": 601762,
            "descuento": 0.26,
            "IVA": 0
        },
        {
            "codigo": "F5RMPkY1pv",
            "total": 14,
            "valor_unitario": 201808,
            "descuento": 0.42,
            "IVA": 5
        },
        {
            "codigo": "6UEejxZPL2",
            "total": 9,
            "valor_unitario": 30996,
            "descuento": 0.39,
            "IVA": 19
        },
        {
            "codigo": "1fI6ceA8C3",
            "total": 6,
            "valor_unitario": 669306,
            "descuento": 0.3,
            "IVA": 19
        },
        {
            "codigo": "ADnXDD44OH",
            "total": 7,
            "valor_unitario": 636255,
            "descuento": 0.31,
            "IVA": 19
        },
        {
            "codigo": "i9Zrud9rk4",
            "total": 16,
            "valor_unitario": 852427,
            "descuento": 0.07,
            "IVA": 19
        },
        {
            "codigo": "IoNxYX13WL",
            "total": 1,
            "valor_unitario": 818530,
            "descuento": 0.25,
            "IVA": 0
        },
        {
            "codigo": "vpSGEic9FL",
            "total": 15,
            "valor_unitario": 729489,
            "descuento": 0.04,
            "IVA": 5
        },
        {
            "codigo": "7yCleEcPTl",
            "total": 8,
            "valor_unitario": 642446,
            "descuento": 0.32,
            "IVA": 0
        },
        {
            "codigo": "MBpazzoJgd",
            "total": 19,
            "valor_unitario": 205457,
            "descuento": 0.13,
            "IVA": 0
        },
        {
            "codigo": "YSabS5W6q5",
            "total": 16,
            "valor_unitario": 393267,
            "descuento": 0.42,
            "IVA": 19
        }
    ]
}