{
    "empresa_nit": "456789123",
    "empresa_ciudad": "TUNJA",
    "empresa_sede": "aeropuerto",
    "empresa_nombre": "Despensa Natura",
    "fecha_hora": "2023-06-04 13:33:15",
    "factura_num": "00041",
    "ciente_numero": 851668828,
    "pago_tipo": "TAR.DEBITO",
    "productos": [
        {
            "codigo": "AFuPW6GK4Q",
            "total": 12,
            "valor_unitario": 745242,
            "descuento": 0.43,
            "IVA": 19
        },
        {
            "codigo": "5II3F8ddYC",
            "total": 10,
            "valor_unitario": 825550,
            "descuento": 0.13,
            "IVA": 0
        },
        {
            "codigo": "eTgpauC2je",
            "total": 4,
            "valor_unitario": 502442,
            "descuento": 0.3,
            "IVA": 5
        },
        {
            "codigo": "vpskb7GD0w",
            "total": 3,
            "valor_unitario": 301266,
            "descuento": 0.23,
            "IVA": 5
        }
    ]
}