{
    "empresa_nit": "456789123",
    "empresa_ciudad": "TUNJA",
    "empresa_sede": "autopista",
    "empresa_nombre": "Despensa Natura",
    "fecha_hora": "2022-11-19 07:14:57",
    "factura_num": "01095",
    "ciente_numero": 24935044,
    "pago_tipo": "TAR.DEBITO",
    "productos": [
        {
            "codigo": "d3M1SH2XsK",
            "total": 16,
            "valor_unitario": 862138,
            "descuento": 0.16,
            "IVA": 19
        },
        {
            "codigo": "y6GgbJbkDP",
            "total": 5,
            "valor_unitario": 561557,
            "descuento": 0.37,
            "IVA": 5
        },
        {
            "codigo": "SosySerHUV",
            "total": 12,
            "valor_unitario": 813509,
            "descuento": 0.27,
            "IVA": 19
        },
        {
            "codigo": "PNJkcqubEe",
            "total": 2,
            "valor_unitario": 719047,
            "descuento": 0.24,
            "IVA": 5
        },
        {
            "codigo": "9vshdodpLX",
            "total": 13,
            "valor_unitario": 575094,
            "descuento": 0.39,
            "IVA": 19
        },
        {
            "codigo": "dT6fkjkSX0",
            "total": 3,
            "valor_unitario": 563038,
            "descuento": 0.21,
            "IVA": 0
        },
        {
            "codigo": "SMezudZUW4",
            "total": 17,
            "valor_unitario": 816463,
            "descuento": 0.19,
            "IVA": 5
        },
        {
            "codigo": "HiZ261TnK9",
            "total": 7,
            "valor_unitario": 636998,
            "descuento": 0.31,
            "IVA": 19
        }
    ]
}