{
    "empresa_nit": "456789123",
    "empresa_ciudad": "BOGOTA",
    "empresa_sede": "aeropuerto",
    "empresa_nombre": "Despensa Natura",
    "fecha_hora": "2023-11-24 11:07:36",
    "factura_num": "01079",
    "ciente_numero": 714154865,
    "pago_tipo": "TRANFERENCIA",
    "productos": [
        {
            "codigo": "shLpnJG6n8",
            "total": 6,
            "valor_unitario": 179918,
            "descuento": 0.14,
            "IVA": 0
        },
        {
            "codigo": "CmLR3L54hs",
            "total": 10,
            "valor_unitario": 159575,
            "descuento": 0.17,
            "IVA": 5
        },
        {
            "codigo": "ZDk0424rdT",
            "total": 10,
            "valor_unitario": 485577,
            "descuento": 0.26,
            "IVA": 19
        },
        {
            "codigo": "lNEa4beQsE",
            "total": 6,
            "valor_unitario": 707461,
            "descuento": 0.12,
            "IVA": 19
        },
        {
            "codigo": "z3FXATxTX2",
            "total": 6,
            "valor_unitario": 767251,
            "descuento": 0.17,
            "IVA": 19
        },
        {
            "codigo": "iRv7WhPx70",
            "total": 3,
            "valor_unitario": 93347,
            "descuento": 0.37,
            "IVA": 19
        },
        {
            "codigo": "5uGbjmMJTQ",
            "total": 6,
            "valor_unitario": 417550,
            "descuento": 0.39,
            "IVA": 19
        },
        {
            "codigo": "EGSQz1EJnr",
            "total": 15,
            "valor_unitario": 351032,
            "descuento": 0.29,
            "IVA": 19
        },
        {
            "codigo": "48xNgxv1yi",
            "total": 13,
            "valor_unitario": 710984,
            "descuento": 0.17,
            "IVA": 0
        }
    ]
}