{
    "empresa_nit": "456789123",
    "empresa_ciudad": "MEDELLIN",
    "empresa_sede": "plaza",
    "empresa_nombre": "Despensa Natura",
    "fecha_hora": "2024-05-19 11:47:56",
    "factura_num": "00032",
    "ciente_numero": 650840388,
    "pago_tipo": "TRANFERENCIA",
    "productos": [
        {
            "codigo": "GLz3FV3cgN",
            "total": 7,
            "valor_unitario": 235081,
            "descuento": 0.37,
            "IVA": 19
        },
        {
            "codigo": "dHXcLgwjQl",
            "total": 20,
            "valor_unitario": 803676,
            "descuento": 0.04,
            "IVA": 5
        },
        {
            "codigo": "XuFsqWSV2a",
            "total": 10,
            "valor_unitario": 451318,
            "descuento": 0.12,
            "IVA": 19
        },
        {
            "codigo": "6VMQSBiKDq",
            "total": 14,
            "valor_unitario": 644670,
            "descuento": 0.5,
            "IVA": 19
        },
        {
            "codigo": "tpFDwjPSSQ",
            "total": 19,
            "valor_unitario": 130576,
            "descuento": 0.23,
            "IVA": 19
        },
        {
            "codigo": "K8ZsOatH9w",
            "total": 17,
            "valor_unitario": 337165,
            "descuento": 0.44,
            "IVA": 19
        },
        {
            "codigo": "R9gY1lCxiH",
            "total": 9,
            "valor_unitario": 186875,
            "descuento": 0.1,
            "IVA": 19
        },
        {
            "codigo": "JWZ6A5rMJX",
            "total": 2,
            "valor_unitario": 480582,
            "descuento": 0.16,
            "IVA": 5
        },
        {
            "codigo": "evtYXMF1WB",
            "total": 15,
            "valor_unitario": 800751,
            "descuento": 0.02,
            "IVA": 5
        },
        {
            "codigo": "2H80qBTyAa",
            "total": 6,
            "valor_unitario": 82423,
            "descuento": 0.4,
            "IVA": 19
        },
        {
            "codigo": "2lEBJYNRiZ",
            "total": 5,
            "valor_unitario": 854167,
            "descuento": 0.15,
            "IVA": 19
        },
        {
            "codigo": "kecDuddnRV",
            "total": 2,
            "valor_unitario": 610884,
            "descuento": 0.46,
            "IVA": 0
        },
        {
            "codigo": "OJpkpUUtIy",
            "total": 20,
            "valor_unitario": 748444,
            "descuento": 0.38,
            "IVA": 0
        },
        {
            "codigo": "NezsQsZhbX",
            "total": 16,
            "valor_unitario": 147513,
            "descuento": 0.48,
            "IVA": 5
        },
        {
            "codigo": "1Dk35rwQZh",
            "total": 1,
            "valor_unitario": 769835,
            "descuento": 0.37,
            "IVA": 5
        }
    ]
}