{
    "empresa_nit": "456789123",
    "empresa_ciudad": "TUNJA",
    "empresa_sede": "autopista",
    "empresa_nombre": "Despensa Natura",
    "fecha_hora": "2021-01-29 09:42:35",
    "factura_num": "00127",
    "ciente_numero": 778085262,
    "pago_tipo": "TAR.DEBITO",
    "productos": [
        {
            "codigo": "omU43Hv2ER",
            "total": 8,
            "valor_unitario": 367659,
            "descuento": 0.38,
            "IVA": 19
        },
        {
            "codigo": "TMGjEzd3BG",
            "total": 12,
            "valor_unitario": 209590,
            "descuento": 0.26,
            "IVA": 5
        },
        {
            "codigo": "OlkzItpWex",
            "total": 7,
            "valor_unitario": 450842,
            "descuento": 0.45,
            "IVA": 5
        },
        {
            "codigo": "JkAMrf1S5D",
            "total": 13,
            "valor_unitario": 779600,
            "descuento": 0.16,
            "IVA": 0
        },
        {
            "codigo": "dkL9Y17hnt",
            "total": 20,
            "valor_unitario": 372592,
            "descuento": 0.32,
            "IVA": 19
        },
        {
            "codigo": "jOUgunmlFJ",
            "total": 4,
            "valor_unitario": 205948,
            "descuento": 0.41,
            "IVA": 19
        },
        {
            "codigo": "CLnjkQuc03",
            "total": 11,
            "valor_unitario": 892570,
            "descuento": 0.05,
            "IVA": 19
        },
        {
            "codigo": "10jmzVJMnw",
            "total": 20,
            "valor_unitario": 228279,
            "descuento": 0.18,
            "IVA": 0
        }
    ]
}