{
    "empresa_nit": "456789123",
    "empresa_ciudad": "MEDELLIN",
    "empresa_sede": "terminal",
    "empresa_nombre": "Despensa Natura",
    "fecha_hora": "2022-01-21 20:23:43",
    "factura_num": "00122",
    "ciente_numero": 785948945,
    "pago_tipo": "TRANFERENCIA",
    "productos": [
        {
            "codigo": "oWxfGJcNbr",
            "total": 4,
            "valor_unitario": 193316,
            "descuento": 0.05,
            "IVA": 19
        },
        {
            "codigo": "LJkTG5vhJx",
            "total": 16,
            "valor_unitario": 311745,
            "descuento": 0.07,
            "IVA": 5
        },
        {
            "codigo": "5kzj9yx8Dr",
            "total": 3,
            "valor_unitario": 461803,
            "descuento": 0.34,
            "IVA": 19
        },
        {
            "codigo": "BIecHMH3UN",
            "total": 15,
            "valor_unitario": 304113,
            "descuento": 0.15,
            "IVA": 19
        },
        {
            "codigo": "8FnxXL20X4",
            "total": 11,
            "valor_unitario": 183017,
            "descuento": 0.41,
            "IVA": 0
        },
        {
            "codigo": "fXi7xaJdli",
            "total": 6,
            "valor_unitario": 119737,
            "descuento": 0.32,
            "IVA": 5
        },
        {
            "codigo": "HGk8OaAGFb",
            "total": 14,
            "valor_unitario": 630287,
            "descuento": 0.41,
            "IVA": 5
        }
    ]
}