{
    "empresa_nit": "456789123",
    "empresa_ciudad": "CALI",
    "empresa_sede": "alcaldia",
    "empresa_nombre": "Despensa Natura",
    "fecha_hora": "2024-09-15 14:55:21",
    "factura_num": "01129",
    "ciente_numero": 388585337,
    "pago_tipo": "TAR.DEBITO",
    "productos": [
        {
            "codigo": "e0yOYHX5c8",
            "total": 16,
            "valor_unitario": 40540,
            "descuento": 0.2,
            "IVA": 0
        },
        {
            "codigo": "aCz4pa66bt",
            "total": 9,
            "valor_unitario": 761557,
            "descuento": 0.15,
            "IVA": 0
        },
        {
            "codigo": "B4KG5gUpns",
            "total": 3,
            "valor_unitario": 497848,
            "descuento": 0.3,
            "IVA": 19
        },
        {
            "codigo": "SsL7b1Nole",
            "total": 13,
            "valor_unitario": 740639,
            "descuento": 0.38,
            "IVA": 5
        },
        {
            "codigo": "7m4OCXWLJ5",
            "total": 10,
            "valor_unitario": 75596,
            "descuento": 0.23,
            "IVA": 5
        },
        {
            "codigo": "4dKPSXdSWd",
            "total": 4,
            "valor_unitario": 203564,
            "descuento": 0.35,
            "IVA": 5
        },
        {
            "codigo": "UtJffWf4pa",
            "total": 18,
            "valor_unitario": 909826,
            "descuento": 0.01,
            "IVA": 19
        },
        {
            "codigo": "eHd2ibc33Y",
            "total": 6,
            "valor_unitario": 774820,
            "descuento": 0.38,
            "IVA": 0
        },
        {
            "codigo": "rLQcOiYBDE",
            "total": 19,
            "valor_unitario": 472837,
            "descuento": 0.4,
            "IVA": 5
        },
        {
            "codigo": "dF8NMlCmyA",
            "total": 14,
            "valor_unitario": 260051,
            "descuento": 0.37,
            "IVA": 19
        },
        {
            "codigo": "znnaNl3GA5",
            "total": 14,
            "valor_unitario": 854637,
            "descuento": 0.15,
            "IVA": 0
        },
        {
            "codigo": "GmmGqpanPB",
            "total": 9,
            "valor_unitario": 31462,
            "descuento": 0.07,
            "IVA": 0
        },
        {
            "codigo": "WT6RjgFbRf",
            "total": 10,
            "valor_unitario": 431012,
            "descuento": 0.07,
            "IVA": 19
        },
        {
            "codigo": "Tx4J7YLZwY",
            "total": 18,
            "valor_unitario": 766190,
            "descuento": 0.33,
            "IVA": 0
        },
        {
            "codigo": "6pa4t9z0ER",
            "total": 12,
            "valor_unitario": 720271,
            "descuento": 0.44,
            "IVA": 19
        },
        {
            "codigo": "aNDKm2hwsN",
            "total": 9,
            "valor_unitario": 565367,
            "descuento": 0.1,
            "IVA": 5
        },
        {
            "codigo": "OeXqef3JNK",
            "total": 16,
            "valor_unitario": 461584,
            "descuento": 0.42,
            "IVA": 0
        },
        {
            "codigo": "YEDjJ2CuUM",
            "total": 17,
            "valor_unitario": 593752,
            "descuento": 0.39,
            "IVA": 5
        },
        {
            "codigo": "TNCa3SfA8Y",
            "total": 13,
            "valor_unitario": 176328,
            "descuento": 0.14,
            "IVA": 0
        }
    ]
}