{
    "empresa_nit": "456789123",
    "empresa_ciudad": "TUNJA",
    "empresa_sede": "aeropuerto",
    "empresa_nombre": "Despensa Natura",
    "fecha_hora": "2021-10-04 01:30:03",
    "factura_num": "00123",
    "ciente_numero": 287943469,
    "pago_tipo": "TAR.CREDITO",
    "productos": [
        {
            "codigo": "mO7ulvhKGn",
            "total": 18,
            "valor_unitario": 836548,
            "descuento": 0.44,
            "IVA": 19
        },
        {
            "codigo": "AqQXBnURrP",
            "total": 15,
            "valor_unitario": 651551,
            "descuento": 0.27,
            "IVA": 19
        },
        {
            "codigo": "4uqPUbktm8",
            "total": 2,
            "valor_unitario": 835392,
            "descuento": 0.28,
            "IVA": 0
        },
        {
            "codigo": "xh7C5I1tFX",
            "total": 18,
            "valor_unitario": 349610,
            "descuento": 0.07,
            "IVA": 19
        },
        {
            "codigo": "CLJ11pegbC",
            "total": 7,
            "valor_unitario": 90938,
            "descuento": 0.22,
            "IVA": 0
        },
        {
            "codigo": "58b4GUpEys",
            "total": 5,
            "valor_unitario": 828292,
            "descuento": 0.39,
            "IVA": 19
        },
        {
            "codigo": "Be5LgfXLah",
            "total": 20,
            "valor_unitario": 906381,
            "descuento": 0.47,
            "IVA": 0
        },
        {
            "codigo": "qOArJU2yqS",
            "total": 6,
            "valor_unitario": 550543,
            "descuento": 0.12,
            "IVA": 5
        },
        {
            "codigo": "QZdKK78gFL",
            "total": 14,
            "valor_unitario": 164654,
            "descuento": 0.05,
            "IVA": 0
        },
        {
            "codigo": "LLb4lZgciQ",
            "total": 11,
            "valor_unitario": 222304,
            "descuento": 0.37,
            "IVA": 0
        },
        {
            "codigo": "cJWhCfpcxq",
            "total": 9,
            "valor_unitario": 86844,
            "descuento": 0.25,
            "IVA": 19
        },
        {
            "codigo": "zaUBWZgVxX",
            "total": 16,
            "valor_unitario": 248275,
            "descuento": 0.11,
            "IVA": 19
        },
        {
            "codigo": "HBmrv5d5vD",
            "total": 3,
            "valor_unitario": 264849,
            "descuento": 0.21,
            "IVA": 5
        },
        {
            "codigo": "caEcONulT8",
            "total": 5,
            "valor_unitario": 314216,
            "descuento": 0.19,
            "IVA": 19
        },
        {
            "codigo": "qffX4v6Eix",
            "total": 12,
            "valor_unitario": 628611,
            "descuento": 0.32,
            "IVA": 0
        },
        {
            "codigo": "V9ohpYNcZX",
            "total": 5,
            "valor_unitario": 251806,
            "descuento": 0.08,
            "IVA": 5
        },
        {
            "codigo": "4NzPKof3eG",
            "total": 4,
            "valor_unitario": 978616,
            "descuento": 0.0,
            "IVA": 5
        },
        {
            "codigo": "bKFRMcs4ZF",
            "total": 2,
            "valor_unitario": 676564,
            "descuento": 0.44,
            "IVA": 0
        },
        {
            "codigo": "eYDbyWhtm6",
            "total": 14,
            "valor_unitario": 996285,
            "descuento": 0.32,
            "IVA": 0
        }
    ]
}