{
    "empresa_nit": "456789123",
    "empresa_ciudad": "BOGOTA",
    "empresa_sede": "terminal",
    "empresa_nombre": "Despensa Natura",
    "fecha_hora": "2024-06-16 01:00:49",
    "factura_num": "00156",
    "ciente_numero": 553266663,
    "pago_tipo": "TAR.DEBITO",
    "productos": [
        {
            "codigo": "OH06n3YFMo",
            "total": 17,
            "valor_unitario": 141360,
            "descuento": 0.01,
            "IVA": 0
        },
        {
            "codigo": "Kn14duYxlz",
            "total": 5,
            "valor_unitario": 696473,
            "descuento": 0.28,
            "IVA": 19
        },
        {
            "codigo": "SiZZFJgqgj",
            "total": 18,
            "valor_unitario": 21475,
            "descuento": 0.17,
            "IVA": 19
        }
    ]
}