{
    "empresa_nit": "456789123",
    "empresa_ciudad": "BARRANQUILLA",
    "empresa_sede": "alcaldia",
    "empresa_nombre": "Despensa Natura",
    "fecha_hora": "2021-12-14 00:13:59",
    "factura_num": "00394",
    "ciente_numero": 765282226,
    "pago_tipo": "EFECTIVO",
    "productos": [
        {
            "codigo": "Z3f0O2aIwl",
            "total": 11,
            "valor_unitario": 677772,
            "descuento": 0.35,
            "IVA": 0
        },
        {
            "codigo": "bEPwtntR2M",
            "total": 14,
            "valor_unitario": 657705,
            "descuento": 0.36,
            "IVA": 19
        },
        {
            "codigo": "Cuh3e7uYQN",
            "total": 19,
            "valor_unitario": 472597,
            "descuento": 0.05,
            "IVA": 19
        },
        {
            "codigo": "WJhWEw8WHh",
            "total": 8,
            "valor_unitario": 493569,
            "descuento": 0.35,
            "IVA": 5
        },
        {
            "codigo": "Sq7efVmBpL",
            "total": 18,
            "valor_unitario": 59536,
            "descuento": 0.07,
            "IVA": 19
        }
    ]
}