{
    "empresa_nit": "456789123",
    "empresa_ciudad": "MEDELLIN",
    "empresa_sede": "terminal",
    "empresa_nombre": "Despensa Natura",
    "fecha_hora": "2023-04-12 06:48:50",
    "factura_num": "01029",
    "ciente_numero": 683313480,
    "pago_tipo": "TRANFERENCIA",
    "productos": [
        {
            "codigo": "3KSXgl5jTU",
            "total": 20,
            "valor_unitario": 873000,
            "descuento": 0.4,
            "IVA": 19
        },
        {
            "codigo": "Z5MIW6CIgd",
            "total": 4,
            "valor_unitario": 387373,
            "descuento": 0.28,
            "IVA": 5
        },
        {
            "codigo": "U7U979MkIn",
            "total": 13,
            "valor_unitario": 166758,
            "descuento": 0.36,
            "IVA": 5
        },
        {
            "codigo": "8ZuY8RZrET",
            "total": 19,
            "valor_unitario": 339987,
            "descuento": 0.15,
            "IVA": 5
        },
        {
            "codigo": "zww0sFvbTC",
            "total": 11,
            "valor_unitario": 305521,
            "descuento": 0.34,
            "IVA": 5
        },
        {
            "codigo": "CkjHToah2B",
            "total": 11,
            "valor_unitario": 125738,
            "descuento": 0.29,
            "IVA": 0
        },
        {
            "codigo": "hyN3vfom9J",
            "total": 17,
            "valor_unitario": 567772,
            "descuento": 0.27,
            "IVA": 0
        },
        {
            "codigo": "WRJBB5ZSAe",
            "total": 19,
            "valor_unitario": 831440,
            "descuento": 0.5,
            "IVA": 19
        }
    ]
}