{
    "empresa_nit": "456789123",
    "empresa_ciudad": "BARRANQUILLA",
    "empresa_sede": "alcaldia",
    "empresa_nombre": "Despensa Natura",
    "fecha_hora": "2024-05-30 09:27:51",
    "factura_num": "01135",
    "ciente_numero": 942192141,
    "pago_tipo": "EFECTIVO",
    "productos": [
        {
            "codigo": "OlnDp6reaD",
            "total": 14,
            "valor_unitario": 146673,
            "descuento": 0.44,
            "IVA": 5
        },
        {
            "codigo": "MeAGk6z33o",
            "total": 5,
            "valor_unitario": 258895,
            "descuento": 0.42,
            "IVA": 5
        },
        {
            "codigo": "f2lipTHRrl",
            "total": 15,
            "valor_unitario": 546531,
            "descuento": 0.35,
            "IVA": 19
        },
        {
            "codigo": "WI3C7tVhX3",
            "total": 18,
            "valor_unitario": 437845,
            "descuento": 0.43,
            "IVA": 0
        },
        {
            "codigo": "Jmf4MXw6Uy",
            "total": 18,
            "valor_unitario": 144123,
            "descuento": 0.15,
            "IVA": 0
        },
        {
            "codigo": "FyMdspJb4T",
            "total": 2,
            "valor_unitario": 664133,
            "descuento": 0.22,
            "IVA": 19
        },
        {
            "codigo": "6XD5HVvrAx",
            "total": 3,
            "valor_unitario": 209378,
            "descuento": 0.05,
            "IVA": 19
        },
        {
            "codigo": "MBTGxFNUvD",
            "total": 1,
            "valor_unitario": 503427,
            "descuento": 0.3,
            "IVA": 5
        },
        {
            "codigo": "J5rHF2GWUa",
            "total": 11,
            "valor_unitario": 768128,
            "descuento": 0.08,
            "IVA": 0
        },
        {
            "codigo": "N0iMesjkqZ",
            "total": 20,
            "valor_unitario": 547324,
            "descuento": 0.08,
            "IVA": 5
        },
        {
            "codigo": "ggJxb7C2An",
            "total": 17,
            "valor_unitario": 308303,
            "descuento": 0.2,
            "IVA": 5
        }
    ]
}