{
    "empresa_nit": "456789123",
    "empresa_ciudad": "BARRANQUILLA",
    "empresa_sede": "alcaldia",
    "empresa_nombre": "Despensa Natura",
    "fecha_hora": "2020-03-09 11:39:42",
    "factura_num": "00276",
    "ciente_numero": 529268635,
    "pago_tipo": "EFECTIVO",
    "productos": [
        {
            "codigo": "GXUyg6kEvQ",
            "total": 8,
            "valor_unitario": 665280,
            "descuento": 0.06,
            "IVA": 19
        },
        {
            "codigo": "FNplUxm1qn",
            "total": 12,
            "valor_unitario": 206882,
            "descuento": 0.22,
            "IVA": 0
        },
        {
            "codigo": "DdZOxuUdKx",
            "total": 11,
            "valor_unitario": 400935,
            "descuento": 0.21,
            "IVA": 19
        },
        {
            "codigo": "0xqX5i6oOG",
            "total": 19,
            "valor_unitario": 222531,
            "descuento": 0.48,
            "IVA": 0
        },
        {
            "codigo": "HaXfCr0JNF",
            "total": 15,
            "valor_unitario": 661996,
            "descuento": 0.28,
            "IVA": 5
        },
        {
            "codigo": "zCawRowNdu",
            "total": 4,
            "valor_unitario": 91180,
            "descuento": 0.17,
            "IVA": 5
        },
        {
            "codigo": "vP8kcbzzPe",
            "total": 4,
            "valor_unitario": 603679,
            "descuento": 0.34,
            "IVA": 19
        },
        {
            "codigo": "P4hID2yflS",
            "total": 19,
            "valor_unitario": 757484,
            "descuento": 0.11,
            "IVA": 0
        },
        {
            "codigo": "C6M2Rkx4TU",
            "total": 1,
            "valor_unitario": 140929,
            "descuento": 0.22,
            "IVA": 0
        },
        {
            "codigo": "N1anfkWGyu",
            "total": 16,
            "valor_unitario": 771507,
            "descuento": 0.09,
            "IVA": 0
        },
        {
            "codigo": "FuhB76bF3T",
            "total": 15,
            "valor_unitario": 726797,
            "descuento": 0.21,
            "IVA": 0
        },
        {
            "codigo": "xikaEBLxBw",
            "total": 3,
            "valor_unitario": 115775,
            "descuento": 0.44,
            "IVA": 0
        },
        {
            "codigo": "SffYGEWZsL",
            "total": 20,
            "valor_unitario": 639655,
            "descuento": 0.44,
            "IVA": 19
        },
        {
            "codigo": "tO1GJyvhmG",
            "total": 5,
            "valor_unitario": 907419,
            "descuento": 0.22,
            "IVA": 5
        }
    ]
}