{
    "empresa_nit": "456789123",
    "empresa_ciudad": "MEDELLIN",
    "empresa_sede": "alcaldia",
    "empresa_nombre": "Despensa Natura",
    "fecha_hora": "2023-09-21 15:04:42",
    "factura_num": "01126",
    "ciente_numero": 453882441,
    "pago_tipo": "TRANFERENCIA",
    "productos": [
        {
            "codigo": "uSmG7DTTvh",
            "total": 13,
            "valor_unitario": 787696,
            "descuento": 0.27,
            "IVA": 5
        },
        {
            "codigo": "8Hoqn3f9NP",
            "total": 5,
            "valor_unitario": 841563,
            "descuento": 0.0,
            "IVA": 5
        }
    ]
}