{
    "empresa_nit": "456789123",
    "empresa_ciudad": "MEDELLIN",
    "empresa_sede": "plaza",
    "empresa_nombre": "Despensa Natura",
    "fecha_hora": "2020-06-16 00:05:02",
    "factura_num": "00187",
    "ciente_numero": 581696573,
    "pago_tipo": "TAR.CREDITO",
    "productos": [
        {
            "codigo": "L1323RjBWE",
            "total": 12,
            "valor_unitario": 464041,
            "descuento": 0.09,
            "IVA": 0
        },
        {
            "codigo": "VhCJVOE9p5",
            "total": 16,
            "valor_unitario": 967426,
            "descuento": 0.36,
            "IVA": 0
        },
        {
            "codigo": "V62UVJuKnC",
            "total": 16,
            "valor_unitario": 536121,
            "descuento": 0.08,
            "IVA": 19
        },
        {
            "codigo": "qd68733Fkr",
            "total": 8,
            "valor_unitario": 270053,
            "descuento": 0.37,
            "IVA": 0
        },
        {
            "codigo": "oRLKF7rzaF",
            "total": 12,
            "valor_unitario": 603686,
            "descuento": 0.43,
            "IVA": 5
        },
        {
            "codigo": "CsKouVaFi1",
            "total": 17,
            "valor_unitario": 212088,
            "descuento": 0.23,
            "IVA": 19
        },
        {
            "codigo": "TChqbjE5ir",
            "total": 16,
            "valor_unitario": 264507,
            "descuento": 0.32,
            "IVA": 0
        }
    ]
}