{
    "empresa_nit": "456789123",
    "empresa_ciudad": "TUNJA",
    "empresa_sede": "autopista",
    "empresa_nombre": "Despensa Natura",
    "fecha_hora": "2022-08-11 05:57:40",
    "factura_num": "00220",
    "ciente_numero": 814863013,
    "pago_tipo": "TAR.DEBITO",
    "productos": [
        {
            "codigo": "9PUAGUj2QZ",
            "total": 16,
            "valor_unitario": 853793,
            "descuento": 0.16,
            "IVA": 19
        },
        {
            "codigo": "lI2DmXuEwe",
            "total": 15,
            "valor_unitario": 752874,
            "descuento": 0.23,
            "IVA": 5
        },
        {
            "codigo": "kcMtzTdeCt",
            "total": 12,
            "valor_unitario": 569814,
            "descuento": 0.44,
            "IVA": 19
        },
        {
            "codigo": "gVNxsglkse",
            "total": 5,
            "valor_unitario": 454045,
            "descuento": 0.06,
            "IVA": 5
        },
        {
            "codigo": "seqgSUeFaD",
            "total": 12,
            "valor_unitario": 422559,
            "descuento": 0.14,
            "IVA": 5
        },
        {
            "codigo": "czMyf7Fx10",
            "total": 20,
            "valor_unitario": 219327,
            "descuento": 0.33,
            "IVA": 19
        }
    ]
}