{
    "empresa_nit": "456789123",
    "empresa_ciudad": "MEDELLIN",
    "empresa_sede": "terminal",
    "empresa_nombre": "Despensa Natura",
    "fecha_hora": "2023-06-15 15:23:38",
    "factura_num": "00368",
    "ciente_numero": 501816776,
    "pago_tipo": "TRANFERENCIA",
    "productos": [
        {
            "codigo": "wJABbjW2VD",
            "total": 4,
            "valor_unitario": 602025,
            "descuento": 0.43,
            "IVA": 0
        },
        {
            "codigo": "zdykGE2yyU",
            "total": 16,
            "valor_unitario": 689991,
            "descuento": 0.37,
            "IVA": 19
        },
        {
            "codigo": "FhtukLxxYr",
            "total": 18,
            "valor_unitario": 775651,
            "descuento": 0.28,
            "IVA": 19
        },
        {
            "codigo": "ETZRhs19yf",
            "total": 11,
            "valor_unitario": 47778,
            "descuento": 0.45,
            "IVA": 0
        },
        {
            "codigo": "ZIK73Afs4Q",
            "total": 8,
            "valor_unitario": 819476,
            "descuento": 0.42,
            "IVA": 19
        },
        {
            "codigo": "Lc9fuyPGBN",
            "total": 15,
            "valor_unitario": 684969,
            "descuento": 0.4,
            "IVA": 19
        },
        {
            "codigo": "1fLFVtUl7X",
            "total": 10,
            "valor_unitario": 605430,
            "descuento": 0.13,
            "IVA": 5
        },
        {
            "codigo": "64yLfYNAHU",
            "total": 16,
            "valor_unitario": 928864,
            "descuento": 0.02,
            "IVA": 5
        }
    ]
}