{
    "empresa_nit": "456789123",
    "empresa_ciudad": "BOGOTA",
    "empresa_sede": "aeropuerto",
    "empresa_nombre": "Despensa Natura",
    "fecha_hora": "2025-01-17 05:45:37",
    "factura_num": "00026",
    "ciente_numero": 55291856,
    "pago_tipo": "TAR.CREDITO",
    "productos": [
        {
            "codigo": "gl6A2ll4CO",
            "total": 17,
            "valor_unitario": 148259,
            "descuento": 0.16,
            "IVA": 0
        },
        {
            "codigo": "2wogsxBWjx",
            "total": 8,
            "valor_unitario": 819004,
            "descuento": 0.0,
            "IVA": 19
        },
        {
            "codigo": "74Wr8DQWM6",
            "total": 14,
            "valor_unitario": 952430,
            "descuento": 0.01,
            "IVA": 19
        },
        {
            "codigo": "4kSQyqtqKf",
            "total": 20,
            "valor_unitario": 475748,
            "descuento": 0.04,
            "IVA": 0
        },
        {
            "codigo": "aFYjppdd2k",
            "total": 20,
            "valor_unitario": 480754,
            "descuento": 0.16,
            "IVA": 5
        },
        {
            "codigo": "iQEElCMEEi",
            "total": 14,
            "valor_unitario": 958317,
            "descuento": 0.02,
            "IVA": 5
        },
        {
            "codigo": "a0GlIE05rS",
            "total": 7,
            "valor_unitario": 760462,
            "descuento": 0.06,
            "IVA": 0
        }
    ]
}