{
    "empresa_nit": "456789123",
    "empresa_ciudad": "MEDELLIN",
    "empresa_sede": "aeropuerto",
    "empresa_nombre": "Despensa Natura",
    "fecha_hora": "2020-03-09 01:46:46",
    "factura_num": "00162",
    "ciente_numero": 380378294,
    "pago_tipo": "EFECTIVO",
    "productos": [
        {
            "codigo": "tKqmYpbmyl",
            "total": 6,
            "valor_unitario": 577502,
            "descuento": 0.11,
            "IVA": 0
        },
        {
            "codigo": "7t5XdVPkna",
            "total": 19,
            "valor_unitario": 601480,
            "descuento": 0.31,
            "IVA": 5
        },
        {
            "codigo": "o3RyeMS6IR",
            "total": 19,
            "valor_unitario": 644952,
            "descuento": 0.02,
            "IVA": 19
        },
        {
            "codigo": "6FWcdhXWNx",
            "total": 1,
            "valor_unitario": 607248,
            "descuento": 0.35,
            "IVA": 5
        },
        {
            "codigo": "q0KaN8yihO",
            "total": 5,
            "valor_unitario": 956475,
            "descuento": 0.03,
            "IVA": 19
        },
        {
            "codigo": "H8hjHwj9B8",
            "total": 10,
            "valor_unitario": 697844,
            "descuento": 0.23,
            "IVA": 5
        },
        {
            "codigo": "rcNBRZLlcp",
            "total": 17,
            "valor_unitario": 730329,
            "descuento": 0.01,
            "IVA": 0
        },
        {
            "codigo": "JucJNFZ99g",
            "total": 13,
            "valor_unitario": 472179,
            "descuento": 0.13,
            "IVA": 19
        },
        {
            "codigo": "LxoPDe9Vi5",
            "total": 1,
            "valor_unitario": 950768,
            "descuento": 0.21,
            "IVA": 0
        },
        {
            "codigo": "zs3fYzvwiL",
            "total": 13,
            "valor_unitario": 472020,
            "descuento": 0.1,
            "IVA": 19
        },
        {
            "codigo": "XRpAgiauBx",
            "total": 1,
            "valor_unitario": 250738,
            "descuento": 0.45,
            "IVA": 0
        },
        {
            "codigo": "U8PlAcgUX5",
            "total": 9,
            "valor_unitario": 714899,
            "descuento": 0.03,
            "IVA": 0
        },
        {
            "codigo": "UCtA1UIA8B",
            "total": 18,
            "valor_unitario": 894049,
            "descuento": 0.22,
            "IVA": 0
        },
        {
            "codigo": "X0xrFBMZ13",
            "total": 9,
            "valor_unitario": 977567,
            "descuento": 0.03,
            "IVA": 0
        },
        {
            "codigo": "aJ8fE9jyPh",
            "total": 18,
            "valor_unitario": 621155,
            "descuento": 0.27,
            "IVA": 5
        },
        {
            "codigo": "lFIFDrqiMN",
            "total": 9,
            "valor_unitario": 197427,
            "descuento": 0.08,
            "IVA": 5
        }
    ]
}