{
    "empresa_nit": "456789123",
    "empresa_ciudad": "BARRANQUILLA",
    "empresa_sede": "terminal",
    "empresa_nombre": "Despensa Natura",
    "fecha_hora": "2023-10-19 00:02:47",
    "factura_num": "00328",
    "ciente_numero": 124661522,
    "pago_tipo": "TAR.DEBITO",
    "productos": [
        {
            "codigo": "62QCyVD5Hg",
            "total": 17,
            "valor_unitario": 469793,
            "descuento": 0.07,
            "IVA": 19
        },
        {
            "codigo": "Mh09szzrmE",
            "total": 19,
            "valor_unitario": 228910,
            "descuento": 0.03,
            "IVA": 5
        },
        {
            "codigo": "3Fku4h2rLr",
            "total": 1,
            "valor_unitario": 428013,
            "descuento": 0.27,
            "IVA": 0
        },
        {
            "codigo": "CnpLpSYvGz",
            "total": 19,
            "valor_unitario": 690715,
            "descuento": 0.37,
            "IVA": 5
        },
        {
            "codigo": "RGJVpeLJkA",
            "total": 4,
            "valor_unitario": 703727,
            "descuento": 0.47,
            "IVA": 19
        },
        {
            "codigo": "atzlssogr9",
            "total": 17,
            "valor_unitario": 649627,
            "descuento": 0.42,
            "IVA": 5
        },
        {
            "codigo": "gsHbDZC96V",
            "total": 19,
            "valor_unitario": 746360,
            "descuento": 0.41,
            "IVA": 0
        },
        {
            "codigo": "Cxn5TeXFeV",
            "total": 3,
            "valor_unitario": 227460,
            "descuento": 0.03,
            "IVA": 5
        }
    ]
}