{
    "empresa_nit": "456789123",
    "empresa_ciudad": "MEDELLIN",
    "empresa_sede": "centro",
    "empresa_nombre": "Despensa Natura",
    "fecha_hora": "2021-08-22 05:41:09",
    "factura_num": "01136",
    "ciente_numero": 713809889,
    "pago_tipo": "TAR.DEBITO",
    "productos": [
        {
            "codigo": "Pp4RtQk9Xq",
            "total": 6,
            "valor_unitario": 431110,
            "descuento": 0.45,
            "IVA": 0
        },
        {
            "codigo": "XcALdoZW56",
            "total": 9,
            "valor_unitario": 997851,
            "descuento": 0.03,
            "IVA": 0
        },
        {
            "codigo": "0iv2jZLUml",
            "total": 6,
            "valor_unitario": 894800,
            "descuento": 0.04,
            "IVA": 19
        },
        {
            "codigo": "H0sCHEGSOO",
            "total": 17,
            "valor_unitario": 444389,
            "descuento": 0.01,
            "IVA": 5
        },
        {
            "codigo": "gD4NUgkceZ",
            "total": 18,
            "valor_unitario": 751390,
            "descuento": 0.31,
            "IVA": 5
        },
        {
            "codigo": "URuTmhlVrJ",
            "total": 1,
            "valor_unitario": 763603,
            "descuento": 0.42,
            "IVA": 19
        },
        {
            "codigo": "TD5TwME0ei",
            "total": 6,
            "valor_unitario": 215914,
            "descuento": 0.39,
            "IVA": 5
        },
        {
            "codigo": "NGKXrqE7by",
            "total": 4,
            "valor_unitario": 286043,
            "descuento": 0.15,
            "IVA": 5
        },
        {
            "codigo": "eg8we8Ocm9",
            "total": 5,
            "valor_unitario": 683407,
            "descuento": 0.31,
            "IVA": 19
        },
        {
            "codigo": "tguOzz6zPb",
            "total": 20,
            "valor_unitario": 765459,
            "descuento": 0.13,
            "IVA": 0
        },
        {
            "codigo": "wmhEUj2dbt",
            "total": 12,
            "valor_unitario": 554668,
            "descuento": 0.48,
            "IVA": 0
        },
        {
            "codigo": "QOSjIgCUjo",
            "total": 15,
            "valor_unitario": 798888,
            "descuento": 0.06,
            "IVA": 19
        },
        {
            "codigo": "7ctIq4A8If",
            "total": 2,
            "valor_unitario": 586474,
            "descuento": 0.15,
            "IVA": 19
        },
        {
            "codigo": "cYrzx6fdyP",
            "total": 5,
            "valor_unitario": 851670,
            "descuento": 0.23,
            "IVA": 0
        },
        {
            "codigo": "CRePDXEbMx",
            "total": 8,
            "valor_unitario": 787551,
            "descuento": 0.33,
            "IVA": 5
        }
    ]
}