{
    "empresa_nit": "456789123",
    "empresa_ciudad": "MEDELLIN",
    "empresa_sede": "autopista",
    "empresa_nombre": "Despensa Natura",
    "fecha_hora": "2022-06-29 21:18:27",
    "factura_num": "01133",
    "ciente_numero": 671204482,
    "pago_tipo": "TAR.CREDITO",
    "productos": [
        {
            "codigo": "n0kGAQtYD9",
            "total": 15,
            "valor_unitario": 611526,
            "descuento": 0.35,
            "IVA": 19
        },
        {
            "codigo": "FrISomXCqs",
            "total": 8,
            "valor_unitario": 766646,
            "descuento": 0.4,
            "IVA": 19
        },
        {
            "codigo": "had81nN0oo",
            "total": 7,
            "valor_unitario": 59604,
            "descuento": 0.05,
            "IVA": 19
        },
        {
            "codigo": "vEvHS0PrEt",
            "total": 12,
            "valor_unitario": 875093,
            "descuento": 0.18,
            "IVA": 0
        },
        {
            "codigo": "umXtcCE9t9",
            "total": 2,
            "valor_unitario": 619520,
            "descuento": 0.29,
            "IVA": 5
        },
        {
            "codigo": "P5H5WNwcTY",
            "total": 9,
            "valor_unitario": 415633,
            "descuento": 0.03,
            "IVA": 19
        },
        {
            "codigo": "F7hdCui6R0",
            "total": 8,
            "valor_unitario": 103355,
            "descuento": 0.03,
            "IVA": 5
        },
        {
            "codigo": "2zYJMVgDNV",
            "total": 17,
            "valor_unitario": 651650,
            "descuento": 0.36,
            "IVA": 5
        },
        {
            "codigo": "R85Js8GcQa",
            "total": 13,
            "valor_unitario": 873541,
            "descuento": 0.0,
            "IVA": 19
        },
        {
            "codigo": "vN0CUvlNkM",
            "total": 15,
            "valor_unitario": 478768,
            "descuento": 0.44,
            "IVA": 19
        },
        {
            "codigo": "5tHF0WFl5z",
            "total": 7,
            "valor_unitario": 260268,
            "descuento": 0.22,
            "IVA": 19
        },
        {
            "codigo": "EPv7a3vDZq",
            "total": 17,
            "valor_unitario": 329795,
            "descuento": 0.37,
            "IVA": 19
        },
        {
            "codigo": "sIE9dwXcTu",
            "total": 6,
            "valor_unitario": 2515,
            "descuento": 0.3,
            "IVA": 5
        }
    ]
}