{
    "empresa_nit": "456789123",
    "empresa_ciudad": "BOGOTA",
    "empresa_sede": "alcaldia",
    "empresa_nombre": "Despensa Natura",
    "fecha_hora": "2024-08-12 06:53:31",
    "factura_num": "00163",
    "ciente_numero": 232283101,
    "pago_tipo": "TRANFERENCIA",
    "productos": [
        {
            "codigo": "h56bap3bdB",
            "total": 18,
            "valor_unitario": 199584,
            "descuento": 0.35,
            "IVA": 5
        },
        {
            "codigo": "kXRORPrYwQ",
            "total": 20,
            "valor_unitario": 446559,
            "descuento": 0.43,
            "IVA": 0
        },
        {
            "codigo": "J8l7bDlhuU",
            "total": 18,
            "valor_unitario": 256811,
            "descuento": 0.21,
            "IVA": 19
        },
        {
            "codigo": "9V2Bytt073",
            "total": 3,
            "valor_unitario": 118181,
            "descuento": 0.18,
            "IVA": 19
        },
        {
            "codigo": "LEYm4IlB6R",
            "total": 18,
            "valor_unitario": 814802,
            "descuento": 0.32,
            "IVA": 0
        },
        {
            "codigo": "FcepS9NYw7",
            "total": 9,
            "valor_unitario": 733138,
            "descuento": 0.37,
            "IVA": 5
        },
        {
            "codigo": "YUACmI1Rgn",
            "total": 1,
            "valor_unitario": 501537,
            "descuento": 0.18,
            "IVA": 19
        },
        {
            "codigo": "GwA7VgxTWc",
            "total": 13,
            "valor_unitario": 815947,
            "descuento": 0.12,
            "IVA": 5
        },
        {
            "codigo": "X6Z3sCZqa8",
            "total": 6,
            "valor_unitario": 540333,
            "descuento": 0.06,
            "IVA": 0
        },
        {
            "codigo": "XnYJ6toWuZ",
            "total": 2,
            "valor_unitario": 409200,
            "descuento": 0.19,
            "IVA": 19
        },
        {
            "codigo": "OQVie4qdlc",
            "total": 20,
            "valor_unitario": 580853,
            "descuento": 0.09,
            "IVA": 0
        },
        {
            "codigo": "bokL0zgUM2",
            "total": 7,
            "valor_unitario": 516890,
            "descuento": 0.35,
            "IVA": 19
        },
        {
            "codigo": "wzlEz6qMmR",
            "total": 5,
            "valor_unitario": 136995,
            "descuento": 0.35,
            "IVA": 19
        },
        {
            "codigo": "OOEFjy8bm4",
            "total": 16,
            "valor_unitario": 909070,
            "descuento": 0.03,
            "IVA": 0
        },
        {
            "codigo": "8Mp7RjzteN",
            "total": 15,
            "valor_unitario": 167845,
            "descuento": 0.22,
            "IVA": 0
        },
        {
            "codigo": "fsmLvjYBNM",
            "total": 5,
            "valor_unitario": 180103,
            "descuento": 0.09,
            "IVA": 19
        },
        {
            "codigo": "vjN3NE0rpW",
            "total": 12,
            "valor_unitario": 244407,
            "descuento": 0.06,
            "IVA": 0
        },
        {
            "codigo": "ELu4CtBll6",
            "total": 14,
            "valor_unitario": 439073,
            "descuento": 0.42,
            "IVA": 19
        },
        {
            "codigo": "AFVrbkHe17",
            "total": 1,
            "valor_unitario": 980445,
            "descuento": 0.16,
            "IVA": 0
        }
    ]
}