{
    "empresa_nit": "456789123",
    "empresa_ciudad": "BOGOTA",
    "empresa_sede": "alcaldia",
    "empresa_nombre": "Despensa Natura",
    "fecha_hora": "2021-06-20 20:01:08",
    "factura_num": "01097",
    "ciente_numero": 240291828,
    "pago_tipo": "EFECTIVO",
    "productos": [
        {
            "codigo": "fXI9bHWnen",
            "total": 3,
            "valor_unitario": 436838,
            "descuento": 0.24,
            "IVA": 19
        },
        {
            "codigo": "2XLZ7v70T9",
            "total": 2,
            "valor_unitario": 315366,
            "descuento": 0.08,
            "IVA": 0
        },
        {
            "codigo": "bgL48bjQEj",
            "total": 11,
            "valor_unitario": 208686,
            "descuento": 0.02,
            "IVA": 19
        },
        {
            "codigo": "rosR6jUeb6",
            "total": 12,
            "valor_unitario": 693019,
            "descuento": 0.12,
            "IVA": 5
        },
        {
            "codigo": "FAYb1dK0cF",
            "total": 1,
            "valor_unitario": 824460,
            "descuento": 0.13,
            "IVA": 19
        }
    ]
}