{
    "empresa_nit": "456789123",
    "empresa_ciudad": "BARRANQUILLA",
    "empresa_sede": "autopista",
    "empresa_nombre": "Despensa Natura",
    "fecha_hora": "2023-04-15 22:05:49",
    "factura_num": "00131",
    "ciente_numero": 752569348,
    "pago_tipo": "TRANFERENCIA",
    "productos": [
        {
            "codigo": "bDvrO5NVeG",
            "total": 16,
            "valor_unitario": 758894,
            "descuento": 0.48,
            "IVA": 19
        },
        {
            "codigo": "K8Dqdl0FhH",
            "total": 16,
            "valor_unitario": 885064,
            "descuento": 0.13,
            "IVA": 5
        }
    ]
}