{
    "empresa_nit": "456789123",
    "empresa_ciudad": "TUNJA",
    "empresa_sede": "centro",
    "empresa_nombre": "Despensa Natura",
    "fecha_hora": "2020-11-18 11:50:44",
    "factura_num": "00414",
    "ciente_numero": 873641681,
    "pago_tipo": "EFECTIVO",
    "productos": [
        {
            "codigo": "tS2XQ4t0vJ",
            "total": 20,
            "valor_unitario": 12810,
            "descuento": 0.33,
            "IVA": 19
        },
        {
            "codigo": "q4qkszLYAR",
            "total": 6,
            "valor_unitario": 133235,
            "descuento": 0.06,
            "IVA": 19
        },
        {
            "codigo": "sKilvmNheQ",
            "total": 9,
            "valor_unitario": 334352,
            "descuento": 0.21,
            "IVA": 0
        },
        {
            "codigo": "weDsSuOpX8",
            "total": 16,
            "valor_unitario": 861438,
            "descuento": 0.09,
            "IVA": 19
        },
        {
            "codigo": "kZnCueKGfc",
            "total": 17,
            "valor_unitario": 46815,
            "descuento": 0.4,
            "IVA": 19
        },
        {
            "codigo": "6MGFNqWtCi",
            "total": 17,
            "valor_unitario": 616991,
            "descuento": 0.37,
            "IVA": 5
        },
        {
            "codigo": "cezhyh2Dp4",
            "total": 5,
            "valor_unitario": 75471,
            "descuento": 0.29,
            "IVA": 5
        },
        {
            "codigo": "v4nlbkUoUQ",
            "total": 1,
            "valor_unitario": 165805,
            "descuento": 0.3,
            "IVA": 0
        },
        {
            "codigo": "z0P3pm0hdm",
            "total": 2,
            "valor_unitario": 559906,
            "descuento": 0.38,
            "IVA": 5
        },
        {
            "codigo": "OSJWfSvls5",
            "total": 4,
            "valor_unitario": 894692,
            "descuento": 0.16,
            "IVA": 5
        },
        {
            "codigo": "F0GgsNSaIY",
            "total": 18,
            "valor_unitario": 26948,
            "descuento": 0.3,
            "IVA": 19
        }
    ]
}