{
    "empresa_nit": "456789123",
    "empresa_ciudad": "CALI",
    "empresa_sede": "autopista",
    "empresa_nombre": "Despensa Natura",
    "fecha_hora": "2020-04-08 21:52:14",
    "factura_num": "01038",
    "ciente_numero": 59700125,
    "pago_tipo": "TAR.CREDITO",
    "productos": [
        {
            "codigo": "D3TcAswo0q",
            "total": 13,
            "valor_unitario": 300953,
            "descuento": 0.35,
            "IVA": 5
        },
        {
            "codigo": "5XgbkaY36S",
            "total": 16,
            "valor_unitario": 772721,
            "descuento": 0.33,
            "IVA": 0
        },
        {
            "codigo": "JIUjLKzGov",
            "total": 13,
            "valor_unitario": 632473,
            "descuento": 0.44,
            "IVA": 0
        },
        {
            "codigo": "TiNKBPCs8e",
            "total": 16,
            "valor_unitario": 983020,
            "descuento": 0.48,
            "IVA": 0
        },
        {
            "codigo": "MZG4A17eiJ",
            "total": 16,
            "valor_unitario": 351775,
            "descuento": 0.46,
            "IVA": 0
        },
        {
            "codigo": "0UxOR48kdK",
            "total": 18,
            "valor_unitario": 500368,
            "descuento": 0.36,
            "IVA": 0
        },
        {
            "codigo": "uR3lySrcz3",
            "total": 9,
            "valor_unitario": 263747,
            "descuento": 0.38,
            "IVA": 19
        },
        {
            "codigo": "GzdkPkPCoR",
            "total": 9,
            "valor_unitario": 299744,
            "descuento": 0.22,
            "IVA": 5
        },
        {
            "codigo": "9KXndpuysH",
            "total": 9,
            "valor_unitario": 864433,
            "descuento": 0.05,
            "IVA": 5
        },
        {
            "codigo": "0X7qqVYYup",
            "total": 20,
            "valor_unitario": 973445,
            "descuento": 0.1,
            "IVA": 0
        },
        {
            "codigo": "xAUkL2cwcn",
            "total": 11,
            "valor_unitario": 755022,
            "descuento": 0.49,
            "IVA": 19
        },
        {
            "codigo": "8NNSh8q3sx",
            "total": 7,
            "valor_unitario": 839803,
            "descuento": 0.13,
            "IVA": 0
        },
        {
            "codigo": "VY7apJGqrI",
            "total": 18,
            "valor_unitario": 391578,
            "descuento": 0.49,
            "IVA": 5
        },
        {
            "codigo": "6KQIdRfSi9",
            "total": 10,
            "valor_unitario": 242876,
            "descuento": 0.02,
            "IVA": 0
        }
    ]
}