{
    "empresa_nit": "456789123",
    "empresa_ciudad": "BOGOTA",
    "empresa_sede": "terminal",
    "empresa_nombre": "Despensa Natura",
    "fecha_hora": "2025-03-03 06:12:33",
    "factura_num": "00267",
    "ciente_numero": 440454130,
    "pago_tipo": "TRANFERENCIA",
    "productos": [
        {
            "codigo": "VyPSwovvzw",
            "total": 18,
            "valor_unitario": 207727,
            "descuento": 0.24,
            "IVA": 0
        },
        {
            "codigo": "J2WcbrVDut",
            "total": 9,
            "valor_unitario": 973164,
            "descuento": 0.06,
            "IVA": 19
        },
        {
            "codigo": "U9e6BxEnxy",
            "total": 14,
            "valor_unitario": 106461,
            "descuento": 0.11,
            "IVA": 0
        },
        {
            "codigo": "Ck7MZeJpuJ",
            "total": 20,
            "valor_unitario": 305216,
            "descuento": 0.18,
            "IVA": 19
        },
        {
            "codigo": "ASuV0xpcDz",
            "total": 8,
            "valor_unitario": 370465,
            "descuento": 0.49,
            "IVA": 0
        },
        {
            "codigo": "J0XMYDkeR1",
            "total": 5,
            "valor_unitario": 982637,
            "descuento": 0.2,
            "IVA": 5
        },
        {
            "codigo": "L7Hteq3yc4",
            "total": 15,
            "valor_unitario": 352976,
            "descuento": 0.47,
            "IVA": 19
        },
        {
            "codigo": "911xKc6AXM",
            "total": 6,
            "valor_unitario": 861680,
            "descuento": 0.16,
            "IVA": 19
        },
        {
            "codigo": "enBMkmBa6E",
            "total": 14,
            "valor_unitario": 389818,
            "descuento": 0.21,
            "IVA": 0
        },
        {
            "codigo": "wWXuO42vEx",
            "total": 6,
            "valor_unitario": 493696,
            "descuento": 0.31,
            "IVA": 0
        },
        {
            "codigo": "dIEs1cByuL",
            "total": 11,
            "valor_unitario": 692080,
            "descuento": 0.23,
            "IVA": 19
        },
        {
            "codigo": "75QWg7frtK",
            "total": 4,
            "valor_unitario": 972189,
            "descuento": 0.11,
            "IVA": 19
        }
    ]
}