{
    "empresa_nit": "456789123",
    "empresa_ciudad": "BARRANQUILLA",
    "empresa_sede": "aeropuerto",
    "empresa_nombre": "Despensa Natura",
    "fecha_hora": "2024-09-26 03:42:36",
    "factura_num": "01134",
    "ciente_numero": 154215928,
    "pago_tipo": "EFECTIVO",
    "productos": [
        {
            "codigo": "XQSbjuihss",
            "total": 15,
            "valor_unitario": 234681,
            "descuento": 0.44,
            "IVA": 5
        },
        {
            "codigo": "Jbe1i398Dy",
            "total": 18,
            "valor_unitario": 76524,
            "descuento": 0.2,
            "IVA": 19
        },
        {
            "codigo": "GOrY1Tt497",
            "total": 13,
            "valor_unitario": 484647,
            "descuento": 0.03,
            "IVA": 0
        },
        {
            "codigo": "0eG2RlUnKG",
            "total": 4,
            "valor_unitario": 550030,
            "descuento": 0.2,
            "IVA": 19
        },
        {
            "codigo": "ONoOZLzFeA",
            "total": 17,
            "valor_unitario": 945447,
            "descuento": 0.08,
            "IVA": 5
        },
        {
            "codigo": "An73ZB7PqS",
            "total": 11,
            "valor_unitario": 387619,
            "descuento": 0.49,
            "IVA": 0
        },
        {
            "codigo": "jQxhNSorav",
            "total": 17,
            "valor_unitario": 492260,
            "descuento": 0.42,
            "IVA": 0
        }
    ]
}