{
    "empresa_nit": "456789123",
    "empresa_ciudad": "TUNJA",
    "empresa_sede": "aeropuerto",
    "empresa_nombre": "Despensa Natura",
    "fecha_hora": "2023-07-08 00:18:29",
    "factura_num": "00279",
    "ciente_numero": 892709446,
    "pago_tipo": "TRANFERENCIA",
    "productos": [
        {
            "codigo": "7BvPVHqc4X",
            "total": 15,
            "valor_unitario": 722405,
            "descuento": 0.35,
            "IVA": 19
        },
        {
            "codigo": "0yjv4sGytC",
            "total": 8,
            "valor_unitario": 193915,
            "descuento": 0.36,
            "IVA": 5
        },
        {
            "codigo": "l2QcavzJZa",
            "total": 7,
            "valor_unitario": 803560,
            "descuento": 0.43,
            "IVA": 5
        },
        {
            "codigo": "qHod6jFHCW",
            "total": 9,
            "valor_unitario": 14176,
            "descuento": 0.18,
            "IVA": 0
        },
        {
            "codigo": "8cEYZMxU4U",
            "total": 6,
            "valor_unitario": 156030,
            "descuento": 0.24,
            "IVA": 0
        },
        {
            "codigo": "g65g4VNnem",
            "total": 6,
            "valor_unitario": 610975,
            "descuento": 0.41,
            "IVA": 0
        },
        {
            "codigo": "a0hqsqZEac",
            "total": 20,
            "valor_unitario": 836225,
            "descuento": 0.36,
            "IVA": 19
        },
        {
            "codigo": "BpwzX1r5Xw",
            "total": 14,
            "valor_unitario": 467512,
            "descuento": 0.13,
            "IVA": 0
        },
        {
            "codigo": "MUkVrfR9aE",
            "total": 10,
            "valor_unitario": 563951,
            "descuento": 0.39,
            "IVA": 0
        },
        {
            "codigo": "o9eRRnnBs9",
            "total": 12,
            "valor_unitario": 554559,
            "descuento": 0.19,
            "IVA": 5
        },
        {
            "codigo": "ubOSoDDVy2",
            "total": 18,
            "valor_unitario": 191659,
            "descuento": 0.09,
            "IVA": 19
        },
        {
            "codigo": "13kjWgmm3X",
            "total": 9,
            "valor_unitario": 870170,
            "descuento": 0.31,
            "IVA": 5
        },
        {
            "codigo": "NcX256NNSM",
            "total": 8,
            "valor_unitario": 857289,
            "descuento": 0.14,
            "IVA": 5
        },
        {
            "codigo": "7VdwJDbmfw",
            "total": 1,
            "valor_unitario": 919866,
            "descuento": 0.08,
            "IVA": 19
        },
        {
            "codigo": "icpeEb1IKn",
            "total": 11,
            "valor_unitario": 813563,
            "descuento": 0.34,
            "IVA": 0
        },
        {
            "codigo": "sPEjnE8LUO",
            "total": 20,
            "valor_unitario": 484134,
            "descuento": 0.02,
            "IVA": 5
        },
        {
            "codigo": "YvW3q0xWZH",
            "total": 15,
            "valor_unitario": 190836,
            "descuento": 0.02,
            "IVA": 0
        }
    ]
}