{
    "empresa_nit": "456789123",
    "empresa_ciudad": "TUNJA",
    "empresa_sede": "aeropuerto",
    "empresa_nombre": "Despensa Natura",
    "fecha_hora": "2022-02-10 03:49:08",
    "factura_num": "01011",
    "ciente_numero": 697658472,
    "pago_tipo": "TAR.DEBITO",
    "productos": [
        {
            "codigo": "EVBQOTCGfA",
            "total": 15,
            "valor_unitario": 672547,
            "descuento": 0.03,
            "IVA": 0
        },
        {
            "codigo": "lQIUgyLwrJ",
            "total": 19,
            "valor_unitario": 371347,
            "descuento": 0.09,
            "IVA": 5
        },
        {
            "codigo": "7K1pTscDoZ",
            "total": 11,
            "valor_unitario": 6814,
            "descuento": 0.28,
            "IVA": 19
        },
        {
            "codigo": "83jc61JmPd",
            "total": 11,
            "valor_unitario": 982567,
            "descuento": 0.09,
            "IVA": 0
        },
        {
            "codigo": "mZU2vbJUVm",
            "total": 9,
            "valor_unitario": 755332,
            "descuento": 0.13,
            "IVA": 19
        }
    ]
}