{
    "empresa_nit": "456789123",
    "empresa_ciudad": "CALI",
    "empresa_sede": "plaza",
    "empresa_nombre": "Despensa Natura",
    "fecha_hora": "2020-02-12 04:10:35",
    "factura_num": "00334",
    "ciente_numero": 656214772,
    "pago_tipo": "EFECTIVO",
    "productos": [
        {
            "codigo": "rC7WbjcViB",
            "total": 14,
            "valor_unitario": 377978,
            "descuento": 0.49,
            "IVA": 19
        },
        {
            "codigo": "L5z5mOzDRO",
            "total": 5,
            "valor_unitario": 20446,
            "descuento": 0.25,
            "IVA": 0
        },
        {
            "codigo": "r85RtbgvaI",
            "total": 17,
            "valor_unitario": 140624,
            "descuento": 0.27,
            "IVA": 0
        },
        {
            "codigo": "H00HO33eII",
            "total": 18,
            "valor_unitario": 352068,
            "descuento": 0.15,
            "IVA": 19
        },
        {
            "codigo": "VBwsjIubin",
            "total": 1,
            "valor_unitario": 953244,
            "descuento": 0.43,
            "IVA": 5
        },
        {
            "codigo": "iFwFdbnoeD",
            "total": 7,
            "valor_unitario": 823970,
            "descuento": 0.17,
            "IVA": 0
        },
        {
            "codigo": "FxQHn41XGj",
            "total": 15,
            "valor_unitario": 506890,
            "descuento": 0.13,
            "IVA": 0
        },
        {
            "codigo": "aVpAAC1z4K",
            "total": 19,
            "valor_unitario": 255458,
            "descuento": 0.25,
            "IVA": 0
        },
        {
            "codigo": "LBF7Le2eeb",
            "total": 16,
            "valor_unitario": 78323,
            "descuento": 0.21,
            "IVA": 0
        },
        {
            "codigo": "JRgYU9S5YL",
            "total": 3,
            "valor_unitario": 100440,
            "descuento": 0.03,
            "IVA": 19
        },
        {
            "codigo": "S7GXUbWwN0",
            "total": 15,
            "valor_unitario": 699211,
            "descuento": 0.2,
            "IVA": 19
        },
        {
            "codigo": "6YlLxApPxT",
            "total": 8,
            "valor_unitario": 697130,
            "descuento": 0.44,
            "IVA": 19
        },
        {
            "codigo": "bmNXYFGMO6",
            "total": 7,
            "valor_unitario": 267142,
            "descuento": 0.16,
            "IVA": 0
        },
        {
            "codigo": "8H8PmLCHPp",
            "total": 2,
            "valor_unitario": 633994,
            "descuento": 0.24,
            "IVA": 0
        },
        {
            "codigo": "qynebMLLzQ",
            "total": 1,
            "valor_unitario": 127777,
            "descuento": 0.38,
            "IVA": 19
        },
        {
            "codigo": "1fR7LOkEZd",
            "total": 9,
            "valor_unitario": 555712,
            "descuento": 0.21,
            "IVA": 0
        },
        {
            "codigo": "z8uQrsjR4Z",
            "total": 2,
            "valor_unitario": 1591,
            "descuento": 0.49,
            "IVA": 5
        },
        {
            "codigo": "yMAwsr9zEc",
            "total": 10,
            "valor_unitario": 62202,
            "descuento": 0.29,
            "IVA": 0
        },
        {
            "codigo": "aett9xNU9b",
            "total": 6,
            "valor_unitario": 990043,
            "descuento": 0.46,
            "IVA": 5
        }
    ]
}