{
    "empresa_nit": "456789123",
    "empresa_ciudad": "MEDELLIN",
    "empresa_sede": "centro",
    "empresa_nombre": "Despensa Natura",
    "fecha_hora": "2024-01-31 02:54:24",
    "factura_num": "00109",
    "ciente_numero": 678978122,
    "pago_tipo": "TAR.CREDITO",
    "productos": [
        {
            "codigo": "mbqrB5If4C",
            "total": 17,
            "valor_unitario": 938041,
            "descuento": 0.08,
            "IVA": 5
        },
        {
            "codigo": "7wjqrN9vhT",
            "total": 6,
            "valor_unitario": 439282,
            "descuento": 0.15,
            "IVA": 0
        },
        {
            "codigo": "ncHsy07qY0",
            "total": 7,
            "valor_unitario": 478037,
            "descuento": 0.3,
            "IVA": 0
        },
        {
            "codigo": "t9mNfX4d3d",
            "total": 9,
            "valor_unitario": 469844,
            "descuento": 0.13,
            "IVA": 0
        },
        {
            "codigo": "5nrgOcME23",
            "total": 2,
            "valor_unitario": 24734,
            "descuento": 0.14,
            "IVA": 5
        },
        {
            "codigo": "SZqxUaKLA2",
            "total": 3,
            "valor_unitario": 366552,
            "descuento": 0.16,
            "IVA": 0
        },
        {
            "codigo": "XgqvJxlp9q",
            "total": 13,
            "valor_unitario": 108616,
            "descuento": 0.12,
            "IVA": 0
        },
        {
            "codigo": "av0CmJSMlT",
            "total": 9,
            "valor_unitario": 250372,
            "descuento": 0.44,
            "IVA": 19
        },
        {
            "codigo": "qwFjUAIThL",
            "total": 15,
            "valor_unitario": 176525,
            "descuento": 0.23,
            "IVA": 5
        },
        {
            "codigo": "j8SKZA7x1V",
            "total": 19,
            "valor_unitario": 241778,
            "descuento": 0.21,
            "IVA": 19
        },
        {
            "codigo": "0CleJ1JT2n",
            "total": 15,
            "valor_unitario": 80165,
            "descuento": 0.28,
            "IVA": 0
        },
        {
            "codigo": "vReqtriDZN",
            "total": 7,
            "valor_unitario": 591912,
            "descuento": 0.06,
            "IVA": 0
        },
        {
            "codigo": "6JpQ1Ej1uE",
            "total": 10,
            "valor_unitario": 948296,
            "descuento": 0.01,
            "IVA": 19
        },
        {
            "codigo": "ptIxwvfmzC",
            "total": 18,
            "valor_unitario": 757462,
            "descuento": 0.01,
            "IVA": 0
        },
        {
            "codigo": "WD5z6gqWmt",
            "total": 7,
            "valor_unitario": 701783,
            "descuento": 0.17,
            "IVA": 0
        },
        {
            "codigo": "BmvSKhl4IG",
            "total": 9,
            "valor_unitario": 243783,
            "descuento": 0.36,
            "IVA": 5
        },
        {
            "codigo": "S5Z41pt4qL",
            "total": 12,
            "valor_unitario": 29398,
            "descuento": 0.22,
            "IVA": 19
        },
        {
            "codigo": "0IJbiTjWm6",
            "total": 14,
            "valor_unitario": 567545,
            "descuento": 0.4,
            "IVA": 0
        },
        {
            "codigo": "0bfd2ffgBO",
            "total": 19,
            "valor_unitario": 16630,
            "descuento": 0.41,
            "IVA": 0
        },
        {
            "codigo": "Mr0ypaQMYc",
            "total": 13,
            "valor_unitario": 83862,
            "descuento": 0.01,
            "IVA": 0
        }
    ]
}