{
    "empresa_nit": "456789123",
    "empresa_ciudad": "BARRANQUILLA",
    "empresa_sede": "terminal",
    "empresa_nombre": "Despensa Natura",
    "fecha_hora": "2020-08-17 05:27:04",
    "factura_num": "00315",
    "ciente_numero": 568133884,
    "pago_tipo": "TRANFERENCIA",
    "productos": [
        {
            "codigo": "wmOB7c2gyZ",
            "total": 14,
            "valor_unitario": 820270,
            "descuento": 0.36,
            "IVA": 19
        },
        {
            "codigo": "UefrN2Y5XG",
            "total": 8,
            "valor_unitario": 615786,
            "descuento": 0.07,
            "IVA": 0
        },
        {
            "codigo": "b1IFAej21o",
            "total": 2,
            "valor_unitario": 733373,
            "descuento": 0.24,
            "IVA": 5
        },
        {
            "codigo": "jclJb3Zdjy",
            "total": 18,
            "valor_unitario": 994991,
            "descuento": 0.37,
            "IVA": 0
        },
        {
            "codigo": "Cupj20gH65",
            "total": 16,
            "valor_unitario": 738923,
            "descuento": 0.29,
            "IVA": 5
        },
        {
            "codigo": "2ym5sWWlJ4",
            "total": 2,
            "valor_unitario": 572491,
            "descuento": 0.28,
            "IVA": 5
        },
        {
            "codigo": "AIeNdowj2z",
            "total": 18,
            "valor_unitario": 614575,
            "descuento": 0.25,
            "IVA": 5
        },
        {
            "codigo": "rlTLqv5VxY",
            "total": 9,
            "valor_unitario": 790580,
            "descuento": 0.14,
            "IVA": 19
        },
        {
            "codigo": "a6aHY0fcWW",
            "total": 12,
            "valor_unitario": 392843,
            "descuento": 0.45,
            "IVA": 0
        },
        {
            "codigo": "T9qtRjNt7E",
            "total": 9,
            "valor_unitario": 453172,
            "descuento": 0.36,
            "IVA": 19
        }
    ]
}