{
    "empresa_nit": "456789123",
    "empresa_ciudad": "BARRANQUILLA",
    "empresa_sede": "plaza",
    "empresa_nombre": "Despensa Natura",
    "fecha_hora": "2023-08-19 02:00:51",
    "factura_num": "01045",
    "ciente_numero": 954322042,
    "pago_tipo": "EFECTIVO",
    "productos": [
        {
            "codigo": "DQt8vwkNfK",
            "total": 8,
            "valor_unitario": 566197,
            "descuento": 0.37,
            "IVA": 19
        },
        {
            "codigo": "nrXuAZWDzR",
            "total": 16,
            "valor_unitario": 49651,
            "descuento": 0.45,
            "IVA": 5
        },
        {
            "codigo": "z0ABh8wS5d",
            "total": 20,
            "valor_unitario": 576520,
            "descuento": 0.18,
            "IVA": 19
        },
        {
            "codigo": "QlFeGun4yG",
            "total": 19,
            "valor_unitario": 459352,
            "descuento": 0.38,
            "IVA": 0
        },
        {
            "codigo": "kHpd8gkKFS",
            "total": 19,
            "valor_unitario": 821649,
            "descuento": 0.27,
            "IVA": 0
        },
        {
            "codigo": "b3KiJq08w2",
            "total": 11,
            "valor_unitario": 850101,
            "descuento": 0.17,
            "IVA": 5
        },
        {
            "codigo": "uV6rM8sTf2",
            "total": 19,
            "valor_unitario": 19210,
            "descuento": 0.1,
            "IVA": 0
        },
        {
            "codigo": "jjYT1lR2qw",
            "total": 6,
            "valor_unitario": 459502,
            "descuento": 0.12,
            "IVA": 5
        },
        {
            "codigo": "nwtvB9Dyrc",
            "total": 3,
            "valor_unitario": 71656,
            "descuento": 0.28,
            "IVA": 5
        },
        {
            "codigo": "81rT1keeS8",
            "total": 14,
            "valor_unitario": 405944,
            "descuento": 0.48,
            "IVA": 19
        },
        {
            "codigo": "oXeIYcr5wZ",
            "total": 19,
            "valor_unitario": 517352,
            "descuento": 0.19,
            "IVA": 0
        },
        {
            "codigo": "IhSkYfdXNq",
            "total": 7,
            "valor_unitario": 667536,
            "descuento": 0.02,
            "IVA": 19
        },
        {
            "codigo": "VxHYJKwGHj",
            "total": 7,
            "valor_unitario": 236616,
            "descuento": 0.07,
            "IVA": 19
        },
        {
            "codigo": "0kkreZFBm1",
            "total": 13,
            "valor_unitario": 209930,
            "descuento": 0.36,
            "IVA": 0
        },
        {
            "codigo": "L5qjUwpF1c",
            "total": 4,
            "valor_unitario": 100542,
            "descuento": 0.35,
            "IVA": 5
        }
    ]
}