{
    "empresa_nit": "456789123",
    "empresa_ciudad": "BARRANQUILLA",
    "empresa_sede": "centro",
    "empresa_nombre": "Despensa Natura",
    "fecha_hora": "2021-12-28 04:27:08",
    "factura_num": "00112",
    "ciente_numero": 351270470,
    "pago_tipo": "TRANFERENCIA",
    "productos": [
        {
            "codigo": "a6steJegyq",
            "total": 4,
            "valor_unitario": 292159,
            "descuento": 0.26,
            "IVA": 0
        },
        {
            "codigo": "ZZVneGl7SQ",
            "total": 8,
            "valor_unitario": 607789,
            "descuento": 0.21,
            "IVA": 19
        },
        {
            "codigo": "X5q16E18Lq",
            "total": 9,
            "valor_unitario": 457748,
            "descuento": 0.42,
            "IVA": 19
        },
        {
            "codigo": "fbnDFYc97t",
            "total": 11,
            "valor_unitario": 300764,
            "descuento": 0.18,
            "IVA": 0
        },
        {
            "codigo": "LmWH0Tr6u5",
            "total": 9,
            "valor_unitario": 848393,
            "descuento": 0.09,
            "IVA": 0
        },
        {
            "codigo": "4zj6ewSrmn",
            "total": 11,
            "valor_unitario": 914609,
            "descuento": 0.34,
            "IVA": 0
        },
        {
            "codigo": "30DF0fMhrQ",
            "total": 3,
            "valor_unitario": 281676,
            "descuento": 0.09,
            "IVA": 19
        },
        {
            "codigo": "5Mfk6jYJSy",
            "total": 5,
            "valor_unitario": 478273,
            "descuento": 0.48,
            "IVA": 0
        },
        {
            "codigo": "qLzVTwhicc",
            "total": 20,
            "valor_unitario": 644732,
            "descuento": 0.42,
            "IVA": 5
        },
        {
            "codigo": "WPtEEg2Jxf",
            "total": 12,
            "valor_unitario": 941061,
            "descuento": 0.01,
            "IVA": 5
        },
        {
            "codigo": "yrWBisq0Tz",
            "total": 10,
            "valor_unitario": 360622,
            "descuento": 0.47,
            "IVA": 19
        },
        {
            "codigo": "OtaE2XJZVc",
            "total": 4,
            "valor_unitario": 83208,
            "descuento": 0.47,
            "IVA": 0
        },
        {
            "codigo": "dZJh638p8t",
            "total": 7,
            "valor_unitario": 345968,
            "descuento": 0.13,
            "IVA": 0
        },
        {
            "codigo": "x8l4XT51FD",
            "total": 3,
            "valor_unitario": 699047,
            "descuento": 0.15,
            "IVA": 19
        },
        {
            "codigo": "R6AjMvnlEQ",
            "total": 6,
            "valor_unitario": 186459,
            "descuento": 0.21,
            "IVA": 19
        },
        {
            "codigo": "cKyQrw39zY",
            "total": 9,
            "valor_unitario": 382900,
            "descuento": 0.06,
            "IVA": 0
        }
    ]
}