{
    "empresa_nit": "456789123",
    "empresa_ciudad": "MEDELLIN",
    "empresa_sede": "aeropuerto",
    "empresa_nombre": "Despensa Natura",
    "fecha_hora": "2021-06-16 18:37:57",
    "factura_num": "01069",
    "ciente_numero": 178914751,
    "pago_tipo": "EFECTIVO",
    "productos": [
        {
            "codigo": "kMwg8V8XUs",
            "total": 18,
            "valor_unitario": 88440,
            "descuento": 0.44,
            "IVA": 19
        },
        {
            "codigo": "bYZ5hUp152",
            "total": 13,
            "valor_unitario": 545140,
            "descuento": 0.13,
            "IVA": 0
        },
        {
            "codigo": "ykyRydZiuY",
            "total": 8,
            "valor_unitario": 99721,
            "descuento": 0.04,
            "IVA": 5
        },
        {
            "codigo": "oBhc8WmxYT",
            "total": 7,
            "valor_unitario": 269687,
            "descuento": 0.29,
            "IVA": 19
        },
        {
            "codigo": "N1ZflJFSeA",
            "total": 6,
            "valor_unitario": 76680,
            "descuento": 0.34,
            "IVA": 5
        },
        {
            "codigo": "JcB7Al14wK",
            "total": 9,
            "valor_unitario": 94162,
            "descuento": 0.2,
            "IVA": 5
        },
        {
            "codigo": "XGcjQEGIT0",
            "total": 9,
            "valor_unitario": 391572,
            "descuento": 0.22,
            "IVA": 19
        },
        {
            "codigo": "5ZkjwcMw9a",
            "total": 14,
            "valor_unitario": 931098,
            "descuento": 0.15,
            "IVA": 5
        },
        {
            "codigo": "acdPEitYEf",
            "total": 10,
            "valor_unitario": 825101,
            "descuento": 0.16,
            "IVA": 0
        },
        {
            "codigo": "i0O5uDwNw3",
            "total": 4,
            "valor_unitario": 352813,
            "descuento": 0.32,
            "IVA": 19
        },
        {
            "codigo": "b4WiYtgttk",
            "total": 15,
            "valor_unitario": 503972,
            "descuento": 0.48,
            "IVA": 5
        },
        {
            "codigo": "l9McJX3uns",
            "total": 3,
            "valor_unitario": 946608,
            "descuento": 0.22,
            "IVA": 5
        },
        {
            "codigo": "zFVflb0Qhx",
            "total": 14,
            "valor_unitario": 776926,
            "descuento": 0.0,
            "IVA": 5
        },
        {
            "codigo": "25ZMxMfNEw",
            "total": 5,
            "valor_unitario": 427954,
            "descuento": 0.22,
            "IVA": 5
        },
        {
            "codigo": "Lukt2TSWgq",
            "total": 15,
            "valor_unitario": 939037,
            "descuento": 0.5,
            "IVA": 0
        },
        {
            "codigo": "49GQ6QJfi5",
            "total": 12,
            "valor_unitario": 936814,
            "descuento": 0.35,
            "IVA": 5
        }
    ]
}