{
    "empresa_nit": "456789123",
    "empresa_ciudad": "CALI",
    "empresa_sede": "autopista",
    "empresa_nombre": "Despensa Natura",
    "fecha_hora": "2021-07-02 17:06:03",
    "factura_num": "00001",
    "ciente_numero": 176162423,
    "pago_tipo": "TAR.DEBITO",
    "productos": [
        {
            "codigo": "osMycPZ4o6",
            "total": 19,
            "valor_unitario": 327669,
            "descuento": 0.18,
            "IVA": 5
        },
        {
            "codigo": "disutXY1eI",
            "total": 4,
            "valor_unitario": 70414,
            "descuento": 0.04,
            "IVA": 0
        },
        {
            "codigo": "83qMQ3ncFa",
            "total": 19,
            "valor_unitario": 144182,
            "descuento": 0.33,
            "IVA": 19
        },
        {
            "codigo": "2O8tsIFZsE",
            "total": 13,
            "valor_unitario": 892184,
            "descuento": 0.42,
            "IVA": 5
        },
        {
            "codigo": "9D437mui79",
            "total": 12,
            "valor_unitario": 819654,
            "descuento": 0.14,
            "IVA": 19
        },
        {
            "codigo": "ys0paH3nDD",
            "total": 3,
            "valor_unitario": 463495,
            "descuento": 0.44,
            "IVA": 19
        },
        {
            "codigo": "MyfHEVqcGf",
            "total": 14,
            "valor_unitario": 337777,
            "descuento": 0.44,
            "IVA": 19
        }
    ]
}