{
    "empresa_nit": "456789123",
    "empresa_ciudad": "BOGOTA",
    "empresa_sede": "plaza",
    "empresa_nombre": "Despensa Natura",
    "fecha_hora": "2021-10-16 07:38:16",
    "factura_num": "00327",
    "ciente_numero": 793386361,
    "pago_tipo": "TRANFERENCIA",
    "productos": [
        {
            "codigo": "qW7XhF5poa",
            "total": 15,
            "valor_unitario": 888077,
            "descuento": 0.39,
            "IVA": 0
        },
        {
            "codigo": "obeI6R3Fv3",
            "total": 8,
            "valor_unitario": 211525,
            "descuento": 0.44,
            "IVA": 0
        },
        {
            "codigo": "y9tg5K4jeH",
            "total": 17,
            "valor_unitario": 299506,
            "descuento": 0.21,
            "IVA": 5
        },
        {
            "codigo": "DP2OLIFmag",
            "total": 20,
            "valor_unitario": 301993,
            "descuento": 0.41,
            "IVA": 19
        },
        {
            "codigo": "kZZwils7Mb",
            "total": 6,
            "valor_unitario": 647751,
            "descuento": 0.48,
            "IVA": 5
        },
        {
            "codigo": "9CQP0Fzlti",
            "total": 16,
            "valor_unitario": 263973,
            "descuento": 0.11,
            "IVA": 19
        }
    ]
}