{
    "empresa_nit": "456789123",
    "empresa_ciudad": "CALI",
    "empresa_sede": "autopista",
    "empresa_nombre": "Despensa Natura",
    "fecha_hora": "2020-02-24 12:36:10",
    "factura_num": "01057",
    "ciente_numero": 612704976,
    "pago_tipo": "TAR.CREDITO",
    "productos": [
        {
            "codigo": "Ffh0enVPFt",
            "total": 20,
            "valor_unitario": 982774,
            "descuento": 0.25,
            "IVA": 5
        },
        {
            "codigo": "U3w3Hfar5m",
            "total": 15,
            "valor_unitario": 33623,
            "descuento": 0.27,
            "IVA": 0
        },
        {
            "codigo": "g1B3h9CxhQ",
            "total": 1,
            "valor_unitario": 271862,
            "descuento": 0.26,
            "IVA": 5
        },
        {
            "codigo": "JRQh6GYiPM",
            "total": 9,
            "valor_unitario": 471280,
            "descuento": 0.01,
            "IVA": 0
        },
        {
            "codigo": "wF8GQymBnT",
            "total": 17,
            "valor_unitario": 329593,
            "descuento": 0.36,
            "IVA": 5
        },
        {
            "codigo": "LHBzMbPRCa",
            "total": 4,
            "valor_unitario": 249422,
            "descuento": 0.4,
            "IVA": 0
        },
        {
            "codigo": "L8IkmmGbkS",
            "total": 10,
            "valor_unitario": 795245,
            "descuento": 0.44,
            "IVA": 5
        },
        {
            "codigo": "Sq7ix7SdVS",
            "total": 17,
            "valor_unitario": 672404,
            "descuento": 0.24,
            "IVA": 19
        },
        {
            "codigo": "d5qO68jW1Z",
            "total": 16,
            "valor_unitario": 815859,
            "descuento": 0.25,
            "IVA": 0
        },
        {
            "codigo": "I6hqYfrpC0",
            "total": 15,
            "valor_unitario": 649852,
            "descuento": 0.44,
            "IVA": 5
        },
        {
            "codigo": "YmPfKJfN8W",
            "total": 17,
            "valor_unitario": 114222,
            "descuento": 0.29,
            "IVA": 0
        },
        {
            "codigo": "OLTYOk7Y3D",
            "total": 4,
            "valor_unitario": 996543,
            "descuento": 0.43,
            "IVA": 5
        },
        {
            "codigo": "i51r9OvWg3",
            "total": 7,
            "valor_unitario": 582790,
            "descuento": 0.41,
            "IVA": 19
        },
        {
            "codigo": "0FnTEqHx1I",
            "total": 10,
            "valor_unitario": 608782,
            "descuento": 0.14,
            "IVA": 5
        },
        {
            "codigo": "TYUV6BkT24",
            "total": 14,
            "valor_unitario": 845673,
            "descuento": 0.42,
            "IVA": 5
        },
        {
            "codigo": "AGwktJPNF4",
            "total": 20,
            "valor_unitario": 112153,
            "descuento": 0.49,
            "IVA": 0
        },
        {
            "codigo": "uW2at2dqXP",
            "total": 4,
            "valor_unitario": 311018,
            "descuento": 0.18,
            "IVA": 5
        },
        {
            "codigo": "aYJbG3SzfS",
            "total": 6,
            "valor_unitario": 728170,
            "descuento": 0.22,
            "IVA": 0
        },
        {
            "codigo": "dfY4Tns9iV",
            "total": 2,
            "valor_unitario": 709868,
            "descuento": 0.4,
            "IVA": 0
        }
    ]
}