{
    "empresa_nit": "456789123",
    "empresa_ciudad": "MEDELLIN",
    "empresa_sede": "autopista",
    "empresa_nombre": "Despensa Natura",
    "fecha_hora": "2022-03-23 16:36:37",
    "factura_num": "00133",
    "ciente_numero": 768708932,
    "pago_tipo": "TAR.DEBITO",
    "productos": [
        {
            "codigo": "cOCTVWP9XY",
            "total": 19,
            "valor_unitario": 906820,
            "descuento": 0.3,
            "IVA": 0
        },
        {
            "codigo": "jkZvjAhpYy",
            "total": 2,
            "valor_unitario": 606477,
            "descuento": 0.23,
            "IVA": 0
        },
        {
            "codigo": "Y84dki8xWT",
            "total": 12,
            "valor_unitario": 850663,
            "descuento": 0.3,
            "IVA": 0
        },
        {
            "codigo": "x4E2AtnNFV",
            "total": 11,
            "valor_unitario": 879211,
            "descuento": 0.02,
            "IVA": 19
        },
        {
            "codigo": "NC7DbHoG7i",
            "total": 3,
            "valor_unitario": 654933,
            "descuento": 0.31,
            "IVA": 0
        },
        {
            "codigo": "DCdJXkGWH9",
            "total": 16,
            "valor_unitario": 366795,
            "descuento": 0.24,
            "IVA": 5
        },
        {
            "codigo": "ChRhtZHAGj",
            "total": 16,
            "valor_unitario": 305100,
            "descuento": 0.26,
            "IVA": 19
        }
    ]
}