{
    "empresa_nit": "456789123",
    "empresa_ciudad": "TUNJA",
    "empresa_sede": "alcaldia",
    "empresa_nombre": "Despensa Natura",
    "fecha_hora": "2024-05-07 19:38:41",
    "factura_num": "01010",
    "ciente_numero": 700167202,
    "pago_tipo": "TRANFERENCIA",
    "productos": [
        {
            "codigo": "sirr6MiEjX",
            "total": 17,
            "valor_unitario": 399027,
            "descuento": 0.42,
            "IVA": 5
        },
        {
            "codigo": "5QIRsNKWdP",
            "total": 18,
            "valor_unitario": 634939,
            "descuento": 0.38,
            "IVA": 19
        },
        {
            "codigo": "P4GNQEZe7V",
            "total": 20,
            "valor_unitario": 542960,
            "descuento": 0.14,
            "IVA": 19
        },
        {
            "codigo": "a7dhwXacOl",
            "total": 1,
            "valor_unitario": 194808,
            "descuento": 0.31,
            "IVA": 19
        },
        {
            "codigo": "CiYrENOB8i",
            "total": 17,
            "valor_unitario": 926910,
            "descuento": 0.33,
            "IVA": 5
        },
        {
            "codigo": "FbUiGXff0l",
            "total": 9,
            "valor_unitario": 780695,
            "descuento": 0.03,
            "IVA": 0
        },
        {
            "codigo": "0dJBgYnfP2",
            "total": 20,
            "valor_unitario": 742572,
            "descuento": 0.15,
            "IVA": 0
        },
        {
            "codigo": "Pz49AmpFve",
            "total": 11,
            "valor_unitario": 446982,
            "descuento": 0.4,
            "IVA": 19
        },
        {
            "codigo": "1zqYFNqslq",
            "total": 17,
            "valor_unitario": 11429,
            "descuento": 0.19,
            "IVA": 19
        },
        {
            "codigo": "u0f6kV9pys",
            "total": 6,
            "valor_unitario": 230581,
            "descuento": 0.02,
            "IVA": 19
        },
        {
            "codigo": "VQ2HiDLyrT",
            "total": 4,
            "valor_unitario": 160686,
            "descuento": 0.48,
            "IVA": 19
        },
        {
            "codigo": "dOKnq9e0wL",
            "total": 12,
            "valor_unitario": 76415,
            "descuento": 0.06,
            "IVA": 0
        },
        {
            "codigo": "RQS0J9ypmd",
            "total": 14,
            "valor_unitario": 178967,
            "descuento": 0.35,
            "IVA": 19
        },
        {
            "codigo": "siu2kQPbbb",
            "total": 4,
            "valor_unitario": 194874,
            "descuento": 0.04,
            "IVA": 0
        },
        {
            "codigo": "dZH5k1n9QF",
            "total": 9,
            "valor_unitario": 874391,
            "descuento": 0.26,
            "IVA": 19
        },
        {
            "codigo": "5vKBDBrewG",
            "total": 1,
            "valor_unitario": 244454,
            "descuento": 0.31,
            "IVA": 0
        },
        {
            "codigo": "maD9T4hNGi",
            "total": 15,
            "valor_unitario": 377027,
            "descuento": 0.44,
            "IVA": 19
        },
        {
            "codigo": "UMXLaN9X4g",
            "total": 10,
            "valor_unitario": 250538,
            "descuento": 0.04,
            "IVA": 19
        },
        {
            "codigo": "Gcfa8LgeKo",
            "total": 3,
            "valor_unitario": 986562,
            "descuento": 0.37,
            "IVA": 5
        },
        {
            "codigo": "6LedwNIPX7",
            "total": 7,
            "valor_unitario": 606452,
            "descuento": 0.31,
            "IVA": 0
        }
    ]
}