{
    "empresa_nit": "456789123",
    "empresa_ciudad": "TUNJA",
    "empresa_sede": "alcaldia",
    "empresa_nombre": "Despensa Natura",
    "fecha_hora": "2023-11-02 08:46:58",
    "factura_num": "01107",
    "ciente_numero": 632081775,
    "pago_tipo": "TAR.CREDITO",
    "productos": [
        {
            "codigo": "khdrGmv4hI",
            "total": 7,
            "valor_unitario": 633505,
            "descuento": 0.23,
            "IVA": 19
        },
        {
            "codigo": "pnyChFPSip",
            "total": 2,
            "valor_unitario": 785994,
            "descuento": 0.41,
            "IVA": 0
        },
        {
            "codigo": "r5YKiuzgKs",
            "total": 3,
            "valor_unitario": 54347,
            "descuento": 0.12,
            "IVA": 0
        },
        {
            "codigo": "xf4MH2xFjd",
            "total": 11,
            "valor_unitario": 492177,
            "descuento": 0.29,
            "IVA": 0
        },
        {
            "codigo": "McNsxCew2i",
            "total": 6,
            "valor_unitario": 310031,
            "descuento": 0.1,
            "IVA": 0
        },
        {
            "codigo": "6XpwcIeBqc",
            "total": 8,
            "valor_unitario": 186782,
            "descuento": 0.28,
            "IVA": 5
        },
        {
            "codigo": "E63JL5rhvw",
            "total": 7,
            "valor_unitario": 724630,
            "descuento": 0.45,
            "IVA": 0
        },
        {
            "codigo": "AmAGLU38eP",
            "total": 10,
            "valor_unitario": 916521,
            "descuento": 0.03,
            "IVA": 5
        },
        {
            "codigo": "lfYl1NKXUk",
            "total": 10,
            "valor_unitario": 868196,
            "descuento": 0.24,
            "IVA": 0
        },
        {
            "codigo": "xsaqprnZ9T",
            "total": 5,
            "valor_unitario": 330894,
            "descuento": 0.06,
            "IVA": 19
        },
        {
            "codigo": "Z1Tv6uyel9",
            "total": 7,
            "valor_unitario": 518620,
            "descuento": 0.04,
            "IVA": 0
        },
        {
            "codigo": "Rff6DuRcGr",
            "total": 8,
            "valor_unitario": 614649,
            "descuento": 0.46,
            "IVA": 5
        }
    ]
}