{
    "empresa_nit": "456789123",
    "empresa_ciudad": "BOGOTA",
    "empresa_sede": "aeropuerto",
    "empresa_nombre": "Despensa Natura",
    "fecha_hora": "2023-11-21 20:47:49",
    "factura_num": "00152",
    "ciente_numero": 333115844,
    "pago_tipo": "EFECTIVO",
    "productos": [
        {
            "codigo": "hLYgIyppH8",
            "total": 6,
            "valor_unitario": 993098,
            "descuento": 0.0,
            "IVA": 0
        },
        {
            "codigo": "mzdvxmk7CW",
            "total": 11,
            "valor_unitario": 406503,
            "descuento": 0.09,
            "IVA": 0
        },
        {
            "codigo": "8mgCWexCbH",
            "total": 16,
            "valor_unitario": 90301,
            "descuento": 0.27,
            "IVA": 19
        },
        {
            "codigo": "exGZmedEog",
            "total": 3,
            "valor_unitario": 343620,
            "descuento": 0.49,
            "IVA": 0
        },
        {
            "codigo": "3f0qy113WZ",
            "total": 7,
            "valor_unitario": 802384,
            "descuento": 0.45,
            "IVA": 5
        },
        {
            "codigo": "5tCNjl9BPm",
            "total": 14,
            "valor_unitario": 670980,
            "descuento": 0.18,
            "IVA": 19
        },
        {
            "codigo": "g9XFW5wt7S",
            "total": 9,
            "valor_unitario": 328790,
            "descuento": 0.12,
            "IVA": 0
        },
        {
            "codigo": "yySN9DZjLq",
            "total": 7,
            "valor_unitario": 367455,
            "descuento": 0.13,
            "IVA": 19
        },
        {
            "codigo": "R9YdTd6kjg",
            "total": 14,
            "valor_unitario": 934668,
            "descuento": 0.49,
            "IVA": 5
        },
        {
            "codigo": "KB1Df6i0k9",
            "total": 14,
            "valor_unitario": 585360,
            "descuento": 0.21,
            "IVA": 5
        },
        {
            "codigo": "QZOH0i5HCh",
            "total": 8,
            "valor_unitario": 210339,
            "descuento": 0.4,
            "IVA": 5
        },
        {
            "codigo": "xGhsCwDGHW",
            "total": 19,
            "valor_unitario": 546935,
            "descuento": 0.2,
            "IVA": 0
        },
        {
            "codigo": "A2LiLqYEEc",
            "total": 15,
            "valor_unitario": 558876,
            "descuento": 0.39,
            "IVA": 19
        }
    ]
}