{
    "empresa_nit": "456789123",
    "empresa_ciudad": "MEDELLIN",
    "empresa_sede": "alcaldia",
    "empresa_nombre": "Despensa Natura",
    "fecha_hora": "2022-05-01 18:12:56",
    "factura_num": "00035",
    "ciente_numero": 381340245,
    "pago_tipo": "TRANFERENCIA",
    "productos": [
        {
            "codigo": "MJJT1VWnyo",
            "total": 11,
            "valor_unitario": 108801,
            "descuento": 0.5,
            "IVA": 5
        },
        {
            "codigo": "oKnhcO1WQe",
            "total": 20,
            "valor_unitario": 634121,
            "descuento": 0.13,
            "IVA": 19
        },
        {
            "codigo": "54tCYmUnY5",
            "total": 6,
            "valor_unitario": 948516,
            "descuento": 0.1,
            "IVA": 19
        },
        {
            "codigo": "OZIUk1h3u2",
            "total": 1,
            "valor_unitario": 77132,
            "descuento": 0.41,
            "IVA": 19
        },
        {
            "codigo": "k5EWCddAUo",
            "total": 8,
            "valor_unitario": 114400,
            "descuento": 0.31,
            "IVA": 19
        },
        {
            "codigo": "H94bs4UYaZ",
            "total": 12,
            "valor_unitario": 248403,
            "descuento": 0.12,
            "IVA": 0
        },
        {
            "codigo": "96MEWXkSZT",
            "total": 2,
            "valor_unitario": 160804,
            "descuento": 0.05,
            "IVA": 0
        }
    ]
}