{
    "empresa_nit": "456789123",
    "empresa_ciudad": "TUNJA",
    "empresa_sede": "aeropuerto",
    "empresa_nombre": "Despensa Natura",
    "fecha_hora": "2021-01-14 13:04:20",
    "factura_num": "00324",
    "ciente_numero": 356384514,
    "pago_tipo": "TRANFERENCIA",
    "productos": [
        {
            "codigo": "Guf9iDR5XE",
            "total": 3,
            "valor_unitario": 872977,
            "descuento": 0.01,
            "IVA": 5
        },
        {
            "codigo": "jCzQ3lgLIG",
            "total": 6,
            "valor_unitario": 301804,
            "descuento": 0.24,
            "IVA": 19
        },
        {
            "codigo": "MVd51raoyJ",
            "total": 11,
            "valor_unitario": 661187,
            "descuento": 0.43,
            "IVA": 19
        },
        {
            "codigo": "ebHyqeOo4T",
            "total": 18,
            "valor_unitario": 446274,
            "descuento": 0.1,
            "IVA": 5
        },
        {
            "codigo": "LlDKxHWyd0",
            "total": 19,
            "valor_unitario": 819684,
            "descuento": 0.11,
            "IVA": 5
        },
        {
            "codigo": "u8rSEJ0jfH",
            "total": 3,
            "valor_unitario": 673375,
            "descuento": 0.37,
            "IVA": 0
        },
        {
            "codigo": "eeP80lFj8q",
            "total": 14,
            "valor_unitario": 853688,
            "descuento": 0.11,
            "IVA": 5
        },
        {
            "codigo": "x08h1vJoYz",
            "total": 1,
            "valor_unitario": 199140,
            "descuento": 0.3,
            "IVA": 5
        },
        {
            "codigo": "0zK3o6eeAC",
            "total": 12,
            "valor_unitario": 55591,
            "descuento": 0.33,
            "IVA": 19
        },
        {
            "codigo": "d8Vi3v5hcF",
            "total": 12,
            "valor_unitario": 504259,
            "descuento": 0.47,
            "IVA": 19
        },
        {
            "codigo": "LMU6CI9YXc",
            "total": 7,
            "valor_unitario": 439907,
            "descuento": 0.38,
            "IVA": 0
        },
        {
            "codigo": "jr9jIfm9Io",
            "total": 14,
            "valor_unitario": 29155,
            "descuento": 0.49,
            "IVA": 0
        },
        {
            "codigo": "TCoZ0JzXPO",
            "total": 20,
            "valor_unitario": 966305,
            "descuento": 0.25,
            "IVA": 19
        }
    ]
}