{
    "empresa_nit": "456789123",
    "empresa_ciudad": "BOGOTA",
    "empresa_sede": "plaza",
    "empresa_nombre": "Despensa Natura",
    "fecha_hora": "2021-12-10 14:58:30",
    "factura_num": "01086",
    "ciente_numero": 697833102,
    "pago_tipo": "EFECTIVO",
    "productos": [
        {
            "codigo": "Nz1FV37rmZ",
            "total": 6,
            "valor_unitario": 63695,
            "descuento": 0.44,
            "IVA": 0
        },
        {
            "codigo": "PJ5Ot2vRR3",
            "total": 19,
            "valor_unitario": 695773,
            "descuento": 0.33,
            "IVA": 19
        },
        {
            "codigo": "E4baP5ZhFO",
            "total": 19,
            "valor_unitario": 439417,
            "descuento": 0.5,
            "IVA": 19
        },
        {
            "codigo": "VaXjIHllyd",
            "total": 8,
            "valor_unitario": 101818,
            "descuento": 0.45,
            "IVA": 0
        },
        {
            "codigo": "N6qPvFK7w1",
            "total": 9,
            "valor_unitario": 505181,
            "descuento": 0.04,
            "IVA": 19
        },
        {
            "codigo": "6WYjNOFnVz",
            "total": 9,
            "valor_unitario": 426509,
            "descuento": 0.38,
            "IVA": 5
        }
    ]
}