{
    "empresa_nit": "456789123",
    "empresa_ciudad": "TUNJA",
    "empresa_sede": "centro",
    "empresa_nombre": "Despensa Natura",
    "fecha_hora": "2022-03-06 01:22:40",
    "factura_num": "00290",
    "ciente_numero": 191615387,
    "pago_tipo": "TRANFERENCIA",
    "productos": [
        {
            "codigo": "sX4PUaNRn6",
            "total": 10,
            "valor_unitario": 868942,
            "descuento": 0.46,
            "IVA": 19
        },
        {
            "codigo": "CUxtwto1Fs",
            "total": 11,
            "valor_unitario": 368653,
            "descuento": 0.12,
            "IVA": 5
        },
        {
            "codigo": "ebhoRLbt3g",
            "total": 13,
            "valor_unitario": 513187,
            "descuento": 0.02,
            "IVA": 0
        },
        {
            "codigo": "nCHAli5E6Q",
            "total": 17,
            "valor_unitario": 929278,
            "descuento": 0.46,
            "IVA": 0
        },
        {
            "codigo": "PsLfCAOM23",
            "total": 15,
            "valor_unitario": 474484,
            "descuento": 0.44,
            "IVA": 5
        },
        {
            "codigo": "a9x0sleaRS",
            "total": 8,
            "valor_unitario": 263043,
            "descuento": 0.2,
            "IVA": 19
        },
        {
            "codigo": "U3tfIf4QwK",
            "total": 18,
            "valor_unitario": 375327,
            "descuento": 0.37,
            "IVA": 19
        },
        {
            "codigo": "ttVh19vnYd",
            "total": 9,
            "valor_unitario": 403498,
            "descuento": 0.29,
            "IVA": 19
        },
        {
            "codigo": "Tf4hk4knKV",
            "total": 18,
            "valor_unitario": 24830,
            "descuento": 0.04,
            "IVA": 19
        },
        {
            "codigo": "QwS9HSl4YL",
            "total": 8,
            "valor_unitario": 34101,
            "descuento": 0.46,
            "IVA": 19
        },
        {
            "codigo": "ba0f5JtiNn",
            "total": 6,
            "valor_unitario": 923088,
            "descuento": 0.44,
            "IVA": 5
        },
        {
            "codigo": "yoM33cXZUl",
            "total": 18,
            "valor_unitario": 455116,
            "descuento": 0.06,
            "IVA": 5
        },
        {
            "codigo": "ujkOoLaq2k",
            "total": 6,
            "valor_unitario": 642967,
            "descuento": 0.13,
            "IVA": 5
        },
        {
            "codigo": "P2PrtEObwr",
            "total": 11,
            "valor_unitario": 912957,
            "descuento": 0.23,
            "IVA": 5
        },
        {
            "codigo": "POwNV9qVcY",
            "total": 13,
            "valor_unitario": 458650,
            "descuento": 0.38,
            "IVA": 5
        },
        {
            "codigo": "SRGxBBsk4t",
            "total": 14,
            "valor_unitario": 142269,
            "descuento": 0.31,
            "IVA": 0
        },
        {
            "codigo": "oGaGApNt1g",
            "total": 17,
            "valor_unitario": 49027,
            "descuento": 0.34,
            "IVA": 5
        },
        {
            "codigo": "UY33o9kVIQ",
            "total": 20,
            "valor_unitario": 112648,
            "descuento": 0.36,
            "IVA": 5
        },
        {
            "codigo": "OXoVwHr0vF",
            "total": 2,
            "valor_unitario": 406570,
            "descuento": 0.49,
            "IVA": 5
        }
    ]
}