{
    "empresa_nit": "456789123",
    "empresa_ciudad": "MEDELLIN",
    "empresa_sede": "centro",
    "empresa_nombre": "Despensa Natura",
    "fecha_hora": "2022-11-11 13:13:43",
    "factura_num": "00309",
    "ciente_numero": 383069252,
    "pago_tipo": "TAR.DEBITO",
    "productos": [
        {
            "codigo": "sSLi2CDxvi",
            "total": 7,
            "valor_unitario": 710541,
            "descuento": 0.2,
            "IVA": 19
        },
        {
            "codigo": "9dvRPTEo5j",
            "total": 10,
            "valor_unitario": 675196,
            "descuento": 0.32,
            "IVA": 19
        },
        {
            "codigo": "8IpAm8szhG",
            "total": 2,
            "valor_unitario": 302735,
            "descuento": 0.05,
            "IVA": 5
        },
        {
            "codigo": "WJdCAAUAe3",
            "total": 11,
            "valor_unitario": 677111,
            "descuento": 0.12,
            "IVA": 19
        },
        {
            "codigo": "P9Is6k69iw",
            "total": 16,
            "valor_unitario": 861080,
            "descuento": 0.11,
            "IVA": 5
        },
        {
            "codigo": "b1OtYdDivR",
            "total": 4,
            "valor_unitario": 536080,
            "descuento": 0.02,
            "IVA": 19
        },
        {
            "codigo": "hRSXFwZbMX",
            "total": 19,
            "valor_unitario": 639266,
            "descuento": 0.22,
            "IVA": 0
        },
        {
            "codigo": "CSSHZmCWFC",
            "total": 14,
            "valor_unitario": 538507,
            "descuento": 0.37,
            "IVA": 5
        }
    ]
}