{
    "empresa_nit": "456789123",
    "empresa_ciudad": "CALI",
    "empresa_sede": "alcaldia",
    "empresa_nombre": "Despensa Natura",
    "fecha_hora": "2020-12-08 12:03:22",
    "factura_num": "00261",
    "ciente_numero": 484712223,
    "pago_tipo": "TAR.DEBITO",
    "productos": [
        {
            "codigo": "qzC8jN9rzd",
            "total": 2,
            "valor_unitario": 979590,
            "descuento": 0.43,
            "IVA": 5
        },
        {
            "codigo": "PPRbnh8qjF",
            "total": 10,
            "valor_unitario": 853517,
            "descuento": 0.41,
            "IVA": 5
        },
        {
            "codigo": "mYN1FE7fho",
            "total": 18,
            "valor_unitario": 772760,
            "descuento": 0.11,
            "IVA": 19
        },
        {
            "codigo": "D3aSTWTM4i",
            "total": 6,
            "valor_unitario": 797214,
            "descuento": 0.4,
            "IVA": 5
        },
        {
            "codigo": "OPYjdn8pqB",
            "total": 15,
            "valor_unitario": 103359,
            "descuento": 0.44,
            "IVA": 19
        },
        {
            "codigo": "9Fm9Jw5CcX",
            "total": 5,
            "valor_unitario": 417859,
            "descuento": 0.3,
            "IVA": 0
        },
        {
            "codigo": "Js2heDkV3O",
            "total": 20,
            "valor_unitario": 345329,
            "descuento": 0.49,
            "IVA": 19
        },
        {
            "codigo": "a4dUmDtea8",
            "total": 19,
            "valor_unitario": 256575,
            "descuento": 0.26,
            "IVA": 5
        },
        {
            "codigo": "mtbRUFobVc",
            "total": 17,
            "valor_unitario": 511595,
            "descuento": 0.47,
            "IVA": 19
        },
        {
            "codigo": "yE1zjI3zJf",
            "total": 9,
            "valor_unitario": 538479,
            "descuento": 0.16,
            "IVA": 5
        },
        {
            "codigo": "DCsiQiJfmJ",
            "total": 5,
            "valor_unitario": 797955,
            "descuento": 0.07,
            "IVA": 0
        }
    ]
}