{
    "empresa_nit": "456789123",
    "empresa_ciudad": "BOGOTA",
    "empresa_sede": "aeropuerto",
    "empresa_nombre": "Despensa Natura",
    "fecha_hora": "2024-11-13 12:42:51",
    "factura_num": "00250",
    "ciente_numero": 774572753,
    "pago_tipo": "TRANFERENCIA",
    "productos": [
        {
            "codigo": "0ifEXSf3sy",
            "total": 13,
            "valor_unitario": 692537,
            "descuento": 0.27,
            "IVA": 19
        },
        {
            "codigo": "tTdmsCoytA",
            "total": 19,
            "valor_unitario": 9066,
            "descuento": 0.14,
            "IVA": 19
        },
        {
            "codigo": "KPmBsdCQqg",
            "total": 7,
            "valor_unitario": 139660,
            "descuento": 0.34,
            "IVA": 0
        }
    ]
}