{
    "empresa_nit": "456789123",
    "empresa_ciudad": "MEDELLIN",
    "empresa_sede": "aeropuerto",
    "empresa_nombre": "Despensa Natura",
    "fecha_hora": "2021-04-30 00:18:25",
    "factura_num": "00117",
    "ciente_numero": 394872130,
    "pago_tipo": "TRANFERENCIA",
    "productos": [
        {
            "codigo": "i4FaH6AJF5",
            "total": 17,
            "valor_unitario": 52556,
            "descuento": 0.25,
            "IVA": 5
        },
        {
            "codigo": "WBY2Ec5Nkb",
            "total": 17,
            "valor_unitario": 522638,
            "descuento": 0.25,
            "IVA": 0
        },
        {
            "codigo": "4RYUuC6cLU",
            "total": 18,
            "valor_unitario": 760124,
            "descuento": 0.0,
            "IVA": 19
        },
        {
            "codigo": "voKri9Ft2v",
            "total": 5,
            "valor_unitario": 989049,
            "descuento": 0.1,
            "IVA": 5
        },
        {
            "codigo": "nAKRaPbWr1",
            "total": 7,
            "valor_unitario": 918398,
            "descuento": 0.32,
            "IVA": 19
        },
        {
            "codigo": "bHqXyMfiXD",
            "total": 9,
            "valor_unitario": 739403,
            "descuento": 0.1,
            "IVA": 0
        },
        {
            "codigo": "lMqIhc37bD",
            "total": 19,
            "valor_unitario": 166239,
            "descuento": 0.34,
            "IVA": 19
        },
        {
            "codigo": "1ORgioN26x",
            "total": 16,
            "valor_unitario": 504758,
            "descuento": 0.24,
            "IVA": 0
        },
        {
            "codigo": "0k0pgcwmck",
            "total": 10,
            "valor_unitario": 719072,
            "descuento": 0.44,
            "IVA": 0
        },
        {
            "codigo": "NUlDNjU9sh",
            "total": 17,
            "valor_unitario": 310550,
            "descuento": 0.21,
            "IVA": 19
        }
    ]
}