{
    "empresa_nit": "456789123",
    "empresa_ciudad": "CALI",
    "empresa_sede": "centro",
    "empresa_nombre": "Despensa Natura",
    "fecha_hora": "2024-03-11 12:49:06",
    "factura_num": "00016",
    "ciente_numero": 828981337,
    "pago_tipo": "TRANFERENCIA",
    "productos": [
        {
            "codigo": "D8oEaNJchS",
            "total": 16,
            "valor_unitario": 448229,
            "descuento": 0.49,
            "IVA": 0
        },
        {
            "codigo": "96rbjgF01m",
            "total": 1,
            "valor_unitario": 536961,
            "descuento": 0.34,
            "IVA": 19
        },
        {
            "codigo": "r4w5ngVYvp",
            "total": 8,
            "valor_unitario": 974851,
            "descuento": 0.23,
            "IVA": 5
        },
        {
            "codigo": "3EjDKJsbNT",
            "total": 16,
            "valor_unitario": 178762,
            "descuento": 0.44,
            "IVA": 0
        },
        {
            "codigo": "VKYt9HoHd3",
            "total": 12,
            "valor_unitario": 437747,
            "descuento": 0.18,
            "IVA": 0
        },
        {
            "codigo": "w3STIQGLJR",
            "total": 11,
            "valor_unitario": 650732,
            "descuento": 0.12,
            "IVA": 0
        },
        {
            "codigo": "PwIADoK9k3",
            "total": 18,
            "valor_unitario": 749628,
            "descuento": 0.35,
            "IVA": 5
        },
        {
            "codigo": "dcu9EydCZp",
            "total": 7,
            "valor_unitario": 342077,
            "descuento": 0.06,
            "IVA": 0
        },
        {
            "codigo": "ldt6ng7L82",
            "total": 16,
            "valor_unitario": 533327,
            "descuento": 0.22,
            "IVA": 5
        },
        {
            "codigo": "qVz7yt0MiH",
            "total": 8,
            "valor_unitario": 814316,
            "descuento": 0.43,
            "IVA": 0
        },
        {
            "codigo": "hch6dXzMdl",
            "total": 20,
            "valor_unitario": 472548,
            "descuento": 0.38,
            "IVA": 0
        }
    ]
}