{
    "empresa_nit": "456789123",
    "empresa_ciudad": "MEDELLIN",
    "empresa_sede": "centro",
    "empresa_nombre": "Despensa Natura",
    "fecha_hora": "2020-07-27 13:54:01",
    "factura_num": "00291",
    "ciente_numero": 403878764,
    "pago_tipo": "TAR.CREDITO",
    "productos": [
        {
            "codigo": "dgHX52D3dz",
            "total": 3,
            "valor_unitario": 630543,
            "descuento": 0.17,
            "IVA": 19
        },
        {
            "codigo": "EGC0PhRSfv",
            "total": 2,
            "valor_unitario": 251322,
            "descuento": 0.48,
            "IVA": 5
        },
        {
            "codigo": "r8afz1hpmu",
            "total": 7,
            "valor_unitario": 980743,
            "descuento": 0.32,
            "IVA": 5
        },
        {
            "codigo": "2v13wCw79Y",
            "total": 14,
            "valor_unitario": 130890,
            "descuento": 0.17,
            "IVA": 19
        },
        {
            "codigo": "GGlwBx7vxe",
            "total": 13,
            "valor_unitario": 249123,
            "descuento": 0.14,
            "IVA": 19
        },
        {
            "codigo": "E3KnUBbwCm",
            "total": 18,
            "valor_unitario": 350939,
            "descuento": 0.41,
            "IVA": 0
        },
        {
            "codigo": "jTTgxglc2q",
            "total": 15,
            "valor_unitario": 177246,
            "descuento": 0.38,
            "IVA": 19
        },
        {
            "codigo": "2x23U70XaQ",
            "total": 17,
            "valor_unitario": 852660,
            "descuento": 0.08,
            "IVA": 0
        },
        {
            "codigo": "UCZGp9HK2G",
            "total": 15,
            "valor_unitario": 67035,
            "descuento": 0.37,
            "IVA": 0
        },
        {
            "codigo": "LfJpeO89Ca",
            "total": 6,
            "valor_unitario": 517861,
            "descuento": 0.12,
            "IVA": 0
        },
        {
            "codigo": "kxpyF6xhbp",
            "total": 17,
            "valor_unitario": 469627,
            "descuento": 0.45,
            "IVA": 5
        },
        {
            "codigo": "yP7Nd5mKnN",
            "total": 17,
            "valor_unitario": 89452,
            "descuento": 0.44,
            "IVA": 19
        },
        {
            "codigo": "EzjjECR19U",
            "total": 8,
            "valor_unitario": 541947,
            "descuento": 0.09,
            "IVA": 0
        },
        {
            "codigo": "FyyWzb0Jw2",
            "total": 13,
            "valor_unitario": 59333,
            "descuento": 0.06,
            "IVA": 0
        },
        {
            "codigo": "1cGXO1J2VS",
            "total": 6,
            "valor_unitario": 700496,
            "descuento": 0.11,
            "IVA": 19
        },
        {
            "codigo": "SXo6XtGxZu",
            "total": 13,
            "valor_unitario": 763221,
            "descuento": 0.12,
            "IVA": 5
        },
        {
            "codigo": "vboaeT0ENj",
            "total": 19,
            "valor_unitario": 452613,
            "descuento": 0.39,
            "IVA": 0
        }
    ]
}