{
    "empresa_nit": "456789123",
    "empresa_ciudad": "BARRANQUILLA",
    "empresa_sede": "alcaldia",
    "empresa_nombre": "Despensa Natura",
    "fecha_hora": "2025-01-03 01:28:27",
    "factura_num": "00022",
    "ciente_numero": 563937468,
    "pago_tipo": "EFECTIVO",
    "productos": [
        {
            "codigo": "1KPwTZCxbd",
            "total": 19,
            "valor_unitario": 831421,
            "descuento": 0.44,
            "IVA": 19
        },
        {
            "codigo": "BiZS297ged",
            "total": 20,
            "valor_unitario": 953693,
            "descuento": 0.26,
            "IVA": 0
        },
        {
            "codigo": "7B2o1JiWRX",
            "total": 9,
            "valor_unitario": 719211,
            "descuento": 0.16,
            "IVA": 0
        },
        {
            "codigo": "SfdtaVyXcE",
            "total": 15,
            "valor_unitario": 835654,
            "descuento": 0.32,
            "IVA": 19
        },
        {
            "codigo": "YGCXWPa75c",
            "total": 16,
            "valor_unitario": 358632,
            "descuento": 0.35,
            "IVA": 19
        },
        {
            "codigo": "aX44phvsjP",
            "total": 9,
            "valor_unitario": 763368,
            "descuento": 0.3,
            "IVA": 0
        },
        {
            "codigo": "CoAW2I0V8j",
            "total": 14,
            "valor_unitario": 439094,
            "descuento": 0.06,
            "IVA": 0
        },
        {
            "codigo": "YtL9dnQROH",
            "total": 4,
            "valor_unitario": 166598,
            "descuento": 0.01,
            "IVA": 0
        },
        {
            "codigo": "mutHrjcQQo",
            "total": 7,
            "valor_unitario": 811394,
            "descuento": 0.02,
            "IVA": 0
        },
        {
            "codigo": "QdlJBC0X5p",
            "total": 2,
            "valor_unitario": 535187,
            "descuento": 0.48,
            "IVA": 0
        },
        {
            "codigo": "OjNjHSlXtm",
            "total": 6,
            "valor_unitario": 130461,
            "descuento": 0.16,
            "IVA": 0
        },
        {
            "codigo": "fsJGra41L9",
            "total": 13,
            "valor_unitario": 79759,
            "descuento": 0.22,
            "IVA": 5
        },
        {
            "codigo": "v9Jx2Q6c8O",
            "total": 18,
            "valor_unitario": 33829,
            "descuento": 0.28,
            "IVA": 19
        },
        {
            "codigo": "qgnjy9tifD",
            "total": 6,
            "valor_unitario": 86198,
            "descuento": 0.14,
            "IVA": 5
        },
        {
            "codigo": "UD5VvjYnVf",
            "total": 8,
            "valor_unitario": 313581,
            "descuento": 0.01,
            "IVA": 0
        },
        {
            "codigo": "8DgIXScLny",
            "total": 3,
            "valor_unitario": 521372,
            "descuento": 0.24,
            "IVA": 0
        },
        {
            "codigo": "wppMTOdG8m",
            "total": 3,
            "valor_unitario": 282081,
            "descuento": 0.45,
            "IVA": 0
        }
    ]
}