{
    "empresa_nit": "456789123",
    "empresa_ciudad": "TUNJA",
    "empresa_sede": "aeropuerto",
    "empresa_nombre": "Despensa Natura",
    "fecha_hora": "2020-12-05 08:57:13",
    "factura_num": "00319",
    "ciente_numero": 979358927,
    "pago_tipo": "EFECTIVO",
    "productos": [
        {
            "codigo": "HybsSS2I4y",
            "total": 14,
            "valor_unitario": 645187,
            "descuento": 0.49,
            "IVA": 0
        },
        {
            "codigo": "GPBiouA4XP",
            "total": 8,
            "valor_unitario": 21983,
            "descuento": 0.49,
            "IVA": 0
        },
        {
            "codigo": "GgKBh7h8SO",
            "total": 17,
            "valor_unitario": 940636,
            "descuento": 0.48,
            "IVA": 19
        },
        {
            "codigo": "YAUfKpJB5S",
            "total": 8,
            "valor_unitario": 923413,
            "descuento": 0.03,
            "IVA": 0
        },
        {
            "codigo": "0eCfoJatFV",
            "total": 19,
            "valor_unitario": 662956,
            "descuento": 0.33,
            "IVA": 5
        },
        {
            "codigo": "lliptkSMOy",
            "total": 16,
            "valor_unitario": 885211,
            "descuento": 0.12,
            "IVA": 5
        }
    ]
}