{
    "empresa_nit": "456789123",
    "empresa_ciudad": "BOGOTA",
    "empresa_sede": "alcaldia",
    "empresa_nombre": "Despensa Natura",
    "fecha_hora": "2024-04-01 12:06:14",
    "factura_num": "00242",
    "ciente_numero": 966030506,
    "pago_tipo": "TAR.CREDITO",
    "productos": [
        {
            "codigo": "3M0HBREfPx",
            "total": 3,
            "valor_unitario": 235025,
            "descuento": 0.03,
            "IVA": 19
        },
        {
            "codigo": "8GP960WG9y",
            "total": 11,
            "valor_unitario": 556241,
            "descuento": 0.37,
            "IVA": 19
        },
        {
            "codigo": "xuQc0EvgE3",
            "total": 12,
            "valor_unitario": 255648,
            "descuento": 0.48,
            "IVA": 0
        },
        {
            "codigo": "QLW8d77ai6",
            "total": 16,
            "valor_unitario": 727769,
            "descuento": 0.12,
            "IVA": 19
        },
        {
            "codigo": "GfuE8rpWdY",
            "total": 7,
            "valor_unitario": 896856,
            "descuento": 0.09,
            "IVA": 5
        },
        {
            "codigo": "rB8pHY9H6B",
            "total": 3,
            "valor_unitario": 424769,
            "descuento": 0.42,
            "IVA": 19
        },
        {
            "codigo": "KrQKhhA3Hu",
            "total": 2,
            "valor_unitario": 591584,
            "descuento": 0.26,
            "IVA": 5
        },
        {
            "codigo": "2ZZILO0Uzx",
            "total": 3,
            "valor_unitario": 660240,
            "descuento": 0.03,
            "IVA": 19
        },
        {
            "codigo": "ui8vMeNByc",
            "total": 10,
            "valor_unitario": 62017,
            "descuento": 0.44,
            "IVA": 5
        },
        {
            "codigo": "TJnOcT9xHu",
            "total": 5,
            "valor_unitario": 29810,
            "descuento": 0.05,
            "IVA": 19
        },
        {
            "codigo": "ud3qDTFkHE",
            "total": 6,
            "valor_unitario": 936954,
            "descuento": 0.33,
            "IVA": 0
        },
        {
            "codigo": "RkPRStrN4h",
            "total": 13,
            "valor_unitario": 263036,
            "descuento": 0.43,
            "IVA": 19
        },
        {
            "codigo": "WerysBTsEU",
            "total": 16,
            "valor_unitario": 509098,
            "descuento": 0.45,
            "IVA": 0
        },
        {
            "codigo": "pvuvvIQhex",
            "total": 7,
            "valor_unitario": 280778,
            "descuento": 0.26,
            "IVA": 5
        },
        {
            "codigo": "Ikri5qYwbg",
            "total": 6,
            "valor_unitario": 593518,
            "descuento": 0.41,
            "IVA": 0
        },
        {
            "codigo": "s5oaYGa362",
            "total": 16,
            "valor_unitario": 456709,
            "descuento": 0.29,
            "IVA": 5
        },
        {
            "codigo": "LMwmH11hkm",
            "total": 20,
            "valor_unitario": 975725,
            "descuento": 0.5,
            "IVA": 5
        }
    ]
}