{
    "empresa_nit": "456789123",
    "empresa_ciudad": "CALI",
    "empresa_sede": "autopista",
    "empresa_nombre": "Despensa Natura",
    "fecha_hora": "2023-10-08 10:26:48",
    "factura_num": "00130",
    "ciente_numero": 449579284,
    "pago_tipo": "TAR.DEBITO",
    "productos": [
        {
            "codigo": "VpmxnuBMIB",
            "total": 7,
            "valor_unitario": 564518,
            "descuento": 0.01,
            "IVA": 19
        },
        {
            "codigo": "5FSmcfyWFt",
            "total": 8,
            "valor_unitario": 602106,
            "descuento": 0.14,
            "IVA": 19
        },
        {
            "codigo": "PJLQvHxQRR",
            "total": 16,
            "valor_unitario": 944830,
            "descuento": 0.05,
            "IVA": 0
        },
        {
            "codigo": "XwAz08jDLJ",
            "total": 4,
            "valor_unitario": 125768,
            "descuento": 0.38,
            "IVA": 5
        },
        {
            "codigo": "lHpGukMEwx",
            "total": 9,
            "valor_unitario": 740934,
            "descuento": 0.18,
            "IVA": 5
        },
        {
            "codigo": "wu7MHfaoi6",
            "total": 4,
            "valor_unitario": 416872,
            "descuento": 0.09,
            "IVA": 5
        },
        {
            "codigo": "hA7ATQi5mF",
            "total": 18,
            "valor_unitario": 922684,
            "descuento": 0.34,
            "IVA": 5
        },
        {
            "codigo": "Z7Y3oNV13O",
            "total": 18,
            "valor_unitario": 910477,
            "descuento": 0.39,
            "IVA": 19
        },
        {
            "codigo": "fyzpJtXWep",
            "total": 6,
            "valor_unitario": 902653,
            "descuento": 0.37,
            "IVA": 19
        },
        {
            "codigo": "IWeSVXUYr2",
            "total": 16,
            "valor_unitario": 742243,
            "descuento": 0.26,
            "IVA": 5
        },
        {
            "codigo": "DOE38lJ6NU",
            "total": 13,
            "valor_unitario": 189095,
            "descuento": 0.26,
            "IVA": 5
        },
        {
            "codigo": "zZXmfguIB9",
            "total": 18,
            "valor_unitario": 158675,
            "descuento": 0.23,
            "IVA": 5
        },
        {
            "codigo": "ES3A2cEQ1Q",
            "total": 4,
            "valor_unitario": 448227,
            "descuento": 0.41,
            "IVA": 0
        },
        {
            "codigo": "c9LJfCa4iF",
            "total": 3,
            "valor_unitario": 885336,
            "descuento": 0.03,
            "IVA": 5
        },
        {
            "codigo": "aiRNyNmKUD",
            "total": 15,
            "valor_unitario": 869919,
            "descuento": 0.43,
            "IVA": 19
        },
        {
            "codigo": "n5k0wsFYpd",
            "total": 19,
            "valor_unitario": 754362,
            "descuento": 0.0,
            "IVA": 0
        },
        {
            "codigo": "PE3D2ElUGA",
            "total": 7,
            "valor_unitario": 93083,
            "descuento": 0.07,
            "IVA": 5
        }
    ]
}