{
    "empresa_nit": "456789123",
    "empresa_ciudad": "BARRANQUILLA",
    "empresa_sede": "plaza",
    "empresa_nombre": "Despensa Natura",
    "fecha_hora": "2021-01-17 05:31:37",
    "factura_num": "01059",
    "ciente_numero": 50132518,
    "pago_tipo": "TAR.DEBITO",
    "productos": [
        {
            "codigo": "DwW73VG9Uk",
            "total": 6,
            "valor_unitario": 459181,
            "descuento": 0.45,
            "IVA": 19
        },
        {
            "codigo": "REsq3yS2Z4",
            "total": 18,
            "valor_unitario": 706613,
            "descuento": 0.02,
            "IVA": 0
        },
        {
            "codigo": "h0c2a9yzuc",
            "total": 7,
            "valor_unitario": 275172,
            "descuento": 0.39,
            "IVA": 0
        },
        {
            "codigo": "24SicszjeY",
            "total": 19,
            "valor_unitario": 376286,
            "descuento": 0.04,
            "IVA": 0
        },
        {
            "codigo": "oI5fK15ywL",
            "total": 10,
            "valor_unitario": 321754,
            "descuento": 0.07,
            "IVA": 19
        },
        {
            "codigo": "zLFS9udMfz",
            "total": 16,
            "valor_unitario": 783356,
            "descuento": 0.34,
            "IVA": 0
        },
        {
            "codigo": "23kxYzmfjK",
            "total": 14,
            "valor_unitario": 370539,
            "descuento": 0.47,
            "IVA": 0
        },
        {
            "codigo": "QIqMK47SYo",
            "total": 11,
            "valor_unitario": 61386,
            "descuento": 0.35,
            "IVA": 0
        },
        {
            "codigo": "reKrl0vPmP",
            "total": 1,
            "valor_unitario": 267482,
            "descuento": 0.19,
            "IVA": 19
        },
        {
            "codigo": "vhu4Q91mFL",
            "total": 20,
            "valor_unitario": 9202,
            "descuento": 0.32,
            "IVA": 5
        },
        {
            "codigo": "E3pAi10r3N",
            "total": 17,
            "valor_unitario": 790922,
            "descuento": 0.23,
            "IVA": 19
        }
    ]
}