{
    "empresa_nit": "456789123",
    "empresa_ciudad": "MEDELLIN",
    "empresa_sede": "plaza",
    "empresa_nombre": "Despensa Natura",
    "fecha_hora": "2023-08-13 04:11:55",
    "factura_num": "00399",
    "ciente_numero": 401539482,
    "pago_tipo": "TAR.DEBITO",
    "productos": [
        {
            "codigo": "ksaqF8dj6w",
            "total": 4,
            "valor_unitario": 653503,
            "descuento": 0.34,
            "IVA": 19
        },
        {
            "codigo": "EqWqvMws07",
            "total": 16,
            "valor_unitario": 122378,
            "descuento": 0.45,
            "IVA": 5
        },
        {
            "codigo": "jpW313D5kX",
            "total": 12,
            "valor_unitario": 334038,
            "descuento": 0.18,
            "IVA": 0
        },
        {
            "codigo": "oDtNMIR8cy",
            "total": 12,
            "valor_unitario": 5511,
            "descuento": 0.24,
            "IVA": 19
        },
        {
            "codigo": "gUd9x8TtHA",
            "total": 11,
            "valor_unitario": 287022,
            "descuento": 0.14,
            "IVA": 19
        },
        {
            "codigo": "shkTIIlNnX",
            "total": 12,
            "valor_unitario": 386710,
            "descuento": 0.1,
            "IVA": 5
        },
        {
            "codigo": "PnvXS8dWKK",
            "total": 6,
            "valor_unitario": 623712,
            "descuento": 0.14,
            "IVA": 0
        },
        {
            "codigo": "XfzO0y5ylY",
            "total": 15,
            "valor_unitario": 14323,
            "descuento": 0.33,
            "IVA": 0
        },
        {
            "codigo": "IITb2DFp2J",
            "total": 13,
            "valor_unitario": 762407,
            "descuento": 0.13,
            "IVA": 5
        },
        {
            "codigo": "3ywhsrJFFd",
            "total": 20,
            "valor_unitario": 179158,
            "descuento": 0.2,
            "IVA": 19
        },
        {
            "codigo": "RdoVmRGXWl",
            "total": 4,
            "valor_unitario": 123269,
            "descuento": 0.37,
            "IVA": 0
        },
        {
            "codigo": "KcVSLqCRub",
            "total": 7,
            "valor_unitario": 747762,
            "descuento": 0.09,
            "IVA": 0
        },
        {
            "codigo": "DdyhUPFKWy",
            "total": 13,
            "valor_unitario": 810232,
            "descuento": 0.11,
            "IVA": 19
        },
        {
            "codigo": "9XImnMiQU6",
            "total": 8,
            "valor_unitario": 208506,
            "descuento": 0.1,
            "IVA": 0
        },
        {
            "codigo": "1WaEVGwTY2",
            "total": 14,
            "valor_unitario": 216821,
            "descuento": 0.19,
            "IVA": 0
        },
        {
            "codigo": "oqBYF1I00k",
            "total": 11,
            "valor_unitario": 489256,
            "descuento": 0.0,
            "IVA": 19
        },
        {
            "codigo": "Jk6t0Hin7C",
            "total": 3,
            "valor_unitario": 203686,
            "descuento": 0.12,
            "IVA": 0
        },
        {
            "codigo": "nYrZvvz67s",
            "total": 9,
            "valor_unitario": 792500,
            "descuento": 0.37,
            "IVA": 19
        },
        {
            "codigo": "vWkByMTFTh",
            "total": 3,
            "valor_unitario": 901859,
            "descuento": 0.49,
            "IVA": 0
        },
        {
            "codigo": "42PsSywTIE",
            "total": 6,
            "valor_unitario": 302552,
            "descuento": 0.17,
            "IVA": 0
        }
    ]
}