{
    "empresa_nit": "456789123",
    "empresa_ciudad": "MEDELLIN",
    "empresa_sede": "aeropuerto",
    "empresa_nombre": "Despensa Natura",
    "fecha_hora": "2023-08-16 10:22:39",
    "factura_num": "00119",
    "ciente_numero": 139063372,
    "pago_tipo": "TAR.CREDITO",
    "productos": [
        {
            "codigo": "zeVNuylCuC",
            "total": 4,
            "valor_unitario": 480723,
            "descuento": 0.03,
            "IVA": 0
        },
        {
            "codigo": "OOBE83fVbs",
            "total": 6,
            "valor_unitario": 376266,
            "descuento": 0.18,
            "IVA": 19
        },
        {
            "codigo": "5rqo61Ezmk",
            "total": 8,
            "valor_unitario": 140496,
            "descuento": 0.02,
            "IVA": 5
        },
        {
            "codigo": "aUbzTl5ufp",
            "total": 5,
            "valor_unitario": 770962,
            "descuento": 0.47,
            "IVA": 0
        },
        {
            "codigo": "DkOLSjw1JM",
            "total": 6,
            "valor_unitario": 876397,
            "descuento": 0.21,
            "IVA": 0
        },
        {
            "codigo": "k3VzXlOwbY",
            "total": 5,
            "valor_unitario": 612851,
            "descuento": 0.15,
            "IVA": 5
        },
        {
            "codigo": "2GVNVC25Xy",
            "total": 11,
            "valor_unitario": 502137,
            "descuento": 0.21,
            "IVA": 5
        }
    ]
}