{
    "empresa_nit": "456789123",
    "empresa_ciudad": "BARRANQUILLA",
    "empresa_sede": "alcaldia",
    "empresa_nombre": "Despensa Natura",
    "fecha_hora": "2025-02-12 14:45:55",
    "factura_num": "00339",
    "ciente_numero": 966463976,
    "pago_tipo": "TAR.DEBITO",
    "productos": [
        {
            "codigo": "sdnZ0lzQi8",
            "total": 20,
            "valor_unitario": 966450,
            "descuento": 0.26,
            "IVA": 5
        },
        {
            "codigo": "2ux116ZmeH",
            "total": 8,
            "valor_unitario": 39503,
            "descuento": 0.3,
            "IVA": 19
        },
        {
            "codigo": "vohN47Di4d",
            "total": 1,
            "valor_unitario": 951685,
            "descuento": 0.33,
            "IVA": 19
        },
        {
            "codigo": "f95c5Wpt5q",
            "total": 15,
            "valor_unitario": 430672,
            "descuento": 0.36,
            "IVA": 19
        },
        {
            "codigo": "aC2xcphQSU",
            "total": 19,
            "valor_unitario": 130117,
            "descuento": 0.38,
            "IVA": 19
        },
        {
            "codigo": "v00eOaXBbL",
            "total": 18,
            "valor_unitario": 154763,
            "descuento": 0.21,
            "IVA": 5
        },
        {
            "codigo": "e3CCXKNQbZ",
            "total": 15,
            "valor_unitario": 978146,
            "descuento": 0.09,
            "IVA": 0
        },
        {
            "codigo": "Wybmx2XYQh",
            "total": 1,
            "valor_unitario": 309646,
            "descuento": 0.01,
            "IVA": 5
        },
        {
            "codigo": "5y3898ZZNN",
            "total": 1,
            "valor_unitario": 681418,
            "descuento": 0.41,
            "IVA": 19
        },
        {
            "codigo": "3KUNFkMIhV",
            "total": 17,
            "valor_unitario": 348925,
            "descuento": 0.2,
            "IVA": 5
        },
        {
            "codigo": "TQkQKO1KV8",
            "total": 13,
            "valor_unitario": 378484,
            "descuento": 0.27,
            "IVA": 0
        },
        {
            "codigo": "YSWi6ZFMdh",
            "total": 20,
            "valor_unitario": 765153,
            "descuento": 0.1,
            "IVA": 19
        },
        {
            "codigo": "yXT9I4FA9j",
            "total": 3,
            "valor_unitario": 429787,
            "descuento": 0.25,
            "IVA": 5
        },
        {
            "codigo": "4KYbok0Tqh",
            "total": 4,
            "valor_unitario": 282237,
            "descuento": 0.19,
            "IVA": 19
        },
        {
            "codigo": "DKZHkRCcbM",
            "total": 2,
            "valor_unitario": 648111,
            "descuento": 0.26,
            "IVA": 0
        },
        {
            "codigo": "EKl3E1xifa",
            "total": 18,
            "valor_unitario": 678044,
            "descuento": 0.27,
            "IVA": 19
        },
        {
            "codigo": "RTU8qljzqW",
            "total": 10,
            "valor_unitario": 781632,
            "descuento": 0.09,
            "IVA": 19
        },
        {
            "codigo": "AhiOtCcl5k",
            "total": 13,
            "valor_unitario": 894821,
            "descuento": 0.47,
            "IVA": 5
        },
        {
            "codigo": "9YiuXbNscG",
            "total": 1,
            "valor_unitario": 981663,
            "descuento": 0.45,
            "IVA": 19
        }
    ]
}