{
    "empresa_nit": "456789123",
    "empresa_ciudad": "TUNJA",
    "empresa_sede": "aeropuerto",
    "empresa_nombre": "Despensa Natura",
    "fecha_hora": "2021-11-27 03:57:57",
    "factura_num": "00393",
    "ciente_numero": 505706290,
    "pago_tipo": "TAR.DEBITO",
    "productos": [
        {
            "codigo": "d0fzqc3DJX",
            "total": 19,
            "valor_unitario": 143630,
            "descuento": 0.48,
            "IVA": 5
        },
        {
            "codigo": "hkIsAarvoy",
            "total": 11,
            "valor_unitario": 230720,
            "descuento": 0.07,
            "IVA": 0
        },
        {
            "codigo": "ODhZk47oGx",
            "total": 13,
            "valor_unitario": 947120,
            "descuento": 0.05,
            "IVA": 19
        },
        {
            "codigo": "AZKoaXnXQk",
            "total": 3,
            "valor_unitario": 319430,
            "descuento": 0.32,
            "IVA": 5
        },
        {
            "codigo": "8rW5nNAt8g",
            "total": 7,
            "valor_unitario": 248840,
            "descuento": 0.44,
            "IVA": 19
        },
        {
            "codigo": "IAWFYYUbxU",
            "total": 17,
            "valor_unitario": 628914,
            "descuento": 0.35,
            "IVA": 19
        }
    ]
}