{
    "empresa_nit": "456789123",
    "empresa_ciudad": "MEDELLIN",
    "empresa_sede": "autopista",
    "empresa_nombre": "Despensa Natura",
    "fecha_hora": "2023-01-11 15:07:58",
    "factura_num": "00100",
    "ciente_numero": 151770672,
    "pago_tipo": "TAR.DEBITO",
    "productos": [
        {
            "codigo": "4IzJpVjrqr",
            "total": 10,
            "valor_unitario": 975242,
            "descuento": 0.01,
            "IVA": 5
        },
        {
            "codigo": "OSU9jF7eSG",
            "total": 14,
            "valor_unitario": 98899,
            "descuento": 0.23,
            "IVA": 0
        },
        {
            "codigo": "lktBNGfCJW",
            "total": 9,
            "valor_unitario": 158924,
            "descuento": 0.11,
            "IVA": 19
        }
    ]
}