{
    "empresa_nit": "456789123",
    "empresa_ciudad": "BARRANQUILLA",
    "empresa_sede": "terminal",
    "empresa_nombre": "Despensa Natura",
    "fecha_hora": "2022-07-25 20:52:25",
    "factura_num": "00254",
    "ciente_numero": 990812872,
    "pago_tipo": "TRANFERENCIA",
    "productos": [
        {
            "codigo": "CtkERYc8tP",
            "total": 18,
            "valor_unitario": 30057,
            "descuento": 0.35,
            "IVA": 5
        },
        {
            "codigo": "wqXEnpupZI",
            "total": 20,
            "valor_unitario": 144546,
            "descuento": 0.47,
            "IVA": 5
        },
        {
            "codigo": "zbZIuNnme2",
            "total": 18,
            "valor_unitario": 393075,
            "descuento": 0.15,
            "IVA": 19
        },
        {
            "codigo": "XvB6g2LxJc",
            "total": 15,
            "valor_unitario": 894618,
            "descuento": 0.07,
            "IVA": 19
        },
        {
            "codigo": "7Nymwb28Wv",
            "total": 15,
            "valor_unitario": 484020,
            "descuento": 0.37,
            "IVA": 5
        },
        {
            "codigo": "xWdydWugvU",
            "total": 9,
            "valor_unitario": 530452,
            "descuento": 0.43,
            "IVA": 19
        },
        {
            "codigo": "gl6nQemsvn",
            "total": 7,
            "valor_unitario": 324169,
            "descuento": 0.16,
            "IVA": 19
        },
        {
            "codigo": "PEK00fpycn",
            "total": 20,
            "valor_unitario": 821138,
            "descuento": 0.41,
            "IVA": 5
        },
        {
            "codigo": "S80XBvEMIK",
            "total": 12,
            "valor_unitario": 995366,
            "descuento": 0.37,
            "IVA": 5
        },
        {
            "codigo": "MeIFmQ4l81",
            "total": 3,
            "valor_unitario": 349267,
            "descuento": 0.43,
            "IVA": 5
        },
        {
            "codigo": "rOlMcjLFss",
            "total": 19,
            "valor_unitario": 516830,
            "descuento": 0.23,
            "IVA": 19
        },
        {
            "codigo": "861qTh5Vcm",
            "total": 2,
            "valor_unitario": 192485,
            "descuento": 0.4,
            "IVA": 0
        },
        {
            "codigo": "XgOpPblTTr",
            "total": 15,
            "valor_unitario": 757697,
            "descuento": 0.38,
            "IVA": 5
        }
    ]
}