{
    "empresa_nit": "456789123",
    "empresa_ciudad": "BARRANQUILLA",
    "empresa_sede": "plaza",
    "empresa_nombre": "Despensa Natura",
    "fecha_hora": "2023-04-23 18:38:22",
    "factura_num": "01094",
    "ciente_numero": 71640360,
    "pago_tipo": "TAR.CREDITO",
    "productos": [
        {
            "codigo": "UKXqa0DJbW",
            "total": 13,
            "valor_unitario": 497407,
            "descuento": 0.31,
            "IVA": 0
        },
        {
            "codigo": "tSGC2dv3RT",
            "total": 8,
            "valor_unitario": 102305,
            "descuento": 0.21,
            "IVA": 0
        },
        {
            "codigo": "xL87vxn4ET",
            "total": 1,
            "valor_unitario": 145038,
            "descuento": 0.46,
            "IVA": 0
        },
        {
            "codigo": "C4FWXWnQ7T",
            "total": 3,
            "valor_unitario": 535715,
            "descuento": 0.03,
            "IVA": 0
        },
        {
            "codigo": "r7WPGOnKvk",
            "total": 9,
            "valor_unitario": 549223,
            "descuento": 0.07,
            "IVA": 0
        },
        {
            "codigo": "ORjWr9OSaV",
            "total": 7,
            "valor_unitario": 508838,
            "descuento": 0.48,
            "IVA": 5
        },
        {
            "codigo": "UEXzHF8UyX",
            "total": 18,
            "valor_unitario": 885824,
            "descuento": 0.02,
            "IVA": 19
        },
        {
            "codigo": "PIJKxQQnZd",
            "total": 2,
            "valor_unitario": 352655,
            "descuento": 0.47,
            "IVA": 0
        }
    ]
}