{
    "empresa_nit": "456789123",
    "empresa_ciudad": "BOGOTA",
    "empresa_sede": "plaza",
    "empresa_nombre": "Despensa Natura",
    "fecha_hora": "2021-02-04 10:52:42",
    "factura_num": "00037",
    "ciente_numero": 220382424,
    "pago_tipo": "TAR.CREDITO",
    "productos": [
        {
            "codigo": "tQb9YVWMNc",
            "total": 19,
            "valor_unitario": 407965,
            "descuento": 0.47,
            "IVA": 19
        },
        {
            "codigo": "zpjFA22ntT",
            "total": 19,
            "valor_unitario": 470163,
            "descuento": 0.38,
            "IVA": 5
        },
        {
            "codigo": "nNYxlEGQu4",
            "total": 14,
            "valor_unitario": 471501,
            "descuento": 0.47,
            "IVA": 0
        },
        {
            "codigo": "jncl8JCXRL",
            "total": 4,
            "valor_unitario": 406853,
            "descuento": 0.35,
            "IVA": 0
        },
        {
            "codigo": "Rboz4f29TS",
            "total": 17,
            "valor_unitario": 787473,
            "descuento": 0.02,
            "IVA": 5
        },
        {
            "codigo": "nQUW0MDqo0",
            "total": 1,
            "valor_unitario": 189068,
            "descuento": 0.32,
            "IVA": 19
        },
        {
            "codigo": "gft1fC6iRE",
            "total": 18,
            "valor_unitario": 301821,
            "descuento": 0.37,
            "IVA": 19
        },
        {
            "codigo": "CN3q3oMQKo",
            "total": 16,
            "valor_unitario": 293829,
            "descuento": 0.42,
            "IVA": 5
        },
        {
            "codigo": "fex8s7zAdK",
            "total": 18,
            "valor_unitario": 426852,
            "descuento": 0.13,
            "IVA": 5
        },
        {
            "codigo": "ntT9ctXlar",
            "total": 5,
            "valor_unitario": 177425,
            "descuento": 0.24,
            "IVA": 0
        },
        {
            "codigo": "AGhAgZY6ux",
            "total": 19,
            "valor_unitario": 402601,
            "descuento": 0.46,
            "IVA": 0
        },
        {
            "codigo": "zxkUWwR25u",
            "total": 20,
            "valor_unitario": 529289,
            "descuento": 0.45,
            "IVA": 5
        },
        {
            "codigo": "hCW2XCjeT9",
            "total": 12,
            "valor_unitario": 829368,
            "descuento": 0.38,
            "IVA": 5
        },
        {
            "codigo": "3wB8CucWCX",
            "total": 10,
            "valor_unitario": 485198,
            "descuento": 0.36,
            "IVA": 5
        },
        {
            "codigo": "88WBGC77te",
            "total": 13,
            "valor_unitario": 161954,
            "descuento": 0.26,
            "IVA": 0
        },
        {
            "codigo": "lVS7gaufrI",
            "total": 13,
            "valor_unitario": 972736,
            "descuento": 0.14,
            "IVA": 5
        },
        {
            "codigo": "MlXLODDHaD",
            "total": 3,
            "valor_unitario": 735609,
            "descuento": 0.27,
            "IVA": 5
        }
    ]
}