{
    "empresa_nit": "456789123",
    "empresa_ciudad": "BARRANQUILLA",
    "empresa_sede": "centro",
    "empresa_nombre": "Despensa Natura",
    "fecha_hora": "2022-05-19 12:30:04",
    "factura_num": "00223",
    "ciente_numero": 943177330,
    "pago_tipo": "TAR.CREDITO",
    "productos": [
        {
            "codigo": "mEjblTuqnN",
            "total": 6,
            "valor_unitario": 73768,
            "descuento": 0.34,
            "IVA": 19
        },
        {
            "codigo": "OptfOhOX4c",
            "total": 6,
            "valor_unitario": 273406,
            "descuento": 0.1,
            "IVA": 5
        },
        {
            "codigo": "EoxDmF0gm4",
            "total": 10,
            "valor_unitario": 306507,
            "descuento": 0.25,
            "IVA": 19
        },
        {
            "codigo": "mCNUk3yLHg",
            "total": 6,
            "valor_unitario": 585374,
            "descuento": 0.26,
            "IVA": 0
        },
        {
            "codigo": "qp7aAUJDu1",
            "total": 16,
            "valor_unitario": 365298,
            "descuento": 0.11,
            "IVA": 5
        },
        {
            "codigo": "8hoirspR4L",
            "total": 1,
            "valor_unitario": 429783,
            "descuento": 0.01,
            "IVA": 19
        },
        {
            "codigo": "EOhDmed45n",
            "total": 8,
            "valor_unitario": 417587,
            "descuento": 0.08,
            "IVA": 5
        },
        {
            "codigo": "eH2aDIof4r",
            "total": 3,
            "valor_unitario": 102743,
            "descuento": 0.35,
            "IVA": 19
        },
        {
            "codigo": "UDznZBBhDx",
            "total": 20,
            "valor_unitario": 857804,
            "descuento": 0.32,
            "IVA": 0
        }
    ]
}