{
    "empresa_nit": "456789123",
    "empresa_ciudad": "BOGOTA",
    "empresa_sede": "centro",
    "empresa_nombre": "Despensa Natura",
    "fecha_hora": "2023-07-02 14:56:19",
    "factura_num": "00230",
    "ciente_numero": 127726284,
    "pago_tipo": "TAR.DEBITO",
    "productos": [
        {
            "codigo": "tOmI0JSFl1",
            "total": 10,
            "valor_unitario": 268778,
            "descuento": 0.06,
            "IVA": 5
        },
        {
            "codigo": "E7iADi0UWw",
            "total": 16,
            "valor_unitario": 31429,
            "descuento": 0.33,
            "IVA": 19
        },
        {
            "codigo": "Id87o6t0Fh",
            "total": 3,
            "valor_unitario": 755845,
            "descuento": 0.17,
            "IVA": 5
        },
        {
            "codigo": "0p6cWkHxWU",
            "total": 20,
            "valor_unitario": 755024,
            "descuento": 0.19,
            "IVA": 0
        },
        {
            "codigo": "7N45aB2yjQ",
            "total": 15,
            "valor_unitario": 120176,
            "descuento": 0.15,
            "IVA": 0
        },
        {
            "codigo": "kXSqIEY3bt",
            "total": 10,
            "valor_unitario": 890051,
            "descuento": 0.49,
            "IVA": 5
        },
        {
            "codigo": "9DieoEbnrJ",
            "total": 2,
            "valor_unitario": 959448,
            "descuento": 0.15,
            "IVA": 0
        },
        {
            "codigo": "vqVpmoEBWT",
            "total": 8,
            "valor_unitario": 91770,
            "descuento": 0.18,
            "IVA": 5
        },
        {
            "codigo": "n5ZfUlQ3P1",
            "total": 12,
            "valor_unitario": 419731,
            "descuento": 0.11,
            "IVA": 0
        },
        {
            "codigo": "FjLO9OU1zA",
            "total": 2,
            "valor_unitario": 226249,
            "descuento": 0.07,
            "IVA": 0
        },
        {
            "codigo": "tvuxf8dzTf",
            "total": 16,
            "valor_unitario": 375072,
            "descuento": 0.3,
            "IVA": 19
        },
        {
            "codigo": "LSKJN6gEG8",
            "total": 6,
            "valor_unitario": 50220,
            "descuento": 0.14,
            "IVA": 19
        },
        {
            "codigo": "voF3NnaDhw",
            "total": 16,
            "valor_unitario": 233178,
            "descuento": 0.13,
            "IVA": 5
        },
        {
            "codigo": "nToup6xn8A",
            "total": 9,
            "valor_unitario": 217144,
            "descuento": 0.08,
            "IVA": 5
        },
        {
            "codigo": "WioWWGrkPK",
            "total": 7,
            "valor_unitario": 517127,
            "descuento": 0.49,
            "IVA": 5
        },
        {
            "codigo": "E2jC4kSP8t",
            "total": 14,
            "valor_unitario": 484948,
            "descuento": 0.22,
            "IVA": 5
        }
    ]
}