{
    "empresa_nit": "456789123",
    "empresa_ciudad": "TUNJA",
    "empresa_sede": "autopista",
    "empresa_nombre": "Despensa Natura",
    "fecha_hora": "2020-03-29 02:37:21",
    "factura_num": "01021",
    "ciente_numero": 407425514,
    "pago_tipo": "EFECTIVO",
    "productos": [
        {
            "codigo": "xCIDGNWuSP",
            "total": 12,
            "valor_unitario": 358334,
            "descuento": 0.02,
            "IVA": 0
        },
        {
            "codigo": "eOerbTUJNH",
            "total": 4,
            "valor_unitario": 7298,
            "descuento": 0.12,
            "IVA": 5
        },
        {
            "codigo": "HPXwtuprjw",
            "total": 11,
            "valor_unitario": 965913,
            "descuento": 0.19,
            "IVA": 0
        },
        {
            "codigo": "L7A33dFM3J",
            "total": 19,
            "valor_unitario": 869243,
            "descuento": 0.06,
            "IVA": 0
        },
        {
            "codigo": "uWSSqfv5pO",
            "total": 16,
            "valor_unitario": 970783,
            "descuento": 0.45,
            "IVA": 5
        },
        {
            "codigo": "qLNFbghyWW",
            "total": 13,
            "valor_unitario": 48818,
            "descuento": 0.41,
            "IVA": 5
        },
        {
            "codigo": "qIwzNqsm83",
            "total": 6,
            "valor_unitario": 371535,
            "descuento": 0.49,
            "IVA": 5
        },
        {
            "codigo": "A3FXWg2bOY",
            "total": 19,
            "valor_unitario": 900953,
            "descuento": 0.37,
            "IVA": 19
        },
        {
            "codigo": "cQRg7FT56x",
            "total": 18,
            "valor_unitario": 979235,
            "descuento": 0.18,
            "IVA": 0
        },
        {
            "codigo": "1p3NpFGpqO",
            "total": 14,
            "valor_unitario": 243531,
            "descuento": 0.27,
            "IVA": 19
        },
        {
            "codigo": "NHFYeShvxn",
            "total": 18,
            "valor_unitario": 933853,
            "descuento": 0.1,
            "IVA": 19
        },
        {
            "codigo": "5nT9u5YW6I",
            "total": 8,
            "valor_unitario": 357094,
            "descuento": 0.03,
            "IVA": 0
        },
        {
            "codigo": "1GX6YjzJqd",
            "total": 3,
            "valor_unitario": 82319,
            "descuento": 0.49,
            "IVA": 0
        },
        {
            "codigo": "FrxrUavz6r",
            "total": 14,
            "valor_unitario": 630650,
            "descuento": 0.47,
            "IVA": 0
        }
    ]
}