{
    "empresa_nit": "456789123",
    "empresa_ciudad": "MEDELLIN",
    "empresa_sede": "autopista",
    "empresa_nombre": "Despensa Natura",
    "fecha_hora": "2022-10-15 17:44:27",
    "factura_num": "00333",
    "ciente_numero": 133534076,
    "pago_tipo": "TAR.DEBITO",
    "productos": [
        {
            "codigo": "r7lAH33hUd",
            "total": 2,
            "valor_unitario": 564894,
            "descuento": 0.11,
            "IVA": 5
        },
        {
            "codigo": "ebNCagl4bj",
            "total": 13,
            "valor_unitario": 199317,
            "descuento": 0.23,
            "IVA": 19
        },
        {
            "codigo": "Mwd0BDBp2h",
            "total": 10,
            "valor_unitario": 332915,
            "descuento": 0.02,
            "IVA": 0
        },
        {
            "codigo": "JWHKVgMXbN",
            "total": 11,
            "valor_unitario": 429482,
            "descuento": 0.16,
            "IVA": 19
        },
        {
            "codigo": "eEIWv7Xn78",
            "total": 2,
            "valor_unitario": 853208,
            "descuento": 0.45,
            "IVA": 19
        },
        {
            "codigo": "rNeLvPRrEO",
            "total": 5,
            "valor_unitario": 916791,
            "descuento": 0.08,
            "IVA": 19
        },
        {
            "codigo": "b9wHRqqg0G",
            "total": 16,
            "valor_unitario": 240703,
            "descuento": 0.01,
            "IVA": 5
        },
        {
            "codigo": "EbIeDT5LAV",
            "total": 11,
            "valor_unitario": 71253,
            "descuento": 0.35,
            "IVA": 19
        },
        {
            "codigo": "ZwfodWzKpR",
            "total": 5,
            "valor_unitario": 854879,
            "descuento": 0.16,
            "IVA": 5
        }
    ]
}