{
    "empresa_nit": "456789123",
    "empresa_ciudad": "BOGOTA",
    "empresa_sede": "aeropuerto",
    "empresa_nombre": "Despensa Natura",
    "fecha_hora": "2023-01-05 11:41:26",
    "factura_num": "00121",
    "ciente_numero": 261990915,
    "pago_tipo": "TAR.CREDITO",
    "productos": [
        {
            "codigo": "iGbcweIPYv",
            "total": 15,
            "valor_unitario": 63566,
            "descuento": 0.39,
            "IVA": 5
        },
        {
            "codigo": "XHLgDcOrEr",
            "total": 4,
            "valor_unitario": 864790,
            "descuento": 0.32,
            "IVA": 19
        },
        {
            "codigo": "RztGjsOeae",
            "total": 18,
            "valor_unitario": 708080,
            "descuento": 0.32,
            "IVA": 5
        },
        {
            "codigo": "HnNfbyDPDj",
            "total": 2,
            "valor_unitario": 543377,
            "descuento": 0.37,
            "IVA": 0
        },
        {
            "codigo": "QUaf9Tn2sB",
            "total": 16,
            "valor_unitario": 966365,
            "descuento": 0.2,
            "IVA": 0
        },
        {
            "codigo": "nmpjNJq7uL",
            "total": 6,
            "valor_unitario": 520159,
            "descuento": 0.24,
            "IVA": 0
        },
        {
            "codigo": "jyduVzIQLA",
            "total": 5,
            "valor_unitario": 313568,
            "descuento": 0.27,
            "IVA": 19
        },
        {
            "codigo": "tmTCD4nRne",
            "total": 3,
            "valor_unitario": 957498,
            "descuento": 0.5,
            "IVA": 5
        },
        {
            "codigo": "XmtreHqpLD",
            "total": 6,
            "valor_unitario": 366961,
            "descuento": 0.41,
            "IVA": 0
        }
    ]
}