{
    "empresa_nit": "456789123",
    "empresa_ciudad": "BARRANQUILLA",
    "empresa_sede": "autopista",
    "empresa_nombre": "Despensa Natura",
    "fecha_hora": "2024-07-22 15:40:55",
    "factura_num": "00322",
    "ciente_numero": 640007045,
    "pago_tipo": "TAR.CREDITO",
    "productos": [
        {
            "codigo": "sU5elnBA1O",
            "total": 20,
            "valor_unitario": 643130,
            "descuento": 0.42,
            "IVA": 5
        },
        {
            "codigo": "7wNJAG21o2",
            "total": 9,
            "valor_unitario": 511559,
            "descuento": 0.22,
            "IVA": 5
        },
        {
            "codigo": "2mYEhMF04S",
            "total": 12,
            "valor_unitario": 415155,
            "descuento": 0.16,
            "IVA": 0
        },
        {
            "codigo": "qyaGYeVG5a",
            "total": 9,
            "valor_unitario": 859584,
            "descuento": 0.05,
            "IVA": 5
        },
        {
            "codigo": "7UnwXJngNU",
            "total": 2,
            "valor_unitario": 666729,
            "descuento": 0.02,
            "IVA": 19
        },
        {
            "codigo": "pLCUS4susH",
            "total": 19,
            "valor_unitario": 60738,
            "descuento": 0.14,
            "IVA": 5
        },
        {
            "codigo": "DpsDDyZEC5",
            "total": 15,
            "valor_unitario": 917394,
            "descuento": 0.12,
            "IVA": 19
        },
        {
            "codigo": "qwultGTibH",
            "total": 10,
            "valor_unitario": 430512,
            "descuento": 0.23,
            "IVA": 5
        },
        {
            "codigo": "zaLgGcxoAy",
            "total": 1,
            "valor_unitario": 782716,
            "descuento": 0.12,
            "IVA": 0
        }
    ]
}