{
    "empresa_nit": "456789123",
    "empresa_ciudad": "BOGOTA",
    "empresa_sede": "centro",
    "empresa_nombre": "Despensa Natura",
    "fecha_hora": "2020-11-06 23:11:41",
    "factura_num": "00265",
    "ciente_numero": 231037410,
    "pago_tipo": "TAR.DEBITO",
    "productos": [
        {
            "codigo": "3TLqS7b5l6",
            "total": 17,
            "valor_unitario": 549484,
            "descuento": 0.26,
            "IVA": 5
        },
        {
            "codigo": "eKX5B5aW8P",
            "total": 9,
            "valor_unitario": 202666,
            "descuento": 0.23,
            "IVA": 19
        },
        {
            "codigo": "ry2ep2Iip5",
            "total": 8,
            "valor_unitario": 125968,
            "descuento": 0.41,
            "IVA": 5
        },
        {
            "codigo": "Vsp92Kd1wW",
            "total": 14,
            "valor_unitario": 681490,
            "descuento": 0.32,
            "IVA": 5
        },
        {
            "codigo": "9imMllr1q2",
            "total": 11,
            "valor_unitario": 410886,
            "descuento": 0.38,
            "IVA": 0
        },
        {
            "codigo": "g9piKfWsT8",
            "total": 18,
            "valor_unitario": 166510,
            "descuento": 0.49,
            "IVA": 5
        },
        {
            "codigo": "OMARvsbVKg",
            "total": 7,
            "valor_unitario": 905452,
            "descuento": 0.05,
            "IVA": 0
        },
        {
            "codigo": "uGTKQaYQ4X",
            "total": 11,
            "valor_unitario": 452494,
            "descuento": 0.36,
            "IVA": 5
        },
        {
            "codigo": "s2gjnQvXbo",
            "total": 13,
            "valor_unitario": 163927,
            "descuento": 0.4,
            "IVA": 5
        },
        {
            "codigo": "turhBrc8Eu",
            "total": 14,
            "valor_unitario": 8837,
            "descuento": 0.31,
            "IVA": 5
        },
        {
            "codigo": "e54riRo6Tz",
            "total": 2,
            "valor_unitario": 355161,
            "descuento": 0.13,
            "IVA": 19
        },
        {
            "codigo": "3ZZOHw1NBR",
            "total": 5,
            "valor_unitario": 931309,
            "descuento": 0.06,
            "IVA": 19
        },
        {
            "codigo": "gAl1DQRFq0",
            "total": 7,
            "valor_unitario": 273848,
            "descuento": 0.44,
            "IVA": 5
        },
        {
            "codigo": "I5Xo3Yij0g",
            "total": 8,
            "valor_unitario": 460499,
            "descuento": 0.26,
            "IVA": 5
        },
        {
            "codigo": "0a9eN1cjVj",
            "total": 4,
            "valor_unitario": 599061,
            "descuento": 0.43,
            "IVA": 19
        },
        {
            "codigo": "F9498tsTJC",
            "total": 9,
            "valor_unitario": 896323,
            "descuento": 0.05,
            "IVA": 19
        },
        {
            "codigo": "8ejgTZe6sE",
            "total": 11,
            "valor_unitario": 69230,
            "descuento": 0.13,
            "IVA": 5
        },
        {
            "codigo": "r4H1bMhbLK",
            "total": 17,
            "valor_unitario": 51349,
            "descuento": 0.02,
            "IVA": 19
        },
        {
            "codigo": "ewLvKO5kdY",
            "total": 15,
            "valor_unitario": 397696,
            "descuento": 0.32,
            "IVA": 19
        },
        {
            "codigo": "uiQtK1em8I",
            "total": 5,
            "valor_unitario": 837542,
            "descuento": 0.42,
            "IVA": 0
        }
    ]
}