{
    "empresa_nit": "456789123",
    "empresa_ciudad": "TUNJA",
    "empresa_sede": "alcaldia",
    "empresa_nombre": "Despensa Natura",
    "fecha_hora": "2020-04-17 10:13:39",
    "factura_num": "00257",
    "ciente_numero": 160694023,
    "pago_tipo": "TRANFERENCIA",
    "productos": [
        {
            "codigo": "EkFFkY4JMS",
            "total": 12,
            "valor_unitario": 680958,
            "descuento": 0.39,
            "IVA": 0
        },
        {
            "codigo": "OecJrUjXvr",
            "total": 2,
            "valor_unitario": 808071,
            "descuento": 0.43,
            "IVA": 19
        },
        {
            "codigo": "V5ik5E1UgN",
            "total": 6,
            "valor_unitario": 248004,
            "descuento": 0.22,
            "IVA": 0
        },
        {
            "codigo": "TonIxakfTy",
            "total": 5,
            "valor_unitario": 385916,
            "descuento": 0.09,
            "IVA": 0
        },
        {
            "codigo": "RxT95VDYAA",
            "total": 15,
            "valor_unitario": 846035,
            "descuento": 0.02,
            "IVA": 0
        },
        {
            "codigo": "aIoXmktamV",
            "total": 12,
            "valor_unitario": 706088,
            "descuento": 0.41,
            "IVA": 0
        },
        {
            "codigo": "a2qm44Iwxi",
            "total": 16,
            "valor_unitario": 426316,
            "descuento": 0.03,
            "IVA": 5
        },
        {
            "codigo": "QGwIgygaLp",
            "total": 13,
            "valor_unitario": 413908,
            "descuento": 0.11,
            "IVA": 0
        },
        {
            "codigo": "z6fD9pe92j",
            "total": 4,
            "valor_unitario": 190464,
            "descuento": 0.15,
            "IVA": 5
        },
        {
            "codigo": "SH7jYEIEuK",
            "total": 1,
            "valor_unitario": 709329,
            "descuento": 0.27,
            "IVA": 19
        },
        {
            "codigo": "PcaCHBSYzH",
            "total": 1,
            "valor_unitario": 928207,
            "descuento": 0.25,
            "IVA": 5
        },
        {
            "codigo": "mN1WGVzQgs",
            "total": 20,
            "valor_unitario": 648900,
            "descuento": 0.18,
            "IVA": 0
        }
    ]
}