{
    "empresa_nit": "456789123",
    "empresa_ciudad": "BARRANQUILLA",
    "empresa_sede": "aeropuerto",
    "empresa_nombre": "Despensa Natura",
    "fecha_hora": "2020-09-16 00:06:07",
    "factura_num": "01102",
    "ciente_numero": 341062026,
    "pago_tipo": "TAR.CREDITO",
    "productos": [
        {
            "codigo": "r58SzOPZ18",
            "total": 18,
            "valor_unitario": 638670,
            "descuento": 0.28,
            "IVA": 5
        },
        {
            "codigo": "wUMeTpmOy5",
            "total": 7,
            "valor_unitario": 756015,
            "descuento": 0.49,
            "IVA": 19
        },
        {
            "codigo": "f7BL02PQ8i",
            "total": 14,
            "valor_unitario": 896519,
            "descuento": 0.12,
            "IVA": 19
        },
        {
            "codigo": "9tqAANY3xP",
            "total": 1,
            "valor_unitario": 614036,
            "descuento": 0.31,
            "IVA": 0
        },
        {
            "codigo": "E9leXuQwvD",
            "total": 2,
            "valor_unitario": 391594,
            "descuento": 0.18,
            "IVA": 0
        },
        {
            "codigo": "kFlVU4l8Iw",
            "total": 2,
            "valor_unitario": 893871,
            "descuento": 0.45,
            "IVA": 5
        },
        {
            "codigo": "KtgqcFmf0k",
            "total": 10,
            "valor_unitario": 948297,
            "descuento": 0.46,
            "IVA": 0
        }
    ]
}