{
    "empresa_nit": "456789123",
    "empresa_ciudad": "TUNJA",
    "empresa_sede": "alcaldia",
    "empresa_nombre": "Despensa Natura",
    "fecha_hora": "2022-09-27 11:37:44",
    "factura_num": "00366",
    "ciente_numero": 200569316,
    "pago_tipo": "TAR.CREDITO",
    "productos": [
        {
            "codigo": "55oSl8st1P",
            "total": 9,
            "valor_unitario": 31485,
            "descuento": 0.27,
            "IVA": 5
        },
        {
            "codigo": "hPs6CyJQto",
            "total": 17,
            "valor_unitario": 485969,
            "descuento": 0.22,
            "IVA": 5
        },
        {
            "codigo": "9csniy21oA",
            "total": 15,
            "valor_unitario": 407143,
            "descuento": 0.49,
            "IVA": 19
        },
        {
            "codigo": "wkEZTQLkEe",
            "total": 14,
            "valor_unitario": 14055,
            "descuento": 0.26,
            "IVA": 19
        },
        {
            "codigo": "W1WzsG4jMg",
            "total": 11,
            "valor_unitario": 833222,
            "descuento": 0.13,
            "IVA": 19
        },
        {
            "codigo": "YMJAafJAq6",
            "total": 9,
            "valor_unitario": 339503,
            "descuento": 0.34,
            "IVA": 0
        },
        {
            "codigo": "zL4Se8tf0A",
            "total": 6,
            "valor_unitario": 109931,
            "descuento": 0.33,
            "IVA": 0
        },
        {
            "codigo": "CoW2UgWg8h",
            "total": 20,
            "valor_unitario": 415247,
            "descuento": 0.21,
            "IVA": 0
        },
        {
            "codigo": "WsNEiGSBzS",
            "total": 18,
            "valor_unitario": 999530,
            "descuento": 0.21,
            "IVA": 19
        },
        {
            "codigo": "YBH0CajSRg",
            "total": 15,
            "valor_unitario": 129101,
            "descuento": 0.01,
            "IVA": 0
        }
    ]
}