{
    "empresa_nit": "456789123",
    "empresa_ciudad": "CALI",
    "empresa_sede": "alcaldia",
    "empresa_nombre": "Despensa Natura",
    "fecha_hora": "2023-11-13 14:42:29",
    "factura_num": "00416",
    "ciente_numero": 118939053,
    "pago_tipo": "TAR.DEBITO",
    "productos": [
        {
            "codigo": "UtCtPa3Jhu",
            "total": 10,
            "valor_unitario": 373660,
            "descuento": 0.16,
            "IVA": 0
        },
        {
            "codigo": "POI6u9nMGr",
            "total": 16,
            "valor_unitario": 21158,
            "descuento": 0.39,
            "IVA": 0
        },
        {
            "codigo": "gIHS1dgmxE",
            "total": 16,
            "valor_unitario": 990258,
            "descuento": 0.01,
            "IVA": 5
        },
        {
            "codigo": "k2quN0LGuu",
            "total": 15,
            "valor_unitario": 879714,
            "descuento": 0.12,
            "IVA": 5
        },
        {
            "codigo": "YBM9GUOreZ",
            "total": 10,
            "valor_unitario": 545607,
            "descuento": 0.18,
            "IVA": 19
        },
        {
            "codigo": "APZ4HtqzW9",
            "total": 6,
            "valor_unitario": 776653,
            "descuento": 0.24,
            "IVA": 0
        },
        {
            "codigo": "i3WigVG1iE",
            "total": 17,
            "valor_unitario": 853505,
            "descuento": 0.02,
            "IVA": 0
        },
        {
            "codigo": "HOi3OSmIAm",
            "total": 11,
            "valor_unitario": 126180,
            "descuento": 0.21,
            "IVA": 5
        },
        {
            "codigo": "BNMDYVJBJM",
            "total": 4,
            "valor_unitario": 68411,
            "descuento": 0.25,
            "IVA": 0
        },
        {
            "codigo": "Gxp8TVFqA9",
            "total": 8,
            "valor_unitario": 674944,
            "descuento": 0.48,
            "IVA": 5
        },
        {
            "codigo": "XcWDj7WFLR",
            "total": 6,
            "valor_unitario": 726671,
            "descuento": 0.07,
            "IVA": 0
        },
        {
            "codigo": "O6atdA9DjC",
            "total": 4,
            "valor_unitario": 200923,
            "descuento": 0.04,
            "IVA": 5
        },
        {
            "codigo": "bw3SNEhl6G",
            "total": 13,
            "valor_unitario": 523907,
            "descuento": 0.06,
            "IVA": 19
        },
        {
            "codigo": "yw5AP9X3F7",
            "total": 18,
            "valor_unitario": 267714,
            "descuento": 0.18,
            "IVA": 5
        },
        {
            "codigo": "JJXVaQ0BVA",
            "total": 6,
            "valor_unitario": 131203,
            "descuento": 0.33,
            "IVA": 19
        },
        {
            "codigo": "VWfX5UXDiz",
            "total": 19,
            "valor_unitario": 663255,
            "descuento": 0.48,
            "IVA": 19
        },
        {
            "codigo": "Wk0kJSESGD",
            "total": 3,
            "valor_unitario": 438820,
            "descuento": 0.21,
            "IVA": 5
        },
        {
            "codigo": "5kZrElmBQ6",
            "total": 4,
            "valor_unitario": 911042,
            "descuento": 0.26,
            "IVA": 19
        }
    ]
}