{
    "empresa_nit": "456789123",
    "empresa_ciudad": "MEDELLIN",
    "empresa_sede": "terminal",
    "empresa_nombre": "Despensa Natura",
    "fecha_hora": "2023-08-15 03:20:16",
    "factura_num": "00003",
    "ciente_numero": 176049240,
    "pago_tipo": "TAR.DEBITO",
    "productos": [
        {
            "codigo": "zgd6MKZFY3",
            "total": 16,
            "valor_unitario": 219719,
            "descuento": 0.11,
            "IVA": 5
        },
        {
            "codigo": "V3BGamerR2",
            "total": 10,
            "valor_unitario": 435242,
            "descuento": 0.26,
            "IVA": 19
        },
        {
            "codigo": "TVrLPEAQrJ",
            "total": 8,
            "valor_unitario": 119318,
            "descuento": 0.31,
            "IVA": 5
        },
        {
            "codigo": "ASEqqCkINE",
            "total": 15,
            "valor_unitario": 233318,
            "descuento": 0.23,
            "IVA": 0
        },
        {
            "codigo": "rSNIcZENjE",
            "total": 13,
            "valor_unitario": 533826,
            "descuento": 0.18,
            "IVA": 19
        }
    ]
}