{
    "empresa_nit": "456789123",
    "empresa_ciudad": "BARRANQUILLA",
    "empresa_sede": "terminal",
    "empresa_nombre": "Despensa Natura",
    "fecha_hora": "2021-09-07 21:12:52",
    "factura_num": "00378",
    "ciente_numero": 447749864,
    "pago_tipo": "TRANFERENCIA",
    "productos": [
        {
            "codigo": "BCdC1E7ywv",
            "total": 16,
            "valor_unitario": 347220,
            "descuento": 0.16,
            "IVA": 5
        },
        {
            "codigo": "vojxKwTwZT",
            "total": 2,
            "valor_unitario": 68800,
            "descuento": 0.16,
            "IVA": 5
        },
        {
            "codigo": "msfguoFhI5",
            "total": 2,
            "valor_unitario": 946877,
            "descuento": 0.23,
            "IVA": 5
        },
        {
            "codigo": "Tq76WG4YmX",
            "total": 9,
            "valor_unitario": 446690,
            "descuento": 0.34,
            "IVA": 19
        },
        {
            "codigo": "sMZWzbPt3a",
            "total": 20,
            "valor_unitario": 570526,
            "descuento": 0.04,
            "IVA": 5
        },
        {
            "codigo": "h9aspIdvWj",
            "total": 19,
            "valor_unitario": 132137,
            "descuento": 0.05,
            "IVA": 19
        },
        {
            "codigo": "xe93TQu8rm",
            "total": 7,
            "valor_unitario": 591851,
            "descuento": 0.38,
            "IVA": 19
        },
        {
            "codigo": "OhReyhWRjm",
            "total": 8,
            "valor_unitario": 98968,
            "descuento": 0.1,
            "IVA": 0
        },
        {
            "codigo": "ShhpUOm0yJ",
            "total": 15,
            "valor_unitario": 341168,
            "descuento": 0.28,
            "IVA": 19
        },
        {
            "codigo": "n5U1FyABWP",
            "total": 12,
            "valor_unitario": 925764,
            "descuento": 0.48,
            "IVA": 5
        },
        {
            "codigo": "p3BMDAsfqI",
            "total": 7,
            "valor_unitario": 275334,
            "descuento": 0.49,
            "IVA": 5
        },
        {
            "codigo": "wLcNTcBTFq",
            "total": 9,
            "valor_unitario": 174244,
            "descuento": 0.21,
            "IVA": 5
        },
        {
            "codigo": "tw8eUknPmD",
            "total": 8,
            "valor_unitario": 156080,
            "descuento": 0.13,
            "IVA": 19
        },
        {
            "codigo": "OEpT1MH6g1",
            "total": 5,
            "valor_unitario": 627400,
            "descuento": 0.46,
            "IVA": 0
        },
        {
            "codigo": "poQ3QOmHcG",
            "total": 7,
            "valor_unitario": 120069,
            "descuento": 0.44,
            "IVA": 19
        },
        {
            "codigo": "appq2rg5nF",
            "total": 8,
            "valor_unitario": 387042,
            "descuento": 0.3,
            "IVA": 19
        }
    ]
}