{
    "empresa_nit": "456789123",
    "empresa_ciudad": "CALI",
    "empresa_sede": "centro",
    "empresa_nombre": "Despensa Natura",
    "fecha_hora": "2024-09-01 07:18:44",
    "factura_num": "01142",
    "ciente_numero": 320736192,
    "pago_tipo": "TAR.DEBITO",
    "productos": [
        {
            "codigo": "Z02U998OtI",
            "total": 13,
            "valor_unitario": 611791,
            "descuento": 0.05,
            "IVA": 0
        },
        {
            "codigo": "NmWzn7dWHW",
            "total": 3,
            "valor_unitario": 964615,
            "descuento": 0.3,
            "IVA": 19
        },
        {
            "codigo": "shXbzhdo8S",
            "total": 20,
            "valor_unitario": 905140,
            "descuento": 0.47,
            "IVA": 5
        },
        {
            "codigo": "vrlmwbu7ub",
            "total": 8,
            "valor_unitario": 252504,
            "descuento": 0.47,
            "IVA": 0
        },
        {
            "codigo": "zQPt9SToG2",
            "total": 9,
            "valor_unitario": 306715,
            "descuento": 0.37,
            "IVA": 19
        },
        {
            "codigo": "oSQWuMz3Vd",
            "total": 14,
            "valor_unitario": 389375,
            "descuento": 0.32,
            "IVA": 5
        },
        {
            "codigo": "zUOxmP12tl",
            "total": 8,
            "valor_unitario": 581767,
            "descuento": 0.17,
            "IVA": 5
        },
        {
            "codigo": "ToEw3cHu3p",
            "total": 1,
            "valor_unitario": 555718,
            "descuento": 0.13,
            "IVA": 0
        },
        {
            "codigo": "5QvuU87Jdc",
            "total": 13,
            "valor_unitario": 518000,
            "descuento": 0.13,
            "IVA": 19
        },
        {
            "codigo": "otVB3sATiE",
            "total": 11,
            "valor_unitario": 21894,
            "descuento": 0.04,
            "IVA": 0
        },
        {
            "codigo": "swkE81h0DD",
            "total": 16,
            "valor_unitario": 748246,
            "descuento": 0.35,
            "IVA": 19
        },
        {
            "codigo": "u21Q9FeVky",
            "total": 7,
            "valor_unitario": 763731,
            "descuento": 0.23,
            "IVA": 0
        },
        {
            "codigo": "ualsFsIS0S",
            "total": 6,
            "valor_unitario": 301316,
            "descuento": 0.25,
            "IVA": 5
        },
        {
            "codigo": "yfykL5Zqtr",
            "total": 10,
            "valor_unitario": 26456,
            "descuento": 0.08,
            "IVA": 19
        },
        {
            "codigo": "IuMHznhX2H",
            "total": 18,
            "valor_unitario": 311478,
            "descuento": 0.3,
            "IVA": 5
        },
        {
            "codigo": "7nBPfOZISs",
            "total": 20,
            "valor_unitario": 150233,
            "descuento": 0.48,
            "IVA": 19
        },
        {
            "codigo": "GF5wzDqVeH",
            "total": 19,
            "valor_unitario": 528461,
            "descuento": 0.18,
            "IVA": 0
        },
        {
            "codigo": "IkhF40AQ8t",
            "total": 6,
            "valor_unitario": 630001,
            "descuento": 0.4,
            "IVA": 0
        }
    ]
}