{
    "empresa_nit": "456789123",
    "empresa_ciudad": "MEDELLIN",
    "empresa_sede": "alcaldia",
    "empresa_nombre": "Despensa Natura",
    "fecha_hora": "2020-03-18 21:52:05",
    "factura_num": "00345",
    "ciente_numero": 257780268,
    "pago_tipo": "EFECTIVO",
    "productos": [
        {
            "codigo": "lvzfL4QEz8",
            "total": 3,
            "valor_unitario": 396204,
            "descuento": 0.2,
            "IVA": 5
        },
        {
            "codigo": "WHwA8d0sHq",
            "total": 3,
            "valor_unitario": 982829,
            "descuento": 0.11,
            "IVA": 0
        },
        {
            "codigo": "FSp6AqJW96",
            "total": 9,
            "valor_unitario": 489587,
            "descuento": 0.02,
            "IVA": 19
        }
    ]
}