{
    "empresa_nit": "456789123",
    "empresa_ciudad": "CALI",
    "empresa_sede": "alcaldia",
    "empresa_nombre": "Despensa Natura",
    "fecha_hora": "2022-10-19 00:30:25",
    "factura_num": "00222",
    "ciente_numero": 212664721,
    "pago_tipo": "EFECTIVO",
    "productos": [
        {
            "codigo": "5g5hhTR4fj",
            "total": 12,
            "valor_unitario": 862433,
            "descuento": 0.17,
            "IVA": 19
        },
        {
            "codigo": "HXl0OuuOsu",
            "total": 16,
            "valor_unitario": 233212,
            "descuento": 0.44,
            "IVA": 0
        },
        {
            "codigo": "nCzoNlTlcy",
            "total": 17,
            "valor_unitario": 24067,
            "descuento": 0.03,
            "IVA": 0
        },
        {
            "codigo": "c1p7CYgElK",
            "total": 18,
            "valor_unitario": 352789,
            "descuento": 0.09,
            "IVA": 0
        },
        {
            "codigo": "QrrbbKR5pD",
            "total": 9,
            "valor_unitario": 617869,
            "descuento": 0.14,
            "IVA": 5
        },
        {
            "codigo": "I3OOguo68N",
            "total": 4,
            "valor_unitario": 689708,
            "descuento": 0.07,
            "IVA": 19
        },
        {
            "codigo": "9psaNIgrBY",
            "total": 16,
            "valor_unitario": 414487,
            "descuento": 0.28,
            "IVA": 19
        },
        {
            "codigo": "fsGud67HUW",
            "total": 15,
            "valor_unitario": 657635,
            "descuento": 0.49,
            "IVA": 19
        },
        {
            "codigo": "M8qU2bdJa3",
            "total": 4,
            "valor_unitario": 810563,
            "descuento": 0.46,
            "IVA": 0
        },
        {
            "codigo": "ZB7WOQZHzc",
            "total": 6,
            "valor_unitario": 613508,
            "descuento": 0.4,
            "IVA": 0
        },
        {
            "codigo": "6evc2HXIIX",
            "total": 20,
            "valor_unitario": 95732,
            "descuento": 0.04,
            "IVA": 0
        },
        {
            "codigo": "2qAFvv50pD",
            "total": 4,
            "valor_unitario": 786611,
            "descuento": 0.5,
            "IVA": 0
        },
        {
            "codigo": "msuoTv3akS",
            "total": 15,
            "valor_unitario": 818542,
            "descuento": 0.11,
            "IVA": 0
        },
        {
            "codigo": "rlVSlpQAw8",
            "total": 18,
            "valor_unitario": 429034,
            "descuento": 0.08,
            "IVA": 19
        },
        {
            "codigo": "PtkNhhnGa5",
            "total": 14,
            "valor_unitario": 533223,
            "descuento": 0.45,
            "IVA": 5
        },
        {
            "codigo": "9bkFIPTq9J",
            "total": 7,
            "valor_unitario": 845724,
            "descuento": 0.27,
            "IVA": 5
        },
        {
            "codigo": "pyDIL6AEU0",
            "total": 2,
            "valor_unitario": 66722,
            "descuento": 0.03,
            "IVA": 5
        },
        {
            "codigo": "4DXHxAbhkb",
            "total": 6,
            "valor_unitario": 877020,
            "descuento": 0.33,
            "IVA": 5
        }
    ]
}