{
    "empresa_nit": "456789123",
    "empresa_ciudad": "TUNJA",
    "empresa_sede": "aeropuerto",
    "empresa_nombre": "Despensa Natura",
    "fecha_hora": "2023-01-29 14:42:16",
    "factura_num": "00367",
    "ciente_numero": 969531639,
    "pago_tipo": "TAR.DEBITO",
    "productos": [
        {
            "codigo": "OgTlzD7pw9",
            "total": 15,
            "valor_unitario": 500498,
            "descuento": 0.3,
            "IVA": 19
        },
        {
            "codigo": "GJMg25DSc3",
            "total": 19,
            "valor_unitario": 489905,
            "descuento": 0.38,
            "IVA": 0
        },
        {
            "codigo": "R1cLWu15Hr",
            "total": 14,
            "valor_unitario": 657229,
            "descuento": 0.24,
            "IVA": 0
        },
        {
            "codigo": "3f5NzVw2aS",
            "total": 11,
            "valor_unitario": 465877,
            "descuento": 0.01,
            "IVA": 5
        },
        {
            "codigo": "FuuRFcSpqy",
            "total": 2,
            "valor_unitario": 70823,
            "descuento": 0.03,
            "IVA": 0
        },
        {
            "codigo": "bVH7Z6FyOh",
            "total": 6,
            "valor_unitario": 113546,
            "descuento": 0.09,
            "IVA": 0
        },
        {
            "codigo": "RkMc2o7Clr",
            "total": 4,
            "valor_unitario": 257957,
            "descuento": 0.26,
            "IVA": 19
        },
        {
            "codigo": "agOwaV5cbi",
            "total": 17,
            "valor_unitario": 454695,
            "descuento": 0.01,
            "IVA": 5
        },
        {
            "codigo": "682oqwX2Q5",
            "total": 9,
            "valor_unitario": 617151,
            "descuento": 0.43,
            "IVA": 5
        },
        {
            "codigo": "cwx7SAKKck",
            "total": 3,
            "valor_unitario": 447589,
            "descuento": 0.1,
            "IVA": 19
        },
        {
            "codigo": "DenlylCXWl",
            "total": 5,
            "valor_unitario": 467144,
            "descuento": 0.38,
            "IVA": 5
        },
        {
            "codigo": "F94sQJ64hz",
            "total": 19,
            "valor_unitario": 403193,
            "descuento": 0.22,
            "IVA": 0
        }
    ]
}