{
    "empresa_nit": "456789123",
    "empresa_ciudad": "BARRANQUILLA",
    "empresa_sede": "alcaldia",
    "empresa_nombre": "Despensa Natura",
    "fecha_hora": "2021-01-15 11:19:12",
    "factura_num": "00318",
    "ciente_numero": 315301833,
    "pago_tipo": "TRANFERENCIA",
    "productos": [
        {
            "codigo": "RzZ9SxAiB3",
            "total": 12,
            "valor_unitario": 271201,
            "descuento": 0.05,
            "IVA": 5
        },
        {
            "codigo": "K5DLEPuFDs",
            "total": 10,
            "valor_unitario": 439357,
            "descuento": 0.41,
            "IVA": 19
        },
        {
            "codigo": "tXCXkSagPK",
            "total": 18,
            "valor_unitario": 724446,
            "descuento": 0.45,
            "IVA": 5
        },
        {
            "codigo": "nhgD1o0k4S",
            "total": 3,
            "valor_unitario": 329799,
            "descuento": 0.48,
            "IVA": 0
        },
        {
            "codigo": "Oe9skEQou1",
            "total": 15,
            "valor_unitario": 775946,
            "descuento": 0.27,
            "IVA": 0
        },
        {
            "codigo": "mWo8QFOJy7",
            "total": 3,
            "valor_unitario": 798053,
            "descuento": 0.22,
            "IVA": 0
        },
        {
            "codigo": "keD4bvbXOT",
            "total": 17,
            "valor_unitario": 653142,
            "descuento": 0.04,
            "IVA": 0
        },
        {
            "codigo": "kHPZa0g4tP",
            "total": 11,
            "valor_unitario": 655531,
            "descuento": 0.31,
            "IVA": 19
        },
        {
            "codigo": "joQuDDWThY",
            "total": 8,
            "valor_unitario": 313104,
            "descuento": 0.32,
            "IVA": 19
        },
        {
            "codigo": "WjTSFFVfEW",
            "total": 11,
            "valor_unitario": 986126,
            "descuento": 0.29,
            "IVA": 19
        },
        {
            "codigo": "yMnPOOgkkr",
            "total": 14,
            "valor_unitario": 842018,
            "descuento": 0.4,
            "IVA": 19
        },
        {
            "codigo": "JgjPfIwqfw",
            "total": 14,
            "valor_unitario": 451839,
            "descuento": 0.4,
            "IVA": 5
        },
        {
            "codigo": "CDI9XZZINJ",
            "total": 16,
            "valor_unitario": 803811,
            "descuento": 0.05,
            "IVA": 5
        }
    ]
}