{
    "empresa_nit": "456789123",
    "empresa_ciudad": "MEDELLIN",
    "empresa_sede": "alcaldia",
    "empresa_nombre": "Despensa Natura",
    "fecha_hora": "2020-12-31 23:46:50",
    "factura_num": "00018",
    "ciente_numero": 136768787,
    "pago_tipo": "TAR.CREDITO",
    "productos": [
        {
            "codigo": "uvveOKLQKi",
            "total": 2,
            "valor_unitario": 342229,
            "descuento": 0.4,
            "IVA": 0
        },
        {
            "codigo": "AIjQrZ7kD4",
            "total": 17,
            "valor_unitario": 867701,
            "descuento": 0.42,
            "IVA": 0
        },
        {
            "codigo": "ZmeQmHaYOm",
            "total": 6,
            "valor_unitario": 398814,
            "descuento": 0.18,
            "IVA": 19
        },
        {
            "codigo": "cpIUZUPGfY",
            "total": 1,
            "valor_unitario": 590436,
            "descuento": 0.06,
            "IVA": 0
        },
        {
            "codigo": "WNJISuTr9U",
            "total": 18,
            "valor_unitario": 767909,
            "descuento": 0.25,
            "IVA": 5
        },
        {
            "codigo": "7VTcah3GAq",
            "total": 4,
            "valor_unitario": 586177,
            "descuento": 0.5,
            "IVA": 19
        },
        {
            "codigo": "hf3KUfQoW5",
            "total": 11,
            "valor_unitario": 937725,
            "descuento": 0.09,
            "IVA": 0
        },
        {
            "codigo": "CcNGiyWM4j",
            "total": 7,
            "valor_unitario": 885159,
            "descuento": 0.09,
            "IVA": 0
        },
        {
            "codigo": "OvxQn9izc0",
            "total": 14,
            "valor_unitario": 610461,
            "descuento": 0.43,
            "IVA": 0
        },
        {
            "codigo": "wtAOMfIx5g",
            "total": 10,
            "valor_unitario": 959283,
            "descuento": 0.07,
            "IVA": 0
        },
        {
            "codigo": "LdA5Rgv2dG",
            "total": 14,
            "valor_unitario": 872994,
            "descuento": 0.13,
            "IVA": 5
        },
        {
            "codigo": "e6tGfNcYZ5",
            "total": 4,
            "valor_unitario": 610855,
            "descuento": 0.3,
            "IVA": 5
        },
        {
            "codigo": "TebW7Fw0J6",
            "total": 7,
            "valor_unitario": 477334,
            "descuento": 0.08,
            "IVA": 0
        }
    ]
}