{
    "empresa_nit": "456789123",
    "empresa_ciudad": "BARRANQUILLA",
    "empresa_sede": "centro",
    "empresa_nombre": "Despensa Natura",
    "fecha_hora": "2020-01-05 21:32:46",
    "factura_num": "00249",
    "ciente_numero": 99161886,
    "pago_tipo": "TAR.DEBITO",
    "productos": [
        {
            "codigo": "oIUEOn83O9",
            "total": 10,
            "valor_unitario": 493274,
            "descuento": 0.02,
            "IVA": 5
        },
        {
            "codigo": "k7TOzvdE6P",
            "total": 7,
            "valor_unitario": 184285,
            "descuento": 0.36,
            "IVA": 0
        },
        {
            "codigo": "oKTwS6Wt10",
            "total": 10,
            "valor_unitario": 555233,
            "descuento": 0.26,
            "IVA": 5
        },
        {
            "codigo": "fer1YMbnEy",
            "total": 19,
            "valor_unitario": 958719,
            "descuento": 0.3,
            "IVA": 0
        },
        {
            "codigo": "W9Ih3hKo9B",
            "total": 12,
            "valor_unitario": 900212,
            "descuento": 0.35,
            "IVA": 0
        },
        {
            "codigo": "YKHQ0BO3kZ",
            "total": 16,
            "valor_unitario": 756146,
            "descuento": 0.44,
            "IVA": 0
        },
        {
            "codigo": "wV5RCi6KDR",
            "total": 5,
            "valor_unitario": 576465,
            "descuento": 0.43,
            "IVA": 0
        },
        {
            "codigo": "3d1ACqXsll",
            "total": 20,
            "valor_unitario": 212314,
            "descuento": 0.39,
            "IVA": 0
        },
        {
            "codigo": "a4unbeNARk",
            "total": 6,
            "valor_unitario": 368917,
            "descuento": 0.49,
            "IVA": 0
        },
        {
            "codigo": "6KReBhrpp7",
            "total": 8,
            "valor_unitario": 216481,
            "descuento": 0.2,
            "IVA": 0
        },
        {
            "codigo": "VkA8Q9fd3h",
            "total": 11,
            "valor_unitario": 337395,
            "descuento": 0.01,
            "IVA": 0
        },
        {
            "codigo": "ja4ImxpcFl",
            "total": 15,
            "valor_unitario": 41159,
            "descuento": 0.27,
            "IVA": 5
        }
    ]
}