{
    "empresa_nit": "456789123",
    "empresa_ciudad": "MEDELLIN",
    "empresa_sede": "alcaldia",
    "empresa_nombre": "Despensa Natura",
    "fecha_hora": "2024-04-01 06:35:24",
    "factura_num": "00002",
    "ciente_numero": 569695183,
    "pago_tipo": "TRANFERENCIA",
    "productos": [
        {
            "codigo": "15VFUIC77w",
            "total": 9,
            "valor_unitario": 978462,
            "descuento": 0.01,
            "IVA": 5
        },
        {
            "codigo": "x1NKaIEUzg",
            "total": 15,
            "valor_unitario": 257796,
            "descuento": 0.22,
            "IVA": 5
        },
        {
            "codigo": "Evq25B8Z22",
            "total": 13,
            "valor_unitario": 225684,
            "descuento": 0.15,
            "IVA": 5
        },
        {
            "codigo": "tMWxOXN1pc",
            "total": 11,
            "valor_unitario": 97080,
            "descuento": 0.31,
            "IVA": 19
        },
        {
            "codigo": "M9T9RLkTkh",
            "total": 8,
            "valor_unitario": 658617,
            "descuento": 0.37,
            "IVA": 19
        },
        {
            "codigo": "tnwQYklAAc",
            "total": 17,
            "valor_unitario": 568523,
            "descuento": 0.28,
            "IVA": 19
        },
        {
            "codigo": "zYLNHiGjBY",
            "total": 2,
            "valor_unitario": 74472,
            "descuento": 0.12,
            "IVA": 0
        },
        {
            "codigo": "ODS3tc3a8m",
            "total": 3,
            "valor_unitario": 290971,
            "descuento": 0.09,
            "IVA": 5
        },
        {
            "codigo": "DyBeZ5S5Ec",
            "total": 3,
            "valor_unitario": 109140,
            "descuento": 0.5,
            "IVA": 0
        },
        {
            "codigo": "ZTsGXFQjtB",
            "total": 11,
            "valor_unitario": 114106,
            "descuento": 0.21,
            "IVA": 19
        },
        {
            "codigo": "50S2VyKFDe",
            "total": 11,
            "valor_unitario": 370233,
            "descuento": 0.21,
            "IVA": 0
        },
        {
            "codigo": "oKE4r5Mnas",
            "total": 17,
            "valor_unitario": 28030,
            "descuento": 0.35,
            "IVA": 0
        }
    ]
}