{
    "empresa_nit": "456789123",
    "empresa_ciudad": "TUNJA",
    "empresa_sede": "centro",
    "empresa_nombre": "Despensa Natura",
    "fecha_hora": "2020-11-26 16:53:24",
    "factura_num": "01106",
    "ciente_numero": 22266897,
    "pago_tipo": "TRANFERENCIA",
    "productos": [
        {
            "codigo": "SdAZohriWD",
            "total": 4,
            "valor_unitario": 758935,
            "descuento": 0.2,
            "IVA": 0
        },
        {
            "codigo": "fN3s2ufFCh",
            "total": 7,
            "valor_unitario": 228410,
            "descuento": 0.45,
            "IVA": 19
        }
    ]
}