{
    "empresa_nit": "456789123",
    "empresa_ciudad": "TUNJA",
    "empresa_sede": "plaza",
    "empresa_nombre": "Despensa Natura",
    "fecha_hora": "2021-08-25 18:03:29",
    "factura_num": "00252",
    "ciente_numero": 411511423,
    "pago_tipo": "TRANFERENCIA",
    "productos": [
        {
            "codigo": "CONpyR7Gpb",
            "total": 2,
            "valor_unitario": 328176,
            "descuento": 0.18,
            "IVA": 5
        },
        {
            "codigo": "9GfSoZluda",
            "total": 8,
            "valor_unitario": 107688,
            "descuento": 0.08,
            "IVA": 19
        },
        {
            "codigo": "qdpOzwdndi",
            "total": 4,
            "valor_unitario": 901093,
            "descuento": 0.2,
            "IVA": 5
        },
        {
            "codigo": "nGMc1lWRq5",
            "total": 1,
            "valor_unitario": 131055,
            "descuento": 0.12,
            "IVA": 19
        },
        {
            "codigo": "VgFEYfwBYO",
            "total": 9,
            "valor_unitario": 936890,
            "descuento": 0.22,
            "IVA": 5
        },
        {
            "codigo": "gscImgi3Y7",
            "total": 5,
            "valor_unitario": 94497,
            "descuento": 0.06,
            "IVA": 5
        },
        {
            "codigo": "PPlUp4srb7",
            "total": 16,
            "valor_unitario": 173382,
            "descuento": 0.27,
            "IVA": 19
        },
        {
            "codigo": "vd4K47a3rq",
            "total": 1,
            "valor_unitario": 294413,
            "descuento": 0.43,
            "IVA": 5
        },
        {
            "codigo": "wnWQwiSyGT",
            "total": 2,
            "valor_unitario": 808069,
            "descuento": 0.5,
            "IVA": 5
        },
        {
            "codigo": "GO4n6wxZsJ",
            "total": 18,
            "valor_unitario": 33596,
            "descuento": 0.4,
            "IVA": 0
        },
        {
            "codigo": "AszwNU2ppB",
            "total": 9,
            "valor_unitario": 372968,
            "descuento": 0.33,
            "IVA": 19
        }
    ]
}