{
    "empresa_nit": "456789123",
    "empresa_ciudad": "BOGOTA",
    "empresa_sede": "plaza",
    "empresa_nombre": "Despensa Natura",
    "fecha_hora": "2024-07-30 16:24:45",
    "factura_num": "00281",
    "ciente_numero": 963724617,
    "pago_tipo": "EFECTIVO",
    "productos": [
        {
            "codigo": "CQwi38yPYl",
            "total": 4,
            "valor_unitario": 664407,
            "descuento": 0.11,
            "IVA": 0
        },
        {
            "codigo": "cMygpwlDUq",
            "total": 12,
            "valor_unitario": 496219,
            "descuento": 0.48,
            "IVA": 5
        },
        {
            "codigo": "AW8ncwgDyU",
            "total": 12,
            "valor_unitario": 279392,
            "descuento": 0.18,
            "IVA": 19
        },
        {
            "codigo": "ZJEhuitLvf",
            "total": 3,
            "valor_unitario": 848059,
            "descuento": 0.15,
            "IVA": 0
        },
        {
            "codigo": "7sfpflosRv",
            "total": 9,
            "valor_unitario": 998795,
            "descuento": 0.04,
            "IVA": 5
        },
        {
            "codigo": "mCRvOLFBo1",
            "total": 8,
            "valor_unitario": 485883,
            "descuento": 0.03,
            "IVA": 5
        },
        {
            "codigo": "ARk5pp9ADl",
            "total": 8,
            "valor_unitario": 120879,
            "descuento": 0.05,
            "IVA": 19
        },
        {
            "codigo": "E6q2QS7AJl",
            "total": 17,
            "valor_unitario": 901428,
            "descuento": 0.32,
            "IVA": 0
        },
        {
            "codigo": "TJvpnuyCZY",
            "total": 2,
            "valor_unitario": 1609,
            "descuento": 0.48,
            "IVA": 5
        },
        {
            "codigo": "hPczcEsHaI",
            "total": 9,
            "valor_unitario": 199847,
            "descuento": 0.02,
            "IVA": 5
        },
        {
            "codigo": "sxKPsa9IrI",
            "total": 9,
            "valor_unitario": 725945,
            "descuento": 0.2,
            "IVA": 5
        },
        {
            "codigo": "CoOj2bUAyl",
            "total": 5,
            "valor_unitario": 144432,
            "descuento": 0.05,
            "IVA": 0
        },
        {
            "codigo": "v9POJARobh",
            "total": 11,
            "valor_unitario": 388521,
            "descuento": 0.06,
            "IVA": 5
        },
        {
            "codigo": "aeX1R6SJkN",
            "total": 11,
            "valor_unitario": 693384,
            "descuento": 0.04,
            "IVA": 5
        },
        {
            "codigo": "9APYEplt1k",
            "total": 11,
            "valor_unitario": 255062,
            "descuento": 0.09,
            "IVA": 19
        },
        {
            "codigo": "kFoBy9UUXN",
            "total": 13,
            "valor_unitario": 376088,
            "descuento": 0.01,
            "IVA": 19
        }
    ]
}