{
    "empresa_nit": "456789123",
    "empresa_ciudad": "MEDELLIN",
    "empresa_sede": "centro",
    "empresa_nombre": "Despensa Natura",
    "fecha_hora": "2023-11-22 01:41:31",
    "factura_num": "00310",
    "ciente_numero": 993666205,
    "pago_tipo": "TRANFERENCIA",
    "productos": [
        {
            "codigo": "0DSmW9i9s6",
            "total": 13,
            "valor_unitario": 340208,
            "descuento": 0.32,
            "IVA": 0
        },
        {
            "codigo": "iyZXdepIb2",
            "total": 7,
            "valor_unitario": 486292,
            "descuento": 0.44,
            "IVA": 0
        },
        {
            "codigo": "0583oNgZGN",
            "total": 4,
            "valor_unitario": 93798,
            "descuento": 0.28,
            "IVA": 0
        },
        {
            "codigo": "fyUH72gOKF",
            "total": 17,
            "valor_unitario": 764156,
            "descuento": 0.35,
            "IVA": 0
        },
        {
            "codigo": "UYKRo2rhfX",
            "total": 19,
            "valor_unitario": 115930,
            "descuento": 0.36,
            "IVA": 5
        },
        {
            "codigo": "g0dHMuO2cR",
            "total": 11,
            "valor_unitario": 114212,
            "descuento": 0.16,
            "IVA": 5
        },
        {
            "codigo": "IsHfCmWfDQ",
            "total": 19,
            "valor_unitario": 702536,
            "descuento": 0.3,
            "IVA": 0
        },
        {
            "codigo": "VN7G4Mi4cH",
            "total": 13,
            "valor_unitario": 715263,
            "descuento": 0.09,
            "IVA": 19
        },
        {
            "codigo": "RtNwAOBlyS",
            "total": 15,
            "valor_unitario": 29975,
            "descuento": 0.17,
            "IVA": 0
        }
    ]
}