{
    "empresa_nit": "456789123",
    "empresa_ciudad": "MEDELLIN",
    "empresa_sede": "centro",
    "empresa_nombre": "Despensa Natura",
    "fecha_hora": "2023-01-25 02:22:19",
    "factura_num": "01113",
    "ciente_numero": 377823699,
    "pago_tipo": "TAR.CREDITO",
    "productos": [
        {
            "codigo": "F1dbNERozA",
            "total": 13,
            "valor_unitario": 669800,
            "descuento": 0.4,
            "IVA": 5
        },
        {
            "codigo": "doU0CaGO1s",
            "total": 3,
            "valor_unitario": 971080,
            "descuento": 0.06,
            "IVA": 5
        },
        {
            "codigo": "QssUXXVCM2",
            "total": 4,
            "valor_unitario": 793287,
            "descuento": 0.02,
            "IVA": 5
        },
        {
            "codigo": "Ct5IKqwPOq",
            "total": 9,
            "valor_unitario": 164461,
            "descuento": 0.01,
            "IVA": 19
        },
        {
            "codigo": "U5QZd8GLZe",
            "total": 5,
            "valor_unitario": 96551,
            "descuento": 0.41,
            "IVA": 5
        },
        {
            "codigo": "YGipISSEPw",
            "total": 15,
            "valor_unitario": 364167,
            "descuento": 0.37,
            "IVA": 19
        },
        {
            "codigo": "C1lJsTcCFE",
            "total": 17,
            "valor_unitario": 45875,
            "descuento": 0.26,
            "IVA": 5
        },
        {
            "codigo": "xhP9u6SdbX",
            "total": 3,
            "valor_unitario": 508836,
            "descuento": 0.06,
            "IVA": 0
        },
        {
            "codigo": "5SseX3uBUJ",
            "total": 9,
            "valor_unitario": 543292,
            "descuento": 0.4,
            "IVA": 0
        }
    ]
}