{
    "empresa_nit": "456789123",
    "empresa_ciudad": "BARRANQUILLA",
    "empresa_sede": "terminal",
    "empresa_nombre": "Despensa Natura",
    "fecha_hora": "2021-08-14 07:46:59",
    "factura_num": "00349",
    "ciente_numero": 849189592,
    "pago_tipo": "TAR.CREDITO",
    "productos": [
        {
            "codigo": "rjuKzNZuMr",
            "total": 1,
            "valor_unitario": 250010,
            "descuento": 0.07,
            "IVA": 19
        },
        {
            "codigo": "8FfQjrRUCE",
            "total": 14,
            "valor_unitario": 797489,
            "descuento": 0.32,
            "IVA": 19
        },
        {
            "codigo": "qZYxsXydID",
            "total": 19,
            "valor_unitario": 701574,
            "descuento": 0.2,
            "IVA": 0
        },
        {
            "codigo": "eDKgjNdefO",
            "total": 14,
            "valor_unitario": 637169,
            "descuento": 0.01,
            "IVA": 5
        },
        {
            "codigo": "L51L0ds9xm",
            "total": 16,
            "valor_unitario": 245146,
            "descuento": 0.13,
            "IVA": 5
        },
        {
            "codigo": "qbbXELTNn5",
            "total": 5,
            "valor_unitario": 914729,
            "descuento": 0.15,
            "IVA": 0
        },
        {
            "codigo": "VgMk5G9l6Q",
            "total": 12,
            "valor_unitario": 320748,
            "descuento": 0.02,
            "IVA": 5
        },
        {
            "codigo": "lZnpudCars",
            "total": 17,
            "valor_unitario": 713846,
            "descuento": 0.41,
            "IVA": 0
        },
        {
            "codigo": "brcWRACQKK",
            "total": 13,
            "valor_unitario": 142322,
            "descuento": 0.21,
            "IVA": 0
        },
        {
            "codigo": "topmmpCS1I",
            "total": 16,
            "valor_unitario": 731590,
            "descuento": 0.05,
            "IVA": 19
        },
        {
            "codigo": "z7v3jLPwzC",
            "total": 20,
            "valor_unitario": 84990,
            "descuento": 0.32,
            "IVA": 0
        },
        {
            "codigo": "5l9MfnPVzK",
            "total": 3,
            "valor_unitario": 118354,
            "descuento": 0.23,
            "IVA": 19
        },
        {
            "codigo": "cG7i5RlkgY",
            "total": 5,
            "valor_unitario": 824161,
            "descuento": 0.3,
            "IVA": 5
        },
        {
            "codigo": "CfkPwb11wP",
            "total": 1,
            "valor_unitario": 125579,
            "descuento": 0.2,
            "IVA": 0
        },
        {
            "codigo": "TjPDGE4j9G",
            "total": 8,
            "valor_unitario": 394817,
            "descuento": 0.45,
            "IVA": 5
        }
    ]
}