{
    "empresa_nit": "456789123",
    "empresa_ciudad": "BARRANQUILLA",
    "empresa_sede": "alcaldia",
    "empresa_nombre": "Despensa Natura",
    "fecha_hora": "2025-03-04 20:15:52",
    "factura_num": "00024",
    "ciente_numero": 940753379,
    "pago_tipo": "TRANFERENCIA",
    "productos": [
        {
            "codigo": "qX7W4sFKob",
            "total": 13,
            "valor_unitario": 813302,
            "descuento": 0.13,
            "IVA": 5
        },
        {
            "codigo": "L3lXsGU1pF",
            "total": 20,
            "valor_unitario": 513769,
            "descuento": 0.17,
            "IVA": 0
        },
        {
            "codigo": "qDvQZN4tmd",
            "total": 8,
            "valor_unitario": 204295,
            "descuento": 0.21,
            "IVA": 0
        },
        {
            "codigo": "DIBfa45FEC",
            "total": 6,
            "valor_unitario": 454737,
            "descuento": 0.17,
            "IVA": 0
        },
        {
            "codigo": "Jza1m5Ri5S",
            "total": 7,
            "valor_unitario": 985650,
            "descuento": 0.31,
            "IVA": 5
        },
        {
            "codigo": "c1St7Pc0at",
            "total": 11,
            "valor_unitario": 993234,
            "descuento": 0.49,
            "IVA": 0
        },
        {
            "codigo": "dlARBL33jp",
            "total": 7,
            "valor_unitario": 214243,
            "descuento": 0.39,
            "IVA": 0
        },
        {
            "codigo": "AxTjhNhwjx",
            "total": 9,
            "valor_unitario": 317003,
            "descuento": 0.39,
            "IVA": 5
        }
    ]
}