{
    "empresa_nit": "456789123",
    "empresa_ciudad": "MEDELLIN",
    "empresa_sede": "terminal",
    "empresa_nombre": "Despensa Natura",
    "fecha_hora": "2021-01-02 09:03:42",
    "factura_num": "01058",
    "ciente_numero": 421862440,
    "pago_tipo": "EFECTIVO",
    "productos": [
        {
            "codigo": "JbsIylzmNG",
            "total": 6,
            "valor_unitario": 853220,
            "descuento": 0.43,
            "IVA": 0
        },
        {
            "codigo": "IpY0jui7Il",
            "total": 9,
            "valor_unitario": 698837,
            "descuento": 0.17,
            "IVA": 5
        },
        {
            "codigo": "DSz0Lc2UWH",
            "total": 16,
            "valor_unitario": 150431,
            "descuento": 0.17,
            "IVA": 19
        },
        {
            "codigo": "4CMoi5dVxM",
            "total": 15,
            "valor_unitario": 832388,
            "descuento": 0.47,
            "IVA": 5
        },
        {
            "codigo": "4Cc9smQKjw",
            "total": 7,
            "valor_unitario": 735422,
            "descuento": 0.28,
            "IVA": 0
        },
        {
            "codigo": "Nmjcgz5Y7E",
            "total": 9,
            "valor_unitario": 109050,
            "descuento": 0.3,
            "IVA": 19
        },
        {
            "codigo": "D3SFzxEqtY",
            "total": 1,
            "valor_unitario": 168685,
            "descuento": 0.26,
            "IVA": 0
        },
        {
            "codigo": "wT6JanP9df",
            "total": 1,
            "valor_unitario": 903590,
            "descuento": 0.39,
            "IVA": 19
        },
        {
            "codigo": "FILBHqOGqs",
            "total": 3,
            "valor_unitario": 465273,
            "descuento": 0.41,
            "IVA": 5
        },
        {
            "codigo": "LTM7ksMkM1",
            "total": 12,
            "valor_unitario": 587288,
            "descuento": 0.5,
            "IVA": 0
        },
        {
            "codigo": "e6IF2IeiVy",
            "total": 10,
            "valor_unitario": 918135,
            "descuento": 0.33,
            "IVA": 5
        },
        {
            "codigo": "UrkFLche0X",
            "total": 15,
            "valor_unitario": 234774,
            "descuento": 0.32,
            "IVA": 0
        },
        {
            "codigo": "dK7xbXtIau",
            "total": 18,
            "valor_unitario": 302759,
            "descuento": 0.46,
            "IVA": 5
        },
        {
            "codigo": "pm2EeiezGk",
            "total": 19,
            "valor_unitario": 123427,
            "descuento": 0.32,
            "IVA": 5
        },
        {
            "codigo": "8GyJT3uH4x",
            "total": 12,
            "valor_unitario": 409114,
            "descuento": 0.24,
            "IVA": 5
        },
        {
            "codigo": "R3AzIZKu8T",
            "total": 13,
            "valor_unitario": 95725,
            "descuento": 0.3,
            "IVA": 19
        },
        {
            "codigo": "6ijx5LpoEa",
            "total": 3,
            "valor_unitario": 934345,
            "descuento": 0.41,
            "IVA": 5
        },
        {
            "codigo": "LmSuAiTtBh",
            "total": 7,
            "valor_unitario": 448551,
            "descuento": 0.48,
            "IVA": 0
        },
        {
            "codigo": "plw52GSHr4",
            "total": 16,
            "valor_unitario": 568783,
            "descuento": 0.06,
            "IVA": 19
        },
        {
            "codigo": "fH7bFJI2fu",
            "total": 1,
            "valor_unitario": 235616,
            "descuento": 0.0,
            "IVA": 5
        }
    ]
}