{
    "empresa_nit": "456789123",
    "empresa_ciudad": "CALI",
    "empresa_sede": "aeropuerto",
    "empresa_nombre": "Despensa Natura",
    "fecha_hora": "2020-03-07 13:57:32",
    "factura_num": "00350",
    "ciente_numero": 957916010,
    "pago_tipo": "TRANFERENCIA",
    "productos": [
        {
            "codigo": "0LWIuTVGzl",
            "total": 3,
            "valor_unitario": 53305,
            "descuento": 0.33,
            "IVA": 0
        },
        {
            "codigo": "ntWOc2mEgt",
            "total": 15,
            "valor_unitario": 951026,
            "descuento": 0.49,
            "IVA": 5
        },
        {
            "codigo": "EJcQWyQBWr",
            "total": 1,
            "valor_unitario": 654088,
            "descuento": 0.13,
            "IVA": 5
        },
        {
            "codigo": "2wVZ84kdFj",
            "total": 17,
            "valor_unitario": 570594,
            "descuento": 0.13,
            "IVA": 19
        },
        {
            "codigo": "UPlUmvHSML",
            "total": 17,
            "valor_unitario": 515032,
            "descuento": 0.24,
            "IVA": 5
        },
        {
            "codigo": "4dyuuHZCAI",
            "total": 5,
            "valor_unitario": 395224,
            "descuento": 0.23,
            "IVA": 5
        },
        {
            "codigo": "v0lkgsBYCN",
            "total": 17,
            "valor_unitario": 888150,
            "descuento": 0.02,
            "IVA": 19
        }
    ]
}