{
    "empresa_nit": "456789123",
    "empresa_ciudad": "MEDELLIN",
    "empresa_sede": "autopista",
    "empresa_nombre": "Despensa Natura",
    "fecha_hora": "2021-12-03 22:15:24",
    "factura_num": "00034",
    "ciente_numero": 440946930,
    "pago_tipo": "TAR.CREDITO",
    "productos": [
        {
            "codigo": "wlRvVZYAfD",
            "total": 15,
            "valor_unitario": 527978,
            "descuento": 0.27,
            "IVA": 0
        },
        {
            "codigo": "tJHOukjSfn",
            "total": 17,
            "valor_unitario": 905794,
            "descuento": 0.4,
            "IVA": 19
        },
        {
            "codigo": "7t5hdfKlvW",
            "total": 1,
            "valor_unitario": 816586,
            "descuento": 0.03,
            "IVA": 19
        },
        {
            "codigo": "JAGAr9rQcN",
            "total": 10,
            "valor_unitario": 166963,
            "descuento": 0.44,
            "IVA": 0
        },
        {
            "codigo": "4Vvs9zBtYX",
            "total": 8,
            "valor_unitario": 391756,
            "descuento": 0.27,
            "IVA": 19
        },
        {
            "codigo": "rCqBVMCXey",
            "total": 5,
            "valor_unitario": 561279,
            "descuento": 0.08,
            "IVA": 0
        },
        {
            "codigo": "0nA5OwHNDL",
            "total": 8,
            "valor_unitario": 172599,
            "descuento": 0.26,
            "IVA": 0
        },
        {
            "codigo": "hnIPaaWDgP",
            "total": 5,
            "valor_unitario": 575922,
            "descuento": 0.34,
            "IVA": 0
        },
        {
            "codigo": "fuLdmkVKZt",
            "total": 14,
            "valor_unitario": 937876,
            "descuento": 0.35,
            "IVA": 0
        },
        {
            "codigo": "a4IQz7cmin",
            "total": 5,
            "valor_unitario": 261797,
            "descuento": 0.27,
            "IVA": 19
        },
        {
            "codigo": "gd9Y5kHFT9",
            "total": 11,
            "valor_unitario": 748743,
            "descuento": 0.17,
            "IVA": 0
        },
        {
            "codigo": "QLxWZ2IeoR",
            "total": 18,
            "valor_unitario": 401295,
            "descuento": 0.04,
            "IVA": 5
        }
    ]
}