{
    "empresa_nit": "456789123",
    "empresa_ciudad": "MEDELLIN",
    "empresa_sede": "terminal",
    "empresa_nombre": "Despensa Natura",
    "fecha_hora": "2020-04-01 23:46:59",
    "factura_num": "00141",
    "ciente_numero": 879257249,
    "pago_tipo": "EFECTIVO",
    "productos": [
        {
            "codigo": "jVGE2dDfLU",
            "total": 15,
            "valor_unitario": 64860,
            "descuento": 0.04,
            "IVA": 0
        },
        {
            "codigo": "qzJMhbdANZ",
            "total": 17,
            "valor_unitario": 334519,
            "descuento": 0.08,
            "IVA": 19
        },
        {
            "codigo": "3VXSfmIeNl",
            "total": 8,
            "valor_unitario": 312424,
            "descuento": 0.24,
            "IVA": 5
        },
        {
            "codigo": "f7HnI5LaCw",
            "total": 3,
            "valor_unitario": 149296,
            "descuento": 0.44,
            "IVA": 5
        },
        {
            "codigo": "sWGaqidrH8",
            "total": 9,
            "valor_unitario": 799840,
            "descuento": 0.29,
            "IVA": 5
        },
        {
            "codigo": "extpOfe46h",
            "total": 1,
            "valor_unitario": 928847,
            "descuento": 0.12,
            "IVA": 19
        },
        {
            "codigo": "lBXeJ92gDN",
            "total": 17,
            "valor_unitario": 775371,
            "descuento": 0.13,
            "IVA": 5
        },
        {
            "codigo": "VJwNOcPZVn",
            "total": 16,
            "valor_unitario": 409324,
            "descuento": 0.36,
            "IVA": 0
        },
        {
            "codigo": "Jj21h2GnjA",
            "total": 6,
            "valor_unitario": 837765,
            "descuento": 0.35,
            "IVA": 19
        },
        {
            "codigo": "G4Yag6GuFO",
            "total": 14,
            "valor_unitario": 238890,
            "descuento": 0.09,
            "IVA": 19
        },
        {
            "codigo": "WAqi0GY94c",
            "total": 13,
            "valor_unitario": 872596,
            "descuento": 0.16,
            "IVA": 0
        },
        {
            "codigo": "B8JhBmmcZV",
            "total": 18,
            "valor_unitario": 997035,
            "descuento": 0.06,
            "IVA": 5
        },
        {
            "codigo": "bvcm5uqpKn",
            "total": 11,
            "valor_unitario": 767332,
            "descuento": 0.23,
            "IVA": 0
        },
        {
            "codigo": "CGvaVdcsLQ",
            "total": 7,
            "valor_unitario": 992915,
            "descuento": 0.13,
            "IVA": 19
        },
        {
            "codigo": "pqPpFmtr0p",
            "total": 9,
            "valor_unitario": 18777,
            "descuento": 0.43,
            "IVA": 5
        },
        {
            "codigo": "E4q7soPwru",
            "total": 4,
            "valor_unitario": 303107,
            "descuento": 0.26,
            "IVA": 5
        },
        {
            "codigo": "EXOk9bjXpJ",
            "total": 11,
            "valor_unitario": 591994,
            "descuento": 0.09,
            "IVA": 0
        },
        {
            "codigo": "soMwbcBAhl",
            "total": 11,
            "valor_unitario": 782689,
            "descuento": 0.41,
            "IVA": 5
        },
        {
            "codigo": "ewI6zjhrQK",
            "total": 5,
            "valor_unitario": 516663,
            "descuento": 0.15,
            "IVA": 5
        }
    ]
}