{
    "empresa_nit": "456789123",
    "empresa_ciudad": "MEDELLIN",
    "empresa_sede": "centro",
    "empresa_nombre": "Despensa Natura",
    "fecha_hora": "2021-11-02 17:01:53",
    "factura_num": "01084",
    "ciente_numero": 801791241,
    "pago_tipo": "EFECTIVO",
    "productos": [
        {
            "codigo": "v1QtmSxWKo",
            "total": 9,
            "valor_unitario": 40349,
            "descuento": 0.11,
            "IVA": 0
        },
        {
            "codigo": "ksN6pYYbbs",
            "total": 20,
            "valor_unitario": 241603,
            "descuento": 0.1,
            "IVA": 5
        },
        {
            "codigo": "uwjfeHgpiP",
            "total": 3,
            "valor_unitario": 861351,
            "descuento": 0.01,
            "IVA": 5
        },
        {
            "codigo": "qeR6wT6dz7",
            "total": 17,
            "valor_unitario": 882090,
            "descuento": 0.22,
            "IVA": 5
        }
    ]
}