{
    "empresa_nit": "456789123",
    "empresa_ciudad": "TUNJA",
    "empresa_sede": "centro",
    "empresa_nombre": "Despensa Natura",
    "fecha_hora": "2024-04-25 12:51:50",
    "factura_num": "00103",
    "ciente_numero": 849461369,
    "pago_tipo": "TAR.CREDITO",
    "productos": [
        {
            "codigo": "tJWeHjoDWW",
            "total": 9,
            "valor_unitario": 756500,
            "descuento": 0.13,
            "IVA": 0
        },
        {
            "codigo": "qH77Hl8iWd",
            "total": 18,
            "valor_unitario": 479488,
            "descuento": 0.46,
            "IVA": 5
        },
        {
            "codigo": "llIaMFl9fA",
            "total": 2,
            "valor_unitario": 42435,
            "descuento": 0.21,
            "IVA": 19
        },
        {
            "codigo": "qMBLX8Zc4B",
            "total": 16,
            "valor_unitario": 722907,
            "descuento": 0.25,
            "IVA": 0
        },
        {
            "codigo": "5RtyO7dT0h",
            "total": 14,
            "valor_unitario": 871250,
            "descuento": 0.1,
            "IVA": 19
        },
        {
            "codigo": "aDvG63davH",
            "total": 2,
            "valor_unitario": 469170,
            "descuento": 0.22,
            "IVA": 5
        },
        {
            "codigo": "BQjQT4pA72",
            "total": 20,
            "valor_unitario": 584313,
            "descuento": 0.4,
            "IVA": 5
        },
        {
            "codigo": "c8K3iScmim",
            "total": 20,
            "valor_unitario": 689499,
            "descuento": 0.23,
            "IVA": 19
        },
        {
            "codigo": "TchTLhGQGQ",
            "total": 9,
            "valor_unitario": 574867,
            "descuento": 0.27,
            "IVA": 5
        },
        {
            "codigo": "5ZgnYwaAcF",
            "total": 16,
            "valor_unitario": 34677,
            "descuento": 0.45,
            "IVA": 5
        },
        {
            "codigo": "M9sNm4oiBA",
            "total": 20,
            "valor_unitario": 713542,
            "descuento": 0.45,
            "IVA": 5
        }
    ]
}