{
    "empresa_nit": "456789123",
    "empresa_ciudad": "TUNJA",
    "empresa_sede": "alcaldia",
    "empresa_nombre": "Despensa Natura",
    "fecha_hora": "2021-03-06 07:26:52",
    "factura_num": "00180",
    "ciente_numero": 907390392,
    "pago_tipo": "TAR.CREDITO",
    "productos": [
        {
            "codigo": "hm260RFt44",
            "total": 9,
            "valor_unitario": 661994,
            "descuento": 0.12,
            "IVA": 5
        },
        {
            "codigo": "oBOePKpdYB",
            "total": 19,
            "valor_unitario": 696560,
            "descuento": 0.32,
            "IVA": 5
        }
    ]
}