{
    "empresa_nit": "456789123",
    "empresa_ciudad": "TUNJA",
    "empresa_sede": "terminal",
    "empresa_nombre": "Despensa Natura",
    "fecha_hora": "2023-03-30 11:11:19",
    "factura_num": "00149",
    "ciente_numero": 612535774,
    "pago_tipo": "TAR.DEBITO",
    "productos": [
        {
            "codigo": "FFcUt39MAO",
            "total": 13,
            "valor_unitario": 178794,
            "descuento": 0.35,
            "IVA": 0
        },
        {
            "codigo": "A57rG2Up76",
            "total": 17,
            "valor_unitario": 187808,
            "descuento": 0.49,
            "IVA": 19
        },
        {
            "codigo": "sCM7ZxsO3q",
            "total": 10,
            "valor_unitario": 271392,
            "descuento": 0.15,
            "IVA": 19
        },
        {
            "codigo": "MdSlGpXRY5",
            "total": 4,
            "valor_unitario": 928068,
            "descuento": 0.47,
            "IVA": 5
        },
        {
            "codigo": "VxQoJWoBSl",
            "total": 4,
            "valor_unitario": 480594,
            "descuento": 0.19,
            "IVA": 19
        },
        {
            "codigo": "L1lo15IzW8",
            "total": 17,
            "valor_unitario": 231385,
            "descuento": 0.3,
            "IVA": 19
        },
        {
            "codigo": "Sc9FvTYfDD",
            "total": 2,
            "valor_unitario": 945722,
            "descuento": 0.05,
            "IVA": 19
        },
        {
            "codigo": "1HQ5nU8se3",
            "total": 8,
            "valor_unitario": 317379,
            "descuento": 0.06,
            "IVA": 0
        },
        {
            "codigo": "JNlyKOiUOr",
            "total": 9,
            "valor_unitario": 498064,
            "descuento": 0.16,
            "IVA": 0
        },
        {
            "codigo": "AWV1JNt4Xo",
            "total": 5,
            "valor_unitario": 858228,
            "descuento": 0.17,
            "IVA": 5
        },
        {
            "codigo": "jeLa9RnDzk",
            "total": 20,
            "valor_unitario": 702846,
            "descuento": 0.41,
            "IVA": 19
        },
        {
            "codigo": "ihSkJtKao4",
            "total": 20,
            "valor_unitario": 709172,
            "descuento": 0.04,
            "IVA": 0
        },
        {
            "codigo": "YgW9L8EMAT",
            "total": 13,
            "valor_unitario": 775295,
            "descuento": 0.05,
            "IVA": 19
        },
        {
            "codigo": "hBbPbGQQPi",
            "total": 10,
            "valor_unitario": 763363,
            "descuento": 0.27,
            "IVA": 0
        }
    ]
}