{
    "empresa_nit": "456789123",
    "empresa_ciudad": "MEDELLIN",
    "empresa_sede": "autopista",
    "empresa_nombre": "Despensa Natura",
    "fecha_hora": "2020-11-07 15:07:46",
    "factura_num": "00011",
    "ciente_numero": 473286543,
    "pago_tipo": "EFECTIVO",
    "productos": [
        {
            "codigo": "s2z5zZfNDb",
            "total": 2,
            "valor_unitario": 532069,
            "descuento": 0.3,
            "IVA": 19
        },
        {
            "codigo": "ZulDYMlUeV",
            "total": 17,
            "valor_unitario": 434473,
            "descuento": 0.31,
            "IVA": 19
        },
        {
            "codigo": "Z0ybs1ZgZd",
            "total": 4,
            "valor_unitario": 53298,
            "descuento": 0.16,
            "IVA": 5
        },
        {
            "codigo": "WFVoaGUf1x",
            "total": 3,
            "valor_unitario": 216165,
            "descuento": 0.23,
            "IVA": 19
        },
        {
            "codigo": "DM2WqIWBOt",
            "total": 9,
            "valor_unitario": 721118,
            "descuento": 0.25,
            "IVA": 0
        },
        {
            "codigo": "BTKWgHGzJn",
            "total": 16,
            "valor_unitario": 942169,
            "descuento": 0.02,
            "IVA": 0
        },
        {
            "codigo": "htTduiGSgv",
            "total": 11,
            "valor_unitario": 329119,
            "descuento": 0.11,
            "IVA": 0
        },
        {
            "codigo": "dC3a1odFk0",
            "total": 4,
            "valor_unitario": 176336,
            "descuento": 0.47,
            "IVA": 5
        },
        {
            "codigo": "JFiyLnzBmt",
            "total": 12,
            "valor_unitario": 900882,
            "descuento": 0.04,
            "IVA": 19
        },
        {
            "codigo": "Pa2cdAhlXf",
            "total": 5,
            "valor_unitario": 253378,
            "descuento": 0.13,
            "IVA": 5
        },
        {
            "codigo": "m1uwAiCOEB",
            "total": 15,
            "valor_unitario": 11970,
            "descuento": 0.24,
            "IVA": 5
        },
        {
            "codigo": "zaqnfDujV3",
            "total": 17,
            "valor_unitario": 780795,
            "descuento": 0.18,
            "IVA": 5
        },
        {
            "codigo": "NqGnIHOcbl",
            "total": 4,
            "valor_unitario": 296559,
            "descuento": 0.2,
            "IVA": 5
        },
        {
            "codigo": "quM0nN3Lcb",
            "total": 19,
            "valor_unitario": 520396,
            "descuento": 0.05,
            "IVA": 0
        },
        {
            "codigo": "gexH97ErOO",
            "total": 11,
            "valor_unitario": 779706,
            "descuento": 0.2,
            "IVA": 19
        },
        {
            "codigo": "AbBuVReOa5",
            "total": 20,
            "valor_unitario": 763353,
            "descuento": 0.46,
            "IVA": 0
        },
        {
            "codigo": "kyMj9Kfzpf",
            "total": 6,
            "valor_unitario": 180122,
            "descuento": 0.4,
            "IVA": 0
        }
    ]
}