{
    "empresa_nit": "456789123",
    "empresa_ciudad": "BOGOTA",
    "empresa_sede": "aeropuerto",
    "empresa_nombre": "Despensa Natura",
    "fecha_hora": "2024-05-22 11:39:39",
    "factura_num": "00231",
    "ciente_numero": 129452943,
    "pago_tipo": "EFECTIVO",
    "productos": [
        {
            "codigo": "lLebWYlZ2m",
            "total": 18,
            "valor_unitario": 48076,
            "descuento": 0.16,
            "IVA": 19
        },
        {
            "codigo": "q7GLdZaH6q",
            "total": 14,
            "valor_unitario": 642522,
            "descuento": 0.49,
            "IVA": 19
        },
        {
            "codigo": "nIr5R0b69Y",
            "total": 7,
            "valor_unitario": 899296,
            "descuento": 0.21,
            "IVA": 0
        },
        {
            "codigo": "X1OREv3eYQ",
            "total": 8,
            "valor_unitario": 768273,
            "descuento": 0.22,
            "IVA": 0
        },
        {
            "codigo": "jAzQ6HTu29",
            "total": 11,
            "valor_unitario": 319794,
            "descuento": 0.04,
            "IVA": 0
        },
        {
            "codigo": "xcgZv1NL06",
            "total": 1,
            "valor_unitario": 506014,
            "descuento": 0.01,
            "IVA": 0
        },
        {
            "codigo": "QNDS3Gu33j",
            "total": 14,
            "valor_unitario": 305363,
            "descuento": 0.23,
            "IVA": 0
        },
        {
            "codigo": "B9MMtLUYhG",
            "total": 15,
            "valor_unitario": 140780,
            "descuento": 0.1,
            "IVA": 0
        },
        {
            "codigo": "xFAprQGJvV",
            "total": 19,
            "valor_unitario": 566816,
            "descuento": 0.15,
            "IVA": 19
        },
        {
            "codigo": "4QajYuH3UL",
            "total": 18,
            "valor_unitario": 154512,
            "descuento": 0.49,
            "IVA": 0
        },
        {
            "codigo": "F82klPwsQP",
            "total": 3,
            "valor_unitario": 210898,
            "descuento": 0.28,
            "IVA": 0
        },
        {
            "codigo": "jc07HjxYaF",
            "total": 1,
            "valor_unitario": 590212,
            "descuento": 0.2,
            "IVA": 5
        },
        {
            "codigo": "Pq27B9Yyvm",
            "total": 5,
            "valor_unitario": 469511,
            "descuento": 0.33,
            "IVA": 19
        }
    ]
}