{
    "empresa_nit": "456789123",
    "empresa_ciudad": "MEDELLIN",
    "empresa_sede": "centro",
    "empresa_nombre": "Despensa Natura",
    "fecha_hora": "2021-08-17 16:28:01",
    "factura_num": "00110",
    "ciente_numero": 491906882,
    "pago_tipo": "TAR.DEBITO",
    "productos": [
        {
            "codigo": "jKd9GWAw8n",
            "total": 17,
            "valor_unitario": 806314,
            "descuento": 0.36,
            "IVA": 0
        },
        {
            "codigo": "WInALtWnub",
            "total": 15,
            "valor_unitario": 752492,
            "descuento": 0.42,
            "IVA": 5
        },
        {
            "codigo": "mNugbwc6iU",
            "total": 16,
            "valor_unitario": 846095,
            "descuento": 0.16,
            "IVA": 0
        },
        {
            "codigo": "SlOEZnzvJe",
            "total": 9,
            "valor_unitario": 220685,
            "descuento": 0.46,
            "IVA": 0
        }
    ]
}