{
    "empresa_nit": "456789123",
    "empresa_ciudad": "BARRANQUILLA",
    "empresa_sede": "plaza",
    "empresa_nombre": "Despensa Natura",
    "fecha_hora": "2024-10-06 21:29:14",
    "factura_num": "00217",
    "ciente_numero": 733416970,
    "pago_tipo": "EFECTIVO",
    "productos": [
        {
            "codigo": "Jq4XISOBdl",
            "total": 12,
            "valor_unitario": 548382,
            "descuento": 0.32,
            "IVA": 0
        },
        {
            "codigo": "bk46sfQwUc",
            "total": 18,
            "valor_unitario": 691782,
            "descuento": 0.27,
            "IVA": 0
        },
        {
            "codigo": "wVBbL4CMjY",
            "total": 16,
            "valor_unitario": 756657,
            "descuento": 0.36,
            "IVA": 19
        },
        {
            "codigo": "nUxgmGfSqn",
            "total": 1,
            "valor_unitario": 798096,
            "descuento": 0.1,
            "IVA": 0
        },
        {
            "codigo": "aJGnxHFRua",
            "total": 12,
            "valor_unitario": 309549,
            "descuento": 0.4,
            "IVA": 5
        },
        {
            "codigo": "rJwFKCHoZW",
            "total": 17,
            "valor_unitario": 509111,
            "descuento": 0.21,
            "IVA": 5
        },
        {
            "codigo": "OIMzlnFFIe",
            "total": 20,
            "valor_unitario": 243940,
            "descuento": 0.48,
            "IVA": 5
        },
        {
            "codigo": "RRBmfFB5Yt",
            "total": 15,
            "valor_unitario": 456296,
            "descuento": 0.19,
            "IVA": 5
        },
        {
            "codigo": "MHKcWUValt",
            "total": 14,
            "valor_unitario": 295955,
            "descuento": 0.43,
            "IVA": 5
        },
        {
            "codigo": "yRQV3PhcLS",
            "total": 7,
            "valor_unitario": 711934,
            "descuento": 0.09,
            "IVA": 5
        },
        {
            "codigo": "QdHNMkCPj7",
            "total": 16,
            "valor_unitario": 168340,
            "descuento": 0.18,
            "IVA": 0
        },
        {
            "codigo": "c6hdPG72VD",
            "total": 8,
            "valor_unitario": 144110,
            "descuento": 0.02,
            "IVA": 0
        },
        {
            "codigo": "HVNS6mpBfk",
            "total": 14,
            "valor_unitario": 214619,
            "descuento": 0.42,
            "IVA": 19
        },
        {
            "codigo": "04YAsIxoMq",
            "total": 7,
            "valor_unitario": 140269,
            "descuento": 0.34,
            "IVA": 19
        },
        {
            "codigo": "WDO6V8dkea",
            "total": 1,
            "valor_unitario": 687613,
            "descuento": 0.13,
            "IVA": 0
        }
    ]
}