{
    "empresa_nit": "456789123",
    "empresa_ciudad": "TUNJA",
    "empresa_sede": "autopista",
    "empresa_nombre": "Despensa Natura",
    "fecha_hora": "2023-11-24 10:17:00",
    "factura_num": "01067",
    "ciente_numero": 490989284,
    "pago_tipo": "TRANFERENCIA",
    "productos": [
        {
            "codigo": "KqAc5y745k",
            "total": 8,
            "valor_unitario": 300703,
            "descuento": 0.24,
            "IVA": 19
        },
        {
            "codigo": "TEribJoyrU",
            "total": 11,
            "valor_unitario": 910229,
            "descuento": 0.14,
            "IVA": 5
        },
        {
            "codigo": "EBOFiZFQ4H",
            "total": 14,
            "valor_unitario": 888329,
            "descuento": 0.2,
            "IVA": 5
        },
        {
            "codigo": "wFcwyiuk9O",
            "total": 11,
            "valor_unitario": 644920,
            "descuento": 0.01,
            "IVA": 19
        },
        {
            "codigo": "QTvXKW36Lw",
            "total": 16,
            "valor_unitario": 173269,
            "descuento": 0.25,
            "IVA": 0
        },
        {
            "codigo": "BRRldQJzNj",
            "total": 12,
            "valor_unitario": 417637,
            "descuento": 0.23,
            "IVA": 5
        },
        {
            "codigo": "9zF9a71QpQ",
            "total": 9,
            "valor_unitario": 296696,
            "descuento": 0.17,
            "IVA": 19
        },
        {
            "codigo": "5GOLWxwuEG",
            "total": 4,
            "valor_unitario": 954664,
            "descuento": 0.13,
            "IVA": 5
        },
        {
            "codigo": "ys00k5cJad",
            "total": 4,
            "valor_unitario": 550413,
            "descuento": 0.17,
            "IVA": 19
        },
        {
            "codigo": "e3zb9DcO2T",
            "total": 3,
            "valor_unitario": 936355,
            "descuento": 0.03,
            "IVA": 5
        },
        {
            "codigo": "zQPB0oWlzf",
            "total": 1,
            "valor_unitario": 700746,
            "descuento": 0.44,
            "IVA": 19
        },
        {
            "codigo": "ZjU0bHwQrB",
            "total": 12,
            "valor_unitario": 314958,
            "descuento": 0.14,
            "IVA": 0
        },
        {
            "codigo": "pkTJCP8WcP",
            "total": 16,
            "valor_unitario": 992989,
            "descuento": 0.22,
            "IVA": 0
        },
        {
            "codigo": "cmJ8p7YDNy",
            "total": 16,
            "valor_unitario": 682502,
            "descuento": 0.16,
            "IVA": 0
        },
        {
            "codigo": "mvN04hgysi",
            "total": 16,
            "valor_unitario": 982643,
            "descuento": 0.46,
            "IVA": 19
        },
        {
            "codigo": "fgyw0HvNlQ",
            "total": 7,
            "valor_unitario": 290141,
            "descuento": 0.48,
            "IVA": 5
        },
        {
            "codigo": "TrVpTWZbCG",
            "total": 13,
            "valor_unitario": 452667,
            "descuento": 0.06,
            "IVA": 5
        },
        {
            "codigo": "9gzmlehf2l",
            "total": 19,
            "valor_unitario": 870283,
            "descuento": 0.07,
            "IVA": 5
        }
    ]
}